T_bandwidth_calibration,T_c_compute,T_compute_cloud,T_compute_device,T_compute_edge,T_compute_s,T_d2e,T_d_compute,T_device_edge_roundtrip,T_e2c,T_e_compute,T_edge_cloud_roundtrip,T_node_cloud,T_node_edge,T_queue_s,T_total,T_worker_elapsed_s,actual_start_at_utc,barrier_ready_at_utc,barrier_release_at_utc,cloud_exit_check,cloud_exit_head_compute,cloud_queue,cloud_segment_compute,confidence,d2e_transport,decision_id,decision_version,device_compute,difficulty,e2c_transport,edge_exit_check,edge_exit_head_compute,edge_queue,edge_segment_compute,executed_segments_by_node,exit_boundary_id,exit_id,exit_location,is_correct,label,objective_alpha,objective_beta,observed_accuracy,observed_latency,observed_utility,prediction,request_id,request_seq,request_trace,sample_id,sample_index,source_index,start_skew_s,test_sample_seed,total_latency,unattributed_overhead,user_id
0.0,0.018863833000068553,0.018863833000068553,5.0539005314931273e-05,9.509999972578953e-05,0.018863833000068553,0.16056913300735687,5.0539005314931273e-05,0.3257061330077704,0.1362315680080428,9.509999972578953e-05,0.15958399999999529,0.02335243199195247,0.005553000000418251,0.0025600920052966103,0.32578354299766943,0.018960190995130688,1784947565.121759,1784947564.3940096,1784947564.6440096,0.00042323597881477326,0.000998500981950201,0.0025600920052966103,0.016175420008949004,0.9999994039535522,0.16056913300735687,ablate-cloud-only-resnet50-cifar10-pi5-r2-20260725-104554:v1,1,5.0539005314931273e-05,unknown,0.1362315680080428,0.0,0.0,0.004703199999767094,0.0,"{'device': [], 'edge': [], 'cloud': [0, 1, 2, 3, 4, 5, 6, 7, 8, 9, 10, 11, 12, 13, 14, 15, 16, 17, 18]}",19,final,cloud,True,5,1.0,5.0,1.0,0.32578354299766943,-0.6289177149883471,5,871e60b6f1624400b2b914ca9e983c64,0,"{'device_compute': 5.0539005314931273e-05, 'd2e_transport': 0.16056913300735687, 'edge_queue': 0.004703199999767094, 'edge_segment_compute': 0.0, 'edge_exit_head_compute': 0.0, 'edge_exit_check': 0.0, 'e2c_transport': 0.1362315680080428, 'cloud_queue': 0.0025600920052966103, 'cloud_segment_compute': 0.016175420008949004, 'cloud_exit_head_compute': 0.000998500981950201, 'cloud_exit_check': 0.00042323597881477326, 'total_latency': 0.32578354299766943, 'unattributed_overhead': 0.004071854002177133, 'request_id': '871e60b6f1624400b2b914ca9e983c64', 'user_id': 0, 'prediction': 5, 'exit_id': 'final', 'exit_boundary_id': 19, 'exit_location': 'cloud', 'confidence': 0.9999994039535522, 'executed_segments_by_node': {'device': [], 'edge': [], 'cloud': [0, 1, 2, 3, 4, 5, 6, 7, 8, 9, 10, 11, 12, 13, 14, 15, 16, 17, 18]}, 'nodes': [{'node': 'device', 'executed_segments': [], 'queue_s': 0.0, 'segment_compute_s': 0.0, 'exit_head_compute_s': 0.0, 'exit_check_s': 0.0, 'worker_elapsed_s': 5.0539005314931273e-05}, {'node': 'edge', 'executed_segments': [], 'queue_s': 0.004703199999767094, 'segment_compute_s': 0.0, 'exit_head_compute_s': 0.0, 'exit_check_s': 0.0, 'worker_elapsed_s': 0.0001843999998527579}, {'node': 'cloud', 'executed_segments': [0, 1, 2, 3, 4, 5, 6, 7, 8, 9, 10, 11, 12, 13, 14, 15, 16, 17, 18], 'queue_s': 0.0025600920052966103, 'segment_compute_s': 0.016175420008949004, 'exit_head_compute_s': 0.000998500981950201, 'exit_check_s': 0.00042323597881477326, 'worker_elapsed_s': 0.018960190995130688}], 'sample_id': 'balanced_005_0115_00001337', 'label': 5, 'correct': True, 'observed_utility': -0.6289177149883471}",balanced_005_0115_00001337,0,1337,0.4777493476867676,743951635492312822,0.32578354299766943,0.004071854002177133,0
0.0,0.018725750007433817,0.018725750007433817,3.131499397568405e-05,9.4600000011269e-05,0.018725750007433817,0.3524775390092145,3.131499397568405e-05,0.6870618390094023,0.30954512898779285,9.4600000011269e-05,0.3320441999999275,0.022499071012134664,0.0025401000002602814,0.002174573004595004,0.6871149880171288,0.018805564002832398,1784947566.3668885,1784947565.6377456,1784947565.8877456,0.0004214770015096292,0.0009873859962681308,0.002174573004595004,0.016075983992777765,0.9999839067459106,0.3524775390092145,ablate-cloud-only-resnet50-cifar10-pi5-r2-20260725-104554:v1,1,3.131499397568405e-05,unknown,0.30954512898779285,0.0,0.0,0.00134520000028715,0.0,"{'device': [], 'edge': [], 'cloud': [0, 1, 2, 3, 4, 5, 6, 7, 8, 9, 10, 11, 12, 13, 14, 15, 16, 17, 18]}",19,final,cloud,True,5,1.0,5.0,1.0,0.6871149880171288,-2.435574940085644,5,d7c312a6133c432daaf5b379c85497b1,1,"{'device_compute': 3.131499397568405e-05, 'd2e_transport': 0.3524775390092145, 'edge_queue': 0.00134520000028715, 'edge_segment_compute': 0.0, 'edge_exit_head_compute': 0.0, 'edge_exit_check': 0.0, 'e2c_transport': 0.30954512898779285, 'cloud_queue': 0.002174573004595004, 'cloud_segment_compute': 0.016075983992777765, 'cloud_exit_head_compute': 0.0009873859962681308, 'cloud_exit_check': 0.0004214770015096292, 'total_latency': 0.6871149880171288, 'unattributed_overhead': 0.004056385030708043, 'request_id': 'd7c312a6133c432daaf5b379c85497b1', 'user_id': 0, 'prediction': 5, 'exit_id': 'final', 'exit_boundary_id': 19, 'exit_location': 'cloud', 'confidence': 0.9999839067459106, 'executed_segments_by_node': {'device': [], 'edge': [], 'cloud': [0, 1, 2, 3, 4, 5, 6, 7, 8, 9, 10, 11, 12, 13, 14, 15, 16, 17, 18]}, 'nodes': [{'node': 'device', 'executed_segments': [], 'queue_s': 0.0, 'segment_compute_s': 0.0, 'exit_head_compute_s': 0.0, 'exit_check_s': 0.0, 'worker_elapsed_s': 3.131499397568405e-05}, {'node': 'edge', 'executed_segments': [], 'queue_s': 0.00134520000028715, 'segment_compute_s': 0.0, 'exit_head_compute_s': 0.0, 'exit_check_s': 0.0, 'worker_elapsed_s': 0.00018120000004273606}, {'node': 'cloud', 'executed_segments': [0, 1, 2, 3, 4, 5, 6, 7, 8, 9, 10, 11, 12, 13, 14, 15, 16, 17, 18], 'queue_s': 0.002174573004595004, 'segment_compute_s': 0.016075983992777765, 'exit_head_compute_s': 0.0009873859962681308, 'exit_check_s': 0.0004214770015096292, 'worker_elapsed_s': 0.018805564002832398}], 'sample_id': 'balanced_005_0042_00000460', 'label': 5, 'correct': True, 'observed_utility': -2.435574940085644}",balanced_005_0042_00000460,1,460,0.4791429042816162,743951635492312822,0.6871149880171288,0.004056385030708043,0
0.0,0.01826009999786038,0.01826009999786038,4.294500104151666e-05,0.00012169999990874203,0.01826009999786038,0.24733510999976716,4.294500104151666e-05,0.4870834100001957,0.21134801699463424,0.00012169999990874203,0.2333066000001054,0.021958583005471155,0.006441700000323181,0.0021835980005562305,0.48715498598176055,0.01833046598767396,1784947567.082208,1784947566.352591,1784947566.602591,0.0003954909916501492,0.0009493719990132377,0.0021835980005562305,0.015675990012823604,0.9997476935386658,0.24733510999976716,ablate-cloud-only-resnet50-cifar10-pi5-r2-20260725-104554:v1,1,4.294500104151666e-05,unknown,0.21134801699463424,0.0,0.0,0.005004799999824172,0.0,"{'device': [], 'edge': [], 'cloud': [0, 1, 2, 3, 4, 5, 6, 7, 8, 9, 10, 11, 12, 13, 14, 15, 16, 17, 18]}",19,final,cloud,True,9,1.0,5.0,1.0,0.48715498598176055,-1.4357749299088027,9,db174d9adad84f3a9f8f39e8fd974377,2,"{'device_compute': 4.294500104151666e-05, 'd2e_transport': 0.24733510999976716, 'edge_queue': 0.005004799999824172, 'edge_segment_compute': 0.0, 'edge_exit_head_compute': 0.0, 'edge_exit_check': 0.0, 'e2c_transport': 0.21134801699463424, 'cloud_queue': 0.0021835980005562305, 'cloud_segment_compute': 0.015675990012823604, 'cloud_exit_head_compute': 0.0009493719990132377, 'cloud_exit_check': 0.0003954909916501492, 'total_latency': 0.48715498598176055, 'unattributed_overhead': 0.004219662982450245, 'request_id': 'db174d9adad84f3a9f8f39e8fd974377', 'user_id': 0, 'prediction': 9, 'exit_id': 'final', 'exit_boundary_id': 19, 'exit_location': 'cloud', 'confidence': 0.9997476935386658, 'executed_segments_by_node': {'device': [], 'edge': [], 'cloud': [0, 1, 2, 3, 4, 5, 6, 7, 8, 9, 10, 11, 12, 13, 14, 15, 16, 17, 18]}, 'nodes': [{'node': 'device', 'executed_segments': [], 'queue_s': 0.0, 'segment_compute_s': 0.0, 'exit_head_compute_s': 0.0, 'exit_check_s': 0.0, 'worker_elapsed_s': 4.294500104151666e-05}, {'node': 'edge', 'executed_segments': [], 'queue_s': 0.005004799999824172, 'segment_compute_s': 0.0, 'exit_head_compute_s': 0.0, 'exit_check_s': 0.0, 'worker_elapsed_s': 0.00023770000007061753}, {'node': 'cloud', 'executed_segments': [0, 1, 2, 3, 4, 5, 6, 7, 8, 9, 10, 11, 12, 13, 14, 15, 16, 17, 18], 'queue_s': 0.0021835980005562305, 'segment_compute_s': 0.015675990012823604, 'exit_head_compute_s': 0.0009493719990132377, 'exit_check_s': 0.0003954909916501492, 'worker_elapsed_s': 0.01833046598767396}], 'sample_id': 'balanced_009_0728_00007461', 'label': 9, 'correct': True, 'observed_utility': -1.4357749299088027}",balanced_009_0728_00007461,2,7461,0.4796168804168701,743951635492312822,0.48715498598176055,0.004219662982450245,0
0.0,0.018491499999072403,0.018491499999072403,4.60559967905283e-05,7.569999979750719e-05,0.018491499999072403,0.3032300710024174,4.60559967905283e-05,0.47968767100246623,0.15074745299489223,7.569999979750719e-05,0.17314570000007734,0.022398247005185112,0.0033118999999715015,0.002199459995608777,0.4797642100020312,0.01856655700248666,1784947567.5965712,1784947566.8678617,1784947567.1178617,0.0004215650260448456,0.000987331019132398,0.002199459995608777,0.015811834018677473,0.8866852521896362,0.3032300710024174,ablate-cloud-only-resnet50-cifar10-pi5-r2-20260725-104554:v1,1,4.60559967905283e-05,unknown,0.15074745299489223,0.0,0.0,0.002045800000360032,0.0,"{'device': [], 'edge': [], 'cloud': [0, 1, 2, 3, 4, 5, 6, 7, 8, 9, 10, 11, 12, 13, 14, 15, 16, 17, 18]}",19,final,cloud,True,3,1.0,5.0,1.0,0.4797642100020312,-1.3988210500101559,3,c0f7d612667e48c4b45d7b7e4b792d05,3,"{'device_compute': 4.60559967905283e-05, 'd2e_transport': 0.3032300710024174, 'edge_queue': 0.002045800000360032, 'edge_segment_compute': 0.0, 'edge_exit_head_compute': 0.0, 'edge_exit_check': 0.0, 'e2c_transport': 0.15074745299489223, 'cloud_queue': 0.002199459995608777, 'cloud_segment_compute': 0.015811834018677473, 'cloud_exit_head_compute': 0.000987331019132398, 'cloud_exit_check': 0.0004215650260448456, 'total_latency': 0.4797642100020312, 'unattributed_overhead': 0.004274639948107506, 'request_id': 'c0f7d612667e48c4b45d7b7e4b792d05', 'user_id': 0, 'prediction': 3, 'exit_id': 'final', 'exit_boundary_id': 19, 'exit_location': 'cloud', 'confidence': 0.8866852521896362, 'executed_segments_by_node': {'device': [], 'edge': [], 'cloud': [0, 1, 2, 3, 4, 5, 6, 7, 8, 9, 10, 11, 12, 13, 14, 15, 16, 17, 18]}, 'nodes': [{'node': 'device', 'executed_segments': [], 'queue_s': 0.0, 'segment_compute_s': 0.0, 'exit_head_compute_s': 0.0, 'exit_check_s': 0.0, 'worker_elapsed_s': 4.60559967905283e-05}, {'node': 'edge', 'executed_segments': [], 'queue_s': 0.002045800000360032, 'segment_compute_s': 0.0, 'exit_head_compute_s': 0.0, 'exit_check_s': 0.0, 'worker_elapsed_s': 0.00016189999996640836}, {'node': 'cloud', 'executed_segments': [0, 1, 2, 3, 4, 5, 6, 7, 8, 9, 10, 11, 12, 13, 14, 15, 16, 17, 18], 'queue_s': 0.002199459995608777, 'segment_compute_s': 0.015811834018677473, 'exit_head_compute_s': 0.000987331019132398, 'exit_check_s': 0.0004215650260448456, 'worker_elapsed_s': 0.01856655700248666}], 'sample_id': 'balanced_003_0589_00005856', 'label': 3, 'correct': True, 'observed_utility': -1.3988210500101559}",balanced_003_0589_00005856,3,5856,0.47870945930480957,743951635492312822,0.4797642100020312,0.004274639948107506,0
0.0,0.018464941007550806,0.018464941007550806,4.342698957771063e-05,7.80000000304426e-05,0.018464941007550806,0.3566543010088026,4.342698957771063e-05,0.5768968010088429,0.19551639600376802,7.80000000304426e-05,0.21771669999998267,0.022200303996214643,0.002525800000057643,0.0021960089943604544,0.5769693210022524,0.018543284997576848,1784947568.102268,1784947567.3745084,1784947567.6245084,0.0004199000104563311,0.0009789190080482513,0.0021960089943604544,0.01579825798398815,0.9999996423721313,0.3566543010088026,ablate-cloud-only-resnet50-cifar10-pi5-r2-20260725-104554:v1,1,4.342698957771063e-05,unknown,0.19551639600376802,0.0,0.0,0.0015183999998953368,0.0,"{'device': [], 'edge': [], 'cloud': [0, 1, 2, 3, 4, 5, 6, 7, 8, 9, 10, 11, 12, 13, 14, 15, 16, 17, 18]}",19,final,cloud,True,7,1.0,5.0,1.0,0.5769693210022524,-1.884846605011262,7,79c27fe41206451eb61a21c3265adf46,4,"{'device_compute': 4.342698957771063e-05, 'd2e_transport': 0.3566543010088026, 'edge_queue': 0.0015183999998953368, 'edge_segment_compute': 0.0, 'edge_exit_head_compute': 0.0, 'edge_exit_check': 0.0, 'e2c_transport': 0.19551639600376802, 'cloud_queue': 0.0021960089943604544, 'cloud_segment_compute': 0.01579825798398815, 'cloud_exit_head_compute': 0.0009789190080482513, 'cloud_exit_check': 0.0004199000104563311, 'total_latency': 0.5769693210022524, 'unattributed_overhead': 0.0038437110033555655, 'request_id': '79c27fe41206451eb61a21c3265adf46', 'user_id': 0, 'prediction': 7, 'exit_id': 'final', 'exit_boundary_id': 19, 'exit_location': 'cloud', 'confidence': 0.9999996423721313, 'executed_segments_by_node': {'device': [], 'edge': [], 'cloud': [0, 1, 2, 3, 4, 5, 6, 7, 8, 9, 10, 11, 12, 13, 14, 15, 16, 17, 18]}, 'nodes': [{'node': 'device', 'executed_segments': [], 'queue_s': 0.0, 'segment_compute_s': 0.0, 'exit_head_compute_s': 0.0, 'exit_check_s': 0.0, 'worker_elapsed_s': 4.342698957771063e-05}, {'node': 'edge', 'executed_segments': [], 'queue_s': 0.0015183999998953368, 'segment_compute_s': 0.0, 'exit_head_compute_s': 0.0, 'exit_check_s': 0.0, 'worker_elapsed_s': 0.00016100000038932194}, {'node': 'cloud', 'executed_segments': [0, 1, 2, 3, 4, 5, 6, 7, 8, 9, 10, 11, 12, 13, 14, 15, 16, 17, 18], 'queue_s': 0.0021960089943604544, 'segment_compute_s': 0.01579825798398815, 'exit_head_compute_s': 0.0009789190080482513, 'exit_check_s': 0.0004199000104563311, 'worker_elapsed_s': 0.018543284997576848}], 'sample_id': 'balanced_007_0510_00005114', 'label': 7, 'correct': True, 'observed_utility': -1.884846605011262}",balanced_007_0510_00005114,4,5114,0.47775959968566895,743951635492312822,0.5769693210022524,0.0038437110033555655,0
0.0,0.01817425100307446,0.01817425100307446,6.452001980505884e-05,0.0001208999997288629,0.01817425100307446,0.2357891820029181,6.452001980505884e-05,0.36822948200278915,0.10628855799950543,0.0001208999997288629,0.12814609999986715,0.021857542000361718,0.0042942000000039116,0.0021257430053083226,0.36832420600694604,0.018245429993839934,1784947568.7200437,1784947567.9854586,1784947568.2354586,0.0003941040195059031,0.0009643219964345917,0.0021257430053083226,0.015599589023622684,0.999924898147583,0.2357891820029181,ablate-cloud-only-resnet50-cifar10-pi5-r2-20260725-104554:v1,1,6.452001980505884e-05,unknown,0.10628855799950543,0.0,0.0,0.002755699999852368,0.0,"{'device': [], 'edge': [], 'cloud': [0, 1, 2, 3, 4, 5, 6, 7, 8, 9, 10, 11, 12, 13, 14, 15, 16, 17, 18]}",19,final,cloud,True,4,1.0,5.0,1.0,0.36832420600694604,-0.8416210300347302,4,822a18291220468ab6604750281dc535,5,"{'device_compute': 6.452001980505884e-05, 'd2e_transport': 0.2357891820029181, 'edge_queue': 0.002755699999852368, 'edge_segment_compute': 0.0, 'edge_exit_head_compute': 0.0, 'edge_exit_check': 0.0, 'e2c_transport': 0.10628855799950543, 'cloud_queue': 0.0021257430053083226, 'cloud_segment_compute': 0.015599589023622684, 'cloud_exit_head_compute': 0.0009643219964345917, 'cloud_exit_check': 0.0003941040195059031, 'total_latency': 0.36832420600694604, 'unattributed_overhead': 0.004342487939993589, 'request_id': '822a18291220468ab6604750281dc535', 'user_id': 0, 'prediction': 4, 'exit_id': 'final', 'exit_boundary_id': 19, 'exit_location': 'cloud', 'confidence': 0.999924898147583, 'executed_segments_by_node': {'device': [], 'edge': [], 'cloud': [0, 1, 2, 3, 4, 5, 6, 7, 8, 9, 10, 11, 12, 13, 14, 15, 16, 17, 18]}, 'nodes': [{'node': 'device', 'executed_segments': [], 'queue_s': 0.0, 'segment_compute_s': 0.0, 'exit_head_compute_s': 0.0, 'exit_check_s': 0.0, 'worker_elapsed_s': 6.452001980505884e-05}, {'node': 'edge', 'executed_segments': [], 'queue_s': 0.002755699999852368, 'segment_compute_s': 0.0, 'exit_head_compute_s': 0.0, 'exit_check_s': 0.0, 'worker_elapsed_s': 0.00023710000004939502}, {'node': 'cloud', 'executed_segments': [0, 1, 2, 3, 4, 5, 6, 7, 8, 9, 10, 11, 12, 13, 14, 15, 16, 17, 18], 'queue_s': 0.0021257430053083226, 'segment_compute_s': 0.015599589023622684, 'exit_head_compute_s': 0.0009643219964345917, 'exit_check_s': 0.0003941040195059031, 'worker_elapsed_s': 0.018245429993839934}], 'sample_id': 'balanced_004_0686_00006622', 'label': 4, 'correct': True, 'observed_utility': -0.8416210300347302}",balanced_004_0686_00006622,5,6622,0.4845850467681885,743951635492312822,0.36832420600694604,0.004342487939993589,0
0.0,0.018453230994055048,0.018453230994055048,4.1835010051727295e-05,9.440000030735973e-05,0.018453230994055048,0.1355981580095431,4.1835010051727295e-05,0.28067745800944977,0.12023379200036288,9.440000030735973e-05,0.14234639999995125,0.022112607999588363,0.002732899999955407,0.002186526995501481,0.28074686700711027,0.01852892000169959,1784947569.115092,1784947568.3869808,1784947568.6369808,0.0004205859877401963,0.000980462005827576,0.002186526995501481,0.01581374800298363,0.9999955892562866,0.1355981580095431,ablate-cloud-only-resnet50-cifar10-pi5-r2-20260725-104554:v1,1,4.1835010051727295e-05,unknown,0.12023379200036288,0.0,0.0,0.0016248000001723995,0.0,"{'device': [], 'edge': [], 'cloud': [0, 1, 2, 3, 4, 5, 6, 7, 8, 9, 10, 11, 12, 13, 14, 15, 16, 17, 18]}",19,final,cloud,True,9,1.0,5.0,1.0,0.28074686700711027,-0.40373433503555134,9,f4c8626ab76e48548948e7b64ab20e36,6,"{'device_compute': 4.1835010051727295e-05, 'd2e_transport': 0.1355981580095431, 'edge_queue': 0.0016248000001723995, 'edge_segment_compute': 0.0, 'edge_exit_head_compute': 0.0, 'edge_exit_check': 0.0, 'e2c_transport': 0.12023379200036288, 'cloud_queue': 0.002186526995501481, 'cloud_segment_compute': 0.01581374800298363, 'cloud_exit_head_compute': 0.000980462005827576, 'cloud_exit_check': 0.0004205859877401963, 'total_latency': 0.28074686700711027, 'unattributed_overhead': 0.003846958994927263, 'request_id': 'f4c8626ab76e48548948e7b64ab20e36', 'user_id': 0, 'prediction': 9, 'exit_id': 'final', 'exit_boundary_id': 19, 'exit_location': 'cloud', 'confidence': 0.9999955892562866, 'executed_segments_by_node': {'device': [], 'edge': [], 'cloud': [0, 1, 2, 3, 4, 5, 6, 7, 8, 9, 10, 11, 12, 13, 14, 15, 16, 17, 18]}, 'nodes': [{'node': 'device', 'executed_segments': [], 'queue_s': 0.0, 'segment_compute_s': 0.0, 'exit_head_compute_s': 0.0, 'exit_check_s': 0.0, 'worker_elapsed_s': 4.1835010051727295e-05}, {'node': 'edge', 'executed_segments': [], 'queue_s': 0.0016248000001723995, 'segment_compute_s': 0.0, 'exit_head_compute_s': 0.0, 'exit_check_s': 0.0, 'worker_elapsed_s': 0.0001809000000321248}, {'node': 'cloud', 'executed_segments': [0, 1, 2, 3, 4, 5, 6, 7, 8, 9, 10, 11, 12, 13, 14, 15, 16, 17, 18], 'queue_s': 0.002186526995501481, 'segment_compute_s': 0.01581374800298363, 'exit_head_compute_s': 0.000980462005827576, 'exit_check_s': 0.0004205859877401963, 'worker_elapsed_s': 0.01852892000169959}], 'sample_id': 'balanced_009_0453_00004460', 'label': 9, 'correct': True, 'observed_utility': -0.40373433503555134}",balanced_009_0453_00004460,6,4460,0.47811126708984375,743951635492312822,0.28074686700711027,0.003846958994927263,0
0.0,0.018621798008098267,0.018621798008098267,4.2593979742377996e-05,9.870000030787196e-05,0.018621798008098267,0.12000447600348707,4.2593979742377996e-05,0.28016257600393146,0.13383949599938205,9.870000030787196e-05,0.15703800000028423,0.023198504000902176,0.003120100000160164,0.002110986999468878,0.28023283698712476,0.01869818300474435,1784947569.4226563,1784947568.694763,1784947568.944763,0.0004578629741445184,0.0009953709813999012,0.002110986999468878,0.01592745794914663,0.9999645948410034,0.12000447600348707,ablate-cloud-only-resnet50-cifar10-pi5-r2-20260725-104554:v1,1,4.2593979742377996e-05,unknown,0.13383949599938205,0.0,0.0,0.001740199999858305,0.0,"{'device': [], 'edge': [], 'cloud': [0, 1, 2, 3, 4, 5, 6, 7, 8, 9, 10, 11, 12, 13, 14, 15, 16, 17, 18]}",19,final,cloud,True,4,1.0,5.0,1.0,0.28023283698712476,-0.4011641849356238,4,8a4427629877441091bd34dbec9ecd4d,7,"{'device_compute': 4.2593979742377996e-05, 'd2e_transport': 0.12000447600348707, 'edge_queue': 0.001740199999858305, 'edge_segment_compute': 0.0, 'edge_exit_head_compute': 0.0, 'edge_exit_check': 0.0, 'e2c_transport': 0.13383949599938205, 'cloud_queue': 0.002110986999468878, 'cloud_segment_compute': 0.01592745794914663, 'cloud_exit_head_compute': 0.0009953709813999012, 'cloud_exit_check': 0.0004578629741445184, 'total_latency': 0.28023283698712476, 'unattributed_overhead': 0.005114392100495024, 'request_id': '8a4427629877441091bd34dbec9ecd4d', 'user_id': 0, 'prediction': 4, 'exit_id': 'final', 'exit_boundary_id': 19, 'exit_location': 'cloud', 'confidence': 0.9999645948410034, 'executed_segments_by_node': {'device': [], 'edge': [], 'cloud': [0, 1, 2, 3, 4, 5, 6, 7, 8, 9, 10, 11, 12, 13, 14, 15, 16, 17, 18]}, 'nodes': [{'node': 'device', 'executed_segments': [], 'queue_s': 0.0, 'segment_compute_s': 0.0, 'exit_head_compute_s': 0.0, 'exit_check_s': 0.0, 'worker_elapsed_s': 4.2593979742377996e-05}, {'node': 'edge', 'executed_segments': [], 'queue_s': 0.001740199999858305, 'segment_compute_s': 0.0, 'exit_head_compute_s': 0.0, 'exit_check_s': 0.0, 'worker_elapsed_s': 0.00019270000029791845}, {'node': 'cloud', 'executed_segments': [0, 1, 2, 3, 4, 5, 6, 7, 8, 9, 10, 11, 12, 13, 14, 15, 16, 17, 18], 'queue_s': 0.002110986999468878, 'segment_compute_s': 0.01592745794914663, 'exit_head_compute_s': 0.0009953709813999012, 'exit_check_s': 0.0004578629741445184, 'worker_elapsed_s': 0.01869818300474435}], 'sample_id': 'balanced_004_0453_00004484', 'label': 4, 'correct': True, 'observed_utility': -0.4011641849356238}",balanced_004_0453_00004484,7,4484,0.4778933525085449,743951635492312822,0.28023283698712476,0.005114392100495024,0
0.0,0.018290188003447838,0.018290188003447838,4.0835002437233925e-05,0.00011280000035185367,0.018290188003447838,0.14310662000161756,4.0835002437233925e-05,0.26957042000140063,0.09979709399704007,0.00011280000035185367,0.12211569999999483,0.022318606002954766,0.004348099999788246,0.002537467997171916,0.2696398109837901,0.018359970999881625,1784947569.7343695,1784947569.0063996,1784947569.2563996,0.0004032449796795845,0.0009640170028433204,0.002537467997171916,0.015705527999671176,0.9998513460159302,0.14310662000161756,ablate-cloud-only-resnet50-cifar10-pi5-r2-20260725-104554:v1,1,4.0835002437233925e-05,unknown,0.09979709399704007,0.0,0.0,0.0025439000000915257,0.0,"{'device': [], 'edge': [], 'cloud': [0, 1, 2, 3, 4, 5, 6, 7, 8, 9, 10, 11, 12, 13, 14, 15, 16, 17, 18]}",19,final,cloud,True,6,1.0,5.0,1.0,0.2696398109837901,-0.3481990549189504,6,9e7dcddbaa274d79811ea01fdc2947bd,8,"{'device_compute': 4.0835002437233925e-05, 'd2e_transport': 0.14310662000161756, 'edge_queue': 0.0025439000000915257, 'edge_segment_compute': 0.0, 'edge_exit_head_compute': 0.0, 'edge_exit_check': 0.0, 'e2c_transport': 0.09979709399704007, 'cloud_queue': 0.002537467997171916, 'cloud_segment_compute': 0.015705527999671176, 'cloud_exit_head_compute': 0.0009640170028433204, 'cloud_exit_check': 0.0004032449796795845, 'total_latency': 0.2696398109837901, 'unattributed_overhead': 0.004541104003237706, 'request_id': '9e7dcddbaa274d79811ea01fdc2947bd', 'user_id': 0, 'prediction': 6, 'exit_id': 'final', 'exit_boundary_id': 19, 'exit_location': 'cloud', 'confidence': 0.9998513460159302, 'executed_segments_by_node': {'device': [], 'edge': [], 'cloud': [0, 1, 2, 3, 4, 5, 6, 7, 8, 9, 10, 11, 12, 13, 14, 15, 16, 17, 18]}, 'nodes': [{'node': 'device', 'executed_segments': [], 'queue_s': 0.0, 'segment_compute_s': 0.0, 'exit_head_compute_s': 0.0, 'exit_check_s': 0.0, 'worker_elapsed_s': 4.0835002437233925e-05}, {'node': 'edge', 'executed_segments': [], 'queue_s': 0.0025439000000915257, 'segment_compute_s': 0.0, 'exit_head_compute_s': 0.0, 'exit_check_s': 0.0, 'worker_elapsed_s': 0.00022679999983665766}, {'node': 'cloud', 'executed_segments': [0, 1, 2, 3, 4, 5, 6, 7, 8, 9, 10, 11, 12, 13, 14, 15, 16, 17, 18], 'queue_s': 0.002537467997171916, 'segment_compute_s': 0.015705527999671176, 'exit_head_compute_s': 0.0009640170028433204, 'exit_check_s': 0.0004032449796795845, 'worker_elapsed_s': 0.018359970999881625}], 'sample_id': 'balanced_006_0181_00001665', 'label': 6, 'correct': True, 'observed_utility': -0.3481990549189504}",balanced_006_0181_00001665,8,1665,0.4779698848724365,743951635492312822,0.2696398109837901,0.004541104003237706,0
0.0,0.01865997699496802,0.01865997699496802,4.47409984190017e-05,4.690000014306861e-05,0.01865997699496802,0.1290687379892006,4.47409984190017e-05,0.3838571379892528,0.23049277500194876,4.690000014306861e-05,0.2528369000001476,0.022344124998198822,0.0019514999999046267,0.0022323009907267988,0.3839299539977219,0.018735181001829915,1784947570.029442,1784947569.3010437,1784947569.5510437,0.00042874799692071974,0.0009808330069063231,0.0022323009907267988,0.01598475602804683,0.9991534948348999,0.1290687379892006,ablate-cloud-only-resnet50-cifar10-pi5-r2-20260725-104554:v1,1,4.47409984190017e-05,unknown,0.23049277500194876,0.0,0.0,0.0013724000000365777,0.0,"{'device': [], 'edge': [], 'cloud': [0, 1, 2, 3, 4, 5, 6, 7, 8, 9, 10, 11, 12, 13, 14, 15, 16, 17, 18]}",19,final,cloud,True,1,1.0,5.0,1.0,0.3839299539977219,-0.9196497699886095,1,9b02a69f5c8e4eebbf64db4499ad5bc6,9,"{'device_compute': 4.47409984190017e-05, 'd2e_transport': 0.1290687379892006, 'edge_queue': 0.0013724000000365777, 'edge_segment_compute': 0.0, 'edge_exit_head_compute': 0.0, 'edge_exit_check': 0.0, 'e2c_transport': 0.23049277500194876, 'cloud_queue': 0.0022323009907267988, 'cloud_segment_compute': 0.01598475602804683, 'cloud_exit_head_compute': 0.0009808330069063231, 'cloud_exit_check': 0.00042874799692071974, 'total_latency': 0.3839299539977219, 'unattributed_overhead': 0.0033246619855162862, 'request_id': '9b02a69f5c8e4eebbf64db4499ad5bc6', 'user_id': 0, 'prediction': 1, 'exit_id': 'final', 'exit_boundary_id': 19, 'exit_location': 'cloud', 'confidence': 0.9991534948348999, 'executed_segments_by_node': {'device': [], 'edge': [], 'cloud': [0, 1, 2, 3, 4, 5, 6, 7, 8, 9, 10, 11, 12, 13, 14, 15, 16, 17, 18]}, 'nodes': [{'node': 'device', 'executed_segments': [], 'queue_s': 0.0, 'segment_compute_s': 0.0, 'exit_head_compute_s': 0.0, 'exit_check_s': 0.0, 'worker_elapsed_s': 4.47409984190017e-05}, {'node': 'edge', 'executed_segments': [], 'queue_s': 0.0013724000000365777, 'segment_compute_s': 0.0, 'exit_head_compute_s': 0.0, 'exit_check_s': 0.0, 'worker_elapsed_s': 0.00010040000006483751}, {'node': 'cloud', 'executed_segments': [0, 1, 2, 3, 4, 5, 6, 7, 8, 9, 10, 11, 12, 13, 14, 15, 16, 17, 18], 'queue_s': 0.0022323009907267988, 'segment_compute_s': 0.01598475602804683, 'exit_head_compute_s': 0.0009808330069063231, 'exit_check_s': 0.00042874799692071974, 'worker_elapsed_s': 0.018735181001829915}], 'sample_id': 'balanced_001_0608_00006172', 'label': 1, 'correct': True, 'observed_utility': -0.9196497699886095}",balanced_001_0608_00006172,9,6172,0.47839832305908203,743951635492312822,0.3839299539977219,0.0033246619855162862,0
0.0,0.018258980999235064,0.018258980999235064,4.2611995013430715e-05,7.589999995616381e-05,0.018258980999235064,0.1416127540051093,4.2611995013430715e-05,0.38253205400542356,0.21594548199391284,7.589999995616381e-05,0.23787970000012137,0.02193421800620854,0.003039600000192877,0.0022368439967976883,0.38260325900046155,0.018330164995859377,1784947570.4401362,1784947569.7106802,1784947569.9606802,0.000403828002163209,0.0009427340119145811,0.0022368439967976883,0.015669061001972295,0.9998877048492432,0.1416127540051093,ablate-cloud-only-resnet50-cifar10-pi5-r2-20260725-104554:v1,1,4.2611995013430715e-05,unknown,0.21594548199391284,0.0,0.0,0.0017321999998785031,0.0,"{'device': [], 'edge': [], 'cloud': [0, 1, 2, 3, 4, 5, 6, 7, 8, 9, 10, 11, 12, 13, 14, 15, 16, 17, 18]}",19,final,cloud,True,8,1.0,5.0,1.0,0.38260325900046155,-0.9130162950023077,8,f429d81f759a437c83c672982208e4c9,10,"{'device_compute': 4.2611995013430715e-05, 'd2e_transport': 0.1416127540051093, 'edge_queue': 0.0017321999998785031, 'edge_segment_compute': 0.0, 'edge_exit_head_compute': 0.0, 'edge_exit_check': 0.0, 'e2c_transport': 0.21594548199391284, 'cloud_queue': 0.0022368439967976883, 'cloud_segment_compute': 0.015669061001972295, 'cloud_exit_head_compute': 0.0009427340119145811, 'cloud_exit_check': 0.000403828002163209, 'total_latency': 0.38260325900046155, 'unattributed_overhead': 0.004017743993699696, 'request_id': 'f429d81f759a437c83c672982208e4c9', 'user_id': 0, 'prediction': 8, 'exit_id': 'final', 'exit_boundary_id': 19, 'exit_location': 'cloud', 'confidence': 0.9998877048492432, 'executed_segments_by_node': {'device': [], 'edge': [], 'cloud': [0, 1, 2, 3, 4, 5, 6, 7, 8, 9, 10, 11, 12, 13, 14, 15, 16, 17, 18]}, 'nodes': [{'node': 'device', 'executed_segments': [], 'queue_s': 0.0, 'segment_compute_s': 0.0, 'exit_head_compute_s': 0.0, 'exit_check_s': 0.0, 'worker_elapsed_s': 4.2611995013430715e-05}, {'node': 'edge', 'executed_segments': [], 'queue_s': 0.0017321999998785031, 'segment_compute_s': 0.0, 'exit_head_compute_s': 0.0, 'exit_check_s': 0.0, 'worker_elapsed_s': 0.00015149999990171636}, {'node': 'cloud', 'executed_segments': [0, 1, 2, 3, 4, 5, 6, 7, 8, 9, 10, 11, 12, 13, 14, 15, 16, 17, 18], 'queue_s': 0.0022368439967976883, 'segment_compute_s': 0.015669061001972295, 'exit_head_compute_s': 0.0009427340119145811, 'exit_check_s': 0.000403828002163209, 'worker_elapsed_s': 0.018330164995859377}], 'sample_id': 'balanced_008_0008_00000073', 'label': 8, 'correct': True, 'observed_utility': -0.9130162950023077}",balanced_008_0008_00000073,10,73,0.47945594787597656,743951635492312822,0.38260325900046155,0.004017743993699696,0
0.0,0.018406982999294996,0.018406982999294996,4.627899033948779e-05,7.849999974496313e-05,0.018406982999294996,0.2196105890261606,4.627899033948779e-05,0.46475938902585767,0.22050873300077,7.849999974496313e-05,0.24249989999998434,0.02199116699921433,0.0026488999997127394,0.0021264990064082667,0.46483539100154303,0.0184766370075522,1784947570.8703835,1784947570.1426494,1784947570.3926494,0.00039514499076176435,0.0009717470093164593,0.0021264990064082667,0.015830132018891163,0.9999984502792358,0.2196105890261606,ablate-cloud-only-resnet50-cifar10-pi5-r2-20260725-104554:v1,1,4.627899033948779e-05,unknown,0.22050873300077,0.0,0.0,0.0014283999998951913,0.0,"{'device': [], 'edge': [], 'cloud': [0, 1, 2, 3, 4, 5, 6, 7, 8, 9, 10, 11, 12, 13, 14, 15, 16, 17, 18]}",19,final,cloud,True,1,1.0,5.0,1.0,0.46483539100154303,-1.3241769550077152,1,65683e7378bf4881b04502c565d0d831,11,"{'device_compute': 4.627899033948779e-05, 'd2e_transport': 0.2196105890261606, 'edge_queue': 0.0014283999998951913, 'edge_segment_compute': 0.0, 'edge_exit_head_compute': 0.0, 'edge_exit_check': 0.0, 'e2c_transport': 0.22050873300077, 'cloud_queue': 0.0021264990064082667, 'cloud_segment_compute': 0.015830132018891163, 'cloud_exit_head_compute': 0.0009717470093164593, 'cloud_exit_check': 0.00039514499076176435, 'total_latency': 0.46483539100154303, 'unattributed_overhead': 0.003917866959000094, 'request_id': '65683e7378bf4881b04502c565d0d831', 'user_id': 0, 'prediction': 1, 'exit_id': 'final', 'exit_boundary_id': 19, 'exit_location': 'cloud', 'confidence': 0.9999984502792358, 'executed_segments_by_node': {'device': [], 'edge': [], 'cloud': [0, 1, 2, 3, 4, 5, 6, 7, 8, 9, 10, 11, 12, 13, 14, 15, 16, 17, 18]}, 'nodes': [{'node': 'device', 'executed_segments': [], 'queue_s': 0.0, 'segment_compute_s': 0.0, 'exit_head_compute_s': 0.0, 'exit_check_s': 0.0, 'worker_elapsed_s': 4.627899033948779e-05}, {'node': 'edge', 'executed_segments': [], 'queue_s': 0.0014283999998951913, 'segment_compute_s': 0.0, 'exit_head_compute_s': 0.0, 'exit_check_s': 0.0, 'worker_elapsed_s': 0.00015900000016699778}, {'node': 'cloud', 'executed_segments': [0, 1, 2, 3, 4, 5, 6, 7, 8, 9, 10, 11, 12, 13, 14, 15, 16, 17, 18], 'queue_s': 0.0021264990064082667, 'segment_compute_s': 0.015830132018891163, 'exit_head_compute_s': 0.0009717470093164593, 'exit_check_s': 0.00039514499076176435, 'worker_elapsed_s': 0.0184766370075522}], 'sample_id': 'balanced_001_0200_00002031', 'label': 1, 'correct': True, 'observed_utility': -1.3241769550077152}",balanced_001_0200_00002031,11,2031,0.4777340888977051,743951635492312822,0.46483539100154303,0.003917866959000094,0
0.0,0.0184593650046736,0.0184593650046736,4.2037980165332556e-05,7.80000000304426e-05,0.0184593650046736,0.14782863401433133,4.2037980165332556e-05,0.4781591340142768,0.30484484800899736,7.80000000304426e-05,0.3270263999997951,0.022181551990797743,0.003304100000150356,0.0022194280027179047,0.47823061697999947,0.01853797200601548,1784947571.3631127,1784947570.634094,1784947570.884094,0.00041742599569261074,0.0009831960196606815,0.0022194280027179047,0.01582163201237563,0.6142197251319885,0.14782863401433133,ablate-cloud-only-resnet50-cifar10-pi5-r2-20260725-104554:v1,1,4.2037980165332556e-05,unknown,0.30484484800899736,0.0,0.0,0.0023049000001265085,0.0,"{'device': [], 'edge': [], 'cloud': [0, 1, 2, 3, 4, 5, 6, 7, 8, 9, 10, 11, 12, 13, 14, 15, 16, 17, 18]}",19,final,cloud,True,4,1.0,5.0,1.0,0.47823061697999947,-1.3911530848999973,4,62af3a4a576e42b0b3a349048f2e939f,12,"{'device_compute': 4.2037980165332556e-05, 'd2e_transport': 0.14782863401433133, 'edge_queue': 0.0023049000001265085, 'edge_segment_compute': 0.0, 'edge_exit_head_compute': 0.0, 'edge_exit_check': 0.0, 'e2c_transport': 0.30484484800899736, 'cloud_queue': 0.0022194280027179047, 'cloud_segment_compute': 0.01582163201237563, 'cloud_exit_head_compute': 0.0009831960196606815, 'cloud_exit_check': 0.00041742599569261074, 'total_latency': 0.47823061697999947, 'unattributed_overhead': 0.003768514945932111, 'request_id': '62af3a4a576e42b0b3a349048f2e939f', 'user_id': 0, 'prediction': 4, 'exit_id': 'final', 'exit_boundary_id': 19, 'exit_location': 'cloud', 'confidence': 0.6142197251319885, 'executed_segments_by_node': {'device': [], 'edge': [], 'cloud': [0, 1, 2, 3, 4, 5, 6, 7, 8, 9, 10, 11, 12, 13, 14, 15, 16, 17, 18]}, 'nodes': [{'node': 'device', 'executed_segments': [], 'queue_s': 0.0, 'segment_compute_s': 0.0, 'exit_head_compute_s': 0.0, 'exit_check_s': 0.0, 'worker_elapsed_s': 4.2037980165332556e-05}, {'node': 'edge', 'executed_segments': [], 'queue_s': 0.0023049000001265085, 'segment_compute_s': 0.0, 'exit_head_compute_s': 0.0, 'exit_check_s': 0.0, 'worker_elapsed_s': 0.000158100000135164}, {'node': 'cloud', 'executed_segments': [0, 1, 2, 3, 4, 5, 6, 7, 8, 9, 10, 11, 12, 13, 14, 15, 16, 17, 18], 'queue_s': 0.0022194280027179047, 'segment_compute_s': 0.01582163201237563, 'exit_head_compute_s': 0.0009831960196606815, 'exit_check_s': 0.00041742599569261074, 'worker_elapsed_s': 0.01853797200601548}], 'sample_id': 'balanced_004_0362_00003600', 'label': 4, 'correct': True, 'observed_utility': -1.3911530848999973}",balanced_004_0362_00003600,12,3600,0.4790186882019043,743951635492312822,0.47823061697999947,0.003768514945932111,0
0.0,0.01823016200796701,0.01823016200796701,4.3612002627924085e-05,9.619999991627992e-05,0.01823016200796701,0.15508861299804266,4.3612002627924085e-05,0.3685773129982408,0.1890287569949578,9.619999991627992e-05,0.2110450000000128,0.022016243005055003,0.002443700000185345,0.0022956269967835397,0.3686503510107286,0.018301140997209586,1784947571.8791409,1784947571.1508176,1784947571.4008176,0.00040871501551009715,0.0009463820024393499,0.0022956269967835397,0.015580598046653904,0.9999964237213135,0.15508861299804266,ablate-cloud-only-resnet50-cifar10-pi5-r2-20260725-104554:v1,1,4.3612002627924085e-05,unknown,0.1890287569949578,0.0,0.0,0.0014912999999978638,0.0,"{'device': [], 'edge': [], 'cloud': [0, 1, 2, 3, 4, 5, 6, 7, 8, 9, 10, 11, 12, 13, 14, 15, 16, 17, 18]}",19,final,cloud,True,9,1.0,5.0,1.0,0.3686503510107286,-0.8432517550536431,9,ba183135b3754581a095729dc3e5a5aa,13,"{'device_compute': 4.3612002627924085e-05, 'd2e_transport': 0.15508861299804266, 'edge_queue': 0.0014912999999978638, 'edge_segment_compute': 0.0, 'edge_exit_head_compute': 0.0, 'edge_exit_check': 0.0, 'e2c_transport': 0.1890287569949578, 'cloud_queue': 0.0022956269967835397, 'cloud_segment_compute': 0.015580598046653904, 'cloud_exit_head_compute': 0.0009463820024393499, 'cloud_exit_check': 0.00040871501551009715, 'total_latency': 0.3686503510107286, 'unattributed_overhead': 0.003766746953715483, 'request_id': 'ba183135b3754581a095729dc3e5a5aa', 'user_id': 0, 'prediction': 9, 'exit_id': 'final', 'exit_boundary_id': 19, 'exit_location': 'cloud', 'confidence': 0.9999964237213135, 'executed_segments_by_node': {'device': [], 'edge': [], 'cloud': [0, 1, 2, 3, 4, 5, 6, 7, 8, 9, 10, 11, 12, 13, 14, 15, 16, 17, 18]}, 'nodes': [{'node': 'device', 'executed_segments': [], 'queue_s': 0.0, 'segment_compute_s': 0.0, 'exit_head_compute_s': 0.0, 'exit_check_s': 0.0, 'worker_elapsed_s': 4.3612002627924085e-05}, {'node': 'edge', 'executed_segments': [], 'queue_s': 0.0014912999999978638, 'segment_compute_s': 0.0, 'exit_head_compute_s': 0.0, 'exit_check_s': 0.0, 'worker_elapsed_s': 0.00017579999985173345}, {'node': 'cloud', 'executed_segments': [0, 1, 2, 3, 4, 5, 6, 7, 8, 9, 10, 11, 12, 13, 14, 15, 16, 17, 18], 'queue_s': 0.0022956269967835397, 'segment_compute_s': 0.015580598046653904, 'exit_head_compute_s': 0.0009463820024393499, 'exit_check_s': 0.00040871501551009715, 'worker_elapsed_s': 0.018301140997209586}], 'sample_id': 'balanced_009_0119_00001155', 'label': 9, 'correct': True, 'observed_utility': -0.8432517550536431}",balanced_009_0119_00001155,13,1155,0.47832322120666504,743951635492312822,0.3686503510107286,0.003766746953715483,0
0.0,0.01833684099256061,0.01833684099256061,5.739001790061593e-05,7.759999971312936e-05,0.01833684099256061,0.1556961720139043,5.739001790061593e-05,0.3602900720143225,0.18020191399727992,7.759999971312936e-05,0.20228850000012244,0.022086586002842523,0.0023054000002957764,0.0022709460026817396,0.3603792960057035,0.018409761993098073,1784947572.2998772,1784947571.5617232,1784947571.8117232,0.00043205099063925445,0.0009572790149832144,0.0022709460026817396,0.015716651978436857,0.9999991655349731,0.1556961720139043,ablate-cloud-only-resnet50-cifar10-pi5-r2-20260725-104554:v1,1,5.739001790061593e-05,unknown,0.18020191399727992,0.0,0.0,0.0014141000001473003,0.0,"{'device': [], 'edge': [], 'cloud': [0, 1, 2, 3, 4, 5, 6, 7, 8, 9, 10, 11, 12, 13, 14, 15, 16, 17, 18]}",19,final,cloud,True,4,1.0,5.0,1.0,0.3603792960057035,-0.8018964800285175,4,71b3f0e321714935aa2313a92dc00b56,14,"{'device_compute': 5.739001790061593e-05, 'd2e_transport': 0.1556961720139043, 'edge_queue': 0.0014141000001473003, 'edge_segment_compute': 0.0, 'edge_exit_head_compute': 0.0, 'edge_exit_check': 0.0, 'e2c_transport': 0.18020191399727992, 'cloud_queue': 0.0022709460026817396, 'cloud_segment_compute': 0.015716651978436857, 'cloud_exit_head_compute': 0.0009572790149832144, 'cloud_exit_check': 0.00043205099063925445, 'total_latency': 0.3603792960057035, 'unattributed_overhead': 0.003632791989730322, 'request_id': '71b3f0e321714935aa2313a92dc00b56', 'user_id': 0, 'prediction': 4, 'exit_id': 'final', 'exit_boundary_id': 19, 'exit_location': 'cloud', 'confidence': 0.9999991655349731, 'executed_segments_by_node': {'device': [], 'edge': [], 'cloud': [0, 1, 2, 3, 4, 5, 6, 7, 8, 9, 10, 11, 12, 13, 14, 15, 16, 17, 18]}, 'nodes': [{'node': 'device', 'executed_segments': [], 'queue_s': 0.0, 'segment_compute_s': 0.0, 'exit_head_compute_s': 0.0, 'exit_check_s': 0.0, 'worker_elapsed_s': 5.739001790061593e-05}, {'node': 'edge', 'executed_segments': [], 'queue_s': 0.0014141000001473003, 'segment_compute_s': 0.0, 'exit_head_compute_s': 0.0, 'exit_check_s': 0.0, 'worker_elapsed_s': 0.0001554000000396627}, {'node': 'cloud', 'executed_segments': [0, 1, 2, 3, 4, 5, 6, 7, 8, 9, 10, 11, 12, 13, 14, 15, 16, 17, 18], 'queue_s': 0.0022709460026817396, 'segment_compute_s': 0.015716651978436857, 'exit_head_compute_s': 0.0009572790149832144, 'exit_check_s': 0.00043205099063925445, 'worker_elapsed_s': 0.018409761993098073}], 'sample_id': 'balanced_004_0442_00004377', 'label': 4, 'correct': True, 'observed_utility': -0.8018964800285175}",balanced_004_0442_00004377,14,4377,0.48815393447875977,743951635492312822,0.3603792960057035,0.003632791989730322,0
0.0,0.017877338992548175,0.017877338992548175,4.479798371903598e-05,7.310000000870787e-05,0.017877338992548175,0.17843955500848097,4.479798371903598e-05,0.40313915500883013,0.20062998100593177,7.310000000870787e-05,0.2220423000003393,0.021412318994407542,0.0026573000000098546,0.0021480399882420897,0.40321284299716353,0.01794785400852561,1784947572.701017,1784947571.9725096,1784947572.2225096,0.00045182701433077455,0.0012727720168186352,0.0021480399882420897,0.014984749010181986,0.999804675579071,0.17843955500848097,ablate-cloud-only-resnet50-cifar10-pi5-r2-20260725-104554:v1,1,4.479798371903598e-05,unknown,0.20062998100593177,0.0,0.0,0.0014697999999953026,0.0,"{'device': [], 'edge': [], 'cloud': [0, 1, 2, 3, 4, 5, 6, 7, 8, 9, 10, 11, 12, 13, 14, 15, 16, 17, 18]}",19,final,cloud,True,1,1.0,5.0,1.0,0.40321284299716353,-1.0160642149858177,1,1d0b1c31603f470586ccbad797b414d2,15,"{'device_compute': 4.479798371903598e-05, 'd2e_transport': 0.17843955500848097, 'edge_queue': 0.0014697999999953026, 'edge_segment_compute': 0.0, 'edge_exit_head_compute': 0.0, 'edge_exit_check': 0.0, 'e2c_transport': 0.20062998100593177, 'cloud_queue': 0.0021480399882420897, 'cloud_segment_compute': 0.014984749010181986, 'cloud_exit_head_compute': 0.0012727720168186352, 'cloud_exit_check': 0.00045182701433077455, 'total_latency': 0.40321284299716353, 'unattributed_overhead': 0.003771320969462977, 'request_id': '1d0b1c31603f470586ccbad797b414d2', 'user_id': 0, 'prediction': 1, 'exit_id': 'final', 'exit_boundary_id': 19, 'exit_location': 'cloud', 'confidence': 0.999804675579071, 'executed_segments_by_node': {'device': [], 'edge': [], 'cloud': [0, 1, 2, 3, 4, 5, 6, 7, 8, 9, 10, 11, 12, 13, 14, 15, 16, 17, 18]}, 'nodes': [{'node': 'device', 'executed_segments': [], 'queue_s': 0.0, 'segment_compute_s': 0.0, 'exit_head_compute_s': 0.0, 'exit_check_s': 0.0, 'worker_elapsed_s': 4.479798371903598e-05}, {'node': 'edge', 'executed_segments': [], 'queue_s': 0.0014697999999953026, 'segment_compute_s': 0.0, 'exit_head_compute_s': 0.0, 'exit_check_s': 0.0, 'worker_elapsed_s': 0.0001449999999749707}, {'node': 'cloud', 'executed_segments': [0, 1, 2, 3, 4, 5, 6, 7, 8, 9, 10, 11, 12, 13, 14, 15, 16, 17, 18], 'queue_s': 0.0021480399882420897, 'segment_compute_s': 0.014984749010181986, 'exit_head_compute_s': 0.0012727720168186352, 'exit_check_s': 0.00045182701433077455, 'worker_elapsed_s': 0.01794785400852561}], 'sample_id': 'balanced_001_0869_00008596', 'label': 1, 'correct': True, 'observed_utility': -1.0160642149858177}",balanced_001_0869_00008596,15,8596,0.47850728034973145,743951635492312822,0.40321284299716353,0.003771320969462977,0
0.0,0.022147291994770057,0.022147291994770057,4.4482003431767225e-05,4.200000012133387e-05,0.022147291994770057,0.14236296700210005,4.4482003431767225e-05,0.3506000670022331,0.17874353600200266,4.200000012133387e-05,0.20524250000016764,0.02649896399816498,0.0029945999999654305,0.002788206998957321,0.3506746430066414,0.022265002990025096,1784947573.1341643,1784947572.4060373,1784947572.6560373,0.0004792499967152253,0.0011766590032493696,0.002788206998957321,0.0191986200370593,0.759587287902832,0.14236296700210005,ablate-cloud-only-resnet50-cifar10-pi5-r2-20260725-104554:v1,1,4.4482003431767225e-05,unknown,0.17874353600200266,0.0,0.0,0.001790199999959441,0.0,"{'device': [], 'edge': [], 'cloud': [0, 1, 2, 3, 4, 5, 6, 7, 8, 9, 10, 11, 12, 13, 14, 15, 16, 17, 18]}",19,final,cloud,True,2,1.0,5.0,1.0,0.3506746430066414,-0.7533732150332071,2,2d217863c0a14203b978823a7d8ecd5a,16,"{'device_compute': 4.4482003431767225e-05, 'd2e_transport': 0.14236296700210005, 'edge_queue': 0.001790199999959441, 'edge_segment_compute': 0.0, 'edge_exit_head_compute': 0.0, 'edge_exit_check': 0.0, 'e2c_transport': 0.17874353600200266, 'cloud_queue': 0.002788206998957321, 'cloud_segment_compute': 0.0191986200370593, 'cloud_exit_head_compute': 0.0011766590032493696, 'cloud_exit_check': 0.0004792499967152253, 'total_latency': 0.3506746430066414, 'unattributed_overhead': 0.004090721963166288, 'request_id': '2d217863c0a14203b978823a7d8ecd5a', 'user_id': 0, 'prediction': 2, 'exit_id': 'final', 'exit_boundary_id': 19, 'exit_location': 'cloud', 'confidence': 0.759587287902832, 'executed_segments_by_node': {'device': [], 'edge': [], 'cloud': [0, 1, 2, 3, 4, 5, 6, 7, 8, 9, 10, 11, 12, 13, 14, 15, 16, 17, 18]}, 'nodes': [{'node': 'device', 'executed_segments': [], 'queue_s': 0.0, 'segment_compute_s': 0.0, 'exit_head_compute_s': 0.0, 'exit_check_s': 0.0, 'worker_elapsed_s': 4.4482003431767225e-05}, {'node': 'edge', 'executed_segments': [], 'queue_s': 0.001790199999959441, 'segment_compute_s': 0.0, 'exit_head_compute_s': 0.0, 'exit_check_s': 0.0, 'worker_elapsed_s': 9.589999990566866e-05}, {'node': 'cloud', 'executed_segments': [0, 1, 2, 3, 4, 5, 6, 7, 8, 9, 10, 11, 12, 13, 14, 15, 16, 17, 18], 'queue_s': 0.002788206998957321, 'segment_compute_s': 0.0191986200370593, 'exit_head_compute_s': 0.0011766590032493696, 'exit_check_s': 0.0004792499967152253, 'worker_elapsed_s': 0.022265002990025096}], 'sample_id': 'balanced_002_0858_00008578', 'label': 2, 'correct': True, 'observed_utility': -0.7533732150332071}",balanced_002_0858_00008578,16,8578,0.47812700271606445,743951635492312822,0.3506746430066414,0.004090721963166288,0
0.0,0.018829487002221867,0.018829487002221867,4.068599082529545e-05,0.00011660000018309802,0.018829487002221867,0.15949627098234487,4.068599082529545e-05,0.4806214709824417,0.2950886660123615,0.00011660000018309802,0.31799610000007306,0.022907433987711556,0.0031291000000237545,0.002662605998921208,0.48068937999778427,0.018923861003713682,1784947573.5156431,1784947572.7869766,1784947573.0369766,0.00042951200157403946,0.0010216990049229935,0.002662605998921208,0.016120723987114616,0.9104343056678772,0.15949627098234487,ablate-cloud-only-resnet50-cifar10-pi5-r2-20260725-104554:v1,1,4.068599082529545e-05,unknown,0.2950886660123615,0.0,0.0,0.0017209000002367247,0.0,"{'device': [], 'edge': [], 'cloud': [0, 1, 2, 3, 4, 5, 6, 7, 8, 9, 10, 11, 12, 13, 14, 15, 16, 17, 18]}",19,final,cloud,True,6,1.0,5.0,1.0,0.48068937999778427,-1.4034468999889214,6,782dc0f1ff9249818dc33a8f90c3a20c,17,"{'device_compute': 4.068599082529545e-05, 'd2e_transport': 0.15949627098234487, 'edge_queue': 0.0017209000002367247, 'edge_segment_compute': 0.0, 'edge_exit_head_compute': 0.0, 'edge_exit_check': 0.0, 'e2c_transport': 0.2950886660123615, 'cloud_queue': 0.002662605998921208, 'cloud_segment_compute': 0.016120723987114616, 'cloud_exit_head_compute': 0.0010216990049229935, 'cloud_exit_check': 0.00042951200157403946, 'total_latency': 0.48068937999778427, 'unattributed_overhead': 0.004108316019483027, 'request_id': '782dc0f1ff9249818dc33a8f90c3a20c', 'user_id': 0, 'prediction': 6, 'exit_id': 'final', 'exit_boundary_id': 19, 'exit_location': 'cloud', 'confidence': 0.9104343056678772, 'executed_segments_by_node': {'device': [], 'edge': [], 'cloud': [0, 1, 2, 3, 4, 5, 6, 7, 8, 9, 10, 11, 12, 13, 14, 15, 16, 17, 18]}, 'nodes': [{'node': 'device', 'executed_segments': [], 'queue_s': 0.0, 'segment_compute_s': 0.0, 'exit_head_compute_s': 0.0, 'exit_check_s': 0.0, 'worker_elapsed_s': 4.068599082529545e-05}, {'node': 'edge', 'executed_segments': [], 'queue_s': 0.0017209000002367247, 'segment_compute_s': 0.0, 'exit_head_compute_s': 0.0, 'exit_check_s': 0.0, 'worker_elapsed_s': 0.00019969999993918464}, {'node': 'cloud', 'executed_segments': [0, 1, 2, 3, 4, 5, 6, 7, 8, 9, 10, 11, 12, 13, 14, 15, 16, 17, 18], 'queue_s': 0.002662605998921208, 'segment_compute_s': 0.016120723987114616, 'exit_head_compute_s': 0.0010216990049229935, 'exit_check_s': 0.00042951200157403946, 'worker_elapsed_s': 0.018923861003713682}], 'sample_id': 'balanced_006_0391_00003940', 'label': 6, 'correct': True, 'observed_utility': -1.4034468999889214}",balanced_006_0391_00003940,17,3940,0.4786665439605713,743951635492312822,0.48068937999778427,0.004108316019483027,0
0.0,0.01850475399987772,0.01850475399987772,4.263099981471896e-05,8.750000006330083e-05,0.01850475399987772,0.09948603401289802,4.263099981471896e-05,0.28332803401281126,0.15788472599388115,8.750000006330083e-05,0.18143060000011246,0.023545874006231315,0.0024113999998007785,0.003192297008354217,0.28339951700763777,0.01858115599316079,1784947574.020533,1784947573.2925663,1784947573.5425663,0.0004111779999220744,0.0009829249902395532,0.003192297008354217,0.01589063901337795,0.9999973773956299,0.09948603401289802,ablate-cloud-only-resnet50-cifar10-pi5-r2-20260725-104554:v1,1,4.263099981471896e-05,unknown,0.15788472599388115,0.0,0.0,0.0014941999997972744,0.0,"{'device': [], 'edge': [], 'cloud': [0, 1, 2, 3, 4, 5, 6, 7, 8, 9, 10, 11, 12, 13, 14, 15, 16, 17, 18]}",19,final,cloud,True,8,1.0,5.0,1.0,0.28339951700763777,-0.41699758503818884,8,7c97325d8cb44a78b0cc0fcb9321b8ba,18,"{'device_compute': 4.263099981471896e-05, 'd2e_transport': 0.09948603401289802, 'edge_queue': 0.0014941999997972744, 'edge_segment_compute': 0.0, 'edge_exit_head_compute': 0.0, 'edge_exit_check': 0.0, 'e2c_transport': 0.15788472599388115, 'cloud_queue': 0.003192297008354217, 'cloud_segment_compute': 0.01589063901337795, 'cloud_exit_head_compute': 0.0009829249902395532, 'cloud_exit_check': 0.0004111779999220744, 'total_latency': 0.28339951700763777, 'unattributed_overhead': 0.004014886989352817, 'request_id': '7c97325d8cb44a78b0cc0fcb9321b8ba', 'user_id': 0, 'prediction': 8, 'exit_id': 'final', 'exit_boundary_id': 19, 'exit_location': 'cloud', 'confidence': 0.9999973773956299, 'executed_segments_by_node': {'device': [], 'edge': [], 'cloud': [0, 1, 2, 3, 4, 5, 6, 7, 8, 9, 10, 11, 12, 13, 14, 15, 16, 17, 18]}, 'nodes': [{'node': 'device', 'executed_segments': [], 'queue_s': 0.0, 'segment_compute_s': 0.0, 'exit_head_compute_s': 0.0, 'exit_check_s': 0.0, 'worker_elapsed_s': 4.263099981471896e-05}, {'node': 'edge', 'executed_segments': [], 'queue_s': 0.0014941999997972744, 'segment_compute_s': 0.0, 'exit_head_compute_s': 0.0, 'exit_check_s': 0.0, 'worker_elapsed_s': 0.00020040000026710914}, {'node': 'cloud', 'executed_segments': [0, 1, 2, 3, 4, 5, 6, 7, 8, 9, 10, 11, 12, 13, 14, 15, 16, 17, 18], 'queue_s': 0.003192297008354217, 'segment_compute_s': 0.01589063901337795, 'exit_head_compute_s': 0.0009829249902395532, 'exit_check_s': 0.0004111779999220744, 'worker_elapsed_s': 0.01858115599316079}], 'sample_id': 'balanced_008_0507_00005073', 'label': 8, 'correct': True, 'observed_utility': -0.41699758503818884}",balanced_008_0507_00005073,18,5073,0.4779667854309082,743951635492312822,0.28339951700763777,0.004014886989352817,0
0.0,0.018421114000375383,0.018421114000375383,4.14079986512661e-05,8.879999995770049e-05,0.018421114000375383,0.25820923001447227,4.14079986512661e-05,0.48159743001451716,0.1985334989972216,8.879999995770049e-05,0.22080890000006548,0.022275401002843864,0.002579299999979412,0.0022316370013868436,0.4816673389868811,0.018491014998289756,1784947574.3342075,1784947573.6053312,1784947573.8553312,0.00041536500793881714,0.0009689900180092081,0.0022316370013868436,0.015802266003447585,0.9984622001647949,0.25820923001447227,ablate-cloud-only-resnet50-cifar10-pi5-r2-20260725-104554:v1,1,4.14079986512661e-05,unknown,0.1985334989972216,0.0,0.0,0.0015613000000485044,0.0,"{'device': [], 'edge': [], 'cloud': [0, 1, 2, 3, 4, 5, 6, 7, 8, 9, 10, 11, 12, 13, 14, 15, 16, 17, 18]}",19,final,cloud,True,6,1.0,5.0,1.0,0.4816673389868811,-1.4083366949344054,6,de4b66091d634c7ba52e89ee43ae3ff4,19,"{'device_compute': 4.14079986512661e-05, 'd2e_transport': 0.25820923001447227, 'edge_queue': 0.0015613000000485044, 'edge_segment_compute': 0.0, 'edge_exit_head_compute': 0.0, 'edge_exit_check': 0.0, 'e2c_transport': 0.1985334989972216, 'cloud_queue': 0.0022316370013868436, 'cloud_segment_compute': 0.015802266003447585, 'cloud_exit_head_compute': 0.0009689900180092081, 'cloud_exit_check': 0.00041536500793881714, 'total_latency': 0.4816673389868811, 'unattributed_overhead': 0.003903643945704971, 'request_id': 'de4b66091d634c7ba52e89ee43ae3ff4', 'user_id': 0, 'prediction': 6, 'exit_id': 'final', 'exit_boundary_id': 19, 'exit_location': 'cloud', 'confidence': 0.9984622001647949, 'executed_segments_by_node': {'device': [], 'edge': [], 'cloud': [0, 1, 2, 3, 4, 5, 6, 7, 8, 9, 10, 11, 12, 13, 14, 15, 16, 17, 18]}, 'nodes': [{'node': 'device', 'executed_segments': [], 'queue_s': 0.0, 'segment_compute_s': 0.0, 'exit_head_compute_s': 0.0, 'exit_check_s': 0.0, 'worker_elapsed_s': 4.14079986512661e-05}, {'node': 'edge', 'executed_segments': [], 'queue_s': 0.0015613000000485044, 'segment_compute_s': 0.0, 'exit_head_compute_s': 0.0, 'exit_check_s': 0.0, 'worker_elapsed_s': 0.00017329999991488876}, {'node': 'cloud', 'executed_segments': [0, 1, 2, 3, 4, 5, 6, 7, 8, 9, 10, 11, 12, 13, 14, 15, 16, 17, 18], 'queue_s': 0.0022316370013868436, 'segment_compute_s': 0.015802266003447585, 'exit_head_compute_s': 0.0009689900180092081, 'exit_check_s': 0.00041536500793881714, 'worker_elapsed_s': 0.018491014998289756}], 'sample_id': 'balanced_006_0232_00002222', 'label': 6, 'correct': True, 'observed_utility': -1.4083366949344054}",balanced_006_0232_00002222,19,2222,0.47887635231018066,743951635492312822,0.4816673389868811,0.003903643945704971,0
0.0,0.018561283010058105,0.018561283010058105,4.876000457443297e-05,8.170000000973232e-05,0.018561283010058105,0.144469858993034,4.876000457443297e-05,0.3946612589934375,0.2253334180118145,8.170000000973232e-05,0.2473763000002691,0.02204288198845461,0.0028151000001344073,0.0022880129981786013,0.39473214899771847,0.018635194006492384,1784947574.8368037,1784947574.1087577,1784947574.3587577,0.0004258370026946068,0.0009924790065269917,0.0022880129981786013,0.015866279980400577,0.9999915361404419,0.144469858993034,ablate-cloud-only-resnet50-cifar10-pi5-r2-20260725-104554:v1,1,4.876000457443297e-05,unknown,0.2253334180118145,0.0,0.0,0.0013026000001445937,0.0,"{'device': [], 'edge': [], 'cloud': [0, 1, 2, 3, 4, 5, 6, 7, 8, 9, 10, 11, 12, 13, 14, 15, 16, 17, 18]}",19,final,cloud,True,9,1.0,5.0,1.0,0.39473214899771847,-0.9736607449885923,9,75092fbf01fe4fbc8eec3f5a4dd3de63,20,"{'device_compute': 4.876000457443297e-05, 'd2e_transport': 0.144469858993034, 'edge_queue': 0.0013026000001445937, 'edge_segment_compute': 0.0, 'edge_exit_head_compute': 0.0, 'edge_exit_check': 0.0, 'e2c_transport': 0.2253334180118145, 'cloud_queue': 0.0022880129981786013, 'cloud_segment_compute': 0.015866279980400577, 'cloud_exit_head_compute': 0.0009924790065269917, 'cloud_exit_check': 0.0004258370026946068, 'total_latency': 0.39473214899771847, 'unattributed_overhead': 0.0040049030003501684, 'request_id': '75092fbf01fe4fbc8eec3f5a4dd3de63', 'user_id': 0, 'prediction': 9, 'exit_id': 'final', 'exit_boundary_id': 19, 'exit_location': 'cloud', 'confidence': 0.9999915361404419, 'executed_segments_by_node': {'device': [], 'edge': [], 'cloud': [0, 1, 2, 3, 4, 5, 6, 7, 8, 9, 10, 11, 12, 13, 14, 15, 16, 17, 18]}, 'nodes': [{'node': 'device', 'executed_segments': [], 'queue_s': 0.0, 'segment_compute_s': 0.0, 'exit_head_compute_s': 0.0, 'exit_check_s': 0.0, 'worker_elapsed_s': 4.876000457443297e-05}, {'node': 'edge', 'executed_segments': [], 'queue_s': 0.0013026000001445937, 'segment_compute_s': 0.0, 'exit_head_compute_s': 0.0, 'exit_check_s': 0.0, 'worker_elapsed_s': 0.00016030000006139744}, {'node': 'cloud', 'executed_segments': [0, 1, 2, 3, 4, 5, 6, 7, 8, 9, 10, 11, 12, 13, 14, 15, 16, 17, 18], 'queue_s': 0.0022880129981786013, 'segment_compute_s': 0.015866279980400577, 'exit_head_compute_s': 0.0009924790065269917, 'exit_check_s': 0.0004258370026946068, 'worker_elapsed_s': 0.018635194006492384}], 'sample_id': 'balanced_009_0360_00003542', 'label': 9, 'correct': True, 'observed_utility': -0.9736607449885923}",balanced_009_0360_00003542,20,3542,0.4780459403991699,743951635492312822,0.39473214899771847,0.0040049030003501684,0
0.0,0.01855493000766728,0.01855493000766728,3.359297988936305e-05,9.930000032909447e-05,0.01855493000766728,0.15617756798610571,3.359297988936305e-05,0.38854576798621565,0.20678176400087978,9.930000032909447e-05,0.22902840000006108,0.022246635999181308,0.0033398000000488537,0.0022187569993548095,0.38860234298044816,0.018629283003974706,1784947575.2530472,1784947574.5241766,1784947574.7741766,0.0004390399990370497,0.0009759380045579746,0.0022187569993548095,0.015902879982604645,0.9999971389770508,0.15617756798610571,ablate-cloud-only-resnet50-cifar10-pi5-r2-20260725-104554:v1,1,3.359297988936305e-05,unknown,0.20678176400087978,0.0,0.0,0.002058599999600119,0.0,"{'device': [], 'edge': [], 'cloud': [0, 1, 2, 3, 4, 5, 6, 7, 8, 9, 10, 11, 12, 13, 14, 15, 16, 17, 18]}",19,final,cloud,True,1,1.0,5.0,1.0,0.38860234298044816,-0.9430117149022408,1,158af0b0765347fe9ac5ac3089ece4e3,21,"{'device_compute': 3.359297988936305e-05, 'd2e_transport': 0.15617756798610571, 'edge_queue': 0.002058599999600119, 'edge_segment_compute': 0.0, 'edge_exit_head_compute': 0.0, 'edge_exit_check': 0.0, 'e2c_transport': 0.20678176400087978, 'cloud_queue': 0.0022187569993548095, 'cloud_segment_compute': 0.015902879982604645, 'cloud_exit_head_compute': 0.0009759380045579746, 'cloud_exit_check': 0.0004390399990370497, 'total_latency': 0.38860234298044816, 'unattributed_overhead': 0.004014203028418706, 'request_id': '158af0b0765347fe9ac5ac3089ece4e3', 'user_id': 0, 'prediction': 1, 'exit_id': 'final', 'exit_boundary_id': 19, 'exit_location': 'cloud', 'confidence': 0.9999971389770508, 'executed_segments_by_node': {'device': [], 'edge': [], 'cloud': [0, 1, 2, 3, 4, 5, 6, 7, 8, 9, 10, 11, 12, 13, 14, 15, 16, 17, 18]}, 'nodes': [{'node': 'device', 'executed_segments': [], 'queue_s': 0.0, 'segment_compute_s': 0.0, 'exit_head_compute_s': 0.0, 'exit_check_s': 0.0, 'worker_elapsed_s': 3.359297988936305e-05}, {'node': 'edge', 'executed_segments': [], 'queue_s': 0.002058599999600119, 'segment_compute_s': 0.0, 'exit_head_compute_s': 0.0, 'exit_check_s': 0.0, 'worker_elapsed_s': 0.0001930000003085297}, {'node': 'cloud', 'executed_segments': [0, 1, 2, 3, 4, 5, 6, 7, 8, 9, 10, 11, 12, 13, 14, 15, 16, 17, 18], 'queue_s': 0.0022187569993548095, 'segment_compute_s': 0.015902879982604645, 'exit_head_compute_s': 0.0009759380045579746, 'exit_check_s': 0.0004390399990370497, 'worker_elapsed_s': 0.018629283003974706}], 'sample_id': 'balanced_001_0632_00006431', 'label': 1, 'correct': True, 'observed_utility': -0.9430117149022408}",balanced_001_0632_00006431,21,6431,0.4788706302642822,743951635492312822,0.38860234298044816,0.004014203028418706,0
0.0,0.018394737999187782,0.018394737999187782,3.109298995696008e-05,5.0799999826267594e-05,0.018394737999187782,0.15436963899037437,3.109298995696008e-05,0.28084753899020143,0.10171594500161518,5.0799999826267594e-05,0.12455809999983103,0.022842154998215847,0.0019197999999960302,0.002203140000347048,0.28090198498102836,0.018466302994056605,1784947575.668958,1784947574.9376333,1784947575.1876333,0.0004169719904894009,0.0009752589976415038,0.002203140000347048,0.015770842001074925,0.9992938041687012,0.15436963899037437,ablate-cloud-only-resnet50-cifar10-pi5-r2-20260725-104554:v1,1,3.109298995696008e-05,unknown,0.10171594500161518,0.0,0.0,0.0012860000001637673,0.0,"{'device': [], 'edge': [], 'cloud': [0, 1, 2, 3, 4, 5, 6, 7, 8, 9, 10, 11, 12, 13, 14, 15, 16, 17, 18]}",19,final,cloud,True,1,1.0,5.0,1.0,0.28090198498102836,-0.4045099249051418,1,08b65544d8b24a3b8590e4670ed1b923,22,"{'device_compute': 3.109298995696008e-05, 'd2e_transport': 0.15436963899037437, 'edge_queue': 0.0012860000001637673, 'edge_segment_compute': 0.0, 'edge_exit_head_compute': 0.0, 'edge_exit_check': 0.0, 'e2c_transport': 0.10171594500161518, 'cloud_queue': 0.002203140000347048, 'cloud_segment_compute': 0.015770842001074925, 'cloud_exit_head_compute': 0.0009752589976415038, 'cloud_exit_check': 0.0004169719904894009, 'total_latency': 0.28090198498102836, 'unattributed_overhead': 0.004133095009365206, 'request_id': '08b65544d8b24a3b8590e4670ed1b923', 'user_id': 0, 'prediction': 1, 'exit_id': 'final', 'exit_boundary_id': 19, 'exit_location': 'cloud', 'confidence': 0.9992938041687012, 'executed_segments_by_node': {'device': [], 'edge': [], 'cloud': [0, 1, 2, 3, 4, 5, 6, 7, 8, 9, 10, 11, 12, 13, 14, 15, 16, 17, 18]}, 'nodes': [{'node': 'device', 'executed_segments': [], 'queue_s': 0.0, 'segment_compute_s': 0.0, 'exit_head_compute_s': 0.0, 'exit_check_s': 0.0, 'worker_elapsed_s': 3.109298995696008e-05}, {'node': 'edge', 'executed_segments': [], 'queue_s': 0.0012860000001637673, 'segment_compute_s': 0.0, 'exit_head_compute_s': 0.0, 'exit_check_s': 0.0, 'worker_elapsed_s': 0.00010780000002341694}, {'node': 'cloud', 'executed_segments': [0, 1, 2, 3, 4, 5, 6, 7, 8, 9, 10, 11, 12, 13, 14, 15, 16, 17, 18], 'queue_s': 0.002203140000347048, 'segment_compute_s': 0.015770842001074925, 'exit_head_compute_s': 0.0009752589976415038, 'exit_check_s': 0.0004169719904894009, 'worker_elapsed_s': 0.018466302994056605}], 'sample_id': 'balanced_001_0000_00000006', 'label': 1, 'correct': True, 'observed_utility': -0.4045099249051418}",balanced_001_0000_00000006,22,6,0.4813246726989746,743951635492312822,0.28090198498102836,0.004133095009365206,0
0.0,0.018670121993636712,0.018670121993636712,2.824098919518292e-05,8.819999993647798e-05,0.018670121993636712,0.1583020189823401,2.824098919518292e-05,0.27028131898259744,0.08667626099850168,8.819999993647798e-05,0.10931150000033085,0.022635239001829177,0.002667799999926501,0.002469044004101306,0.27033106100861914,0.018737924998276867,1784947575.9823496,1784947575.254193,1784947575.504193,0.00042384298285469413,0.0009981660114135593,0.002469044004101306,0.015985413992893882,0.9999920129776001,0.1583020189823401,ablate-cloud-only-resnet50-cifar10-pi5-r2-20260725-104554:v1,1,2.824098919518292e-05,unknown,0.08667626099850168,0.0,0.0,0.0015953000001900364,0.0,"{'device': [], 'edge': [], 'cloud': [0, 1, 2, 3, 4, 5, 6, 7, 8, 9, 10, 11, 12, 13, 14, 15, 16, 17, 18]}",19,final,cloud,True,3,1.0,5.0,1.0,0.27033106100861914,-0.3516553050430957,3,b80c7a724e6140669fc043e6ab144bc0,23,"{'device_compute': 2.824098919518292e-05, 'd2e_transport': 0.1583020189823401, 'edge_queue': 0.0015953000001900364, 'edge_segment_compute': 0.0, 'edge_exit_head_compute': 0.0, 'edge_exit_check': 0.0, 'e2c_transport': 0.08667626099850168, 'cloud_queue': 0.002469044004101306, 'cloud_segment_compute': 0.015985413992893882, 'cloud_exit_head_compute': 0.0009981660114135593, 'cloud_exit_check': 0.00042384298285469413, 'total_latency': 0.27033106100861914, 'unattributed_overhead': 0.0038527730471287214, 'request_id': 'b80c7a724e6140669fc043e6ab144bc0', 'user_id': 0, 'prediction': 3, 'exit_id': 'final', 'exit_boundary_id': 19, 'exit_location': 'cloud', 'confidence': 0.9999920129776001, 'executed_segments_by_node': {'device': [], 'edge': [], 'cloud': [0, 1, 2, 3, 4, 5, 6, 7, 8, 9, 10, 11, 12, 13, 14, 15, 16, 17, 18]}, 'nodes': [{'node': 'device', 'executed_segments': [], 'queue_s': 0.0, 'segment_compute_s': 0.0, 'exit_head_compute_s': 0.0, 'exit_check_s': 0.0, 'worker_elapsed_s': 2.824098919518292e-05}, {'node': 'edge', 'executed_segments': [], 'queue_s': 0.0015953000001900364, 'segment_compute_s': 0.0, 'exit_head_compute_s': 0.0, 'exit_check_s': 0.0, 'worker_elapsed_s': 0.00017320000006293412}, {'node': 'cloud', 'executed_segments': [0, 1, 2, 3, 4, 5, 6, 7, 8, 9, 10, 11, 12, 13, 14, 15, 16, 17, 18], 'queue_s': 0.002469044004101306, 'segment_compute_s': 0.015985413992893882, 'exit_head_compute_s': 0.0009981660114135593, 'exit_check_s': 0.00042384298285469413, 'worker_elapsed_s': 0.018737924998276867}], 'sample_id': 'balanced_003_0886_00008665', 'label': 3, 'correct': True, 'observed_utility': -0.3516553050430957}",balanced_003_0886_00008665,23,8665,0.47815656661987305,743951635492312822,0.27033106100861914,0.0038527730471287214,0
0.0,0.018545014987466857,0.018545014987466857,2.9834016459062696e-05,9.929999987434712e-05,0.018545014987466857,0.15819075200533916,2.9834016459062696e-05,0.3833739520050585,0.19983297699991454,9.929999987434712e-05,0.2220063999998274,0.022173422999912873,0.003176799999891955,0.002160384989110753,0.38342488001217134,0.018620695002027787,1784947576.275706,1784947575.5453632,1784947575.7953632,0.0004234329826431349,0.0009972789994208142,0.002160384989110753,0.015895143995294347,0.7132797241210938,0.15819075200533916,ablate-cloud-only-resnet50-cifar10-pi5-r2-20260725-104554:v1,1,2.9834016459062696e-05,unknown,0.19983297699991454,0.0,0.0,0.0019358999998075888,0.0,"{'device': [], 'edge': [], 'cloud': [0, 1, 2, 3, 4, 5, 6, 7, 8, 9, 10, 11, 12, 13, 14, 15, 16, 17, 18]}",19,final,cloud,True,0,1.0,5.0,1.0,0.38342488001217134,-0.9171244000608567,0,e838b4ce22b546a8aec0d56abcbde909,24,"{'device_compute': 2.9834016459062696e-05, 'd2e_transport': 0.15819075200533916, 'edge_queue': 0.0019358999998075888, 'edge_segment_compute': 0.0, 'edge_exit_head_compute': 0.0, 'edge_exit_check': 0.0, 'e2c_transport': 0.19983297699991454, 'cloud_queue': 0.002160384989110753, 'cloud_segment_compute': 0.015895143995294347, 'cloud_exit_head_compute': 0.0009972789994208142, 'cloud_exit_check': 0.0004234329826431349, 'total_latency': 0.38342488001217134, 'unattributed_overhead': 0.003959176024181943, 'request_id': 'e838b4ce22b546a8aec0d56abcbde909', 'user_id': 0, 'prediction': 0, 'exit_id': 'final', 'exit_boundary_id': 19, 'exit_location': 'cloud', 'confidence': 0.7132797241210938, 'executed_segments_by_node': {'device': [], 'edge': [], 'cloud': [0, 1, 2, 3, 4, 5, 6, 7, 8, 9, 10, 11, 12, 13, 14, 15, 16, 17, 18]}, 'nodes': [{'node': 'device', 'executed_segments': [], 'queue_s': 0.0, 'segment_compute_s': 0.0, 'exit_head_compute_s': 0.0, 'exit_check_s': 0.0, 'worker_elapsed_s': 2.9834016459062696e-05}, {'node': 'edge', 'executed_segments': [], 'queue_s': 0.0019358999998075888, 'segment_compute_s': 0.0, 'exit_head_compute_s': 0.0, 'exit_check_s': 0.0, 'worker_elapsed_s': 0.00019100000008620555}, {'node': 'cloud', 'executed_segments': [0, 1, 2, 3, 4, 5, 6, 7, 8, 9, 10, 11, 12, 13, 14, 15, 16, 17, 18], 'queue_s': 0.002160384989110753, 'segment_compute_s': 0.015895143995294347, 'exit_head_compute_s': 0.0009972789994208142, 'exit_check_s': 0.0004234329826431349, 'worker_elapsed_s': 0.018620695002027787}], 'sample_id': 'balanced_000_0701_00006980', 'label': 0, 'correct': True, 'observed_utility': -0.9171244000608567}",balanced_000_0701_00006980,24,6980,0.4803428649902344,743951635492312822,0.38342488001217134,0.003959176024181943,0
0.0,0.018215486998087727,0.018215486998087727,3.451999509707093e-05,0.00014110000029177172,0.018215486998087727,0.16809058399894639,3.451999509707093e-05,0.390430783998454,0.19478994000292005,0.00014110000029177172,0.21743049999986397,0.02264055999694392,0.004909699999643635,0.002930654998635873,0.39049017499201,0.01828521200513933,1784947576.680928,1784947575.9526408,1784947576.2026408,0.00040561701462138444,0.0009713539766380563,0.002930654998635873,0.015623372994014062,0.9999691247940063,0.16809058399894639,ablate-cloud-only-resnet50-cifar10-pi5-r2-20260725-104554:v1,1,3.451999509707093e-05,unknown,0.19478994000292005,0.0,0.0,0.0032375999999203486,0.0,"{'device': [], 'edge': [], 'cloud': [0, 1, 2, 3, 4, 5, 6, 7, 8, 9, 10, 11, 12, 13, 14, 15, 16, 17, 18]}",19,final,cloud,True,5,1.0,5.0,1.0,0.39049017499201,-0.95245087496005,5,41270da078a64421bbe40708136d5f56,25,"{'device_compute': 3.451999509707093e-05, 'd2e_transport': 0.16809058399894639, 'edge_queue': 0.0032375999999203486, 'edge_segment_compute': 0.0, 'edge_exit_head_compute': 0.0, 'edge_exit_check': 0.0, 'e2c_transport': 0.19478994000292005, 'cloud_queue': 0.002930654998635873, 'cloud_segment_compute': 0.015623372994014062, 'cloud_exit_head_compute': 0.0009713539766380563, 'cloud_exit_check': 0.00040561701462138444, 'total_latency': 0.39049017499201, 'unattributed_overhead': 0.004406532011216768, 'request_id': '41270da078a64421bbe40708136d5f56', 'user_id': 0, 'prediction': 5, 'exit_id': 'final', 'exit_boundary_id': 19, 'exit_location': 'cloud', 'confidence': 0.9999691247940063, 'executed_segments_by_node': {'device': [], 'edge': [], 'cloud': [0, 1, 2, 3, 4, 5, 6, 7, 8, 9, 10, 11, 12, 13, 14, 15, 16, 17, 18]}, 'nodes': [{'node': 'device', 'executed_segments': [], 'queue_s': 0.0, 'segment_compute_s': 0.0, 'exit_head_compute_s': 0.0, 'exit_check_s': 0.0, 'worker_elapsed_s': 3.451999509707093e-05}, {'node': 'edge', 'executed_segments': [], 'queue_s': 0.0032375999999203486, 'segment_compute_s': 0.0, 'exit_head_compute_s': 0.0, 'exit_check_s': 0.0, 'worker_elapsed_s': 0.0002801000000545173}, {'node': 'cloud', 'executed_segments': [0, 1, 2, 3, 4, 5, 6, 7, 8, 9, 10, 11, 12, 13, 14, 15, 16, 17, 18], 'queue_s': 0.002930654998635873, 'segment_compute_s': 0.015623372994014062, 'exit_head_compute_s': 0.0009713539766380563, 'exit_check_s': 0.00040561701462138444, 'worker_elapsed_s': 0.01828521200513933}], 'sample_id': 'balanced_005_0615_00006122', 'label': 5, 'correct': True, 'observed_utility': -0.95245087496005}",balanced_005_0615_00006122,25,6122,0.4782872200012207,743951635492312822,0.39049017499201,0.004406532011216768,0
0.0,0.01867420898634009,0.01867420898634009,4.5482011046260595e-05,9.999999974752427e-05,0.01867420898634009,0.14399971200600703,4.5482011046260595e-05,0.3785413120058365,0.20909595001239722,9.999999974752427e-05,0.23142150000012407,0.022325549987726845,0.003120099999705417,0.0021670860005542636,0.37860944200656377,0.01874667900847271,1784947577.0968113,1784947576.3664863,1784947576.6164863,0.00042793896864168346,0.000988700005109422,0.0021670860005542636,0.016013172949897125,0.9999668598175049,0.14399971200600703,ablate-cloud-only-resnet50-cifar10-pi5-r2-20260725-104554:v1,1,4.5482011046260595e-05,unknown,0.20909595001239722,0.0,0.0,0.0018572000003587164,0.0,"{'device': [], 'edge': [], 'cloud': [0, 1, 2, 3, 4, 5, 6, 7, 8, 9, 10, 11, 12, 13, 14, 15, 16, 17, 18]}",19,final,cloud,True,6,1.0,5.0,1.0,0.37860944200656377,-0.8930472100328188,6,3417bb5ac7084440a8941cd9dd7aa21b,26,"{'device_compute': 4.5482011046260595e-05, 'd2e_transport': 0.14399971200600703, 'edge_queue': 0.0018572000003587164, 'edge_segment_compute': 0.0, 'edge_exit_head_compute': 0.0, 'edge_exit_check': 0.0, 'e2c_transport': 0.20909595001239722, 'cloud_queue': 0.0021670860005542636, 'cloud_segment_compute': 0.016013172949897125, 'cloud_exit_head_compute': 0.000988700005109422, 'cloud_exit_check': 0.00042793896864168346, 'total_latency': 0.37860944200656377, 'unattributed_overhead': 0.004014200052552042, 'request_id': '3417bb5ac7084440a8941cd9dd7aa21b', 'user_id': 0, 'prediction': 6, 'exit_id': 'final', 'exit_boundary_id': 19, 'exit_location': 'cloud', 'confidence': 0.9999668598175049, 'executed_segments_by_node': {'device': [], 'edge': [], 'cloud': [0, 1, 2, 3, 4, 5, 6, 7, 8, 9, 10, 11, 12, 13, 14, 15, 16, 17, 18]}, 'nodes': [{'node': 'device', 'executed_segments': [], 'queue_s': 0.0, 'segment_compute_s': 0.0, 'exit_head_compute_s': 0.0, 'exit_check_s': 0.0, 'worker_elapsed_s': 4.5482011046260595e-05}, {'node': 'edge', 'executed_segments': [], 'queue_s': 0.0018572000003587164, 'segment_compute_s': 0.0, 'exit_head_compute_s': 0.0, 'exit_check_s': 0.0, 'worker_elapsed_s': 0.00019799999972747173}, {'node': 'cloud', 'executed_segments': [0, 1, 2, 3, 4, 5, 6, 7, 8, 9, 10, 11, 12, 13, 14, 15, 16, 17, 18], 'queue_s': 0.0021670860005542636, 'segment_compute_s': 0.016013172949897125, 'exit_head_compute_s': 0.000988700005109422, 'exit_check_s': 0.00042793896864168346, 'worker_elapsed_s': 0.01874667900847271}], 'sample_id': 'balanced_006_0123_00001071', 'label': 6, 'correct': True, 'observed_utility': -0.8930472100328188}",balanced_006_0123_00001071,26,1071,0.48032498359680176,743951635492312822,0.37860944200656377,0.004014200052552042,0
0.0,0.008890059005352668,0.008890059005352668,3.1055998988449574e-05,0.00015180000036707497,0.008890059005352668,0.13312662800990438,3.1055998988449574e-05,0.37811672801035456,0.23044137299484646,0.00015180000036707497,0.2427866000002723,0.01234522700542584,0.0022035000001778826,0.0021128289954504,0.3781694319914095,0.008928219001973048,1784947577.511123,1784947576.7789214,1784947577.0289214,0.00021688599372282624,0.0005047979939263314,0.0021128289954504,0.007550937982159667,0.9990389347076416,0.13312662800990438,ablate-cloud-only-resnet50-cifar10-pi5-r2-20260725-104554:v1,1,3.1055998988449574e-05,unknown,0.23044137299484646,0.0,0.0,0.001382000000376138,0.0,"{'device': [], 'edge': [], 'cloud': [0, 1, 2, 3, 4, 5, 6, 7, 8, 9, 10, 11, 12, 13, 14, 15, 16, 17, 18]}",19,final,cloud,True,2,1.0,5.0,1.0,0.3781694319914095,-0.8908471599570476,2,4b0b7956b8e24990a0cc5749780281e0,27,"{'device_compute': 3.1055998988449574e-05, 'd2e_transport': 0.13312662800990438, 'edge_queue': 0.001382000000376138, 'edge_segment_compute': 0.0, 'edge_exit_head_compute': 0.0, 'edge_exit_check': 0.0, 'e2c_transport': 0.23044137299484646, 'cloud_queue': 0.0021128289954504, 'cloud_segment_compute': 0.007550937982159667, 'cloud_exit_head_compute': 0.0005047979939263314, 'cloud_exit_check': 0.00021688599372282624, 'total_latency': 0.3781694319914095, 'unattributed_overhead': 0.0028029240220348584, 'request_id': '4b0b7956b8e24990a0cc5749780281e0', 'user_id': 0, 'prediction': 2, 'exit_id': 'final', 'exit_boundary_id': 19, 'exit_location': 'cloud', 'confidence': 0.9990389347076416, 'executed_segments_by_node': {'device': [], 'edge': [], 'cloud': [0, 1, 2, 3, 4, 5, 6, 7, 8, 9, 10, 11, 12, 13, 14, 15, 16, 17, 18]}, 'nodes': [{'node': 'device', 'executed_segments': [], 'queue_s': 0.0, 'segment_compute_s': 0.0, 'exit_head_compute_s': 0.0, 'exit_check_s': 0.0, 'worker_elapsed_s': 3.1055998988449574e-05}, {'node': 'edge', 'executed_segments': [], 'queue_s': 0.001382000000376138, 'segment_compute_s': 0.0, 'exit_head_compute_s': 0.0, 'exit_check_s': 0.0, 'worker_elapsed_s': 0.00024539999958506087}, {'node': 'cloud', 'executed_segments': [0, 1, 2, 3, 4, 5, 6, 7, 8, 9, 10, 11, 12, 13, 14, 15, 16, 17, 18], 'queue_s': 0.0021128289954504, 'segment_compute_s': 0.007550937982159667, 'exit_head_compute_s': 0.0005047979939263314, 'exit_check_s': 0.00021688599372282624, 'worker_elapsed_s': 0.008928219001973048}], 'sample_id': 'balanced_002_0048_00000450', 'label': 2, 'correct': True, 'observed_utility': -0.8908471599570476}",balanced_002_0048_00000450,27,450,0.48220157623291016,743951635492312822,0.3781694319914095,0.0028029240220348584,0
0.0,0.018642698996700346,0.018642698996700346,2.9963994165882468e-05,9.730000010677031e-05,0.018642698996700346,0.09295104297461876,2.9963994165882468e-05,0.25460794297396205,0.1362387060112269,9.730000010677031e-05,0.15845479999961753,0.02221609398839064,0.0032020999997257604,0.0021365819993661717,0.25465923998854123,0.018715864003752358,1784947577.9430053,1784947577.2042396,1784947577.4542396,0.00043091000407002866,0.0009978119924198836,0.0021365819993661717,0.015952880014083348,0.9127683639526367,0.09295104297461876,ablate-cloud-only-resnet50-cifar10-pi5-r2-20260725-104554:v1,1,2.9963994165882468e-05,unknown,0.1362387060112269,0.0,0.0,0.001699099999768805,0.0,"{'device': [], 'edge': [], 'cloud': [0, 1, 2, 3, 4, 5, 6, 7, 8, 9, 10, 11, 12, 13, 14, 15, 16, 17, 18]}",19,final,cloud,True,2,1.0,5.0,1.0,0.25465923998854123,-0.27329619994270615,2,c11823378e57404e947d9aabdf0107d8,28,"{'device_compute': 2.9963994165882468e-05, 'd2e_transport': 0.09295104297461876, 'edge_queue': 0.001699099999768805, 'edge_segment_compute': 0.0, 'edge_exit_head_compute': 0.0, 'edge_exit_check': 0.0, 'e2c_transport': 0.1362387060112269, 'cloud_queue': 0.0021365819993661717, 'cloud_segment_compute': 0.015952880014083348, 'cloud_exit_head_compute': 0.0009978119924198836, 'cloud_exit_check': 0.00043091000407002866, 'total_latency': 0.25465923998854123, 'unattributed_overhead': 0.004222242998821457, 'request_id': 'c11823378e57404e947d9aabdf0107d8', 'user_id': 0, 'prediction': 2, 'exit_id': 'final', 'exit_boundary_id': 19, 'exit_location': 'cloud', 'confidence': 0.9127683639526367, 'executed_segments_by_node': {'device': [], 'edge': [], 'cloud': [0, 1, 2, 3, 4, 5, 6, 7, 8, 9, 10, 11, 12, 13, 14, 15, 16, 17, 18]}, 'nodes': [{'node': 'device', 'executed_segments': [], 'queue_s': 0.0, 'segment_compute_s': 0.0, 'exit_head_compute_s': 0.0, 'exit_check_s': 0.0, 'worker_elapsed_s': 2.9963994165882468e-05}, {'node': 'edge', 'executed_segments': [], 'queue_s': 0.001699099999768805, 'segment_compute_s': 0.0, 'exit_head_compute_s': 0.0, 'exit_check_s': 0.0, 'worker_elapsed_s': 0.000189200000022538}, {'node': 'cloud', 'executed_segments': [0, 1, 2, 3, 4, 5, 6, 7, 8, 9, 10, 11, 12, 13, 14, 15, 16, 17, 18], 'queue_s': 0.0021365819993661717, 'segment_compute_s': 0.015952880014083348, 'exit_head_compute_s': 0.0009978119924198836, 'exit_check_s': 0.00043091000407002866, 'worker_elapsed_s': 0.018715864003752358}], 'sample_id': 'balanced_002_0130_00001330', 'label': 2, 'correct': True, 'observed_utility': -0.27329619994270615}",balanced_002_0130_00001330,28,1330,0.4887657165527344,743951635492312822,0.25465923998854123,0.004222242998821457,0
0.0,0.018492560004233383,0.018492560004233383,3.0481984140351415e-05,8.919999982026638e-05,0.018492560004233383,0.1312511570049537,3.0481984140351415e-05,0.38720295700477436,0.2292420790035976,8.919999982026638e-05,0.25127659999998286,0.022034520996385254,0.004675199999837787,0.0021127549989614636,0.38725484698079526,0.018562152996310033,1784947578.2184625,1784947577.4902942,1784947577.7402942,0.00041997300286311656,0.0009812939970288426,0.0021127549989614636,0.01585751902894117,0.999997615814209,0.1312511570049537,ablate-cloud-only-resnet50-cifar10-pi5-r2-20260725-104554:v1,1,3.0481984140351415e-05,unknown,0.2292420790035976,0.0,0.0,0.0036134000001766253,0.0,"{'device': [], 'edge': [], 'cloud': [0, 1, 2, 3, 4, 5, 6, 7, 8, 9, 10, 11, 12, 13, 14, 15, 16, 17, 18]}",19,final,cloud,True,9,1.0,5.0,1.0,0.38725484698079526,-0.9362742349039763,9,946180dbaa1142ae8d6d838ac29e63c1,29,"{'device_compute': 3.0481984140351415e-05, 'd2e_transport': 0.1312511570049537, 'edge_queue': 0.0036134000001766253, 'edge_segment_compute': 0.0, 'edge_exit_head_compute': 0.0, 'edge_exit_check': 0.0, 'e2c_transport': 0.2292420790035976, 'cloud_queue': 0.0021127549989614636, 'cloud_segment_compute': 0.01585751902894117, 'cloud_exit_head_compute': 0.0009812939970288426, 'cloud_exit_check': 0.00041997300286311656, 'total_latency': 0.38725484698079526, 'unattributed_overhead': 0.0037461879601323744, 'request_id': '946180dbaa1142ae8d6d838ac29e63c1', 'user_id': 0, 'prediction': 9, 'exit_id': 'final', 'exit_boundary_id': 19, 'exit_location': 'cloud', 'confidence': 0.999997615814209, 'executed_segments_by_node': {'device': [], 'edge': [], 'cloud': [0, 1, 2, 3, 4, 5, 6, 7, 8, 9, 10, 11, 12, 13, 14, 15, 16, 17, 18]}, 'nodes': [{'node': 'device', 'executed_segments': [], 'queue_s': 0.0, 'segment_compute_s': 0.0, 'exit_head_compute_s': 0.0, 'exit_check_s': 0.0, 'worker_elapsed_s': 3.0481984140351415e-05}, {'node': 'edge', 'executed_segments': [], 'queue_s': 0.0036134000001766253, 'segment_compute_s': 0.0, 'exit_head_compute_s': 0.0, 'exit_check_s': 0.0, 'worker_elapsed_s': 0.0001772000000528351}, {'node': 'cloud', 'executed_segments': [0, 1, 2, 3, 4, 5, 6, 7, 8, 9, 10, 11, 12, 13, 14, 15, 16, 17, 18], 'queue_s': 0.0021127549989614636, 'segment_compute_s': 0.01585751902894117, 'exit_head_compute_s': 0.0009812939970288426, 'exit_check_s': 0.00041997300286311656, 'worker_elapsed_s': 0.018562152996310033}], 'sample_id': 'balanced_009_0394_00003841', 'label': 9, 'correct': True, 'observed_utility': -0.9362742349039763}",balanced_009_0394_00003841,29,3841,0.478168249130249,743951635492312822,0.38725484698079526,0.0037461879601323744,0
0.0,0.018147827999200672,0.018147827999200672,2.8593989554792643e-05,7.469999991371878e-05,0.018147827999200672,0.14228274300467092,2.8593989554792643e-05,0.3851885430049151,0.21866823999835105,7.469999991371878e-05,0.24061570000003485,0.021947460001683794,0.0022901000002093497,0.002309400006197393,0.385237785987556,0.018213286995887756,1784947578.6300788,1784947577.9008865,1784947578.1508865,0.00040344301669392735,0.000945045001571998,0.002309400006197393,0.015586231966153719,0.9003646373748779,0.14228274300467092,ablate-cloud-only-resnet50-cifar10-pi5-r2-20260725-104554:v1,1,2.8593989554792643e-05,unknown,0.21866823999835105,0.0,0.0,0.0012633999999707157,0.0,"{'device': [], 'edge': [], 'cloud': [0, 1, 2, 3, 4, 5, 6, 7, 8, 9, 10, 11, 12, 13, 14, 15, 16, 17, 18]}",19,final,cloud,True,0,1.0,5.0,1.0,0.385237785987556,-0.9261889299377799,0,23a1f7d8ea754ebd80460b9d4236fe81,30,"{'device_compute': 2.8593989554792643e-05, 'd2e_transport': 0.14228274300467092, 'edge_queue': 0.0012633999999707157, 'edge_segment_compute': 0.0, 'edge_exit_head_compute': 0.0, 'edge_exit_check': 0.0, 'e2c_transport': 0.21866823999835105, 'cloud_queue': 0.002309400006197393, 'cloud_segment_compute': 0.015586231966153719, 'cloud_exit_head_compute': 0.000945045001571998, 'cloud_exit_check': 0.00040344301669392735, 'total_latency': 0.385237785987556, 'unattributed_overhead': 0.003750689004391461, 'request_id': '23a1f7d8ea754ebd80460b9d4236fe81', 'user_id': 0, 'prediction': 0, 'exit_id': 'final', 'exit_boundary_id': 19, 'exit_location': 'cloud', 'confidence': 0.9003646373748779, 'executed_segments_by_node': {'device': [], 'edge': [], 'cloud': [0, 1, 2, 3, 4, 5, 6, 7, 8, 9, 10, 11, 12, 13, 14, 15, 16, 17, 18]}, 'nodes': [{'node': 'device', 'executed_segments': [], 'queue_s': 0.0, 'segment_compute_s': 0.0, 'exit_head_compute_s': 0.0, 'exit_check_s': 0.0, 'worker_elapsed_s': 2.8593989554792643e-05}, {'node': 'edge', 'executed_segments': [], 'queue_s': 0.0012633999999707157, 'segment_compute_s': 0.0, 'exit_head_compute_s': 0.0, 'exit_check_s': 0.0, 'worker_elapsed_s': 0.00014810000038778526}, {'node': 'cloud', 'executed_segments': [0, 1, 2, 3, 4, 5, 6, 7, 8, 9, 10, 11, 12, 13, 14, 15, 16, 17, 18], 'queue_s': 0.002309400006197393, 'segment_compute_s': 0.015586231966153719, 'exit_head_compute_s': 0.000945045001571998, 'exit_check_s': 0.00040344301669392735, 'worker_elapsed_s': 0.018213286995887756}], 'sample_id': 'balanced_000_0886_00008960', 'label': 0, 'correct': True, 'observed_utility': -0.9261889299377799}",balanced_000_0886_00008960,30,8960,0.47919225692749023,743951635492312822,0.385237785987556,0.003750689004391461,0
0.0,0.01851258300303016,0.01851258300303016,3.1723000574856997e-05,7.719999985056347e-05,0.01851258300303016,0.13943357999733053,3.1723000574856997e-05,0.3880553799972404,0.22392491999062258,7.719999985056347e-05,0.24610729999994874,0.022182380009326153,0.0025144999999611173,0.00222104400745593,0.38810934498906136,0.018587140992167406,1784947579.0376234,1784947578.3082826,1784947578.5582826,0.00042697299795690924,0.000980356999207288,0.00222104400745593,0.0158336789754685,0.7898715734481812,0.13943357999733053,ablate-cloud-only-resnet50-cifar10-pi5-r2-20260725-104554:v1,1,3.1723000574856997e-05,unknown,0.22392491999062258,0.0,0.0,0.0015171999998528918,0.0,"{'device': [], 'edge': [], 'cloud': [0, 1, 2, 3, 4, 5, 6, 7, 8, 9, 10, 11, 12, 13, 14, 15, 16, 17, 18]}",19,final,cloud,False,6,1.0,5.0,0.0,0.38810934498906136,-1.9405467249453068,2,b33b1f06aaec4d45ad44d391a5ca09a2,31,"{'device_compute': 3.1723000574856997e-05, 'd2e_transport': 0.13943357999733053, 'edge_queue': 0.0015171999998528918, 'edge_segment_compute': 0.0, 'edge_exit_head_compute': 0.0, 'edge_exit_check': 0.0, 'e2c_transport': 0.22392491999062258, 'cloud_queue': 0.00222104400745593, 'cloud_segment_compute': 0.0158336789754685, 'cloud_exit_head_compute': 0.000980356999207288, 'cloud_exit_check': 0.00042697299795690924, 'total_latency': 0.38810934498906136, 'unattributed_overhead': 0.0037398690205918683, 'request_id': 'b33b1f06aaec4d45ad44d391a5ca09a2', 'user_id': 0, 'prediction': 2, 'exit_id': 'final', 'exit_boundary_id': 19, 'exit_location': 'cloud', 'confidence': 0.7898715734481812, 'executed_segments_by_node': {'device': [], 'edge': [], 'cloud': [0, 1, 2, 3, 4, 5, 6, 7, 8, 9, 10, 11, 12, 13, 14, 15, 16, 17, 18]}, 'nodes': [{'node': 'device', 'executed_segments': [], 'queue_s': 0.0, 'segment_compute_s': 0.0, 'exit_head_compute_s': 0.0, 'exit_check_s': 0.0, 'worker_elapsed_s': 3.1723000574856997e-05}, {'node': 'edge', 'executed_segments': [], 'queue_s': 0.0015171999998528918, 'segment_compute_s': 0.0, 'exit_head_compute_s': 0.0, 'exit_check_s': 0.0, 'worker_elapsed_s': 0.00016690000029484509}, {'node': 'cloud', 'executed_segments': [0, 1, 2, 3, 4, 5, 6, 7, 8, 9, 10, 11, 12, 13, 14, 15, 16, 17, 18], 'queue_s': 0.00222104400745593, 'segment_compute_s': 0.0158336789754685, 'exit_head_compute_s': 0.000980356999207288, 'exit_check_s': 0.00042697299795690924, 'worker_elapsed_s': 0.018587140992167406}], 'sample_id': 'balanced_006_0395_00003996', 'label': 6, 'correct': False, 'observed_utility': -1.9405467249453068}",balanced_006_0395_00003996,31,3996,0.4793407917022705,743951635492312822,0.38810934498906136,0.0037398690205918683,0
0.0,0.018470691007678397,0.018470691007678397,2.9982009436935186e-05,7.580000010420918e-05,0.018470691007678397,0.13124418700635943,2.9982009436935186e-05,0.37594608700601384,0.21296030000894461,7.580000010420918e-05,0.23497859999997672,0.02201829999103211,0.009723299999677693,0.0020990960038034245,0.3759982180199586,0.018539011987741105,1784947579.4594848,1784947578.7307022,1784947578.9807022,0.0004099810030311346,0.0009816600068006665,0.0020990960038034245,0.015858385973842815,0.9985498785972595,0.13124418700635943,ablate-cloud-only-resnet50-cifar10-pi5-r2-20260725-104554:v1,1,2.9982009436935186e-05,unknown,0.21296030000894461,0.0,0.0,0.00878229999989344,0.0,"{'device': [], 'edge': [], 'cloud': [0, 1, 2, 3, 4, 5, 6, 7, 8, 9, 10, 11, 12, 13, 14, 15, 16, 17, 18]}",19,final,cloud,True,7,1.0,5.0,1.0,0.3759982180199586,-0.8799910900997929,7,5c03cc61306b4e368e8f542341f298ad,32,"{'device_compute': 2.9982009436935186e-05, 'd2e_transport': 0.13124418700635943, 'edge_queue': 0.00878229999989344, 'edge_segment_compute': 0.0, 'edge_exit_head_compute': 0.0, 'edge_exit_check': 0.0, 'e2c_transport': 0.21296030000894461, 'cloud_queue': 0.0020990960038034245, 'cloud_segment_compute': 0.015858385973842815, 'cloud_exit_head_compute': 0.0009816600068006665, 'cloud_exit_check': 0.0004099810030311346, 'total_latency': 0.3759982180199586, 'unattributed_overhead': 0.0036323260078461317, 'request_id': '5c03cc61306b4e368e8f542341f298ad', 'user_id': 0, 'prediction': 7, 'exit_id': 'final', 'exit_boundary_id': 19, 'exit_location': 'cloud', 'confidence': 0.9985498785972595, 'executed_segments_by_node': {'device': [], 'edge': [], 'cloud': [0, 1, 2, 3, 4, 5, 6, 7, 8, 9, 10, 11, 12, 13, 14, 15, 16, 17, 18]}, 'nodes': [{'node': 'device', 'executed_segments': [], 'queue_s': 0.0, 'segment_compute_s': 0.0, 'exit_head_compute_s': 0.0, 'exit_check_s': 0.0, 'worker_elapsed_s': 2.9982009436935186e-05}, {'node': 'edge', 'executed_segments': [], 'queue_s': 0.00878229999989344, 'segment_compute_s': 0.0, 'exit_head_compute_s': 0.0, 'exit_check_s': 0.0, 'worker_elapsed_s': 0.0001617000002624991}, {'node': 'cloud', 'executed_segments': [0, 1, 2, 3, 4, 5, 6, 7, 8, 9, 10, 11, 12, 13, 14, 15, 16, 17, 18], 'queue_s': 0.0020990960038034245, 'segment_compute_s': 0.015858385973842815, 'exit_head_compute_s': 0.0009816600068006665, 'exit_check_s': 0.0004099810030311346, 'worker_elapsed_s': 0.018539011987741105}], 'sample_id': 'balanced_007_0665_00006517', 'label': 7, 'correct': True, 'observed_utility': -0.8799910900997929}",balanced_007_0665_00006517,32,6517,0.47878265380859375,743951635492312822,0.3759982180199586,0.0036323260078461317,0
0.0,0.018452429998433217,0.018452429998433217,3.0925992177799344e-05,0.00014209999972081278,0.018452429998433217,0.14216049901460792,3.0925992177799344e-05,0.3760057990148198,0.2086854750045859,0.00014209999972081278,0.23080179999988104,0.022116324995295145,0.0030435000003308232,0.0021839569963049144,0.37605839199386537,0.018522685000789352,1784947579.869098,1784947579.1409843,1784947579.3909843,0.0004148250009166077,0.000977826988673769,0.0021839569963049144,0.01580903001013212,0.999996542930603,0.14216049901460792,ablate-cloud-only-resnet50-cifar10-pi5-r2-20260725-104554:v1,1,3.0925992177799344e-05,unknown,0.2086854750045859,0.0,0.0,0.0017304999996667902,0.0,"{'device': [], 'edge': [], 'cloud': [0, 1, 2, 3, 4, 5, 6, 7, 8, 9, 10, 11, 12, 13, 14, 15, 16, 17, 18]}",19,final,cloud,True,2,1.0,5.0,1.0,0.37605839199386537,-0.8802919599693269,2,f69ba0f8af944f5a90740b1fbb1ce8e8,33,"{'device_compute': 3.0925992177799344e-05, 'd2e_transport': 0.14216049901460792, 'edge_queue': 0.0017304999996667902, 'edge_segment_compute': 0.0, 'edge_exit_head_compute': 0.0, 'edge_exit_check': 0.0, 'e2c_transport': 0.2086854750045859, 'cloud_queue': 0.0021839569963049144, 'cloud_segment_compute': 0.01580903001013212, 'cloud_exit_head_compute': 0.000977826988673769, 'cloud_exit_check': 0.0004148250009166077, 'total_latency': 0.37605839199386537, 'unattributed_overhead': 0.004065352986799553, 'request_id': 'f69ba0f8af944f5a90740b1fbb1ce8e8', 'user_id': 0, 'prediction': 2, 'exit_id': 'final', 'exit_boundary_id': 19, 'exit_location': 'cloud', 'confidence': 0.999996542930603, 'executed_segments_by_node': {'device': [], 'edge': [], 'cloud': [0, 1, 2, 3, 4, 5, 6, 7, 8, 9, 10, 11, 12, 13, 14, 15, 16, 17, 18]}, 'nodes': [{'node': 'device', 'executed_segments': [], 'queue_s': 0.0, 'segment_compute_s': 0.0, 'exit_head_compute_s': 0.0, 'exit_check_s': 0.0, 'worker_elapsed_s': 3.0925992177799344e-05}, {'node': 'edge', 'executed_segments': [], 'queue_s': 0.0017304999996667902, 'segment_compute_s': 0.0, 'exit_head_compute_s': 0.0, 'exit_check_s': 0.0, 'worker_elapsed_s': 0.00024470000016663107}, {'node': 'cloud', 'executed_segments': [0, 1, 2, 3, 4, 5, 6, 7, 8, 9, 10, 11, 12, 13, 14, 15, 16, 17, 18], 'queue_s': 0.0021839569963049144, 'segment_compute_s': 0.01580903001013212, 'exit_head_compute_s': 0.000977826988673769, 'exit_check_s': 0.0004148250009166077, 'worker_elapsed_s': 0.018522685000789352}], 'sample_id': 'balanced_002_0464_00004429', 'label': 2, 'correct': True, 'observed_utility': -0.8802919599693269}",balanced_002_0464_00004429,33,4429,0.47811365127563477,743951635492312822,0.37605839199386537,0.004065352986799553,0
0.0,0.017021096995449625,0.017021096995449625,3.339000977575779e-05,9.779999982129084e-05,0.017021096995449625,0.15083397198350212,3.339000977575779e-05,0.3747031719831284,0.19781000600005427,9.779999982129084e-05,0.22047859999975117,0.022668593999696895,0.0033905999998751213,0.002102839993312955,0.3747606360120699,0.017086285995901562,1784947580.274915,1784947579.5418222,1784947579.7918222,0.0003843259910354391,0.0010020249901572242,0.002102839993312955,0.014482779006357305,0.9989884495735168,0.15083397198350212,ablate-cloud-only-resnet50-cifar10-pi5-r2-20260725-104554:v1,1,3.339000977575779e-05,unknown,0.19781000600005427,0.0,0.0,0.002059599999938655,0.0,"{'device': [], 'edge': [], 'cloud': [0, 1, 2, 3, 4, 5, 6, 7, 8, 9, 10, 11, 12, 13, 14, 15, 16, 17, 18]}",19,final,cloud,True,8,1.0,5.0,1.0,0.3747606360120699,-0.8738031800603494,8,1669354ff5b048f98031c7d157c992cf,34,"{'device_compute': 3.339000977575779e-05, 'd2e_transport': 0.15083397198350212, 'edge_queue': 0.002059599999938655, 'edge_segment_compute': 0.0, 'edge_exit_head_compute': 0.0, 'edge_exit_check': 0.0, 'e2c_transport': 0.19781000600005427, 'cloud_queue': 0.002102839993312955, 'cloud_segment_compute': 0.014482779006357305, 'cloud_exit_head_compute': 0.0010020249901572242, 'cloud_exit_check': 0.0003843259910354391, 'total_latency': 0.3747606360120699, 'unattributed_overhead': 0.0060516980379361485, 'request_id': '1669354ff5b048f98031c7d157c992cf', 'user_id': 0, 'prediction': 8, 'exit_id': 'final', 'exit_boundary_id': 19, 'exit_location': 'cloud', 'confidence': 0.9989884495735168, 'executed_segments_by_node': {'device': [], 'edge': [], 'cloud': [0, 1, 2, 3, 4, 5, 6, 7, 8, 9, 10, 11, 12, 13, 14, 15, 16, 17, 18]}, 'nodes': [{'node': 'device', 'executed_segments': [], 'queue_s': 0.0, 'segment_compute_s': 0.0, 'exit_head_compute_s': 0.0, 'exit_check_s': 0.0, 'worker_elapsed_s': 3.339000977575779e-05}, {'node': 'edge', 'executed_segments': [], 'queue_s': 0.002059599999938655, 'segment_compute_s': 0.0, 'exit_head_compute_s': 0.0, 'exit_check_s': 0.0, 'worker_elapsed_s': 0.00019500000007610652}, {'node': 'cloud', 'executed_segments': [0, 1, 2, 3, 4, 5, 6, 7, 8, 9, 10, 11, 12, 13, 14, 15, 16, 17, 18], 'queue_s': 0.002102839993312955, 'segment_compute_s': 0.014482779006357305, 'exit_head_compute_s': 0.0010020249901572242, 'exit_check_s': 0.0003843259910354391, 'worker_elapsed_s': 0.017086285995901562}], 'sample_id': 'balanced_008_0992_00009932', 'label': 8, 'correct': True, 'observed_utility': -0.8738031800603494}",balanced_008_0992_00009932,34,9932,0.4830927848815918,743951635492312822,0.3747606360120699,0.0060516980379361485,0
0.0,0.01870789199892897,0.01870789199892897,3.320502582937479e-05,7.679999998799758e-05,0.01870789199892897,0.16731471998900815,3.320502582937479e-05,0.38606451998930424,0.19329450599343545,7.679999998799758e-05,0.21661760000006325,0.023323094006627798,0.0021322000002328423,0.003049361999728717,0.3861213730124291,0.01881368798785843,1784947580.674105,1784947579.942873,1784947580.192873,0.0004222220159135759,0.0010071640135720372,0.003049361999728717,0.016021393006667495,0.9916670918464661,0.16731471998900815,ablate-cloud-only-resnet50-cifar10-pi5-r2-20260725-104554:v1,1,3.320502582937479e-05,unknown,0.19329450599343545,0.0,0.0,0.0012554999998428684,0.0,"{'device': [], 'edge': [], 'cloud': [0, 1, 2, 3, 4, 5, 6, 7, 8, 9, 10, 11, 12, 13, 14, 15, 16, 17, 18]}",19,final,cloud,True,8,1.0,5.0,1.0,0.3861213730124291,-0.9306068650621455,8,588f9b32222a40d9880193b3fa427c52,35,"{'device_compute': 3.320502582937479e-05, 'd2e_transport': 0.16731471998900815, 'edge_queue': 0.0012554999998428684, 'edge_segment_compute': 0.0, 'edge_exit_head_compute': 0.0, 'edge_exit_check': 0.0, 'e2c_transport': 0.19329450599343545, 'cloud_queue': 0.003049361999728717, 'cloud_segment_compute': 0.016021393006667495, 'cloud_exit_head_compute': 0.0010071640135720372, 'cloud_exit_check': 0.0004222220159135759, 'total_latency': 0.3861213730124291, 'unattributed_overhead': 0.003723300968431431, 'request_id': '588f9b32222a40d9880193b3fa427c52', 'user_id': 0, 'prediction': 8, 'exit_id': 'final', 'exit_boundary_id': 19, 'exit_location': 'cloud', 'confidence': 0.9916670918464661, 'executed_segments_by_node': {'device': [], 'edge': [], 'cloud': [0, 1, 2, 3, 4, 5, 6, 7, 8, 9, 10, 11, 12, 13, 14, 15, 16, 17, 18]}, 'nodes': [{'node': 'device', 'executed_segments': [], 'queue_s': 0.0, 'segment_compute_s': 0.0, 'exit_head_compute_s': 0.0, 'exit_check_s': 0.0, 'worker_elapsed_s': 3.320502582937479e-05}, {'node': 'edge', 'executed_segments': [], 'queue_s': 0.0012554999998428684, 'segment_compute_s': 0.0, 'exit_head_compute_s': 0.0, 'exit_check_s': 0.0, 'worker_elapsed_s': 0.0001534000002720859}, {'node': 'cloud', 'executed_segments': [0, 1, 2, 3, 4, 5, 6, 7, 8, 9, 10, 11, 12, 13, 14, 15, 16, 17, 18], 'queue_s': 0.003049361999728717, 'segment_compute_s': 0.016021393006667495, 'exit_head_compute_s': 0.0010071640135720372, 'exit_check_s': 0.0004222220159135759, 'worker_elapsed_s': 0.01881368798785843}], 'sample_id': 'balanced_008_0481_00004692', 'label': 8, 'correct': True, 'observed_utility': -0.9306068650621455}",balanced_008_0481_00004692,35,4692,0.4812319278717041,743951635492312822,0.3861213730124291,0.003723300968431431,0
0.0,0.02188205199490767,0.02188205199490767,2.9500981327146292e-05,7.350000032602111e-05,0.02188205199490767,0.13832860799220725,2.9500981327146292e-05,0.37067180799203925,0.20373181399827445,7.350000032602111e-05,0.23022899999978108,0.026497186001506634,0.0021142000000509142,0.0023143310099840164,0.37072286498732865,0.021982598991598934,1784947581.098963,1784947580.368538,1784947580.618538,0.0004205879959044978,0.001006265010801144,0.0023143310099840164,0.015902552011539228,0.9879271388053894,0.13832860799220725,ablate-cloud-only-resnet50-cifar10-pi5-r2-20260725-104554:v1,1,2.9500981327146292e-05,unknown,0.20373181399827445,0.0,0.0,0.0012147999996159342,0.0,"{'device': [], 'edge': [], 'cloud': [0, 1, 2, 3, 4, 5, 6, 7, 8, 9, 10, 11, 12, 13, 14, 15, 16, 17, 18]}",19,final,cloud,True,9,1.0,5.0,1.0,0.37072286498732865,-0.8536143249366432,9,a370326529974d15bcc29241a1f050ec,36,"{'device_compute': 2.9500981327146292e-05, 'd2e_transport': 0.13832860799220725, 'edge_queue': 0.0012147999996159342, 'edge_segment_compute': 0.0, 'edge_exit_head_compute': 0.0, 'edge_exit_check': 0.0, 'e2c_transport': 0.20373181399827445, 'cloud_queue': 0.0023143310099840164, 'cloud_segment_compute': 0.015902552011539228, 'cloud_exit_head_compute': 0.001006265010801144, 'cloud_exit_check': 0.0004205879959044978, 'total_latency': 0.37072286498732865, 'unattributed_overhead': 0.007774405987674982, 'request_id': 'a370326529974d15bcc29241a1f050ec', 'user_id': 0, 'prediction': 9, 'exit_id': 'final', 'exit_boundary_id': 19, 'exit_location': 'cloud', 'confidence': 0.9879271388053894, 'executed_segments_by_node': {'device': [], 'edge': [], 'cloud': [0, 1, 2, 3, 4, 5, 6, 7, 8, 9, 10, 11, 12, 13, 14, 15, 16, 17, 18]}, 'nodes': [{'node': 'device', 'executed_segments': [], 'queue_s': 0.0, 'segment_compute_s': 0.0, 'exit_head_compute_s': 0.0, 'exit_check_s': 0.0, 'worker_elapsed_s': 2.9500981327146292e-05}, {'node': 'edge', 'executed_segments': [], 'queue_s': 0.0012147999996159342, 'segment_compute_s': 0.0, 'exit_head_compute_s': 0.0, 'exit_check_s': 0.0, 'worker_elapsed_s': 0.0001482000002397399}, {'node': 'cloud', 'executed_segments': [0, 1, 2, 3, 4, 5, 6, 7, 8, 9, 10, 11, 12, 13, 14, 15, 16, 17, 18], 'queue_s': 0.0023143310099840164, 'segment_compute_s': 0.015902552011539228, 'exit_head_compute_s': 0.001006265010801144, 'exit_check_s': 0.0004205879959044978, 'worker_elapsed_s': 0.021982598991598934}], 'sample_id': 'balanced_009_0036_00000335', 'label': 9, 'correct': True, 'observed_utility': -0.8536143249366432}",balanced_009_0036_00000335,36,335,0.4804251194000244,743951635492312822,0.37072286498732865,0.007774405987674982,0
0.0,0.020021994001581334,0.020021994001581334,2.9185990570113063e-05,7.520000008298666e-05,0.020021994001581334,0.14280812299421086,2.9185990570113063e-05,0.38809882299392484,0.21893181199129685,7.520000008298666e-05,0.24310500000001412,0.02417318800871726,0.002185699999699864,0.002693075002753176,0.3881496019894257,0.020099902991205454,1784947581.496607,1784947580.7686028,1784947581.0186028,0.00045305701496545225,0.0011325740051688626,0.002693075002753176,0.017041915009031072,0.9999659061431885,0.14280812299421086,ablate-cloud-only-resnet50-cifar10-pi5-r2-20260725-104554:v1,1,2.9185990570113063e-05,unknown,0.21893181199129685,0.0,0.0,0.0012991999997211678,0.0,"{'device': [], 'edge': [], 'cloud': [0, 1, 2, 3, 4, 5, 6, 7, 8, 9, 10, 11, 12, 13, 14, 15, 16, 17, 18]}",19,final,cloud,True,0,1.0,5.0,1.0,0.3881496019894257,-0.9407480099471286,0,64fb2dd3185f4d809c7f887cd8df4a98,37,"{'device_compute': 2.9185990570113063e-05, 'd2e_transport': 0.14280812299421086, 'edge_queue': 0.0012991999997211678, 'edge_segment_compute': 0.0, 'edge_exit_head_compute': 0.0, 'edge_exit_check': 0.0, 'e2c_transport': 0.21893181199129685, 'cloud_queue': 0.002693075002753176, 'cloud_segment_compute': 0.017041915009031072, 'cloud_exit_head_compute': 0.0011325740051688626, 'cloud_exit_check': 0.00045305701496545225, 'total_latency': 0.3881496019894257, 'unattributed_overhead': 0.0037606599817081587, 'request_id': '64fb2dd3185f4d809c7f887cd8df4a98', 'user_id': 0, 'prediction': 0, 'exit_id': 'final', 'exit_boundary_id': 19, 'exit_location': 'cloud', 'confidence': 0.9999659061431885, 'executed_segments_by_node': {'device': [], 'edge': [], 'cloud': [0, 1, 2, 3, 4, 5, 6, 7, 8, 9, 10, 11, 12, 13, 14, 15, 16, 17, 18]}, 'nodes': [{'node': 'device', 'executed_segments': [], 'queue_s': 0.0, 'segment_compute_s': 0.0, 'exit_head_compute_s': 0.0, 'exit_check_s': 0.0, 'worker_elapsed_s': 2.9185990570113063e-05}, {'node': 'edge', 'executed_segments': [], 'queue_s': 0.0012991999997211678, 'segment_compute_s': 0.0, 'exit_head_compute_s': 0.0, 'exit_check_s': 0.0, 'worker_elapsed_s': 0.00014970000029279618}, {'node': 'cloud', 'executed_segments': [0, 1, 2, 3, 4, 5, 6, 7, 8, 9, 10, 11, 12, 13, 14, 15, 16, 17, 18], 'queue_s': 0.002693075002753176, 'segment_compute_s': 0.017041915009031072, 'exit_head_compute_s': 0.0011325740051688626, 'exit_check_s': 0.00045305701496545225, 'worker_elapsed_s': 0.020099902991205454}], 'sample_id': 'balanced_000_0704_00007010', 'label': 0, 'correct': True, 'observed_utility': -0.9407480099471286}",balanced_000_0704_00007010,37,7010,0.47800421714782715,743951635492312822,0.3881496019894257,0.0037606599817081587,0
0.0,0.01834403199609369,0.01834403199609369,3.148202085867524e-05,7.849999974496313e-05,0.01834403199609369,0.20936588499489517,3.148202085867524e-05,0.4788535849947948,0.24528334999240542,7.849999974496313e-05,0.2673650000001544,0.022081650007748976,0.0021226999997452367,0.0022850099921924993,0.47890636502415873,0.01842594999470748,1784947581.9097285,1784947581.178422,1784947581.428422,0.00041463600064162165,0.0009764250135049224,0.0022850099921924993,0.01572129994747229,0.9993877410888672,0.20936588499489517,ablate-cloud-only-resnet50-cifar10-pi5-r2-20260725-104554:v1,1,3.148202085867524e-05,unknown,0.24528334999240542,0.0,0.0,0.0012523000000328466,0.0,"{'device': [], 'edge': [], 'cloud': [0, 1, 2, 3, 4, 5, 6, 7, 8, 9, 10, 11, 12, 13, 14, 15, 16, 17, 18]}",19,final,cloud,True,9,1.0,5.0,1.0,0.47890636502415873,-1.3945318251207937,9,69a162814505429282da95a1b7f44f78,38,"{'device_compute': 3.148202085867524e-05, 'd2e_transport': 0.20936588499489517, 'edge_queue': 0.0012523000000328466, 'edge_segment_compute': 0.0, 'edge_exit_head_compute': 0.0, 'edge_exit_check': 0.0, 'e2c_transport': 0.24528334999240542, 'cloud_queue': 0.0022850099921924993, 'cloud_segment_compute': 0.01572129994747229, 'cloud_exit_head_compute': 0.0009764250135049224, 'cloud_exit_check': 0.00041463600064162165, 'total_latency': 0.47890636502415873, 'unattributed_overhead': 0.003575977062155289, 'request_id': '69a162814505429282da95a1b7f44f78', 'user_id': 0, 'prediction': 9, 'exit_id': 'final', 'exit_boundary_id': 19, 'exit_location': 'cloud', 'confidence': 0.9993877410888672, 'executed_segments_by_node': {'device': [], 'edge': [], 'cloud': [0, 1, 2, 3, 4, 5, 6, 7, 8, 9, 10, 11, 12, 13, 14, 15, 16, 17, 18]}, 'nodes': [{'node': 'device', 'executed_segments': [], 'queue_s': 0.0, 'segment_compute_s': 0.0, 'exit_head_compute_s': 0.0, 'exit_check_s': 0.0, 'worker_elapsed_s': 3.148202085867524e-05}, {'node': 'edge', 'executed_segments': [], 'queue_s': 0.0012523000000328466, 'segment_compute_s': 0.0, 'exit_head_compute_s': 0.0, 'exit_check_s': 0.0, 'worker_elapsed_s': 0.00015550000034636469}, {'node': 'cloud', 'executed_segments': [0, 1, 2, 3, 4, 5, 6, 7, 8, 9, 10, 11, 12, 13, 14, 15, 16, 17, 18], 'queue_s': 0.0022850099921924993, 'segment_compute_s': 0.01572129994747229, 'exit_head_compute_s': 0.0009764250135049224, 'exit_check_s': 0.00041463600064162165, 'worker_elapsed_s': 0.01842594999470748}], 'sample_id': 'balanced_009_0734_00007512', 'label': 9, 'correct': True, 'observed_utility': -1.3945318251207937}",balanced_009_0734_00007512,38,7512,0.4813065528869629,743951635492312822,0.47890636502415873,0.003575977062155289,0
0.0,0.018407180003123358,0.018407180003123358,3.225999535061419e-05,7.239999968078337e-05,0.018407180003123358,0.155473240999072,3.225999535061419e-05,0.38339624099899083,0.2039250240027286,7.239999968078337e-05,0.2259263999999348,0.022001375997206196,0.001996599999984028,0.0021817070082761347,0.3834504469996318,0.018484996995539404,1784947582.417785,1784947581.687473,1784947581.937473,0.0004132879839744419,0.0009767779702087864,0.0021817070082761347,0.015789512006449513,0.999768078327179,0.155473240999072,ablate-cloud-only-resnet50-cifar10-pi5-r2-20260725-104554:v1,1,3.225999535061419e-05,unknown,0.2039250240027286,0.0,0.0,0.0012885999999525666,0.0,"{'device': [], 'edge': [], 'cloud': [0, 1, 2, 3, 4, 5, 6, 7, 8, 9, 10, 11, 12, 13, 14, 15, 16, 17, 18]}",19,final,cloud,True,9,1.0,5.0,1.0,0.3834504469996318,-0.9172522349981591,9,3dd9df7478824f8483c5106aaad3c80c,39,"{'device_compute': 3.225999535061419e-05, 'd2e_transport': 0.155473240999072, 'edge_queue': 0.0012885999999525666, 'edge_segment_compute': 0.0, 'edge_exit_head_compute': 0.0, 'edge_exit_check': 0.0, 'e2c_transport': 0.2039250240027286, 'cloud_queue': 0.0021817070082761347, 'cloud_segment_compute': 0.015789512006449513, 'cloud_exit_head_compute': 0.0009767779702087864, 'cloud_exit_check': 0.0004132879839744419, 'total_latency': 0.3834504469996318, 'unattributed_overhead': 0.0033700370336191554, 'request_id': '3dd9df7478824f8483c5106aaad3c80c', 'user_id': 0, 'prediction': 9, 'exit_id': 'final', 'exit_boundary_id': 19, 'exit_location': 'cloud', 'confidence': 0.999768078327179, 'executed_segments_by_node': {'device': [], 'edge': [], 'cloud': [0, 1, 2, 3, 4, 5, 6, 7, 8, 9, 10, 11, 12, 13, 14, 15, 16, 17, 18]}, 'nodes': [{'node': 'device', 'executed_segments': [], 'queue_s': 0.0, 'segment_compute_s': 0.0, 'exit_head_compute_s': 0.0, 'exit_check_s': 0.0, 'worker_elapsed_s': 3.225999535061419e-05}, {'node': 'edge', 'executed_segments': [], 'queue_s': 0.0012885999999525666, 'segment_compute_s': 0.0, 'exit_head_compute_s': 0.0, 'exit_check_s': 0.0, 'worker_elapsed_s': 0.0001430000002073939}, {'node': 'cloud', 'executed_segments': [0, 1, 2, 3, 4, 5, 6, 7, 8, 9, 10, 11, 12, 13, 14, 15, 16, 17, 18], 'queue_s': 0.0021817070082761347, 'segment_compute_s': 0.015789512006449513, 'exit_head_compute_s': 0.0009767779702087864, 'exit_check_s': 0.0004132879839744419, 'worker_elapsed_s': 0.018484996995539404}], 'sample_id': 'balanced_009_0026_00000243', 'label': 9, 'correct': True, 'observed_utility': -0.9172522349981591}",balanced_009_0026_00000243,39,243,0.48031187057495117,743951635492312822,0.3834504469996318,0.0033700370336191554,0
0.0,0.018237486001453362,0.018237486001453362,3.101897891610861e-05,9.099999988393392e-05,0.018237486001453362,0.15184176899356316,3.101897891610861e-05,0.37371426899335347,0.19693374701319044,9.099999988393392e-05,0.2188295000000835,0.021895752986893058,0.003042999999706808,0.0021874669910175726,0.3737661209888756,0.018310516999918036,1784947582.8329818,1784947582.100855,1784947582.350855,0.0004208069876767695,0.0009572860144544393,0.0021874669910175726,0.015633962015272118,0.9999951124191284,0.15184176899356316,ablate-cloud-only-resnet50-cifar10-pi5-r2-20260725-104554:v1,1,3.101897891610861e-05,unknown,0.19693374701319044,0.0,0.0,0.0020008000001325854,0.0,"{'device': [], 'edge': [], 'cloud': [0, 1, 2, 3, 4, 5, 6, 7, 8, 9, 10, 11, 12, 13, 14, 15, 16, 17, 18]}",19,final,cloud,True,2,1.0,5.0,1.0,0.3737661209888756,-0.8688306049443781,2,2089241e10344a049255e25adf61b681,40,"{'device_compute': 3.101897891610861e-05, 'd2e_transport': 0.15184176899356316, 'edge_queue': 0.0020008000001325854, 'edge_segment_compute': 0.0, 'edge_exit_head_compute': 0.0, 'edge_exit_check': 0.0, 'e2c_transport': 0.19693374701319044, 'cloud_queue': 0.0021874669910175726, 'cloud_segment_compute': 0.015633962015272118, 'cloud_exit_head_compute': 0.0009572860144544393, 'cloud_exit_check': 0.0004208069876767695, 'total_latency': 0.3737661209888756, 'unattributed_overhead': 0.0037592639946524287, 'request_id': '2089241e10344a049255e25adf61b681', 'user_id': 0, 'prediction': 2, 'exit_id': 'final', 'exit_boundary_id': 19, 'exit_location': 'cloud', 'confidence': 0.9999951124191284, 'executed_segments_by_node': {'device': [], 'edge': [], 'cloud': [0, 1, 2, 3, 4, 5, 6, 7, 8, 9, 10, 11, 12, 13, 14, 15, 16, 17, 18]}, 'nodes': [{'node': 'device', 'executed_segments': [], 'queue_s': 0.0, 'segment_compute_s': 0.0, 'exit_head_compute_s': 0.0, 'exit_check_s': 0.0, 'worker_elapsed_s': 3.101897891610861e-05}, {'node': 'edge', 'executed_segments': [], 'queue_s': 0.0020008000001325854, 'segment_compute_s': 0.0, 'exit_head_compute_s': 0.0, 'exit_check_s': 0.0, 'worker_elapsed_s': 0.00018219999992652447}, {'node': 'cloud', 'executed_segments': [0, 1, 2, 3, 4, 5, 6, 7, 8, 9, 10, 11, 12, 13, 14, 15, 16, 17, 18], 'queue_s': 0.0021874669910175726, 'segment_compute_s': 0.015633962015272118, 'exit_head_compute_s': 0.0009572860144544393, 'exit_check_s': 0.0004208069876767695, 'worker_elapsed_s': 0.018310516999918036}], 'sample_id': 'balanced_002_0576_00005739', 'label': 2, 'correct': True, 'observed_utility': -0.8688306049443781}",balanced_002_0576_00005739,40,5739,0.48212671279907227,743951635492312822,0.3737661209888756,0.0037592639946524287,0
0.0,0.018549269007053226,0.018549269007053226,3.2612006179988384e-05,7.719999985056347e-05,0.018549269007053226,0.1389867119733026,3.2612006179988384e-05,0.39265221197274514,0.22880644399765515,7.719999985056347e-05,0.2510866999996324,0.02228025600197725,0.002578799999810144,0.002241473994217813,0.3927082880109083,0.01862729000276886,1784947583.2270977,1784947582.4990253,1784947582.7490253,0.00042190599197056144,0.0009792310011107475,0.002241473994217813,0.015904730011243373,0.9999936819076538,0.1389867119733026,ablate-cloud-only-resnet50-cifar10-pi5-r2-20260725-104554:v1,1,3.2612006179988384e-05,unknown,0.22880644399765515,0.0,0.0,0.0015668000000914617,0.0,"{'device': [], 'edge': [], 'cloud': [0, 1, 2, 3, 4, 5, 6, 7, 8, 9, 10, 11, 12, 13, 14, 15, 16, 17, 18]}",19,final,cloud,True,8,1.0,5.0,1.0,0.3927082880109083,-0.9635414400545415,8,4d39d6440363438589bf6c0db45474f5,41,"{'device_compute': 3.2612006179988384e-05, 'd2e_transport': 0.1389867119733026, 'edge_queue': 0.0015668000000914617, 'edge_segment_compute': 0.0, 'edge_exit_head_compute': 0.0, 'edge_exit_check': 0.0, 'e2c_transport': 0.22880644399765515, 'cloud_queue': 0.002241473994217813, 'cloud_segment_compute': 0.015904730011243373, 'cloud_exit_head_compute': 0.0009792310011107475, 'cloud_exit_check': 0.00042190599197056144, 'total_latency': 0.3927082880109083, 'unattributed_overhead': 0.003768379035136604, 'request_id': '4d39d6440363438589bf6c0db45474f5', 'user_id': 0, 'prediction': 8, 'exit_id': 'final', 'exit_boundary_id': 19, 'exit_location': 'cloud', 'confidence': 0.9999936819076538, 'executed_segments_by_node': {'device': [], 'edge': [], 'cloud': [0, 1, 2, 3, 4, 5, 6, 7, 8, 9, 10, 11, 12, 13, 14, 15, 16, 17, 18]}, 'nodes': [{'node': 'device', 'executed_segments': [], 'queue_s': 0.0, 'segment_compute_s': 0.0, 'exit_head_compute_s': 0.0, 'exit_check_s': 0.0, 'worker_elapsed_s': 3.2612006179988384e-05}, {'node': 'edge', 'executed_segments': [], 'queue_s': 0.0015668000000914617, 'segment_compute_s': 0.0, 'exit_head_compute_s': 0.0, 'exit_check_s': 0.0, 'worker_elapsed_s': 0.00015309999980672728}, {'node': 'cloud', 'executed_segments': [0, 1, 2, 3, 4, 5, 6, 7, 8, 9, 10, 11, 12, 13, 14, 15, 16, 17, 18], 'queue_s': 0.002241473994217813, 'segment_compute_s': 0.015904730011243373, 'exit_head_compute_s': 0.0009792310011107475, 'exit_check_s': 0.00042190599197056144, 'worker_elapsed_s': 0.01862729000276886}], 'sample_id': 'balanced_008_0299_00002870', 'label': 8, 'correct': True, 'observed_utility': -0.9635414400545415}",balanced_008_0299_00002870,41,2870,0.4780724048614502,743951635492312822,0.3927082880109083,0.003768379035136604,0
0.0,0.018559639996965416,0.018559639996965416,3.064901102334261e-05,9.959999988495838e-05,0.018559639996965416,0.12104400998896381,3.064901102334261e-05,0.39101950998883694,0.24446628499617873,9.959999988495838e-05,0.2666732000002412,0.022206915004062466,0.0033022999996319413,0.0022084689990151674,0.3910720300045796,0.018637599001522176,1784947583.6423807,1784947582.9139874,1784947583.1639874,0.0004234569933032617,0.000982600002316758,0.0022084689990151674,0.015917238997644745,0.9975704550743103,0.12104400998896381,ablate-cloud-only-resnet50-cifar10-pi5-r2-20260725-104554:v1,1,3.064901102334261e-05,unknown,0.24446628499617873,0.0,0.0,0.001938999999765656,0.0,"{'device': [], 'edge': [], 'cloud': [0, 1, 2, 3, 4, 5, 6, 7, 8, 9, 10, 11, 12, 13, 14, 15, 16, 17, 18]}",19,final,cloud,True,3,1.0,5.0,1.0,0.3910720300045796,-0.9553601500228979,3,fdca09bac8e446b08c5a0af81a15b70c,42,"{'device_compute': 3.064901102334261e-05, 'd2e_transport': 0.12104400998896381, 'edge_queue': 0.001938999999765656, 'edge_segment_compute': 0.0, 'edge_exit_head_compute': 0.0, 'edge_exit_check': 0.0, 'e2c_transport': 0.24446628499617873, 'cloud_queue': 0.0022084689990151674, 'cloud_segment_compute': 0.015917238997644745, 'cloud_exit_head_compute': 0.000982600002316758, 'cloud_exit_check': 0.0004234569933032617, 'total_latency': 0.3910720300045796, 'unattributed_overhead': 0.004060321016368107, 'request_id': 'fdca09bac8e446b08c5a0af81a15b70c', 'user_id': 0, 'prediction': 3, 'exit_id': 'final', 'exit_boundary_id': 19, 'exit_location': 'cloud', 'confidence': 0.9975704550743103, 'executed_segments_by_node': {'device': [], 'edge': [], 'cloud': [0, 1, 2, 3, 4, 5, 6, 7, 8, 9, 10, 11, 12, 13, 14, 15, 16, 17, 18]}, 'nodes': [{'node': 'device', 'executed_segments': [], 'queue_s': 0.0, 'segment_compute_s': 0.0, 'exit_head_compute_s': 0.0, 'exit_check_s': 0.0, 'worker_elapsed_s': 3.064901102334261e-05}, {'node': 'edge', 'executed_segments': [], 'queue_s': 0.001938999999765656, 'segment_compute_s': 0.0, 'exit_head_compute_s': 0.0, 'exit_check_s': 0.0, 'worker_elapsed_s': 0.00020110000014028628}, {'node': 'cloud', 'executed_segments': [0, 1, 2, 3, 4, 5, 6, 7, 8, 9, 10, 11, 12, 13, 14, 15, 16, 17, 18], 'queue_s': 0.0022084689990151674, 'segment_compute_s': 0.015917238997644745, 'exit_head_compute_s': 0.000982600002316758, 'exit_check_s': 0.0004234569933032617, 'worker_elapsed_s': 0.018637599001522176}], 'sample_id': 'balanced_003_0374_00003810', 'label': 3, 'correct': True, 'observed_utility': -0.9553601500228979}",balanced_003_0374_00003810,42,3810,0.4783933162689209,743951635492312822,0.3910720300045796,0.004060321016368107,0
0.0,0.01828265600488521,0.01828265600488521,2.9852002626284957e-05,4.3900000036956044e-05,0.01828265600488521,0.12068691301055878,2.9852002626284957e-05,0.38052701301057823,0.23492715800466613,4.3900000036956044e-05,0.25679170000012164,0.02186454199545551,0.0030483999998978106,0.0021378759993240237,0.38057838400709443,0.01835122299962677,1784947584.0587325,1784947583.328751,1784947583.578751,0.00041052501183003187,0.0009529009839752689,0.0021378759993240237,0.015683448989875615,0.9993143081665039,0.12068691301055878,ablate-cloud-only-resnet50-cifar10-pi5-r2-20260725-104554:v1,1,2.9852002626284957e-05,unknown,0.23492715800466613,0.0,0.0,0.002268599999752041,0.0,"{'device': [], 'edge': [], 'cloud': [0, 1, 2, 3, 4, 5, 6, 7, 8, 9, 10, 11, 12, 13, 14, 15, 16, 17, 18]}",19,final,cloud,True,8,1.0,5.0,1.0,0.38057838400709443,-0.9028919200354721,8,db0a4a98a8df452b896fd017fea0979f,43,"{'device_compute': 2.9852002626284957e-05, 'd2e_transport': 0.12068691301055878, 'edge_queue': 0.002268599999752041, 'edge_segment_compute': 0.0, 'edge_exit_head_compute': 0.0, 'edge_exit_check': 0.0, 'e2c_transport': 0.23492715800466613, 'cloud_queue': 0.0021378759993240237, 'cloud_segment_compute': 0.015683448989875615, 'cloud_exit_head_compute': 0.0009529009839752689, 'cloud_exit_check': 0.00041052501183003187, 'total_latency': 0.38057838400709443, 'unattributed_overhead': 0.003481110004486254, 'request_id': 'db0a4a98a8df452b896fd017fea0979f', 'user_id': 0, 'prediction': 8, 'exit_id': 'final', 'exit_boundary_id': 19, 'exit_location': 'cloud', 'confidence': 0.9993143081665039, 'executed_segments_by_node': {'device': [], 'edge': [], 'cloud': [0, 1, 2, 3, 4, 5, 6, 7, 8, 9, 10, 11, 12, 13, 14, 15, 16, 17, 18]}, 'nodes': [{'node': 'device', 'executed_segments': [], 'queue_s': 0.0, 'segment_compute_s': 0.0, 'exit_head_compute_s': 0.0, 'exit_check_s': 0.0, 'worker_elapsed_s': 2.9852002626284957e-05}, {'node': 'edge', 'executed_segments': [], 'queue_s': 0.002268599999752041, 'segment_compute_s': 0.0, 'exit_head_compute_s': 0.0, 'exit_check_s': 0.0, 'worker_elapsed_s': 9.630000022298191e-05}, {'node': 'cloud', 'executed_segments': [0, 1, 2, 3, 4, 5, 6, 7, 8, 9, 10, 11, 12, 13, 14, 15, 16, 17, 18], 'queue_s': 0.0021378759993240237, 'segment_compute_s': 0.015683448989875615, 'exit_head_compute_s': 0.0009529009839752689, 'exit_check_s': 0.00041052501183003187, 'worker_elapsed_s': 0.01835122299962677}], 'sample_id': 'balanced_008_0935_00009361', 'label': 8, 'correct': True, 'observed_utility': -0.9028919200354721}",balanced_008_0935_00009361,43,9361,0.4799814224243164,743951635492312822,0.38057838400709443,0.003481110004486254,0
0.0,0.017495873995358124,0.017495873995358124,4.1427003452554345e-05,0.0001029000000016822,0.017495873995358124,0.13598102300557002,4.1427003452554345e-05,0.384549523005262,0.22529580300306407,0.0001029000000016822,0.24634179999975458,0.02104599699669052,0.0022266999999374093,0.0020937040098942816,0.38461383897811174,0.017564313995535485,1784947584.4649801,1784947583.7317786,1784947583.9817786,0.00038561399560421705,0.0009166510280920193,0.0020937040098942816,0.01507522101746872,0.9999923706054688,0.13598102300557002,ablate-cloud-only-resnet50-cifar10-pi5-r2-20260725-104554:v1,1,4.1427003452554345e-05,unknown,0.22529580300306407,0.0,0.0,0.0013428999995994673,0.0,"{'device': [], 'edge': [], 'cloud': [0, 1, 2, 3, 4, 5, 6, 7, 8, 9, 10, 11, 12, 13, 14, 15, 16, 17, 18]}",19,final,cloud,True,1,1.0,5.0,1.0,0.38461383897811174,-0.9230691948905587,1,ce8883f9005148b38cfd9ae07147bb47,44,"{'device_compute': 4.1427003452554345e-05, 'd2e_transport': 0.13598102300557002, 'edge_queue': 0.0013428999995994673, 'edge_segment_compute': 0.0, 'edge_exit_head_compute': 0.0, 'edge_exit_check': 0.0, 'e2c_transport': 0.22529580300306407, 'cloud_queue': 0.0020937040098942816, 'cloud_segment_compute': 0.01507522101746872, 'cloud_exit_head_compute': 0.0009166510280920193, 'cloud_exit_check': 0.00038561399560421705, 'total_latency': 0.38461383897811174, 'unattributed_overhead': 0.003481495915366395, 'request_id': 'ce8883f9005148b38cfd9ae07147bb47', 'user_id': 0, 'prediction': 1, 'exit_id': 'final', 'exit_boundary_id': 19, 'exit_location': 'cloud', 'confidence': 0.9999923706054688, 'executed_segments_by_node': {'device': [], 'edge': [], 'cloud': [0, 1, 2, 3, 4, 5, 6, 7, 8, 9, 10, 11, 12, 13, 14, 15, 16, 17, 18]}, 'nodes': [{'node': 'device', 'executed_segments': [], 'queue_s': 0.0, 'segment_compute_s': 0.0, 'exit_head_compute_s': 0.0, 'exit_check_s': 0.0, 'worker_elapsed_s': 4.1427003452554345e-05}, {'node': 'edge', 'executed_segments': [], 'queue_s': 0.0013428999995994673, 'segment_compute_s': 0.0, 'exit_head_compute_s': 0.0, 'exit_check_s': 0.0, 'worker_elapsed_s': 0.00017600000001039007}, {'node': 'cloud', 'executed_segments': [0, 1, 2, 3, 4, 5, 6, 7, 8, 9, 10, 11, 12, 13, 14, 15, 16, 17, 18], 'queue_s': 0.0020937040098942816, 'segment_compute_s': 0.01507522101746872, 'exit_head_compute_s': 0.0009166510280920193, 'exit_check_s': 0.00038561399560421705, 'worker_elapsed_s': 0.017564313995535485}], 'sample_id': 'balanced_001_0881_00008709', 'label': 1, 'correct': True, 'observed_utility': -0.9230691948905587}",balanced_001_0881_00008709,44,8709,0.4832015037536621,743951635492312822,0.38461383897811174,0.003481495915366395,0
0.0,0.018251668006996624,0.018251668006996624,4.337099380791187e-05,5.25000000379805e-05,0.018251668006996624,0.13286859898562398,4.337099380791187e-05,0.3847546989854891,0.22693434399525358,5.25000000379805e-05,0.24923979999994117,0.022305456004687585,0.00264629999992394,0.0025442680052947253,0.38482816398027353,0.018328148988075554,1784947584.8724673,1784947584.143729,1784947584.393729,0.00040319898107554764,0.0009517920261714607,0.0025442680052947253,0.015661231038393453,0.9891546368598938,0.13286859898562398,ablate-cloud-only-resnet50-cifar10-pi5-r2-20260725-104554:v1,1,4.337099380791187e-05,unknown,0.22693434399525358,0.0,0.0,0.0018679999998312269,0.0,"{'device': [], 'edge': [], 'cloud': [0, 1, 2, 3, 4, 5, 6, 7, 8, 9, 10, 11, 12, 13, 14, 15, 16, 17, 18]}",19,final,cloud,True,4,1.0,5.0,1.0,0.38482816398027353,-0.9241408199013676,4,1333898836f544b9807d56d2680bc9d0,45,"{'device_compute': 4.337099380791187e-05, 'd2e_transport': 0.13286859898562398, 'edge_queue': 0.0018679999998312269, 'edge_segment_compute': 0.0, 'edge_exit_head_compute': 0.0, 'edge_exit_check': 0.0, 'e2c_transport': 0.22693434399525358, 'cloud_queue': 0.0025442680052947253, 'cloud_segment_compute': 0.015661231038393453, 'cloud_exit_head_compute': 0.0009517920261714607, 'cloud_exit_check': 0.00040319898107554764, 'total_latency': 0.38482816398027353, 'unattributed_overhead': 0.0035533599548216444, 'request_id': '1333898836f544b9807d56d2680bc9d0', 'user_id': 0, 'prediction': 4, 'exit_id': 'final', 'exit_boundary_id': 19, 'exit_location': 'cloud', 'confidence': 0.9891546368598938, 'executed_segments_by_node': {'device': [], 'edge': [], 'cloud': [0, 1, 2, 3, 4, 5, 6, 7, 8, 9, 10, 11, 12, 13, 14, 15, 16, 17, 18]}, 'nodes': [{'node': 'device', 'executed_segments': [], 'queue_s': 0.0, 'segment_compute_s': 0.0, 'exit_head_compute_s': 0.0, 'exit_check_s': 0.0, 'worker_elapsed_s': 4.337099380791187e-05}, {'node': 'edge', 'executed_segments': [], 'queue_s': 0.0018679999998312269, 'segment_compute_s': 0.0, 'exit_head_compute_s': 0.0, 'exit_check_s': 0.0, 'worker_elapsed_s': 0.00010560000009718351}, {'node': 'cloud', 'executed_segments': [0, 1, 2, 3, 4, 5, 6, 7, 8, 9, 10, 11, 12, 13, 14, 15, 16, 17, 18], 'queue_s': 0.0025442680052947253, 'segment_compute_s': 0.015661231038393453, 'exit_head_compute_s': 0.0009517920261714607, 'exit_check_s': 0.00040319898107554764, 'worker_elapsed_s': 0.018328148988075554}], 'sample_id': 'balanced_004_0366_00003627', 'label': 4, 'correct': True, 'observed_utility': -0.9241408199013676}",balanced_004_0366_00003627,45,3627,0.47873830795288086,743951635492312822,0.38482816398027353,0.0035533599548216444,0
0.0,0.01829376300156582,0.01829376300156582,4.255599924363196e-05,7.380000033663237e-05,0.01829376300156582,0.13554156000054718,4.255599924363196e-05,0.3878104600007646,0.22726824800929535,7.380000033663237e-05,0.2492568000002393,0.02198855199094396,0.0030120999999780906,0.002272488985909149,0.3878809239831753,0.018368275006650947,1784947585.2849512,1784947584.5531874,1784947584.8031874,0.0003989830001955852,0.0009572889975970611,0.002272488985909149,0.01572323105938267,0.9999873638153076,0.13554156000054718,ablate-cloud-only-resnet50-cifar10-pi5-r2-20260725-104554:v1,1,4.255599924363196e-05,unknown,0.22726824800929535,0.0,0.0,0.0018537999999352905,0.0,"{'device': [], 'edge': [], 'cloud': [0, 1, 2, 3, 4, 5, 6, 7, 8, 9, 10, 11, 12, 13, 14, 15, 16, 17, 18]}",19,final,cloud,True,4,1.0,5.0,1.0,0.3878809239831753,-0.9394046199158765,4,fbedcd898a9246c199a7cbe5ef8b2e09,46,"{'device_compute': 4.255599924363196e-05, 'd2e_transport': 0.13554156000054718, 'edge_queue': 0.0018537999999352905, 'edge_segment_compute': 0.0, 'edge_exit_head_compute': 0.0, 'edge_exit_check': 0.0, 'e2c_transport': 0.22726824800929535, 'cloud_queue': 0.002272488985909149, 'cloud_segment_compute': 0.01572323105938267, 'cloud_exit_head_compute': 0.0009572889975970611, 'cloud_exit_check': 0.0003989830001955852, 'total_latency': 0.3878809239831753, 'unattributed_overhead': 0.003822767931069393, 'request_id': 'fbedcd898a9246c199a7cbe5ef8b2e09', 'user_id': 0, 'prediction': 4, 'exit_id': 'final', 'exit_boundary_id': 19, 'exit_location': 'cloud', 'confidence': 0.9999873638153076, 'executed_segments_by_node': {'device': [], 'edge': [], 'cloud': [0, 1, 2, 3, 4, 5, 6, 7, 8, 9, 10, 11, 12, 13, 14, 15, 16, 17, 18]}, 'nodes': [{'node': 'device', 'executed_segments': [], 'queue_s': 0.0, 'segment_compute_s': 0.0, 'exit_head_compute_s': 0.0, 'exit_check_s': 0.0, 'worker_elapsed_s': 4.255599924363196e-05}, {'node': 'edge', 'executed_segments': [], 'queue_s': 0.0018537999999352905, 'segment_compute_s': 0.0, 'exit_head_compute_s': 0.0, 'exit_check_s': 0.0, 'worker_elapsed_s': 0.00014699999974254752}, {'node': 'cloud', 'executed_segments': [0, 1, 2, 3, 4, 5, 6, 7, 8, 9, 10, 11, 12, 13, 14, 15, 16, 17, 18], 'queue_s': 0.002272488985909149, 'segment_compute_s': 0.01572323105938267, 'exit_head_compute_s': 0.0009572889975970611, 'exit_check_s': 0.0003989830001955852, 'worker_elapsed_s': 0.018368275006650947}], 'sample_id': 'balanced_004_0463_00004564', 'label': 4, 'correct': True, 'observed_utility': -0.9394046199158765}",balanced_004_0463_00004564,46,4564,0.4817638397216797,743951635492312822,0.3878809239831753,0.003822767931069393,0
0.0,0.01858843299851287,0.01858843299851287,4.455598536878824e-05,7.749999986117473e-05,0.01858843299851287,0.1694923130025927,4.455598536878824e-05,0.4071014130022377,0.2124124270080756,7.749999986117473e-05,0.2347471999996742,0.022334772991598584,0.002861899999970774,0.0022216159995878115,0.40717580300406553,0.018665170995518565,1784947585.6999502,1784947584.9708288,1784947585.2208288,0.00042181201570201665,0.0009838359983405098,0.0022216159995878115,0.015905779029708356,0.9908455014228821,0.1694923130025927,ablate-cloud-only-resnet50-cifar10-pi5-r2-20260725-104554:v1,1,4.455598536878824e-05,unknown,0.2124124270080756,0.0,0.0,0.0015060999999150226,0.0,"{'device': [], 'edge': [], 'cloud': [0, 1, 2, 3, 4, 5, 6, 7, 8, 9, 10, 11, 12, 13, 14, 15, 16, 17, 18]}",19,final,cloud,True,2,1.0,5.0,1.0,0.40717580300406553,-1.0358790150203276,2,21424fb00dd34eacb1f44226e9e077c0,47,"{'device_compute': 4.455598536878824e-05, 'd2e_transport': 0.1694923130025927, 'edge_queue': 0.0015060999999150226, 'edge_segment_compute': 0.0, 'edge_exit_head_compute': 0.0, 'edge_exit_check': 0.0, 'e2c_transport': 0.2124124270080756, 'cloud_queue': 0.0022216159995878115, 'cloud_segment_compute': 0.015905779029708356, 'cloud_exit_head_compute': 0.0009838359983405098, 'cloud_exit_check': 0.00042181201570201665, 'total_latency': 0.40717580300406553, 'unattributed_overhead': 0.004187363964774704, 'request_id': '21424fb00dd34eacb1f44226e9e077c0', 'user_id': 0, 'prediction': 2, 'exit_id': 'final', 'exit_boundary_id': 19, 'exit_location': 'cloud', 'confidence': 0.9908455014228821, 'executed_segments_by_node': {'device': [], 'edge': [], 'cloud': [0, 1, 2, 3, 4, 5, 6, 7, 8, 9, 10, 11, 12, 13, 14, 15, 16, 17, 18]}, 'nodes': [{'node': 'device', 'executed_segments': [], 'queue_s': 0.0, 'segment_compute_s': 0.0, 'exit_head_compute_s': 0.0, 'exit_check_s': 0.0, 'worker_elapsed_s': 4.455598536878824e-05}, {'node': 'edge', 'executed_segments': [], 'queue_s': 0.0015060999999150226, 'segment_compute_s': 0.0, 'exit_head_compute_s': 0.0, 'exit_check_s': 0.0, 'worker_elapsed_s': 0.000151599999753671}, {'node': 'cloud', 'executed_segments': [0, 1, 2, 3, 4, 5, 6, 7, 8, 9, 10, 11, 12, 13, 14, 15, 16, 17, 18], 'queue_s': 0.0022216159995878115, 'segment_compute_s': 0.015905779029708356, 'exit_head_compute_s': 0.0009838359983405098, 'exit_check_s': 0.00042181201570201665, 'worker_elapsed_s': 0.018665170995518565}], 'sample_id': 'balanced_002_0370_00003534', 'label': 2, 'correct': True, 'observed_utility': -1.0358790150203276}",balanced_002_0370_00003534,47,3534,0.47912144660949707,743951635492312822,0.40717580300406553,0.004187363964774704,0
0.0,0.018461892992490903,0.018461892992490903,4.213000647723675e-05,0.0001121999998758838,0.018461892992490903,0.14636759000859456,4.213000647723675e-05,0.26026899000862613,0.08767236300263903,0.0001121999998758838,0.11013610000009066,0.022463736997451633,0.0037652999999409076,0.0023116090014809743,0.26034004701068625,0.018534984992584214,1784947586.1330068,1784947585.4042425,1784947585.6542425,0.0004306009941501543,0.0009724589908728376,0.0023116090014809743,0.015828628005692735,0.9999953508377075,0.14636759000859456,ablate-cloud-only-resnet50-cifar10-pi5-r2-20260725-104554:v1,1,4.213000647723675e-05,unknown,0.08767236300263903,0.0,0.0,0.002280500000324537,0.0,"{'device': [], 'edge': [], 'cloud': [0, 1, 2, 3, 4, 5, 6, 7, 8, 9, 10, 11, 12, 13, 14, 15, 16, 17, 18]}",19,final,cloud,True,1,1.0,5.0,1.0,0.26034004701068625,-0.30170023505343124,1,760152ac6d5649a8b4b455b32f05df70,48,"{'device_compute': 4.213000647723675e-05, 'd2e_transport': 0.14636759000859456, 'edge_queue': 0.002280500000324537, 'edge_segment_compute': 0.0, 'edge_exit_head_compute': 0.0, 'edge_exit_check': 0.0, 'e2c_transport': 0.08767236300263903, 'cloud_queue': 0.0023116090014809743, 'cloud_segment_compute': 0.015828628005692735, 'cloud_exit_head_compute': 0.0009724589908728376, 'cloud_exit_check': 0.0004306009941501543, 'total_latency': 0.26034004701068625, 'unattributed_overhead': 0.004434167000454181, 'request_id': '760152ac6d5649a8b4b455b32f05df70', 'user_id': 0, 'prediction': 1, 'exit_id': 'final', 'exit_boundary_id': 19, 'exit_location': 'cloud', 'confidence': 0.9999953508377075, 'executed_segments_by_node': {'device': [], 'edge': [], 'cloud': [0, 1, 2, 3, 4, 5, 6, 7, 8, 9, 10, 11, 12, 13, 14, 15, 16, 17, 18]}, 'nodes': [{'node': 'device', 'executed_segments': [], 'queue_s': 0.0, 'segment_compute_s': 0.0, 'exit_head_compute_s': 0.0, 'exit_check_s': 0.0, 'worker_elapsed_s': 4.213000647723675e-05}, {'node': 'edge', 'executed_segments': [], 'queue_s': 0.002280500000324537, 'segment_compute_s': 0.0, 'exit_head_compute_s': 0.0, 'exit_check_s': 0.0, 'worker_elapsed_s': 0.00022779999972044607}, {'node': 'cloud', 'executed_segments': [0, 1, 2, 3, 4, 5, 6, 7, 8, 9, 10, 11, 12, 13, 14, 15, 16, 17, 18], 'queue_s': 0.0023116090014809743, 'segment_compute_s': 0.015828628005692735, 'exit_head_compute_s': 0.0009724589908728376, 'exit_check_s': 0.0004306009941501543, 'worker_elapsed_s': 0.018534984992584214}], 'sample_id': 'balanced_001_0456_00004607', 'label': 1, 'correct': True, 'observed_utility': -0.30170023505343124}",balanced_001_0456_00004607,48,4607,0.47876429557800293,743951635492312822,0.26034004701068625,0.004434167000454181,0
0.0,0.01852221999433823,0.01852221999433823,4.2037980165332556e-05,0.00013219999982538866,0.01852221999433823,0.14768505301071855,4.2037980165332556e-05,0.3686721530102659,0.19396276899033182,0.00013219999982538866,0.216175199999725,0.022212431009393185,0.004811899999822344,0.0022620329982601106,0.36874319199705496,0.01859310601139441,1784947586.4285069,1784947585.698501,1784947585.948501,0.0004158329829806462,0.0010020970075856894,0.0022620329982601106,0.01587736399960704,0.9899126887321472,0.14768505301071855,ablate-cloud-only-resnet50-cifar10-pi5-r2-20260725-104554:v1,1,4.2037980165332556e-05,unknown,0.19396276899033182,0.0,0.0,0.0030923999997867213,0.0,"{'device': [], 'edge': [], 'cloud': [0, 1, 2, 3, 4, 5, 6, 7, 8, 9, 10, 11, 12, 13, 14, 15, 16, 17, 18]}",19,final,cloud,True,3,1.0,5.0,1.0,0.36874319199705496,-0.8437159599852748,3,ababa4476cc44470bd3ef58f29a91b26,49,"{'device_compute': 4.2037980165332556e-05, 'd2e_transport': 0.14768505301071855, 'edge_queue': 0.0030923999997867213, 'edge_segment_compute': 0.0, 'edge_exit_head_compute': 0.0, 'edge_exit_check': 0.0, 'e2c_transport': 0.19396276899033182, 'cloud_queue': 0.0022620329982601106, 'cloud_segment_compute': 0.01587736399960704, 'cloud_exit_head_compute': 0.0010020970075856894, 'cloud_exit_check': 0.0004158329829806462, 'total_latency': 0.36874319199705496, 'unattributed_overhead': 0.004403605027619051, 'request_id': 'ababa4476cc44470bd3ef58f29a91b26', 'user_id': 0, 'prediction': 3, 'exit_id': 'final', 'exit_boundary_id': 19, 'exit_location': 'cloud', 'confidence': 0.9899126887321472, 'executed_segments_by_node': {'device': [], 'edge': [], 'cloud': [0, 1, 2, 3, 4, 5, 6, 7, 8, 9, 10, 11, 12, 13, 14, 15, 16, 17, 18]}, 'nodes': [{'node': 'device', 'executed_segments': [], 'queue_s': 0.0, 'segment_compute_s': 0.0, 'exit_head_compute_s': 0.0, 'exit_check_s': 0.0, 'worker_elapsed_s': 4.2037980165332556e-05}, {'node': 'edge', 'executed_segments': [], 'queue_s': 0.0030923999997867213, 'segment_compute_s': 0.0, 'exit_head_compute_s': 0.0, 'exit_check_s': 0.0, 'worker_elapsed_s': 0.00025910000022122404}, {'node': 'cloud', 'executed_segments': [0, 1, 2, 3, 4, 5, 6, 7, 8, 9, 10, 11, 12, 13, 14, 15, 16, 17, 18], 'queue_s': 0.0022620329982601106, 'segment_compute_s': 0.01587736399960704, 'exit_head_compute_s': 0.0010020970075856894, 'exit_check_s': 0.0004158329829806462, 'worker_elapsed_s': 0.01859310601139441}], 'sample_id': 'balanced_003_0285_00002900', 'label': 3, 'correct': True, 'observed_utility': -0.8437159599852748}",balanced_003_0285_00002900,49,2900,0.48000574111938477,743951635492312822,0.36874319199705496,0.004403605027619051,0
0.0,0.018570593994809315,0.018570593994809315,4.587098374031484e-05,7.439999990310753e-05,0.018570593994809315,0.1416735340080777,4.587098374031484e-05,0.37144353400799446,0.2045658539905162,7.439999990310753e-05,0.22679130000005898,0.022225446009542793,0.0029786999998577812,0.0022207069996511564,0.3715184059983585,0.01866530699771829,1784947586.8404377,1784947586.1117094,1784947586.3617094,0.0004358780133770779,0.0009878060081973672,0.0022207069996511564,0.015906658009043895,0.9998194575309753,0.1416735340080777,ablate-cloud-only-resnet50-cifar10-pi5-r2-20260725-104554:v1,1,4.587098374031484e-05,unknown,0.2045658539905162,0.0,0.0,0.0018194999997831474,0.0,"{'device': [], 'edge': [], 'cloud': [0, 1, 2, 3, 4, 5, 6, 7, 8, 9, 10, 11, 12, 13, 14, 15, 16, 17, 18]}",19,final,cloud,True,5,1.0,5.0,1.0,0.3715184059983585,-0.8575920299917925,5,efecacb7615441a291b5f6f95cfc6c25,50,"{'device_compute': 4.587098374031484e-05, 'd2e_transport': 0.1416735340080777, 'edge_queue': 0.0018194999997831474, 'edge_segment_compute': 0.0, 'edge_exit_head_compute': 0.0, 'edge_exit_check': 0.0, 'e2c_transport': 0.2045658539905162, 'cloud_queue': 0.0022207069996511564, 'cloud_segment_compute': 0.015906658009043895, 'cloud_exit_head_compute': 0.0009878060081973672, 'cloud_exit_check': 0.0004358780133770779, 'total_latency': 0.3715184059983585, 'unattributed_overhead': 0.003862597985971661, 'request_id': 'efecacb7615441a291b5f6f95cfc6c25', 'user_id': 0, 'prediction': 5, 'exit_id': 'final', 'exit_boundary_id': 19, 'exit_location': 'cloud', 'confidence': 0.9998194575309753, 'executed_segments_by_node': {'device': [], 'edge': [], 'cloud': [0, 1, 2, 3, 4, 5, 6, 7, 8, 9, 10, 11, 12, 13, 14, 15, 16, 17, 18]}, 'nodes': [{'node': 'device', 'executed_segments': [], 'queue_s': 0.0, 'segment_compute_s': 0.0, 'exit_head_compute_s': 0.0, 'exit_check_s': 0.0, 'worker_elapsed_s': 4.587098374031484e-05}, {'node': 'edge', 'executed_segments': [], 'queue_s': 0.0018194999997831474, 'segment_compute_s': 0.0, 'exit_head_compute_s': 0.0, 'exit_check_s': 0.0, 'worker_elapsed_s': 0.0001586000003044319}, {'node': 'cloud', 'executed_segments': [0, 1, 2, 3, 4, 5, 6, 7, 8, 9, 10, 11, 12, 13, 14, 15, 16, 17, 18], 'queue_s': 0.0022207069996511564, 'segment_compute_s': 0.015906658009043895, 'exit_head_compute_s': 0.0009878060081973672, 'exit_check_s': 0.0004358780133770779, 'worker_elapsed_s': 0.01866530699771829}], 'sample_id': 'balanced_005_0485_00004976', 'label': 5, 'correct': True, 'observed_utility': -0.8575920299917925}",balanced_005_0485_00004976,50,4976,0.4787282943725586,743951635492312822,0.3715184059983585,0.003862597985971661,0
0.0,0.018508745008148253,0.018508745008148253,4.787099896930158e-05,4.740000031233649e-05,0.018508745008148253,0.2239590130138822,4.787099896930158e-05,0.4858815130137373,0.23793037599125455,4.740000031233649e-05,0.2600871999998162,0.02215682400856167,0.001835300000038842,0.002188076003221795,0.48596008800086565,0.01858899100625422,1784947587.2384524,1784947586.5096211,1784947586.7596211,0.0004180819960311055,0.0010133840114576742,0.002188076003221795,0.015842665045056492,0.999992847442627,0.2239590130138822,ablate-cloud-only-resnet50-cifar10-pi5-r2-20260725-104554:v1,1,4.787099896930158e-05,unknown,0.23793037599125455,0.0,0.0,0.00121820000003936,0.0,"{'device': [], 'edge': [], 'cloud': [0, 1, 2, 3, 4, 5, 6, 7, 8, 9, 10, 11, 12, 13, 14, 15, 16, 17, 18]}",19,final,cloud,True,7,1.0,5.0,1.0,0.48596008800086565,-1.4298004400043283,7,401554d3aeac4b219f509b5bdea71ec1,51,"{'device_compute': 4.787099896930158e-05, 'd2e_transport': 0.2239590130138822, 'edge_queue': 0.00121820000003936, 'edge_segment_compute': 0.0, 'edge_exit_head_compute': 0.0, 'edge_exit_check': 0.0, 'e2c_transport': 0.23793037599125455, 'cloud_queue': 0.002188076003221795, 'cloud_segment_compute': 0.015842665045056492, 'cloud_exit_head_compute': 0.0010133840114576742, 'cloud_exit_check': 0.0004180819960311055, 'total_latency': 0.48596008800086565, 'unattributed_overhead': 0.0033424209409531613, 'request_id': '401554d3aeac4b219f509b5bdea71ec1', 'user_id': 0, 'prediction': 7, 'exit_id': 'final', 'exit_boundary_id': 19, 'exit_location': 'cloud', 'confidence': 0.999992847442627, 'executed_segments_by_node': {'device': [], 'edge': [], 'cloud': [0, 1, 2, 3, 4, 5, 6, 7, 8, 9, 10, 11, 12, 13, 14, 15, 16, 17, 18]}, 'nodes': [{'node': 'device', 'executed_segments': [], 'queue_s': 0.0, 'segment_compute_s': 0.0, 'exit_head_compute_s': 0.0, 'exit_check_s': 0.0, 'worker_elapsed_s': 4.787099896930158e-05}, {'node': 'edge', 'executed_segments': [], 'queue_s': 0.00121820000003936, 'segment_compute_s': 0.0, 'exit_head_compute_s': 0.0, 'exit_check_s': 0.0, 'worker_elapsed_s': 0.00010169999995923718}, {'node': 'cloud', 'executed_segments': [0, 1, 2, 3, 4, 5, 6, 7, 8, 9, 10, 11, 12, 13, 14, 15, 16, 17, 18], 'queue_s': 0.002188076003221795, 'segment_compute_s': 0.015842665045056492, 'exit_head_compute_s': 0.0010133840114576742, 'exit_check_s': 0.0004180819960311055, 'worker_elapsed_s': 0.01858899100625422}], 'sample_id': 'balanced_007_0848_00008565', 'label': 7, 'correct': True, 'observed_utility': -1.4298004400043283}",balanced_007_0848_00008565,51,8565,0.47883129119873047,743951635492312822,0.48596008800086565,0.0033424209409531613,0
0.0,0.01845746600884013,0.01845746600884013,4.070502473041415e-05,0.00011760000006688642,0.01845746600884013,0.22274452799592837,4.070502473041415e-05,0.4702710279962048,0.22146466498998052,0.00011760000006688642,0.2445465000000695,0.02308183501008898,0.0029800000002069282,0.0022111779981059954,0.4703393079980742,0.018530521003413014,1784947587.766367,1784947587.0378752,1784947587.2878752,0.0004150940221734345,0.0009750330063980073,0.0022111779981059954,0.015856664002058096,0.9999977350234985,0.22274452799592837,ablate-cloud-only-resnet50-cifar10-pi5-r2-20260725-104554:v1,1,4.070502473041415e-05,unknown,0.22146466498998052,0.0,0.0,0.001540700000077777,0.0,"{'device': [], 'edge': [], 'cloud': [0, 1, 2, 3, 4, 5, 6, 7, 8, 9, 10, 11, 12, 13, 14, 15, 16, 17, 18]}",19,final,cloud,True,8,1.0,5.0,1.0,0.4703393079980742,-1.351696539990371,8,d6d0bf4e2b4342ff997fad3a85620c0a,52,"{'device_compute': 4.070502473041415e-05, 'd2e_transport': 0.22274452799592837, 'edge_queue': 0.001540700000077777, 'edge_segment_compute': 0.0, 'edge_exit_head_compute': 0.0, 'edge_exit_check': 0.0, 'e2c_transport': 0.22146466498998052, 'cloud_queue': 0.0022111779981059954, 'cloud_segment_compute': 0.015856664002058096, 'cloud_exit_head_compute': 0.0009750330063980073, 'cloud_exit_check': 0.0004150940221734345, 'total_latency': 0.4703393079980742, 'unattributed_overhead': 0.005090740958621609, 'request_id': 'd6d0bf4e2b4342ff997fad3a85620c0a', 'user_id': 0, 'prediction': 8, 'exit_id': 'final', 'exit_boundary_id': 19, 'exit_location': 'cloud', 'confidence': 0.9999977350234985, 'executed_segments_by_node': {'device': [], 'edge': [], 'cloud': [0, 1, 2, 3, 4, 5, 6, 7, 8, 9, 10, 11, 12, 13, 14, 15, 16, 17, 18]}, 'nodes': [{'node': 'device', 'executed_segments': [], 'queue_s': 0.0, 'segment_compute_s': 0.0, 'exit_head_compute_s': 0.0, 'exit_check_s': 0.0, 'worker_elapsed_s': 4.070502473041415e-05}, {'node': 'edge', 'executed_segments': [], 'queue_s': 0.001540700000077777, 'segment_compute_s': 0.0, 'exit_head_compute_s': 0.0, 'exit_check_s': 0.0, 'worker_elapsed_s': 0.00023559999999633874}, {'node': 'cloud', 'executed_segments': [0, 1, 2, 3, 4, 5, 6, 7, 8, 9, 10, 11, 12, 13, 14, 15, 16, 17, 18], 'queue_s': 0.0022111779981059954, 'segment_compute_s': 0.015856664002058096, 'exit_head_compute_s': 0.0009750330063980073, 'exit_check_s': 0.0004150940221734345, 'worker_elapsed_s': 0.018530521003413014}], 'sample_id': 'balanced_008_0577_00005989', 'label': 8, 'correct': True, 'observed_utility': -1.351696539990371}",balanced_008_0577_00005989,52,5989,0.47849178314208984,743951635492312822,0.4703393079980742,0.005090740958621609,0
0.0,0.018377904998487793,0.018377904998487793,4.413098213262856e-05,7.460000006176415e-05,0.018377904998487793,0.12430485100048827,4.413098213262856e-05,0.27035445100045763,0.12075361800452811,7.460000006176415e-05,0.14309359999970184,0.02233998199517373,0.0029560000002675224,0.002567663002992049,0.2704284889914561,0.018454887002008036,1784947588.2734854,1784947587.5396867,1784947587.7896867,0.00042057099926751107,0.0009757809748407453,0.002567663002992049,0.0157500190398423,0.9999920129776001,0.12430485100048827,ablate-cloud-only-resnet50-cifar10-pi5-r2-20260725-104554:v1,1,4.413098213262856e-05,unknown,0.12075361800452811,0.0,0.0,0.0012894999999844003,0.0,"{'device': [], 'edge': [], 'cloud': [0, 1, 2, 3, 4, 5, 6, 7, 8, 9, 10, 11, 12, 13, 14, 15, 16, 17, 18]}",19,final,cloud,True,1,1.0,5.0,1.0,0.2704284889914561,-0.35214244495728053,1,aeb3bd5f689149f6b74106138dd7e98a,53,"{'device_compute': 4.413098213262856e-05, 'd2e_transport': 0.12430485100048827, 'edge_queue': 0.0012894999999844003, 'edge_segment_compute': 0.0, 'edge_exit_head_compute': 0.0, 'edge_exit_check': 0.0, 'e2c_transport': 0.12075361800452811, 'cloud_queue': 0.002567663002992049, 'cloud_segment_compute': 0.0157500190398423, 'cloud_exit_head_compute': 0.0009757809748407453, 'cloud_exit_check': 0.00042057099926751107, 'total_latency': 0.2704284889914561, 'unattributed_overhead': 0.004322354987380095, 'request_id': 'aeb3bd5f689149f6b74106138dd7e98a', 'user_id': 0, 'prediction': 1, 'exit_id': 'final', 'exit_boundary_id': 19, 'exit_location': 'cloud', 'confidence': 0.9999920129776001, 'executed_segments_by_node': {'device': [], 'edge': [], 'cloud': [0, 1, 2, 3, 4, 5, 6, 7, 8, 9, 10, 11, 12, 13, 14, 15, 16, 17, 18]}, 'nodes': [{'node': 'device', 'executed_segments': [], 'queue_s': 0.0, 'segment_compute_s': 0.0, 'exit_head_compute_s': 0.0, 'exit_check_s': 0.0, 'worker_elapsed_s': 4.413098213262856e-05}, {'node': 'edge', 'executed_segments': [], 'queue_s': 0.0012894999999844003, 'segment_compute_s': 0.0, 'exit_head_compute_s': 0.0, 'exit_check_s': 0.0, 'worker_elapsed_s': 0.00014660000033472897}, {'node': 'cloud', 'executed_segments': [0, 1, 2, 3, 4, 5, 6, 7, 8, 9, 10, 11, 12, 13, 14, 15, 16, 17, 18], 'queue_s': 0.002567663002992049, 'segment_compute_s': 0.0157500190398423, 'exit_head_compute_s': 0.0009757809748407453, 'exit_check_s': 0.00042057099926751107, 'worker_elapsed_s': 0.018454887002008036}], 'sample_id': 'balanced_001_0827_00008282', 'label': 1, 'correct': True, 'observed_utility': -0.35214244495728053}",balanced_001_0827_00008282,53,8282,0.4837987422943115,743951635492312822,0.2704284889914561,0.004322354987380095,0
0.0,0.018508888999349438,0.018508888999349438,5.3149007726460695e-05,7.889999960752903e-05,0.018508888999349438,0.21518417400238832,5.3149007726460695e-05,0.483678274002159,0.24345210000001316,7.889999960752903e-05,0.2656130000000303,0.022160900000017136,0.0028810999997403997,0.0022559210046892986,0.4837656090094242,0.01858596999954898,1784947588.5668905,1784947587.8386905,1784947588.0886905,0.0004197750095045194,0.0009892449888866395,0.0022559210046892986,0.015804024966200814,0.5904404520988464,0.21518417400238832,ablate-cloud-only-resnet50-cifar10-pi5-r2-20260725-104554:v1,1,5.3149007726460695e-05,unknown,0.24345210000001316,0.0,0.0,0.0018390000000181317,0.0,"{'device': [], 'edge': [], 'cloud': [0, 1, 2, 3, 4, 5, 6, 7, 8, 9, 10, 11, 12, 13, 14, 15, 16, 17, 18]}",19,final,cloud,False,2,1.0,5.0,0.0,0.4837656090094242,-2.418828045047121,4,b1c3156e243740bca235caa96924e64e,54,"{'device_compute': 5.3149007726460695e-05, 'd2e_transport': 0.21518417400238832, 'edge_queue': 0.0018390000000181317, 'edge_segment_compute': 0.0, 'edge_exit_head_compute': 0.0, 'edge_exit_check': 0.0, 'e2c_transport': 0.24345210000001316, 'cloud_queue': 0.0022559210046892986, 'cloud_segment_compute': 0.015804024966200814, 'cloud_exit_head_compute': 0.0009892449888866395, 'cloud_exit_check': 0.0004197750095045194, 'total_latency': 0.4837656090094242, 'unattributed_overhead': 0.0037682200299968827, 'request_id': 'b1c3156e243740bca235caa96924e64e', 'user_id': 0, 'prediction': 4, 'exit_id': 'final', 'exit_boundary_id': 19, 'exit_location': 'cloud', 'confidence': 0.5904404520988464, 'executed_segments_by_node': {'device': [], 'edge': [], 'cloud': [0, 1, 2, 3, 4, 5, 6, 7, 8, 9, 10, 11, 12, 13, 14, 15, 16, 17, 18]}, 'nodes': [{'node': 'device', 'executed_segments': [], 'queue_s': 0.0, 'segment_compute_s': 0.0, 'exit_head_compute_s': 0.0, 'exit_check_s': 0.0, 'worker_elapsed_s': 5.3149007726460695e-05}, {'node': 'edge', 'executed_segments': [], 'queue_s': 0.0018390000000181317, 'segment_compute_s': 0.0, 'exit_head_compute_s': 0.0, 'exit_check_s': 0.0, 'worker_elapsed_s': 0.0001754999998411222}, {'node': 'cloud', 'executed_segments': [0, 1, 2, 3, 4, 5, 6, 7, 8, 9, 10, 11, 12, 13, 14, 15, 16, 17, 18], 'queue_s': 0.0022559210046892986, 'segment_compute_s': 0.015804024966200814, 'exit_head_compute_s': 0.0009892449888866395, 'exit_check_s': 0.0004197750095045194, 'worker_elapsed_s': 0.01858596999954898}], 'sample_id': 'balanced_002_0590_00005862', 'label': 2, 'correct': False, 'observed_utility': -2.418828045047121}",balanced_002_0590_00005862,54,5862,0.47819995880126953,743951635492312822,0.4837656090094242,0.0037682200299968827,0
0.0,0.018228613000246696,0.018228613000246696,4.16679831687361e-05,5.800000008093775e-05,0.018228613000246696,0.154749567016097,4.16679831687361e-05,0.382406067015836,0.20312174400578442,5.800000008093775e-05,0.22494419999975435,0.021822455993969925,0.0027122999999846797,0.0021628030081046745,0.38247723499080166,0.018298736002179794,1784947589.0773375,1784947588.348075,1784947588.598075,0.0003937880101148039,0.0009474189719185233,0.0021628030081046745,0.015619615020113997,0.9999978542327881,0.154749567016097,ablate-cloud-only-resnet50-cifar10-pi5-r2-20260725-104554:v1,1,4.16679831687361e-05,unknown,0.20312174400578442,0.0,0.0,0.0019857000002048153,0.0,"{'device': [], 'edge': [], 'cloud': [0, 1, 2, 3, 4, 5, 6, 7, 8, 9, 10, 11, 12, 13, 14, 15, 16, 17, 18]}",19,final,cloud,True,7,1.0,5.0,1.0,0.38247723499080166,-0.9123861749540083,7,36493316322e49a7a0fbeb3a757f94c1,55,"{'device_compute': 4.16679831687361e-05, 'd2e_transport': 0.154749567016097, 'edge_queue': 0.0019857000002048153, 'edge_segment_compute': 0.0, 'edge_exit_head_compute': 0.0, 'edge_exit_check': 0.0, 'e2c_transport': 0.20312174400578442, 'cloud_queue': 0.0021628030081046745, 'cloud_segment_compute': 0.015619615020113997, 'cloud_exit_head_compute': 0.0009474189719185233, 'cloud_exit_check': 0.0003937880101148039, 'total_latency': 0.38247723499080166, 'unattributed_overhead': 0.003454930975294701, 'request_id': '36493316322e49a7a0fbeb3a757f94c1', 'user_id': 0, 'prediction': 7, 'exit_id': 'final', 'exit_boundary_id': 19, 'exit_location': 'cloud', 'confidence': 0.9999978542327881, 'executed_segments_by_node': {'device': [], 'edge': [], 'cloud': [0, 1, 2, 3, 4, 5, 6, 7, 8, 9, 10, 11, 12, 13, 14, 15, 16, 17, 18]}, 'nodes': [{'node': 'device', 'executed_segments': [], 'queue_s': 0.0, 'segment_compute_s': 0.0, 'exit_head_compute_s': 0.0, 'exit_check_s': 0.0, 'worker_elapsed_s': 4.16679831687361e-05}, {'node': 'edge', 'executed_segments': [], 'queue_s': 0.0019857000002048153, 'segment_compute_s': 0.0, 'exit_head_compute_s': 0.0, 'exit_check_s': 0.0, 'worker_elapsed_s': 0.00012590000005729962}, {'node': 'cloud', 'executed_segments': [0, 1, 2, 3, 4, 5, 6, 7, 8, 9, 10, 11, 12, 13, 14, 15, 16, 17, 18], 'queue_s': 0.0021628030081046745, 'segment_compute_s': 0.015619615020113997, 'exit_head_compute_s': 0.0009474189719185233, 'exit_check_s': 0.0003937880101148039, 'worker_elapsed_s': 0.018298736002179794}], 'sample_id': 'balanced_007_0481_00004896', 'label': 7, 'correct': True, 'observed_utility': -0.9123861749540083}",balanced_007_0481_00004896,55,4896,0.4792625904083252,743951635492312822,0.38247723499080166,0.003454930975294701,0
0.0,0.01923176100535784,0.01923176100535784,5.501997657120228e-05,0.00011620000032053213,0.01923176100535784,0.1385009269938564,5.501997657120228e-05,0.3801274269935675,0.21416415500107178,0.00011620000032053213,0.23686270000007426,0.02269854499900248,0.004763799999636831,0.0021043119922978804,0.3802194289746694,0.019310698000481352,1784947589.4890323,1784947588.7600405,1784947589.0100405,0.000443959012045525,0.0009863770101219416,0.0021043119922978804,0.01652427598310169,0.9987217783927917,0.1385009269938564,ablate-cloud-only-resnet50-cifar10-pi5-r2-20260725-104554:v1,1,5.501997657120228e-05,unknown,0.21416415500107178,0.0,0.0,0.0031624000002921093,0.0,"{'device': [], 'edge': [], 'cloud': [0, 1, 2, 3, 4, 5, 6, 7, 8, 9, 10, 11, 12, 13, 14, 15, 16, 17, 18]}",19,final,cloud,True,7,1.0,5.0,1.0,0.3802194289746694,-0.9010971448733471,7,242a17a4bd09425897db61e5ddcb51cf,56,"{'device_compute': 5.501997657120228e-05, 'd2e_transport': 0.1385009269938564, 'edge_queue': 0.0031624000002921093, 'edge_segment_compute': 0.0, 'edge_exit_head_compute': 0.0, 'edge_exit_check': 0.0, 'e2c_transport': 0.21416415500107178, 'cloud_queue': 0.0021043119922978804, 'cloud_segment_compute': 0.01652427598310169, 'cloud_exit_head_compute': 0.0009863770101219416, 'cloud_exit_check': 0.000443959012045525, 'total_latency': 0.3802194289746694, 'unattributed_overhead': 0.004278003005310893, 'request_id': '242a17a4bd09425897db61e5ddcb51cf', 'user_id': 0, 'prediction': 7, 'exit_id': 'final', 'exit_boundary_id': 19, 'exit_location': 'cloud', 'confidence': 0.9987217783927917, 'executed_segments_by_node': {'device': [], 'edge': [], 'cloud': [0, 1, 2, 3, 4, 5, 6, 7, 8, 9, 10, 11, 12, 13, 14, 15, 16, 17, 18]}, 'nodes': [{'node': 'device', 'executed_segments': [], 'queue_s': 0.0, 'segment_compute_s': 0.0, 'exit_head_compute_s': 0.0, 'exit_check_s': 0.0, 'worker_elapsed_s': 5.501997657120228e-05}, {'node': 'edge', 'executed_segments': [], 'queue_s': 0.0031624000002921093, 'segment_compute_s': 0.0, 'exit_head_compute_s': 0.0, 'exit_check_s': 0.0, 'worker_elapsed_s': 0.00023139999984778115}, {'node': 'cloud', 'executed_segments': [0, 1, 2, 3, 4, 5, 6, 7, 8, 9, 10, 11, 12, 13, 14, 15, 16, 17, 18], 'queue_s': 0.0021043119922978804, 'segment_compute_s': 0.01652427598310169, 'exit_head_compute_s': 0.0009863770101219416, 'exit_check_s': 0.000443959012045525, 'worker_elapsed_s': 0.019310698000481352}], 'sample_id': 'balanced_007_0466_00004694', 'label': 7, 'correct': True, 'observed_utility': -0.9010971448733471}",balanced_007_0466_00004694,56,4694,0.4789917469024658,743951635492312822,0.3802194289746694,0.004278003005310893,0
0.0,0.018170108000049368,0.018170108000049368,4.21860022470355e-05,0.00011110000014014076,0.018170108000049368,0.15625301099589706,4.21860022470355e-05,0.3813135109958239,0.19931207099671155,0.00011110000014014076,0.22118270000009943,0.021870629003387876,0.0038777999998274026,0.002264495997224003,0.3813841990195215,0.018263717007357627,1784947589.8991916,1784947589.1691267,1784947589.4191267,0.0003996079904027283,0.0009780090185813606,0.002264495997224003,0.015568809016258456,1.0,0.15625301099589706,ablate-cloud-only-resnet50-cifar10-pi5-r2-20260725-104554:v1,1,4.21860022470355e-05,unknown,0.19931207099671155,0.0,0.0,0.0024969000000965025,0.0,"{'device': [], 'edge': [], 'cloud': [0, 1, 2, 3, 4, 5, 6, 7, 8, 9, 10, 11, 12, 13, 14, 15, 16, 17, 18]}",19,final,cloud,True,2,1.0,5.0,1.0,0.3813841990195215,-0.9069209950976074,2,43c7cafca4734cac81cc57b6655e4381,57,"{'device_compute': 4.21860022470355e-05, 'd2e_transport': 0.15625301099589706, 'edge_queue': 0.0024969000000965025, 'edge_segment_compute': 0.0, 'edge_exit_head_compute': 0.0, 'edge_exit_check': 0.0, 'e2c_transport': 0.19931207099671155, 'cloud_queue': 0.002264495997224003, 'cloud_segment_compute': 0.015568809016258456, 'cloud_exit_head_compute': 0.0009780090185813606, 'cloud_exit_check': 0.0003996079904027283, 'total_latency': 0.3813841990195215, 'unattributed_overhead': 0.004069109002102778, 'request_id': '43c7cafca4734cac81cc57b6655e4381', 'user_id': 0, 'prediction': 2, 'exit_id': 'final', 'exit_boundary_id': 19, 'exit_location': 'cloud', 'confidence': 1.0, 'executed_segments_by_node': {'device': [], 'edge': [], 'cloud': [0, 1, 2, 3, 4, 5, 6, 7, 8, 9, 10, 11, 12, 13, 14, 15, 16, 17, 18]}, 'nodes': [{'node': 'device', 'executed_segments': [], 'queue_s': 0.0, 'segment_compute_s': 0.0, 'exit_head_compute_s': 0.0, 'exit_check_s': 0.0, 'worker_elapsed_s': 4.21860022470355e-05}, {'node': 'edge', 'executed_segments': [], 'queue_s': 0.0024969000000965025, 'segment_compute_s': 0.0, 'exit_head_compute_s': 0.0, 'exit_check_s': 0.0, 'worker_elapsed_s': 0.00021870000000490109}, {'node': 'cloud', 'executed_segments': [0, 1, 2, 3, 4, 5, 6, 7, 8, 9, 10, 11, 12, 13, 14, 15, 16, 17, 18], 'queue_s': 0.002264495997224003, 'segment_compute_s': 0.015568809016258456, 'exit_head_compute_s': 0.0009780090185813606, 'exit_check_s': 0.0003996079904027283, 'worker_elapsed_s': 0.018263717007357627}], 'sample_id': 'balanced_002_0961_00009632', 'label': 2, 'correct': True, 'observed_utility': -0.9069209950976074}",balanced_002_0961_00009632,57,9632,0.48006486892700195,743951635492312822,0.3813841990195215,0.004069109002102778,0
0.0,0.018574225992779247,0.018574225992779247,4.1611987398937345e-05,7.460000006176415e-05,0.018574225992779247,0.14175181700647954,4.1611987398937345e-05,0.3645897170063108,0.19861350601286176,7.460000006176415e-05,0.2207739999998921,0.02216049398703035,0.002063899999939167,0.002180550989578478,0.36466025598929264,0.018652603001100942,1784947590.3246262,1784947589.5957742,1784947589.8457742,0.00044160999823361635,0.000990324973827228,0.002180550989578478,0.015898120022029616,0.9997844099998474,0.14175181700647954,ablate-cloud-only-resnet50-cifar10-pi5-r2-20260725-104554:v1,1,4.1611987398937345e-05,unknown,0.19861350601286176,0.0,0.0,0.0012654000001930399,0.0,"{'device': [], 'edge': [], 'cloud': [0, 1, 2, 3, 4, 5, 6, 7, 8, 9, 10, 11, 12, 13, 14, 15, 16, 17, 18]}",19,final,cloud,True,3,1.0,5.0,1.0,0.36466025598929264,-0.8233012799464632,3,4e54ce613ecc476b8ee7d132ef494173,58,"{'device_compute': 4.1611987398937345e-05, 'd2e_transport': 0.14175181700647954, 'edge_queue': 0.0012654000001930399, 'edge_segment_compute': 0.0, 'edge_exit_head_compute': 0.0, 'edge_exit_check': 0.0, 'e2c_transport': 0.19861350601286176, 'cloud_queue': 0.002180550989578478, 'cloud_segment_compute': 0.015898120022029616, 'cloud_exit_head_compute': 0.000990324973827228, 'cloud_exit_check': 0.00044160999823361635, 'total_latency': 0.36466025598929264, 'unattributed_overhead': 0.0034773149986904173, 'request_id': '4e54ce613ecc476b8ee7d132ef494173', 'user_id': 0, 'prediction': 3, 'exit_id': 'final', 'exit_boundary_id': 19, 'exit_location': 'cloud', 'confidence': 0.9997844099998474, 'executed_segments_by_node': {'device': [], 'edge': [], 'cloud': [0, 1, 2, 3, 4, 5, 6, 7, 8, 9, 10, 11, 12, 13, 14, 15, 16, 17, 18]}, 'nodes': [{'node': 'device', 'executed_segments': [], 'queue_s': 0.0, 'segment_compute_s': 0.0, 'exit_head_compute_s': 0.0, 'exit_check_s': 0.0, 'worker_elapsed_s': 4.1611987398937345e-05}, {'node': 'edge', 'executed_segments': [], 'queue_s': 0.0012654000001930399, 'segment_compute_s': 0.0, 'exit_head_compute_s': 0.0, 'exit_check_s': 0.0, 'worker_elapsed_s': 0.0001473999996051134}, {'node': 'cloud', 'executed_segments': [0, 1, 2, 3, 4, 5, 6, 7, 8, 9, 10, 11, 12, 13, 14, 15, 16, 17, 18], 'queue_s': 0.002180550989578478, 'segment_compute_s': 0.015898120022029616, 'exit_head_compute_s': 0.000990324973827228, 'exit_check_s': 0.00044160999823361635, 'worker_elapsed_s': 0.018652603001100942}], 'sample_id': 'balanced_003_0532_00005349', 'label': 3, 'correct': True, 'observed_utility': -0.8233012799464632}",balanced_003_0532_00005349,58,5349,0.4788520336151123,743951635492312822,0.36466025598929264,0.0034773149986904173,0
0.0,0.0185739989974536,0.0185739989974536,6.0093996580690145e-05,0.00010309999970559147,0.0185739989974536,0.14267834200973084,6.0093996580690145e-05,0.36676494200946763,0.19617239599347158,0.00010309999970559147,0.21841799999992872,0.022245604006457143,0.005668599999808066,0.002209454993135296,0.36685998100438155,0.01865440999972634,1784947590.732748,1784947590.0021672,1784947590.2521672,0.00043019700387958437,0.00100162900344003,0.002209454993135296,0.01589502696879208,0.9999743700027466,0.14267834200973084,ablate-cloud-only-resnet50-cifar10-pi5-r2-20260725-104554:v1,1,6.0093996580690145e-05,unknown,0.19617239599347158,0.0,0.0,0.004288799999812909,0.0,"{'device': [], 'edge': [], 'cloud': [0, 1, 2, 3, 4, 5, 6, 7, 8, 9, 10, 11, 12, 13, 14, 15, 16, 17, 18]}",19,final,cloud,True,9,1.0,5.0,1.0,0.36685998100438155,-0.8342999050219078,9,40f280c2ba4b4f8d9bb50e73888a7244,59,"{'device_compute': 6.0093996580690145e-05, 'd2e_transport': 0.14267834200973084, 'edge_queue': 0.004288799999812909, 'edge_segment_compute': 0.0, 'edge_exit_head_compute': 0.0, 'edge_exit_check': 0.0, 'e2c_transport': 0.19617239599347158, 'cloud_queue': 0.002209454993135296, 'cloud_segment_compute': 0.01589502696879208, 'cloud_exit_head_compute': 0.00100162900344003, 'cloud_exit_check': 0.00043019700387958437, 'total_latency': 0.36685998100438155, 'unattributed_overhead': 0.004124041035538539, 'request_id': '40f280c2ba4b4f8d9bb50e73888a7244', 'user_id': 0, 'prediction': 9, 'exit_id': 'final', 'exit_boundary_id': 19, 'exit_location': 'cloud', 'confidence': 0.9999743700027466, 'executed_segments_by_node': {'device': [], 'edge': [], 'cloud': [0, 1, 2, 3, 4, 5, 6, 7, 8, 9, 10, 11, 12, 13, 14, 15, 16, 17, 18]}, 'nodes': [{'node': 'device', 'executed_segments': [], 'queue_s': 0.0, 'segment_compute_s': 0.0, 'exit_head_compute_s': 0.0, 'exit_check_s': 0.0, 'worker_elapsed_s': 6.0093996580690145e-05}, {'node': 'edge', 'executed_segments': [], 'queue_s': 0.004288799999812909, 'segment_compute_s': 0.0, 'exit_head_compute_s': 0.0, 'exit_check_s': 0.0, 'worker_elapsed_s': 0.00020630000017263228}, {'node': 'cloud', 'executed_segments': [0, 1, 2, 3, 4, 5, 6, 7, 8, 9, 10, 11, 12, 13, 14, 15, 16, 17, 18], 'queue_s': 0.002209454993135296, 'segment_compute_s': 0.01589502696879208, 'exit_head_compute_s': 0.00100162900344003, 'exit_check_s': 0.00043019700387958437, 'worker_elapsed_s': 0.01865440999972634}], 'sample_id': 'balanced_009_0318_00003161', 'label': 9, 'correct': True, 'observed_utility': -0.8342999050219078}",balanced_009_0318_00003161,59,3161,0.48058080673217773,743951635492312822,0.36685998100438155,0.004124041035538539,0
0.0,0.018527007996453904,0.018527007996453904,4.0704006096348166e-05,0.0001029000000016822,0.018527007996453904,0.1638610449817861,4.0704006096348166e-05,0.37840394498198293,0.1891399540013481,0.0001029000000016822,0.21121489999995902,0.02207494599861093,0.0033280000002378074,0.0020959909888915718,0.37847281800350174,0.018604840006446466,1784947591.1301463,1784947590.399879,1784947590.649879,0.00041345997306052595,0.0009840999991865829,0.0020959909888915718,0.01589148498896975,0.9997313618659973,0.1638610449817861,ablate-cloud-only-resnet50-cifar10-pi5-r2-20260725-104554:v1,1,4.0704006096348166e-05,unknown,0.1891399540013481,0.0,0.0,0.002223299999968731,0.0,"{'device': [], 'edge': [], 'cloud': [0, 1, 2, 3, 4, 5, 6, 7, 8, 9, 10, 11, 12, 13, 14, 15, 16, 17, 18]}",19,final,cloud,True,3,1.0,5.0,1.0,0.37847281800350174,-0.8923640900175087,3,5cfd7e3d2a464ee1a4522d016ad3dbc4,60,"{'device_compute': 4.0704006096348166e-05, 'd2e_transport': 0.1638610449817861, 'edge_queue': 0.002223299999968731, 'edge_segment_compute': 0.0, 'edge_exit_head_compute': 0.0, 'edge_exit_check': 0.0, 'e2c_transport': 0.1891399540013481, 'cloud_queue': 0.0020959909888915718, 'cloud_segment_compute': 0.01589148498896975, 'cloud_exit_head_compute': 0.0009840999991865829, 'cloud_exit_check': 0.00041345997306052595, 'total_latency': 0.37847281800350174, 'unattributed_overhead': 0.0038227790641940373, 'request_id': '5cfd7e3d2a464ee1a4522d016ad3dbc4', 'user_id': 0, 'prediction': 3, 'exit_id': 'final', 'exit_boundary_id': 19, 'exit_location': 'cloud', 'confidence': 0.9997313618659973, 'executed_segments_by_node': {'device': [], 'edge': [], 'cloud': [0, 1, 2, 3, 4, 5, 6, 7, 8, 9, 10, 11, 12, 13, 14, 15, 16, 17, 18]}, 'nodes': [{'node': 'device', 'executed_segments': [], 'queue_s': 0.0, 'segment_compute_s': 0.0, 'exit_head_compute_s': 0.0, 'exit_check_s': 0.0, 'worker_elapsed_s': 4.0704006096348166e-05}, {'node': 'edge', 'executed_segments': [], 'queue_s': 0.002223299999968731, 'segment_compute_s': 0.0, 'exit_head_compute_s': 0.0, 'exit_check_s': 0.0, 'worker_elapsed_s': 0.00020279999989725184}, {'node': 'cloud', 'executed_segments': [0, 1, 2, 3, 4, 5, 6, 7, 8, 9, 10, 11, 12, 13, 14, 15, 16, 17, 18], 'queue_s': 0.0020959909888915718, 'segment_compute_s': 0.01589148498896975, 'exit_head_compute_s': 0.0009840999991865829, 'exit_check_s': 0.00041345997306052595, 'worker_elapsed_s': 0.018604840006446466}], 'sample_id': 'balanced_003_0421_00004391', 'label': 3, 'correct': True, 'observed_utility': -0.8923640900175087}",balanced_003_0421_00004391,60,4391,0.4802672863006592,743951635492312822,0.37847281800350174,0.0038227790641940373,0
0.0,0.021934570992016234,0.021934570992016234,4.2073981603607535e-05,0.00010199999996984843,0.021934570992016234,0.16087548800032891,4.2073981603607535e-05,0.3811601880006492,0.19105554599263996,0.00010199999996984843,0.21668769999996584,0.02563215400732588,0.0035970000003544556,0.0021632499992847443,0.3812311329820659,0.02200964599614963,1784947591.5375268,1784947590.807732,1784947591.057732,0.0004771779931616038,0.0011867449939018115,0.0021632499992847443,0.018998890998773277,0.999909520149231,0.16087548800032891,ablate-cloud-only-resnet50-cifar10-pi5-r2-20260725-104554:v1,1,4.2073981603607535e-05,unknown,0.19105554599263996,0.0,0.0,0.0023495999998885964,0.0,"{'device': [], 'edge': [], 'cloud': [0, 1, 2, 3, 4, 5, 6, 7, 8, 9, 10, 11, 12, 13, 14, 15, 16, 17, 18]}",19,final,cloud,True,5,1.0,5.0,1.0,0.3812311329820659,-0.9061556649103295,5,ae52d1d0a38b4f4fbc1416fb2c3800b8,61,"{'device_compute': 4.2073981603607535e-05, 'd2e_transport': 0.16087548800032891, 'edge_queue': 0.0023495999998885964, 'edge_segment_compute': 0.0, 'edge_exit_head_compute': 0.0, 'edge_exit_check': 0.0, 'e2c_transport': 0.19105554599263996, 'cloud_queue': 0.0021632499992847443, 'cloud_segment_compute': 0.018998890998773277, 'cloud_exit_head_compute': 0.0011867449939018115, 'cloud_exit_check': 0.0004771779931616038, 'total_latency': 0.3812311329820659, 'unattributed_overhead': 0.004082361022483383, 'request_id': 'ae52d1d0a38b4f4fbc1416fb2c3800b8', 'user_id': 0, 'prediction': 5, 'exit_id': 'final', 'exit_boundary_id': 19, 'exit_location': 'cloud', 'confidence': 0.999909520149231, 'executed_segments_by_node': {'device': [], 'edge': [], 'cloud': [0, 1, 2, 3, 4, 5, 6, 7, 8, 9, 10, 11, 12, 13, 14, 15, 16, 17, 18]}, 'nodes': [{'node': 'device', 'executed_segments': [], 'queue_s': 0.0, 'segment_compute_s': 0.0, 'exit_head_compute_s': 0.0, 'exit_check_s': 0.0, 'worker_elapsed_s': 4.2073981603607535e-05}, {'node': 'edge', 'executed_segments': [], 'queue_s': 0.0023495999998885964, 'segment_compute_s': 0.0, 'exit_head_compute_s': 0.0, 'exit_check_s': 0.0, 'worker_elapsed_s': 0.00020140000015089754}, {'node': 'cloud', 'executed_segments': [0, 1, 2, 3, 4, 5, 6, 7, 8, 9, 10, 11, 12, 13, 14, 15, 16, 17, 18], 'queue_s': 0.0021632499992847443, 'segment_compute_s': 0.018998890998773277, 'exit_head_compute_s': 0.0011867449939018115, 'exit_check_s': 0.0004771779931616038, 'worker_elapsed_s': 0.02200964599614963}], 'sample_id': 'balanced_005_0186_00002003', 'label': 5, 'correct': True, 'observed_utility': -0.9061556649103295}",balanced_005_0186_00002003,61,2003,0.4797947406768799,743951635492312822,0.3812311329820659,0.004082361022483383,0
0.0,0.018845858998247422,0.018845858998247422,4.8538000555709004e-05,0.0001036000003296067,0.018845858998247422,0.14674428900707426,4.8538000555709004e-05,0.3786359890073072,0.20615097799964133,0.0001036000003296067,0.22883720000027097,0.02268622200062964,0.0030544999999619904,0.002288609990500845,0.37871721299597993,0.018948195996927097,1784947591.945881,1784947591.214683,1784947591.464683,0.000421740987803787,0.0010070819989778101,0.002288609990500845,0.016187343004276045,0.9999375343322754,0.14674428900707426,ablate-cloud-only-resnet50-cifar10-pi5-r2-20260725-104554:v1,1,4.8538000555709004e-05,unknown,0.20615097799964133,0.0,0.0,0.001683499999671767,0.0,"{'device': [], 'edge': [], 'cloud': [0, 1, 2, 3, 4, 5, 6, 7, 8, 9, 10, 11, 12, 13, 14, 15, 16, 17, 18]}",19,final,cloud,True,3,1.0,5.0,1.0,0.37871721299597993,-0.8935860649798997,3,18b0a215024541b2b1aa5bc4abc7c003,62,"{'device_compute': 4.8538000555709004e-05, 'd2e_transport': 0.14674428900707426, 'edge_queue': 0.001683499999671767, 'edge_segment_compute': 0.0, 'edge_exit_head_compute': 0.0, 'edge_exit_check': 0.0, 'e2c_transport': 0.20615097799964133, 'cloud_queue': 0.002288609990500845, 'cloud_segment_compute': 0.016187343004276045, 'cloud_exit_head_compute': 0.0010070819989778101, 'cloud_exit_check': 0.000421740987803787, 'total_latency': 0.37871721299597993, 'unattributed_overhead': 0.004185132007478387, 'request_id': '18b0a215024541b2b1aa5bc4abc7c003', 'user_id': 0, 'prediction': 3, 'exit_id': 'final', 'exit_boundary_id': 19, 'exit_location': 'cloud', 'confidence': 0.9999375343322754, 'executed_segments_by_node': {'device': [], 'edge': [], 'cloud': [0, 1, 2, 3, 4, 5, 6, 7, 8, 9, 10, 11, 12, 13, 14, 15, 16, 17, 18]}, 'nodes': [{'node': 'device', 'executed_segments': [], 'queue_s': 0.0, 'segment_compute_s': 0.0, 'exit_head_compute_s': 0.0, 'exit_check_s': 0.0, 'worker_elapsed_s': 4.8538000555709004e-05}, {'node': 'edge', 'executed_segments': [], 'queue_s': 0.001683499999671767, 'segment_compute_s': 0.0, 'exit_head_compute_s': 0.0, 'exit_check_s': 0.0, 'worker_elapsed_s': 0.00020050000011906377}, {'node': 'cloud', 'executed_segments': [0, 1, 2, 3, 4, 5, 6, 7, 8, 9, 10, 11, 12, 13, 14, 15, 16, 17, 18], 'queue_s': 0.002288609990500845, 'segment_compute_s': 0.016187343004276045, 'exit_head_compute_s': 0.0010070819989778101, 'exit_check_s': 0.000421740987803787, 'worker_elapsed_s': 0.018948195996927097}], 'sample_id': 'balanced_003_0652_00006525', 'label': 3, 'correct': True, 'observed_utility': -0.8935860649798997}",balanced_003_0652_00006525,62,6525,0.4811978340148926,743951635492312822,0.37871721299597993,0.004185132007478387,0
0.0,0.018586903999675997,0.018586903999675997,4.444501246325672e-05,7.70000001466542e-05,0.018586903999675997,0.21523499999739215,4.444501246325672e-05,0.4563925999973435,0.21563810700718022,7.70000001466542e-05,0.23815920000015467,0.022521092992974445,0.002998399999796675,0.002470313003868796,0.4564658979943488,0.018663807000848465,1784947592.3824809,1784947591.6497717,1784947591.8997717,0.0004272569785825908,0.0010091779986396432,0.002470313003868796,0.015919561963528395,0.9988014698028564,0.21523499999739215,ablate-cloud-only-resnet50-cifar10-pi5-r2-20260725-104554:v1,1,4.444501246325672e-05,unknown,0.21563810700718022,0.0,0.0,0.0020428000002539193,0.0,"{'device': [], 'edge': [], 'cloud': [0, 1, 2, 3, 4, 5, 6, 7, 8, 9, 10, 11, 12, 13, 14, 15, 16, 17, 18]}",19,final,cloud,True,0,1.0,5.0,1.0,0.4564658979943488,-1.282329489971744,0,d0a049abbc2b4787aef2ccbd5a107eee,63,"{'device_compute': 4.444501246325672e-05, 'd2e_transport': 0.21523499999739215, 'edge_queue': 0.0020428000002539193, 'edge_segment_compute': 0.0, 'edge_exit_head_compute': 0.0, 'edge_exit_check': 0.0, 'e2c_transport': 0.21563810700718022, 'cloud_queue': 0.002470313003868796, 'cloud_segment_compute': 0.015919561963528395, 'cloud_exit_head_compute': 0.0010091779986396432, 'cloud_exit_check': 0.0004272569785825908, 'total_latency': 0.4564658979943488, 'unattributed_overhead': 0.0036792360324398032, 'request_id': 'd0a049abbc2b4787aef2ccbd5a107eee', 'user_id': 0, 'prediction': 0, 'exit_id': 'final', 'exit_boundary_id': 19, 'exit_location': 'cloud', 'confidence': 0.9988014698028564, 'executed_segments_by_node': {'device': [], 'edge': [], 'cloud': [0, 1, 2, 3, 4, 5, 6, 7, 8, 9, 10, 11, 12, 13, 14, 15, 16, 17, 18]}, 'nodes': [{'node': 'device', 'executed_segments': [], 'queue_s': 0.0, 'segment_compute_s': 0.0, 'exit_head_compute_s': 0.0, 'exit_check_s': 0.0, 'worker_elapsed_s': 4.444501246325672e-05}, {'node': 'edge', 'executed_segments': [], 'queue_s': 0.0020428000002539193, 'segment_compute_s': 0.0, 'exit_head_compute_s': 0.0, 'exit_check_s': 0.0, 'worker_elapsed_s': 0.0001542999998491723}, {'node': 'cloud', 'executed_segments': [0, 1, 2, 3, 4, 5, 6, 7, 8, 9, 10, 11, 12, 13, 14, 15, 16, 17, 18], 'queue_s': 0.002470313003868796, 'segment_compute_s': 0.015919561963528395, 'exit_head_compute_s': 0.0010091779986396432, 'exit_check_s': 0.0004272569785825908, 'worker_elapsed_s': 0.018663807000848465}], 'sample_id': 'balanced_000_0205_00002098', 'label': 0, 'correct': True, 'observed_utility': -1.282329489971744}",balanced_000_0205_00002098,63,2098,0.4827091693878174,743951635492312822,0.4564658979943488,0.0036792360324398032,0
0.0,0.018193679003161378,0.018193679003161378,4.277899279259145e-05,0.0001314999999522115,0.018193679003161378,0.17226515802076392,4.277899279259145e-05,0.365714358020341,0.1655966489875027,0.0001314999999522115,0.18760189999966315,0.022005251012160443,0.0058472999999139574,0.0023563849972561,0.3657855639758054,0.018261885998072103,1784947592.8834977,1784947592.1538868,1784947592.4038868,0.00040403900493402034,0.000971204019151628,0.0023563849972561,0.015605075008352287,0.9999260902404785,0.17226515802076392,ablate-cloud-only-resnet50-cifar10-pi5-r2-20260725-104554:v2,2,4.277899279259145e-05,unknown,0.1655966489875027,0.0,0.0,0.0042374999998173735,0.0,"{'device': [], 'edge': [], 'cloud': [0, 1, 2, 3, 4, 5, 6, 7, 8, 9, 10, 11, 12, 13, 14, 15, 16, 17, 18]}",19,final,cloud,True,0,1.0,5.0,1.0,0.3657855639758054,-0.8289278198790271,0,1e9ad05358e74105850fe16d9d9ecf82,64,"{'device_compute': 4.277899279259145e-05, 'd2e_transport': 0.17226515802076392, 'edge_queue': 0.0042374999998173735, 'edge_segment_compute': 0.0, 'edge_exit_head_compute': 0.0, 'edge_exit_check': 0.0, 'e2c_transport': 0.1655966489875027, 'cloud_queue': 0.0023563849972561, 'cloud_segment_compute': 0.015605075008352287, 'cloud_exit_head_compute': 0.000971204019151628, 'cloud_exit_check': 0.00040403900493402034, 'total_latency': 0.3657855639758054, 'unattributed_overhead': 0.0043067749452347925, 'request_id': '1e9ad05358e74105850fe16d9d9ecf82', 'user_id': 0, 'prediction': 0, 'exit_id': 'final', 'exit_boundary_id': 19, 'exit_location': 'cloud', 'confidence': 0.9999260902404785, 'executed_segments_by_node': {'device': [], 'edge': [], 'cloud': [0, 1, 2, 3, 4, 5, 6, 7, 8, 9, 10, 11, 12, 13, 14, 15, 16, 17, 18]}, 'nodes': [{'node': 'device', 'executed_segments': [], 'queue_s': 0.0, 'segment_compute_s': 0.0, 'exit_head_compute_s': 0.0, 'exit_check_s': 0.0, 'worker_elapsed_s': 4.277899279259145e-05}, {'node': 'edge', 'executed_segments': [], 'queue_s': 0.0042374999998173735, 'segment_compute_s': 0.0, 'exit_head_compute_s': 0.0, 'exit_check_s': 0.0, 'worker_elapsed_s': 0.00024859999984983006}, {'node': 'cloud', 'executed_segments': [0, 1, 2, 3, 4, 5, 6, 7, 8, 9, 10, 11, 12, 13, 14, 15, 16, 17, 18], 'queue_s': 0.0023563849972561, 'segment_compute_s': 0.015605075008352287, 'exit_head_compute_s': 0.000971204019151628, 'exit_check_s': 0.00040403900493402034, 'worker_elapsed_s': 0.018261885998072103}], 'sample_id': 'balanced_000_0154_00001579', 'label': 0, 'correct': True, 'observed_utility': -0.8289278198790271}",balanced_000_0154_00001579,64,1579,0.4796109199523926,743951635492312822,0.3657855639758054,0.0043067749452347925,0
0.0,0.018495532000088133,0.018495532000088133,4.150002496317029e-05,0.00010840000004463946,0.018495532000088133,0.23882308202428248,4.150002496317029e-05,0.48395588202401996,0.2188645749938587,0.00010840000004463946,0.241152399999919,0.022287825006060302,0.003980399999818474,0.002350598995690234,0.48402725299820304,0.01857016400026623,1784947593.2733767,1784947592.5438862,1784947592.7938862,0.0004241639981046319,0.0010070950083900243,0.002350598995690234,0.0158235569979297,0.9999990463256836,0.23882308202428248,ablate-cloud-only-resnet50-cifar10-pi5-r2-20260725-104554:v2,2,4.150002496317029e-05,unknown,0.2188645749938587,0.0,0.0,0.0027407000002312998,0.0,"{'device': [], 'edge': [], 'cloud': [0, 1, 2, 3, 4, 5, 6, 7, 8, 9, 10, 11, 12, 13, 14, 15, 16, 17, 18]}",19,final,cloud,True,1,1.0,5.0,1.0,0.48402725299820304,-1.4201362649910152,1,b245b829aff74985a6674cac61642ee3,65,"{'device_compute': 4.150002496317029e-05, 'd2e_transport': 0.23882308202428248, 'edge_queue': 0.0027407000002312998, 'edge_segment_compute': 0.0, 'edge_exit_head_compute': 0.0, 'edge_exit_check': 0.0, 'e2c_transport': 0.2188645749938587, 'cloud_queue': 0.002350598995690234, 'cloud_segment_compute': 0.0158235569979297, 'cloud_exit_head_compute': 0.0010070950083900243, 'cloud_exit_check': 0.0004241639981046319, 'total_latency': 0.48402725299820304, 'unattributed_overhead': 0.003951980954752798, 'request_id': 'b245b829aff74985a6674cac61642ee3', 'user_id': 0, 'prediction': 1, 'exit_id': 'final', 'exit_boundary_id': 19, 'exit_location': 'cloud', 'confidence': 0.9999990463256836, 'executed_segments_by_node': {'device': [], 'edge': [], 'cloud': [0, 1, 2, 3, 4, 5, 6, 7, 8, 9, 10, 11, 12, 13, 14, 15, 16, 17, 18]}, 'nodes': [{'node': 'device', 'executed_segments': [], 'queue_s': 0.0, 'segment_compute_s': 0.0, 'exit_head_compute_s': 0.0, 'exit_check_s': 0.0, 'worker_elapsed_s': 4.150002496317029e-05}, {'node': 'edge', 'executed_segments': [], 'queue_s': 0.0027407000002312998, 'segment_compute_s': 0.0, 'exit_head_compute_s': 0.0, 'exit_check_s': 0.0, 'worker_elapsed_s': 0.00023119999968912452}, {'node': 'cloud', 'executed_segments': [0, 1, 2, 3, 4, 5, 6, 7, 8, 9, 10, 11, 12, 13, 14, 15, 16, 17, 18], 'queue_s': 0.002350598995690234, 'segment_compute_s': 0.0158235569979297, 'exit_head_compute_s': 0.0010070950083900243, 'exit_check_s': 0.0004241639981046319, 'worker_elapsed_s': 0.01857016400026623}], 'sample_id': 'balanced_001_0809_00008097', 'label': 1, 'correct': True, 'observed_utility': -1.4201362649910152}",balanced_001_0809_00008097,65,8097,0.4794905185699463,743951635492312822,0.48402725299820304,0.003951980954752798,0
0.0,0.01142159299342893,0.01142159299342893,5.109398625791073e-05,4.1000000237545464e-05,0.01142159299342893,0.2081385319893343,5.109398625791073e-05,0.47599363198969513,0.24873398799263668,4.1000000237545464e-05,0.26412230000005366,0.015388312007416971,0.0037328000003071793,0.0021948089997749776,0.4760777629853692,0.01148884100257419,1784947593.792599,1784947593.059438,1784947593.309438,0.0002491129853297025,0.0006177899922477081,0.0021948089997749776,0.009813043929170817,0.9999946355819702,0.2081385319893343,ablate-cloud-only-resnet50-cifar10-pi5-r2-20260725-104554:v2,2,5.109398625791073e-05,unknown,0.24873398799263668,0.0,0.0,0.0014018000001669861,0.0,"{'device': [], 'edge': [], 'cloud': [0, 1, 2, 3, 4, 5, 6, 7, 8, 9, 10, 11, 12, 13, 14, 15, 16, 17, 18]}",19,final,cloud,True,4,1.0,5.0,1.0,0.4760777629853692,-1.380388814926846,4,fc124cc29e0d458486efa492589e007e,66,"{'device_compute': 5.109398625791073e-05, 'd2e_transport': 0.2081385319893343, 'edge_queue': 0.0014018000001669861, 'edge_segment_compute': 0.0, 'edge_exit_head_compute': 0.0, 'edge_exit_check': 0.0, 'e2c_transport': 0.24873398799263668, 'cloud_queue': 0.0021948089997749776, 'cloud_segment_compute': 0.009813043929170817, 'cloud_exit_head_compute': 0.0006177899922477081, 'cloud_exit_check': 0.0002491129853297025, 'total_latency': 0.4760777629853692, 'unattributed_overhead': 0.004877593110450107, 'request_id': 'fc124cc29e0d458486efa492589e007e', 'user_id': 0, 'prediction': 4, 'exit_id': 'final', 'exit_boundary_id': 19, 'exit_location': 'cloud', 'confidence': 0.9999946355819702, 'executed_segments_by_node': {'device': [], 'edge': [], 'cloud': [0, 1, 2, 3, 4, 5, 6, 7, 8, 9, 10, 11, 12, 13, 14, 15, 16, 17, 18]}, 'nodes': [{'node': 'device', 'executed_segments': [], 'queue_s': 0.0, 'segment_compute_s': 0.0, 'exit_head_compute_s': 0.0, 'exit_check_s': 0.0, 'worker_elapsed_s': 5.109398625791073e-05}, {'node': 'edge', 'executed_segments': [], 'queue_s': 0.0014018000001669861, 'segment_compute_s': 0.0, 'exit_head_compute_s': 0.0, 'exit_check_s': 0.0, 'worker_elapsed_s': 9.15000000532018e-05}, {'node': 'cloud', 'executed_segments': [0, 1, 2, 3, 4, 5, 6, 7, 8, 9, 10, 11, 12, 13, 14, 15, 16, 17, 18], 'queue_s': 0.0021948089997749776, 'segment_compute_s': 0.009813043929170817, 'exit_head_compute_s': 0.0006177899922477081, 'exit_check_s': 0.0002491129853297025, 'worker_elapsed_s': 0.01148884100257419}], 'sample_id': 'balanced_004_0408_00004053', 'label': 4, 'correct': True, 'observed_utility': -1.380388814926846}",balanced_004_0408_00004053,66,4053,0.48316097259521484,743951635492312822,0.4760777629853692,0.004877593110450107,0
0.0,0.01840775800519623,0.01840775800519623,4.483398515731096e-05,8.519999983036541e-05,0.01840775800519623,0.15169288697779848,4.483398515731096e-05,0.3773833869781811,0.19744550600580624,8.519999983036541e-05,0.22009620000017094,0.0226506939943647,0.0055943000002116605,0.00243546899582725,0.37745818399707787,0.018482378000044264,1784947594.301676,1784947593.5654528,1784947593.8154528,0.00042420500540174544,0.0009807470050873235,0.00243546899582725,0.01577476599777583,0.999991774559021,0.15169288697779848,ablate-cloud-only-resnet50-cifar10-pi5-r2-20260725-104554:v2,2,4.483398515731096e-05,unknown,0.19744550600580624,0.0,0.0,0.0043877000002794375,0.0,"{'device': [], 'edge': [], 'cloud': [0, 1, 2, 3, 4, 5, 6, 7, 8, 9, 10, 11, 12, 13, 14, 15, 16, 17, 18]}",19,final,cloud,True,6,1.0,5.0,1.0,0.37745818399707787,-0.8872909199853893,6,a5aa8228921d426eb88af85ac272f379,67,"{'device_compute': 4.483398515731096e-05, 'd2e_transport': 0.15169288697779848, 'edge_queue': 0.0043877000002794375, 'edge_segment_compute': 0.0, 'edge_exit_head_compute': 0.0, 'edge_exit_check': 0.0, 'e2c_transport': 0.19744550600580624, 'cloud_queue': 0.00243546899582725, 'cloud_segment_compute': 0.01577476599777583, 'cloud_exit_head_compute': 0.0009807470050873235, 'cloud_exit_check': 0.00042420500540174544, 'total_latency': 0.37745818399707787, 'unattributed_overhead': 0.004272070023944252, 'request_id': 'a5aa8228921d426eb88af85ac272f379', 'user_id': 0, 'prediction': 6, 'exit_id': 'final', 'exit_boundary_id': 19, 'exit_location': 'cloud', 'confidence': 0.999991774559021, 'executed_segments_by_node': {'device': [], 'edge': [], 'cloud': [0, 1, 2, 3, 4, 5, 6, 7, 8, 9, 10, 11, 12, 13, 14, 15, 16, 17, 18]}, 'nodes': [{'node': 'device', 'executed_segments': [], 'queue_s': 0.0, 'segment_compute_s': 0.0, 'exit_head_compute_s': 0.0, 'exit_check_s': 0.0, 'worker_elapsed_s': 4.483398515731096e-05}, {'node': 'edge', 'executed_segments': [], 'queue_s': 0.0043877000002794375, 'segment_compute_s': 0.0, 'exit_head_compute_s': 0.0, 'exit_check_s': 0.0, 'worker_elapsed_s': 0.0001822999997784791}, {'node': 'cloud', 'executed_segments': [0, 1, 2, 3, 4, 5, 6, 7, 8, 9, 10, 11, 12, 13, 14, 15, 16, 17, 18], 'queue_s': 0.00243546899582725, 'segment_compute_s': 0.01577476599777583, 'exit_head_compute_s': 0.0009807470050873235, 'exit_check_s': 0.00042420500540174544, 'worker_elapsed_s': 0.018482378000044264}], 'sample_id': 'balanced_006_0918_00009150', 'label': 6, 'correct': True, 'observed_utility': -0.8872909199853893}",balanced_006_0918_00009150,67,9150,0.4862232208251953,743951635492312822,0.37745818399707787,0.004272070023944252,0
0.0,0.018591657993965782,0.018591657993965782,4.618600360117853e-05,8.200000002034358e-05,0.018591657993965782,0.15082085501762776,4.618600360117853e-05,0.4802562550175935,0.30375430900494393,8.200000002034358e-05,0.32658059999994293,0.022826290994999,0.0028548000000228058,0.002459325987729244,0.4803334969910793,0.018669082011911087,1784947594.704829,1784947593.9746702,1784947594.2246702,0.0004413860006025061,0.000981994002358988,0.002459325987729244,0.015901148988632485,0.9999945163726807,0.15082085501762776,ablate-cloud-only-resnet50-cifar10-pi5-r2-20260725-104554:v2,2,4.618600360117853e-05,unknown,0.30375430900494393,0.0,0.0,0.0014384000000973174,0.0,"{'device': [], 'edge': [], 'cloud': [0, 1, 2, 3, 4, 5, 6, 7, 8, 9, 10, 11, 12, 13, 14, 15, 16, 17, 18]}",19,final,cloud,True,7,1.0,5.0,1.0,0.4803334969910793,-1.4016674849553965,7,b477a8c4ca344c159759727616bfaae4,68,"{'device_compute': 4.618600360117853e-05, 'd2e_transport': 0.15082085501762776, 'edge_queue': 0.0014384000000973174, 'edge_segment_compute': 0.0, 'edge_exit_head_compute': 0.0, 'edge_exit_check': 0.0, 'e2c_transport': 0.30375430900494393, 'cloud_queue': 0.002459325987729244, 'cloud_segment_compute': 0.015901148988632485, 'cloud_exit_head_compute': 0.000981994002358988, 'cloud_exit_check': 0.0004413860006025061, 'total_latency': 0.4803334969910793, 'unattributed_overhead': 0.004489891985485883, 'request_id': 'b477a8c4ca344c159759727616bfaae4', 'user_id': 0, 'prediction': 7, 'exit_id': 'final', 'exit_boundary_id': 19, 'exit_location': 'cloud', 'confidence': 0.9999945163726807, 'executed_segments_by_node': {'device': [], 'edge': [], 'cloud': [0, 1, 2, 3, 4, 5, 6, 7, 8, 9, 10, 11, 12, 13, 14, 15, 16, 17, 18]}, 'nodes': [{'node': 'device', 'executed_segments': [], 'queue_s': 0.0, 'segment_compute_s': 0.0, 'exit_head_compute_s': 0.0, 'exit_check_s': 0.0, 'worker_elapsed_s': 4.618600360117853e-05}, {'node': 'edge', 'executed_segments': [], 'queue_s': 0.0014384000000973174, 'segment_compute_s': 0.0, 'exit_head_compute_s': 0.0, 'exit_check_s': 0.0, 'worker_elapsed_s': 0.00016400000004068715}, {'node': 'cloud', 'executed_segments': [0, 1, 2, 3, 4, 5, 6, 7, 8, 9, 10, 11, 12, 13, 14, 15, 16, 17, 18], 'queue_s': 0.002459325987729244, 'segment_compute_s': 0.015901148988632485, 'exit_head_compute_s': 0.000981994002358988, 'exit_check_s': 0.0004413860006025061, 'worker_elapsed_s': 0.018669082011911087}], 'sample_id': 'balanced_007_0172_00001780', 'label': 7, 'correct': True, 'observed_utility': -1.4016674849553965}",balanced_007_0172_00001780,68,1780,0.48015880584716797,743951635492312822,0.4803334969910793,0.004489891985485883,0
0.0,0.018733221004367806,0.018733221004367806,4.588998854160309e-05,7.639999967068434e-05,0.018733221004367806,0.12350523499571864,4.588998854160309e-05,0.38671283499570563,0.2379166150067249,7.639999967068434e-05,0.260935100000097,0.023018484993372113,0.0022724999998899875,0.0025240190007025376,0.3867891699774191,0.018829000007826835,1784947595.2159953,1784947594.4816928,1784947594.7316928,0.00042474699148442596,0.0010119980142917484,0.0025240190007025376,0.016013702028431,0.9999754428863525,0.12350523499571864,ablate-cloud-only-resnet50-cifar10-pi5-r2-20260725-104554:v2,2,4.588998854160309e-05,unknown,0.2379166150067249,0.0,0.0,0.001250399999662477,0.0,"{'device': [], 'edge': [], 'cloud': [0, 1, 2, 3, 4, 5, 6, 7, 8, 9, 10, 11, 12, 13, 14, 15, 16, 17, 18]}",19,final,cloud,True,9,1.0,5.0,1.0,0.3867891699774191,-0.9339458498870954,9,0b2d7d0d2592458ab4adb8537ba55d5e,69,"{'device_compute': 4.588998854160309e-05, 'd2e_transport': 0.12350523499571864, 'edge_queue': 0.001250399999662477, 'edge_segment_compute': 0.0, 'edge_exit_head_compute': 0.0, 'edge_exit_check': 0.0, 'e2c_transport': 0.2379166150067249, 'cloud_queue': 0.0025240190007025376, 'cloud_segment_compute': 0.016013702028431, 'cloud_exit_head_compute': 0.0010119980142917484, 'cloud_exit_check': 0.00042474699148442596, 'total_latency': 0.3867891699774191, 'unattributed_overhead': 0.004096563951861754, 'request_id': '0b2d7d0d2592458ab4adb8537ba55d5e', 'user_id': 0, 'prediction': 9, 'exit_id': 'final', 'exit_boundary_id': 19, 'exit_location': 'cloud', 'confidence': 0.9999754428863525, 'executed_segments_by_node': {'device': [], 'edge': [], 'cloud': [0, 1, 2, 3, 4, 5, 6, 7, 8, 9, 10, 11, 12, 13, 14, 15, 16, 17, 18]}, 'nodes': [{'node': 'device', 'executed_segments': [], 'queue_s': 0.0, 'segment_compute_s': 0.0, 'exit_head_compute_s': 0.0, 'exit_check_s': 0.0, 'worker_elapsed_s': 4.588998854160309e-05}, {'node': 'edge', 'executed_segments': [], 'queue_s': 0.001250399999662477, 'segment_compute_s': 0.0, 'exit_head_compute_s': 0.0, 'exit_check_s': 0.0, 'worker_elapsed_s': 0.00015250000024025212}, {'node': 'cloud', 'executed_segments': [0, 1, 2, 3, 4, 5, 6, 7, 8, 9, 10, 11, 12, 13, 14, 15, 16, 17, 18], 'queue_s': 0.0025240190007025376, 'segment_compute_s': 0.016013702028431, 'exit_head_compute_s': 0.0010119980142917484, 'exit_check_s': 0.00042474699148442596, 'worker_elapsed_s': 0.018829000007826835}], 'sample_id': 'balanced_009_0546_00005350', 'label': 9, 'correct': True, 'observed_utility': -0.9339458498870954}",balanced_009_0546_00005350,69,5350,0.4843025207519531,743951635492312822,0.3867891699774191,0.004096563951861754,0
0.0,0.0182807370001683,0.0182807370001683,4.3890002416446805e-05,8.190000016838894e-05,0.0182807370001683,0.1363099499862983,4.3890002416446805e-05,0.36888274998636916,0.20733667300783054,8.190000016838894e-05,0.22986050000008618,0.022523826992255636,0.0027122999999846797,0.00250345999666024,0.3689567139954306,0.018357552005909383,1784947595.6468418,1784947594.9182458,1784947595.1682458,0.00041510201117489487,0.0009815849916776642,0.00250345999666024,0.01566169600118883,0.9999997615814209,0.1363099499862983,ablate-cloud-only-resnet50-cifar10-pi5-r2-20260725-104554:v2,2,4.3890002416446805e-05,unknown,0.20733667300783054,0.0,0.0,0.001661199999944074,0.0,"{'device': [], 'edge': [], 'cloud': [0, 1, 2, 3, 4, 5, 6, 7, 8, 9, 10, 11, 12, 13, 14, 15, 16, 17, 18]}",19,final,cloud,True,8,1.0,5.0,1.0,0.3689567139954306,-0.8447835699771531,8,36b845e49cce4181af5f9d5788b8b459,70,"{'device_compute': 4.3890002416446805e-05, 'd2e_transport': 0.1363099499862983, 'edge_queue': 0.001661199999944074, 'edge_segment_compute': 0.0, 'edge_exit_head_compute': 0.0, 'edge_exit_check': 0.0, 'e2c_transport': 0.20733667300783054, 'cloud_queue': 0.00250345999666024, 'cloud_segment_compute': 0.01566169600118883, 'cloud_exit_head_compute': 0.0009815849916776642, 'cloud_exit_check': 0.00041510201117489487, 'total_latency': 0.3689567139954306, 'unattributed_overhead': 0.0040431579982396215, 'request_id': '36b845e49cce4181af5f9d5788b8b459', 'user_id': 0, 'prediction': 8, 'exit_id': 'final', 'exit_boundary_id': 19, 'exit_location': 'cloud', 'confidence': 0.9999997615814209, 'executed_segments_by_node': {'device': [], 'edge': [], 'cloud': [0, 1, 2, 3, 4, 5, 6, 7, 8, 9, 10, 11, 12, 13, 14, 15, 16, 17, 18]}, 'nodes': [{'node': 'device', 'executed_segments': [], 'queue_s': 0.0, 'segment_compute_s': 0.0, 'exit_head_compute_s': 0.0, 'exit_check_s': 0.0, 'worker_elapsed_s': 4.3890002416446805e-05}, {'node': 'edge', 'executed_segments': [], 'queue_s': 0.001661199999944074, 'segment_compute_s': 0.0, 'exit_head_compute_s': 0.0, 'exit_check_s': 0.0, 'worker_elapsed_s': 0.0001710000001367007}, {'node': 'cloud', 'executed_segments': [0, 1, 2, 3, 4, 5, 6, 7, 8, 9, 10, 11, 12, 13, 14, 15, 16, 17, 18], 'queue_s': 0.00250345999666024, 'segment_compute_s': 0.01566169600118883, 'exit_head_compute_s': 0.0009815849916776642, 'exit_check_s': 0.00041510201117489487, 'worker_elapsed_s': 0.018357552005909383}], 'sample_id': 'balanced_008_0692_00007060', 'label': 8, 'correct': True, 'observed_utility': -0.8447835699771531}",balanced_008_0692_00007060,70,7060,0.4785959720611572,743951635492312822,0.3689567139954306,0.0040431579982396215,0
0.0,0.018407411000225693,0.018407411000225693,4.646397428587079e-05,7.929999992484227e-05,0.018407411000225693,0.13577821500757636,4.646397428587079e-05,0.3795356150076259,0.21872791400528513,7.929999992484227e-05,0.24133710000023711,0.022609185994951986,0.002420299999812414,0.0024723329988773912,0.3796119319740683,0.01848539599450305,1784947596.0456996,1784947595.3146539,1784947595.5646539,0.00040560998604632914,0.0009815670200623572,0.0024723329988773912,0.015801171044586226,0.9855548143386841,0.13577821500757636,ablate-cloud-only-resnet50-cifar10-pi5-r2-20260725-104554:v2,2,4.646397428587079e-05,unknown,0.21872791400528513,0.0,0.0,0.001398599999902217,0.0,"{'device': [], 'edge': [], 'cloud': [0, 1, 2, 3, 4, 5, 6, 7, 8, 9, 10, 11, 12, 13, 14, 15, 16, 17, 18]}",19,final,cloud,True,6,1.0,5.0,1.0,0.3796119319740683,-0.8980596598703414,6,51e20dda02d543219dd684a87d048149,71,"{'device_compute': 4.646397428587079e-05, 'd2e_transport': 0.13577821500757636, 'edge_queue': 0.001398599999902217, 'edge_segment_compute': 0.0, 'edge_exit_head_compute': 0.0, 'edge_exit_check': 0.0, 'e2c_transport': 0.21872791400528513, 'cloud_queue': 0.0024723329988773912, 'cloud_segment_compute': 0.015801171044586226, 'cloud_exit_head_compute': 0.0009815670200623572, 'cloud_exit_check': 0.00040560998604632914, 'total_latency': 0.3796119319740683, 'unattributed_overhead': 0.0040000579374464, 'request_id': '51e20dda02d543219dd684a87d048149', 'user_id': 0, 'prediction': 6, 'exit_id': 'final', 'exit_boundary_id': 19, 'exit_location': 'cloud', 'confidence': 0.9855548143386841, 'executed_segments_by_node': {'device': [], 'edge': [], 'cloud': [0, 1, 2, 3, 4, 5, 6, 7, 8, 9, 10, 11, 12, 13, 14, 15, 16, 17, 18]}, 'nodes': [{'node': 'device', 'executed_segments': [], 'queue_s': 0.0, 'segment_compute_s': 0.0, 'exit_head_compute_s': 0.0, 'exit_check_s': 0.0, 'worker_elapsed_s': 4.646397428587079e-05}, {'node': 'edge', 'executed_segments': [], 'queue_s': 0.001398599999902217, 'segment_compute_s': 0.0, 'exit_head_compute_s': 0.0, 'exit_check_s': 0.0, 'worker_elapsed_s': 0.00015859999984968454}, {'node': 'cloud', 'executed_segments': [0, 1, 2, 3, 4, 5, 6, 7, 8, 9, 10, 11, 12, 13, 14, 15, 16, 17, 18], 'queue_s': 0.0024723329988773912, 'segment_compute_s': 0.015801171044586226, 'exit_head_compute_s': 0.0009815670200623572, 'exit_check_s': 0.00040560998604632914, 'worker_elapsed_s': 0.01848539599450305}], 'sample_id': 'balanced_006_0083_00000710', 'label': 6, 'correct': True, 'observed_utility': -0.8980596598703414}",balanced_006_0083_00000710,71,710,0.4810457229614258,743951635492312822,0.3796119319740683,0.0040000579374464,0
0.0,0.018502310995245352,0.018502310995245352,4.070397699251771e-05,8.780000007391209e-05,0.018502310995245352,0.14752976600038892,4.070397699251771e-05,0.38150826600030996,0.20620873600455525,8.780000007391209e-05,0.2305343999996694,0.024325663995114155,0.0034441000002516375,0.0025120130012510344,0.38157698899158277,0.01858139999967534,1784947596.4545057,1784947595.7245774,1784947595.9745774,0.0004207969905110076,0.0009933129913406447,0.0025120130012510344,0.015851577001740225,0.9999582767486572,0.14752976600038892,ablate-cloud-only-resnet50-cifar10-pi5-r2-20260725-104554:v2,2,4.070397699251771e-05,unknown,0.20620873600455525,0.0,0.0,0.002400399999714864,0.0,"{'device': [], 'edge': [], 'cloud': [0, 1, 2, 3, 4, 5, 6, 7, 8, 9, 10, 11, 12, 13, 14, 15, 16, 17, 18]}",19,final,cloud,True,4,1.0,5.0,1.0,0.38157698899158277,-0.9078849449579138,4,ffb32df845bf40069eb3c1c63069f665,72,"{'device_compute': 4.070397699251771e-05, 'd2e_transport': 0.14752976600038892, 'edge_queue': 0.002400399999714864, 'edge_segment_compute': 0.0, 'edge_exit_head_compute': 0.0, 'edge_exit_check': 0.0, 'e2c_transport': 0.20620873600455525, 'cloud_queue': 0.0025120130012510344, 'cloud_segment_compute': 0.015851577001740225, 'cloud_exit_head_compute': 0.0009933129913406447, 'cloud_exit_check': 0.0004207969905110076, 'total_latency': 0.38157698899158277, 'unattributed_overhead': 0.005619683025088307, 'request_id': 'ffb32df845bf40069eb3c1c63069f665', 'user_id': 0, 'prediction': 4, 'exit_id': 'final', 'exit_boundary_id': 19, 'exit_location': 'cloud', 'confidence': 0.9999582767486572, 'executed_segments_by_node': {'device': [], 'edge': [], 'cloud': [0, 1, 2, 3, 4, 5, 6, 7, 8, 9, 10, 11, 12, 13, 14, 15, 16, 17, 18]}, 'nodes': [{'node': 'device', 'executed_segments': [], 'queue_s': 0.0, 'segment_compute_s': 0.0, 'exit_head_compute_s': 0.0, 'exit_check_s': 0.0, 'worker_elapsed_s': 4.070397699251771e-05}, {'node': 'edge', 'executed_segments': [], 'queue_s': 0.002400399999714864, 'segment_compute_s': 0.0, 'exit_head_compute_s': 0.0, 'exit_check_s': 0.0, 'worker_elapsed_s': 0.00017290000005232287}, {'node': 'cloud', 'executed_segments': [0, 1, 2, 3, 4, 5, 6, 7, 8, 9, 10, 11, 12, 13, 14, 15, 16, 17, 18], 'queue_s': 0.0025120130012510344, 'segment_compute_s': 0.015851577001740225, 'exit_head_compute_s': 0.0009933129913406447, 'exit_check_s': 0.0004207969905110076, 'worker_elapsed_s': 0.01858139999967534}], 'sample_id': 'balanced_004_0695_00006673', 'label': 4, 'correct': True, 'observed_utility': -0.9078849449579138}",balanced_004_0695_00006673,72,6673,0.47992825508117676,743951635492312822,0.38157698899158277,0.005619683025088307,0
0.0,0.018320069008041173,0.018320069008041173,4.613000783137977e-05,8.14999998510757e-05,0.018320069008041173,0.12875953598722845,4.613000783137977e-05,0.36676143598742783,0.21240011500003675,8.14999998510757e-05,0.23521879999998418,0.022818684999947436,0.0027831000002151995,0.0029325509967748076,0.36683893800363876,0.018393822989310138,1784947596.8755064,1784947596.1459367,1784947596.3959367,0.0004166629951214418,0.0009910329972626641,0.0029325509967748076,0.015683096993598156,0.9999961853027344,0.12875953598722845,ablate-cloud-only-resnet50-cifar10-pi5-r2-20260725-104554:v2,2,4.613000783137977e-05,unknown,0.21240011500003675,0.0,0.0,0.0014782000002924178,0.0,"{'device': [], 'edge': [], 'cloud': [0, 1, 2, 3, 4, 5, 6, 7, 8, 9, 10, 11, 12, 13, 14, 15, 16, 17, 18]}",19,final,cloud,True,7,1.0,5.0,1.0,0.36683893800363876,-0.8341946900181938,7,39e3a766cd8740869db0ad0a67624f90,73,"{'device_compute': 4.613000783137977e-05, 'd2e_transport': 0.12875953598722845, 'edge_queue': 0.0014782000002924178, 'edge_segment_compute': 0.0, 'edge_exit_head_compute': 0.0, 'edge_exit_check': 0.0, 'e2c_transport': 0.21240011500003675, 'cloud_queue': 0.0029325509967748076, 'cloud_segment_compute': 0.015683096993598156, 'cloud_exit_head_compute': 0.0009910329972626641, 'cloud_exit_check': 0.0004166629951214418, 'total_latency': 0.36683893800363876, 'unattributed_overhead': 0.0041316130254926975, 'request_id': '39e3a766cd8740869db0ad0a67624f90', 'user_id': 0, 'prediction': 7, 'exit_id': 'final', 'exit_boundary_id': 19, 'exit_location': 'cloud', 'confidence': 0.9999961853027344, 'executed_segments_by_node': {'device': [], 'edge': [], 'cloud': [0, 1, 2, 3, 4, 5, 6, 7, 8, 9, 10, 11, 12, 13, 14, 15, 16, 17, 18]}, 'nodes': [{'node': 'device', 'executed_segments': [], 'queue_s': 0.0, 'segment_compute_s': 0.0, 'exit_head_compute_s': 0.0, 'exit_check_s': 0.0, 'worker_elapsed_s': 4.613000783137977e-05}, {'node': 'edge', 'executed_segments': [], 'queue_s': 0.0014782000002924178, 'segment_compute_s': 0.0, 'exit_head_compute_s': 0.0, 'exit_check_s': 0.0, 'worker_elapsed_s': 0.00016030000006139744}, {'node': 'cloud', 'executed_segments': [0, 1, 2, 3, 4, 5, 6, 7, 8, 9, 10, 11, 12, 13, 14, 15, 16, 17, 18], 'queue_s': 0.0029325509967748076, 'segment_compute_s': 0.015683096993598156, 'exit_head_compute_s': 0.0009910329972626641, 'exit_check_s': 0.0004166629951214418, 'worker_elapsed_s': 0.018393822989310138}], 'sample_id': 'balanced_007_0042_00000445', 'label': 7, 'correct': True, 'observed_utility': -0.8341946900181938}",balanced_007_0042_00000445,73,445,0.479569673538208,743951635492312822,0.36683893800363876,0.0041316130254926975,0
0.0,0.018319432987482287,0.018319432987482287,4.0834012906998396e-05,0.00010060000022349413,0.018319432987482287,0.16123201398613674,4.0834012906998396e-05,0.37860261398600414,0.19205890599641862,0.00010060000022349413,0.21439740000005258,0.02233849400363397,0.002973199999814824,0.0025399639998795465,0.37867172600817867,0.018390015000477433,1784947597.275878,1784947596.5466785,1784947596.7966785,0.0004035260062664747,0.0009582339989719912,0.0025399639998795465,0.015742904040962458,0.9969883561134338,0.16123201398613674,ablate-cloud-only-resnet50-cifar10-pi5-r2-20260725-104554:v2,2,4.0834012906998396e-05,unknown,0.19205890599641862,0.0,0.0,0.0016199000001506647,0.0,"{'device': [], 'edge': [], 'cloud': [0, 1, 2, 3, 4, 5, 6, 7, 8, 9, 10, 11, 12, 13, 14, 15, 16, 17, 18]}",19,final,cloud,True,8,1.0,5.0,1.0,0.37867172600817867,-0.8933586300408933,8,5acde61ae6e84b5b85db344c6d670184,74,"{'device_compute': 4.0834012906998396e-05, 'd2e_transport': 0.16123201398613674, 'edge_queue': 0.0016199000001506647, 'edge_segment_compute': 0.0, 'edge_exit_head_compute': 0.0, 'edge_exit_check': 0.0, 'e2c_transport': 0.19205890599641862, 'cloud_queue': 0.0025399639998795465, 'cloud_segment_compute': 0.015742904040962458, 'cloud_exit_head_compute': 0.0009582339989719912, 'cloud_exit_check': 0.0004035260062664747, 'total_latency': 0.37867172600817867, 'unattributed_overhead': 0.004075443966485182, 'request_id': '5acde61ae6e84b5b85db344c6d670184', 'user_id': 0, 'prediction': 8, 'exit_id': 'final', 'exit_boundary_id': 19, 'exit_location': 'cloud', 'confidence': 0.9969883561134338, 'executed_segments_by_node': {'device': [], 'edge': [], 'cloud': [0, 1, 2, 3, 4, 5, 6, 7, 8, 9, 10, 11, 12, 13, 14, 15, 16, 17, 18]}, 'nodes': [{'node': 'device', 'executed_segments': [], 'queue_s': 0.0, 'segment_compute_s': 0.0, 'exit_head_compute_s': 0.0, 'exit_check_s': 0.0, 'worker_elapsed_s': 4.0834012906998396e-05}, {'node': 'edge', 'executed_segments': [], 'queue_s': 0.0016199000001506647, 'segment_compute_s': 0.0, 'exit_head_compute_s': 0.0, 'exit_check_s': 0.0, 'worker_elapsed_s': 0.00019210000027669594}, {'node': 'cloud', 'executed_segments': [0, 1, 2, 3, 4, 5, 6, 7, 8, 9, 10, 11, 12, 13, 14, 15, 16, 17, 18], 'queue_s': 0.0025399639998795465, 'segment_compute_s': 0.015742904040962458, 'exit_head_compute_s': 0.0009582339989719912, 'exit_check_s': 0.0004035260062664747, 'worker_elapsed_s': 0.018390015000477433}], 'sample_id': 'balanced_008_0755_00007707', 'label': 8, 'correct': True, 'observed_utility': -0.8933586300408933}",balanced_008_0755_00007707,74,7707,0.4791994094848633,743951635492312822,0.37867172600817867,0.004075443966485182,0
0.0,0.01851627099676989,0.01851627099676989,4.413002170622349e-05,9.899999986373587e-05,0.01851627099676989,0.23758588099917688,4.413002170622349e-05,0.4704627809987869,0.20733178499403948,9.899999986373587e-05,0.22957139999971332,0.02223961500567384,0.0033054999998967105,0.0022579140058951452,0.4705360050138552,0.018593486995087005,1784947597.6968188,1784947596.965141,1784947597.215141,0.00042149401269853115,0.0010046660027001053,0.0022579140058951452,0.015842752996832132,0.6090421676635742,0.23758588099917688,ablate-cloud-only-resnet50-cifar10-pi5-r2-20260725-104554:v2,2,4.413002170622349e-05,unknown,0.20733178499403948,0.0,0.0,0.0018463999999767111,0.0,"{'device': [], 'edge': [], 'cloud': [0, 1, 2, 3, 4, 5, 6, 7, 8, 9, 10, 11, 12, 13, 14, 15, 16, 17, 18]}",19,final,cloud,True,0,1.0,5.0,1.0,0.4705360050138552,-1.3526800250692759,0,c3524fb74ece44eb83803362989ee687,75,"{'device_compute': 4.413002170622349e-05, 'd2e_transport': 0.23758588099917688, 'edge_queue': 0.0018463999999767111, 'edge_segment_compute': 0.0, 'edge_exit_head_compute': 0.0, 'edge_exit_check': 0.0, 'e2c_transport': 0.20733178499403948, 'cloud_queue': 0.0022579140058951452, 'cloud_segment_compute': 0.015842752996832132, 'cloud_exit_head_compute': 0.0010046660027001053, 'cloud_exit_check': 0.00042149401269853115, 'total_latency': 0.4705360050138552, 'unattributed_overhead': 0.004200981980829965, 'request_id': 'c3524fb74ece44eb83803362989ee687', 'user_id': 0, 'prediction': 0, 'exit_id': 'final', 'exit_boundary_id': 19, 'exit_location': 'cloud', 'confidence': 0.6090421676635742, 'executed_segments_by_node': {'device': [], 'edge': [], 'cloud': [0, 1, 2, 3, 4, 5, 6, 7, 8, 9, 10, 11, 12, 13, 14, 15, 16, 17, 18]}, 'nodes': [{'node': 'device', 'executed_segments': [], 'queue_s': 0.0, 'segment_compute_s': 0.0, 'exit_head_compute_s': 0.0, 'exit_check_s': 0.0, 'worker_elapsed_s': 4.413002170622349e-05}, {'node': 'edge', 'executed_segments': [], 'queue_s': 0.0018463999999767111, 'segment_compute_s': 0.0, 'exit_head_compute_s': 0.0, 'exit_check_s': 0.0, 'worker_elapsed_s': 0.00019840000004478497}, {'node': 'cloud', 'executed_segments': [0, 1, 2, 3, 4, 5, 6, 7, 8, 9, 10, 11, 12, 13, 14, 15, 16, 17, 18], 'queue_s': 0.0022579140058951452, 'segment_compute_s': 0.015842752996832132, 'exit_head_compute_s': 0.0010046660027001053, 'exit_check_s': 0.00042149401269853115, 'worker_elapsed_s': 0.018593486995087005}], 'sample_id': 'balanced_000_0248_00002473', 'label': 0, 'correct': True, 'observed_utility': -1.3526800250692759}",balanced_000_0248_00002473,75,2473,0.481677770614624,743951635492312822,0.4705360050138552,0.004200981980829965,0
0.0,0.01828802800446283,0.01828802800446283,3.051900421269238e-05,8.119999984046444e-05,0.01828802800446283,0.14086017401041317,3.051900421269238e-05,0.3859848740103189,0.2194746909958667,8.119999984046444e-05,0.24141540000027817,0.021940709004411474,0.0037092999996275466,0.002240418005385436,0.3860378009849228,0.01835924098850228,1784947598.1912286,1784947597.4595346,1784947597.7095346,0.00041063400567509234,0.0009500199957983568,0.002240418005385436,0.015717558984761126,0.9986622333526611,0.14086017401041317,ablate-cloud-only-resnet50-cifar10-pi5-r2-20260725-104554:v2,2,3.051900421269238e-05,unknown,0.2194746909958667,0.0,0.0,0.002754700000423327,0.0,"{'device': [], 'edge': [], 'cloud': [0, 1, 2, 3, 4, 5, 6, 7, 8, 9, 10, 11, 12, 13, 14, 15, 16, 17, 18]}",19,final,cloud,True,5,1.0,5.0,1.0,0.3860378009849228,-0.930189004924614,5,e7d1efe0aa934622b8bdfa3df3000741,76,"{'device_compute': 3.051900421269238e-05, 'd2e_transport': 0.14086017401041317, 'edge_queue': 0.002754700000423327, 'edge_segment_compute': 0.0, 'edge_exit_head_compute': 0.0, 'edge_exit_check': 0.0, 'e2c_transport': 0.2194746909958667, 'cloud_queue': 0.002240418005385436, 'cloud_segment_compute': 0.015717558984761126, 'cloud_exit_head_compute': 0.0009500199957983568, 'cloud_exit_check': 0.00041063400567509234, 'total_latency': 0.3860378009849228, 'unattributed_overhead': 0.003599085982386896, 'request_id': 'e7d1efe0aa934622b8bdfa3df3000741', 'user_id': 0, 'prediction': 5, 'exit_id': 'final', 'exit_boundary_id': 19, 'exit_location': 'cloud', 'confidence': 0.9986622333526611, 'executed_segments_by_node': {'device': [], 'edge': [], 'cloud': [0, 1, 2, 3, 4, 5, 6, 7, 8, 9, 10, 11, 12, 13, 14, 15, 16, 17, 18]}, 'nodes': [{'node': 'device', 'executed_segments': [], 'queue_s': 0.0, 'segment_compute_s': 0.0, 'exit_head_compute_s': 0.0, 'exit_check_s': 0.0, 'worker_elapsed_s': 3.051900421269238e-05}, {'node': 'edge', 'executed_segments': [], 'queue_s': 0.002754700000423327, 'segment_compute_s': 0.0, 'exit_head_compute_s': 0.0, 'exit_check_s': 0.0, 'worker_elapsed_s': 0.00015939999957481632}, {'node': 'cloud', 'executed_segments': [0, 1, 2, 3, 4, 5, 6, 7, 8, 9, 10, 11, 12, 13, 14, 15, 16, 17, 18], 'queue_s': 0.002240418005385436, 'segment_compute_s': 0.015717558984761126, 'exit_head_compute_s': 0.0009500199957983568, 'exit_check_s': 0.00041063400567509234, 'worker_elapsed_s': 0.01835924098850228}], 'sample_id': 'balanced_005_0790_00007779', 'label': 5, 'correct': True, 'observed_utility': -0.930189004924614}",balanced_005_0790_00007779,76,7779,0.48169398307800293,743951635492312822,0.3860378009849228,0.003599085982386896,0
0.0,0.018440957996062934,0.018440957996062934,3.0408002203330398e-05,8.269999989352073e-05,0.018440957996062934,0.12029783598927679,3.0408002203330398e-05,0.37874413598910905,0.23374068999919473,8.269999989352073e-05,0.25580649999983507,0.02206581000064034,0.0026397999999971944,0.0021889940107939765,0.37879626601352356,0.018514640993089415,1784947598.607918,1784947597.8779407,1784947598.1279407,0.0004221250128466636,0.0010110049915965647,0.0021889940107939765,0.015776152038597502,0.9993818998336792,0.12029783598927679,ablate-cloud-only-resnet50-cifar10-pi5-r2-20260725-104554:v2,2,3.0408002203330398e-05,unknown,0.23374068999919473,0.0,0.0,0.0017146000000138883,0.0,"{'device': [], 'edge': [], 'cloud': [0, 1, 2, 3, 4, 5, 6, 7, 8, 9, 10, 11, 12, 13, 14, 15, 16, 17, 18]}",19,final,cloud,True,3,1.0,5.0,1.0,0.37879626601352356,-0.8939813300676178,3,84fcc831697d4d5589bb980ac9e9d688,77,"{'device_compute': 3.0408002203330398e-05, 'd2e_transport': 0.12029783598927679, 'edge_queue': 0.0017146000000138883, 'edge_segment_compute': 0.0, 'edge_exit_head_compute': 0.0, 'edge_exit_check': 0.0, 'e2c_transport': 0.23374068999919473, 'cloud_queue': 0.0021889940107939765, 'cloud_segment_compute': 0.015776152038597502, 'cloud_exit_head_compute': 0.0010110049915965647, 'cloud_exit_check': 0.0004221250128466636, 'total_latency': 0.37879626601352356, 'unattributed_overhead': 0.003614455969000119, 'request_id': '84fcc831697d4d5589bb980ac9e9d688', 'user_id': 0, 'prediction': 3, 'exit_id': 'final', 'exit_boundary_id': 19, 'exit_location': 'cloud', 'confidence': 0.9993818998336792, 'executed_segments_by_node': {'device': [], 'edge': [], 'cloud': [0, 1, 2, 3, 4, 5, 6, 7, 8, 9, 10, 11, 12, 13, 14, 15, 16, 17, 18]}, 'nodes': [{'node': 'device', 'executed_segments': [], 'queue_s': 0.0, 'segment_compute_s': 0.0, 'exit_head_compute_s': 0.0, 'exit_check_s': 0.0, 'worker_elapsed_s': 3.0408002203330398e-05}, {'node': 'edge', 'executed_segments': [], 'queue_s': 0.0017146000000138883, 'segment_compute_s': 0.0, 'exit_head_compute_s': 0.0, 'exit_check_s': 0.0, 'worker_elapsed_s': 0.00016980000009425567}, {'node': 'cloud', 'executed_segments': [0, 1, 2, 3, 4, 5, 6, 7, 8, 9, 10, 11, 12, 13, 14, 15, 16, 17, 18], 'queue_s': 0.0021889940107939765, 'segment_compute_s': 0.015776152038597502, 'exit_head_compute_s': 0.0010110049915965647, 'exit_check_s': 0.0004221250128466636, 'worker_elapsed_s': 0.018514640993089415}], 'sample_id': 'balanced_003_0973_00009676', 'label': 3, 'correct': True, 'observed_utility': -0.8939813300676178}",balanced_003_0973_00009676,77,9676,0.4799773693084717,743951635492312822,0.37879626601352356,0.003614455969000119,0
0.0,0.018532533998950385,0.018532533998950385,3.327801823616028e-05,7.469999991371878e-05,0.018532533998950385,0.12764703800485222,3.327801823616028e-05,0.2849913380050566,0.1326328480063239,7.469999991371878e-05,0.15476699999999255,0.022134151993668638,0.002577300000211835,0.0021795039938297123,0.28504939400590956,0.018607125006383285,1784947599.0082734,1784947598.2790358,1784947598.5290358,0.0004145610146224499,0.0009740399837028235,0.0021795039938297123,0.015917743992758915,0.9999969005584717,0.12764703800485222,ablate-cloud-only-resnet50-cifar10-pi5-r2-20260725-104554:v2,2,3.327801823616028e-05,unknown,0.1326328480063239,0.0,0.0,0.0016002000002117711,0.0,"{'device': [], 'edge': [], 'cloud': [0, 1, 2, 3, 4, 5, 6, 7, 8, 9, 10, 11, 12, 13, 14, 15, 16, 17, 18]}",19,final,cloud,True,7,1.0,5.0,1.0,0.28504939400590956,-0.4252469700295478,7,6a5b5b12f9694da0b7c70d416b1fa44c,78,"{'device_compute': 3.327801823616028e-05, 'd2e_transport': 0.12764703800485222, 'edge_queue': 0.0016002000002117711, 'edge_segment_compute': 0.0, 'edge_exit_head_compute': 0.0, 'edge_exit_check': 0.0, 'e2c_transport': 0.1326328480063239, 'cloud_queue': 0.0021795039938297123, 'cloud_segment_compute': 0.015917743992758915, 'cloud_exit_head_compute': 0.0009740399837028235, 'cloud_exit_check': 0.0004145610146224499, 'total_latency': 0.28504939400590956, 'unattributed_overhead': 0.003650180991371599, 'request_id': '6a5b5b12f9694da0b7c70d416b1fa44c', 'user_id': 0, 'prediction': 7, 'exit_id': 'final', 'exit_boundary_id': 19, 'exit_location': 'cloud', 'confidence': 0.9999969005584717, 'executed_segments_by_node': {'device': [], 'edge': [], 'cloud': [0, 1, 2, 3, 4, 5, 6, 7, 8, 9, 10, 11, 12, 13, 14, 15, 16, 17, 18]}, 'nodes': [{'node': 'device', 'executed_segments': [], 'queue_s': 0.0, 'segment_compute_s': 0.0, 'exit_head_compute_s': 0.0, 'exit_check_s': 0.0, 'worker_elapsed_s': 3.327801823616028e-05}, {'node': 'edge', 'executed_segments': [], 'queue_s': 0.0016002000002117711, 'segment_compute_s': 0.0, 'exit_head_compute_s': 0.0, 'exit_check_s': 0.0, 'worker_elapsed_s': 0.0001480999999330379}, {'node': 'cloud', 'executed_segments': [0, 1, 2, 3, 4, 5, 6, 7, 8, 9, 10, 11, 12, 13, 14, 15, 16, 17, 18], 'queue_s': 0.0021795039938297123, 'segment_compute_s': 0.015917743992758915, 'exit_head_compute_s': 0.0009740399837028235, 'exit_check_s': 0.0004145610146224499, 'worker_elapsed_s': 0.018607125006383285}], 'sample_id': 'balanced_007_0666_00006534', 'label': 7, 'correct': True, 'observed_utility': -0.4252469700295478}",balanced_007_0666_00006534,78,6534,0.47923755645751953,743951635492312822,0.28504939400590956,0.003650180991371599,0
0.0,0.018281441007275134,0.018281441007275134,3.1130999559536576e-05,8.179999986168696e-05,0.018281441007275134,0.1427988110140177,3.1130999559536576e-05,0.2843935110140592,0.11643192100791566,8.179999986168696e-05,0.13828770000009172,0.021855778992176056,0.003306999999949767,0.002151274005882442,0.2844471969874576,0.018352765997406095,1784947599.3115118,1784947598.5829651,1784947598.8329651,0.0003992860147263855,0.0009559170139255002,0.002151274005882442,0.01571673297439702,0.9999816417694092,0.1427988110140177,ablate-cloud-only-resnet50-cifar10-pi5-r2-20260725-104554:v2,2,3.1130999559536576e-05,unknown,0.11643192100791566,0.0,0.0,0.002146199999970122,0.0,"{'device': [], 'edge': [], 'cloud': [0, 1, 2, 3, 4, 5, 6, 7, 8, 9, 10, 11, 12, 13, 14, 15, 16, 17, 18]}",19,final,cloud,True,6,1.0,5.0,1.0,0.2844471969874576,-0.42223598493728787,6,853bb235067a4bf985d1de03d65b1790,79,"{'device_compute': 3.1130999559536576e-05, 'd2e_transport': 0.1427988110140177, 'edge_queue': 0.002146199999970122, 'edge_segment_compute': 0.0, 'edge_exit_head_compute': 0.0, 'edge_exit_check': 0.0, 'e2c_transport': 0.11643192100791566, 'cloud_queue': 0.002151274005882442, 'cloud_segment_compute': 0.01571673297439702, 'cloud_exit_head_compute': 0.0009559170139255002, 'cloud_exit_check': 0.0003992860147263855, 'total_latency': 0.2844471969874576, 'unattributed_overhead': 0.0038159239570632053, 'request_id': '853bb235067a4bf985d1de03d65b1790', 'user_id': 0, 'prediction': 6, 'exit_id': 'final', 'exit_boundary_id': 19, 'exit_location': 'cloud', 'confidence': 0.9999816417694092, 'executed_segments_by_node': {'device': [], 'edge': [], 'cloud': [0, 1, 2, 3, 4, 5, 6, 7, 8, 9, 10, 11, 12, 13, 14, 15, 16, 17, 18]}, 'nodes': [{'node': 'device', 'executed_segments': [], 'queue_s': 0.0, 'segment_compute_s': 0.0, 'exit_head_compute_s': 0.0, 'exit_check_s': 0.0, 'worker_elapsed_s': 3.1130999559536576e-05}, {'node': 'edge', 'executed_segments': [], 'queue_s': 0.002146199999970122, 'segment_compute_s': 0.0, 'exit_head_compute_s': 0.0, 'exit_check_s': 0.0, 'worker_elapsed_s': 0.00016899999991437653}, {'node': 'cloud', 'executed_segments': [0, 1, 2, 3, 4, 5, 6, 7, 8, 9, 10, 11, 12, 13, 14, 15, 16, 17, 18], 'queue_s': 0.002151274005882442, 'segment_compute_s': 0.01571673297439702, 'exit_head_compute_s': 0.0009559170139255002, 'exit_check_s': 0.0003992860147263855, 'worker_elapsed_s': 0.018352765997406095}], 'sample_id': 'balanced_006_0873_00008755', 'label': 6, 'correct': True, 'observed_utility': -0.42223598493728787}",balanced_006_0873_00008755,79,8755,0.4785466194152832,743951635492312822,0.2844471969874576,0.0038159239570632053,0
0.0,0.018556372000603005,0.018556372000603005,3.090800601057708e-05,8.810000008452334e-05,0.018556372000603005,0.13893569000629213,3.090800601057708e-05,0.3860406900057569,0.22242348899862918,8.810000008452334e-05,0.24451749999980166,0.022094011001172476,0.002587499999663123,0.002130576001945883,0.38609441299922764,0.018627195997396484,1784947599.6189322,1784947598.8872774,1784947599.1372774,0.00042154500260949135,0.0009847209876170382,0.002130576001945883,0.01590227903216146,0.6782271265983582,0.13893569000629213,ablate-cloud-only-resnet50-cifar10-pi5-r2-20260725-104554:v2,2,3.090800601057708e-05,unknown,0.22242348899862918,0.0,0.0,0.0017342000001008273,0.0,"{'device': [], 'edge': [], 'cloud': [0, 1, 2, 3, 4, 5, 6, 7, 8, 9, 10, 11, 12, 13, 14, 15, 16, 17, 18]}",19,final,cloud,True,5,1.0,5.0,1.0,0.38609441299922764,-0.9304720649961382,5,59e796070d324c9e96af2e65cb385482,80,"{'device_compute': 3.090800601057708e-05, 'd2e_transport': 0.13893569000629213, 'edge_queue': 0.0017342000001008273, 'edge_segment_compute': 0.0, 'edge_exit_head_compute': 0.0, 'edge_exit_check': 0.0, 'e2c_transport': 0.22242348899862918, 'cloud_queue': 0.002130576001945883, 'cloud_segment_compute': 0.01590227903216146, 'cloud_exit_head_compute': 0.0009847209876170382, 'cloud_exit_check': 0.00042154500260949135, 'total_latency': 0.38609441299922764, 'unattributed_overhead': 0.0035310049638610508, 'request_id': '59e796070d324c9e96af2e65cb385482', 'user_id': 0, 'prediction': 5, 'exit_id': 'final', 'exit_boundary_id': 19, 'exit_location': 'cloud', 'confidence': 0.6782271265983582, 'executed_segments_by_node': {'device': [], 'edge': [], 'cloud': [0, 1, 2, 3, 4, 5, 6, 7, 8, 9, 10, 11, 12, 13, 14, 15, 16, 17, 18]}, 'nodes': [{'node': 'device', 'executed_segments': [], 'queue_s': 0.0, 'segment_compute_s': 0.0, 'exit_head_compute_s': 0.0, 'exit_check_s': 0.0, 'worker_elapsed_s': 3.090800601057708e-05}, {'node': 'edge', 'executed_segments': [], 'queue_s': 0.0017342000001008273, 'segment_compute_s': 0.0, 'exit_head_compute_s': 0.0, 'exit_check_s': 0.0, 'worker_elapsed_s': 0.00016080000023066532}, {'node': 'cloud', 'executed_segments': [0, 1, 2, 3, 4, 5, 6, 7, 8, 9, 10, 11, 12, 13, 14, 15, 16, 17, 18], 'queue_s': 0.002130576001945883, 'segment_compute_s': 0.01590227903216146, 'exit_head_compute_s': 0.0009847209876170382, 'exit_check_s': 0.00042154500260949135, 'worker_elapsed_s': 0.018627195997396484}], 'sample_id': 'balanced_005_0443_00004615', 'label': 5, 'correct': True, 'observed_utility': -0.9304720649961382}",balanced_005_0443_00004615,80,4615,0.4816548824310303,743951635492312822,0.38609441299922764,0.0035310049638610508,0
0.0,0.017555211001308635,0.017555211001308635,3.3629999961704016e-05,0.00011089999998148414,0.017555211001308635,0.10611809897818603,3.3629999961704016e-05,0.38745219897828065,0.2564884809880823,0.00011089999998148414,0.2776278999999704,0.021139419011888094,0.003706200000124227,0.0021924229949945584,0.3875094410032034,0.01763127099548001,1784947600.0277095,1784947599.2982159,1784947599.5482159,0.00038765999488532543,0.0009447310148971155,0.0021924229949945584,0.015093435999006033,0.9871892333030701,0.10611809897818603,ablate-cloud-only-resnet50-cifar10-pi5-r2-20260725-104554:v2,2,3.3629999961704016e-05,unknown,0.2564884809880823,0.0,0.0,0.0022991999999248947,0.0,"{'device': [], 'edge': [], 'cloud': [0, 1, 2, 3, 4, 5, 6, 7, 8, 9, 10, 11, 12, 13, 14, 15, 16, 17, 18]}",19,final,cloud,True,3,1.0,5.0,1.0,0.3875094410032034,-0.937547205016017,3,9a4f75055b224be4914ef912a3711590,81,"{'device_compute': 3.3629999961704016e-05, 'd2e_transport': 0.10611809897818603, 'edge_queue': 0.0022991999999248947, 'edge_segment_compute': 0.0, 'edge_exit_head_compute': 0.0, 'edge_exit_check': 0.0, 'e2c_transport': 0.2564884809880823, 'cloud_queue': 0.0021924229949945584, 'cloud_segment_compute': 0.015093435999006033, 'cloud_exit_head_compute': 0.0009447310148971155, 'cloud_exit_check': 0.00038765999488532543, 'total_latency': 0.3875094410032034, 'unattributed_overhead': 0.0039517810332654335, 'request_id': '9a4f75055b224be4914ef912a3711590', 'user_id': 0, 'prediction': 3, 'exit_id': 'final', 'exit_boundary_id': 19, 'exit_location': 'cloud', 'confidence': 0.9871892333030701, 'executed_segments_by_node': {'device': [], 'edge': [], 'cloud': [0, 1, 2, 3, 4, 5, 6, 7, 8, 9, 10, 11, 12, 13, 14, 15, 16, 17, 18]}, 'nodes': [{'node': 'device', 'executed_segments': [], 'queue_s': 0.0, 'segment_compute_s': 0.0, 'exit_head_compute_s': 0.0, 'exit_check_s': 0.0, 'worker_elapsed_s': 3.3629999961704016e-05}, {'node': 'edge', 'executed_segments': [], 'queue_s': 0.0022991999999248947, 'segment_compute_s': 0.0, 'exit_head_compute_s': 0.0, 'exit_check_s': 0.0, 'worker_elapsed_s': 0.00022059999992052326}, {'node': 'cloud', 'executed_segments': [0, 1, 2, 3, 4, 5, 6, 7, 8, 9, 10, 11, 12, 13, 14, 15, 16, 17, 18], 'queue_s': 0.0021924229949945584, 'segment_compute_s': 0.015093435999006033, 'exit_head_compute_s': 0.0009447310148971155, 'exit_check_s': 0.00038765999488532543, 'worker_elapsed_s': 0.01763127099548001}], 'sample_id': 'balanced_003_0237_00002422', 'label': 3, 'correct': True, 'observed_utility': -0.937547205016017}",balanced_003_0237_00002422,81,2422,0.4794936180114746,743951635492312822,0.3875094410032034,0.0039517810332654335,0
0.0,0.01898636000987608,0.01898636000987608,2.9333983547985554e-05,0.00011469999981272849,0.01898636000987608,0.12508606600658823,2.9333983547985554e-05,0.37861946600605734,0.22280762400441745,0.00011469999981272849,0.2492653999997856,0.026457775995368138,0.004267999999683525,0.005997539003146812,0.3786702449724544,0.019111665998934768,1784947600.4423769,1784947599.7128284,1784947599.9628284,0.0004333929973654449,0.001022354990709573,0.005997539003146812,0.016265255995676853,0.999659538269043,0.12508606600658823,ablate-cloud-only-resnet50-cifar10-pi5-r2-20260725-104554:v2,2,2.9333983547985554e-05,unknown,0.22280762400441745,0.0,0.0,0.0026915999997072504,0.0,"{'device': [], 'edge': [], 'cloud': [0, 1, 2, 3, 4, 5, 6, 7, 8, 9, 10, 11, 12, 13, 14, 15, 16, 17, 18]}",19,final,cloud,True,5,1.0,5.0,1.0,0.3786702449724544,-0.8933512248622719,5,054e808166f14861a8f1f4dca3debb49,82,"{'device_compute': 2.9333983547985554e-05, 'd2e_transport': 0.12508606600658823, 'edge_queue': 0.0026915999997072504, 'edge_segment_compute': 0.0, 'edge_exit_head_compute': 0.0, 'edge_exit_check': 0.0, 'e2c_transport': 0.22280762400441745, 'cloud_queue': 0.005997539003146812, 'cloud_segment_compute': 0.016265255995676853, 'cloud_exit_head_compute': 0.001022354990709573, 'cloud_exit_check': 0.0004333929973654449, 'total_latency': 0.3786702449724544, 'unattributed_overhead': 0.004337077991294791, 'request_id': '054e808166f14861a8f1f4dca3debb49', 'user_id': 0, 'prediction': 5, 'exit_id': 'final', 'exit_boundary_id': 19, 'exit_location': 'cloud', 'confidence': 0.999659538269043, 'executed_segments_by_node': {'device': [], 'edge': [], 'cloud': [0, 1, 2, 3, 4, 5, 6, 7, 8, 9, 10, 11, 12, 13, 14, 15, 16, 17, 18]}, 'nodes': [{'node': 'device', 'executed_segments': [], 'queue_s': 0.0, 'segment_compute_s': 0.0, 'exit_head_compute_s': 0.0, 'exit_check_s': 0.0, 'worker_elapsed_s': 2.9333983547985554e-05}, {'node': 'edge', 'executed_segments': [], 'queue_s': 0.0026915999997072504, 'segment_compute_s': 0.0, 'exit_head_compute_s': 0.0, 'exit_check_s': 0.0, 'worker_elapsed_s': 0.00023090000013326062}, {'node': 'cloud', 'executed_segments': [0, 1, 2, 3, 4, 5, 6, 7, 8, 9, 10, 11, 12, 13, 14, 15, 16, 17, 18], 'queue_s': 0.005997539003146812, 'segment_compute_s': 0.016265255995676853, 'exit_head_compute_s': 0.001022354990709573, 'exit_check_s': 0.0004333929973654449, 'worker_elapsed_s': 0.019111665998934768}], 'sample_id': 'balanced_005_0797_00007820', 'label': 5, 'correct': True, 'observed_utility': -0.8933512248622719}",balanced_005_0797_00007820,82,7820,0.47954845428466797,743951635492312822,0.3786702449724544,0.004337077991294791,0
0.0,0.018644944997504354,0.018644944997504354,3.005602047778666e-05,9.36000001274806e-05,0.018644944997504354,0.16900009201481225,3.005602047778666e-05,0.39449929201509804,0.19811199000605484,9.36000001274806e-05,0.22272629999997662,0.02461430999392178,0.002772900000309164,0.004522557996097021,0.39455099700717255,0.018723296001553535,1784947600.842288,1784947600.1103292,1784947600.3603292,0.0004244500014465302,0.000983655991149135,0.004522557996097021,0.015967326995451003,0.9973477125167847,0.16900009201481225,ablate-cloud-only-resnet50-cifar10-pi5-r2-20260725-104554:v2,2,3.005602047778666e-05,unknown,0.19811199000605484,0.0,0.0,0.0015767999998388404,0.0,"{'device': [], 'edge': [], 'cloud': [0, 1, 2, 3, 4, 5, 6, 7, 8, 9, 10, 11, 12, 13, 14, 15, 16, 17, 18]}",19,final,cloud,True,0,1.0,5.0,1.0,0.39455099700717255,-0.9727549850358628,0,b818862aa6a64f0794ddd7f077b19e46,83,"{'device_compute': 3.005602047778666e-05, 'd2e_transport': 0.16900009201481225, 'edge_queue': 0.0015767999998388404, 'edge_segment_compute': 0.0, 'edge_exit_head_compute': 0.0, 'edge_exit_check': 0.0, 'e2c_transport': 0.19811199000605484, 'cloud_queue': 0.004522557996097021, 'cloud_segment_compute': 0.015967326995451003, 'cloud_exit_head_compute': 0.000983655991149135, 'cloud_exit_check': 0.0004244500014465302, 'total_latency': 0.39455099700717255, 'unattributed_overhead': 0.003934067981845146, 'request_id': 'b818862aa6a64f0794ddd7f077b19e46', 'user_id': 0, 'prediction': 0, 'exit_id': 'final', 'exit_boundary_id': 19, 'exit_location': 'cloud', 'confidence': 0.9973477125167847, 'executed_segments_by_node': {'device': [], 'edge': [], 'cloud': [0, 1, 2, 3, 4, 5, 6, 7, 8, 9, 10, 11, 12, 13, 14, 15, 16, 17, 18]}, 'nodes': [{'node': 'device', 'executed_segments': [], 'queue_s': 0.0, 'segment_compute_s': 0.0, 'exit_head_compute_s': 0.0, 'exit_check_s': 0.0, 'worker_elapsed_s': 3.005602047778666e-05}, {'node': 'edge', 'executed_segments': [], 'queue_s': 0.0015767999998388404, 'segment_compute_s': 0.0, 'exit_head_compute_s': 0.0, 'exit_check_s': 0.0, 'worker_elapsed_s': 0.00018210000007456983}, {'node': 'cloud', 'executed_segments': [0, 1, 2, 3, 4, 5, 6, 7, 8, 9, 10, 11, 12, 13, 14, 15, 16, 17, 18], 'queue_s': 0.004522557996097021, 'segment_compute_s': 0.015967326995451003, 'exit_head_compute_s': 0.000983655991149135, 'exit_check_s': 0.0004244500014465302, 'worker_elapsed_s': 0.018723296001553535}], 'sample_id': 'balanced_000_0955_00009633', 'label': 0, 'correct': True, 'observed_utility': -0.9727549850358628}",balanced_000_0955_00009633,83,9633,0.48195886611938477,743951635492312822,0.39455099700717255,0.003934067981845146,0
0.0,0.01859512200462632,0.01859512200462632,4.8816000344231725e-05,0.0001532999999653839,0.01859512200462632,0.16540503198348233,4.8816000344231725e-05,0.4040750319836661,0.2110662360069,0.0001532999999653839,0.23345000000017535,0.022383763993275352,0.00522000000000844,0.0023270020028576255,0.40415266298805363,0.01866980099293869,1784947601.272864,1784947600.5439143,1784947600.7939143,0.00044879299821332097,0.0009743499977048486,0.0023270020028576255,0.015915229960228316,0.8486149311065674,0.16540503198348233,ablate-cloud-only-resnet50-cifar10-pi5-r2-20260725-104554:v2,2,4.8816000344231725e-05,unknown,0.2110662360069,0.0,0.0,0.0033894000002874236,0.0,"{'device': [], 'edge': [], 'cloud': [0, 1, 2, 3, 4, 5, 6, 7, 8, 9, 10, 11, 12, 13, 14, 15, 16, 17, 18]}",19,final,cloud,True,2,1.0,5.0,1.0,0.40415266298805363,-1.0207633149402682,2,be6b388a4b89408a89ab2fc7fd12f303,84,"{'device_compute': 4.8816000344231725e-05, 'd2e_transport': 0.16540503198348233, 'edge_queue': 0.0033894000002874236, 'edge_segment_compute': 0.0, 'edge_exit_head_compute': 0.0, 'edge_exit_check': 0.0, 'e2c_transport': 0.2110662360069, 'cloud_queue': 0.0023270020028576255, 'cloud_segment_compute': 0.015915229960228316, 'cloud_exit_head_compute': 0.0009743499977048486, 'cloud_exit_check': 0.00044879299821332097, 'total_latency': 0.40415266298805363, 'unattributed_overhead': 0.004577804038035538, 'request_id': 'be6b388a4b89408a89ab2fc7fd12f303', 'user_id': 0, 'prediction': 2, 'exit_id': 'final', 'exit_boundary_id': 19, 'exit_location': 'cloud', 'confidence': 0.8486149311065674, 'executed_segments_by_node': {'device': [], 'edge': [], 'cloud': [0, 1, 2, 3, 4, 5, 6, 7, 8, 9, 10, 11, 12, 13, 14, 15, 16, 17, 18]}, 'nodes': [{'node': 'device', 'executed_segments': [], 'queue_s': 0.0, 'segment_compute_s': 0.0, 'exit_head_compute_s': 0.0, 'exit_check_s': 0.0, 'worker_elapsed_s': 4.8816000344231725e-05}, {'node': 'edge', 'executed_segments': [], 'queue_s': 0.0033894000002874236, 'segment_compute_s': 0.0, 'exit_head_compute_s': 0.0, 'exit_check_s': 0.0, 'worker_elapsed_s': 0.00029649999987668707}, {'node': 'cloud', 'executed_segments': [0, 1, 2, 3, 4, 5, 6, 7, 8, 9, 10, 11, 12, 13, 14, 15, 16, 17, 18], 'queue_s': 0.0023270020028576255, 'segment_compute_s': 0.015915229960228316, 'exit_head_compute_s': 0.0009743499977048486, 'exit_check_s': 0.00044879299821332097, 'worker_elapsed_s': 0.01866980099293869}], 'sample_id': 'balanced_002_0212_00002127', 'label': 2, 'correct': True, 'observed_utility': -1.0207633149402682}",balanced_002_0212_00002127,84,2127,0.47894978523254395,743951635492312822,0.40415266298805363,0.004577804038035538,0
0.0,0.022356710003805347,0.022356710003805347,3.1167000997811556e-05,0.00010859999974854873,0.022356710003805347,0.1410463209936097,3.1167000997811556e-05,0.39892042099381797,0.22792560999369016,0.00010859999974854873,0.25440789999993285,0.026482290006242692,0.003466200000275421,0.002201128998422064,0.3989735330105759,0.022438800006057136,1784947601.7613616,1784947601.031928,1784947601.281928,0.0004492190055316314,0.0010026520176324993,0.002201128998422064,0.019567460971302353,0.9999710321426392,0.1410463209936097,ablate-cloud-only-resnet50-cifar10-pi5-r2-20260725-104554:v2,2,3.1167000997811556e-05,unknown,0.22792560999369016,0.0,0.0,0.0020528999998532527,0.0,"{'device': [], 'edge': [], 'cloud': [0, 1, 2, 3, 4, 5, 6, 7, 8, 9, 10, 11, 12, 13, 14, 15, 16, 17, 18]}",19,final,cloud,True,0,1.0,5.0,1.0,0.3989735330105759,-0.9948676650528796,0,f0c675a7dd9240d59db520c8721d295a,85,"{'device_compute': 3.1167000997811556e-05, 'd2e_transport': 0.1410463209936097, 'edge_queue': 0.0020528999998532527, 'edge_segment_compute': 0.0, 'edge_exit_head_compute': 0.0, 'edge_exit_check': 0.0, 'e2c_transport': 0.22792560999369016, 'cloud_queue': 0.002201128998422064, 'cloud_segment_compute': 0.019567460971302353, 'cloud_exit_head_compute': 0.0010026520176324993, 'cloud_exit_check': 0.0004492190055316314, 'total_latency': 0.3989735330105759, 'unattributed_overhead': 0.004697074029536452, 'request_id': 'f0c675a7dd9240d59db520c8721d295a', 'user_id': 0, 'prediction': 0, 'exit_id': 'final', 'exit_boundary_id': 19, 'exit_location': 'cloud', 'confidence': 0.9999710321426392, 'executed_segments_by_node': {'device': [], 'edge': [], 'cloud': [0, 1, 2, 3, 4, 5, 6, 7, 8, 9, 10, 11, 12, 13, 14, 15, 16, 17, 18]}, 'nodes': [{'node': 'device', 'executed_segments': [], 'queue_s': 0.0, 'segment_compute_s': 0.0, 'exit_head_compute_s': 0.0, 'exit_check_s': 0.0, 'worker_elapsed_s': 3.1167000997811556e-05}, {'node': 'edge', 'executed_segments': [], 'queue_s': 0.0020528999998532527, 'segment_compute_s': 0.0, 'exit_head_compute_s': 0.0, 'exit_check_s': 0.0, 'worker_elapsed_s': 0.00022010000020600273}, {'node': 'cloud', 'executed_segments': [0, 1, 2, 3, 4, 5, 6, 7, 8, 9, 10, 11, 12, 13, 14, 15, 16, 17, 18], 'queue_s': 0.002201128998422064, 'segment_compute_s': 0.019567460971302353, 'exit_head_compute_s': 0.0010026520176324993, 'exit_check_s': 0.0004492190055316314, 'worker_elapsed_s': 0.022438800006057136}], 'sample_id': 'balanced_000_0212_00002130', 'label': 0, 'correct': True, 'observed_utility': -0.9948676650528796}",balanced_000_0212_00002130,85,2130,0.479433536529541,743951635492312822,0.3989735330105759,0.004697074029536452,0
0.0,0.01926747299148701,0.01926747299148701,2.9741000616922975e-05,0.00010059999976874678,0.01926747299148701,0.11606514301729476,2.9741000616922975e-05,0.2736441430170089,0.13062991900642373,0.00010059999976874678,0.15399840000009135,0.023368480993667617,0.003580599999622791,0.0027005930023733526,0.2736951059778221,0.01933552099217195,1784947602.190877,1784947601.4621007,1784947601.7121007,0.00042852798651438206,0.001004345016553998,0.0027005930023733526,0.01655065802333411,0.9999974966049194,0.11606514301729476,ablate-cloud-only-resnet50-cifar10-pi5-r2-20260725-104554:v2,2,2.9741000616922975e-05,unknown,0.13062991900642373,0.0,0.0,0.0023137000002861896,0.0,"{'device': [], 'edge': [], 'cloud': [0, 1, 2, 3, 4, 5, 6, 7, 8, 9, 10, 11, 12, 13, 14, 15, 16, 17, 18]}",19,final,cloud,True,8,1.0,5.0,1.0,0.2736951059778221,-0.3684755298891105,8,614264682aaa47598d1f0cfc97460e7e,86,"{'device_compute': 2.9741000616922975e-05, 'd2e_transport': 0.11606514301729476, 'edge_queue': 0.0023137000002861896, 'edge_segment_compute': 0.0, 'edge_exit_head_compute': 0.0, 'edge_exit_check': 0.0, 'e2c_transport': 0.13062991900642373, 'cloud_queue': 0.0027005930023733526, 'cloud_segment_compute': 0.01655065802333411, 'cloud_exit_head_compute': 0.001004345016553998, 'cloud_exit_check': 0.00042852798651438206, 'total_latency': 0.2736951059778221, 'unattributed_overhead': 0.0039724789244246494, 'request_id': '614264682aaa47598d1f0cfc97460e7e', 'user_id': 0, 'prediction': 8, 'exit_id': 'final', 'exit_boundary_id': 19, 'exit_location': 'cloud', 'confidence': 0.9999974966049194, 'executed_segments_by_node': {'device': [], 'edge': [], 'cloud': [0, 1, 2, 3, 4, 5, 6, 7, 8, 9, 10, 11, 12, 13, 14, 15, 16, 17, 18]}, 'nodes': [{'node': 'device', 'executed_segments': [], 'queue_s': 0.0, 'segment_compute_s': 0.0, 'exit_head_compute_s': 0.0, 'exit_check_s': 0.0, 'worker_elapsed_s': 2.9741000616922975e-05}, {'node': 'edge', 'executed_segments': [], 'queue_s': 0.0023137000002861896, 'segment_compute_s': 0.0, 'exit_head_compute_s': 0.0, 'exit_check_s': 0.0, 'worker_elapsed_s': 0.0002030999999078631}, {'node': 'cloud', 'executed_segments': [0, 1, 2, 3, 4, 5, 6, 7, 8, 9, 10, 11, 12, 13, 14, 15, 16, 17, 18], 'queue_s': 0.0027005930023733526, 'segment_compute_s': 0.01655065802333411, 'exit_head_compute_s': 0.001004345016553998, 'exit_check_s': 0.00042852798651438206, 'worker_elapsed_s': 0.01933552099217195}], 'sample_id': 'balanced_008_0444_00004316', 'label': 8, 'correct': True, 'observed_utility': -0.3684755298891105}",balanced_008_0444_00004316,86,4316,0.478776216506958,743951635492312822,0.2736951059778221,0.0039724789244246494,0
0.0,0.018686575000174344,0.018686575000174344,3.0889001209288836e-05,6.550000034621917e-05,0.018686575000174344,0.15446834399335785,3.0889001209288836e-05,0.47657244399306364,0.29687096300585836,6.550000034621917e-05,0.31917559999965306,0.022304636993794702,0.002928500000052736,0.0021963469916954637,0.4766258340096101,0.01876057600020431,1784947602.4947987,1784947601.7629902,1784947602.0129902,0.0004203520074952394,0.000998172996332869,0.0021963469916954637,0.015982810989953578,0.999923586845398,0.15446834399335785,ablate-cloud-only-resnet50-cifar10-pi5-r2-20260725-104554:v2,2,3.0889001209288836e-05,unknown,0.29687096300585836,0.0,0.0,0.002145100000234379,0.0,"{'device': [], 'edge': [], 'cloud': [0, 1, 2, 3, 4, 5, 6, 7, 8, 9, 10, 11, 12, 13, 14, 15, 16, 17, 18]}",19,final,cloud,True,7,1.0,5.0,1.0,0.4766258340096101,-1.3831291700480506,7,eef87b76c669426f8988c467e4d21384,87,"{'device_compute': 3.0889001209288836e-05, 'd2e_transport': 0.15446834399335785, 'edge_queue': 0.002145100000234379, 'edge_segment_compute': 0.0, 'edge_exit_head_compute': 0.0, 'edge_exit_check': 0.0, 'e2c_transport': 0.29687096300585836, 'cloud_queue': 0.0021963469916954637, 'cloud_segment_compute': 0.015982810989953578, 'cloud_exit_head_compute': 0.000998172996332869, 'cloud_exit_check': 0.0004203520074952394, 'total_latency': 0.4766258340096101, 'unattributed_overhead': 0.0035128550234730938, 'request_id': 'eef87b76c669426f8988c467e4d21384', 'user_id': 0, 'prediction': 7, 'exit_id': 'final', 'exit_boundary_id': 19, 'exit_location': 'cloud', 'confidence': 0.999923586845398, 'executed_segments_by_node': {'device': [], 'edge': [], 'cloud': [0, 1, 2, 3, 4, 5, 6, 7, 8, 9, 10, 11, 12, 13, 14, 15, 16, 17, 18]}, 'nodes': [{'node': 'device', 'executed_segments': [], 'queue_s': 0.0, 'segment_compute_s': 0.0, 'exit_head_compute_s': 0.0, 'exit_check_s': 0.0, 'worker_elapsed_s': 3.0889001209288836e-05}, {'node': 'edge', 'executed_segments': [], 'queue_s': 0.002145100000234379, 'segment_compute_s': 0.0, 'exit_head_compute_s': 0.0, 'exit_check_s': 0.0, 'worker_elapsed_s': 0.0001349999997728446}, {'node': 'cloud', 'executed_segments': [0, 1, 2, 3, 4, 5, 6, 7, 8, 9, 10, 11, 12, 13, 14, 15, 16, 17, 18], 'queue_s': 0.0021963469916954637, 'segment_compute_s': 0.015982810989953578, 'exit_head_compute_s': 0.000998172996332869, 'exit_check_s': 0.0004203520074952394, 'worker_elapsed_s': 0.01876057600020431}], 'sample_id': 'balanced_007_0128_00001342', 'label': 7, 'correct': True, 'observed_utility': -1.3831291700480506}",balanced_007_0128_00001342,87,1342,0.4818084239959717,743951635492312822,0.4766258340096101,0.0035128550234730938,0
0.0,0.018697784005780704,0.018697784005780704,3.081499016843736e-05,0.00013040000021646847,0.018697784005780704,0.22540660202002982,3.081499016843736e-05,0.4834325020201504,0.23089626301134558,0.00013040000021646847,0.25335119999999733,0.022454936988651752,0.004674700000123266,0.0023261599999386817,0.4834858730027918,0.0187723129929509,1784947603.0008817,1784947602.2715554,1784947602.5215554,0.0004196800146019086,0.0010208680032519624,0.0023261599999386817,0.015998217000742443,0.9990382194519043,0.22540660202002982,ablate-cloud-only-resnet50-cifar10-pi5-r2-20260725-104554:v2,2,3.081499016843736e-05,unknown,0.23089626301134558,0.0,0.0,0.0030997999997453007,0.0,"{'device': [], 'edge': [], 'cloud': [0, 1, 2, 3, 4, 5, 6, 7, 8, 9, 10, 11, 12, 13, 14, 15, 16, 17, 18]}",19,final,cloud,True,2,1.0,5.0,1.0,0.4834858730027918,-1.4174293650139589,2,fa574bcf61694a0c9d23f0726c298f64,88,"{'device_compute': 3.081499016843736e-05, 'd2e_transport': 0.22540660202002982, 'edge_queue': 0.0030997999997453007, 'edge_segment_compute': 0.0, 'edge_exit_head_compute': 0.0, 'edge_exit_check': 0.0, 'e2c_transport': 0.23089626301134558, 'cloud_queue': 0.0023261599999386817, 'cloud_segment_compute': 0.015998217000742443, 'cloud_exit_head_compute': 0.0010208680032519624, 'cloud_exit_check': 0.0004196800146019086, 'total_latency': 0.4834858730027918, 'unattributed_overhead': 0.004287467962967639, 'request_id': 'fa574bcf61694a0c9d23f0726c298f64', 'user_id': 0, 'prediction': 2, 'exit_id': 'final', 'exit_boundary_id': 19, 'exit_location': 'cloud', 'confidence': 0.9990382194519043, 'executed_segments_by_node': {'device': [], 'edge': [], 'cloud': [0, 1, 2, 3, 4, 5, 6, 7, 8, 9, 10, 11, 12, 13, 14, 15, 16, 17, 18]}, 'nodes': [{'node': 'device', 'executed_segments': [], 'queue_s': 0.0, 'segment_compute_s': 0.0, 'exit_head_compute_s': 0.0, 'exit_check_s': 0.0, 'worker_elapsed_s': 3.081499016843736e-05}, {'node': 'edge', 'executed_segments': [], 'queue_s': 0.0030997999997453007, 'segment_compute_s': 0.0, 'exit_head_compute_s': 0.0, 'exit_check_s': 0.0, 'worker_elapsed_s': 0.0002395999999862397}, {'node': 'cloud', 'executed_segments': [0, 1, 2, 3, 4, 5, 6, 7, 8, 9, 10, 11, 12, 13, 14, 15, 16, 17, 18], 'queue_s': 0.0023261599999386817, 'segment_compute_s': 0.015998217000742443, 'exit_head_compute_s': 0.0010208680032519624, 'exit_check_s': 0.0004196800146019086, 'worker_elapsed_s': 0.0187723129929509}], 'sample_id': 'balanced_002_0671_00006703', 'label': 2, 'correct': True, 'observed_utility': -1.4174293650139589}",balanced_002_0671_00006703,88,6703,0.4793262481689453,743951635492312822,0.4834858730027918,0.004287467962967639,0
0.0,0.018608280006446876,0.018608280006446876,4.790801904164255e-05,0.00011649999987639603,0.018608280006446876,0.15470114499703413,4.790801904164255e-05,0.3781498449970968,0.19694343200626463,0.00011649999987639603,0.21931750000021566,0.02237406799395103,0.004131199999847013,0.0022842970065539703,0.3782312350231223,0.018687777002924122,1784947603.5138319,1784947602.7844822,1784947603.0344822,0.00045583900646306574,0.0009988660021917894,0.0022842970065539703,0.01591827599622775,0.9982681274414062,0.15470114499703413,ablate-cloud-only-resnet50-cifar10-pi5-r2-20260725-104554:v2,2,4.790801904164255e-05,unknown,0.19694343200626463,0.0,0.0,0.002538100000037957,0.0,"{'device': [], 'edge': [], 'cloud': [0, 1, 2, 3, 4, 5, 6, 7, 8, 9, 10, 11, 12, 13, 14, 15, 16, 17, 18]}",19,final,cloud,True,4,1.0,5.0,1.0,0.3782312350231223,-0.8911561751156114,4,c425f2a901214357addd97b8b8953ebf,89,"{'device_compute': 4.790801904164255e-05, 'd2e_transport': 0.15470114499703413, 'edge_queue': 0.002538100000037957, 'edge_segment_compute': 0.0, 'edge_exit_head_compute': 0.0, 'edge_exit_check': 0.0, 'e2c_transport': 0.19694343200626463, 'cloud_queue': 0.0022842970065539703, 'cloud_segment_compute': 0.01591827599622775, 'cloud_exit_head_compute': 0.0009988660021917894, 'cloud_exit_check': 0.00045583900646306574, 'total_latency': 0.3782312350231223, 'unattributed_overhead': 0.004343371989307343, 'request_id': 'c425f2a901214357addd97b8b8953ebf', 'user_id': 0, 'prediction': 4, 'exit_id': 'final', 'exit_boundary_id': 19, 'exit_location': 'cloud', 'confidence': 0.9982681274414062, 'executed_segments_by_node': {'device': [], 'edge': [], 'cloud': [0, 1, 2, 3, 4, 5, 6, 7, 8, 9, 10, 11, 12, 13, 14, 15, 16, 17, 18]}, 'nodes': [{'node': 'device', 'executed_segments': [], 'queue_s': 0.0, 'segment_compute_s': 0.0, 'exit_head_compute_s': 0.0, 'exit_check_s': 0.0, 'worker_elapsed_s': 4.790801904164255e-05}, {'node': 'edge', 'executed_segments': [], 'queue_s': 0.002538100000037957, 'segment_compute_s': 0.0, 'exit_head_compute_s': 0.0, 'exit_check_s': 0.0, 'worker_elapsed_s': 0.00022939999962545699}, {'node': 'cloud', 'executed_segments': [0, 1, 2, 3, 4, 5, 6, 7, 8, 9, 10, 11, 12, 13, 14, 15, 16, 17, 18], 'queue_s': 0.0022842970065539703, 'segment_compute_s': 0.01591827599622775, 'exit_head_compute_s': 0.0009988660021917894, 'exit_check_s': 0.00045583900646306574, 'worker_elapsed_s': 0.018687777002924122}], 'sample_id': 'balanced_004_0192_00001945', 'label': 4, 'correct': True, 'observed_utility': -0.8911561751156114}",balanced_004_0192_00001945,89,1945,0.47934961318969727,743951635492312822,0.3782312350231223,0.004343371989307343,0
0.0,0.018663106005988084,0.018663106005988084,4.096399061381817e-05,9.500000032858225e-05,0.018663106005988084,0.12351771899830055,4.096399061381817e-05,0.4795162189984694,0.3312489580116562,9.500000032858225e-05,0.35354640000014115,0.022297441988484934,0.0024521000000277127,0.0021793540072394535,0.47958653498790227,0.01873652500216849,1784947603.9293606,1784947603.1986547,1784947603.4486547,0.000437080001574941,0.0009921470045810565,0.0021793540072394535,0.015980360010871664,0.551909863948822,0.12351771899830055,ablate-cloud-only-resnet50-cifar10-pi5-r2-20260725-104554:v2,2,4.096399061381817e-05,unknown,0.3312489580116562,0.0,0.0,0.0016906999999264372,0.0,"{'device': [], 'edge': [], 'cloud': [0, 1, 2, 3, 4, 5, 6, 7, 8, 9, 10, 11, 12, 13, 14, 15, 16, 17, 18]}",19,final,cloud,False,0,1.0,5.0,0.0,0.47958653498790227,-2.3979326749395113,8,8974b48420844fda82361089c01c62ca,90,"{'device_compute': 4.096399061381817e-05, 'd2e_transport': 0.12351771899830055, 'edge_queue': 0.0016906999999264372, 'edge_segment_compute': 0.0, 'edge_exit_head_compute': 0.0, 'edge_exit_check': 0.0, 'e2c_transport': 0.3312489580116562, 'cloud_queue': 0.0021793540072394535, 'cloud_segment_compute': 0.015980360010871664, 'cloud_exit_head_compute': 0.0009921470045810565, 'cloud_exit_check': 0.000437080001574941, 'total_latency': 0.47958653498790227, 'unattributed_overhead': 0.003499252963138133, 'request_id': '8974b48420844fda82361089c01c62ca', 'user_id': 0, 'prediction': 8, 'exit_id': 'final', 'exit_boundary_id': 19, 'exit_location': 'cloud', 'confidence': 0.551909863948822, 'executed_segments_by_node': {'device': [], 'edge': [], 'cloud': [0, 1, 2, 3, 4, 5, 6, 7, 8, 9, 10, 11, 12, 13, 14, 15, 16, 17, 18]}, 'nodes': [{'node': 'device', 'executed_segments': [], 'queue_s': 0.0, 'segment_compute_s': 0.0, 'exit_head_compute_s': 0.0, 'exit_check_s': 0.0, 'worker_elapsed_s': 4.096399061381817e-05}, {'node': 'edge', 'executed_segments': [], 'queue_s': 0.0016906999999264372, 'segment_compute_s': 0.0, 'exit_head_compute_s': 0.0, 'exit_check_s': 0.0, 'worker_elapsed_s': 0.0001696000003903464}, {'node': 'cloud', 'executed_segments': [0, 1, 2, 3, 4, 5, 6, 7, 8, 9, 10, 11, 12, 13, 14, 15, 16, 17, 18], 'queue_s': 0.0021793540072394535, 'segment_compute_s': 0.015980360010871664, 'exit_head_compute_s': 0.0009921470045810565, 'exit_check_s': 0.000437080001574941, 'worker_elapsed_s': 0.01873652500216849}], 'sample_id': 'balanced_000_0780_00007800', 'label': 0, 'correct': False, 'observed_utility': -2.3979326749395113}",balanced_000_0780_00007800,90,7800,0.48070597648620605,743951635492312822,0.47958653498790227,0.003499252963138133,0
0.0,0.01867559298989363,0.01867559298989363,4.344602348282933e-05,7.509999977628468e-05,0.01867559298989363,0.14329465601758784,4.344602348282933e-05,0.36700695601757616,0.19914125399827753,7.509999977628468e-05,0.22142110000004323,0.02227984600176569,0.0022911999999450927,0.002151064996724017,0.36708090201136656,0.01874846599821467,1784947604.4539945,1784947603.718631,1784947603.968631,0.00042676499288063496,0.0010066459944937378,0.002151064996724017,0.016003843004000373,0.9999972581863403,0.14329465601758784,ablate-cloud-only-resnet50-cifar10-pi5-r2-20260725-104554:v2,2,4.344602348282933e-05,unknown,0.19914125399827753,0.0,0.0,0.0013332000003174471,0.0,"{'device': [], 'edge': [], 'cloud': [0, 1, 2, 3, 4, 5, 6, 7, 8, 9, 10, 11, 12, 13, 14, 15, 16, 17, 18]}",19,final,cloud,True,6,1.0,5.0,1.0,0.36708090201136656,-0.8354045100568328,6,eb6faa73d7064037abd0a795b93134ce,91,"{'device_compute': 4.344602348282933e-05, 'd2e_transport': 0.14329465601758784, 'edge_queue': 0.0013332000003174471, 'edge_segment_compute': 0.0, 'edge_exit_head_compute': 0.0, 'edge_exit_check': 0.0, 'e2c_transport': 0.19914125399827753, 'cloud_queue': 0.002151064996724017, 'cloud_segment_compute': 0.016003843004000373, 'cloud_exit_head_compute': 0.0010066459944937378, 'cloud_exit_check': 0.00042676499288063496, 'total_latency': 0.36708090201136656, 'unattributed_overhead': 0.003680026983602147, 'request_id': 'eb6faa73d7064037abd0a795b93134ce', 'user_id': 0, 'prediction': 6, 'exit_id': 'final', 'exit_boundary_id': 19, 'exit_location': 'cloud', 'confidence': 0.9999972581863403, 'executed_segments_by_node': {'device': [], 'edge': [], 'cloud': [0, 1, 2, 3, 4, 5, 6, 7, 8, 9, 10, 11, 12, 13, 14, 15, 16, 17, 18]}, 'nodes': [{'node': 'device', 'executed_segments': [], 'queue_s': 0.0, 'segment_compute_s': 0.0, 'exit_head_compute_s': 0.0, 'exit_check_s': 0.0, 'worker_elapsed_s': 4.344602348282933e-05}, {'node': 'edge', 'executed_segments': [], 'queue_s': 0.0013332000003174471, 'segment_compute_s': 0.0, 'exit_head_compute_s': 0.0, 'exit_check_s': 0.0, 'worker_elapsed_s': 0.00014789999977438129}, {'node': 'cloud', 'executed_segments': [0, 1, 2, 3, 4, 5, 6, 7, 8, 9, 10, 11, 12, 13, 14, 15, 16, 17, 18], 'queue_s': 0.002151064996724017, 'segment_compute_s': 0.016003843004000373, 'exit_head_compute_s': 0.0010066459944937378, 'exit_check_s': 0.00042676499288063496, 'worker_elapsed_s': 0.01874846599821467}], 'sample_id': 'balanced_006_0078_00000670', 'label': 6, 'correct': True, 'observed_utility': -0.8354045100568328}",balanced_006_0078_00000670,91,670,0.4853634834289551,743951635492312822,0.36708090201136656,0.003680026983602147,0
0.0,0.01858030800940469,0.01858030800940469,4.824201459996402e-05,7.649999997738632e-05,0.01858030800940469,0.15049269302517132,4.824201459996402e-05,0.37889229302527383,0.20287337599893362,7.649999997738632e-05,0.22511329999997542,0.0222399240010418,0.003286300000127085,0.0021804919961141422,0.37897238801815547,0.018655337000382133,1784947604.8531897,1784947604.119199,1784947604.369199,0.0004161449905950576,0.0009907369822030887,0.0021804919961141422,0.015944259983371012,0.999981164932251,0.15049269302517132,ablate-cloud-only-resnet50-cifar10-pi5-r2-20260725-104554:v2,2,4.824201459996402e-05,unknown,0.20287337599893362,0.0,0.0,0.0015573000000586035,0.0,"{'device': [], 'edge': [], 'cloud': [0, 1, 2, 3, 4, 5, 6, 7, 8, 9, 10, 11, 12, 13, 14, 15, 16, 17, 18]}",19,final,cloud,True,6,1.0,5.0,1.0,0.37897238801815547,-0.8948619400907774,6,7f49e2387cca49bfa17dab7432d9fade,92,"{'device_compute': 4.824201459996402e-05, 'd2e_transport': 0.15049269302517132, 'edge_queue': 0.0015573000000586035, 'edge_segment_compute': 0.0, 'edge_exit_head_compute': 0.0, 'edge_exit_check': 0.0, 'e2c_transport': 0.20287337599893362, 'cloud_queue': 0.0021804919961141422, 'cloud_segment_compute': 0.015944259983371012, 'cloud_exit_head_compute': 0.0009907369822030887, 'cloud_exit_check': 0.0004161449905950576, 'total_latency': 0.37897238801815547, 'unattributed_overhead': 0.004469143027108657, 'request_id': '7f49e2387cca49bfa17dab7432d9fade', 'user_id': 0, 'prediction': 6, 'exit_id': 'final', 'exit_boundary_id': 19, 'exit_location': 'cloud', 'confidence': 0.999981164932251, 'executed_segments_by_node': {'device': [], 'edge': [], 'cloud': [0, 1, 2, 3, 4, 5, 6, 7, 8, 9, 10, 11, 12, 13, 14, 15, 16, 17, 18]}, 'nodes': [{'node': 'device', 'executed_segments': [], 'queue_s': 0.0, 'segment_compute_s': 0.0, 'exit_head_compute_s': 0.0, 'exit_check_s': 0.0, 'worker_elapsed_s': 4.824201459996402e-05}, {'node': 'edge', 'executed_segments': [], 'queue_s': 0.0015573000000586035, 'segment_compute_s': 0.0, 'exit_head_compute_s': 0.0, 'exit_check_s': 0.0, 'worker_elapsed_s': 0.0001498000001447508}, {'node': 'cloud', 'executed_segments': [0, 1, 2, 3, 4, 5, 6, 7, 8, 9, 10, 11, 12, 13, 14, 15, 16, 17, 18], 'queue_s': 0.0021804919961141422, 'segment_compute_s': 0.015944259983371012, 'exit_head_compute_s': 0.0009907369822030887, 'exit_check_s': 0.0004161449905950576, 'worker_elapsed_s': 0.018655337000382133}], 'sample_id': 'balanced_006_0143_00001225', 'label': 6, 'correct': True, 'observed_utility': -0.8948619400907774}",balanced_006_0143_00001225,92,1225,0.4839906692504883,743951635492312822,0.37897238801815547,0.004469143027108657,0
0.0,0.018648778001079336,0.018648778001079336,4.194499342702329e-05,7.349999987127376e-05,0.018648778001079336,0.1326080949847892,4.194499342702329e-05,0.37355399498483166,0.21607416100368937,7.349999987127376e-05,0.2383150000000569,0.02224083899636753,0.0026308999999855587,0.0021426099992822856,0.37362419901182875,0.01872082801128272,1784947605.2676136,1784947604.5372746,1784947604.7872746,0.00042670100810937583,0.0010172089823754504,0.0021426099992822856,0.01596354300272651,0.9999829530715942,0.1326080949847892,ablate-cloud-only-resnet50-cifar10-pi5-r2-20260725-104554:v2,2,4.194499342702329e-05,unknown,0.21607416100368937,0.0,0.0,0.0015496999999413674,0.0,"{'device': [], 'edge': [], 'cloud': [0, 1, 2, 3, 4, 5, 6, 7, 8, 9, 10, 11, 12, 13, 14, 15, 16, 17, 18]}",19,final,cloud,True,5,1.0,5.0,1.0,0.37362419901182875,-0.8681209950591438,5,77d28c793f26454cbcc4d43eb56307cf,93,"{'device_compute': 4.194499342702329e-05, 'd2e_transport': 0.1326080949847892, 'edge_queue': 0.0015496999999413674, 'edge_segment_compute': 0.0, 'edge_exit_head_compute': 0.0, 'edge_exit_check': 0.0, 'e2c_transport': 0.21607416100368937, 'cloud_queue': 0.0021426099992822856, 'cloud_segment_compute': 0.01596354300272651, 'cloud_exit_head_compute': 0.0010172089823754504, 'cloud_exit_check': 0.00042670100810937583, 'total_latency': 0.37362419901182875, 'unattributed_overhead': 0.0038002350374881644, 'request_id': '77d28c793f26454cbcc4d43eb56307cf', 'user_id': 0, 'prediction': 5, 'exit_id': 'final', 'exit_boundary_id': 19, 'exit_location': 'cloud', 'confidence': 0.9999829530715942, 'executed_segments_by_node': {'device': [], 'edge': [], 'cloud': [0, 1, 2, 3, 4, 5, 6, 7, 8, 9, 10, 11, 12, 13, 14, 15, 16, 17, 18]}, 'nodes': [{'node': 'device', 'executed_segments': [], 'queue_s': 0.0, 'segment_compute_s': 0.0, 'exit_head_compute_s': 0.0, 'exit_check_s': 0.0, 'worker_elapsed_s': 4.194499342702329e-05}, {'node': 'edge', 'executed_segments': [], 'queue_s': 0.0015496999999413674, 'segment_compute_s': 0.0, 'exit_head_compute_s': 0.0, 'exit_check_s': 0.0, 'worker_elapsed_s': 0.00014939999982743757}, {'node': 'cloud', 'executed_segments': [0, 1, 2, 3, 4, 5, 6, 7, 8, 9, 10, 11, 12, 13, 14, 15, 16, 17, 18], 'queue_s': 0.0021426099992822856, 'segment_compute_s': 0.01596354300272651, 'exit_head_compute_s': 0.0010172089823754504, 'exit_check_s': 0.00042670100810937583, 'worker_elapsed_s': 0.01872082801128272}], 'sample_id': 'balanced_005_0140_00001620', 'label': 5, 'correct': True, 'observed_utility': -0.8681209950591438}",balanced_005_0140_00001620,93,1620,0.48033905029296875,743951635492312822,0.37362419901182875,0.0038002350374881644,0
0.0,0.01831370100262575,0.01831370100262575,0.00011083501158282161,9.120000004259055e-05,0.01831370100262575,0.1077337570209238,0.00011083501158282161,0.28068905702093616,0.14707723199990141,9.120000004259055e-05,0.16906610000023647,0.02198886800033506,0.003889199999775883,0.002216870998381637,0.28083622601116076,0.018383695991360582,1784947605.6680179,1784947604.9386568,1784947605.1886568,0.00041110401798505336,0.0009835800010478124,0.002216870998381637,0.015717526970547624,0.7763256430625916,0.1077337570209238,ablate-cloud-only-resnet50-cifar10-pi5-r2-20260725-104554:v2,2,0.00011083501158282161,unknown,0.14707723199990141,0.0,0.0,0.002484300000105577,0.0,"{'device': [], 'edge': [], 'cloud': [0, 1, 2, 3, 4, 5, 6, 7, 8, 9, 10, 11, 12, 13, 14, 15, 16, 17, 18]}",19,final,cloud,True,4,1.0,5.0,1.0,0.28083622601116076,-0.4041811300558038,4,960e39e60de943f4b4103523b4b056c7,94,"{'device_compute': 0.00011083501158282161, 'd2e_transport': 0.1077337570209238, 'edge_queue': 0.002484300000105577, 'edge_segment_compute': 0.0, 'edge_exit_head_compute': 0.0, 'edge_exit_check': 0.0, 'e2c_transport': 0.14707723199990141, 'cloud_queue': 0.002216870998381637, 'cloud_segment_compute': 0.015717526970547624, 'cloud_exit_head_compute': 0.0009835800010478124, 'cloud_exit_check': 0.00041110401798505336, 'total_latency': 0.28083622601116076, 'unattributed_overhead': 0.0041010199906850175, 'request_id': '960e39e60de943f4b4103523b4b056c7', 'user_id': 0, 'prediction': 4, 'exit_id': 'final', 'exit_boundary_id': 19, 'exit_location': 'cloud', 'confidence': 0.7763256430625916, 'executed_segments_by_node': {'device': [], 'edge': [], 'cloud': [0, 1, 2, 3, 4, 5, 6, 7, 8, 9, 10, 11, 12, 13, 14, 15, 16, 17, 18]}, 'nodes': [{'node': 'device', 'executed_segments': [], 'queue_s': 0.0, 'segment_compute_s': 0.0, 'exit_head_compute_s': 0.0, 'exit_check_s': 0.0, 'worker_elapsed_s': 0.00011083501158282161}, {'node': 'edge', 'executed_segments': [], 'queue_s': 0.002484300000105577, 'segment_compute_s': 0.0, 'exit_head_compute_s': 0.0, 'exit_check_s': 0.0, 'worker_elapsed_s': 0.00021340000012060045}, {'node': 'cloud', 'executed_segments': [0, 1, 2, 3, 4, 5, 6, 7, 8, 9, 10, 11, 12, 13, 14, 15, 16, 17, 18], 'queue_s': 0.002216870998381637, 'segment_compute_s': 0.015717526970547624, 'exit_head_compute_s': 0.0009835800010478124, 'exit_check_s': 0.00041110401798505336, 'worker_elapsed_s': 0.018383695991360582}], 'sample_id': 'balanced_004_0316_00003216', 'label': 4, 'correct': True, 'observed_utility': -0.4041811300558038}",balanced_004_0316_00003216,94,3216,0.47936105728149414,743951635492312822,0.28083622601116076,0.0041010199906850175,0
0.0,0.01875060900056269,0.01875060900056269,3.974200808443129e-05,8.620000016890117e-05,0.01875060900056269,0.134148127995104,3.974200808443129e-05,0.3835575279954355,0.22334575600689277,8.620000016890117e-05,0.24568670000007842,0.022340943993185647,0.0037227000002530986,0.002167758997529745,0.38362634400255047,0.018823573002009653,1784947605.9749732,1784947605.2443647,1784947605.4943647,0.0004245979798724875,0.0009874490060610697,0.002167758997529745,0.016099309985293075,0.8464637398719788,0.134148127995104,ablate-cloud-only-resnet50-cifar10-pi5-r2-20260725-104554:v2,2,3.974200808443129e-05,unknown,0.22334575600689277,0.0,0.0,0.0021084999998493004,0.0,"{'device': [], 'edge': [], 'cloud': [0, 1, 2, 3, 4, 5, 6, 7, 8, 9, 10, 11, 12, 13, 14, 15, 16, 17, 18]}",19,final,cloud,True,7,1.0,5.0,1.0,0.38362634400255047,-0.9181317200127523,7,7d09ab1548d444c99e753714c50f3b1c,95,"{'device_compute': 3.974200808443129e-05, 'd2e_transport': 0.134148127995104, 'edge_queue': 0.0021084999998493004, 'edge_segment_compute': 0.0, 'edge_exit_head_compute': 0.0, 'edge_exit_check': 0.0, 'e2c_transport': 0.22334575600689277, 'cloud_queue': 0.002167758997529745, 'cloud_segment_compute': 0.016099309985293075, 'cloud_exit_head_compute': 0.0009874490060610697, 'cloud_exit_check': 0.0004245979798724875, 'total_latency': 0.38362634400255047, 'unattributed_overhead': 0.004305102023863583, 'request_id': '7d09ab1548d444c99e753714c50f3b1c', 'user_id': 0, 'prediction': 7, 'exit_id': 'final', 'exit_boundary_id': 19, 'exit_location': 'cloud', 'confidence': 0.8464637398719788, 'executed_segments_by_node': {'device': [], 'edge': [], 'cloud': [0, 1, 2, 3, 4, 5, 6, 7, 8, 9, 10, 11, 12, 13, 14, 15, 16, 17, 18]}, 'nodes': [{'node': 'device', 'executed_segments': [], 'queue_s': 0.0, 'segment_compute_s': 0.0, 'exit_head_compute_s': 0.0, 'exit_check_s': 0.0, 'worker_elapsed_s': 3.974200808443129e-05}, {'node': 'edge', 'executed_segments': [], 'queue_s': 0.0021084999998493004, 'segment_compute_s': 0.0, 'exit_head_compute_s': 0.0, 'exit_check_s': 0.0, 'worker_elapsed_s': 0.000230699999974604}, {'node': 'cloud', 'executed_segments': [0, 1, 2, 3, 4, 5, 6, 7, 8, 9, 10, 11, 12, 13, 14, 15, 16, 17, 18], 'queue_s': 0.002167758997529745, 'segment_compute_s': 0.016099309985293075, 'exit_head_compute_s': 0.0009874490060610697, 'exit_check_s': 0.0004245979798724875, 'worker_elapsed_s': 0.018823573002009653}], 'sample_id': 'balanced_007_0154_00001576', 'label': 7, 'correct': True, 'observed_utility': -0.9181317200127523}",balanced_007_0154_00001576,95,1576,0.4806084632873535,743951635492312822,0.38362634400255047,0.004305102023863583,0
0.0,0.018741091000265442,0.018741091000265442,4.4760003220289946e-05,4.8999999762600055e-05,0.018741091000265442,0.11908157399238917,4.4760003220289946e-05,0.2755067739926744,0.1318448320052994,4.8999999762600055e-05,0.1542343000000983,0.022389467994798906,0.002190900000186957,0.0021366470027714968,0.2755818869918585,0.018811671994626522,1784947606.389588,1784947605.659236,1784947605.909236,0.00042276900785509497,0.0009900739969452843,0.0021366470027714968,0.0160718219995033,0.8664683103561401,0.11908157399238917,ablate-cloud-only-resnet50-cifar10-pi5-r2-20260725-104554:v2,2,4.4760003220289946e-05,unknown,0.1318448320052994,0.0,0.0,0.0015991999998732354,0.0,"{'device': [], 'edge': [], 'cloud': [0, 1, 2, 3, 4, 5, 6, 7, 8, 9, 10, 11, 12, 13, 14, 15, 16, 17, 18]}",19,final,cloud,False,0,1.0,5.0,0.0,0.2755818869918585,-1.3779094349592924,2,c978beedce2944799e1496f1d177f7f4,96,"{'device_compute': 4.4760003220289946e-05, 'd2e_transport': 0.11908157399238917, 'edge_queue': 0.0015991999998732354, 'edge_segment_compute': 0.0, 'edge_exit_head_compute': 0.0, 'edge_exit_check': 0.0, 'e2c_transport': 0.1318448320052994, 'cloud_queue': 0.0021366470027714968, 'cloud_segment_compute': 0.0160718219995033, 'cloud_exit_head_compute': 0.0009900739969452843, 'cloud_exit_check': 0.00042276900785509497, 'total_latency': 0.2755818869918585, 'unattributed_overhead': 0.0033902089840012195, 'request_id': 'c978beedce2944799e1496f1d177f7f4', 'user_id': 0, 'prediction': 2, 'exit_id': 'final', 'exit_boundary_id': 19, 'exit_location': 'cloud', 'confidence': 0.8664683103561401, 'executed_segments_by_node': {'device': [], 'edge': [], 'cloud': [0, 1, 2, 3, 4, 5, 6, 7, 8, 9, 10, 11, 12, 13, 14, 15, 16, 17, 18]}, 'nodes': [{'node': 'device', 'executed_segments': [], 'queue_s': 0.0, 'segment_compute_s': 0.0, 'exit_head_compute_s': 0.0, 'exit_check_s': 0.0, 'worker_elapsed_s': 4.4760003220289946e-05}, {'node': 'edge', 'executed_segments': [], 'queue_s': 0.0015991999998732354, 'segment_compute_s': 0.0, 'exit_head_compute_s': 0.0, 'exit_check_s': 0.0, 'worker_elapsed_s': 0.00010490000022400636}, {'node': 'cloud', 'executed_segments': [0, 1, 2, 3, 4, 5, 6, 7, 8, 9, 10, 11, 12, 13, 14, 15, 16, 17, 18], 'queue_s': 0.0021366470027714968, 'segment_compute_s': 0.0160718219995033, 'exit_head_compute_s': 0.0009900739969452843, 'exit_check_s': 0.00042276900785509497, 'worker_elapsed_s': 0.018811671994626522}], 'sample_id': 'balanced_000_0358_00003587', 'label': 0, 'correct': False, 'observed_utility': -1.3779094349592924}",balanced_000_0358_00003587,96,3587,0.48035216331481934,743951635492312822,0.2755818869918585,0.0033902089840012195,0
0.0,0.018501561993616633,0.018501561993616633,4.083398380316794e-05,7.52999999349413e-05,0.018501561993616633,0.16279561802184617,4.083398380316794e-05,0.3808526180218905,0.1936513560108324,7.52999999349413e-05,0.21589050000011412,0.02223914398928173,0.002166499999930238,0.0022778569982619956,0.38092232297640294,0.018571239997982047,1784947606.689548,1784947605.9602892,1784947606.2102892,0.0004108040011487901,0.0009661429940024391,0.0022778569982619956,0.015887833971646614,0.9714533090591431,0.16279561802184617,ablate-cloud-only-resnet50-cifar10-pi5-r2-20260725-104554:v2,2,4.083398380316794e-05,unknown,0.1936513560108324,0.0,0.0,0.0012965999999323685,0.0,"{'device': [], 'edge': [], 'cloud': [0, 1, 2, 3, 4, 5, 6, 7, 8, 9, 10, 11, 12, 13, 14, 15, 16, 17, 18]}",19,final,cloud,True,5,1.0,5.0,1.0,0.38092232297640294,-0.9046116148820147,5,da874927ae71426b85761c40f377a63d,97,"{'device_compute': 4.083398380316794e-05, 'd2e_transport': 0.16279561802184617, 'edge_queue': 0.0012965999999323685, 'edge_segment_compute': 0.0, 'edge_exit_head_compute': 0.0, 'edge_exit_check': 0.0, 'e2c_transport': 0.1936513560108324, 'cloud_queue': 0.0022778569982619956, 'cloud_segment_compute': 0.015887833971646614, 'cloud_exit_head_compute': 0.0009661429940024391, 'cloud_exit_check': 0.0004108040011487901, 'total_latency': 0.38092232297640294, 'unattributed_overhead': 0.0035952769949290087, 'request_id': 'da874927ae71426b85761c40f377a63d', 'user_id': 0, 'prediction': 5, 'exit_id': 'final', 'exit_boundary_id': 19, 'exit_location': 'cloud', 'confidence': 0.9714533090591431, 'executed_segments_by_node': {'device': [], 'edge': [], 'cloud': [0, 1, 2, 3, 4, 5, 6, 7, 8, 9, 10, 11, 12, 13, 14, 15, 16, 17, 18]}, 'nodes': [{'node': 'device', 'executed_segments': [], 'queue_s': 0.0, 'segment_compute_s': 0.0, 'exit_head_compute_s': 0.0, 'exit_check_s': 0.0, 'worker_elapsed_s': 4.083398380316794e-05}, {'node': 'edge', 'executed_segments': [], 'queue_s': 0.0012965999999323685, 'segment_compute_s': 0.0, 'exit_head_compute_s': 0.0, 'exit_check_s': 0.0, 'worker_elapsed_s': 0.0001548000000184402}, {'node': 'cloud', 'executed_segments': [0, 1, 2, 3, 4, 5, 6, 7, 8, 9, 10, 11, 12, 13, 14, 15, 16, 17, 18], 'queue_s': 0.0022778569982619956, 'segment_compute_s': 0.015887833971646614, 'exit_head_compute_s': 0.0009661429940024391, 'exit_check_s': 0.0004108040011487901, 'worker_elapsed_s': 0.018571239997982047}], 'sample_id': 'balanced_005_0392_00004052', 'label': 5, 'correct': True, 'observed_utility': -0.9046116148820147}",balanced_005_0392_00004052,97,4052,0.47925877571105957,743951635492312822,0.38092232297640294,0.0035952769949290087,0
0.0,0.018563281002570875,0.018563281002570875,4.203800926916301e-05,0.00010780000002341694,0.018563281002570875,0.12567911800169895,4.203800926916301e-05,0.37641621800139546,0.2252399150047495,0.00010780000002341694,0.24776750000000902,0.02252758499525953,0.002969599999687489,0.002496885004802607,0.3764872559986543,0.018639785994309932,1784947607.1035597,1784947606.3706243,1784947606.6206243,0.0004263180017005652,0.0009841729915933684,0.002496885004802607,0.015913779992843047,0.693047821521759,0.12567911800169895,ablate-cloud-only-resnet50-cifar10-pi5-r2-20260725-104554:v2,2,4.203800926916301e-05,unknown,0.2252399150047495,0.0,0.0,0.001695599999948172,0.0,"{'device': [], 'edge': [], 'cloud': [0, 1, 2, 3, 4, 5, 6, 7, 8, 9, 10, 11, 12, 13, 14, 15, 16, 17, 18]}",19,final,cloud,True,3,1.0,5.0,1.0,0.3764872559986543,-0.8824362799932715,3,e2452c3165e84bceb299daafb66ca0be,98,"{'device_compute': 4.203800926916301e-05, 'd2e_transport': 0.12567911800169895, 'edge_queue': 0.001695599999948172, 'edge_segment_compute': 0.0, 'edge_exit_head_compute': 0.0, 'edge_exit_check': 0.0, 'e2c_transport': 0.2252399150047495, 'cloud_queue': 0.002496885004802607, 'cloud_segment_compute': 0.015913779992843047, 'cloud_exit_head_compute': 0.0009841729915933684, 'cloud_exit_check': 0.0004263180017005652, 'total_latency': 0.3764872559986543, 'unattributed_overhead': 0.0040094289920489246, 'request_id': 'e2452c3165e84bceb299daafb66ca0be', 'user_id': 0, 'prediction': 3, 'exit_id': 'final', 'exit_boundary_id': 19, 'exit_location': 'cloud', 'confidence': 0.693047821521759, 'executed_segments_by_node': {'device': [], 'edge': [], 'cloud': [0, 1, 2, 3, 4, 5, 6, 7, 8, 9, 10, 11, 12, 13, 14, 15, 16, 17, 18]}, 'nodes': [{'node': 'device', 'executed_segments': [], 'queue_s': 0.0, 'segment_compute_s': 0.0, 'exit_head_compute_s': 0.0, 'exit_check_s': 0.0, 'worker_elapsed_s': 4.203800926916301e-05}, {'node': 'edge', 'executed_segments': [], 'queue_s': 0.001695599999948172, 'segment_compute_s': 0.0, 'exit_head_compute_s': 0.0, 'exit_check_s': 0.0, 'worker_elapsed_s': 0.00021570000035353587}, {'node': 'cloud', 'executed_segments': [0, 1, 2, 3, 4, 5, 6, 7, 8, 9, 10, 11, 12, 13, 14, 15, 16, 17, 18], 'queue_s': 0.002496885004802607, 'segment_compute_s': 0.015913779992843047, 'exit_head_compute_s': 0.0009841729915933684, 'exit_check_s': 0.0004263180017005652, 'worker_elapsed_s': 0.018639785994309932}], 'sample_id': 'balanced_003_0509_00005155', 'label': 3, 'correct': True, 'observed_utility': -0.8824362799932715}",balanced_003_0509_00005155,98,5155,0.48293542861938477,743951635492312822,0.3764872559986543,0.0040094289920489246,0
0.0,0.018284467005287297,0.018284467005287297,4.2166997445747256e-05,7.52999999349413e-05,0.018284467005287297,0.13661940900328773,4.2166997445747256e-05,0.3887191090034321,0.22752443501076414,7.52999999349413e-05,0.24957080000012866,0.02204636498936452,0.0025289000000157102,0.002271229008329101,0.388789980992442,0.018354104991885833,1784947607.5039945,1784947606.7738822,1784947607.0238822,0.0004035400052089244,0.000942933009355329,0.002271229008329101,0.015724672004580498,0.999997615814209,0.13661940900328773,ablate-cloud-only-resnet50-cifar10-pi5-r2-20260725-104554:v2,2,4.2166997445747256e-05,unknown,0.22752443501076414,0.0,0.0,0.0016025999998419138,0.0,"{'device': [], 'edge': [], 'cloud': [0, 1, 2, 3, 4, 5, 6, 7, 8, 9, 10, 11, 12, 13, 14, 15, 16, 17, 18]}",19,final,cloud,True,1,1.0,5.0,1.0,0.388789980992442,-0.94394990496221,1,5c94e80cc93c45bbb1495e7f49605330,99,"{'device_compute': 4.2166997445747256e-05, 'd2e_transport': 0.13661940900328773, 'edge_queue': 0.0016025999998419138, 'edge_segment_compute': 0.0, 'edge_exit_head_compute': 0.0, 'edge_exit_check': 0.0, 'e2c_transport': 0.22752443501076414, 'cloud_queue': 0.002271229008329101, 'cloud_segment_compute': 0.015724672004580498, 'cloud_exit_head_compute': 0.000942933009355329, 'cloud_exit_check': 0.0004035400052089244, 'total_latency': 0.388789980992442, 'unattributed_overhead': 0.0036589959536286187, 'request_id': '5c94e80cc93c45bbb1495e7f49605330', 'user_id': 0, 'prediction': 1, 'exit_id': 'final', 'exit_boundary_id': 19, 'exit_location': 'cloud', 'confidence': 0.999997615814209, 'executed_segments_by_node': {'device': [], 'edge': [], 'cloud': [0, 1, 2, 3, 4, 5, 6, 7, 8, 9, 10, 11, 12, 13, 14, 15, 16, 17, 18]}, 'nodes': [{'node': 'device', 'executed_segments': [], 'queue_s': 0.0, 'segment_compute_s': 0.0, 'exit_head_compute_s': 0.0, 'exit_check_s': 0.0, 'worker_elapsed_s': 4.2166997445747256e-05}, {'node': 'edge', 'executed_segments': [], 'queue_s': 0.0016025999998419138, 'segment_compute_s': 0.0, 'exit_head_compute_s': 0.0, 'exit_check_s': 0.0, 'worker_elapsed_s': 0.00014689999989059288}, {'node': 'cloud', 'executed_segments': [0, 1, 2, 3, 4, 5, 6, 7, 8, 9, 10, 11, 12, 13, 14, 15, 16, 17, 18], 'queue_s': 0.002271229008329101, 'segment_compute_s': 0.015724672004580498, 'exit_head_compute_s': 0.000942933009355329, 'exit_check_s': 0.0004035400052089244, 'worker_elapsed_s': 0.018354104991885833}], 'sample_id': 'balanced_001_0755_00007595', 'label': 1, 'correct': True, 'observed_utility': -0.94394990496221}",balanced_001_0755_00007595,99,7595,0.48011231422424316,743951635492312822,0.388789980992442,0.0036589959536286187,0
