{
  "total_samples": 10000,
  "overall_accuracy": 0.8651,
  "confidence_percentiles": {
    "p10": 0.841556853055954,
    "p25": 0.9922388792037964,
    "p50": 0.9999820590019226,
    "p75": 1.0,
    "p90": 1.0
  },
  "suggested_thresholds": {
    "easy_min": 0.9,
    "hard_max": 0.6
  },
  "suggested_counts": {
    "easy": 8730,
    "medium": 960,
    "hard": 310
  }
}