T_compute_device,T_d_compute,T_total,T_worker_elapsed_s,actual_start_at_utc,barrier_ready_at_utc,barrier_release_at_utc,cloud_exit_check,cloud_exit_head_compute,cloud_queue,cloud_segment_compute,confidence,d2e_transport,device_compute,difficulty,e2c_transport,edge_exit_check,edge_exit_head_compute,edge_queue,edge_segment_compute,executed_segments_by_node,exit_boundary_id,exit_id,exit_location,is_correct,label,observed_accuracy,observed_latency,observed_utility,prediction,request_id,request_seq,request_trace,sample_id,sample_index,source_index,start_skew_s,total_latency,unattributed_overhead,user_id
0.0787679179920815,0.0787679179920815,0.07880273299815599,0.0787679179920815,1784170619.562242,1784170604.699161,1784170604.949161,0.0,0.0,0.0,0.0,0.557289183139801,0.0,0.0787679179920815,unknown,0.0,0.0,0.0,0.0,0.0,"{'device': [0, 1, 2, 3]}",4,after_layer1,device,False,0,0.0,0.07880273299815599,-0.39401366499077994,8,b691067beb494c1a82b044c491f87e1b,0,"{'device_compute': 0.0787679179920815, 'd2e_transport': 0.0, 'edge_queue': 0.0, 'edge_segment_compute': 0.0, 'edge_exit_head_compute': 0.0, 'edge_exit_check': 0.0, 'e2c_transport': 0.0, 'cloud_queue': 0.0, 'cloud_segment_compute': 0.0, 'cloud_exit_head_compute': 0.0, 'cloud_exit_check': 0.0, 'total_latency': 0.07880273299815599, 'unattributed_overhead': 3.4815006074495614e-05, 'request_id': 'b691067beb494c1a82b044c491f87e1b', 'user_id': 0, 'prediction': 8, 'exit_id': 'after_layer1', 'exit_boundary_id': 4, 'exit_location': 'device', 'confidence': 0.557289183139801, 'executed_segments_by_node': {'device': [0, 1, 2, 3]}, 'nodes': [{'node': 'device', 'executed_segments': [0, 1, 2, 3], 'queue_s': 0.0, 'segment_compute_s': 0.07703818901791237, 'exit_head_compute_s': 0.0014230240049073473, 'exit_check_s': 0.00013155699707567692, 'worker_elapsed_s': 0.0787679179920815}], 'sample_id': 'balanced_000_0000_00000287', 'label': 0, 'correct': False, 'observed_utility': -0.39401366499077994}",balanced_000_0000_00000287,0,287,14.613080978393555,0.07880273299815599,3.4815006074495614e-05,0
0.0817424109991407,0.0817424109991407,0.08177430000796448,0.0817424109991407,1784170621.4695888,1784170607.1590326,1784170607.4090326,0.0,0.0,0.0,0.0,0.4796501398086548,0.0,0.0817424109991407,unknown,0.0,0.0,0.0,0.0,0.0,"{'device': [0, 1, 2, 3]}",4,after_layer1,device,True,0,1.0,0.08177430000796448,0.5911284999601776,0,2ea2cd9aa7bd4f79906e38b574599105,1,"{'device_compute': 0.0817424109991407, 'd2e_transport': 0.0, 'edge_queue': 0.0, 'edge_segment_compute': 0.0, 'edge_exit_head_compute': 0.0, 'edge_exit_check': 0.0, 'e2c_transport': 0.0, 'cloud_queue': 0.0, 'cloud_segment_compute': 0.0, 'cloud_exit_head_compute': 0.0, 'cloud_exit_check': 0.0, 'total_latency': 0.08177430000796448, 'unattributed_overhead': 3.1889008823782206e-05, 'request_id': '2ea2cd9aa7bd4f79906e38b574599105', 'user_id': 0, 'prediction': 0, 'exit_id': 'after_layer1', 'exit_boundary_id': 4, 'exit_location': 'device', 'confidence': 0.4796501398086548, 'executed_segments_by_node': {'device': [0, 1, 2, 3]}, 'nodes': [{'node': 'device', 'executed_segments': [0, 1, 2, 3], 'queue_s': 0.0, 'segment_compute_s': 0.08049373899120837, 'exit_head_compute_s': 0.001034651999361813, 'exit_check_s': 6.13149895798415e-05, 'worker_elapsed_s': 0.0817424109991407}], 'sample_id': 'balanced_000_0001_00000857', 'label': 0, 'correct': True, 'observed_utility': 0.5911284999601776}",balanced_000_0001_00000857,1,857,14.060556173324585,0.08177430000796448,3.1889008823782206e-05,0
0.0870043380127754,0.0870043380127754,0.08703752300061751,0.0870043380127754,1784170622.4627786,1784170608.1393661,1784170608.3893661,0.0,0.0,0.0,0.0,0.5110328793525696,0.0,0.0870043380127754,unknown,0.0,0.0,0.0,0.0,0.0,"{'device': [0, 1, 2, 3]}",4,after_layer1,device,True,0,1.0,0.08703752300061751,0.5648123849969124,0,302461d7f67b4f2d80271a325a46ba54,2,"{'device_compute': 0.0870043380127754, 'd2e_transport': 0.0, 'edge_queue': 0.0, 'edge_segment_compute': 0.0, 'edge_exit_head_compute': 0.0, 'edge_exit_check': 0.0, 'e2c_transport': 0.0, 'cloud_queue': 0.0, 'cloud_segment_compute': 0.0, 'cloud_exit_head_compute': 0.0, 'cloud_exit_check': 0.0, 'total_latency': 0.08703752300061751, 'unattributed_overhead': 3.318498784210533e-05, 'request_id': '302461d7f67b4f2d80271a325a46ba54', 'user_id': 0, 'prediction': 0, 'exit_id': 'after_layer1', 'exit_boundary_id': 4, 'exit_location': 'device', 'confidence': 0.5110328793525696, 'executed_segments_by_node': {'device': [0, 1, 2, 3]}, 'nodes': [{'node': 'device', 'executed_segments': [0, 1, 2, 3], 'queue_s': 0.0, 'segment_compute_s': 0.08571597999252845, 'exit_head_compute_s': 0.00103968899929896, 'exit_check_s': 6.761100667063147e-05, 'worker_elapsed_s': 0.0870043380127754}], 'sample_id': 'balanced_000_0002_00003548', 'label': 0, 'correct': True, 'observed_utility': 0.5648123849969124}",balanced_000_0002_00003548,2,3548,14.073412418365479,0.08703752300061751,3.318498784210533e-05,0
0.08006053400458768,0.08006053400458768,0.08009247800509911,0.08006053400458768,1784170623.4557924,1784170609.1349437,1784170609.3849437,0.0,0.0,0.0,0.0,0.2761000990867615,0.0,0.08006053400458768,unknown,0.0,0.0,0.0,0.0,0.0,"{'device': [0, 1, 2, 3]}",4,after_layer1,device,False,0,0.0,0.08009247800509911,-0.40046239002549555,8,bc672c4e76144205a1d07e6b136238a6,3,"{'device_compute': 0.08006053400458768, 'd2e_transport': 0.0, 'edge_queue': 0.0, 'edge_segment_compute': 0.0, 'edge_exit_head_compute': 0.0, 'edge_exit_check': 0.0, 'e2c_transport': 0.0, 'cloud_queue': 0.0, 'cloud_segment_compute': 0.0, 'cloud_exit_head_compute': 0.0, 'cloud_exit_check': 0.0, 'total_latency': 0.08009247800509911, 'unattributed_overhead': 3.1944000511430204e-05, 'request_id': 'bc672c4e76144205a1d07e6b136238a6', 'user_id': 0, 'prediction': 8, 'exit_id': 'after_layer1', 'exit_boundary_id': 4, 'exit_location': 'device', 'confidence': 0.2761000990867615, 'executed_segments_by_node': {'device': [0, 1, 2, 3]}, 'nodes': [{'node': 'device', 'executed_segments': [0, 1, 2, 3], 'queue_s': 0.0, 'segment_compute_s': 0.07881999200617429, 'exit_head_compute_s': 0.0010237079986836761, 'exit_check_s': 6.235198816284537e-05, 'worker_elapsed_s': 0.08006053400458768}], 'sample_id': 'balanced_000_0003_00004937', 'label': 0, 'correct': False, 'observed_utility': -0.40046239002549555}",balanced_000_0003_00004937,3,4937,14.0708487033844,0.08009247800509911,3.1944000511430204e-05,0
0.08633222398930229,0.08633222398930229,0.08636427999590524,0.08633222398930229,1784170624.5315332,1784170610.1194816,1784170610.3694816,0.0,0.0,0.0,0.0,0.4567960500717163,0.0,0.08633222398930229,unknown,0.0,0.0,0.0,0.0,0.0,"{'device': [0, 1, 2, 3]}",4,after_layer1,device,True,0,1.0,0.08636427999590524,0.5681786000204738,0,d35aac9504f645e685638f5fa08267d2,4,"{'device_compute': 0.08633222398930229, 'd2e_transport': 0.0, 'edge_queue': 0.0, 'edge_segment_compute': 0.0, 'edge_exit_head_compute': 0.0, 'edge_exit_check': 0.0, 'e2c_transport': 0.0, 'cloud_queue': 0.0, 'cloud_segment_compute': 0.0, 'cloud_exit_head_compute': 0.0, 'cloud_exit_check': 0.0, 'total_latency': 0.08636427999590524, 'unattributed_overhead': 3.2056006602942944e-05, 'request_id': 'd35aac9504f645e685638f5fa08267d2', 'user_id': 0, 'prediction': 0, 'exit_id': 'after_layer1', 'exit_boundary_id': 4, 'exit_location': 'device', 'confidence': 0.4567960500717163, 'executed_segments_by_node': {'device': [0, 1, 2, 3]}, 'nodes': [{'node': 'device', 'executed_segments': [0, 1, 2, 3], 'queue_s': 0.0, 'segment_compute_s': 0.08511273800104391, 'exit_head_compute_s': 0.0010030029952758923, 'exit_check_s': 6.150000263005495e-05, 'worker_elapsed_s': 0.08633222398930229}], 'sample_id': 'balanced_000_0004_00005189', 'label': 0, 'correct': True, 'observed_utility': 0.5681786000204738}",balanced_000_0004_00005189,4,5189,14.162051677703857,0.08636427999590524,3.2056006602942944e-05,0
0.07266263400379103,0.07266263400379103,0.07269405999977607,0.07266263400379103,1784170625.5132713,1784170611.1967528,1784170611.4467528,0.0,0.0,0.0,0.0,0.2738116383552551,0.0,0.07266263400379103,unknown,0.0,0.0,0.0,0.0,0.0,"{'device': [0, 1, 2, 3]}",4,after_layer1,device,True,0,1.0,0.07269405999977607,0.6365297000011196,0,b9e17be4424141bd9328025831ad744f,5,"{'device_compute': 0.07266263400379103, 'd2e_transport': 0.0, 'edge_queue': 0.0, 'edge_segment_compute': 0.0, 'edge_exit_head_compute': 0.0, 'edge_exit_check': 0.0, 'e2c_transport': 0.0, 'cloud_queue': 0.0, 'cloud_segment_compute': 0.0, 'cloud_exit_head_compute': 0.0, 'cloud_exit_check': 0.0, 'total_latency': 0.07269405999977607, 'unattributed_overhead': 3.142599598504603e-05, 'request_id': 'b9e17be4424141bd9328025831ad744f', 'user_id': 0, 'prediction': 0, 'exit_id': 'after_layer1', 'exit_boundary_id': 4, 'exit_location': 'device', 'confidence': 0.2738116383552551, 'executed_segments_by_node': {'device': [0, 1, 2, 3]}, 'nodes': [{'node': 'device', 'executed_segments': [0, 1, 2, 3], 'queue_s': 0.0, 'segment_compute_s': 0.07143699999141973, 'exit_head_compute_s': 0.0010123370011569932, 'exit_check_s': 6.324099376797676e-05, 'worker_elapsed_s': 0.07266263400379103}], 'sample_id': 'balanced_000_0005_00005293', 'label': 0, 'correct': True, 'observed_utility': 0.6365297000011196}",balanced_000_0005_00005293,5,5293,14.066518545150757,0.07269405999977607,3.142599598504603e-05,0
0.07607888699567411,0.07607888699567411,0.07611025699588936,0.07607888699567411,1784170626.4780772,1784170612.1594498,1784170612.4094498,0.0,0.0,0.0,0.0,0.32707923650741577,0.0,0.07607888699567411,unknown,0.0,0.0,0.0,0.0,0.0,"{'device': [0, 1, 2, 3]}",4,after_layer1,device,True,0,1.0,0.07611025699588936,0.6194487150205532,0,bf9e04e6cbf3426c9a3caeaa14cd2183,6,"{'device_compute': 0.07607888699567411, 'd2e_transport': 0.0, 'edge_queue': 0.0, 'edge_segment_compute': 0.0, 'edge_exit_head_compute': 0.0, 'edge_exit_check': 0.0, 'e2c_transport': 0.0, 'cloud_queue': 0.0, 'cloud_segment_compute': 0.0, 'cloud_exit_head_compute': 0.0, 'cloud_exit_check': 0.0, 'total_latency': 0.07611025699588936, 'unattributed_overhead': 3.1370000215247273e-05, 'request_id': 'bf9e04e6cbf3426c9a3caeaa14cd2183', 'user_id': 0, 'prediction': 0, 'exit_id': 'after_layer1', 'exit_boundary_id': 4, 'exit_location': 'device', 'confidence': 0.32707923650741577, 'executed_segments_by_node': {'device': [0, 1, 2, 3]}, 'nodes': [{'node': 'device', 'executed_segments': [0, 1, 2, 3], 'queue_s': 0.0, 'segment_compute_s': 0.0748393449903233, 'exit_head_compute_s': 0.0010213929926976562, 'exit_check_s': 6.392599607352167e-05, 'worker_elapsed_s': 0.07607888699567411}], 'sample_id': 'balanced_000_0006_00007513', 'label': 0, 'correct': True, 'observed_utility': 0.6194487150205532}",balanced_000_0006_00007513,6,7513,14.06862735748291,0.07611025699588936,3.1370000215247273e-05,0
0.0751026790094329,0.0751026790094329,0.07514160500431899,0.0751026790094329,1784170627.4506695,1784170613.1393673,1784170613.3893673,0.0,0.0,0.0,0.0,0.6745582818984985,0.0,0.0751026790094329,unknown,0.0,0.0,0.0,0.0,0.0,"{'device': [0, 1, 2, 3]}",4,after_layer1,device,True,0,1.0,0.07514160500431899,0.624291974978405,0,61574ff7dc6d4daba90356145925eb72,7,"{'device_compute': 0.0751026790094329, 'd2e_transport': 0.0, 'edge_queue': 0.0, 'edge_segment_compute': 0.0, 'edge_exit_head_compute': 0.0, 'edge_exit_check': 0.0, 'e2c_transport': 0.0, 'cloud_queue': 0.0, 'cloud_segment_compute': 0.0, 'cloud_exit_head_compute': 0.0, 'cloud_exit_check': 0.0, 'total_latency': 0.07514160500431899, 'unattributed_overhead': 3.892599488608539e-05, 'request_id': '61574ff7dc6d4daba90356145925eb72', 'user_id': 0, 'prediction': 0, 'exit_id': 'after_layer1', 'exit_boundary_id': 4, 'exit_location': 'device', 'confidence': 0.6745582818984985, 'executed_segments_by_node': {'device': [0, 1, 2, 3]}, 'nodes': [{'node': 'device', 'executed_segments': [0, 1, 2, 3], 'queue_s': 0.0, 'segment_compute_s': 0.07376978598767892, 'exit_head_compute_s': 0.0010873940045712516, 'exit_check_s': 7.679700502194464e-05, 'worker_elapsed_s': 0.0751026790094329}], 'sample_id': 'balanced_000_0007_00007748', 'label': 0, 'correct': True, 'observed_utility': 0.624291974978405}",balanced_000_0007_00007748,7,7748,14.061302185058594,0.07514160500431899,3.892599488608539e-05,0
0.09223431900318246,0.09223431900318246,0.09227257799648214,0.09223431900318246,1784170628.427044,1784170614.1103616,1784170614.3603616,0.0,0.0,0.0,0.0,0.2472483366727829,0.0,0.09223431900318246,unknown,0.0,0.0,0.0,0.0,0.0,"{'device': [0, 1, 2, 3]}",4,after_layer1,device,True,0,1.0,0.09227257799648214,0.5386371100175893,0,d467541830e6406381770797e567898f,8,"{'device_compute': 0.09223431900318246, 'd2e_transport': 0.0, 'edge_queue': 0.0, 'edge_segment_compute': 0.0, 'edge_exit_head_compute': 0.0, 'edge_exit_check': 0.0, 'e2c_transport': 0.0, 'cloud_queue': 0.0, 'cloud_segment_compute': 0.0, 'cloud_exit_head_compute': 0.0, 'cloud_exit_check': 0.0, 'total_latency': 0.09227257799648214, 'unattributed_overhead': 3.825899329967797e-05, 'request_id': 'd467541830e6406381770797e567898f', 'user_id': 0, 'prediction': 0, 'exit_id': 'after_layer1', 'exit_boundary_id': 4, 'exit_location': 'device', 'confidence': 0.2472483366727829, 'executed_segments_by_node': {'device': [0, 1, 2, 3]}, 'nodes': [{'node': 'device', 'executed_segments': [0, 1, 2, 3], 'queue_s': 0.0, 'segment_compute_s': 0.09084583100047894, 'exit_head_compute_s': 0.0011261530016781762, 'exit_check_s': 7.50559993321076e-05, 'worker_elapsed_s': 0.09223431900318246}], 'sample_id': 'balanced_000_0008_00009021', 'label': 0, 'correct': True, 'observed_utility': 0.5386371100175893}",balanced_000_0008_00009021,8,9021,14.0666823387146,0.09227257799648214,3.825899329967797e-05,0
0.0736803400068311,0.0736803400068311,0.07371258101193234,0.0736803400068311,1784170629.414289,1784170615.103467,1784170615.353467,0.0,0.0,0.0,0.0,0.7083097696304321,0.0,0.0736803400068311,unknown,0.0,0.0,0.0,0.0,0.0,"{'device': [0, 1, 2, 3]}",4,after_layer1,device,True,0,1.0,0.07371258101193234,0.6314370949403383,0,2aa9e1e3eea44846849d9cd36ac5a6fd,9,"{'device_compute': 0.0736803400068311, 'd2e_transport': 0.0, 'edge_queue': 0.0, 'edge_segment_compute': 0.0, 'edge_exit_head_compute': 0.0, 'edge_exit_check': 0.0, 'e2c_transport': 0.0, 'cloud_queue': 0.0, 'cloud_segment_compute': 0.0, 'cloud_exit_head_compute': 0.0, 'cloud_exit_check': 0.0, 'total_latency': 0.07371258101193234, 'unattributed_overhead': 3.224100510124117e-05, 'request_id': '2aa9e1e3eea44846849d9cd36ac5a6fd', 'user_id': 0, 'prediction': 0, 'exit_id': 'after_layer1', 'exit_boundary_id': 4, 'exit_location': 'device', 'confidence': 0.7083097696304321, 'executed_segments_by_node': {'device': [0, 1, 2, 3]}, 'nodes': [{'node': 'device', 'executed_segments': [0, 1, 2, 3], 'queue_s': 0.0, 'segment_compute_s': 0.07244805801019538, 'exit_head_compute_s': 0.0010142819955945015, 'exit_check_s': 6.536999717354774e-05, 'worker_elapsed_s': 0.0736803400068311}], 'sample_id': 'balanced_000_0009_00009272', 'label': 0, 'correct': True, 'observed_utility': 0.6314370949403383}",balanced_000_0009_00009272,9,9272,14.060822010040283,0.07371258101193234,3.224100510124117e-05,0
0.08377589700103272,0.08377589700103272,0.08380706400203053,0.08377589700103272,1784170630.387461,1784170616.06607,1784170616.31607,0.0,0.0,0.0,0.0,0.367523729801178,0.0,0.08377589700103272,unknown,0.0,0.0,0.0,0.0,0.0,"{'device': [0, 1, 2, 3]}",4,after_layer1,device,True,1,1.0,0.08380706400203053,0.5809646799898474,1,b3a6c3eb7db841a6b51c7e01e330985d,10,"{'device_compute': 0.08377589700103272, 'd2e_transport': 0.0, 'edge_queue': 0.0, 'edge_segment_compute': 0.0, 'edge_exit_head_compute': 0.0, 'edge_exit_check': 0.0, 'e2c_transport': 0.0, 'cloud_queue': 0.0, 'cloud_segment_compute': 0.0, 'cloud_exit_head_compute': 0.0, 'cloud_exit_check': 0.0, 'total_latency': 0.08380706400203053, 'unattributed_overhead': 3.1167000997811556e-05, 'request_id': 'b3a6c3eb7db841a6b51c7e01e330985d', 'user_id': 0, 'prediction': 1, 'exit_id': 'after_layer1', 'exit_boundary_id': 4, 'exit_location': 'device', 'confidence': 0.367523729801178, 'executed_segments_by_node': {'device': [0, 1, 2, 3]}, 'nodes': [{'node': 'device', 'executed_segments': [0, 1, 2, 3], 'queue_s': 0.0, 'segment_compute_s': 0.08251637298963033, 'exit_head_compute_s': 0.0010471889981999993, 'exit_check_s': 6.19630009168759e-05, 'worker_elapsed_s': 0.08377589700103272}], 'sample_id': 'balanced_001_0000_00000738', 'label': 1, 'correct': True, 'observed_utility': 0.5809646799898474}",balanced_001_0000_00000738,10,738,14.071390867233276,0.08380706400203053,3.1167000997811556e-05,0
0.07180474000051618,0.07180474000051618,0.07183562900172547,0.07180474000051618,1784170631.3734,1784170617.05343,1784170617.30343,0.0,0.0,0.0,0.0,0.4128662347793579,0.0,0.07180474000051618,unknown,0.0,0.0,0.0,0.0,0.0,"{'device': [0, 1, 2, 3]}",4,after_layer1,device,False,1,0.0,0.07183562900172547,-0.3591781450086273,0,31081d09789e4907917190e07f54e877,11,"{'device_compute': 0.07180474000051618, 'd2e_transport': 0.0, 'edge_queue': 0.0, 'edge_segment_compute': 0.0, 'edge_exit_head_compute': 0.0, 'edge_exit_check': 0.0, 'e2c_transport': 0.0, 'cloud_queue': 0.0, 'cloud_segment_compute': 0.0, 'cloud_exit_head_compute': 0.0, 'cloud_exit_check': 0.0, 'total_latency': 0.07183562900172547, 'unattributed_overhead': 3.0889001209288836e-05, 'request_id': '31081d09789e4907917190e07f54e877', 'user_id': 0, 'prediction': 0, 'exit_id': 'after_layer1', 'exit_boundary_id': 4, 'exit_location': 'device', 'confidence': 0.4128662347793579, 'executed_segments_by_node': {'device': [0, 1, 2, 3]}, 'nodes': [{'node': 'device', 'executed_segments': [0, 1, 2, 3], 'queue_s': 0.0, 'segment_compute_s': 0.0705852350074565, 'exit_head_compute_s': 0.0010039479966508225, 'exit_check_s': 6.294400373008102e-05, 'worker_elapsed_s': 0.07180474000051618}], 'sample_id': 'balanced_001_0001_00001013', 'label': 1, 'correct': False, 'observed_utility': -0.3591781450086273}",balanced_001_0001_00001013,11,1013,14.069969892501831,0.07183562900172547,3.0889001209288836e-05,0
0.0774675569991814,0.0774675569991814,0.07749846400110982,0.0774675569991814,1784170632.337766,1784170618.0253882,1784170618.2753882,0.0,0.0,0.0,0.0,0.36545950174331665,0.0,0.0774675569991814,unknown,0.0,0.0,0.0,0.0,0.0,"{'device': [0, 1, 2, 3]}",4,after_layer1,device,True,1,1.0,0.07749846400110982,0.6125076799944509,1,73cc5908362141888e9c67898e144ab1,12,"{'device_compute': 0.0774675569991814, 'd2e_transport': 0.0, 'edge_queue': 0.0, 'edge_segment_compute': 0.0, 'edge_exit_head_compute': 0.0, 'edge_exit_check': 0.0, 'e2c_transport': 0.0, 'cloud_queue': 0.0, 'cloud_segment_compute': 0.0, 'cloud_exit_head_compute': 0.0, 'cloud_exit_check': 0.0, 'total_latency': 0.07749846400110982, 'unattributed_overhead': 3.0907001928426325e-05, 'request_id': '73cc5908362141888e9c67898e144ab1', 'user_id': 0, 'prediction': 1, 'exit_id': 'after_layer1', 'exit_boundary_id': 4, 'exit_location': 'device', 'confidence': 0.36545950174331665, 'executed_segments_by_node': {'device': [0, 1, 2, 3]}, 'nodes': [{'node': 'device', 'executed_segments': [0, 1, 2, 3], 'queue_s': 0.0, 'segment_compute_s': 0.07622131198877469, 'exit_head_compute_s': 0.0010298929992131889, 'exit_check_s': 6.761099211871624e-05, 'worker_elapsed_s': 0.0774675569991814}], 'sample_id': 'balanced_001_0002_00002042', 'label': 1, 'correct': True, 'observed_utility': 0.6125076799944509}",balanced_001_0002_00002042,12,2042,14.062377691268921,0.07749846400110982,3.0907001928426325e-05,0
0.07273420499404892,0.07273420499404892,0.07276505698973779,0.07273420499404892,1784170633.321705,1784170618.9977365,1784170619.2477365,0.0,0.0,0.0,0.0,0.4341115653514862,0.0,0.07273420499404892,unknown,0.0,0.0,0.0,0.0,0.0,"{'device': [0, 1, 2, 3]}",4,after_layer1,device,False,1,0.0,0.07276505698973779,-0.36382528494868893,0,4130cae4942d48589f4d593383fb105d,13,"{'device_compute': 0.07273420499404892, 'd2e_transport': 0.0, 'edge_queue': 0.0, 'edge_segment_compute': 0.0, 'edge_exit_head_compute': 0.0, 'edge_exit_check': 0.0, 'e2c_transport': 0.0, 'cloud_queue': 0.0, 'cloud_segment_compute': 0.0, 'cloud_exit_head_compute': 0.0, 'cloud_exit_check': 0.0, 'total_latency': 0.07276505698973779, 'unattributed_overhead': 3.08519956888631e-05, 'request_id': '4130cae4942d48589f4d593383fb105d', 'user_id': 0, 'prediction': 0, 'exit_id': 'after_layer1', 'exit_boundary_id': 4, 'exit_location': 'device', 'confidence': 0.4341115653514862, 'executed_segments_by_node': {'device': [0, 1, 2, 3]}, 'nodes': [{'node': 'device', 'executed_segments': [0, 1, 2, 3], 'queue_s': 0.0, 'segment_compute_s': 0.07150353300676215, 'exit_head_compute_s': 0.0010183739941567183, 'exit_check_s': 6.363001011777669e-05, 'worker_elapsed_s': 0.07273420499404892}], 'sample_id': 'balanced_001_0003_00003348', 'label': 1, 'correct': False, 'observed_utility': -0.36382528494868893}",balanced_001_0003_00003348,13,3348,14.073968648910522,0.07276505698973779,3.08519956888631e-05,0
0.07993428799090907,0.07993428799090907,0.07997026899829507,0.07993428799090907,1784170634.4381652,1784170620.1232681,1784170620.3732681,0.0,0.0,0.0,0.0,0.2472258359193802,0.0,0.07993428799090907,unknown,0.0,0.0,0.0,0.0,0.0,"{'device': [0, 1, 2, 3]}",4,after_layer1,device,True,1,1.0,0.07997026899829507,0.6001486550085247,1,027105062565422b8edc100c9bb075cc,14,"{'device_compute': 0.07993428799090907, 'd2e_transport': 0.0, 'edge_queue': 0.0, 'edge_segment_compute': 0.0, 'edge_exit_head_compute': 0.0, 'edge_exit_check': 0.0, 'e2c_transport': 0.0, 'cloud_queue': 0.0, 'cloud_segment_compute': 0.0, 'cloud_exit_head_compute': 0.0, 'cloud_exit_check': 0.0, 'total_latency': 0.07997026899829507, 'unattributed_overhead': 3.5981007385998964e-05, 'request_id': '027105062565422b8edc100c9bb075cc', 'user_id': 0, 'prediction': 1, 'exit_id': 'after_layer1', 'exit_boundary_id': 4, 'exit_location': 'device', 'confidence': 0.2472258359193802, 'executed_segments_by_node': {'device': [0, 1, 2, 3]}, 'nodes': [{'node': 'device', 'executed_segments': [0, 1, 2, 3], 'queue_s': 0.0, 'segment_compute_s': 0.07864052400691435, 'exit_head_compute_s': 0.0010084480018122122, 'exit_check_s': 7.196399383246899e-05, 'worker_elapsed_s': 0.07993428799090907}], 'sample_id': 'balanced_001_0004_00004762', 'label': 1, 'correct': True, 'observed_utility': 0.6001486550085247}",balanced_001_0004_00004762,14,4762,14.064897060394287,0.07997026899829507,3.5981007385998964e-05,0
0.07849370800249744,0.07849370800249744,0.07852489399374463,0.07849370800249744,1784170635.4240556,1784170621.1107767,1784170621.3607767,0.0,0.0,0.0,0.0,0.35040298104286194,0.0,0.07849370800249744,unknown,0.0,0.0,0.0,0.0,0.0,"{'device': [0, 1, 2, 3]}",4,after_layer1,device,True,1,1.0,0.07852489399374463,0.6073755300312769,1,ba8b2083a04a41e7bef606fac2009817,15,"{'device_compute': 0.07849370800249744, 'd2e_transport': 0.0, 'edge_queue': 0.0, 'edge_segment_compute': 0.0, 'edge_exit_head_compute': 0.0, 'edge_exit_check': 0.0, 'e2c_transport': 0.0, 'cloud_queue': 0.0, 'cloud_segment_compute': 0.0, 'cloud_exit_head_compute': 0.0, 'cloud_exit_check': 0.0, 'total_latency': 0.07852489399374463, 'unattributed_overhead': 3.1185991247184575e-05, 'request_id': 'ba8b2083a04a41e7bef606fac2009817', 'user_id': 0, 'prediction': 1, 'exit_id': 'after_layer1', 'exit_boundary_id': 4, 'exit_location': 'device', 'confidence': 0.35040298104286194, 'executed_segments_by_node': {'device': [0, 1, 2, 3]}, 'nodes': [{'node': 'device', 'executed_segments': [0, 1, 2, 3], 'queue_s': 0.0, 'segment_compute_s': 0.07725912898604292, 'exit_head_compute_s': 0.0010161150130443275, 'exit_check_s': 6.353799835778773e-05, 'worker_elapsed_s': 0.07849370800249744}], 'sample_id': 'balanced_001_0005_00006159', 'label': 1, 'correct': True, 'observed_utility': 0.6073755300312769}",balanced_001_0005_00006159,15,6159,14.063278913497925,0.07852489399374463,3.1185991247184575e-05,0
0.07839815199258737,0.07839815199258737,0.07842904099379666,0.07839815199258737,1784170636.891071,1784170622.5686316,1784170622.8186316,0.0,0.0,0.0,0.0,0.3543166518211365,0.0,0.07839815199258737,unknown,0.0,0.0,0.0,0.0,0.0,"{'device': [0, 1, 2, 3]}",4,after_layer1,device,False,1,0.0,0.07842904099379666,-0.3921452049689833,8,3da501ab395d45a2ac1514d272ab8eaf,16,"{'device_compute': 0.07839815199258737, 'd2e_transport': 0.0, 'edge_queue': 0.0, 'edge_segment_compute': 0.0, 'edge_exit_head_compute': 0.0, 'edge_exit_check': 0.0, 'e2c_transport': 0.0, 'cloud_queue': 0.0, 'cloud_segment_compute': 0.0, 'cloud_exit_head_compute': 0.0, 'cloud_exit_check': 0.0, 'total_latency': 0.07842904099379666, 'unattributed_overhead': 3.0889001209288836e-05, 'request_id': '3da501ab395d45a2ac1514d272ab8eaf', 'user_id': 0, 'prediction': 8, 'exit_id': 'after_layer1', 'exit_boundary_id': 4, 'exit_location': 'device', 'confidence': 0.3543166518211365, 'executed_segments_by_node': {'device': [0, 1, 2, 3]}, 'nodes': [{'node': 'device', 'executed_segments': [0, 1, 2, 3], 'queue_s': 0.0, 'segment_compute_s': 0.07716655402327888, 'exit_head_compute_s': 0.0010155779891647398, 'exit_check_s': 6.311100150924176e-05, 'worker_elapsed_s': 0.07839815199258737}], 'sample_id': 'balanced_001_0006_00006445', 'label': 1, 'correct': False, 'observed_utility': -0.3921452049689833}",balanced_001_0006_00006445,16,6445,14.072439432144165,0.07842904099379666,3.0889001209288836e-05,0
0.0727581300016027,0.0727581300016027,0.07278935200884007,0.0727581300016027,1784170637.8641958,1784170623.554947,1784170623.804947,0.0,0.0,0.0,0.0,0.40110763907432556,0.0,0.0727581300016027,unknown,0.0,0.0,0.0,0.0,0.0,"{'device': [0, 1, 2, 3]}",4,after_layer1,device,True,1,1.0,0.07278935200884007,0.6360532399557997,1,4faa2b6cb4294db3827ee86909deeb74,17,"{'device_compute': 0.0727581300016027, 'd2e_transport': 0.0, 'edge_queue': 0.0, 'edge_segment_compute': 0.0, 'edge_exit_head_compute': 0.0, 'edge_exit_check': 0.0, 'e2c_transport': 0.0, 'cloud_queue': 0.0, 'cloud_segment_compute': 0.0, 'cloud_exit_head_compute': 0.0, 'cloud_exit_check': 0.0, 'total_latency': 0.07278935200884007, 'unattributed_overhead': 3.122200723737478e-05, 'request_id': '4faa2b6cb4294db3827ee86909deeb74', 'user_id': 0, 'prediction': 1, 'exit_id': 'after_layer1', 'exit_boundary_id': 4, 'exit_location': 'device', 'confidence': 0.40110763907432556, 'executed_segments_by_node': {'device': [0, 1, 2, 3]}, 'nodes': [{'node': 'device', 'executed_segments': [0, 1, 2, 3], 'queue_s': 0.0, 'segment_compute_s': 0.07147614299901761, 'exit_head_compute_s': 0.0010660970001481473, 'exit_check_s': 6.263000250328332e-05, 'worker_elapsed_s': 0.0727581300016027}], 'sample_id': 'balanced_001_0007_00007071', 'label': 1, 'correct': True, 'observed_utility': 0.6360532399557997}",balanced_001_0007_00007071,17,7071,14.059248924255371,0.07278935200884007,3.122200723737478e-05,0
0.07776026001374703,0.07776026001374703,0.07779192700400017,0.07776026001374703,1784170638.829836,1784170624.519697,1784170624.769697,0.0,0.0,0.0,0.0,0.3738027513027191,0.0,0.07776026001374703,unknown,0.0,0.0,0.0,0.0,0.0,"{'device': [0, 1, 2, 3]}",4,after_layer1,device,True,1,1.0,0.07779192700400017,0.6110403649799991,1,272201f322364e7da6fd3bf888de4b85,18,"{'device_compute': 0.07776026001374703, 'd2e_transport': 0.0, 'edge_queue': 0.0, 'edge_segment_compute': 0.0, 'edge_exit_head_compute': 0.0, 'edge_exit_check': 0.0, 'e2c_transport': 0.0, 'cloud_queue': 0.0, 'cloud_segment_compute': 0.0, 'cloud_exit_head_compute': 0.0, 'cloud_exit_check': 0.0, 'total_latency': 0.07779192700400017, 'unattributed_overhead': 3.166699025314301e-05, 'request_id': '272201f322364e7da6fd3bf888de4b85', 'user_id': 0, 'prediction': 1, 'exit_id': 'after_layer1', 'exit_boundary_id': 4, 'exit_location': 'device', 'confidence': 0.3738027513027191, 'executed_segments_by_node': {'device': [0, 1, 2, 3]}, 'nodes': [{'node': 'device', 'executed_segments': [0, 1, 2, 3], 'queue_s': 0.0, 'segment_compute_s': 0.0765255340229487, 'exit_head_compute_s': 0.0010100409999722615, 'exit_check_s': 6.368600588757545e-05, 'worker_elapsed_s': 0.07776026001374703}], 'sample_id': 'balanced_001_0008_00007114', 'label': 1, 'correct': True, 'observed_utility': 0.6110403649799991}",balanced_001_0008_00007114,18,7114,14.060138940811157,0.07779192700400017,3.166699025314301e-05,0
0.08702499901119154,0.08702499901119154,0.0870564060023753,0.08702499901119154,1784170639.8106124,1784170625.4912982,1784170625.7412982,0.0,0.0,0.0,0.0,0.4176829755306244,0.0,0.08702499901119154,unknown,0.0,0.0,0.0,0.0,0.0,"{'device': [0, 1, 2, 3]}",4,after_layer1,device,False,1,0.0,0.0870564060023753,-0.4352820300118765,9,59934b758a7640f0b94c7d3f384c889d,19,"{'device_compute': 0.08702499901119154, 'd2e_transport': 0.0, 'edge_queue': 0.0, 'edge_segment_compute': 0.0, 'edge_exit_head_compute': 0.0, 'edge_exit_check': 0.0, 'e2c_transport': 0.0, 'cloud_queue': 0.0, 'cloud_segment_compute': 0.0, 'cloud_exit_head_compute': 0.0, 'cloud_exit_check': 0.0, 'total_latency': 0.0870564060023753, 'unattributed_overhead': 3.140699118375778e-05, 'request_id': '59934b758a7640f0b94c7d3f384c889d', 'user_id': 0, 'prediction': 9, 'exit_id': 'after_layer1', 'exit_boundary_id': 4, 'exit_location': 'device', 'confidence': 0.4176829755306244, 'executed_segments_by_node': {'device': [0, 1, 2, 3]}, 'nodes': [{'node': 'device', 'executed_segments': [0, 1, 2, 3], 'queue_s': 0.0, 'segment_compute_s': 0.0857771250011865, 'exit_head_compute_s': 0.0009991520055336878, 'exit_check_s': 6.292699254117906e-05, 'worker_elapsed_s': 0.08702499901119154}], 'sample_id': 'balanced_001_0009_00009974', 'label': 1, 'correct': False, 'observed_utility': -0.4352820300118765}",balanced_001_0009_00009974,19,9974,14.069314241409302,0.0870564060023753,3.140699118375778e-05,0
0.07494808199407998,0.07494808199407998,0.0749800449993927,0.07494808199407998,1784170641.0480196,1784170626.5335612,1784170626.7835612,0.0,0.0,0.0,0.0,0.3766840696334839,0.0,0.07494808199407998,unknown,0.0,0.0,0.0,0.0,0.0,"{'device': [0, 1, 2, 3]}",4,after_layer1,device,False,2,0.0,0.0749800449993927,-0.3749002249969635,8,c62c7c5a45154caf9f882cb2bbafeea2,20,"{'device_compute': 0.07494808199407998, 'd2e_transport': 0.0, 'edge_queue': 0.0, 'edge_segment_compute': 0.0, 'edge_exit_head_compute': 0.0, 'edge_exit_check': 0.0, 'e2c_transport': 0.0, 'cloud_queue': 0.0, 'cloud_segment_compute': 0.0, 'cloud_exit_head_compute': 0.0, 'cloud_exit_check': 0.0, 'total_latency': 0.0749800449993927, 'unattributed_overhead': 3.196300531271845e-05, 'request_id': 'c62c7c5a45154caf9f882cb2bbafeea2', 'user_id': 0, 'prediction': 8, 'exit_id': 'after_layer1', 'exit_boundary_id': 4, 'exit_location': 'device', 'confidence': 0.3766840696334839, 'executed_segments_by_node': {'device': [0, 1, 2, 3]}, 'nodes': [{'node': 'device', 'executed_segments': [0, 1, 2, 3], 'queue_s': 0.0, 'segment_compute_s': 0.07366987300338224, 'exit_head_compute_s': 0.0010528749990044162, 'exit_check_s': 7.08519946783781e-05, 'worker_elapsed_s': 0.07494808199407998}], 'sample_id': 'balanced_002_0000_00000303', 'label': 2, 'correct': False, 'observed_utility': -0.3749002249969635}",balanced_002_0000_00000303,20,303,14.264458417892456,0.0749800449993927,3.196300531271845e-05,0
0.0835434109903872,0.0835434109903872,0.08357481799612287,0.0835434109903872,1784170642.0286188,1784170627.710703,1784170627.960703,0.0,0.0,0.0,0.0,0.15497328341007233,0.0,0.0835434109903872,unknown,0.0,0.0,0.0,0.0,0.0,"{'device': [0, 1, 2, 3]}",4,after_layer1,device,False,2,0.0,0.08357481799612287,-0.41787408998061437,3,a3471c509ad44a2e896bacc64eb495c8,21,"{'device_compute': 0.0835434109903872, 'd2e_transport': 0.0, 'edge_queue': 0.0, 'edge_segment_compute': 0.0, 'edge_exit_head_compute': 0.0, 'edge_exit_check': 0.0, 'e2c_transport': 0.0, 'cloud_queue': 0.0, 'cloud_segment_compute': 0.0, 'cloud_exit_head_compute': 0.0, 'cloud_exit_check': 0.0, 'total_latency': 0.08357481799612287, 'unattributed_overhead': 3.140700573567301e-05, 'request_id': 'a3471c509ad44a2e896bacc64eb495c8', 'user_id': 0, 'prediction': 3, 'exit_id': 'after_layer1', 'exit_boundary_id': 4, 'exit_location': 'device', 'confidence': 0.15497328341007233, 'executed_segments_by_node': {'device': [0, 1, 2, 3]}, 'nodes': [{'node': 'device', 'executed_segments': [0, 1, 2, 3], 'queue_s': 0.0, 'segment_compute_s': 0.08231088799948338, 'exit_head_compute_s': 0.0010162450053030625, 'exit_check_s': 6.301800021901727e-05, 'worker_elapsed_s': 0.0835434109903872}], 'sample_id': 'balanced_002_0001_00002321', 'label': 2, 'correct': False, 'observed_utility': -0.41787408998061437}",balanced_002_0001_00002321,21,2321,14.067915916442871,0.08357481799612287,3.140700573567301e-05,0
0.07937902299454436,0.07937902299454436,0.07942437499877997,0.07937902299454436,1784170643.2312446,1784170628.7133389,1784170628.9633389,0.0,0.0,0.0,0.0,0.42599403858184814,0.0,0.07937902299454436,unknown,0.0,0.0,0.0,0.0,0.0,"{'device': [0, 1, 2, 3]}",4,after_layer1,device,False,2,0.0,0.07942437499877997,-0.39712187499389984,8,5875a884407645a89209c9957b39463f,22,"{'device_compute': 0.07937902299454436, 'd2e_transport': 0.0, 'edge_queue': 0.0, 'edge_segment_compute': 0.0, 'edge_exit_head_compute': 0.0, 'edge_exit_check': 0.0, 'e2c_transport': 0.0, 'cloud_queue': 0.0, 'cloud_segment_compute': 0.0, 'cloud_exit_head_compute': 0.0, 'cloud_exit_check': 0.0, 'total_latency': 0.07942437499877997, 'unattributed_overhead': 4.5352004235610366e-05, 'request_id': '5875a884407645a89209c9957b39463f', 'user_id': 0, 'prediction': 8, 'exit_id': 'after_layer1', 'exit_boundary_id': 4, 'exit_location': 'device', 'confidence': 0.42599403858184814, 'executed_segments_by_node': {'device': [0, 1, 2, 3]}, 'nodes': [{'node': 'device', 'executed_segments': [0, 1, 2, 3], 'queue_s': 0.0, 'segment_compute_s': 0.07813714700751007, 'exit_head_compute_s': 0.0010184669954469427, 'exit_check_s': 6.324100831989199e-05, 'worker_elapsed_s': 0.07937902299454436}], 'sample_id': 'balanced_002_0002_00003673', 'label': 2, 'correct': False, 'observed_utility': -0.39712187499389984}",balanced_002_0002_00003673,22,3673,14.267905712127686,0.07942437499877997,4.5352004235610366e-05,0
0.07378220598911867,0.07378220598911867,0.07381400300073437,0.07378220598911867,1784170644.7767985,1784170629.893918,1784170630.143918,0.0,0.0,0.0,0.0,0.2386147677898407,0.0,0.07378220598911867,unknown,0.0,0.0,0.0,0.0,0.0,"{'device': [0, 1, 2, 3]}",4,after_layer1,device,False,2,0.0,0.07381400300073437,-0.36907001500367187,8,2cad1279a9c74da89d310aaf6382e9be,23,"{'device_compute': 0.07378220598911867, 'd2e_transport': 0.0, 'edge_queue': 0.0, 'edge_segment_compute': 0.0, 'edge_exit_head_compute': 0.0, 'edge_exit_check': 0.0, 'e2c_transport': 0.0, 'cloud_queue': 0.0, 'cloud_segment_compute': 0.0, 'cloud_exit_head_compute': 0.0, 'cloud_exit_check': 0.0, 'total_latency': 0.07381400300073437, 'unattributed_overhead': 3.179701161570847e-05, 'request_id': '2cad1279a9c74da89d310aaf6382e9be', 'user_id': 0, 'prediction': 8, 'exit_id': 'after_layer1', 'exit_boundary_id': 4, 'exit_location': 'device', 'confidence': 0.2386147677898407, 'executed_segments_by_node': {'device': [0, 1, 2, 3]}, 'nodes': [{'node': 'device', 'executed_segments': [0, 1, 2, 3], 'queue_s': 0.0, 'segment_compute_s': 0.07254359099897556, 'exit_head_compute_s': 0.0010224669968010858, 'exit_check_s': 6.296299397945404e-05, 'worker_elapsed_s': 0.07378220598911867}], 'sample_id': 'balanced_002_0003_00005477', 'label': 2, 'correct': False, 'observed_utility': -0.36907001500367187}",balanced_002_0003_00005477,23,5477,14.632880449295044,0.07381400300073437,3.179701161570847e-05,0
0.08597780700074509,0.08597780700074509,0.08602089999476448,0.08597780700074509,1784170646.2286842,1784170631.4447355,1784170631.6947355,0.0,0.0,0.0,0.0,0.4693128764629364,0.0,0.08597780700074509,unknown,0.0,0.0,0.0,0.0,0.0,"{'device': [0, 1, 2, 3]}",4,after_layer1,device,False,2,0.0,0.08602089999476448,-0.4301044999738224,6,9255c01415e04371a1f2d10488a6a819,24,"{'device_compute': 0.08597780700074509, 'd2e_transport': 0.0, 'edge_queue': 0.0, 'edge_segment_compute': 0.0, 'edge_exit_head_compute': 0.0, 'edge_exit_check': 0.0, 'e2c_transport': 0.0, 'cloud_queue': 0.0, 'cloud_segment_compute': 0.0, 'cloud_exit_head_compute': 0.0, 'cloud_exit_check': 0.0, 'total_latency': 0.08602089999476448, 'unattributed_overhead': 4.309299401938915e-05, 'request_id': '9255c01415e04371a1f2d10488a6a819', 'user_id': 0, 'prediction': 6, 'exit_id': 'after_layer1', 'exit_boundary_id': 4, 'exit_location': 'device', 'confidence': 0.4693128764629364, 'executed_segments_by_node': {'device': [0, 1, 2, 3]}, 'nodes': [{'node': 'device', 'executed_segments': [0, 1, 2, 3], 'queue_s': 0.0, 'segment_compute_s': 0.08321724098641425, 'exit_head_compute_s': 0.002467565005645156, 'exit_check_s': 9.103800402954221e-05, 'worker_elapsed_s': 0.08597780700074509}], 'sample_id': 'balanced_002_0004_00006715', 'label': 2, 'correct': False, 'observed_utility': -0.4301044999738224}",balanced_002_0004_00006715,24,6715,14.53394865989685,0.08602089999476448,4.309299401938915e-05,0
0.07493041300040204,0.07493041300040204,0.07496152400563005,0.07493041300040204,1784170647.2872903,1784170632.9589515,1784170633.2089515,0.0,0.0,0.0,0.0,0.19845055043697357,0.0,0.07493041300040204,unknown,0.0,0.0,0.0,0.0,0.0,"{'device': [0, 1, 2, 3]}",4,after_layer1,device,False,2,0.0,0.07496152400563005,-0.37480762002815027,8,bcc96438812d4e4ea97abcc7894f8819,25,"{'device_compute': 0.07493041300040204, 'd2e_transport': 0.0, 'edge_queue': 0.0, 'edge_segment_compute': 0.0, 'edge_exit_head_compute': 0.0, 'edge_exit_check': 0.0, 'e2c_transport': 0.0, 'cloud_queue': 0.0, 'cloud_segment_compute': 0.0, 'cloud_exit_head_compute': 0.0, 'cloud_exit_check': 0.0, 'total_latency': 0.07496152400563005, 'unattributed_overhead': 3.11110052280128e-05, 'request_id': 'bcc96438812d4e4ea97abcc7894f8819', 'user_id': 0, 'prediction': 8, 'exit_id': 'after_layer1', 'exit_boundary_id': 4, 'exit_location': 'device', 'confidence': 0.19845055043697357, 'executed_segments_by_node': {'device': [0, 1, 2, 3]}, 'nodes': [{'node': 'device', 'executed_segments': [0, 1, 2, 3], 'queue_s': 0.0, 'segment_compute_s': 0.07367462999536656, 'exit_head_compute_s': 0.0010342820023652166, 'exit_check_s': 6.251900049392134e-05, 'worker_elapsed_s': 0.07493041300040204}], 'sample_id': 'balanced_002_0005_00006819', 'label': 2, 'correct': False, 'observed_utility': -0.37480762002815027}",balanced_002_0005_00006819,25,6819,14.078338861465454,0.07496152400563005,3.11110052280128e-05,0
0.07683349399303552,0.07683349399303552,0.07686554899555631,0.07683349399303552,1784170648.2569597,1784170633.938646,1784170634.188646,0.0,0.0,0.0,0.0,0.29646822810173035,0.0,0.07683349399303552,unknown,0.0,0.0,0.0,0.0,0.0,"{'device': [0, 1, 2, 3]}",4,after_layer1,device,False,2,0.0,0.07686554899555631,-0.38432774497778155,1,13a058cecbb74839bc69df1982486cf2,26,"{'device_compute': 0.07683349399303552, 'd2e_transport': 0.0, 'edge_queue': 0.0, 'edge_segment_compute': 0.0, 'edge_exit_head_compute': 0.0, 'edge_exit_check': 0.0, 'e2c_transport': 0.0, 'cloud_queue': 0.0, 'cloud_segment_compute': 0.0, 'cloud_exit_head_compute': 0.0, 'cloud_exit_check': 0.0, 'total_latency': 0.07686554899555631, 'unattributed_overhead': 3.2055002520792186e-05, 'request_id': '13a058cecbb74839bc69df1982486cf2', 'user_id': 0, 'prediction': 1, 'exit_id': 'after_layer1', 'exit_boundary_id': 4, 'exit_location': 'device', 'confidence': 0.29646822810173035, 'executed_segments_by_node': {'device': [0, 1, 2, 3]}, 'nodes': [{'node': 'device', 'executed_segments': [0, 1, 2, 3], 'queue_s': 0.0, 'segment_compute_s': 0.0756000809778925, 'exit_head_compute_s': 0.0010155409981962293, 'exit_check_s': 6.520400347653776e-05, 'worker_elapsed_s': 0.07683349399303552}], 'sample_id': 'balanced_002_0006_00007562', 'label': 2, 'correct': False, 'observed_utility': -0.38432774497778155}",balanced_002_0006_00007562,26,7562,14.068313598632812,0.07686554899555631,3.2055002520792186e-05,0
0.07258981099585071,0.07258981099585071,0.07262058899505064,0.07258981099585071,1784170649.2343009,1784170634.9218893,1784170635.1718893,0.0,0.0,0.0,0.0,0.35444819927215576,0.0,0.07258981099585071,unknown,0.0,0.0,0.0,0.0,0.0,"{'device': [0, 1, 2, 3]}",4,after_layer1,device,False,2,0.0,0.07262058899505064,-0.3631029449752532,6,26b8cd3c35fd4a7390883dd61fb0213c,27,"{'device_compute': 0.07258981099585071, 'd2e_transport': 0.0, 'edge_queue': 0.0, 'edge_segment_compute': 0.0, 'edge_exit_head_compute': 0.0, 'edge_exit_check': 0.0, 'e2c_transport': 0.0, 'cloud_queue': 0.0, 'cloud_segment_compute': 0.0, 'cloud_exit_head_compute': 0.0, 'cloud_exit_check': 0.0, 'total_latency': 0.07262058899505064, 'unattributed_overhead': 3.077799919992685e-05, 'request_id': '26b8cd3c35fd4a7390883dd61fb0213c', 'user_id': 0, 'prediction': 6, 'exit_id': 'after_layer1', 'exit_boundary_id': 4, 'exit_location': 'device', 'confidence': 0.35444819927215576, 'executed_segments_by_node': {'device': [0, 1, 2, 3]}, 'nodes': [{'node': 'device', 'executed_segments': [0, 1, 2, 3], 'queue_s': 0.0, 'segment_compute_s': 0.07134278700686991, 'exit_head_compute_s': 0.0010063369991257787, 'exit_check_s': 8.927799353841692e-05, 'worker_elapsed_s': 0.07258981099585071}], 'sample_id': 'balanced_002_0007_00008730', 'label': 2, 'correct': False, 'observed_utility': -0.3631029449752532}",balanced_002_0007_00008730,27,8730,14.062411546707153,0.07262058899505064,3.077799919992685e-05,0
0.07705760501266923,0.07705760501266923,0.07708993900450878,0.07705760501266923,1784170650.2131724,1784170635.8892286,1784170636.1392286,0.0,0.0,0.0,0.0,0.28676068782806396,0.0,0.07705760501266923,unknown,0.0,0.0,0.0,0.0,0.0,"{'device': [0, 1, 2, 3]}",4,after_layer1,device,False,2,0.0,0.07708993900450878,-0.3854496950225439,3,82f2a1104b3d403dbcd662be2e7c3d79,28,"{'device_compute': 0.07705760501266923, 'd2e_transport': 0.0, 'edge_queue': 0.0, 'edge_segment_compute': 0.0, 'edge_exit_head_compute': 0.0, 'edge_exit_check': 0.0, 'e2c_transport': 0.0, 'cloud_queue': 0.0, 'cloud_segment_compute': 0.0, 'cloud_exit_head_compute': 0.0, 'cloud_exit_check': 0.0, 'total_latency': 0.07708993900450878, 'unattributed_overhead': 3.2333991839550436e-05, 'request_id': '82f2a1104b3d403dbcd662be2e7c3d79', 'user_id': 0, 'prediction': 3, 'exit_id': 'after_layer1', 'exit_boundary_id': 4, 'exit_location': 'device', 'confidence': 0.28676068782806396, 'executed_segments_by_node': {'device': [0, 1, 2, 3]}, 'nodes': [{'node': 'device', 'executed_segments': [0, 1, 2, 3], 'queue_s': 0.0, 'segment_compute_s': 0.07580474700080231, 'exit_head_compute_s': 0.0010308930068276823, 'exit_check_s': 6.914899859111756e-05, 'worker_elapsed_s': 0.07705760501266923}], 'sample_id': 'balanced_002_0008_00009082', 'label': 2, 'correct': False, 'observed_utility': -0.3854496950225439}",balanced_002_0008_00009082,28,9082,14.073943853378296,0.07708993900450878,3.2333991839550436e-05,0
0.07226782699581236,0.07226782699581236,0.0722993280069204,0.07226782699581236,1784170651.1868482,1784170636.8725865,1784170637.1225865,0.0,0.0,0.0,0.0,0.3488982319831848,0.0,0.07226782699581236,unknown,0.0,0.0,0.0,0.0,0.0,"{'device': [0, 1, 2, 3]}",4,after_layer1,device,False,2,0.0,0.0722993280069204,-0.361496640034602,6,00b5b059dc724ae4849313e0d562eb11,29,"{'device_compute': 0.07226782699581236, 'd2e_transport': 0.0, 'edge_queue': 0.0, 'edge_segment_compute': 0.0, 'edge_exit_head_compute': 0.0, 'edge_exit_check': 0.0, 'e2c_transport': 0.0, 'cloud_queue': 0.0, 'cloud_segment_compute': 0.0, 'cloud_exit_head_compute': 0.0, 'cloud_exit_check': 0.0, 'total_latency': 0.0722993280069204, 'unattributed_overhead': 3.150101110804826e-05, 'request_id': '00b5b059dc724ae4849313e0d562eb11', 'user_id': 0, 'prediction': 6, 'exit_id': 'after_layer1', 'exit_boundary_id': 4, 'exit_location': 'device', 'confidence': 0.3488982319831848, 'executed_segments_by_node': {'device': [0, 1, 2, 3]}, 'nodes': [{'node': 'device', 'executed_segments': [0, 1, 2, 3], 'queue_s': 0.0, 'segment_compute_s': 0.0710082669975236, 'exit_head_compute_s': 0.001033448992529884, 'exit_check_s': 6.305600982159376e-05, 'worker_elapsed_s': 0.07226782699581236}], 'sample_id': 'balanced_002_0009_00009543', 'label': 2, 'correct': False, 'observed_utility': -0.361496640034602}",balanced_002_0009_00009543,29,9543,14.064261674880981,0.0722993280069204,3.150101110804826e-05,0
0.0933275169954868,0.0933275169954868,0.09336031299608294,0.0933275169954868,1784170652.939021,1784170637.8527873,1784170638.1027873,0.0,0.0,0.0,0.0,0.2705949544906616,0.0,0.0933275169954868,unknown,0.0,0.0,0.0,0.0,0.0,"{'device': [0, 1, 2, 3]}",4,after_layer1,device,False,3,0.0,0.09336031299608294,-0.4668015649804147,0,29d042a97cde4dfc8dd1adfd4db25e80,30,"{'device_compute': 0.0933275169954868, 'd2e_transport': 0.0, 'edge_queue': 0.0, 'edge_segment_compute': 0.0, 'edge_exit_head_compute': 0.0, 'edge_exit_check': 0.0, 'e2c_transport': 0.0, 'cloud_queue': 0.0, 'cloud_segment_compute': 0.0, 'cloud_exit_head_compute': 0.0, 'cloud_exit_check': 0.0, 'total_latency': 0.09336031299608294, 'unattributed_overhead': 3.2796000596135855e-05, 'request_id': '29d042a97cde4dfc8dd1adfd4db25e80', 'user_id': 0, 'prediction': 0, 'exit_id': 'after_layer1', 'exit_boundary_id': 4, 'exit_location': 'device', 'confidence': 0.2705949544906616, 'executed_segments_by_node': {'device': [0, 1, 2, 3]}, 'nodes': [{'node': 'device', 'executed_segments': [0, 1, 2, 3], 'queue_s': 0.0, 'segment_compute_s': 0.09203202999196947, 'exit_head_compute_s': 0.0010378370061516762, 'exit_check_s': 7.05920101609081e-05, 'worker_elapsed_s': 0.0933275169954868}], 'sample_id': 'balanced_003_0000_00001173', 'label': 3, 'correct': False, 'observed_utility': -0.4668015649804147}",balanced_003_0000_00001173,30,1173,14.836233854293823,0.09336031299608294,3.2796000596135855e-05,0
0.08299442200222984,0.08299442200222984,0.08302623700001277,0.08299442200222984,1784170653.9983141,1784170639.662787,1784170639.912787,0.0,0.0,0.0,0.0,0.3114784359931946,0.0,0.08299442200222984,unknown,0.0,0.0,0.0,0.0,0.0,"{'device': [0, 1, 2, 3]}",4,after_layer1,device,False,3,0.0,0.08302623700001277,-0.41513118500006385,6,ea523281e98e443dbe9e90b6e13928ad,31,"{'device_compute': 0.08299442200222984, 'd2e_transport': 0.0, 'edge_queue': 0.0, 'edge_segment_compute': 0.0, 'edge_exit_head_compute': 0.0, 'edge_exit_check': 0.0, 'e2c_transport': 0.0, 'cloud_queue': 0.0, 'cloud_segment_compute': 0.0, 'cloud_exit_head_compute': 0.0, 'cloud_exit_check': 0.0, 'total_latency': 0.08302623700001277, 'unattributed_overhead': 3.181499778293073e-05, 'request_id': 'ea523281e98e443dbe9e90b6e13928ad', 'user_id': 0, 'prediction': 6, 'exit_id': 'after_layer1', 'exit_boundary_id': 4, 'exit_location': 'device', 'confidence': 0.3114784359931946, 'executed_segments_by_node': {'device': [0, 1, 2, 3]}, 'nodes': [{'node': 'device', 'executed_segments': [0, 1, 2, 3], 'queue_s': 0.0, 'segment_compute_s': 0.08148997198441066, 'exit_head_compute_s': 0.0012827089958591387, 'exit_check_s': 6.618499173782766e-05, 'worker_elapsed_s': 0.08299442200222984}], 'sample_id': 'balanced_003_0001_00001883', 'label': 3, 'correct': False, 'observed_utility': -0.41513118500006385}",balanced_003_0001_00001883,31,1883,14.085527181625366,0.08302623700001277,3.181499778293073e-05,0
0.07420194499718491,0.07420194499718491,0.07423244499659631,0.07420194499718491,1784170654.9771824,1784170640.665715,1784170640.915715,0.0,0.0,0.0,0.0,0.29346930980682373,0.0,0.07420194499718491,unknown,0.0,0.0,0.0,0.0,0.0,"{'device': [0, 1, 2, 3]}",4,after_layer1,device,False,3,0.0,0.07423244499659631,-0.37116222498298157,5,648c0d8089df4bfb8ab237887ec28231,32,"{'device_compute': 0.07420194499718491, 'd2e_transport': 0.0, 'edge_queue': 0.0, 'edge_segment_compute': 0.0, 'edge_exit_head_compute': 0.0, 'edge_exit_check': 0.0, 'e2c_transport': 0.0, 'cloud_queue': 0.0, 'cloud_segment_compute': 0.0, 'cloud_exit_head_compute': 0.0, 'cloud_exit_check': 0.0, 'total_latency': 0.07423244499659631, 'unattributed_overhead': 3.0499999411404133e-05, 'request_id': '648c0d8089df4bfb8ab237887ec28231', 'user_id': 0, 'prediction': 5, 'exit_id': 'after_layer1', 'exit_boundary_id': 4, 'exit_location': 'device', 'confidence': 0.29346930980682373, 'executed_segments_by_node': {'device': [0, 1, 2, 3]}, 'nodes': [{'node': 'device', 'executed_segments': [0, 1, 2, 3], 'queue_s': 0.0, 'segment_compute_s': 0.07295362600416411, 'exit_head_compute_s': 0.001033893000567332, 'exit_check_s': 6.414800009224564e-05, 'worker_elapsed_s': 0.07420194499718491}], 'sample_id': 'balanced_003_0002_00001964', 'label': 3, 'correct': False, 'observed_utility': -0.37116222498298157}",balanced_003_0002_00001964,32,1964,14.061467409133911,0.07423244499659631,3.0499999411404133e-05,0
0.0805852089979453,0.0805852089979453,0.08061637599894311,0.0805852089979453,1784170655.9499032,1784170641.6345909,1784170641.8845909,0.0,0.0,0.0,0.0,0.24097977578639984,0.0,0.0805852089979453,unknown,0.0,0.0,0.0,0.0,0.0,"{'device': [0, 1, 2, 3]}",4,after_layer1,device,False,3,0.0,0.08061637599894311,-0.40308187999471556,5,79cf762594b6402f867693533e249f68,33,"{'device_compute': 0.0805852089979453, 'd2e_transport': 0.0, 'edge_queue': 0.0, 'edge_segment_compute': 0.0, 'edge_exit_head_compute': 0.0, 'edge_exit_check': 0.0, 'e2c_transport': 0.0, 'cloud_queue': 0.0, 'cloud_segment_compute': 0.0, 'cloud_exit_head_compute': 0.0, 'cloud_exit_check': 0.0, 'total_latency': 0.08061637599894311, 'unattributed_overhead': 3.1167000997811556e-05, 'request_id': '79cf762594b6402f867693533e249f68', 'user_id': 0, 'prediction': 5, 'exit_id': 'after_layer1', 'exit_boundary_id': 4, 'exit_location': 'device', 'confidence': 0.24097977578639984, 'executed_segments_by_node': {'device': [0, 1, 2, 3]}, 'nodes': [{'node': 'device', 'executed_segments': [0, 1, 2, 3], 'queue_s': 0.0, 'segment_compute_s': 0.07936437001626473, 'exit_head_compute_s': 0.0010046519892057404, 'exit_check_s': 6.218500493559986e-05, 'worker_elapsed_s': 0.0805852089979453}], 'sample_id': 'balanced_003_0003_00002230', 'label': 3, 'correct': False, 'observed_utility': -0.40308187999471556}",balanced_003_0003_00002230,33,2230,14.065312385559082,0.08061637599894311,3.1167000997811556e-05,0
0.08299586600332987,0.08299586600332987,0.08302892200299539,0.08299586600332987,1784170657.628042,1784170642.6135864,1784170642.8635864,0.0,0.0,0.0,0.0,0.2475583255290985,0.0,0.08299586600332987,unknown,0.0,0.0,0.0,0.0,0.0,"{'device': [0, 1, 2, 3]}",4,after_layer1,device,False,3,0.0,0.08302892200299539,-0.41514461001497693,6,1c4ed4c5b6614d37a82bd414f25cda07,34,"{'device_compute': 0.08299586600332987, 'd2e_transport': 0.0, 'edge_queue': 0.0, 'edge_segment_compute': 0.0, 'edge_exit_head_compute': 0.0, 'edge_exit_check': 0.0, 'e2c_transport': 0.0, 'cloud_queue': 0.0, 'cloud_segment_compute': 0.0, 'cloud_exit_head_compute': 0.0, 'cloud_exit_check': 0.0, 'total_latency': 0.08302892200299539, 'unattributed_overhead': 3.3055999665521085e-05, 'request_id': '1c4ed4c5b6614d37a82bd414f25cda07', 'user_id': 0, 'prediction': 6, 'exit_id': 'after_layer1', 'exit_boundary_id': 4, 'exit_location': 'device', 'confidence': 0.2475583255290985, 'executed_segments_by_node': {'device': [0, 1, 2, 3]}, 'nodes': [{'node': 'device', 'executed_segments': [0, 1, 2, 3], 'queue_s': 0.0, 'segment_compute_s': 0.08169417701719794, 'exit_head_compute_s': 0.00107133699930273, 'exit_check_s': 7.455599552486092e-05, 'worker_elapsed_s': 0.08299586600332987}], 'sample_id': 'balanced_003_0004_00005100', 'label': 3, 'correct': False, 'observed_utility': -0.41514461001497693}",balanced_003_0004_00005100,34,5100,14.764455556869507,0.08302892200299539,3.3055999665521085e-05,0
0.08830751499044709,0.08830751499044709,0.08833853399846703,0.08830751499044709,1784170658.6857805,1784170644.373462,1784170644.623462,0.0,0.0,0.0,0.0,0.36276164650917053,0.0,0.08830751499044709,unknown,0.0,0.0,0.0,0.0,0.0,"{'device': [0, 1, 2, 3]}",4,after_layer1,device,True,3,1.0,0.08833853399846703,0.5583073300076649,3,89f3637c5fe6477d9daf04d963071a69,35,"{'device_compute': 0.08830751499044709, 'd2e_transport': 0.0, 'edge_queue': 0.0, 'edge_segment_compute': 0.0, 'edge_exit_head_compute': 0.0, 'edge_exit_check': 0.0, 'e2c_transport': 0.0, 'cloud_queue': 0.0, 'cloud_segment_compute': 0.0, 'cloud_exit_head_compute': 0.0, 'cloud_exit_check': 0.0, 'total_latency': 0.08833853399846703, 'unattributed_overhead': 3.1019008019939065e-05, 'request_id': '89f3637c5fe6477d9daf04d963071a69', 'user_id': 0, 'prediction': 3, 'exit_id': 'after_layer1', 'exit_boundary_id': 4, 'exit_location': 'device', 'confidence': 0.36276164650917053, 'executed_segments_by_node': {'device': [0, 1, 2, 3]}, 'nodes': [{'node': 'device', 'executed_segments': [0, 1, 2, 3], 'queue_s': 0.0, 'segment_compute_s': 0.08705563998955768, 'exit_head_compute_s': 0.001019800009089522, 'exit_check_s': 6.29639980616048e-05, 'worker_elapsed_s': 0.08830751499044709}], 'sample_id': 'balanced_003_0005_00006021', 'label': 3, 'correct': True, 'observed_utility': 0.5583073300076649}",balanced_003_0005_00006021,35,6021,14.062318563461304,0.08833853399846703,3.1019008019939065e-05,0
0.07253815898729954,0.07253815898729954,0.07257032599591184,0.07253815898729954,1784170659.667113,1784170645.3559277,1784170645.6059277,0.0,0.0,0.0,0.0,0.2573424279689789,0.0,0.07253815898729954,unknown,0.0,0.0,0.0,0.0,0.0,"{'device': [0, 1, 2, 3]}",4,after_layer1,device,True,3,1.0,0.07257032599591184,0.6371483700204408,3,d07eaed380684ff4b8c5c2c90f5140eb,36,"{'device_compute': 0.07253815898729954, 'd2e_transport': 0.0, 'edge_queue': 0.0, 'edge_segment_compute': 0.0, 'edge_exit_head_compute': 0.0, 'edge_exit_check': 0.0, 'e2c_transport': 0.0, 'cloud_queue': 0.0, 'cloud_segment_compute': 0.0, 'cloud_exit_head_compute': 0.0, 'cloud_exit_check': 0.0, 'total_latency': 0.07257032599591184, 'unattributed_overhead': 3.2167008612304926e-05, 'request_id': 'd07eaed380684ff4b8c5c2c90f5140eb', 'user_id': 0, 'prediction': 3, 'exit_id': 'after_layer1', 'exit_boundary_id': 4, 'exit_location': 'device', 'confidence': 0.2573424279689789, 'executed_segments_by_node': {'device': [0, 1, 2, 3]}, 'nodes': [{'node': 'device', 'executed_segments': [0, 1, 2, 3], 'queue_s': 0.0, 'segment_compute_s': 0.0712654700037092, 'exit_head_compute_s': 0.0010412639967398718, 'exit_check_s': 7.176000508479774e-05, 'worker_elapsed_s': 0.07253815898729954}], 'sample_id': 'balanced_003_0006_00008012', 'label': 3, 'correct': True, 'observed_utility': 0.6371483700204408}",balanced_003_0006_00008012,36,8012,14.061185359954834,0.07257032599591184,3.2167008612304926e-05,0
0.08254430801025592,0.08254430801025592,0.082575011998415,0.08254430801025592,1784170660.6360288,1784170646.3238628,1784170646.5738628,0.0,0.0,0.0,0.0,0.28651735186576843,0.0,0.08254430801025592,unknown,0.0,0.0,0.0,0.0,0.0,"{'device': [0, 1, 2, 3]}",4,after_layer1,device,False,3,0.0,0.082575011998415,-0.41287505999207497,5,27948124a4b643b2bae268b3d0334eb5,37,"{'device_compute': 0.08254430801025592, 'd2e_transport': 0.0, 'edge_queue': 0.0, 'edge_segment_compute': 0.0, 'edge_exit_head_compute': 0.0, 'edge_exit_check': 0.0, 'e2c_transport': 0.0, 'cloud_queue': 0.0, 'cloud_segment_compute': 0.0, 'cloud_exit_head_compute': 0.0, 'cloud_exit_check': 0.0, 'total_latency': 0.082575011998415, 'unattributed_overhead': 3.070398815907538e-05, 'request_id': '27948124a4b643b2bae268b3d0334eb5', 'user_id': 0, 'prediction': 5, 'exit_id': 'after_layer1', 'exit_boundary_id': 4, 'exit_location': 'device', 'confidence': 0.28651735186576843, 'executed_segments_by_node': {'device': [0, 1, 2, 3]}, 'nodes': [{'node': 'device', 'executed_segments': [0, 1, 2, 3], 'queue_s': 0.0, 'segment_compute_s': 0.08130665600765496, 'exit_head_compute_s': 0.0010233560024062172, 'exit_check_s': 6.18699996266514e-05, 'worker_elapsed_s': 0.08254430801025592}], 'sample_id': 'balanced_003_0007_00008336', 'label': 3, 'correct': False, 'observed_utility': -0.41287505999207497}",balanced_003_0007_00008336,37,8336,14.062165975570679,0.082575011998415,3.070398815907538e-05,0
0.0789883310062578,0.0789883310062578,0.07902014600404073,0.0789883310062578,1784170661.6250293,1784170647.3020082,1784170647.5520082,0.0,0.0,0.0,0.0,0.31873199343681335,0.0,0.0789883310062578,unknown,0.0,0.0,0.0,0.0,0.0,"{'device': [0, 1, 2, 3]}",4,after_layer1,device,True,3,1.0,0.07902014600404073,0.6048992699797964,3,35e8e44f5f224f4fada92b754462a387,38,"{'device_compute': 0.0789883310062578, 'd2e_transport': 0.0, 'edge_queue': 0.0, 'edge_segment_compute': 0.0, 'edge_exit_head_compute': 0.0, 'edge_exit_check': 0.0, 'e2c_transport': 0.0, 'cloud_queue': 0.0, 'cloud_segment_compute': 0.0, 'cloud_exit_head_compute': 0.0, 'cloud_exit_check': 0.0, 'total_latency': 0.07902014600404073, 'unattributed_overhead': 3.181499778293073e-05, 'request_id': '35e8e44f5f224f4fada92b754462a387', 'user_id': 0, 'prediction': 3, 'exit_id': 'after_layer1', 'exit_boundary_id': 4, 'exit_location': 'device', 'confidence': 0.31873199343681335, 'executed_segments_by_node': {'device': [0, 1, 2, 3]}, 'nodes': [{'node': 'device', 'executed_segments': [0, 1, 2, 3], 'queue_s': 0.0, 'segment_compute_s': 0.07776986301178113, 'exit_head_compute_s': 0.0010052630095742643, 'exit_check_s': 6.259299698285758e-05, 'worker_elapsed_s': 0.0789883310062578}], 'sample_id': 'balanced_003_0008_00008343', 'label': 3, 'correct': True, 'observed_utility': 0.6048992699797964}",balanced_003_0008_00008343,38,8343,14.073021173477173,0.07902014600404073,3.181499778293073e-05,0
0.08300240100652445,0.08300240100652445,0.08303399301075842,0.08300240100652445,1784170662.6071444,1784170648.2842329,1784170648.5342329,0.0,0.0,0.0,0.0,0.3019528388977051,0.0,0.08300240100652445,unknown,0.0,0.0,0.0,0.0,0.0,"{'device': [0, 1, 2, 3]}",4,after_layer1,device,False,3,0.0,0.08303399301075842,-0.4151699650537921,7,65ecc86219764dd3aa4245d34393139a,39,"{'device_compute': 0.08300240100652445, 'd2e_transport': 0.0, 'edge_queue': 0.0, 'edge_segment_compute': 0.0, 'edge_exit_head_compute': 0.0, 'edge_exit_check': 0.0, 'e2c_transport': 0.0, 'cloud_queue': 0.0, 'cloud_segment_compute': 0.0, 'cloud_exit_head_compute': 0.0, 'cloud_exit_check': 0.0, 'total_latency': 0.08303399301075842, 'unattributed_overhead': 3.159200423397124e-05, 'request_id': '65ecc86219764dd3aa4245d34393139a', 'user_id': 0, 'prediction': 7, 'exit_id': 'after_layer1', 'exit_boundary_id': 4, 'exit_location': 'device', 'confidence': 0.3019528388977051, 'executed_segments_by_node': {'device': [0, 1, 2, 3]}, 'nodes': [{'node': 'device', 'executed_segments': [0, 1, 2, 3], 'queue_s': 0.0, 'segment_compute_s': 0.08177058097498957, 'exit_head_compute_s': 0.0010164480045204982, 'exit_check_s': 6.320400279946625e-05, 'worker_elapsed_s': 0.08300240100652445}], 'sample_id': 'balanced_003_0009_00008557', 'label': 3, 'correct': False, 'observed_utility': -0.4151699650537921}",balanced_003_0009_00008557,39,8557,14.072911500930786,0.08303399301075842,3.159200423397124e-05,0
0.07635876499989536,0.07635876499989536,0.07638954299909528,0.07635876499989536,1784170663.587234,1784170649.2709374,1784170649.5209374,0.0,0.0,0.0,0.0,0.3174613118171692,0.0,0.07635876499989536,unknown,0.0,0.0,0.0,0.0,0.0,"{'device': [0, 1, 2, 3]}",4,after_layer1,device,True,4,1.0,0.07638954299909528,0.6180522850045236,4,98884a50e18a4e0bb8c2dca876877dfa,40,"{'device_compute': 0.07635876499989536, 'd2e_transport': 0.0, 'edge_queue': 0.0, 'edge_segment_compute': 0.0, 'edge_exit_head_compute': 0.0, 'edge_exit_check': 0.0, 'e2c_transport': 0.0, 'cloud_queue': 0.0, 'cloud_segment_compute': 0.0, 'cloud_exit_head_compute': 0.0, 'cloud_exit_check': 0.0, 'total_latency': 0.07638954299909528, 'unattributed_overhead': 3.077799919992685e-05, 'request_id': '98884a50e18a4e0bb8c2dca876877dfa', 'user_id': 0, 'prediction': 4, 'exit_id': 'after_layer1', 'exit_boundary_id': 4, 'exit_location': 'device', 'confidence': 0.3174613118171692, 'executed_segments_by_node': {'device': [0, 1, 2, 3]}, 'nodes': [{'node': 'device', 'executed_segments': [0, 1, 2, 3], 'queue_s': 0.0, 'segment_compute_s': 0.07509127899538726, 'exit_head_compute_s': 0.0010483749938430265, 'exit_check_s': 6.53710012556985e-05, 'worker_elapsed_s': 0.07635876499989536}], 'sample_id': 'balanced_004_0000_00000930', 'label': 4, 'correct': True, 'observed_utility': 0.6180522850045236}",balanced_004_0000_00000930,40,930,14.066296577453613,0.07638954299909528,3.077799919992685e-05,0
0.08682250799029134,0.08682250799029134,0.0868602479895344,0.08682250799029134,1784170664.5542722,1784170650.2469099,1784170650.4969099,0.0,0.0,0.0,0.0,0.2931863069534302,0.0,0.08682250799029134,unknown,0.0,0.0,0.0,0.0,0.0,"{'device': [0, 1, 2, 3]}",4,after_layer1,device,False,4,0.0,0.0868602479895344,-0.434301239947672,6,e625c4b32b8b484f8d5c81c27e79aff1,41,"{'device_compute': 0.08682250799029134, 'd2e_transport': 0.0, 'edge_queue': 0.0, 'edge_segment_compute': 0.0, 'edge_exit_head_compute': 0.0, 'edge_exit_check': 0.0, 'e2c_transport': 0.0, 'cloud_queue': 0.0, 'cloud_segment_compute': 0.0, 'cloud_exit_head_compute': 0.0, 'cloud_exit_check': 0.0, 'total_latency': 0.0868602479895344, 'unattributed_overhead': 3.7739999243058264e-05, 'request_id': 'e625c4b32b8b484f8d5c81c27e79aff1', 'user_id': 0, 'prediction': 6, 'exit_id': 'after_layer1', 'exit_boundary_id': 4, 'exit_location': 'device', 'confidence': 0.2931863069534302, 'executed_segments_by_node': {'device': [0, 1, 2, 3]}, 'nodes': [{'node': 'device', 'executed_segments': [0, 1, 2, 3], 'queue_s': 0.0, 'segment_compute_s': 0.08550533598463517, 'exit_head_compute_s': 0.001051911007380113, 'exit_check_s': 7.511100557167083e-05, 'worker_elapsed_s': 0.08682250799029134}], 'sample_id': 'balanced_004_0001_00001529', 'label': 4, 'correct': False, 'observed_utility': -0.434301239947672}",balanced_004_0001_00001529,41,1529,14.05736231803894,0.0868602479895344,3.7739999243058264e-05,0
0.07310677100031171,0.07310677100031171,0.07313769699248951,0.07310677100031171,1784170665.546815,1784170651.2229612,1784170651.4729612,0.0,0.0,0.0,0.0,0.23231197893619537,0.0,0.07310677100031171,unknown,0.0,0.0,0.0,0.0,0.0,"{'device': [0, 1, 2, 3]}",4,after_layer1,device,False,4,0.0,0.07313769699248951,-0.36568848496244755,6,c810fcec0bb5412094704554e0e6536e,42,"{'device_compute': 0.07310677100031171, 'd2e_transport': 0.0, 'edge_queue': 0.0, 'edge_segment_compute': 0.0, 'edge_exit_head_compute': 0.0, 'edge_exit_check': 0.0, 'e2c_transport': 0.0, 'cloud_queue': 0.0, 'cloud_segment_compute': 0.0, 'cloud_exit_head_compute': 0.0, 'cloud_exit_check': 0.0, 'total_latency': 0.07313769699248951, 'unattributed_overhead': 3.0925992177799344e-05, 'request_id': 'c810fcec0bb5412094704554e0e6536e', 'user_id': 0, 'prediction': 6, 'exit_id': 'after_layer1', 'exit_boundary_id': 4, 'exit_location': 'device', 'confidence': 0.23231197893619537, 'executed_segments_by_node': {'device': [0, 1, 2, 3]}, 'nodes': [{'node': 'device', 'executed_segments': [0, 1, 2, 3], 'queue_s': 0.0, 'segment_compute_s': 0.07182793400716037, 'exit_head_compute_s': 0.0010196880029980093, 'exit_check_s': 6.440699507948011e-05, 'worker_elapsed_s': 0.07310677100031171}], 'sample_id': 'balanced_004_0002_00002981', 'label': 4, 'correct': False, 'observed_utility': -0.36568848496244755}",balanced_004_0002_00002981,42,2981,14.073853731155396,0.07313769699248951,3.0925992177799344e-05,0
0.08156400600273628,0.08156400600273628,0.08159508000244386,0.08156400600273628,1784170666.5150256,1784170652.2013996,1784170652.4513996,0.0,0.0,0.0,0.0,0.2945069372653961,0.0,0.08156400600273628,unknown,0.0,0.0,0.0,0.0,0.0,"{'device': [0, 1, 2, 3]}",4,after_layer1,device,False,4,0.0,0.08159508000244386,-0.4079754000122193,0,d44d32077f9441638d4aae0f3ed43695,43,"{'device_compute': 0.08156400600273628, 'd2e_transport': 0.0, 'edge_queue': 0.0, 'edge_segment_compute': 0.0, 'edge_exit_head_compute': 0.0, 'edge_exit_check': 0.0, 'e2c_transport': 0.0, 'cloud_queue': 0.0, 'cloud_segment_compute': 0.0, 'cloud_exit_head_compute': 0.0, 'cloud_exit_check': 0.0, 'total_latency': 0.08159508000244386, 'unattributed_overhead': 3.107399970758706e-05, 'request_id': 'd44d32077f9441638d4aae0f3ed43695', 'user_id': 0, 'prediction': 0, 'exit_id': 'after_layer1', 'exit_boundary_id': 4, 'exit_location': 'device', 'confidence': 0.2945069372653961, 'executed_segments_by_node': {'device': [0, 1, 2, 3]}, 'nodes': [{'node': 'device', 'executed_segments': [0, 1, 2, 3], 'queue_s': 0.0, 'segment_compute_s': 0.08031585399294272, 'exit_head_compute_s': 0.0010242629941785708, 'exit_check_s': 6.557500455528498e-05, 'worker_elapsed_s': 0.08156400600273628}], 'sample_id': 'balanced_004_0003_00006634', 'label': 4, 'correct': False, 'observed_utility': -0.4079754000122193}",balanced_004_0003_00006634,43,6634,14.063626050949097,0.08159508000244386,3.107399970758706e-05,0
0.07344145700335503,0.07344145700335503,0.07349375300691463,0.07344145700335503,1784170667.9653366,1784170653.6439133,1784170653.8939133,0.0,0.0,0.0,0.0,0.5105240941047668,0.0,0.07344145700335503,unknown,0.0,0.0,0.0,0.0,0.0,"{'device': [0, 1, 2, 3]}",4,after_layer1,device,False,4,0.0,0.07349375300691463,-0.36746876503457315,3,b4e1a1312b95499aae67f2d35917746c,44,"{'device_compute': 0.07344145700335503, 'd2e_transport': 0.0, 'edge_queue': 0.0, 'edge_segment_compute': 0.0, 'edge_exit_head_compute': 0.0, 'edge_exit_check': 0.0, 'e2c_transport': 0.0, 'cloud_queue': 0.0, 'cloud_segment_compute': 0.0, 'cloud_exit_head_compute': 0.0, 'cloud_exit_check': 0.0, 'total_latency': 0.07349375300691463, 'unattributed_overhead': 5.229600355960429e-05, 'request_id': 'b4e1a1312b95499aae67f2d35917746c', 'user_id': 0, 'prediction': 3, 'exit_id': 'after_layer1', 'exit_boundary_id': 4, 'exit_location': 'device', 'confidence': 0.5105240941047668, 'executed_segments_by_node': {'device': [0, 1, 2, 3]}, 'nodes': [{'node': 'device', 'executed_segments': [0, 1, 2, 3], 'queue_s': 0.0, 'segment_compute_s': 0.0722207850049017, 'exit_head_compute_s': 0.001003466997644864, 'exit_check_s': 6.316699727904052e-05, 'worker_elapsed_s': 0.07344145700335503}], 'sample_id': 'balanced_004_0004_00006941', 'label': 4, 'correct': False, 'observed_utility': -0.36746876503457315}",balanced_004_0004_00006941,44,6941,14.071423292160034,0.07349375300691463,5.229600355960429e-05,0
0.07356599399645347,0.07356599399645347,0.07359658599307295,0.07356599399645347,1784170669.1352491,1784170654.620748,1784170654.870748,0.0,0.0,0.0,0.0,0.3014581501483917,0.0,0.07356599399645347,unknown,0.0,0.0,0.0,0.0,0.0,"{'device': [0, 1, 2, 3]}",4,after_layer1,device,False,4,0.0,0.07359658599307295,-0.36798292996536475,7,6f7d38bd6f68498c91922ba4314f0fea,45,"{'device_compute': 0.07356599399645347, 'd2e_transport': 0.0, 'edge_queue': 0.0, 'edge_segment_compute': 0.0, 'edge_exit_head_compute': 0.0, 'edge_exit_check': 0.0, 'e2c_transport': 0.0, 'cloud_queue': 0.0, 'cloud_segment_compute': 0.0, 'cloud_exit_head_compute': 0.0, 'cloud_exit_check': 0.0, 'total_latency': 0.07359658599307295, 'unattributed_overhead': 3.059199661947787e-05, 'request_id': '6f7d38bd6f68498c91922ba4314f0fea', 'user_id': 0, 'prediction': 7, 'exit_id': 'after_layer1', 'exit_boundary_id': 4, 'exit_location': 'device', 'confidence': 0.3014581501483917, 'executed_segments_by_node': {'device': [0, 1, 2, 3]}, 'nodes': [{'node': 'device', 'executed_segments': [0, 1, 2, 3], 'queue_s': 0.0, 'segment_compute_s': 0.07234560100187082, 'exit_head_compute_s': 0.0010044480004580691, 'exit_check_s': 6.62039965391159e-05, 'worker_elapsed_s': 0.07356599399645347}], 'sample_id': 'balanced_004_0005_00007452', 'label': 4, 'correct': False, 'observed_utility': -0.36798292996536475}",balanced_004_0005_00007452,45,7452,14.264501094818115,0.07359658599307295,3.059199661947787e-05,0
0.08161487500183284,0.08161487500183284,0.0816544670087751,0.08161487500183284,1784170670.2150536,1784170655.894567,1784170656.144567,0.0,0.0,0.0,0.0,0.3598746657371521,0.0,0.08161487500183284,unknown,0.0,0.0,0.0,0.0,0.0,"{'device': [0, 1, 2, 3]}",4,after_layer1,device,True,4,1.0,0.0816544670087751,0.5917276649561245,4,05f2d119854d42de966abfd7b932c652,46,"{'device_compute': 0.08161487500183284, 'd2e_transport': 0.0, 'edge_queue': 0.0, 'edge_segment_compute': 0.0, 'edge_exit_head_compute': 0.0, 'edge_exit_check': 0.0, 'e2c_transport': 0.0, 'cloud_queue': 0.0, 'cloud_segment_compute': 0.0, 'cloud_exit_head_compute': 0.0, 'cloud_exit_check': 0.0, 'total_latency': 0.0816544670087751, 'unattributed_overhead': 3.9592006942257285e-05, 'request_id': '05f2d119854d42de966abfd7b932c652', 'user_id': 0, 'prediction': 4, 'exit_id': 'after_layer1', 'exit_boundary_id': 4, 'exit_location': 'device', 'confidence': 0.3598746657371521, 'executed_segments_by_node': {'device': [0, 1, 2, 3]}, 'nodes': [{'node': 'device', 'executed_segments': [0, 1, 2, 3], 'queue_s': 0.0, 'segment_compute_s': 0.08024222200037912, 'exit_head_compute_s': 0.0010869300022022799, 'exit_check_s': 7.766700582578778e-05, 'worker_elapsed_s': 0.08161487500183284}], 'sample_id': 'balanced_004_0006_00008452', 'label': 4, 'correct': True, 'observed_utility': 0.5917276649561245}",balanced_004_0006_00008452,46,8452,14.070486545562744,0.0816544670087751,3.9592006942257285e-05,0
0.08785872999578714,0.08785872999578714,0.08789054499357007,0.08785872999578714,1784170671.197783,1784170656.8821335,1784170657.1321335,0.0,0.0,0.0,0.0,0.2632506489753723,0.0,0.08785872999578714,unknown,0.0,0.0,0.0,0.0,0.0,"{'device': [0, 1, 2, 3]}",4,after_layer1,device,False,4,0.0,0.08789054499357007,-0.43945272496785037,6,3366d779c62a44c38d1e2babc76dac27,47,"{'device_compute': 0.08785872999578714, 'd2e_transport': 0.0, 'edge_queue': 0.0, 'edge_segment_compute': 0.0, 'edge_exit_head_compute': 0.0, 'edge_exit_check': 0.0, 'e2c_transport': 0.0, 'cloud_queue': 0.0, 'cloud_segment_compute': 0.0, 'cloud_exit_head_compute': 0.0, 'cloud_exit_check': 0.0, 'total_latency': 0.08789054499357007, 'unattributed_overhead': 3.181499778293073e-05, 'request_id': '3366d779c62a44c38d1e2babc76dac27', 'user_id': 0, 'prediction': 6, 'exit_id': 'after_layer1', 'exit_boundary_id': 4, 'exit_location': 'device', 'confidence': 0.2632506489753723, 'executed_segments_by_node': {'device': [0, 1, 2, 3]}, 'nodes': [{'node': 'device', 'executed_segments': [0, 1, 2, 3], 'queue_s': 0.0, 'segment_compute_s': 0.08624070700898301, 'exit_head_compute_s': 0.001391597994370386, 'exit_check_s': 6.677799683529884e-05, 'worker_elapsed_s': 0.08785872999578714}], 'sample_id': 'balanced_004_0007_00008711', 'label': 4, 'correct': False, 'observed_utility': -0.43945272496785037}",balanced_004_0007_00008711,47,8711,14.065649509429932,0.08789054499357007,3.181499778293073e-05,0
0.07214409799780697,0.07214409799780697,0.07217574700189289,0.07214409799780697,1784170672.1909533,1784170657.86564,1784170658.11564,0.0,0.0,0.0,0.0,0.281794935464859,0.0,0.07214409799780697,unknown,0.0,0.0,0.0,0.0,0.0,"{'device': [0, 1, 2, 3]}",4,after_layer1,device,False,4,0.0,0.07217574700189289,-0.36087873500946444,3,336a098474f340f1867606447bae3600,48,"{'device_compute': 0.07214409799780697, 'd2e_transport': 0.0, 'edge_queue': 0.0, 'edge_segment_compute': 0.0, 'edge_exit_head_compute': 0.0, 'edge_exit_check': 0.0, 'e2c_transport': 0.0, 'cloud_queue': 0.0, 'cloud_segment_compute': 0.0, 'cloud_exit_head_compute': 0.0, 'cloud_exit_check': 0.0, 'total_latency': 0.07217574700189289, 'unattributed_overhead': 3.164900408592075e-05, 'request_id': '336a098474f340f1867606447bae3600', 'user_id': 0, 'prediction': 3, 'exit_id': 'after_layer1', 'exit_boundary_id': 4, 'exit_location': 'device', 'confidence': 0.281794935464859, 'executed_segments_by_node': {'device': [0, 1, 2, 3]}, 'nodes': [{'node': 'device', 'executed_segments': [0, 1, 2, 3], 'queue_s': 0.0, 'segment_compute_s': 0.07087766801123507, 'exit_head_compute_s': 0.0010501520009711385, 'exit_check_s': 6.403800216503441e-05, 'worker_elapsed_s': 0.07214409799780697}], 'sample_id': 'balanced_004_0008_00009128', 'label': 4, 'correct': False, 'observed_utility': -0.36087873500946444}",balanced_004_0008_00009128,48,9128,14.075313329696655,0.07217574700189289,3.164900408592075e-05,0
0.07155339200107846,0.07155339200107846,0.0715842260106001,0.07155339200107846,1784170673.4887998,1784170659.1672695,1784170659.4172695,0.0,0.0,0.0,0.0,0.3108009397983551,0.0,0.07155339200107846,unknown,0.0,0.0,0.0,0.0,0.0,"{'device': [0, 1, 2, 3]}",4,after_layer1,device,False,4,0.0,0.0715842260106001,-0.3579211300530005,7,03d4cb2f54094033b4eac5eae4dda717,49,"{'device_compute': 0.07155339200107846, 'd2e_transport': 0.0, 'edge_queue': 0.0, 'edge_segment_compute': 0.0, 'edge_exit_head_compute': 0.0, 'edge_exit_check': 0.0, 'e2c_transport': 0.0, 'cloud_queue': 0.0, 'cloud_segment_compute': 0.0, 'cloud_exit_head_compute': 0.0, 'cloud_exit_check': 0.0, 'total_latency': 0.0715842260106001, 'unattributed_overhead': 3.083400952164084e-05, 'request_id': '03d4cb2f54094033b4eac5eae4dda717', 'user_id': 0, 'prediction': 7, 'exit_id': 'after_layer1', 'exit_boundary_id': 4, 'exit_location': 'device', 'confidence': 0.3108009397983551, 'executed_segments_by_node': {'device': [0, 1, 2, 3]}, 'nodes': [{'node': 'device', 'executed_segments': [0, 1, 2, 3], 'queue_s': 0.0, 'segment_compute_s': 0.07033225797931664, 'exit_head_compute_s': 0.0010092260054079816, 'exit_check_s': 6.24450040049851e-05, 'worker_elapsed_s': 0.07155339200107846}], 'sample_id': 'balanced_004_0009_00009549', 'label': 4, 'correct': False, 'observed_utility': -0.3579211300530005}",balanced_004_0009_00009549,49,9549,14.07153034210205,0.0715842260106001,3.083400952164084e-05,0
0.08013375700102188,0.08013375700102188,0.08016610900813248,0.08013375700102188,1784170674.4698277,1784170660.146406,1784170660.396406,0.0,0.0,0.0,0.0,0.1614179015159607,0.0,0.08013375700102188,unknown,0.0,0.0,0.0,0.0,0.0,"{'device': [0, 1, 2, 3]}",4,after_layer1,device,False,5,0.0,0.08016610900813248,-0.4008305450406624,2,30fbcbdf34f540ee8cf8de1a2bba3e0e,50,"{'device_compute': 0.08013375700102188, 'd2e_transport': 0.0, 'edge_queue': 0.0, 'edge_segment_compute': 0.0, 'edge_exit_head_compute': 0.0, 'edge_exit_check': 0.0, 'e2c_transport': 0.0, 'cloud_queue': 0.0, 'cloud_segment_compute': 0.0, 'cloud_exit_head_compute': 0.0, 'cloud_exit_check': 0.0, 'total_latency': 0.08016610900813248, 'unattributed_overhead': 3.2352007110603154e-05, 'request_id': '30fbcbdf34f540ee8cf8de1a2bba3e0e', 'user_id': 0, 'prediction': 2, 'exit_id': 'after_layer1', 'exit_boundary_id': 4, 'exit_location': 'device', 'confidence': 0.1614179015159607, 'executed_segments_by_node': {'device': [0, 1, 2, 3]}, 'nodes': [{'node': 'device', 'executed_segments': [0, 1, 2, 3], 'queue_s': 0.0, 'segment_compute_s': 0.07889251101005357, 'exit_head_compute_s': 0.0010257260000798851, 'exit_check_s': 6.435200339183211e-05, 'worker_elapsed_s': 0.08013375700102188}], 'sample_id': 'balanced_005_0000_00000262', 'label': 5, 'correct': False, 'observed_utility': -0.4008305450406624}",balanced_005_0000_00000262,50,262,14.073421716690063,0.08016610900813248,3.2352007110603154e-05,0
0.08168563299113885,0.08168563299113885,0.08171861399023328,0.08168563299113885,1784170675.4559214,1784170661.131344,1784170661.381344,0.0,0.0,0.0,0.0,0.3058786690235138,0.0,0.08168563299113885,unknown,0.0,0.0,0.0,0.0,0.0,"{'device': [0, 1, 2, 3]}",4,after_layer1,device,False,5,0.0,0.08171861399023328,-0.4085930699511664,2,3ea0019b11ae4a02b26981f0f604f726,51,"{'device_compute': 0.08168563299113885, 'd2e_transport': 0.0, 'edge_queue': 0.0, 'edge_segment_compute': 0.0, 'edge_exit_head_compute': 0.0, 'edge_exit_check': 0.0, 'e2c_transport': 0.0, 'cloud_queue': 0.0, 'cloud_segment_compute': 0.0, 'cloud_exit_head_compute': 0.0, 'cloud_exit_check': 0.0, 'total_latency': 0.08171861399023328, 'unattributed_overhead': 3.298099909443408e-05, 'request_id': '3ea0019b11ae4a02b26981f0f604f726', 'user_id': 0, 'prediction': 2, 'exit_id': 'after_layer1', 'exit_boundary_id': 4, 'exit_location': 'device', 'confidence': 0.3058786690235138, 'executed_segments_by_node': {'device': [0, 1, 2, 3]}, 'nodes': [{'node': 'device', 'executed_segments': [0, 1, 2, 3], 'queue_s': 0.0, 'segment_compute_s': 0.08043270101188682, 'exit_head_compute_s': 0.0010168739972868934, 'exit_check_s': 6.007400224916637e-05, 'worker_elapsed_s': 0.08168563299113885}], 'sample_id': 'balanced_005_0001_00001337', 'label': 5, 'correct': False, 'observed_utility': -0.4085930699511664}",balanced_005_0001_00001337,51,1337,14.074577331542969,0.08171861399023328,3.298099909443408e-05,0
0.0804674429964507,0.0804674429964507,0.08049705399025697,0.0804674429964507,1784170677.1993926,1784170662.1201477,1784170662.3701477,0.0,0.0,0.0,0.0,0.37280216813087463,0.0,0.0804674429964507,unknown,0.0,0.0,0.0,0.0,0.0,"{'device': [0, 1, 2, 3]}",4,after_layer1,device,False,5,0.0,0.08049705399025697,-0.40248526995128486,9,c526bad014b040a7945ef7a306d10cbb,52,"{'device_compute': 0.0804674429964507, 'd2e_transport': 0.0, 'edge_queue': 0.0, 'edge_segment_compute': 0.0, 'edge_exit_head_compute': 0.0, 'edge_exit_check': 0.0, 'e2c_transport': 0.0, 'cloud_queue': 0.0, 'cloud_segment_compute': 0.0, 'cloud_exit_head_compute': 0.0, 'cloud_exit_check': 0.0, 'total_latency': 0.08049705399025697, 'unattributed_overhead': 2.9610993806272745e-05, 'request_id': 'c526bad014b040a7945ef7a306d10cbb', 'user_id': 0, 'prediction': 9, 'exit_id': 'after_layer1', 'exit_boundary_id': 4, 'exit_location': 'device', 'confidence': 0.37280216813087463, 'executed_segments_by_node': {'device': [0, 1, 2, 3]}, 'nodes': [{'node': 'device', 'executed_segments': [0, 1, 2, 3], 'queue_s': 0.0, 'segment_compute_s': 0.07918923400575295, 'exit_head_compute_s': 0.001006410995614715, 'exit_check_s': 6.648201087955385e-05, 'worker_elapsed_s': 0.0804674429964507}], 'sample_id': 'balanced_005_0002_00001527', 'label': 5, 'correct': False, 'observed_utility': -0.40248526995128486}",balanced_005_0002_00001527,52,1527,14.82924485206604,0.08049705399025697,2.9610993806272745e-05,0
0.07350449099612888,0.07350449099612888,0.07353584299562499,0.07350449099612888,1784170678.463101,1784170664.15408,1784170664.40408,0.0,0.0,0.0,0.0,0.3127228915691376,0.0,0.07350449099612888,unknown,0.0,0.0,0.0,0.0,0.0,"{'device': [0, 1, 2, 3]}",4,after_layer1,device,False,5,0.0,0.07353584299562499,-0.36767921497812495,9,ff70705e4821496bb35405476579278d,53,"{'device_compute': 0.07350449099612888, 'd2e_transport': 0.0, 'edge_queue': 0.0, 'edge_segment_compute': 0.0, 'edge_exit_head_compute': 0.0, 'edge_exit_check': 0.0, 'e2c_transport': 0.0, 'cloud_queue': 0.0, 'cloud_segment_compute': 0.0, 'cloud_exit_head_compute': 0.0, 'cloud_exit_check': 0.0, 'total_latency': 0.07353584299562499, 'unattributed_overhead': 3.1351999496109784e-05, 'request_id': 'ff70705e4821496bb35405476579278d', 'user_id': 0, 'prediction': 9, 'exit_id': 'after_layer1', 'exit_boundary_id': 4, 'exit_location': 'device', 'confidence': 0.3127228915691376, 'executed_segments_by_node': {'device': [0, 1, 2, 3]}, 'nodes': [{'node': 'device', 'executed_segments': [0, 1, 2, 3], 'queue_s': 0.0, 'segment_compute_s': 0.07226606098993216, 'exit_head_compute_s': 0.0010224300058325753, 'exit_check_s': 6.288901204243302e-05, 'worker_elapsed_s': 0.07350449099612888}], 'sample_id': 'balanced_005_0003_00002154', 'label': 5, 'correct': False, 'observed_utility': -0.36767921497812495}",balanced_005_0003_00002154,53,2154,14.05902099609375,0.07353584299562499,3.1351999496109784e-05,0
0.07945141999516636,0.07945141999516636,0.07948423500056379,0.07945141999516636,1784170679.43621,1784170665.1193185,1784170665.3693185,0.0,0.0,0.0,0.0,0.21044807136058807,0.0,0.07945141999516636,unknown,0.0,0.0,0.0,0.0,0.0,"{'device': [0, 1, 2, 3]}",4,after_layer1,device,True,5,1.0,0.07948423500056379,0.6025788249971811,5,eb52da00e1f6484b96d69a77709bae3a,54,"{'device_compute': 0.07945141999516636, 'd2e_transport': 0.0, 'edge_queue': 0.0, 'edge_segment_compute': 0.0, 'edge_exit_head_compute': 0.0, 'edge_exit_check': 0.0, 'e2c_transport': 0.0, 'cloud_queue': 0.0, 'cloud_segment_compute': 0.0, 'cloud_exit_head_compute': 0.0, 'cloud_exit_check': 0.0, 'total_latency': 0.07948423500056379, 'unattributed_overhead': 3.28150053974241e-05, 'request_id': 'eb52da00e1f6484b96d69a77709bae3a', 'user_id': 0, 'prediction': 5, 'exit_id': 'after_layer1', 'exit_boundary_id': 4, 'exit_location': 'device', 'confidence': 0.21044807136058807, 'executed_segments_by_node': {'device': [0, 1, 2, 3]}, 'nodes': [{'node': 'device', 'executed_segments': [0, 1, 2, 3], 'queue_s': 0.0, 'segment_compute_s': 0.07817924799746834, 'exit_head_compute_s': 0.0010389300005044788, 'exit_check_s': 6.298201333265752e-05, 'worker_elapsed_s': 0.07945141999516636}], 'sample_id': 'balanced_005_0004_00004530', 'label': 5, 'correct': True, 'observed_utility': 0.6025788249971811}",balanced_005_0004_00004530,54,4530,14.066891431808472,0.07948423500056379,3.28150053974241e-05,0
0.07360417599556968,0.07360417599556968,0.07363528700079769,0.07360417599556968,1784170680.4117143,1784170666.0975742,1784170666.3475742,0.0,0.0,0.0,0.0,0.28774741291999817,0.0,0.07360417599556968,unknown,0.0,0.0,0.0,0.0,0.0,"{'device': [0, 1, 2, 3]}",4,after_layer1,device,False,5,0.0,0.07363528700079769,-0.36817643500398844,3,facd0b302375449a8c5dd3c7f9660ff9,55,"{'device_compute': 0.07360417599556968, 'd2e_transport': 0.0, 'edge_queue': 0.0, 'edge_segment_compute': 0.0, 'edge_exit_head_compute': 0.0, 'edge_exit_check': 0.0, 'e2c_transport': 0.0, 'cloud_queue': 0.0, 'cloud_segment_compute': 0.0, 'cloud_exit_head_compute': 0.0, 'cloud_exit_check': 0.0, 'total_latency': 0.07363528700079769, 'unattributed_overhead': 3.11110052280128e-05, 'request_id': 'facd0b302375449a8c5dd3c7f9660ff9', 'user_id': 0, 'prediction': 3, 'exit_id': 'after_layer1', 'exit_boundary_id': 4, 'exit_location': 'device', 'confidence': 0.28774741291999817, 'executed_segments_by_node': {'device': [0, 1, 2, 3]}, 'nodes': [{'node': 'device', 'executed_segments': [0, 1, 2, 3], 'queue_s': 0.0, 'segment_compute_s': 0.07235939500969835, 'exit_head_compute_s': 0.0010307820048183203, 'exit_check_s': 6.261200178414583e-05, 'worker_elapsed_s': 0.07360417599556968}], 'sample_id': 'balanced_005_0005_00006183', 'label': 5, 'correct': False, 'observed_utility': -0.36817643500398844}",balanced_005_0005_00006183,55,6183,14.06414008140564,0.07363528700079769,3.11110052280128e-05,0
0.07911721400159877,0.07911721400159877,0.07915004700771533,0.07911721400159877,1784170681.3738267,1784170667.0682218,1784170667.3182218,0.0,0.0,0.0,0.0,0.17418499290943146,0.0,0.07911721400159877,unknown,0.0,0.0,0.0,0.0,0.0,"{'device': [0, 1, 2, 3]}",4,after_layer1,device,False,5,0.0,0.07915004700771533,-0.39575023503857665,1,b816e3b690ad45959764cbaccbed125a,56,"{'device_compute': 0.07911721400159877, 'd2e_transport': 0.0, 'edge_queue': 0.0, 'edge_segment_compute': 0.0, 'edge_exit_head_compute': 0.0, 'edge_exit_check': 0.0, 'e2c_transport': 0.0, 'cloud_queue': 0.0, 'cloud_segment_compute': 0.0, 'cloud_exit_head_compute': 0.0, 'cloud_exit_check': 0.0, 'total_latency': 0.07915004700771533, 'unattributed_overhead': 3.283300611656159e-05, 'request_id': 'b816e3b690ad45959764cbaccbed125a', 'user_id': 0, 'prediction': 1, 'exit_id': 'after_layer1', 'exit_boundary_id': 4, 'exit_location': 'device', 'confidence': 0.17418499290943146, 'executed_segments_by_node': {'device': [0, 1, 2, 3]}, 'nodes': [{'node': 'device', 'executed_segments': [0, 1, 2, 3], 'queue_s': 0.0, 'segment_compute_s': 0.07782222700188868, 'exit_head_compute_s': 0.00104791100602597, 'exit_check_s': 6.88339932821691e-05, 'worker_elapsed_s': 0.07911721400159877}], 'sample_id': 'balanced_005_0006_00006646', 'label': 5, 'correct': False, 'observed_utility': -0.39575023503857665}",balanced_005_0006_00006646,56,6646,14.055604934692383,0.07915004700771533,3.283300611656159e-05,0
0.07310358100221492,0.07310358100221492,0.07313572900602594,0.07310358100221492,1784170682.5510879,1784170668.0346148,1784170668.2846148,0.0,0.0,0.0,0.0,0.30064454674720764,0.0,0.07310358100221492,unknown,0.0,0.0,0.0,0.0,0.0,"{'device': [0, 1, 2, 3]}",4,after_layer1,device,True,5,1.0,0.07313572900602594,0.6343213549698703,5,2cda55029694427bb758f59f4794a859,57,"{'device_compute': 0.07310358100221492, 'd2e_transport': 0.0, 'edge_queue': 0.0, 'edge_segment_compute': 0.0, 'edge_exit_head_compute': 0.0, 'edge_exit_check': 0.0, 'e2c_transport': 0.0, 'cloud_queue': 0.0, 'cloud_segment_compute': 0.0, 'cloud_exit_head_compute': 0.0, 'cloud_exit_check': 0.0, 'total_latency': 0.07313572900602594, 'unattributed_overhead': 3.214800381101668e-05, 'request_id': '2cda55029694427bb758f59f4794a859', 'user_id': 0, 'prediction': 5, 'exit_id': 'after_layer1', 'exit_boundary_id': 4, 'exit_location': 'device', 'confidence': 0.30064454674720764, 'executed_segments_by_node': {'device': [0, 1, 2, 3]}, 'nodes': [{'node': 'device', 'executed_segments': [0, 1, 2, 3], 'queue_s': 0.0, 'segment_compute_s': 0.07176574299228378, 'exit_head_compute_s': 0.0011104479926871136, 'exit_check_s': 6.535199645441025e-05, 'worker_elapsed_s': 0.07310358100221492}], 'sample_id': 'balanced_005_0007_00007331', 'label': 5, 'correct': True, 'observed_utility': 0.6343213549698703}",balanced_005_0007_00007331,57,7331,14.266473054885864,0.07313572900602594,3.214800381101668e-05,0
0.0789071379986126,0.0789071379986126,0.07893998999497853,0.0789071379986126,1784170683.5207124,1784170669.206451,1784170669.456451,0.0,0.0,0.0,0.0,0.24505585432052612,0.0,0.0789071379986126,unknown,0.0,0.0,0.0,0.0,0.0,"{'device': [0, 1, 2, 3]}",4,after_layer1,device,False,5,0.0,0.07893998999497853,-0.39469994997489266,3,d89f4ce6a88e473d877a9768a83b9f3b,58,"{'device_compute': 0.0789071379986126, 'd2e_transport': 0.0, 'edge_queue': 0.0, 'edge_segment_compute': 0.0, 'edge_exit_head_compute': 0.0, 'edge_exit_check': 0.0, 'e2c_transport': 0.0, 'cloud_queue': 0.0, 'cloud_segment_compute': 0.0, 'cloud_exit_head_compute': 0.0, 'cloud_exit_check': 0.0, 'total_latency': 0.07893998999497853, 'unattributed_overhead': 3.285199636593461e-05, 'request_id': 'd89f4ce6a88e473d877a9768a83b9f3b', 'user_id': 0, 'prediction': 3, 'exit_id': 'after_layer1', 'exit_boundary_id': 4, 'exit_location': 'device', 'confidence': 0.24505585432052612, 'executed_segments_by_node': {'device': [0, 1, 2, 3]}, 'nodes': [{'node': 'device', 'executed_segments': [0, 1, 2, 3], 'queue_s': 0.0, 'segment_compute_s': 0.07760970899835229, 'exit_head_compute_s': 0.0010656890081008896, 'exit_check_s': 7.287100015673786e-05, 'worker_elapsed_s': 0.0789071379986126}], 'sample_id': 'balanced_005_0008_00007538', 'label': 5, 'correct': False, 'observed_utility': -0.39469994997489266}",balanced_005_0008_00007538,58,7538,14.064261436462402,0.07893998999497853,3.285199636593461e-05,0
0.07238372499705292,0.07238372499705292,0.07241581799462438,0.07238372499705292,1784170684.494244,1784170670.1822443,1784170670.4322443,0.0,0.0,0.0,0.0,0.19907864928245544,0.0,0.07238372499705292,unknown,0.0,0.0,0.0,0.0,0.0,"{'device': [0, 1, 2, 3]}",4,after_layer1,device,False,5,0.0,0.07241581799462438,-0.3620790899731219,3,42021a14980744a8a080ba82fd110ae5,59,"{'device_compute': 0.07238372499705292, 'd2e_transport': 0.0, 'edge_queue': 0.0, 'edge_segment_compute': 0.0, 'edge_exit_head_compute': 0.0, 'edge_exit_check': 0.0, 'e2c_transport': 0.0, 'cloud_queue': 0.0, 'cloud_segment_compute': 0.0, 'cloud_exit_head_compute': 0.0, 'cloud_exit_check': 0.0, 'total_latency': 0.07241581799462438, 'unattributed_overhead': 3.209299757145345e-05, 'request_id': '42021a14980744a8a080ba82fd110ae5', 'user_id': 0, 'prediction': 3, 'exit_id': 'after_layer1', 'exit_boundary_id': 4, 'exit_location': 'device', 'confidence': 0.19907864928245544, 'executed_segments_by_node': {'device': [0, 1, 2, 3]}, 'nodes': [{'node': 'device', 'executed_segments': [0, 1, 2, 3], 'queue_s': 0.0, 'segment_compute_s': 0.07115344399062451, 'exit_head_compute_s': 0.00101476299460046, 'exit_check_s': 6.183399818837643e-05, 'worker_elapsed_s': 0.07238372499705292}], 'sample_id': 'balanced_005_0009_00009922', 'label': 5, 'correct': False, 'observed_utility': -0.3620790899731219}",balanced_005_0009_00009922,59,9922,14.061999797821045,0.07241581799462438,3.209299757145345e-05,0
0.0742696950037498,0.0742696950037498,0.07430349200149067,0.0742696950037498,1784170686.3481803,1784170671.8540788,1784170672.1040788,0.0,0.0,0.0,0.0,0.17086850106716156,0.0,0.0742696950037498,unknown,0.0,0.0,0.0,0.0,0.0,"{'device': [0, 1, 2, 3]}",4,after_layer1,device,False,6,0.0,0.07430349200149067,-0.37151746000745334,7,8982d040f9c74438b8295f216663836a,60,"{'device_compute': 0.0742696950037498, 'd2e_transport': 0.0, 'edge_queue': 0.0, 'edge_segment_compute': 0.0, 'edge_exit_head_compute': 0.0, 'edge_exit_check': 0.0, 'e2c_transport': 0.0, 'cloud_queue': 0.0, 'cloud_segment_compute': 0.0, 'cloud_exit_head_compute': 0.0, 'cloud_exit_check': 0.0, 'total_latency': 0.07430349200149067, 'unattributed_overhead': 3.3796997740864754e-05, 'request_id': '8982d040f9c74438b8295f216663836a', 'user_id': 0, 'prediction': 7, 'exit_id': 'after_layer1', 'exit_boundary_id': 4, 'exit_location': 'device', 'confidence': 0.17086850106716156, 'executed_segments_by_node': {'device': [0, 1, 2, 3]}, 'nodes': [{'node': 'device', 'executed_segments': [0, 1, 2, 3], 'queue_s': 0.0, 'segment_compute_s': 0.07301378199190367, 'exit_head_compute_s': 0.001028558996040374, 'exit_check_s': 7.074100722093135e-05, 'worker_elapsed_s': 0.0742696950037498}], 'sample_id': 'balanced_006_0000_00000762', 'label': 6, 'correct': False, 'observed_utility': -0.37151746000745334}",balanced_006_0000_00000762,60,762,14.244101524353027,0.07430349200149067,3.3796997740864754e-05,0
0.09206585100037046,0.09206585100037046,0.09210085199447349,0.09206585100037046,1784170687.647084,1784170673.2744877,1784170673.5244877,0.0,0.0,0.0,0.0,0.19379062950611115,0.0,0.09206585100037046,unknown,0.0,0.0,0.0,0.0,0.0,"{'device': [0, 1, 2, 3]}",4,after_layer1,device,False,6,0.0,0.09210085199447349,-0.46050425997236744,3,84656c1d27ac442bb82925d51807bd17,61,"{'device_compute': 0.09206585100037046, 'd2e_transport': 0.0, 'edge_queue': 0.0, 'edge_segment_compute': 0.0, 'edge_exit_head_compute': 0.0, 'edge_exit_check': 0.0, 'e2c_transport': 0.0, 'cloud_queue': 0.0, 'cloud_segment_compute': 0.0, 'cloud_exit_head_compute': 0.0, 'cloud_exit_check': 0.0, 'total_latency': 0.09210085199447349, 'unattributed_overhead': 3.500099410302937e-05, 'request_id': '84656c1d27ac442bb82925d51807bd17', 'user_id': 0, 'prediction': 3, 'exit_id': 'after_layer1', 'exit_boundary_id': 4, 'exit_location': 'device', 'confidence': 0.19379062950611115, 'executed_segments_by_node': {'device': [0, 1, 2, 3]}, 'nodes': [{'node': 'device', 'executed_segments': [0, 1, 2, 3], 'queue_s': 0.0, 'segment_compute_s': 0.09074903199507389, 'exit_head_compute_s': 0.0010479850025149062, 'exit_check_s': 8.477800292894244e-05, 'worker_elapsed_s': 0.09206585100037046}], 'sample_id': 'balanced_006_0001_00000965', 'label': 6, 'correct': False, 'observed_utility': -0.46050425997236744}",balanced_006_0001_00000965,61,965,14.122596263885498,0.09210085199447349,3.500099410302937e-05,0
0.07524705000105314,0.07524705000105314,0.07527980899612885,0.07524705000105314,1784170688.7716298,1784170674.4356468,1784170674.6856468,0.0,0.0,0.0,0.0,0.22749073803424835,0.0,0.07524705000105314,unknown,0.0,0.0,0.0,0.0,0.0,"{'device': [0, 1, 2, 3]}",4,after_layer1,device,True,6,1.0,0.07527980899612885,0.6236009550193558,6,b1dfb6aee97a4acb9d7d138c43783ce7,62,"{'device_compute': 0.07524705000105314, 'd2e_transport': 0.0, 'edge_queue': 0.0, 'edge_segment_compute': 0.0, 'edge_exit_head_compute': 0.0, 'edge_exit_check': 0.0, 'e2c_transport': 0.0, 'cloud_queue': 0.0, 'cloud_segment_compute': 0.0, 'cloud_exit_head_compute': 0.0, 'cloud_exit_check': 0.0, 'total_latency': 0.07527980899612885, 'unattributed_overhead': 3.275899507571012e-05, 'request_id': 'b1dfb6aee97a4acb9d7d138c43783ce7', 'user_id': 0, 'prediction': 6, 'exit_id': 'after_layer1', 'exit_boundary_id': 4, 'exit_location': 'device', 'confidence': 0.22749073803424835, 'executed_segments_by_node': {'device': [0, 1, 2, 3]}, 'nodes': [{'node': 'device', 'executed_segments': [0, 1, 2, 3], 'queue_s': 0.0, 'segment_compute_s': 0.07397910101281013, 'exit_head_compute_s': 0.0010392450058134273, 'exit_check_s': 6.72590103931725e-05, 'worker_elapsed_s': 0.07524705000105314}], 'sample_id': 'balanced_006_0002_00001572', 'label': 6, 'correct': True, 'observed_utility': 0.6236009550193558}",balanced_006_0002_00001572,62,1572,14.085983037948608,0.07527980899612885,3.275899507571012e-05,0
0.08277576199907344,0.08277576199907344,0.08280798399937339,0.08277576199907344,1784170690.1770654,1784170675.8544176,1784170676.1044176,0.0,0.0,0.0,0.0,0.28401416540145874,0.0,0.08277576199907344,unknown,0.0,0.0,0.0,0.0,0.0,"{'device': [0, 1, 2, 3]}",4,after_layer1,device,False,6,0.0,0.08280798399937339,-0.41403991999686696,1,aed237cace8d4ea484010701aed81a59,63,"{'device_compute': 0.08277576199907344, 'd2e_transport': 0.0, 'edge_queue': 0.0, 'edge_segment_compute': 0.0, 'edge_exit_head_compute': 0.0, 'edge_exit_check': 0.0, 'e2c_transport': 0.0, 'cloud_queue': 0.0, 'cloud_segment_compute': 0.0, 'cloud_exit_head_compute': 0.0, 'cloud_exit_check': 0.0, 'total_latency': 0.08280798399937339, 'unattributed_overhead': 3.2222000299952924e-05, 'request_id': 'aed237cace8d4ea484010701aed81a59', 'user_id': 0, 'prediction': 1, 'exit_id': 'after_layer1', 'exit_boundary_id': 4, 'exit_location': 'device', 'confidence': 0.28401416540145874, 'executed_segments_by_node': {'device': [0, 1, 2, 3]}, 'nodes': [{'node': 'device', 'executed_segments': [0, 1, 2, 3], 'queue_s': 0.0, 'segment_compute_s': 0.08078945800662041, 'exit_head_compute_s': 0.0017627470078878105, 'exit_check_s': 6.355499499477446e-05, 'worker_elapsed_s': 0.08277576199907344}], 'sample_id': 'balanced_006_0003_00001975', 'label': 6, 'correct': False, 'observed_utility': -0.41403991999686696}",balanced_006_0003_00001975,63,1975,14.0726478099823,0.08280798399937339,3.2222000299952924e-05,0
0.07435028700274415,0.07435028700274415,0.07438343499961775,0.07435028700274415,1784170691.15581,1784170676.840523,1784170677.090523,0.0,0.0,0.0,0.0,0.707257091999054,0.0,0.07435028700274415,unknown,0.0,0.0,0.0,0.0,0.0,"{'device': [0, 1, 2, 3]}",4,after_layer1,device,True,6,1.0,0.07438343499961775,0.6280828250019113,6,a9c7c5f9936e41b48f05e55cea659859,64,"{'device_compute': 0.07435028700274415, 'd2e_transport': 0.0, 'edge_queue': 0.0, 'edge_segment_compute': 0.0, 'edge_exit_head_compute': 0.0, 'edge_exit_check': 0.0, 'e2c_transport': 0.0, 'cloud_queue': 0.0, 'cloud_segment_compute': 0.0, 'cloud_exit_head_compute': 0.0, 'cloud_exit_check': 0.0, 'total_latency': 0.07438343499961775, 'unattributed_overhead': 3.314799687359482e-05, 'request_id': 'a9c7c5f9936e41b48f05e55cea659859', 'user_id': 0, 'prediction': 6, 'exit_id': 'after_layer1', 'exit_boundary_id': 4, 'exit_location': 'device', 'confidence': 0.707257091999054, 'executed_segments_by_node': {'device': [0, 1, 2, 3]}, 'nodes': [{'node': 'device', 'executed_segments': [0, 1, 2, 3], 'queue_s': 0.0, 'segment_compute_s': 0.07309956001699902, 'exit_head_compute_s': 0.0010254289954900742, 'exit_check_s': 7.155598723329604e-05, 'worker_elapsed_s': 0.07435028700274415}], 'sample_id': 'balanced_006_0004_00003212', 'label': 6, 'correct': True, 'observed_utility': 0.6280828250019113}",balanced_006_0004_00003212,64,3212,14.065287113189697,0.07438343499961775,3.314799687359482e-05,0
0.0728627070056973,0.0728627070056973,0.0728938179963734,0.0728627070056973,1784170692.3569078,1784170677.8143651,1784170678.0643651,0.0,0.0,0.0,0.0,0.6083092093467712,0.0,0.0728627070056973,unknown,0.0,0.0,0.0,0.0,0.0,"{'device': [0, 1, 2, 3]}",4,after_layer1,device,True,6,1.0,0.0728938179963734,0.635530910018133,6,af6a21e9dc964f5891351d68b77806f2,65,"{'device_compute': 0.0728627070056973, 'd2e_transport': 0.0, 'edge_queue': 0.0, 'edge_segment_compute': 0.0, 'edge_exit_head_compute': 0.0, 'edge_exit_check': 0.0, 'e2c_transport': 0.0, 'cloud_queue': 0.0, 'cloud_segment_compute': 0.0, 'cloud_exit_head_compute': 0.0, 'cloud_exit_check': 0.0, 'total_latency': 0.0728938179963734, 'unattributed_overhead': 3.111099067609757e-05, 'request_id': 'af6a21e9dc964f5891351d68b77806f2', 'user_id': 0, 'prediction': 6, 'exit_id': 'after_layer1', 'exit_boundary_id': 4, 'exit_location': 'device', 'confidence': 0.6083092093467712, 'executed_segments_by_node': {'device': [0, 1, 2, 3]}, 'nodes': [{'node': 'device', 'executed_segments': [0, 1, 2, 3], 'queue_s': 0.0, 'segment_compute_s': 0.0716013519995613, 'exit_head_compute_s': 0.0010400770115666091, 'exit_check_s': 6.207400292623788e-05, 'worker_elapsed_s': 0.0728627070056973}], 'sample_id': 'balanced_006_0005_00005284', 'label': 6, 'correct': True, 'observed_utility': 0.635530910018133}",balanced_006_0005_00005284,65,5284,14.292542695999146,0.0728938179963734,3.111099067609757e-05,0
0.08712231300887652,0.08712231300887652,0.08715999800188001,0.08712231300887652,1784170693.4986877,1784170679.1823032,1784170679.4323032,0.0,0.0,0.0,0.0,0.2684886157512665,0.0,0.08712231300887652,unknown,0.0,0.0,0.0,0.0,0.0,"{'device': [0, 1, 2, 3]}",4,after_layer1,device,True,6,1.0,0.08715999800188001,0.5642000099905999,6,020dfbb302fb43fd8d4f3c1676c265ed,66,"{'device_compute': 0.08712231300887652, 'd2e_transport': 0.0, 'edge_queue': 0.0, 'edge_segment_compute': 0.0, 'edge_exit_head_compute': 0.0, 'edge_exit_check': 0.0, 'e2c_transport': 0.0, 'cloud_queue': 0.0, 'cloud_segment_compute': 0.0, 'cloud_exit_head_compute': 0.0, 'cloud_exit_check': 0.0, 'total_latency': 0.08715999800188001, 'unattributed_overhead': 3.768499300349504e-05, 'request_id': '020dfbb302fb43fd8d4f3c1676c265ed', 'user_id': 0, 'prediction': 6, 'exit_id': 'after_layer1', 'exit_boundary_id': 4, 'exit_location': 'device', 'confidence': 0.2684886157512665, 'executed_segments_by_node': {'device': [0, 1, 2, 3]}, 'nodes': [{'node': 'device', 'executed_segments': [0, 1, 2, 3], 'queue_s': 0.0, 'segment_compute_s': 0.08579558599740267, 'exit_head_compute_s': 0.001056152003002353, 'exit_check_s': 7.455601007677615e-05, 'worker_elapsed_s': 0.08712231300887652}], 'sample_id': 'balanced_006_0006_00005388', 'label': 6, 'correct': True, 'observed_utility': 0.5642000099905999}",balanced_006_0006_00005388,66,5388,14.066384553909302,0.08715999800188001,3.768499300349504e-05,0
0.07369274699885864,0.07369274699885864,0.07372387600480579,0.07369274699885864,1784170694.4825306,1784170680.1701498,1784170680.4201498,0.0,0.0,0.0,0.0,0.2888548672199249,0.0,0.07369274699885864,unknown,0.0,0.0,0.0,0.0,0.0,"{'device': [0, 1, 2, 3]}",4,after_layer1,device,False,6,0.0,0.07372387600480579,-0.36861938002402894,5,d1e9c5efd6474790b913fbcb26b06ced,67,"{'device_compute': 0.07369274699885864, 'd2e_transport': 0.0, 'edge_queue': 0.0, 'edge_segment_compute': 0.0, 'edge_exit_head_compute': 0.0, 'edge_exit_check': 0.0, 'e2c_transport': 0.0, 'cloud_queue': 0.0, 'cloud_segment_compute': 0.0, 'cloud_exit_head_compute': 0.0, 'cloud_exit_check': 0.0, 'total_latency': 0.07372387600480579, 'unattributed_overhead': 3.112900594715029e-05, 'request_id': 'd1e9c5efd6474790b913fbcb26b06ced', 'user_id': 0, 'prediction': 5, 'exit_id': 'after_layer1', 'exit_boundary_id': 4, 'exit_location': 'device', 'confidence': 0.2888548672199249, 'executed_segments_by_node': {'device': [0, 1, 2, 3]}, 'nodes': [{'node': 'device', 'executed_segments': [0, 1, 2, 3], 'queue_s': 0.0, 'segment_compute_s': 0.07249229701119475, 'exit_head_compute_s': 0.0009788369934540242, 'exit_check_s': 6.44999963697046e-05, 'worker_elapsed_s': 0.07369274699885864}], 'sample_id': 'balanced_006_0007_00006605', 'label': 6, 'correct': False, 'observed_utility': -0.36861938002402894}",balanced_006_0007_00006605,67,6605,14.06238079071045,0.07372387600480579,3.112900594715029e-05,0
0.07327202300075442,0.07327202300075442,0.07330472600006033,0.07327202300075442,1784170695.7209964,1784170681.3968375,1784170681.6468375,0.0,0.0,0.0,0.0,0.2647753953933716,0.0,0.07327202300075442,unknown,0.0,0.0,0.0,0.0,0.0,"{'device': [0, 1, 2, 3]}",4,after_layer1,device,True,6,1.0,0.07330472600006033,0.6334763699996984,6,1ff866dc883946e4997caa03454074ac,68,"{'device_compute': 0.07327202300075442, 'd2e_transport': 0.0, 'edge_queue': 0.0, 'edge_segment_compute': 0.0, 'edge_exit_head_compute': 0.0, 'edge_exit_check': 0.0, 'e2c_transport': 0.0, 'cloud_queue': 0.0, 'cloud_segment_compute': 0.0, 'cloud_exit_head_compute': 0.0, 'cloud_exit_check': 0.0, 'total_latency': 0.07330472600006033, 'unattributed_overhead': 3.270299930591136e-05, 'request_id': '1ff866dc883946e4997caa03454074ac', 'user_id': 0, 'prediction': 6, 'exit_id': 'after_layer1', 'exit_boundary_id': 4, 'exit_location': 'device', 'confidence': 0.2647753953933716, 'executed_segments_by_node': {'device': [0, 1, 2, 3]}, 'nodes': [{'node': 'device', 'executed_segments': [0, 1, 2, 3], 'queue_s': 0.0, 'segment_compute_s': 0.07201601802080404, 'exit_head_compute_s': 0.0010220219992334023, 'exit_check_s': 6.631499854847789e-05, 'worker_elapsed_s': 0.07327202300075442}], 'sample_id': 'balanced_006_0008_00006645', 'label': 6, 'correct': True, 'observed_utility': 0.6334763699996984}",balanced_006_0008_00006645,68,6645,14.074158906936646,0.07330472600006033,3.270299930591136e-05,0
0.08070697500079405,0.08070697500079405,0.0807377340097446,0.08070697500079405,1784170696.6984954,1784170682.3753023,1784170682.6253023,0.0,0.0,0.0,0.0,0.2876449525356293,0.0,0.08070697500079405,unknown,0.0,0.0,0.0,0.0,0.0,"{'device': [0, 1, 2, 3]}",4,after_layer1,device,False,6,0.0,0.0807377340097446,-0.403688670048723,4,c382734997764109bf55e07b0bfbef3f,69,"{'device_compute': 0.08070697500079405, 'd2e_transport': 0.0, 'edge_queue': 0.0, 'edge_segment_compute': 0.0, 'edge_exit_head_compute': 0.0, 'edge_exit_check': 0.0, 'e2c_transport': 0.0, 'cloud_queue': 0.0, 'cloud_segment_compute': 0.0, 'cloud_exit_head_compute': 0.0, 'cloud_exit_check': 0.0, 'total_latency': 0.0807377340097446, 'unattributed_overhead': 3.0759008950553834e-05, 'request_id': 'c382734997764109bf55e07b0bfbef3f', 'user_id': 0, 'prediction': 4, 'exit_id': 'after_layer1', 'exit_boundary_id': 4, 'exit_location': 'device', 'confidence': 0.2876449525356293, 'executed_segments_by_node': {'device': [0, 1, 2, 3]}, 'nodes': [{'node': 'device', 'executed_segments': [0, 1, 2, 3], 'queue_s': 0.0, 'segment_compute_s': 0.07930030299758073, 'exit_head_compute_s': 0.0011820969957625493, 'exit_check_s': 7.014800212346017e-05, 'worker_elapsed_s': 0.08070697500079405}], 'sample_id': 'balanced_006_0009_00007337', 'label': 6, 'correct': False, 'observed_utility': -0.403688670048723}",balanced_006_0009_00007337,69,7337,14.073193073272705,0.0807377340097446,3.0759008950553834e-05,0
0.07246335200034082,0.07246335200034082,0.07249311100167688,0.07246335200034082,1784170697.8327038,1784170683.3614817,1784170683.6114817,0.0,0.0,0.0,0.0,0.19633600115776062,0.0,0.07246335200034082,unknown,0.0,0.0,0.0,0.0,0.0,"{'device': [0, 1, 2, 3]}",4,after_layer1,device,False,7,0.0,0.07249311100167688,-0.3624655550083844,3,705d3fe277e14c739352cbc8a3c92fe4,70,"{'device_compute': 0.07246335200034082, 'd2e_transport': 0.0, 'edge_queue': 0.0, 'edge_segment_compute': 0.0, 'edge_exit_head_compute': 0.0, 'edge_exit_check': 0.0, 'e2c_transport': 0.0, 'cloud_queue': 0.0, 'cloud_segment_compute': 0.0, 'cloud_exit_head_compute': 0.0, 'cloud_exit_check': 0.0, 'total_latency': 0.07249311100167688, 'unattributed_overhead': 2.9759001336060464e-05, 'request_id': '705d3fe277e14c739352cbc8a3c92fe4', 'user_id': 0, 'prediction': 3, 'exit_id': 'after_layer1', 'exit_boundary_id': 4, 'exit_location': 'device', 'confidence': 0.19633600115776062, 'executed_segments_by_node': {'device': [0, 1, 2, 3]}, 'nodes': [{'node': 'device', 'executed_segments': [0, 1, 2, 3], 'queue_s': 0.0, 'segment_compute_s': 0.07119962597789709, 'exit_head_compute_s': 0.001039466995280236, 'exit_check_s': 6.698200013488531e-05, 'worker_elapsed_s': 0.07246335200034082}], 'sample_id': 'balanced_007_0000_00000210', 'label': 7, 'correct': False, 'observed_utility': -0.3624655550083844}",balanced_007_0000_00000210,70,210,14.221222162246704,0.07249311100167688,2.9759001336060464e-05,0
0.0868764590122737,0.0868764590122737,0.08691384800476953,0.0868764590122737,1784170698.8162498,1784170684.4874647,1784170684.7374647,0.0,0.0,0.0,0.0,0.2625882625579834,0.0,0.0868764590122737,unknown,0.0,0.0,0.0,0.0,0.0,"{'device': [0, 1, 2, 3]}",4,after_layer1,device,True,7,1.0,0.08691384800476953,0.5654307599761523,7,30a9fc99aa05457a9cc9e42f8fd9d367,71,"{'device_compute': 0.0868764590122737, 'd2e_transport': 0.0, 'edge_queue': 0.0, 'edge_segment_compute': 0.0, 'edge_exit_head_compute': 0.0, 'edge_exit_check': 0.0, 'e2c_transport': 0.0, 'cloud_queue': 0.0, 'cloud_segment_compute': 0.0, 'cloud_exit_head_compute': 0.0, 'cloud_exit_check': 0.0, 'total_latency': 0.08691384800476953, 'unattributed_overhead': 3.738899249583483e-05, 'request_id': '30a9fc99aa05457a9cc9e42f8fd9d367', 'user_id': 0, 'prediction': 7, 'exit_id': 'after_layer1', 'exit_boundary_id': 4, 'exit_location': 'device', 'confidence': 0.2625882625579834, 'executed_segments_by_node': {'device': [0, 1, 2, 3]}, 'nodes': [{'node': 'device', 'executed_segments': [0, 1, 2, 3], 'queue_s': 0.0, 'segment_compute_s': 0.0855345280142501, 'exit_head_compute_s': 0.0010808930092025548, 'exit_check_s': 7.259300036821514e-05, 'worker_elapsed_s': 0.0868764590122737}], 'sample_id': 'balanced_007_0001_00000386', 'label': 7, 'correct': True, 'observed_utility': 0.5654307599761523}",balanced_007_0001_00000386,71,386,14.078785181045532,0.08691384800476953,3.738899249583483e-05,0
0.07357779999438208,0.07357779999438208,0.07360987400170416,0.07357779999438208,1784170699.7952447,1784170685.485549,1784170685.735549,0.0,0.0,0.0,0.0,0.23662537336349487,0.0,0.07357779999438208,unknown,0.0,0.0,0.0,0.0,0.0,"{'device': [0, 1, 2, 3]}",4,after_layer1,device,False,7,0.0,0.07360987400170416,-0.3680493700085208,3,aa160667265a4e0c92cf5f74459dfe5b,72,"{'device_compute': 0.07357779999438208, 'd2e_transport': 0.0, 'edge_queue': 0.0, 'edge_segment_compute': 0.0, 'edge_exit_head_compute': 0.0, 'edge_exit_check': 0.0, 'e2c_transport': 0.0, 'cloud_queue': 0.0, 'cloud_segment_compute': 0.0, 'cloud_exit_head_compute': 0.0, 'cloud_exit_check': 0.0, 'total_latency': 0.07360987400170416, 'unattributed_overhead': 3.207400732208043e-05, 'request_id': 'aa160667265a4e0c92cf5f74459dfe5b', 'user_id': 0, 'prediction': 3, 'exit_id': 'after_layer1', 'exit_boundary_id': 4, 'exit_location': 'device', 'confidence': 0.23662537336349487, 'executed_segments_by_node': {'device': [0, 1, 2, 3]}, 'nodes': [{'node': 'device', 'executed_segments': [0, 1, 2, 3], 'queue_s': 0.0, 'segment_compute_s': 0.07234829499793705, 'exit_head_compute_s': 0.001013836998026818, 'exit_check_s': 6.300100358203053e-05, 'worker_elapsed_s': 0.07357779999438208}], 'sample_id': 'balanced_007_0002_00000567', 'label': 7, 'correct': False, 'observed_utility': -0.3680493700085208}",balanced_007_0002_00000567,72,567,14.059695720672607,0.07360987400170416,3.207400732208043e-05,0
0.0838341880007647,0.0838341880007647,0.08386618799704593,0.0838341880007647,1784170700.7763815,1784170686.4524734,1784170686.7024734,0.0,0.0,0.0,0.0,0.2883886396884918,0.0,0.0838341880007647,unknown,0.0,0.0,0.0,0.0,0.0,"{'device': [0, 1, 2, 3]}",4,after_layer1,device,True,7,1.0,0.08386618799704593,0.5806690600147704,7,3d96c53cdeb24337a3f6299a7addaf4d,73,"{'device_compute': 0.0838341880007647, 'd2e_transport': 0.0, 'edge_queue': 0.0, 'edge_segment_compute': 0.0, 'edge_exit_head_compute': 0.0, 'edge_exit_check': 0.0, 'e2c_transport': 0.0, 'cloud_queue': 0.0, 'cloud_segment_compute': 0.0, 'cloud_exit_head_compute': 0.0, 'cloud_exit_check': 0.0, 'total_latency': 0.08386618799704593, 'unattributed_overhead': 3.199999628122896e-05, 'request_id': '3d96c53cdeb24337a3f6299a7addaf4d', 'user_id': 0, 'prediction': 7, 'exit_id': 'after_layer1', 'exit_boundary_id': 4, 'exit_location': 'device', 'confidence': 0.2883886396884918, 'executed_segments_by_node': {'device': [0, 1, 2, 3]}, 'nodes': [{'node': 'device', 'executed_segments': [0, 1, 2, 3], 'queue_s': 0.0, 'segment_compute_s': 0.08257555298041552, 'exit_head_compute_s': 0.001033355001709424, 'exit_check_s': 6.655599281657487e-05, 'worker_elapsed_s': 0.0838341880007647}], 'sample_id': 'balanced_007_0003_00002088', 'label': 7, 'correct': True, 'observed_utility': 0.5806690600147704}",balanced_007_0003_00002088,73,2088,14.07390809059143,0.08386618799704593,3.199999628122896e-05,0
0.07892442900629248,0.07892442900629248,0.07895755900244694,0.07892442900629248,1784170701.7758718,1784170687.4531198,1784170687.7031198,0.0,0.0,0.0,0.0,0.24978221952915192,0.0,0.07892442900629248,unknown,0.0,0.0,0.0,0.0,0.0,"{'device': [0, 1, 2, 3]}",4,after_layer1,device,True,7,1.0,0.07895755900244694,0.6052122049877653,7,9044a4cdafbb42a5ad25cf5b5fa5a973,74,"{'device_compute': 0.07892442900629248, 'd2e_transport': 0.0, 'edge_queue': 0.0, 'edge_segment_compute': 0.0, 'edge_exit_head_compute': 0.0, 'edge_exit_check': 0.0, 'e2c_transport': 0.0, 'cloud_queue': 0.0, 'cloud_segment_compute': 0.0, 'cloud_exit_head_compute': 0.0, 'cloud_exit_check': 0.0, 'total_latency': 0.07895755900244694, 'unattributed_overhead': 3.312999615445733e-05, 'request_id': '9044a4cdafbb42a5ad25cf5b5fa5a973', 'user_id': 0, 'prediction': 7, 'exit_id': 'after_layer1', 'exit_boundary_id': 4, 'exit_location': 'device', 'confidence': 0.24978221952915192, 'executed_segments_by_node': {'device': [0, 1, 2, 3]}, 'nodes': [{'node': 'device', 'executed_segments': [0, 1, 2, 3], 'queue_s': 0.0, 'segment_compute_s': 0.07772520200524013, 'exit_head_compute_s': 0.0009585209918441251, 'exit_check_s': 6.272300379350781e-05, 'worker_elapsed_s': 0.07892442900629248}], 'sample_id': 'balanced_007_0004_00003879', 'label': 7, 'correct': True, 'observed_utility': 0.6052122049877653}",balanced_007_0004_00003879,74,3879,14.072751998901367,0.07895755900244694,3.312999615445733e-05,0
0.07480965499416925,0.07480965499416925,0.07484189599927049,0.07480965499416925,1784170702.7625165,1784170688.4392993,1784170688.6892993,0.0,0.0,0.0,0.0,0.3275158405303955,0.0,0.07480965499416925,unknown,0.0,0.0,0.0,0.0,0.0,"{'device': [0, 1, 2, 3]}",4,after_layer1,device,False,7,0.0,0.07484189599927049,-0.37420947999635246,2,33841cb728d44fd784f4def6ad7e4a7c,75,"{'device_compute': 0.07480965499416925, 'd2e_transport': 0.0, 'edge_queue': 0.0, 'edge_segment_compute': 0.0, 'edge_exit_head_compute': 0.0, 'edge_exit_check': 0.0, 'e2c_transport': 0.0, 'cloud_queue': 0.0, 'cloud_segment_compute': 0.0, 'cloud_exit_head_compute': 0.0, 'cloud_exit_check': 0.0, 'total_latency': 0.07484189599927049, 'unattributed_overhead': 3.224100510124117e-05, 'request_id': '33841cb728d44fd784f4def6ad7e4a7c', 'user_id': 0, 'prediction': 2, 'exit_id': 'after_layer1', 'exit_boundary_id': 4, 'exit_location': 'device', 'confidence': 0.3275158405303955, 'executed_segments_by_node': {'device': [0, 1, 2, 3]}, 'nodes': [{'node': 'device', 'executed_segments': [0, 1, 2, 3], 'queue_s': 0.0, 'segment_compute_s': 0.07348004099912941, 'exit_head_compute_s': 0.0011110040068160743, 'exit_check_s': 6.770399340894073e-05, 'worker_elapsed_s': 0.07480965499416925}], 'sample_id': 'balanced_007_0005_00005855', 'label': 7, 'correct': False, 'observed_utility': -0.37420947999635246}",balanced_007_0005_00005855,75,5855,14.073217153549194,0.07484189599927049,3.224100510124117e-05,0
0.08232595901063178,0.08232595901063178,0.08236421800393146,0.08232595901063178,1784170704.2672553,1784170689.4198737,1784170689.6698737,0.0,0.0,0.0,0.0,0.3376399576663971,0.0,0.08232595901063178,unknown,0.0,0.0,0.0,0.0,0.0,"{'device': [0, 1, 2, 3]}",4,after_layer1,device,False,7,0.0,0.08236421800393146,-0.4118210900196573,4,9858c88a42e24897b632b53670fe0862,76,"{'device_compute': 0.08232595901063178, 'd2e_transport': 0.0, 'edge_queue': 0.0, 'edge_segment_compute': 0.0, 'edge_exit_head_compute': 0.0, 'edge_exit_check': 0.0, 'e2c_transport': 0.0, 'cloud_queue': 0.0, 'cloud_segment_compute': 0.0, 'cloud_exit_head_compute': 0.0, 'cloud_exit_check': 0.0, 'total_latency': 0.08236421800393146, 'unattributed_overhead': 3.825899329967797e-05, 'request_id': '9858c88a42e24897b632b53670fe0862', 'user_id': 0, 'prediction': 4, 'exit_id': 'after_layer1', 'exit_boundary_id': 4, 'exit_location': 'device', 'confidence': 0.3376399576663971, 'executed_segments_by_node': {'device': [0, 1, 2, 3]}, 'nodes': [{'node': 'device', 'executed_segments': [0, 1, 2, 3], 'queue_s': 0.0, 'segment_compute_s': 0.0809890840027947, 'exit_head_compute_s': 0.0010681519925128669, 'exit_check_s': 7.712999649811536e-05, 'worker_elapsed_s': 0.08232595901063178}], 'sample_id': 'balanced_007_0006_00006357', 'label': 7, 'correct': False, 'observed_utility': -0.4118210900196573}",balanced_007_0006_00006357,76,6357,14.597381591796875,0.08236421800393146,3.825899329967797e-05,0
0.07947030100331176,0.07947030100331176,0.07950226399407256,0.07947030100331176,1784170705.2586045,1784170690.9363487,1784170691.1863487,0.0,0.0,0.0,0.0,0.5567560791969299,0.0,0.07947030100331176,unknown,0.0,0.0,0.0,0.0,0.0,"{'device': [0, 1, 2, 3]}",4,after_layer1,device,True,7,1.0,0.07950226399407256,0.6024886800296372,7,b936073946764952a1eb764ccbd938f9,77,"{'device_compute': 0.07947030100331176, 'd2e_transport': 0.0, 'edge_queue': 0.0, 'edge_segment_compute': 0.0, 'edge_exit_head_compute': 0.0, 'edge_exit_check': 0.0, 'e2c_transport': 0.0, 'cloud_queue': 0.0, 'cloud_segment_compute': 0.0, 'cloud_exit_head_compute': 0.0, 'cloud_exit_check': 0.0, 'total_latency': 0.07950226399407256, 'unattributed_overhead': 3.196299076080322e-05, 'request_id': 'b936073946764952a1eb764ccbd938f9', 'user_id': 0, 'prediction': 7, 'exit_id': 'after_layer1', 'exit_boundary_id': 4, 'exit_location': 'device', 'confidence': 0.5567560791969299, 'executed_segments_by_node': {'device': [0, 1, 2, 3]}, 'nodes': [{'node': 'device', 'executed_segments': [0, 1, 2, 3], 'queue_s': 0.0, 'segment_compute_s': 0.07824287099356297, 'exit_head_compute_s': 0.0010105590044986457, 'exit_check_s': 6.455600669141859e-05, 'worker_elapsed_s': 0.07947030100331176}], 'sample_id': 'balanced_007_0007_00007158', 'label': 7, 'correct': True, 'observed_utility': 0.6024886800296372}",balanced_007_0007_00007158,77,7158,14.072255849838257,0.07950226399407256,3.196299076080322e-05,0
0.0719067550089676,0.0719067550089676,0.07193773600738496,0.0719067550089676,1784170706.2364492,1784170691.9195461,1784170692.1695461,0.0,0.0,0.0,0.0,0.4833020567893982,0.0,0.0719067550089676,unknown,0.0,0.0,0.0,0.0,0.0,"{'device': [0, 1, 2, 3]}",4,after_layer1,device,True,7,1.0,0.07193773600738496,0.6403113199630752,7,a8bd62167e6a4f06824462bff516535d,78,"{'device_compute': 0.0719067550089676, 'd2e_transport': 0.0, 'edge_queue': 0.0, 'edge_segment_compute': 0.0, 'edge_exit_head_compute': 0.0, 'edge_exit_check': 0.0, 'e2c_transport': 0.0, 'cloud_queue': 0.0, 'cloud_segment_compute': 0.0, 'cloud_exit_head_compute': 0.0, 'cloud_exit_check': 0.0, 'total_latency': 0.07193773600738496, 'unattributed_overhead': 3.098099841736257e-05, 'request_id': 'a8bd62167e6a4f06824462bff516535d', 'user_id': 0, 'prediction': 7, 'exit_id': 'after_layer1', 'exit_boundary_id': 4, 'exit_location': 'device', 'confidence': 0.4833020567893982, 'executed_segments_by_node': {'device': [0, 1, 2, 3]}, 'nodes': [{'node': 'device', 'executed_segments': [0, 1, 2, 3], 'queue_s': 0.0, 'segment_compute_s': 0.07070369400025811, 'exit_head_compute_s': 0.0009875780087895691, 'exit_check_s': 6.37219927739352e-05, 'worker_elapsed_s': 0.0719067550089676}], 'sample_id': 'balanced_007_0008_00009570', 'label': 7, 'correct': True, 'observed_utility': 0.6403113199630752}",balanced_007_0008_00009570,78,9570,14.066903114318848,0.07193773600738496,3.098099841736257e-05,0
0.0785209629975725,0.0785209629975725,0.07855200000631157,0.0785209629975725,1784170707.209272,1784170692.89437,1784170693.14437,0.0,0.0,0.0,0.0,0.3879334032535553,0.0,0.0785209629975725,unknown,0.0,0.0,0.0,0.0,0.0,"{'device': [0, 1, 2, 3]}",4,after_layer1,device,False,7,0.0,0.07855200000631157,-0.39276000003155787,4,f1edaf5339a64664b094b4e3e1d67aba,79,"{'device_compute': 0.0785209629975725, 'd2e_transport': 0.0, 'edge_queue': 0.0, 'edge_segment_compute': 0.0, 'edge_exit_head_compute': 0.0, 'edge_exit_check': 0.0, 'e2c_transport': 0.0, 'cloud_queue': 0.0, 'cloud_segment_compute': 0.0, 'cloud_exit_head_compute': 0.0, 'cloud_exit_check': 0.0, 'total_latency': 0.07855200000631157, 'unattributed_overhead': 3.1037008739076555e-05, 'request_id': 'f1edaf5339a64664b094b4e3e1d67aba', 'user_id': 0, 'prediction': 4, 'exit_id': 'after_layer1', 'exit_boundary_id': 4, 'exit_location': 'device', 'confidence': 0.3879334032535553, 'executed_segments_by_node': {'device': [0, 1, 2, 3]}, 'nodes': [{'node': 'device', 'executed_segments': [0, 1, 2, 3], 'queue_s': 0.0, 'segment_compute_s': 0.07728273698012345, 'exit_head_compute_s': 0.001025541001581587, 'exit_check_s': 6.0852005844935775e-05, 'worker_elapsed_s': 0.0785209629975725}], 'sample_id': 'balanced_007_0009_00009850', 'label': 7, 'correct': False, 'observed_utility': -0.39276000003155787}",balanced_007_0009_00009850,79,9850,14.06490182876587,0.07855200000631157,3.1037008739076555e-05,0
0.07187508700008038,0.07187508700008038,0.07190619899483863,0.07187508700008038,1784170708.211774,1784170693.8729138,1784170694.1229138,0.0,0.0,0.0,0.0,0.26266756653785706,0.0,0.07187508700008038,unknown,0.0,0.0,0.0,0.0,0.0,"{'device': [0, 1, 2, 3]}",4,after_layer1,device,False,8,0.0,0.07190619899483863,-0.35953099497419316,9,88bee529b13a49c196ffefcee3dc6cfe,80,"{'device_compute': 0.07187508700008038, 'd2e_transport': 0.0, 'edge_queue': 0.0, 'edge_segment_compute': 0.0, 'edge_exit_head_compute': 0.0, 'edge_exit_check': 0.0, 'e2c_transport': 0.0, 'cloud_queue': 0.0, 'cloud_segment_compute': 0.0, 'cloud_exit_head_compute': 0.0, 'cloud_exit_check': 0.0, 'total_latency': 0.07190619899483863, 'unattributed_overhead': 3.111199475824833e-05, 'request_id': '88bee529b13a49c196ffefcee3dc6cfe', 'user_id': 0, 'prediction': 9, 'exit_id': 'after_layer1', 'exit_boundary_id': 4, 'exit_location': 'device', 'confidence': 0.26266756653785706, 'executed_segments_by_node': {'device': [0, 1, 2, 3]}, 'nodes': [{'node': 'device', 'executed_segments': [0, 1, 2, 3], 'queue_s': 0.0, 'segment_compute_s': 0.0706166579911951, 'exit_head_compute_s': 0.001044151998939924, 'exit_check_s': 6.298199878074229e-05, 'worker_elapsed_s': 0.07187508700008038}], 'sample_id': 'balanced_008_0000_00000088', 'label': 8, 'correct': False, 'observed_utility': -0.35953099497419316}",balanced_008_0000_00000088,80,88,14.088860273361206,0.07190619899483863,3.111199475824833e-05,0
0.08266986599483062,0.08266986599483062,0.08270247699692845,0.08266986599483062,1784170709.18021,1784170694.8651721,1784170695.1151721,0.0,0.0,0.0,0.0,0.49182507395744324,0.0,0.08266986599483062,unknown,0.0,0.0,0.0,0.0,0.0,"{'device': [0, 1, 2, 3]}",4,after_layer1,device,True,8,1.0,0.08270247699692845,0.5864876150153577,8,a3c99683a49b4a9a8f3529b62345cbb1,81,"{'device_compute': 0.08266986599483062, 'd2e_transport': 0.0, 'edge_queue': 0.0, 'edge_segment_compute': 0.0, 'edge_exit_head_compute': 0.0, 'edge_exit_check': 0.0, 'e2c_transport': 0.0, 'cloud_queue': 0.0, 'cloud_segment_compute': 0.0, 'cloud_exit_head_compute': 0.0, 'cloud_exit_check': 0.0, 'total_latency': 0.08270247699692845, 'unattributed_overhead': 3.261100209783763e-05, 'request_id': 'a3c99683a49b4a9a8f3529b62345cbb1', 'user_id': 0, 'prediction': 8, 'exit_id': 'after_layer1', 'exit_boundary_id': 4, 'exit_location': 'device', 'confidence': 0.49182507395744324, 'executed_segments_by_node': {'device': [0, 1, 2, 3]}, 'nodes': [{'node': 'device', 'executed_segments': [0, 1, 2, 3], 'queue_s': 0.0, 'segment_compute_s': 0.08142902702093124, 'exit_head_compute_s': 0.0010004110081354156, 'exit_check_s': 8.744500519242138e-05, 'worker_elapsed_s': 0.08266986599483062}], 'sample_id': 'balanced_008_0001_00001459', 'label': 8, 'correct': True, 'observed_utility': 0.5864876150153577}",balanced_008_0001_00001459,81,1459,14.065037965774536,0.08270247699692845,3.261100209783763e-05,0
0.07854964699072298,0.07854964699072298,0.07858294399920851,0.07854964699072298,1784170710.1641803,1784170695.8451862,1784170696.0951862,0.0,0.0,0.0,0.0,0.7279309034347534,0.0,0.07854964699072298,unknown,0.0,0.0,0.0,0.0,0.0,"{'device': [0, 1, 2, 3]}",4,after_layer1,device,True,8,1.0,0.07858294399920851,0.6070852800039575,8,bf3f3ae978cf4f4aa98af0507f68d079,82,"{'device_compute': 0.07854964699072298, 'd2e_transport': 0.0, 'edge_queue': 0.0, 'edge_segment_compute': 0.0, 'edge_exit_head_compute': 0.0, 'edge_exit_check': 0.0, 'e2c_transport': 0.0, 'cloud_queue': 0.0, 'cloud_segment_compute': 0.0, 'cloud_exit_head_compute': 0.0, 'cloud_exit_check': 0.0, 'total_latency': 0.07858294399920851, 'unattributed_overhead': 3.32970084855333e-05, 'request_id': 'bf3f3ae978cf4f4aa98af0507f68d079', 'user_id': 0, 'prediction': 8, 'exit_id': 'after_layer1', 'exit_boundary_id': 4, 'exit_location': 'device', 'confidence': 0.7279309034347534, 'executed_segments_by_node': {'device': [0, 1, 2, 3]}, 'nodes': [{'node': 'device', 'executed_segments': [0, 1, 2, 3], 'queue_s': 0.0, 'segment_compute_s': 0.07727456999418791, 'exit_head_compute_s': 0.001028744998620823, 'exit_check_s': 6.724099512211978e-05, 'worker_elapsed_s': 0.07854964699072298}], 'sample_id': 'balanced_008_0002_00001866', 'label': 8, 'correct': True, 'observed_utility': 0.6070852800039575}",balanced_008_0002_00001866,82,1866,14.068994045257568,0.07858294399920851,3.32970084855333e-05,0
0.0812628970015794,0.0812628970015794,0.0812948789971415,0.0812628970015794,1784170711.6019187,1784170697.2917695,1784170697.5417695,0.0,0.0,0.0,0.0,0.16366030275821686,0.0,0.0812628970015794,unknown,0.0,0.0,0.0,0.0,0.0,"{'device': [0, 1, 2, 3]}",4,after_layer1,device,False,8,0.0,0.0812948789971415,-0.4064743949857075,9,a47c0afbab3243a8a34f3723470362d8,83,"{'device_compute': 0.0812628970015794, 'd2e_transport': 0.0, 'edge_queue': 0.0, 'edge_segment_compute': 0.0, 'edge_exit_head_compute': 0.0, 'edge_exit_check': 0.0, 'e2c_transport': 0.0, 'cloud_queue': 0.0, 'cloud_segment_compute': 0.0, 'cloud_exit_head_compute': 0.0, 'cloud_exit_check': 0.0, 'total_latency': 0.0812948789971415, 'unattributed_overhead': 3.198199556209147e-05, 'request_id': 'a47c0afbab3243a8a34f3723470362d8', 'user_id': 0, 'prediction': 9, 'exit_id': 'after_layer1', 'exit_boundary_id': 4, 'exit_location': 'device', 'confidence': 0.16366030275821686, 'executed_segments_by_node': {'device': [0, 1, 2, 3]}, 'nodes': [{'node': 'device', 'executed_segments': [0, 1, 2, 3], 'queue_s': 0.0, 'segment_compute_s': 0.07998987400787883, 'exit_head_compute_s': 0.0010362259927205741, 'exit_check_s': 6.601899804081768e-05, 'worker_elapsed_s': 0.0812628970015794}], 'sample_id': 'balanced_008_0003_00001994', 'label': 8, 'correct': False, 'observed_utility': -0.4064743949857075}",balanced_008_0003_00001994,83,1994,14.060149192810059,0.0812948789971415,3.198199556209147e-05,0
0.07654071401339024,0.07654071401339024,0.07657243600988295,0.07654071401339024,1784170712.5864184,1784170698.2689822,1784170698.5189822,0.0,0.0,0.0,0.0,0.17905190587043762,0.0,0.07654071401339024,unknown,0.0,0.0,0.0,0.0,0.0,"{'device': [0, 1, 2, 3]}",4,after_layer1,device,True,8,1.0,0.07657243600988295,0.6171378199505853,8,47dd0c14610f495f9338cf970a80f890,84,"{'device_compute': 0.07654071401339024, 'd2e_transport': 0.0, 'edge_queue': 0.0, 'edge_segment_compute': 0.0, 'edge_exit_head_compute': 0.0, 'edge_exit_check': 0.0, 'e2c_transport': 0.0, 'cloud_queue': 0.0, 'cloud_segment_compute': 0.0, 'cloud_exit_head_compute': 0.0, 'cloud_exit_check': 0.0, 'total_latency': 0.07657243600988295, 'unattributed_overhead': 3.172199649270624e-05, 'request_id': '47dd0c14610f495f9338cf970a80f890', 'user_id': 0, 'prediction': 8, 'exit_id': 'after_layer1', 'exit_boundary_id': 4, 'exit_location': 'device', 'confidence': 0.17905190587043762, 'executed_segments_by_node': {'device': [0, 1, 2, 3]}, 'nodes': [{'node': 'device', 'executed_segments': [0, 1, 2, 3], 'queue_s': 0.0, 'segment_compute_s': 0.07525621000968385, 'exit_head_compute_s': 0.0010301709990017116, 'exit_check_s': 6.64269900880754e-05, 'worker_elapsed_s': 0.07654071401339024}], 'sample_id': 'balanced_008_0004_00002437', 'label': 8, 'correct': True, 'observed_utility': 0.6171378199505853}",balanced_008_0004_00002437,84,2437,14.067436218261719,0.07657243600988295,3.172199649270624e-05,0
0.07927027900586836,0.07927027900586836,0.07930172300257254,0.07927027900586836,1784170713.570798,1784170699.2458181,1784170699.4958181,0.0,0.0,0.0,0.0,0.4990357458591461,0.0,0.07927027900586836,unknown,0.0,0.0,0.0,0.0,0.0,"{'device': [0, 1, 2, 3]}",4,after_layer1,device,True,8,1.0,0.07930172300257254,0.6034913849871373,8,79783060aa87465c84fb441133287372,85,"{'device_compute': 0.07927027900586836, 'd2e_transport': 0.0, 'edge_queue': 0.0, 'edge_segment_compute': 0.0, 'edge_exit_head_compute': 0.0, 'edge_exit_check': 0.0, 'e2c_transport': 0.0, 'cloud_queue': 0.0, 'cloud_segment_compute': 0.0, 'cloud_exit_head_compute': 0.0, 'cloud_exit_check': 0.0, 'total_latency': 0.07930172300257254, 'unattributed_overhead': 3.144399670418352e-05, 'request_id': '79783060aa87465c84fb441133287372', 'user_id': 0, 'prediction': 8, 'exit_id': 'after_layer1', 'exit_boundary_id': 4, 'exit_location': 'device', 'confidence': 0.4990357458591461, 'executed_segments_by_node': {'device': [0, 1, 2, 3]}, 'nodes': [{'node': 'device', 'executed_segments': [0, 1, 2, 3], 'queue_s': 0.0, 'segment_compute_s': 0.07807564400718547, 'exit_head_compute_s': 0.0009644480014685541, 'exit_check_s': 6.568599201273173e-05, 'worker_elapsed_s': 0.07927027900586836}], 'sample_id': 'balanced_008_0005_00004444', 'label': 8, 'correct': True, 'observed_utility': 0.6034913849871373}",balanced_008_0005_00004444,85,4444,14.074979782104492,0.07930172300257254,3.144399670418352e-05,0
0.07318733099964447,0.07318733099964447,0.07321833100286312,0.07318733099964447,1784170714.5477805,1784170700.2335408,1784170700.4835408,0.0,0.0,0.0,0.0,0.45899665355682373,0.0,0.07318733099964447,unknown,0.0,0.0,0.0,0.0,0.0,"{'device': [0, 1, 2, 3]}",4,after_layer1,device,True,8,1.0,0.07321833100286312,0.6339083449856844,8,07e3afd1ac014a209b3aae9b8afe4906,86,"{'device_compute': 0.07318733099964447, 'd2e_transport': 0.0, 'edge_queue': 0.0, 'edge_segment_compute': 0.0, 'edge_exit_head_compute': 0.0, 'edge_exit_check': 0.0, 'e2c_transport': 0.0, 'cloud_queue': 0.0, 'cloud_segment_compute': 0.0, 'cloud_exit_head_compute': 0.0, 'cloud_exit_check': 0.0, 'total_latency': 0.07321833100286312, 'unattributed_overhead': 3.100000321865082e-05, 'request_id': '07e3afd1ac014a209b3aae9b8afe4906', 'user_id': 0, 'prediction': 8, 'exit_id': 'after_layer1', 'exit_boundary_id': 4, 'exit_location': 'device', 'confidence': 0.45899665355682373, 'executed_segments_by_node': {'device': [0, 1, 2, 3]}, 'nodes': [{'node': 'device', 'executed_segments': [0, 1, 2, 3], 'queue_s': 0.0, 'segment_compute_s': 0.07194001102470793, 'exit_head_compute_s': 0.0010304850002285093, 'exit_check_s': 6.411100912373513e-05, 'worker_elapsed_s': 0.07318733099964447}], 'sample_id': 'balanced_008_0006_00005990', 'label': 8, 'correct': True, 'observed_utility': 0.6339083449856844}",balanced_008_0006_00005990,86,5990,14.064239740371704,0.07321833100286312,3.100000321865082e-05,0
0.09096896699338686,0.09096896699338686,0.09100054200098384,0.09096896699338686,1784170715.5186439,1784170701.2070777,1784170701.4570777,0.0,0.0,0.0,0.0,0.23620116710662842,0.0,0.09096896699338686,unknown,0.0,0.0,0.0,0.0,0.0,"{'device': [0, 1, 2, 3]}",4,after_layer1,device,False,8,0.0,0.09100054200098384,-0.4550027100049192,3,ac19cb2c1bdc4a24b23372aeb583a017,87,"{'device_compute': 0.09096896699338686, 'd2e_transport': 0.0, 'edge_queue': 0.0, 'edge_segment_compute': 0.0, 'edge_exit_head_compute': 0.0, 'edge_exit_check': 0.0, 'e2c_transport': 0.0, 'cloud_queue': 0.0, 'cloud_segment_compute': 0.0, 'cloud_exit_head_compute': 0.0, 'cloud_exit_check': 0.0, 'total_latency': 0.09100054200098384, 'unattributed_overhead': 3.1575007596984506e-05, 'request_id': 'ac19cb2c1bdc4a24b23372aeb583a017', 'user_id': 0, 'prediction': 3, 'exit_id': 'after_layer1', 'exit_boundary_id': 4, 'exit_location': 'device', 'confidence': 0.23620116710662842, 'executed_segments_by_node': {'device': [0, 1, 2, 3]}, 'nodes': [{'node': 'device', 'executed_segments': [0, 1, 2, 3], 'queue_s': 0.0, 'segment_compute_s': 0.08972796400485095, 'exit_head_compute_s': 0.0010025030060205609, 'exit_check_s': 6.344501161947846e-05, 'worker_elapsed_s': 0.09096896699338686}], 'sample_id': 'balanced_008_0007_00006466', 'label': 8, 'correct': False, 'observed_utility': -0.4550027100049192}",balanced_008_0007_00006466,87,6466,14.06156611442566,0.09100054200098384,3.1575007596984506e-05,0
0.07276045899197925,0.07276045899197925,0.07279112598916981,0.07276045899197925,1784170716.5099733,1784170702.1916702,1784170702.4416702,0.0,0.0,0.0,0.0,0.4761897325515747,0.0,0.07276045899197925,unknown,0.0,0.0,0.0,0.0,0.0,"{'device': [0, 1, 2, 3]}",4,after_layer1,device,False,8,0.0,0.07279112598916981,-0.36395562994584907,0,d3b31b218ca14f029af1a245ea21a16e,88,"{'device_compute': 0.07276045899197925, 'd2e_transport': 0.0, 'edge_queue': 0.0, 'edge_segment_compute': 0.0, 'edge_exit_head_compute': 0.0, 'edge_exit_check': 0.0, 'e2c_transport': 0.0, 'cloud_queue': 0.0, 'cloud_segment_compute': 0.0, 'cloud_exit_head_compute': 0.0, 'cloud_exit_check': 0.0, 'total_latency': 0.07279112598916981, 'unattributed_overhead': 3.066699719056487e-05, 'request_id': 'd3b31b218ca14f029af1a245ea21a16e', 'user_id': 0, 'prediction': 0, 'exit_id': 'after_layer1', 'exit_boundary_id': 4, 'exit_location': 'device', 'confidence': 0.4761897325515747, 'executed_segments_by_node': {'device': [0, 1, 2, 3]}, 'nodes': [{'node': 'device', 'executed_segments': [0, 1, 2, 3], 'queue_s': 0.0, 'segment_compute_s': 0.07152786100050434, 'exit_head_compute_s': 0.0010204110003542155, 'exit_check_s': 6.277799548115581e-05, 'worker_elapsed_s': 0.07276045899197925}], 'sample_id': 'balanced_008_0008_00008393', 'label': 8, 'correct': False, 'observed_utility': -0.36395562994584907}",balanced_008_0008_00008393,88,8393,14.068303108215332,0.07279112598916981,3.066699719056487e-05,0
0.07999968700460158,0.07999968700460158,0.08003022499906365,0.07999968700460158,1784170717.4966588,1784170703.1758332,1784170703.4258332,0.0,0.0,0.0,0.0,0.4664766192436218,0.0,0.07999968700460158,unknown,0.0,0.0,0.0,0.0,0.0,"{'device': [0, 1, 2, 3]}",4,after_layer1,device,False,8,0.0,0.08003022499906365,-0.40015112499531824,9,9b1de371ddd1423e96502ec2e345af7e,89,"{'device_compute': 0.07999968700460158, 'd2e_transport': 0.0, 'edge_queue': 0.0, 'edge_segment_compute': 0.0, 'edge_exit_head_compute': 0.0, 'edge_exit_check': 0.0, 'e2c_transport': 0.0, 'cloud_queue': 0.0, 'cloud_segment_compute': 0.0, 'cloud_exit_head_compute': 0.0, 'cloud_exit_check': 0.0, 'total_latency': 0.08003022499906365, 'unattributed_overhead': 3.05379944620654e-05, 'request_id': '9b1de371ddd1423e96502ec2e345af7e', 'user_id': 0, 'prediction': 9, 'exit_id': 'after_layer1', 'exit_boundary_id': 4, 'exit_location': 'device', 'confidence': 0.4664766192436218, 'executed_segments_by_node': {'device': [0, 1, 2, 3]}, 'nodes': [{'node': 'device', 'executed_segments': [0, 1, 2, 3], 'queue_s': 0.0, 'segment_compute_s': 0.07872179501282517, 'exit_head_compute_s': 0.001057707006111741, 'exit_check_s': 6.553799903485924e-05, 'worker_elapsed_s': 0.07999968700460158}], 'sample_id': 'balanced_008_0009_00008608', 'label': 8, 'correct': False, 'observed_utility': -0.40015112499531824}",balanced_008_0009_00008608,89,8608,14.070825576782227,0.08003022499906365,3.05379944620654e-05,0
0.07744160501169972,0.07744160501169972,0.07747384501271881,0.07744160501169972,1784170718.6447723,1784170704.3294454,1784170704.5794454,0.0,0.0,0.0,0.0,0.8267561197280884,0.0,0.07744160501169972,unknown,0.0,0.0,0.0,0.0,0.0,"{'device': [0, 1, 2, 3]}",4,after_layer1,device,True,9,1.0,0.07747384501271881,0.6126307749364059,9,5cb679cee2a2498b99ef801313015f43,90,"{'device_compute': 0.07744160501169972, 'd2e_transport': 0.0, 'edge_queue': 0.0, 'edge_segment_compute': 0.0, 'edge_exit_head_compute': 0.0, 'edge_exit_check': 0.0, 'e2c_transport': 0.0, 'cloud_queue': 0.0, 'cloud_segment_compute': 0.0, 'cloud_exit_head_compute': 0.0, 'cloud_exit_check': 0.0, 'total_latency': 0.07747384501271881, 'unattributed_overhead': 3.2240001019090414e-05, 'request_id': '5cb679cee2a2498b99ef801313015f43', 'user_id': 0, 'prediction': 9, 'exit_id': 'after_layer1', 'exit_boundary_id': 4, 'exit_location': 'device', 'confidence': 0.8267561197280884, 'executed_segments_by_node': {'device': [0, 1, 2, 3]}, 'nodes': [{'node': 'device', 'executed_segments': [0, 1, 2, 3], 'queue_s': 0.0, 'segment_compute_s': 0.07562532000883948, 'exit_head_compute_s': 0.0015524129994446412, 'exit_check_s': 7.870400440879166e-05, 'worker_elapsed_s': 0.07744160501169972}], 'sample_id': 'balanced_009_0000_00001359', 'label': 9, 'correct': True, 'observed_utility': 0.6126307749364059}",balanced_009_0000_00001359,90,1359,14.065326929092407,0.07747384501271881,3.2240001019090414e-05,0
0.08432348001224454,0.08432348001224454,0.08435388799989596,0.08432348001224454,1784170719.6239932,1784170705.306967,1784170705.556967,0.0,0.0,0.0,0.0,0.2568308413028717,0.0,0.08432348001224454,unknown,0.0,0.0,0.0,0.0,0.0,"{'device': [0, 1, 2, 3]}",4,after_layer1,device,False,9,0.0,0.08435388799989596,-0.4217694399994798,8,7289570488924a1ebcb788557db117eb,91,"{'device_compute': 0.08432348001224454, 'd2e_transport': 0.0, 'edge_queue': 0.0, 'edge_segment_compute': 0.0, 'edge_exit_head_compute': 0.0, 'edge_exit_check': 0.0, 'e2c_transport': 0.0, 'cloud_queue': 0.0, 'cloud_segment_compute': 0.0, 'cloud_exit_head_compute': 0.0, 'cloud_exit_check': 0.0, 'total_latency': 0.08435388799989596, 'unattributed_overhead': 3.040798765141517e-05, 'request_id': '7289570488924a1ebcb788557db117eb', 'user_id': 0, 'prediction': 8, 'exit_id': 'after_layer1', 'exit_boundary_id': 4, 'exit_location': 'device', 'confidence': 0.2568308413028717, 'executed_segments_by_node': {'device': [0, 1, 2, 3]}, 'nodes': [{'node': 'device', 'executed_segments': [0, 1, 2, 3], 'queue_s': 0.0, 'segment_compute_s': 0.08311297700856812, 'exit_head_compute_s': 0.0009950779931386933, 'exit_check_s': 6.298199878074229e-05, 'worker_elapsed_s': 0.08432348001224454}], 'sample_id': 'balanced_009_0001_00001387', 'label': 9, 'correct': False, 'observed_utility': -0.4217694399994798}",balanced_009_0001_00001387,91,1387,14.067026138305664,0.08435388799989596,3.040798765141517e-05,0
0.08339379099197686,0.08339379099197686,0.08342869899934158,0.08339379099197686,1784170721.0771964,1784170706.7594466,1784170707.0094466,0.0,0.0,0.0,0.0,0.44699662923812866,0.0,0.08339379099197686,unknown,0.0,0.0,0.0,0.0,0.0,"{'device': [0, 1, 2, 3]}",4,after_layer1,device,True,9,1.0,0.08342869899934158,0.5828565050032921,9,1921b09a268e442dbbf9d78b36e33ade,92,"{'device_compute': 0.08339379099197686, 'd2e_transport': 0.0, 'edge_queue': 0.0, 'edge_segment_compute': 0.0, 'edge_exit_head_compute': 0.0, 'edge_exit_check': 0.0, 'e2c_transport': 0.0, 'cloud_queue': 0.0, 'cloud_segment_compute': 0.0, 'cloud_exit_head_compute': 0.0, 'cloud_exit_check': 0.0, 'total_latency': 0.08342869899934158, 'unattributed_overhead': 3.4908007364720106e-05, 'request_id': '1921b09a268e442dbbf9d78b36e33ade', 'user_id': 0, 'prediction': 9, 'exit_id': 'after_layer1', 'exit_boundary_id': 4, 'exit_location': 'device', 'confidence': 0.44699662923812866, 'executed_segments_by_node': {'device': [0, 1, 2, 3]}, 'nodes': [{'node': 'device', 'executed_segments': [0, 1, 2, 3], 'queue_s': 0.0, 'segment_compute_s': 0.0807540400128346, 'exit_head_compute_s': 0.0023794709995854646, 'exit_check_s': 7.529699360020459e-05, 'worker_elapsed_s': 0.08339379099197686}], 'sample_id': 'balanced_009_0002_00001916', 'label': 9, 'correct': True, 'observed_utility': 0.5828565050032921}",balanced_009_0002_00001916,92,1916,14.067749738693237,0.08342869899934158,3.4908007364720106e-05,0
0.09437775499827694,0.09437775499827694,0.09440930999699049,0.09437775499827694,1784170722.0685735,1784170707.7462668,1784170707.9962668,0.0,0.0,0.0,0.0,0.29785627126693726,0.0,0.09437775499827694,unknown,0.0,0.0,0.0,0.0,0.0,"{'device': [0, 1, 2, 3]}",4,after_layer1,device,True,9,1.0,0.09440930999699049,0.5279534500150476,9,9b36e182d85a42348207bb310941ac99,93,"{'device_compute': 0.09437775499827694, 'd2e_transport': 0.0, 'edge_queue': 0.0, 'edge_segment_compute': 0.0, 'edge_exit_head_compute': 0.0, 'edge_exit_check': 0.0, 'e2c_transport': 0.0, 'cloud_queue': 0.0, 'cloud_segment_compute': 0.0, 'cloud_exit_head_compute': 0.0, 'cloud_exit_check': 0.0, 'total_latency': 0.09440930999699049, 'unattributed_overhead': 3.15549987135455e-05, 'request_id': '9b36e182d85a42348207bb310941ac99', 'user_id': 0, 'prediction': 9, 'exit_id': 'after_layer1', 'exit_boundary_id': 4, 'exit_location': 'device', 'confidence': 0.29785627126693726, 'executed_segments_by_node': {'device': [0, 1, 2, 3]}, 'nodes': [{'node': 'device', 'executed_segments': [0, 1, 2, 3], 'queue_s': 0.0, 'segment_compute_s': 0.09310154800186865, 'exit_head_compute_s': 0.0010328740027034655, 'exit_check_s': 6.227799167390913e-05, 'worker_elapsed_s': 0.09437775499827694}], 'sample_id': 'balanced_009_0003_00004297', 'label': 9, 'correct': True, 'observed_utility': 0.5279534500150476}",balanced_009_0003_00004297,93,4297,14.072306632995605,0.09440930999699049,3.15549987135455e-05,0
0.0849233879998792,0.0849233879998792,0.08495499899436254,0.0849233879998792,1784170723.0793743,1784170708.744628,1784170708.994628,0.0,0.0,0.0,0.0,0.38690802454948425,0.0,0.0849233879998792,unknown,0.0,0.0,0.0,0.0,0.0,"{'device': [0, 1, 2, 3]}",4,after_layer1,device,False,9,0.0,0.08495499899436254,-0.4247749949718127,1,888864bfe7ce43ec813e02ec504aeaec,94,"{'device_compute': 0.0849233879998792, 'd2e_transport': 0.0, 'edge_queue': 0.0, 'edge_segment_compute': 0.0, 'edge_exit_head_compute': 0.0, 'edge_exit_check': 0.0, 'e2c_transport': 0.0, 'cloud_queue': 0.0, 'cloud_segment_compute': 0.0, 'cloud_exit_head_compute': 0.0, 'cloud_exit_check': 0.0, 'total_latency': 0.08495499899436254, 'unattributed_overhead': 3.161099448334426e-05, 'request_id': '888864bfe7ce43ec813e02ec504aeaec', 'user_id': 0, 'prediction': 1, 'exit_id': 'after_layer1', 'exit_boundary_id': 4, 'exit_location': 'device', 'confidence': 0.38690802454948425, 'executed_segments_by_node': {'device': [0, 1, 2, 3]}, 'nodes': [{'node': 'device', 'executed_segments': [0, 1, 2, 3], 'queue_s': 0.0, 'segment_compute_s': 0.08371384799829684, 'exit_head_compute_s': 0.0009974109998438507, 'exit_check_s': 6.20380014879629e-05, 'worker_elapsed_s': 0.0849233879998792}], 'sample_id': 'balanced_009_0004_00004779', 'label': 9, 'correct': False, 'observed_utility': -0.4247749949718127}",balanced_009_0004_00004779,94,4779,14.084746360778809,0.08495499899436254,3.161099448334426e-05,0
0.08356288299546577,0.08356288299546577,0.0835943279962521,0.08356288299546577,1784170724.1452599,1784170709.8251033,1784170710.0751033,0.0,0.0,0.0,0.0,0.20438942313194275,0.0,0.08356288299546577,unknown,0.0,0.0,0.0,0.0,0.0,"{'device': [0, 1, 2, 3]}",4,after_layer1,device,False,9,0.0,0.0835943279962521,-0.4179716399812605,7,55d96e3b73bb4d8f93da04164890d8ef,95,"{'device_compute': 0.08356288299546577, 'd2e_transport': 0.0, 'edge_queue': 0.0, 'edge_segment_compute': 0.0, 'edge_exit_head_compute': 0.0, 'edge_exit_check': 0.0, 'e2c_transport': 0.0, 'cloud_queue': 0.0, 'cloud_segment_compute': 0.0, 'cloud_exit_head_compute': 0.0, 'cloud_exit_check': 0.0, 'total_latency': 0.0835943279962521, 'unattributed_overhead': 3.1445000786334276e-05, 'request_id': '55d96e3b73bb4d8f93da04164890d8ef', 'user_id': 0, 'prediction': 7, 'exit_id': 'after_layer1', 'exit_boundary_id': 4, 'exit_location': 'device', 'confidence': 0.20438942313194275, 'executed_segments_by_node': {'device': [0, 1, 2, 3]}, 'nodes': [{'node': 'device', 'executed_segments': [0, 1, 2, 3], 'queue_s': 0.0, 'segment_compute_s': 0.08232611999846995, 'exit_head_compute_s': 0.0010252630017930642, 'exit_check_s': 6.064899207558483e-05, 'worker_elapsed_s': 0.08356288299546577}], 'sample_id': 'balanced_009_0005_00006198', 'label': 9, 'correct': False, 'observed_utility': -0.4179716399812605}",balanced_009_0005_00006198,95,6198,14.070156574249268,0.0835943279962521,3.1445000786334276e-05,0
0.0738954420085065,0.0738954420085065,0.07392729399725795,0.0738954420085065,1784170725.1351748,1784170710.810487,1784170711.060487,0.0,0.0,0.0,0.0,0.3912021219730377,0.0,0.0738954420085065,unknown,0.0,0.0,0.0,0.0,0.0,"{'device': [0, 1, 2, 3]}",4,after_layer1,device,True,9,1.0,0.07392729399725795,0.6303635300137103,9,25d5aa889f4344a48d46a9abe252033b,96,"{'device_compute': 0.0738954420085065, 'd2e_transport': 0.0, 'edge_queue': 0.0, 'edge_segment_compute': 0.0, 'edge_exit_head_compute': 0.0, 'edge_exit_check': 0.0, 'e2c_transport': 0.0, 'cloud_queue': 0.0, 'cloud_segment_compute': 0.0, 'cloud_exit_head_compute': 0.0, 'cloud_exit_check': 0.0, 'total_latency': 0.07392729399725795, 'unattributed_overhead': 3.185198875144124e-05, 'request_id': '25d5aa889f4344a48d46a9abe252033b', 'user_id': 0, 'prediction': 9, 'exit_id': 'after_layer1', 'exit_boundary_id': 4, 'exit_location': 'device', 'confidence': 0.3912021219730377, 'executed_segments_by_node': {'device': [0, 1, 2, 3]}, 'nodes': [{'node': 'device', 'executed_segments': [0, 1, 2, 3], 'queue_s': 0.0, 'segment_compute_s': 0.07266306698147673, 'exit_head_compute_s': 0.0010165220010094345, 'exit_check_s': 6.329600000753999e-05, 'worker_elapsed_s': 0.0738954420085065}], 'sample_id': 'balanced_009_0006_00007639', 'label': 9, 'correct': True, 'observed_utility': 0.6303635300137103}",balanced_009_0006_00007639,96,7639,14.074687719345093,0.07392729399725795,3.185198875144124e-05,0
0.07647008000640199,0.07647008000640199,0.07650243199896067,0.07647008000640199,1784170726.6352594,1784170711.7901056,1784170712.0401056,0.0,0.0,0.0,0.0,0.2704513669013977,0.0,0.07647008000640199,unknown,0.0,0.0,0.0,0.0,0.0,"{'device': [0, 1, 2, 3]}",4,after_layer1,device,False,9,0.0,0.07650243199896067,-0.38251215999480337,1,4e74710a43fc40a7850447a3b90ac2cf,97,"{'device_compute': 0.07647008000640199, 'd2e_transport': 0.0, 'edge_queue': 0.0, 'edge_segment_compute': 0.0, 'edge_exit_head_compute': 0.0, 'edge_exit_check': 0.0, 'e2c_transport': 0.0, 'cloud_queue': 0.0, 'cloud_segment_compute': 0.0, 'cloud_exit_head_compute': 0.0, 'cloud_exit_check': 0.0, 'total_latency': 0.07650243199896067, 'unattributed_overhead': 3.2351992558687925e-05, 'request_id': '4e74710a43fc40a7850447a3b90ac2cf', 'user_id': 0, 'prediction': 1, 'exit_id': 'after_layer1', 'exit_boundary_id': 4, 'exit_location': 'device', 'confidence': 0.2704513669013977, 'executed_segments_by_node': {'device': [0, 1, 2, 3]}, 'nodes': [{'node': 'device', 'executed_segments': [0, 1, 2, 3], 'queue_s': 0.0, 'segment_compute_s': 0.07517009400180541, 'exit_head_compute_s': 0.0010737999982666224, 'exit_check_s': 7.08900042809546e-05, 'worker_elapsed_s': 0.07647008000640199}], 'sample_id': 'balanced_009_0007_00007799', 'label': 9, 'correct': False, 'observed_utility': -0.38251215999480337}",balanced_009_0007_00007799,97,7799,14.59515380859375,0.07650243199896067,3.2351992558687925e-05,0
0.07890310599759687,0.07890310599759687,0.0789380509959301,0.07890310599759687,1784170728.1491425,1784170713.2943652,1784170713.5443652,0.0,0.0,0.0,0.0,0.39347371459007263,0.0,0.07890310599759687,unknown,0.0,0.0,0.0,0.0,0.0,"{'device': [0, 1, 2, 3]}",4,after_layer1,device,False,9,0.0,0.0789380509959301,-0.3946902549796505,1,4985cdc0e7bb40349f988048ff1d31c8,98,"{'device_compute': 0.07890310599759687, 'd2e_transport': 0.0, 'edge_queue': 0.0, 'edge_segment_compute': 0.0, 'edge_exit_head_compute': 0.0, 'edge_exit_check': 0.0, 'e2c_transport': 0.0, 'cloud_queue': 0.0, 'cloud_segment_compute': 0.0, 'cloud_exit_head_compute': 0.0, 'cloud_exit_check': 0.0, 'total_latency': 0.0789380509959301, 'unattributed_overhead': 3.4944998333230615e-05, 'request_id': '4985cdc0e7bb40349f988048ff1d31c8', 'user_id': 0, 'prediction': 1, 'exit_id': 'after_layer1', 'exit_boundary_id': 4, 'exit_location': 'device', 'confidence': 0.39347371459007263, 'executed_segments_by_node': {'device': [0, 1, 2, 3]}, 'nodes': [{'node': 'device', 'executed_segments': [0, 1, 2, 3], 'queue_s': 0.0, 'segment_compute_s': 0.07764769499772228, 'exit_head_compute_s': 0.0010021880007116124, 'exit_check_s': 7.255599484778941e-05, 'worker_elapsed_s': 0.07890310599759687}], 'sample_id': 'balanced_009_0008_00008116', 'label': 9, 'correct': False, 'observed_utility': -0.3946902549796505}",balanced_009_0008_00008116,98,8116,14.604777336120605,0.0789380509959301,3.4944998333230615e-05,0
0.07895151400589384,0.07895151400589384,0.07898203200602438,0.07895151400589384,1784170729.2625816,1784170714.946505,1784170715.196505,0.0,0.0,0.0,0.0,0.2727065086364746,0.0,0.07895151400589384,unknown,0.0,0.0,0.0,0.0,0.0,"{'device': [0, 1, 2, 3]}",4,after_layer1,device,False,9,0.0,0.07898203200602438,-0.3949101600301219,8,491fc5c73c2e46e5976160cb56eb15a8,99,"{'device_compute': 0.07895151400589384, 'd2e_transport': 0.0, 'edge_queue': 0.0, 'edge_segment_compute': 0.0, 'edge_exit_head_compute': 0.0, 'edge_exit_check': 0.0, 'e2c_transport': 0.0, 'cloud_queue': 0.0, 'cloud_segment_compute': 0.0, 'cloud_exit_head_compute': 0.0, 'cloud_exit_check': 0.0, 'total_latency': 0.07898203200602438, 'unattributed_overhead': 3.051800013054162e-05, 'request_id': '491fc5c73c2e46e5976160cb56eb15a8', 'user_id': 0, 'prediction': 8, 'exit_id': 'after_layer1', 'exit_boundary_id': 4, 'exit_location': 'device', 'confidence': 0.2727065086364746, 'executed_segments_by_node': {'device': [0, 1, 2, 3]}, 'nodes': [{'node': 'device', 'executed_segments': [0, 1, 2, 3], 'queue_s': 0.0, 'segment_compute_s': 0.07769551000092179, 'exit_head_compute_s': 0.001041133000398986, 'exit_check_s': 6.466600461862981e-05, 'worker_elapsed_s': 0.07895151400589384}], 'sample_id': 'balanced_009_0009_00008426', 'label': 9, 'correct': False, 'observed_utility': -0.3949101600301219}",balanced_009_0009_00008426,99,8426,14.066076517105103,0.07898203200602438,3.051800013054162e-05,0
