T_bandwidth_calibration,T_compute_device,T_d_compute,T_total,T_worker_elapsed_s,actual_start_at_utc,barrier_ready_at_utc,barrier_release_at_utc,cloud_exit_check,cloud_exit_head_compute,cloud_queue,cloud_segment_compute,confidence,d2e_transport,decision_id,decision_version,device_compute,difficulty,e2c_transport,edge_exit_check,edge_exit_head_compute,edge_queue,edge_segment_compute,executed_segments_by_node,exit_boundary_id,exit_id,exit_location,is_correct,label,objective_alpha,objective_beta,observed_accuracy,observed_latency,observed_utility,prediction,request_id,request_seq,request_trace,sample_id,sample_index,source_index,start_skew_s,test_sample_seed,total_latency,unattributed_overhead,user_id
3.3427257537841797,0.28250219000619836,0.28250219000619836,0.28253561598830856,0.28250219000619836,1784951553.4780028,1784951549.349307,1784951552.9420328,0.0,0.0,0.0,0.0,0.9748860597610474,0.0,ablate-ee-only-resnet50-cifar10-pi5-single-20260725-114734:v1,1,0.28250219000619836,unknown,0.0,0.0,0.0,0.0,0.0,"{'device': [0, 1, 2, 3, 4, 5, 6, 7, 8, 9, 10, 11, 12, 13, 14, 15, 16, 17, 18]}",19,final,device,True,4,1.0,5.0,1.0,0.28253561598830856,-0.4126780799415428,4,6607f4bdcdc34823a4a3b5472be17684,0,"{'device_compute': 0.28250219000619836, 'd2e_transport': 0.0, 'edge_queue': 0.0, 'edge_segment_compute': 0.0, 'edge_exit_head_compute': 0.0, 'edge_exit_check': 0.0, 'e2c_transport': 0.0, 'cloud_queue': 0.0, 'cloud_segment_compute': 0.0, 'cloud_exit_head_compute': 0.0, 'cloud_exit_check': 0.0, 'total_latency': 0.28253561598830856, 'unattributed_overhead': 3.342598211020231e-05, 'request_id': '6607f4bdcdc34823a4a3b5472be17684', 'user_id': 0, 'prediction': 4, 'exit_id': 'final', 'exit_boundary_id': 19, 'exit_location': 'device', 'confidence': 0.9748860597610474, 'executed_segments_by_node': {'device': [0, 1, 2, 3, 4, 5, 6, 7, 8, 9, 10, 11, 12, 13, 14, 15, 16, 17, 18]}, 'nodes': [{'node': 'device', 'executed_segments': [0, 1, 2, 3, 4, 5, 6, 7, 8, 9, 10, 11, 12, 13, 14, 15, 16, 17, 18], 'queue_s': 0.0, 'segment_compute_s': 0.2786623160063755, 'exit_head_compute_s': 0.002986141014844179, 'exit_check_s': 0.0003324969729874283, 'worker_elapsed_s': 0.28250219000619836}], 'sample_id': 'balanced_004_0974_00009729', 'label': 4, 'correct': True, 'observed_utility': -0.4126780799415428}",balanced_004_0974_00009729,0,9729,0.5359699726104736,5218225471334682005,0.28253561598830856,3.342598211020231e-05,0
0.0,0.19464556497405283,0.19464556497405283,0.19467828699271195,0.19464556497405283,1784951554.7051487,1784951553.9506686,1784951554.2006686,0.0,0.0,0.0,0.0,0.9432235956192017,0.0,ablate-ee-only-resnet50-cifar10-pi5-single-20260725-114734:v1,1,0.19464556497405283,unknown,0.0,0.0,0.0,0.0,0.0,"{'device': [0, 1, 2, 3, 4, 5, 6, 7, 8, 9, 10, 11, 12, 13]}",14,after_layer3,device,True,6,1.0,5.0,1.0,0.19467828699271195,0.026608565036440268,6,a5b94599124241e2a2595cb3d5ff7537,1,"{'device_compute': 0.19464556497405283, 'd2e_transport': 0.0, 'edge_queue': 0.0, 'edge_segment_compute': 0.0, 'edge_exit_head_compute': 0.0, 'edge_exit_check': 0.0, 'e2c_transport': 0.0, 'cloud_queue': 0.0, 'cloud_segment_compute': 0.0, 'cloud_exit_head_compute': 0.0, 'cloud_exit_check': 0.0, 'total_latency': 0.19467828699271195, 'unattributed_overhead': 3.272201865911484e-05, 'request_id': 'a5b94599124241e2a2595cb3d5ff7537', 'user_id': 0, 'prediction': 6, 'exit_id': 'after_layer3', 'exit_boundary_id': 14, 'exit_location': 'device', 'confidence': 0.9432235956192017, 'executed_segments_by_node': {'device': [0, 1, 2, 3, 4, 5, 6, 7, 8, 9, 10, 11, 12, 13]}, 'nodes': [{'node': 'device', 'executed_segments': [0, 1, 2, 3, 4, 5, 6, 7, 8, 9, 10, 11, 12, 13], 'queue_s': 0.0, 'segment_compute_s': 0.1918371650390327, 'exit_head_compute_s': 0.0022143500100355595, 'exit_check_s': 0.00019988702842965722, 'worker_elapsed_s': 0.19464556497405283}], 'sample_id': 'balanced_006_0144_00001226', 'label': 6, 'correct': True, 'observed_utility': 0.026608565036440268}",balanced_006_0144_00001226,1,1226,0.5044801235198975,5218225471334682005,0.19467828699271195,3.272201865911484e-05,0
0.0,0.25606327201239765,0.25606327201239765,0.2560928830062039,0.25606327201239765,1784951554.916885,1784951554.1608288,1784951554.4108288,0.0,0.0,0.0,0.0,0.9847025275230408,0.0,ablate-ee-only-resnet50-cifar10-pi5-single-20260725-114734:v1,1,0.25606327201239765,unknown,0.0,0.0,0.0,0.0,0.0,"{'device': [0, 1, 2, 3, 4, 5, 6, 7, 8, 9, 10, 11, 12, 13, 14, 15, 16, 17, 18]}",19,final,device,True,5,1.0,5.0,1.0,0.2560928830062039,-0.2804644150310196,5,29fa1aab45cc41f0aa6694d41fb30627,2,"{'device_compute': 0.25606327201239765, 'd2e_transport': 0.0, 'edge_queue': 0.0, 'edge_segment_compute': 0.0, 'edge_exit_head_compute': 0.0, 'edge_exit_check': 0.0, 'e2c_transport': 0.0, 'cloud_queue': 0.0, 'cloud_segment_compute': 0.0, 'cloud_exit_head_compute': 0.0, 'cloud_exit_check': 0.0, 'total_latency': 0.2560928830062039, 'unattributed_overhead': 2.9610993806272745e-05, 'request_id': '29fa1aab45cc41f0aa6694d41fb30627', 'user_id': 0, 'prediction': 5, 'exit_id': 'final', 'exit_boundary_id': 19, 'exit_location': 'device', 'confidence': 0.9847025275230408, 'executed_segments_by_node': {'device': [0, 1, 2, 3, 4, 5, 6, 7, 8, 9, 10, 11, 12, 13, 14, 15, 16, 17, 18]}, 'nodes': [{'node': 'device', 'executed_segments': [0, 1, 2, 3, 4, 5, 6, 7, 8, 9, 10, 11, 12, 13, 14, 15, 16, 17, 18], 'queue_s': 0.0, 'segment_compute_s': 0.25314641106524505, 'exit_head_compute_s': 0.0021830369951203465, 'exit_check_s': 0.0002482370182406157, 'worker_elapsed_s': 0.25606327201239765}], 'sample_id': 'balanced_005_0848_00008378', 'label': 5, 'correct': True, 'observed_utility': -0.2804644150310196}",balanced_005_0848_00008378,2,8378,0.5060560703277588,5218225471334682005,0.2560928830062039,2.9610993806272745e-05,0
0.0,0.26667938398895785,0.26667938398895785,0.26671049400465563,0.26667938398895785,1784951555.2190697,1784951554.4644375,1784951554.7144375,0.0,0.0,0.0,0.0,0.9983102083206177,0.0,ablate-ee-only-resnet50-cifar10-pi5-single-20260725-114734:v1,1,0.26667938398895785,unknown,0.0,0.0,0.0,0.0,0.0,"{'device': [0, 1, 2, 3, 4, 5, 6, 7, 8, 9, 10, 11, 12, 13, 14, 15, 16, 17, 18]}",19,final,device,True,5,1.0,5.0,1.0,0.26671049400465563,-0.33355247002327815,5,7270b327b31141b6ad8037b7c82e372b,3,"{'device_compute': 0.26667938398895785, 'd2e_transport': 0.0, 'edge_queue': 0.0, 'edge_segment_compute': 0.0, 'edge_exit_head_compute': 0.0, 'edge_exit_check': 0.0, 'e2c_transport': 0.0, 'cloud_queue': 0.0, 'cloud_segment_compute': 0.0, 'cloud_exit_head_compute': 0.0, 'cloud_exit_check': 0.0, 'total_latency': 0.26671049400465563, 'unattributed_overhead': 3.111001569777727e-05, 'request_id': '7270b327b31141b6ad8037b7c82e372b', 'user_id': 0, 'prediction': 5, 'exit_id': 'final', 'exit_boundary_id': 19, 'exit_location': 'device', 'confidence': 0.9983102083206177, 'executed_segments_by_node': {'device': [0, 1, 2, 3, 4, 5, 6, 7, 8, 9, 10, 11, 12, 13, 14, 15, 16, 17, 18]}, 'nodes': [{'node': 'device', 'executed_segments': [0, 1, 2, 3, 4, 5, 6, 7, 8, 9, 10, 11, 12, 13, 14, 15, 16, 17, 18], 'queue_s': 0.0, 'segment_compute_s': 0.26364459298201837, 'exit_head_compute_s': 0.0022564259998034686, 'exit_check_s': 0.00026861001970246434, 'worker_elapsed_s': 0.26667938398895785}], 'sample_id': 'balanced_005_0383_00003945', 'label': 5, 'correct': True, 'observed_utility': -0.33355247002327815}",balanced_005_0383_00003945,3,3945,0.5046322345733643,5218225471334682005,0.26671049400465563,3.111001569777727e-05,0
0.0,0.19152153801405802,0.19152153801405802,0.19155290801427327,0.19152153801405802,1784951555.5295384,1784951554.7745478,1784951555.0245478,0.0,0.0,0.0,0.0,0.9885843992233276,0.0,ablate-ee-only-resnet50-cifar10-pi5-single-20260725-114734:v1,1,0.19152153801405802,unknown,0.0,0.0,0.0,0.0,0.0,"{'device': [0, 1, 2, 3, 4, 5, 6, 7, 8, 9, 10, 11, 12, 13]}",14,after_layer3,device,True,0,1.0,5.0,1.0,0.19155290801427327,0.042235459928633645,0,3b8d3cb1c86a4eea99c8ff55a008bfd5,4,"{'device_compute': 0.19152153801405802, 'd2e_transport': 0.0, 'edge_queue': 0.0, 'edge_segment_compute': 0.0, 'edge_exit_head_compute': 0.0, 'edge_exit_check': 0.0, 'e2c_transport': 0.0, 'cloud_queue': 0.0, 'cloud_segment_compute': 0.0, 'cloud_exit_head_compute': 0.0, 'cloud_exit_check': 0.0, 'total_latency': 0.19155290801427327, 'unattributed_overhead': 3.1370000215247273e-05, 'request_id': '3b8d3cb1c86a4eea99c8ff55a008bfd5', 'user_id': 0, 'prediction': 0, 'exit_id': 'after_layer3', 'exit_boundary_id': 14, 'exit_location': 'device', 'confidence': 0.9885843992233276, 'executed_segments_by_node': {'device': [0, 1, 2, 3, 4, 5, 6, 7, 8, 9, 10, 11, 12, 13]}, 'nodes': [{'node': 'device', 'executed_segments': [0, 1, 2, 3, 4, 5, 6, 7, 8, 9, 10, 11, 12, 13], 'queue_s': 0.0, 'segment_compute_s': 0.18879287605523132, 'exit_head_compute_s': 0.00215079597546719, 'exit_check_s': 0.00018722002278082073, 'worker_elapsed_s': 0.19152153801405802}], 'sample_id': 'balanced_000_0644_00006476', 'label': 0, 'correct': True, 'observed_utility': 0.042235459928633645}",balanced_000_0644_00006476,4,6476,0.5049905776977539,5218225471334682005,0.19155290801427327,3.1370000215247273e-05,0
0.0,0.272611925000092,0.272611925000092,0.27264094300335273,0.272611925000092,1784951555.7386339,1784951554.982775,1784951555.232775,0.0,0.0,0.0,0.0,0.6640061140060425,0.0,ablate-ee-only-resnet50-cifar10-pi5-single-20260725-114734:v1,1,0.272611925000092,unknown,0.0,0.0,0.0,0.0,0.0,"{'device': [0, 1, 2, 3, 4, 5, 6, 7, 8, 9, 10, 11, 12, 13, 14, 15, 16, 17, 18]}",19,final,device,False,6,1.0,5.0,0.0,0.27264094300335273,-1.3632047150167637,3,6d3e5116c15d49ec9fd1fca57d51ea74,5,"{'device_compute': 0.272611925000092, 'd2e_transport': 0.0, 'edge_queue': 0.0, 'edge_segment_compute': 0.0, 'edge_exit_head_compute': 0.0, 'edge_exit_check': 0.0, 'e2c_transport': 0.0, 'cloud_queue': 0.0, 'cloud_segment_compute': 0.0, 'cloud_exit_head_compute': 0.0, 'cloud_exit_check': 0.0, 'total_latency': 0.27264094300335273, 'unattributed_overhead': 2.9018003260716796e-05, 'request_id': '6d3e5116c15d49ec9fd1fca57d51ea74', 'user_id': 0, 'prediction': 3, 'exit_id': 'final', 'exit_boundary_id': 19, 'exit_location': 'device', 'confidence': 0.6640061140060425, 'executed_segments_by_node': {'device': [0, 1, 2, 3, 4, 5, 6, 7, 8, 9, 10, 11, 12, 13, 14, 15, 16, 17, 18]}, 'nodes': [{'node': 'device', 'executed_segments': [0, 1, 2, 3, 4, 5, 6, 7, 8, 9, 10, 11, 12, 13, 14, 15, 16, 17, 18], 'queue_s': 0.0, 'segment_compute_s': 0.2686588470241986, 'exit_head_compute_s': 0.0032064909755717963, 'exit_check_s': 0.0002506290329620242, 'worker_elapsed_s': 0.272611925000092}], 'sample_id': 'balanced_006_0251_00002415', 'label': 6, 'correct': False, 'observed_utility': -1.3632047150167637}",balanced_006_0251_00002415,5,2415,0.5058588981628418,5218225471334682005,0.27264094300335273,2.9018003260716796e-05,0
0.0,0.20807983801933005,0.20807983801933005,0.2081106340046972,0.20807983801933005,1784951556.03965,1784951555.284619,1784951555.534619,0.0,0.0,0.0,0.0,0.9902085065841675,0.0,ablate-ee-only-resnet50-cifar10-pi5-single-20260725-114734:v1,1,0.20807983801933005,unknown,0.0,0.0,0.0,0.0,0.0,"{'device': [0, 1, 2, 3, 4, 5, 6, 7, 8, 9, 10, 11, 12, 13]}",14,after_layer3,device,True,7,1.0,5.0,1.0,0.2081106340046972,-0.04055317002348602,7,de113d17fc1c4dd0a4052a53ae4c4c16,6,"{'device_compute': 0.20807983801933005, 'd2e_transport': 0.0, 'edge_queue': 0.0, 'edge_segment_compute': 0.0, 'edge_exit_head_compute': 0.0, 'edge_exit_check': 0.0, 'e2c_transport': 0.0, 'cloud_queue': 0.0, 'cloud_segment_compute': 0.0, 'cloud_exit_head_compute': 0.0, 'cloud_exit_check': 0.0, 'total_latency': 0.2081106340046972, 'unattributed_overhead': 3.0795985367149115e-05, 'request_id': 'de113d17fc1c4dd0a4052a53ae4c4c16', 'user_id': 0, 'prediction': 7, 'exit_id': 'after_layer3', 'exit_boundary_id': 14, 'exit_location': 'device', 'confidence': 0.9902085065841675, 'executed_segments_by_node': {'device': [0, 1, 2, 3, 4, 5, 6, 7, 8, 9, 10, 11, 12, 13]}, 'nodes': [{'node': 'device', 'executed_segments': [0, 1, 2, 3, 4, 5, 6, 7, 8, 9, 10, 11, 12, 13], 'queue_s': 0.0, 'segment_compute_s': 0.20528388197999448, 'exit_head_compute_s': 0.0022263340069912374, 'exit_check_s': 0.0001862579956650734, 'worker_elapsed_s': 0.20807983801933005}], 'sample_id': 'balanced_007_0117_00001201', 'label': 7, 'correct': True, 'observed_utility': -0.04055317002348602}",balanced_007_0117_00001201,6,1201,0.5050308704376221,5218225471334682005,0.2081106340046972,3.0795985367149115e-05,0
0.0,0.1977944830141496,0.1977944830141496,0.19782598299207166,0.1977944830141496,1784951556.2619252,1784951555.5073009,1784951555.7573009,0.0,0.0,0.0,0.0,0.9906362891197205,0.0,ablate-ee-only-resnet50-cifar10-pi5-single-20260725-114734:v1,1,0.1977944830141496,unknown,0.0,0.0,0.0,0.0,0.0,"{'device': [0, 1, 2, 3, 4, 5, 6, 7, 8, 9, 10, 11, 12, 13]}",14,after_layer3,device,True,1,1.0,5.0,1.0,0.19782598299207166,0.010870085039641708,1,5c2b6dac11254d739fa985be6ecbc59f,7,"{'device_compute': 0.1977944830141496, 'd2e_transport': 0.0, 'edge_queue': 0.0, 'edge_segment_compute': 0.0, 'edge_exit_head_compute': 0.0, 'edge_exit_check': 0.0, 'e2c_transport': 0.0, 'cloud_queue': 0.0, 'cloud_segment_compute': 0.0, 'cloud_exit_head_compute': 0.0, 'cloud_exit_check': 0.0, 'total_latency': 0.19782598299207166, 'unattributed_overhead': 3.1499977922067046e-05, 'request_id': '5c2b6dac11254d739fa985be6ecbc59f', 'user_id': 0, 'prediction': 1, 'exit_id': 'after_layer3', 'exit_boundary_id': 14, 'exit_location': 'device', 'confidence': 0.9906362891197205, 'executed_segments_by_node': {'device': [0, 1, 2, 3, 4, 5, 6, 7, 8, 9, 10, 11, 12, 13]}, 'nodes': [{'node': 'device', 'executed_segments': [0, 1, 2, 3, 4, 5, 6, 7, 8, 9, 10, 11, 12, 13], 'queue_s': 0.0, 'segment_compute_s': 0.19506839601672255, 'exit_head_compute_s': 0.002152314002159983, 'exit_check_s': 0.0001828119857236743, 'worker_elapsed_s': 0.1977944830141496}], 'sample_id': 'balanced_001_0618_00006279', 'label': 1, 'correct': True, 'observed_utility': 0.010870085039641708}",balanced_001_0618_00006279,7,6279,0.5046243667602539,5218225471334682005,0.19782598299207166,3.1499977922067046e-05,0
0.0,0.18636863798019476,0.18636863798019476,0.18639958198764361,0.18636863798019476,1784951556.4764128,1784951555.7207584,1784951555.9707584,0.0,0.0,0.0,0.0,0.9741882085800171,0.0,ablate-ee-only-resnet50-cifar10-pi5-single-20260725-114734:v1,1,0.18636863798019476,unknown,0.0,0.0,0.0,0.0,0.0,"{'device': [0, 1, 2, 3, 4, 5, 6, 7, 8, 9, 10, 11, 12, 13]}",14,after_layer3,device,True,4,1.0,5.0,1.0,0.18639958198764361,0.06800209006178193,4,7bb5b83aa6c7489185353fcf9ee4b20c,8,"{'device_compute': 0.18636863798019476, 'd2e_transport': 0.0, 'edge_queue': 0.0, 'edge_segment_compute': 0.0, 'edge_exit_head_compute': 0.0, 'edge_exit_check': 0.0, 'e2c_transport': 0.0, 'cloud_queue': 0.0, 'cloud_segment_compute': 0.0, 'cloud_exit_head_compute': 0.0, 'cloud_exit_check': 0.0, 'total_latency': 0.18639958198764361, 'unattributed_overhead': 3.094400744885206e-05, 'request_id': '7bb5b83aa6c7489185353fcf9ee4b20c', 'user_id': 0, 'prediction': 4, 'exit_id': 'after_layer3', 'exit_boundary_id': 14, 'exit_location': 'device', 'confidence': 0.9741882085800171, 'executed_segments_by_node': {'device': [0, 1, 2, 3, 4, 5, 6, 7, 8, 9, 10, 11, 12, 13]}, 'nodes': [{'node': 'device', 'executed_segments': [0, 1, 2, 3, 4, 5, 6, 7, 8, 9, 10, 11, 12, 13], 'queue_s': 0.0, 'segment_compute_s': 0.18358901506871916, 'exit_head_compute_s': 0.002198294998379424, 'exit_check_s': 0.00018814599025063217, 'worker_elapsed_s': 0.18636863798019476}], 'sample_id': 'balanced_004_0854_00008452', 'label': 4, 'correct': True, 'observed_utility': 0.06800209006178193}",balanced_004_0854_00008452,8,8452,0.5056543350219727,5218225471334682005,0.18639958198764361,3.094400744885206e-05,0
0.0,0.20251520100282505,0.20251520100282505,0.20254634899902157,0.20251520100282505,1784951556.6843104,1784951555.9219549,1784951556.1719549,0.0,0.0,0.0,0.0,0.8943979740142822,0.0,ablate-ee-only-resnet50-cifar10-pi5-single-20260725-114734:v1,1,0.20251520100282505,unknown,0.0,0.0,0.0,0.0,0.0,"{'device': [0, 1, 2, 3, 4, 5, 6, 7, 8, 9, 10, 11, 12, 13]}",14,after_layer3,device,True,1,1.0,5.0,1.0,0.20254634899902157,-0.012731744995107874,1,0cbe1fc20e0f4b3b99bad17c5e4480f9,9,"{'device_compute': 0.20251520100282505, 'd2e_transport': 0.0, 'edge_queue': 0.0, 'edge_segment_compute': 0.0, 'edge_exit_head_compute': 0.0, 'edge_exit_check': 0.0, 'e2c_transport': 0.0, 'cloud_queue': 0.0, 'cloud_segment_compute': 0.0, 'cloud_exit_head_compute': 0.0, 'cloud_exit_check': 0.0, 'total_latency': 0.20254634899902157, 'unattributed_overhead': 3.114799619652331e-05, 'request_id': '0cbe1fc20e0f4b3b99bad17c5e4480f9', 'user_id': 0, 'prediction': 1, 'exit_id': 'after_layer3', 'exit_boundary_id': 14, 'exit_location': 'device', 'confidence': 0.8943979740142822, 'executed_segments_by_node': {'device': [0, 1, 2, 3, 4, 5, 6, 7, 8, 9, 10, 11, 12, 13]}, 'nodes': [{'node': 'device', 'executed_segments': [0, 1, 2, 3, 4, 5, 6, 7, 8, 9, 10, 11, 12, 13], 'queue_s': 0.0, 'segment_compute_s': 0.1976134269789327, 'exit_head_compute_s': 0.0037188380083534867, 'exit_check_s': 0.0002049600298050791, 'worker_elapsed_s': 0.20251520100282505}], 'sample_id': 'balanced_001_0878_00008663', 'label': 1, 'correct': True, 'observed_utility': -0.012731744995107874}",balanced_001_0878_00008663,9,8663,0.5123555660247803,5218225471334682005,0.20254634899902157,3.114799619652331e-05,0
0.0,0.24496096197981387,0.24496096197981387,0.2449899799830746,0.24496096197981387,1784951556.9641533,1784951556.2098234,1784951556.4598234,0.0,0.0,0.0,0.0,0.9973974227905273,0.0,ablate-ee-only-resnet50-cifar10-pi5-single-20260725-114734:v1,1,0.24496096197981387,unknown,0.0,0.0,0.0,0.0,0.0,"{'device': [0, 1, 2, 3, 4, 5, 6, 7, 8, 9, 10, 11, 12, 13, 14, 15, 16, 17, 18]}",19,final,device,True,3,1.0,5.0,1.0,0.2449899799830746,-0.22494989991537295,3,18aaf19df5004b93ab42b1c0e137fd9b,10,"{'device_compute': 0.24496096197981387, 'd2e_transport': 0.0, 'edge_queue': 0.0, 'edge_segment_compute': 0.0, 'edge_exit_head_compute': 0.0, 'edge_exit_check': 0.0, 'e2c_transport': 0.0, 'cloud_queue': 0.0, 'cloud_segment_compute': 0.0, 'cloud_exit_head_compute': 0.0, 'cloud_exit_check': 0.0, 'total_latency': 0.2449899799830746, 'unattributed_overhead': 2.9018003260716796e-05, 'request_id': '18aaf19df5004b93ab42b1c0e137fd9b', 'user_id': 0, 'prediction': 3, 'exit_id': 'final', 'exit_boundary_id': 19, 'exit_location': 'device', 'confidence': 0.9973974227905273, 'executed_segments_by_node': {'device': [0, 1, 2, 3, 4, 5, 6, 7, 8, 9, 10, 11, 12, 13, 14, 15, 16, 17, 18]}, 'nodes': [{'node': 'device', 'executed_segments': [0, 1, 2, 3, 4, 5, 6, 7, 8, 9, 10, 11, 12, 13, 14, 15, 16, 17, 18], 'queue_s': 0.0, 'segment_compute_s': 0.242120450042421, 'exit_head_compute_s': 0.002105166990077123, 'exit_check_s': 0.0002464800199959427, 'worker_elapsed_s': 0.24496096197981387}], 'sample_id': 'balanced_003_0113_00001074', 'label': 3, 'correct': True, 'observed_utility': -0.22494989991537295}",balanced_003_0113_00001074,10,1074,0.5043299198150635,5218225471334682005,0.2449899799830746,2.9018003260716796e-05,0
0.0,0.24808032397413626,0.24808032397413626,0.2481091009976808,0.24808032397413626,1784951557.2818503,1784951556.523229,1784951556.773229,0.0,0.0,0.0,0.0,0.9973630309104919,0.0,ablate-ee-only-resnet50-cifar10-pi5-single-20260725-114734:v1,1,0.24808032397413626,unknown,0.0,0.0,0.0,0.0,0.0,"{'device': [0, 1, 2, 3, 4, 5, 6, 7, 8, 9, 10, 11, 12, 13, 14, 15, 16, 17, 18]}",19,final,device,True,9,1.0,5.0,1.0,0.2481091009976808,-0.240545504988404,9,b66d9ea7488e408c9f0970a4c1d4fd8f,11,"{'device_compute': 0.24808032397413626, 'd2e_transport': 0.0, 'edge_queue': 0.0, 'edge_segment_compute': 0.0, 'edge_exit_head_compute': 0.0, 'edge_exit_check': 0.0, 'e2c_transport': 0.0, 'cloud_queue': 0.0, 'cloud_segment_compute': 0.0, 'cloud_exit_head_compute': 0.0, 'cloud_exit_check': 0.0, 'total_latency': 0.2481091009976808, 'unattributed_overhead': 2.877702354453504e-05, 'request_id': 'b66d9ea7488e408c9f0970a4c1d4fd8f', 'user_id': 0, 'prediction': 9, 'exit_id': 'final', 'exit_boundary_id': 19, 'exit_location': 'device', 'confidence': 0.9973630309104919, 'executed_segments_by_node': {'device': [0, 1, 2, 3, 4, 5, 6, 7, 8, 9, 10, 11, 12, 13, 14, 15, 16, 17, 18]}, 'nodes': [{'node': 'device', 'executed_segments': [0, 1, 2, 3, 4, 5, 6, 7, 8, 9, 10, 11, 12, 13, 14, 15, 16, 17, 18], 'queue_s': 0.0, 'segment_compute_s': 0.2451731079199817, 'exit_head_compute_s': 0.0021613159915432334, 'exit_check_s': 0.0002510709746275097, 'worker_elapsed_s': 0.24808032397413626}], 'sample_id': 'balanced_009_0323_00003170', 'label': 9, 'correct': True, 'observed_utility': -0.240545504988404}",balanced_009_0323_00003170,11,3170,0.5086214542388916,5218225471334682005,0.2481091009976808,2.877702354453504e-05,0
0.0,0.2098619150056038,0.2098619150056038,0.20989348902367055,0.2098619150056038,1784951557.5896058,1784951556.8320334,1784951557.0820334,0.0,0.0,0.0,0.0,0.9985326528549194,0.0,ablate-ee-only-resnet50-cifar10-pi5-single-20260725-114734:v1,1,0.2098619150056038,unknown,0.0,0.0,0.0,0.0,0.0,"{'device': [0, 1, 2, 3, 4, 5, 6, 7, 8, 9, 10, 11, 12, 13]}",14,after_layer3,device,True,8,1.0,5.0,1.0,0.20989348902367055,-0.04946744511835277,8,167c31b33f6c44babbb203edd471219f,12,"{'device_compute': 0.2098619150056038, 'd2e_transport': 0.0, 'edge_queue': 0.0, 'edge_segment_compute': 0.0, 'edge_exit_head_compute': 0.0, 'edge_exit_check': 0.0, 'e2c_transport': 0.0, 'cloud_queue': 0.0, 'cloud_segment_compute': 0.0, 'cloud_exit_head_compute': 0.0, 'cloud_exit_check': 0.0, 'total_latency': 0.20989348902367055, 'unattributed_overhead': 3.157401806674898e-05, 'request_id': '167c31b33f6c44babbb203edd471219f', 'user_id': 0, 'prediction': 8, 'exit_id': 'after_layer3', 'exit_boundary_id': 14, 'exit_location': 'device', 'confidence': 0.9985326528549194, 'executed_segments_by_node': {'device': [0, 1, 2, 3, 4, 5, 6, 7, 8, 9, 10, 11, 12, 13]}, 'nodes': [{'node': 'device', 'executed_segments': [0, 1, 2, 3, 4, 5, 6, 7, 8, 9, 10, 11, 12, 13], 'queue_s': 0.0, 'segment_compute_s': 0.2071647710108664, 'exit_head_compute_s': 0.0021143900230526924, 'exit_check_s': 0.00018994303536601365, 'worker_elapsed_s': 0.2098619150056038}], 'sample_id': 'balanced_008_0750_00007678', 'label': 8, 'correct': True, 'observed_utility': -0.04946744511835277}",balanced_008_0750_00007678,12,7678,0.5075724124908447,5218225471334682005,0.20989348902367055,3.157401806674898e-05,0
0.0,0.19354263102286495,0.19354263102286495,0.1935754640144296,0.19354263102286495,1784951557.8836114,1784951557.128085,1784951557.378085,0.0,0.0,0.0,0.0,0.9919323325157166,0.0,ablate-ee-only-resnet50-cifar10-pi5-single-20260725-114734:v1,1,0.19354263102286495,unknown,0.0,0.0,0.0,0.0,0.0,"{'device': [0, 1, 2, 3, 4, 5, 6, 7, 8, 9, 10, 11, 12, 13]}",14,after_layer3,device,True,0,1.0,5.0,1.0,0.1935754640144296,0.032122679927852005,0,a77de7e9d76b4fefb215354b3decba26,13,"{'device_compute': 0.19354263102286495, 'd2e_transport': 0.0, 'edge_queue': 0.0, 'edge_segment_compute': 0.0, 'edge_exit_head_compute': 0.0, 'edge_exit_check': 0.0, 'e2c_transport': 0.0, 'cloud_queue': 0.0, 'cloud_segment_compute': 0.0, 'cloud_exit_head_compute': 0.0, 'cloud_exit_check': 0.0, 'total_latency': 0.1935754640144296, 'unattributed_overhead': 3.283299156464636e-05, 'request_id': 'a77de7e9d76b4fefb215354b3decba26', 'user_id': 0, 'prediction': 0, 'exit_id': 'after_layer3', 'exit_boundary_id': 14, 'exit_location': 'device', 'confidence': 0.9919323325157166, 'executed_segments_by_node': {'device': [0, 1, 2, 3, 4, 5, 6, 7, 8, 9, 10, 11, 12, 13]}, 'nodes': [{'node': 'device', 'executed_segments': [0, 1, 2, 3, 4, 5, 6, 7, 8, 9, 10, 11, 12, 13], 'queue_s': 0.0, 'segment_compute_s': 0.1907500079832971, 'exit_head_compute_s': 0.0022076469904277474, 'exit_check_s': 0.0001914799795486033, 'worker_elapsed_s': 0.19354263102286495}], 'sample_id': 'balanced_000_0458_00004666', 'label': 0, 'correct': True, 'observed_utility': 0.032122679927852005}",balanced_000_0458_00004666,13,4666,0.5055265426635742,5218225471334682005,0.1935754640144296,3.283299156464636e-05,0
0.0,0.20039068299229257,0.20039068299229257,0.2004230530001223,0.20039068299229257,1784951558.0949483,1784951557.340464,1784951557.590464,0.0,0.0,0.0,0.0,0.861683189868927,0.0,ablate-ee-only-resnet50-cifar10-pi5-single-20260725-114734:v1,1,0.20039068299229257,unknown,0.0,0.0,0.0,0.0,0.0,"{'device': [0, 1, 2, 3, 4, 5, 6, 7, 8, 9, 10, 11, 12, 13]}",14,after_layer3,device,True,3,1.0,5.0,1.0,0.2004230530001223,-0.0021152650006115437,3,21bf5f20dd824cb29daf01b5afdb1989,14,"{'device_compute': 0.20039068299229257, 'd2e_transport': 0.0, 'edge_queue': 0.0, 'edge_segment_compute': 0.0, 'edge_exit_head_compute': 0.0, 'edge_exit_check': 0.0, 'e2c_transport': 0.0, 'cloud_queue': 0.0, 'cloud_segment_compute': 0.0, 'cloud_exit_head_compute': 0.0, 'cloud_exit_check': 0.0, 'total_latency': 0.2004230530001223, 'unattributed_overhead': 3.2370007829740644e-05, 'request_id': '21bf5f20dd824cb29daf01b5afdb1989', 'user_id': 0, 'prediction': 3, 'exit_id': 'after_layer3', 'exit_boundary_id': 14, 'exit_location': 'device', 'confidence': 0.861683189868927, 'executed_segments_by_node': {'device': [0, 1, 2, 3, 4, 5, 6, 7, 8, 9, 10, 11, 12, 13]}, 'nodes': [{'node': 'device', 'executed_segments': [0, 1, 2, 3, 4, 5, 6, 7, 8, 9, 10, 11, 12, 13], 'queue_s': 0.0, 'segment_compute_s': 0.1976452979433816, 'exit_head_compute_s': 0.0021598700259346515, 'exit_check_s': 0.00018785102292895317, 'worker_elapsed_s': 0.20039068299229257}], 'sample_id': 'balanced_003_0213_00002173', 'label': 3, 'correct': True, 'observed_utility': -0.0021152650006115437}",balanced_003_0213_00002173,14,2173,0.5044841766357422,5218225471334682005,0.2004230530001223,3.2370007829740644e-05,0
0.0,0.2448609069979284,0.2448609069979284,0.2448909810045734,0.2448609069979284,1784951558.3179228,1784951557.5583594,1784951557.8083594,0.0,0.0,0.0,0.0,0.9836645722389221,0.0,ablate-ee-only-resnet50-cifar10-pi5-single-20260725-114734:v1,1,0.2448609069979284,unknown,0.0,0.0,0.0,0.0,0.0,"{'device': [0, 1, 2, 3, 4, 5, 6, 7, 8, 9, 10, 11, 12, 13, 14, 15, 16, 17, 18]}",19,final,device,False,2,1.0,5.0,0.0,0.2448909810045734,-1.224454905022867,5,0a817880f0af49589d0eae9a22944c85,15,"{'device_compute': 0.2448609069979284, 'd2e_transport': 0.0, 'edge_queue': 0.0, 'edge_segment_compute': 0.0, 'edge_exit_head_compute': 0.0, 'edge_exit_check': 0.0, 'e2c_transport': 0.0, 'cloud_queue': 0.0, 'cloud_segment_compute': 0.0, 'cloud_exit_head_compute': 0.0, 'cloud_exit_check': 0.0, 'total_latency': 0.2448909810045734, 'unattributed_overhead': 3.007400664500892e-05, 'request_id': '0a817880f0af49589d0eae9a22944c85', 'user_id': 0, 'prediction': 5, 'exit_id': 'final', 'exit_boundary_id': 19, 'exit_location': 'device', 'confidence': 0.9836645722389221, 'executed_segments_by_node': {'device': [0, 1, 2, 3, 4, 5, 6, 7, 8, 9, 10, 11, 12, 13, 14, 15, 16, 17, 18]}, 'nodes': [{'node': 'device', 'executed_segments': [0, 1, 2, 3, 4, 5, 6, 7, 8, 9, 10, 11, 12, 13, 14, 15, 16, 17, 18], 'queue_s': 0.0, 'segment_compute_s': 0.24183617293601856, 'exit_head_compute_s': 0.0022855180432088673, 'exit_check_s': 0.000250793993473053, 'worker_elapsed_s': 0.2448609069979284}], 'sample_id': 'balanced_002_0770_00007657', 'label': 2, 'correct': False, 'observed_utility': -1.224454905022867}",balanced_002_0770_00007657,15,7657,0.5095634460449219,5218225471334682005,0.2448909810045734,3.007400664500892e-05,0
0.0,0.18811199301853776,0.18811199301853776,0.18814256699988618,0.18811199301853776,1784951558.5990014,1784951557.8438172,1784951558.0938172,0.0,0.0,0.0,0.0,0.95634925365448,0.0,ablate-ee-only-resnet50-cifar10-pi5-single-20260725-114734:v1,1,0.18811199301853776,unknown,0.0,0.0,0.0,0.0,0.0,"{'device': [0, 1, 2, 3, 4, 5, 6, 7, 8, 9, 10, 11, 12, 13]}",14,after_layer3,device,True,6,1.0,5.0,1.0,0.18814256699988618,0.059287165000569075,6,3c199642176148bda30d9ca776d19bc6,16,"{'device_compute': 0.18811199301853776, 'd2e_transport': 0.0, 'edge_queue': 0.0, 'edge_segment_compute': 0.0, 'edge_exit_head_compute': 0.0, 'edge_exit_check': 0.0, 'e2c_transport': 0.0, 'cloud_queue': 0.0, 'cloud_segment_compute': 0.0, 'cloud_exit_head_compute': 0.0, 'cloud_exit_check': 0.0, 'total_latency': 0.18814256699988618, 'unattributed_overhead': 3.057398134842515e-05, 'request_id': '3c199642176148bda30d9ca776d19bc6', 'user_id': 0, 'prediction': 6, 'exit_id': 'after_layer3', 'exit_boundary_id': 14, 'exit_location': 'device', 'confidence': 0.95634925365448, 'executed_segments_by_node': {'device': [0, 1, 2, 3, 4, 5, 6, 7, 8, 9, 10, 11, 12, 13]}, 'nodes': [{'node': 'device', 'executed_segments': [0, 1, 2, 3, 4, 5, 6, 7, 8, 9, 10, 11, 12, 13], 'queue_s': 0.0, 'segment_compute_s': 0.1853504060418345, 'exit_head_compute_s': 0.002175517030991614, 'exit_check_s': 0.00018531398382037878, 'worker_elapsed_s': 0.18811199301853776}], 'sample_id': 'balanced_006_0426_00004325', 'label': 6, 'correct': True, 'observed_utility': 0.059287165000569075}",balanced_006_0426_00004325,16,4325,0.5051841735839844,5218225471334682005,0.18814256699988618,3.057398134842515e-05,0
0.0,0.20557219302281737,0.20557219302281737,0.2056040080206003,0.20557219302281737,1784951558.8095572,1784951558.051008,1784951558.301008,0.0,0.0,0.0,0.0,0.8979895710945129,0.0,ablate-ee-only-resnet50-cifar10-pi5-single-20260725-114734:v1,1,0.20557219302281737,unknown,0.0,0.0,0.0,0.0,0.0,"{'device': [0, 1, 2, 3, 4, 5, 6, 7, 8, 9, 10, 11, 12, 13]}",14,after_layer3,device,True,0,1.0,5.0,1.0,0.2056040080206003,-0.02802004010300152,0,2e7e093287d34c01945b997f7c4b8460,17,"{'device_compute': 0.20557219302281737, 'd2e_transport': 0.0, 'edge_queue': 0.0, 'edge_segment_compute': 0.0, 'edge_exit_head_compute': 0.0, 'edge_exit_check': 0.0, 'e2c_transport': 0.0, 'cloud_queue': 0.0, 'cloud_segment_compute': 0.0, 'cloud_exit_head_compute': 0.0, 'cloud_exit_check': 0.0, 'total_latency': 0.2056040080206003, 'unattributed_overhead': 3.181499778293073e-05, 'request_id': '2e7e093287d34c01945b997f7c4b8460', 'user_id': 0, 'prediction': 0, 'exit_id': 'after_layer3', 'exit_boundary_id': 14, 'exit_location': 'device', 'confidence': 0.8979895710945129, 'executed_segments_by_node': {'device': [0, 1, 2, 3, 4, 5, 6, 7, 8, 9, 10, 11, 12, 13]}, 'nodes': [{'node': 'device', 'executed_segments': [0, 1, 2, 3, 4, 5, 6, 7, 8, 9, 10, 11, 12, 13], 'queue_s': 0.0, 'segment_compute_s': 0.20222011196892709, 'exit_head_compute_s': 0.002758513030130416, 'exit_check_s': 0.0001951090234797448, 'worker_elapsed_s': 0.20557219302281737}], 'sample_id': 'balanced_000_0998_00009987', 'label': 0, 'correct': True, 'observed_utility': -0.02802004010300152}",balanced_000_0998_00009987,17,9987,0.5085492134094238,5218225471334682005,0.2056040080206003,3.181499778293073e-05,0
0.0,0.24199793199659325,0.24199793199659325,0.24202652397798374,0.24199793199659325,1784951559.0301378,1784951558.2742414,1784951558.5242414,0.0,0.0,0.0,0.0,0.8752694725990295,0.0,ablate-ee-only-resnet50-cifar10-pi5-single-20260725-114734:v1,1,0.24199793199659325,unknown,0.0,0.0,0.0,0.0,0.0,"{'device': [0, 1, 2, 3, 4, 5, 6, 7, 8, 9, 10, 11, 12, 13, 14, 15, 16, 17, 18]}",19,final,device,False,5,1.0,5.0,0.0,0.24202652397798374,-1.2101326198899187,3,7c8c5182778b4d62b41be0875a8d54ad,18,"{'device_compute': 0.24199793199659325, 'd2e_transport': 0.0, 'edge_queue': 0.0, 'edge_segment_compute': 0.0, 'edge_exit_head_compute': 0.0, 'edge_exit_check': 0.0, 'e2c_transport': 0.0, 'cloud_queue': 0.0, 'cloud_segment_compute': 0.0, 'cloud_exit_head_compute': 0.0, 'cloud_exit_check': 0.0, 'total_latency': 0.24202652397798374, 'unattributed_overhead': 2.8591981390491128e-05, 'request_id': '7c8c5182778b4d62b41be0875a8d54ad', 'user_id': 0, 'prediction': 3, 'exit_id': 'final', 'exit_boundary_id': 19, 'exit_location': 'device', 'confidence': 0.8752694725990295, 'executed_segments_by_node': {'device': [0, 1, 2, 3, 4, 5, 6, 7, 8, 9, 10, 11, 12, 13, 14, 15, 16, 17, 18]}, 'nodes': [{'node': 'device', 'executed_segments': [0, 1, 2, 3, 4, 5, 6, 7, 8, 9, 10, 11, 12, 13, 14, 15, 16, 17, 18], 'queue_s': 0.0, 'segment_compute_s': 0.23907336604315788, 'exit_head_compute_s': 0.002185908961109817, 'exit_check_s': 0.0002510910271666944, 'worker_elapsed_s': 0.24199793199659325}], 'sample_id': 'balanced_005_0630_00006253', 'label': 5, 'correct': False, 'observed_utility': -1.2101326198899187}",balanced_005_0630_00006253,18,6253,0.5058963298797607,5218225471334682005,0.24202652397798374,2.8591981390491128e-05,0
0.0,0.26358328200876713,0.26358328200876713,0.26361665199510753,0.26358328200876713,1784951559.337955,1784951558.5835893,1784951558.8335893,0.0,0.0,0.0,0.0,0.9997795224189758,0.0,ablate-ee-only-resnet50-cifar10-pi5-single-20260725-114734:v1,1,0.26358328200876713,unknown,0.0,0.0,0.0,0.0,0.0,"{'device': [0, 1, 2, 3, 4, 5, 6, 7, 8, 9, 10, 11, 12, 13, 14, 15, 16, 17, 18]}",19,final,device,True,4,1.0,5.0,1.0,0.26361665199510753,-0.31808325997553766,4,f41d9d448acd4b51bdc7db2e161334fa,19,"{'device_compute': 0.26358328200876713, 'd2e_transport': 0.0, 'edge_queue': 0.0, 'edge_segment_compute': 0.0, 'edge_exit_head_compute': 0.0, 'edge_exit_check': 0.0, 'e2c_transport': 0.0, 'cloud_queue': 0.0, 'cloud_segment_compute': 0.0, 'cloud_exit_head_compute': 0.0, 'cloud_exit_check': 0.0, 'total_latency': 0.26361665199510753, 'unattributed_overhead': 3.336998634040356e-05, 'request_id': 'f41d9d448acd4b51bdc7db2e161334fa', 'user_id': 0, 'prediction': 4, 'exit_id': 'final', 'exit_boundary_id': 19, 'exit_location': 'device', 'confidence': 0.9997795224189758, 'executed_segments_by_node': {'device': [0, 1, 2, 3, 4, 5, 6, 7, 8, 9, 10, 11, 12, 13, 14, 15, 16, 17, 18]}, 'nodes': [{'node': 'device', 'executed_segments': [0, 1, 2, 3, 4, 5, 6, 7, 8, 9, 10, 11, 12, 13, 14, 15, 16, 17, 18], 'queue_s': 0.0, 'segment_compute_s': 0.26060803106520325, 'exit_head_compute_s': 0.0022055920271668583, 'exit_check_s': 0.00026714600971899927, 'worker_elapsed_s': 0.26358328200876713}], 'sample_id': 'balanced_004_0510_00005018', 'label': 4, 'correct': True, 'observed_utility': -0.31808325997553766}",balanced_004_0510_00005018,19,5018,0.5043656826019287,5218225471334682005,0.26361665199510753,3.336998634040356e-05,0
0.0,0.23793150400160812,0.23793150400160812,0.23795983698801138,0.23793150400160812,1784951559.6241956,1784951558.8697524,1784951559.1197524,0.0,0.0,0.0,0.0,0.46076837182044983,0.0,ablate-ee-only-resnet50-cifar10-pi5-single-20260725-114734:v1,1,0.23793150400160812,unknown,0.0,0.0,0.0,0.0,0.0,"{'device': [0, 1, 2, 3, 4, 5, 6, 7, 8, 9, 10, 11, 12, 13, 14, 15, 16, 17, 18]}",19,final,device,True,5,1.0,5.0,1.0,0.23795983698801138,-0.18979918494005688,5,2b283d394c604b1b93ab38e9d18c2bd4,20,"{'device_compute': 0.23793150400160812, 'd2e_transport': 0.0, 'edge_queue': 0.0, 'edge_segment_compute': 0.0, 'edge_exit_head_compute': 0.0, 'edge_exit_check': 0.0, 'e2c_transport': 0.0, 'cloud_queue': 0.0, 'cloud_segment_compute': 0.0, 'cloud_exit_head_compute': 0.0, 'cloud_exit_check': 0.0, 'total_latency': 0.23795983698801138, 'unattributed_overhead': 2.8332986403256655e-05, 'request_id': '2b283d394c604b1b93ab38e9d18c2bd4', 'user_id': 0, 'prediction': 5, 'exit_id': 'final', 'exit_boundary_id': 19, 'exit_location': 'device', 'confidence': 0.46076837182044983, 'executed_segments_by_node': {'device': [0, 1, 2, 3, 4, 5, 6, 7, 8, 9, 10, 11, 12, 13, 14, 15, 16, 17, 18]}, 'nodes': [{'node': 'device', 'executed_segments': [0, 1, 2, 3, 4, 5, 6, 7, 8, 9, 10, 11, 12, 13, 14, 15, 16, 17, 18], 'queue_s': 0.0, 'segment_compute_s': 0.23503662101575173, 'exit_head_compute_s': 0.0021520369919016957, 'exit_check_s': 0.0002513689687475562, 'worker_elapsed_s': 0.23793150400160812}], 'sample_id': 'balanced_005_0575_00005808', 'label': 5, 'correct': True, 'observed_utility': -0.18979918494005688}",balanced_005_0575_00005808,20,5808,0.5044431686401367,5218225471334682005,0.23795983698801138,2.8332986403256655e-05,0
0.0,0.19258589899982326,0.19258589899982326,0.19261499200365506,0.19258589899982326,1784951559.93598,1784951559.177196,1784951559.427196,0.0,0.0,0.0,0.0,0.9322988986968994,0.0,ablate-ee-only-resnet50-cifar10-pi5-single-20260725-114734:v1,1,0.19258589899982326,unknown,0.0,0.0,0.0,0.0,0.0,"{'device': [0, 1, 2, 3, 4, 5, 6, 7, 8, 9, 10, 11, 12, 13]}",14,after_layer3,device,True,0,1.0,5.0,1.0,0.19261499200365506,0.036925039981724694,0,cc3f4f4890394a469a5a8050d8e333f7,21,"{'device_compute': 0.19258589899982326, 'd2e_transport': 0.0, 'edge_queue': 0.0, 'edge_segment_compute': 0.0, 'edge_exit_head_compute': 0.0, 'edge_exit_check': 0.0, 'e2c_transport': 0.0, 'cloud_queue': 0.0, 'cloud_segment_compute': 0.0, 'cloud_exit_head_compute': 0.0, 'cloud_exit_check': 0.0, 'total_latency': 0.19261499200365506, 'unattributed_overhead': 2.90930038318038e-05, 'request_id': 'cc3f4f4890394a469a5a8050d8e333f7', 'user_id': 0, 'prediction': 0, 'exit_id': 'after_layer3', 'exit_boundary_id': 14, 'exit_location': 'device', 'confidence': 0.9322988986968994, 'executed_segments_by_node': {'device': [0, 1, 2, 3, 4, 5, 6, 7, 8, 9, 10, 11, 12, 13]}, 'nodes': [{'node': 'device', 'executed_segments': [0, 1, 2, 3, 4, 5, 6, 7, 8, 9, 10, 11, 12, 13], 'queue_s': 0.0, 'segment_compute_s': 0.18738092604326084, 'exit_head_compute_s': 0.004598477971740067, 'exit_check_s': 0.0002091269998345524, 'worker_elapsed_s': 0.19258589899982326}], 'sample_id': 'balanced_000_0707_00007034', 'label': 0, 'correct': True, 'observed_utility': 0.036925039981724694}",balanced_000_0707_00007034,21,7034,0.5087840557098389,5218225471334682005,0.19261499200365506,2.90930038318038e-05,0
0.0,0.19014773500384763,0.19014773500384763,0.19017977200564928,0.19014773500384763,1784951560.1431112,1784951559.3886552,1784951559.6386552,0.0,0.0,0.0,0.0,0.9811320900917053,0.0,ablate-ee-only-resnet50-cifar10-pi5-single-20260725-114734:v1,1,0.19014773500384763,unknown,0.0,0.0,0.0,0.0,0.0,"{'device': [0, 1, 2, 3, 4, 5, 6, 7, 8, 9, 10, 11, 12, 13]}",14,after_layer3,device,True,6,1.0,5.0,1.0,0.19017977200564928,0.04910113997175358,6,2e0c0615d25449d396f3f8584232f742,22,"{'device_compute': 0.19014773500384763, 'd2e_transport': 0.0, 'edge_queue': 0.0, 'edge_segment_compute': 0.0, 'edge_exit_head_compute': 0.0, 'edge_exit_check': 0.0, 'e2c_transport': 0.0, 'cloud_queue': 0.0, 'cloud_segment_compute': 0.0, 'cloud_exit_head_compute': 0.0, 'cloud_exit_check': 0.0, 'total_latency': 0.19017977200564928, 'unattributed_overhead': 3.2037001801654696e-05, 'request_id': '2e0c0615d25449d396f3f8584232f742', 'user_id': 0, 'prediction': 6, 'exit_id': 'after_layer3', 'exit_boundary_id': 14, 'exit_location': 'device', 'confidence': 0.9811320900917053, 'executed_segments_by_node': {'device': [0, 1, 2, 3, 4, 5, 6, 7, 8, 9, 10, 11, 12, 13]}, 'nodes': [{'node': 'device', 'executed_segments': [0, 1, 2, 3, 4, 5, 6, 7, 8, 9, 10, 11, 12, 13], 'queue_s': 0.0, 'segment_compute_s': 0.18634543599910103, 'exit_head_compute_s': 0.0032183049770537764, 'exit_check_s': 0.00019431300461292267, 'worker_elapsed_s': 0.19014773500384763}], 'sample_id': 'balanced_006_0161_00001436', 'label': 6, 'correct': True, 'observed_utility': 0.04910113997175358}",balanced_006_0161_00001436,22,1436,0.5044560432434082,5218225471334682005,0.19017977200564928,3.2037001801654696e-05,0
0.0,0.21439500601263717,0.21439500601263717,0.21442709802067839,0.21439500601263717,1784951560.3498392,1784951559.5935955,1784951559.8435955,0.0,0.0,0.0,0.0,0.9871648550033569,0.0,ablate-ee-only-resnet50-cifar10-pi5-single-20260725-114734:v1,1,0.21439500601263717,unknown,0.0,0.0,0.0,0.0,0.0,"{'device': [0, 1, 2, 3, 4, 5, 6, 7, 8, 9, 10, 11, 12, 13]}",14,after_layer3,device,True,8,1.0,5.0,1.0,0.21442709802067839,-0.07213549010339193,8,3df5c6f4cbe345cfae9374d00421a8e0,23,"{'device_compute': 0.21439500601263717, 'd2e_transport': 0.0, 'edge_queue': 0.0, 'edge_segment_compute': 0.0, 'edge_exit_head_compute': 0.0, 'edge_exit_check': 0.0, 'e2c_transport': 0.0, 'cloud_queue': 0.0, 'cloud_segment_compute': 0.0, 'cloud_exit_head_compute': 0.0, 'cloud_exit_check': 0.0, 'total_latency': 0.21442709802067839, 'unattributed_overhead': 3.209200804121792e-05, 'request_id': '3df5c6f4cbe345cfae9374d00421a8e0', 'user_id': 0, 'prediction': 8, 'exit_id': 'after_layer3', 'exit_boundary_id': 14, 'exit_location': 'device', 'confidence': 0.9871648550033569, 'executed_segments_by_node': {'device': [0, 1, 2, 3, 4, 5, 6, 7, 8, 9, 10, 11, 12, 13]}, 'nodes': [{'node': 'device', 'executed_segments': [0, 1, 2, 3, 4, 5, 6, 7, 8, 9, 10, 11, 12, 13], 'queue_s': 0.0, 'segment_compute_s': 0.21160579001298174, 'exit_head_compute_s': 0.0022045919904485345, 'exit_check_s': 0.00019246098236180842, 'worker_elapsed_s': 0.21439500601263717}], 'sample_id': 'balanced_008_0981_00009846', 'label': 8, 'correct': True, 'observed_utility': -0.07213549010339193}",balanced_008_0981_00009846,23,9846,0.5062437057495117,5218225471334682005,0.21442709802067839,3.209200804121792e-05,0
0.0,0.1990983420109842,0.1990983420109842,0.19913032301701605,0.1990983420109842,1784951560.6431544,1784951559.8230116,1784951560.0730116,0.0,0.0,0.0,0.0,0.9967688322067261,0.0,ablate-ee-only-resnet50-cifar10-pi5-single-20260725-114734:v1,1,0.1990983420109842,unknown,0.0,0.0,0.0,0.0,0.0,"{'device': [0, 1, 2, 3, 4, 5, 6, 7, 8, 9, 10, 11, 12, 13]}",14,after_layer3,device,True,8,1.0,5.0,1.0,0.19913032301701605,0.004348384914919734,8,a10a4d1ed8e4422f86bfa47808cd731b,24,"{'device_compute': 0.1990983420109842, 'd2e_transport': 0.0, 'edge_queue': 0.0, 'edge_segment_compute': 0.0, 'edge_exit_head_compute': 0.0, 'edge_exit_check': 0.0, 'e2c_transport': 0.0, 'cloud_queue': 0.0, 'cloud_segment_compute': 0.0, 'cloud_exit_head_compute': 0.0, 'cloud_exit_check': 0.0, 'total_latency': 0.19913032301701605, 'unattributed_overhead': 3.198100603185594e-05, 'request_id': 'a10a4d1ed8e4422f86bfa47808cd731b', 'user_id': 0, 'prediction': 8, 'exit_id': 'after_layer3', 'exit_boundary_id': 14, 'exit_location': 'device', 'confidence': 0.9967688322067261, 'executed_segments_by_node': {'device': [0, 1, 2, 3, 4, 5, 6, 7, 8, 9, 10, 11, 12, 13]}, 'nodes': [{'node': 'device', 'executed_segments': [0, 1, 2, 3, 4, 5, 6, 7, 8, 9, 10, 11, 12, 13], 'queue_s': 0.0, 'segment_compute_s': 0.19529537699418142, 'exit_head_compute_s': 0.0032271569943986833, 'exit_check_s': 0.0001854980073403567, 'worker_elapsed_s': 0.1990983420109842}], 'sample_id': 'balanced_008_0687_00007033', 'label': 8, 'correct': True, 'observed_utility': 0.004348384914919734}",balanced_008_0687_00007033,24,7033,0.5701427459716797,5218225471334682005,0.19913032301701605,3.198100603185594e-05,0
0.0,0.20730825298232958,0.20730825298232958,0.20733978998032399,0.20730825298232958,1784951560.8665442,1784951560.1123679,1784951560.3623679,0.0,0.0,0.0,0.0,0.9439185857772827,0.0,ablate-ee-only-resnet50-cifar10-pi5-single-20260725-114734:v1,1,0.20730825298232958,unknown,0.0,0.0,0.0,0.0,0.0,"{'device': [0, 1, 2, 3, 4, 5, 6, 7, 8, 9, 10, 11, 12, 13]}",14,after_layer3,device,True,7,1.0,5.0,1.0,0.20733978998032399,-0.036698949901619926,7,4221fafb6c964b31bc86ebca5dd614d9,25,"{'device_compute': 0.20730825298232958, 'd2e_transport': 0.0, 'edge_queue': 0.0, 'edge_segment_compute': 0.0, 'edge_exit_head_compute': 0.0, 'edge_exit_check': 0.0, 'e2c_transport': 0.0, 'cloud_queue': 0.0, 'cloud_segment_compute': 0.0, 'cloud_exit_head_compute': 0.0, 'cloud_exit_check': 0.0, 'total_latency': 0.20733978998032399, 'unattributed_overhead': 3.153699799440801e-05, 'request_id': '4221fafb6c964b31bc86ebca5dd614d9', 'user_id': 0, 'prediction': 7, 'exit_id': 'after_layer3', 'exit_boundary_id': 14, 'exit_location': 'device', 'confidence': 0.9439185857772827, 'executed_segments_by_node': {'device': [0, 1, 2, 3, 4, 5, 6, 7, 8, 9, 10, 11, 12, 13]}, 'nodes': [{'node': 'device', 'executed_segments': [0, 1, 2, 3, 4, 5, 6, 7, 8, 9, 10, 11, 12, 13], 'queue_s': 0.0, 'segment_compute_s': 0.2045598879631143, 'exit_head_compute_s': 0.002160683972761035, 'exit_check_s': 0.000184999022167176, 'worker_elapsed_s': 0.20730825298232958}], 'sample_id': 'balanced_007_0232_00002440', 'label': 7, 'correct': True, 'observed_utility': -0.036698949901619926}",balanced_007_0232_00002440,25,2440,0.5041763782501221,5218225471334682005,0.20733978998032399,3.153699799440801e-05,0
0.0,0.2354439159971662,0.2354439159971662,0.2354739709990099,0.2354439159971662,1784951561.1552305,1784951560.3371077,1784951560.5871077,0.0,0.0,0.0,0.0,0.9999586343765259,0.0,ablate-ee-only-resnet50-cifar10-pi5-single-20260725-114734:v1,1,0.2354439159971662,unknown,0.0,0.0,0.0,0.0,0.0,"{'device': [0, 1, 2, 3, 4, 5, 6, 7, 8, 9, 10, 11, 12, 13, 14, 15, 16, 17, 18]}",19,final,device,True,7,1.0,5.0,1.0,0.2354739709990099,-0.17736985499504954,7,d59ce35652314142a14c1d6532f638be,26,"{'device_compute': 0.2354439159971662, 'd2e_transport': 0.0, 'edge_queue': 0.0, 'edge_segment_compute': 0.0, 'edge_exit_head_compute': 0.0, 'edge_exit_check': 0.0, 'e2c_transport': 0.0, 'cloud_queue': 0.0, 'cloud_segment_compute': 0.0, 'cloud_exit_head_compute': 0.0, 'cloud_exit_check': 0.0, 'total_latency': 0.2354739709990099, 'unattributed_overhead': 3.0055001843720675e-05, 'request_id': 'd59ce35652314142a14c1d6532f638be', 'user_id': 0, 'prediction': 7, 'exit_id': 'final', 'exit_boundary_id': 19, 'exit_location': 'device', 'confidence': 0.9999586343765259, 'executed_segments_by_node': {'device': [0, 1, 2, 3, 4, 5, 6, 7, 8, 9, 10, 11, 12, 13, 14, 15, 16, 17, 18]}, 'nodes': [{'node': 'device', 'executed_segments': [0, 1, 2, 3, 4, 5, 6, 7, 8, 9, 10, 11, 12, 13, 14, 15, 16, 17, 18], 'queue_s': 0.0, 'segment_compute_s': 0.23249066603602841, 'exit_head_compute_s': 0.00219607402686961, 'exit_check_s': 0.0002603679895401001, 'worker_elapsed_s': 0.2354439159971662}], 'sample_id': 'balanced_007_0284_00002965', 'label': 7, 'correct': True, 'observed_utility': -0.17736985499504954}",balanced_007_0284_00002965,26,2965,0.5681228637695312,5218225471334682005,0.2354739709990099,3.0055001843720675e-05,0
0.0,0.24173545400844887,0.24173545400844887,0.2417646940157283,0.24173545400844887,1784951561.482719,1784951560.7262876,1784951560.9762876,0.0,0.0,0.0,0.0,0.9549486637115479,0.0,ablate-ee-only-resnet50-cifar10-pi5-single-20260725-114734:v1,1,0.24173545400844887,unknown,0.0,0.0,0.0,0.0,0.0,"{'device': [0, 1, 2, 3, 4, 5, 6, 7, 8, 9, 10, 11, 12, 13, 14, 15, 16, 17, 18]}",19,final,device,True,5,1.0,5.0,1.0,0.2417646940157283,-0.20882347007864155,5,7773cc99099a4322bbbf36dfa8a28bc8,27,"{'device_compute': 0.24173545400844887, 'd2e_transport': 0.0, 'edge_queue': 0.0, 'edge_segment_compute': 0.0, 'edge_exit_head_compute': 0.0, 'edge_exit_check': 0.0, 'e2c_transport': 0.0, 'cloud_queue': 0.0, 'cloud_segment_compute': 0.0, 'cloud_exit_head_compute': 0.0, 'cloud_exit_check': 0.0, 'total_latency': 0.2417646940157283, 'unattributed_overhead': 2.924000727944076e-05, 'request_id': '7773cc99099a4322bbbf36dfa8a28bc8', 'user_id': 0, 'prediction': 5, 'exit_id': 'final', 'exit_boundary_id': 19, 'exit_location': 'device', 'confidence': 0.9549486637115479, 'executed_segments_by_node': {'device': [0, 1, 2, 3, 4, 5, 6, 7, 8, 9, 10, 11, 12, 13, 14, 15, 16, 17, 18]}, 'nodes': [{'node': 'device', 'executed_segments': [0, 1, 2, 3, 4, 5, 6, 7, 8, 9, 10, 11, 12, 13, 14, 15, 16, 17, 18], 'queue_s': 0.0, 'segment_compute_s': 0.23763256304664537, 'exit_head_compute_s': 0.0033667119569145143, 'exit_check_s': 0.00024753701291047037, 'worker_elapsed_s': 0.24173545400844887}], 'sample_id': 'balanced_005_0855_00008440', 'label': 5, 'correct': True, 'observed_utility': -0.20882347007864155}",balanced_005_0855_00008440,27,8440,0.5064313411712646,5218225471334682005,0.2417646940157283,2.924000727944076e-05,0
0.0,0.24143019600887783,0.24143019600887783,0.24145947399665602,0.24143019600887783,1784951561.779226,1784951561.0231926,1784951561.2731926,0.0,0.0,0.0,0.0,0.9974516034126282,0.0,ablate-ee-only-resnet50-cifar10-pi5-single-20260725-114734:v1,1,0.24143019600887783,unknown,0.0,0.0,0.0,0.0,0.0,"{'device': [0, 1, 2, 3, 4, 5, 6, 7, 8, 9, 10, 11, 12, 13, 14, 15, 16, 17, 18]}",19,final,device,True,3,1.0,5.0,1.0,0.24145947399665602,-0.20729736998328008,3,9ae3e940c76f49509da9b581075f4384,28,"{'device_compute': 0.24143019600887783, 'd2e_transport': 0.0, 'edge_queue': 0.0, 'edge_segment_compute': 0.0, 'edge_exit_head_compute': 0.0, 'edge_exit_check': 0.0, 'e2c_transport': 0.0, 'cloud_queue': 0.0, 'cloud_segment_compute': 0.0, 'cloud_exit_head_compute': 0.0, 'cloud_exit_check': 0.0, 'total_latency': 0.24145947399665602, 'unattributed_overhead': 2.9277987778186798e-05, 'request_id': '9ae3e940c76f49509da9b581075f4384', 'user_id': 0, 'prediction': 3, 'exit_id': 'final', 'exit_boundary_id': 19, 'exit_location': 'device', 'confidence': 0.9974516034126282, 'executed_segments_by_node': {'device': [0, 1, 2, 3, 4, 5, 6, 7, 8, 9, 10, 11, 12, 13, 14, 15, 16, 17, 18]}, 'nodes': [{'node': 'device', 'executed_segments': [0, 1, 2, 3, 4, 5, 6, 7, 8, 9, 10, 11, 12, 13, 14, 15, 16, 17, 18], 'queue_s': 0.0, 'segment_compute_s': 0.23850918796961196, 'exit_head_compute_s': 0.0021755739871878177, 'exit_check_s': 0.00025153602473437786, 'worker_elapsed_s': 0.24143019600887783}], 'sample_id': 'balanced_003_0223_00002253', 'label': 3, 'correct': True, 'observed_utility': -0.20729736998328008}",balanced_003_0223_00002253,28,2253,0.5060334205627441,5218225471334682005,0.24145947399665602,2.9277987778186798e-05,0
0.0,0.2371723819815088,0.2371723819815088,0.23720143700484186,0.2371723819815088,1784951562.0879173,1784951561.332409,1784951561.582409,0.0,0.0,0.0,0.0,0.9991304278373718,0.0,ablate-ee-only-resnet50-cifar10-pi5-single-20260725-114734:v1,1,0.2371723819815088,unknown,0.0,0.0,0.0,0.0,0.0,"{'device': [0, 1, 2, 3, 4, 5, 6, 7, 8, 9, 10, 11, 12, 13, 14, 15, 16, 17, 18]}",19,final,device,True,9,1.0,5.0,1.0,0.23720143700484186,-0.18600718502420932,9,fe1d79bdcf01454a8893c68851d35bc9,29,"{'device_compute': 0.2371723819815088, 'd2e_transport': 0.0, 'edge_queue': 0.0, 'edge_segment_compute': 0.0, 'edge_exit_head_compute': 0.0, 'edge_exit_check': 0.0, 'e2c_transport': 0.0, 'cloud_queue': 0.0, 'cloud_segment_compute': 0.0, 'cloud_exit_head_compute': 0.0, 'cloud_exit_check': 0.0, 'total_latency': 0.23720143700484186, 'unattributed_overhead': 2.905502333305776e-05, 'request_id': 'fe1d79bdcf01454a8893c68851d35bc9', 'user_id': 0, 'prediction': 9, 'exit_id': 'final', 'exit_boundary_id': 19, 'exit_location': 'device', 'confidence': 0.9991304278373718, 'executed_segments_by_node': {'device': [0, 1, 2, 3, 4, 5, 6, 7, 8, 9, 10, 11, 12, 13, 14, 15, 16, 17, 18]}, 'nodes': [{'node': 'device', 'executed_segments': [0, 1, 2, 3, 4, 5, 6, 7, 8, 9, 10, 11, 12, 13, 14, 15, 16, 17, 18], 'queue_s': 0.0, 'segment_compute_s': 0.23419689002912492, 'exit_head_compute_s': 0.0022289620246738195, 'exit_check_s': 0.0002538479748181999, 'worker_elapsed_s': 0.2371723819815088}], 'sample_id': 'balanced_009_0572_00005674', 'label': 9, 'correct': True, 'observed_utility': -0.18600718502420932}",balanced_009_0572_00005674,29,5674,0.5055084228515625,5218225471334682005,0.23720143700484186,2.905502333305776e-05,0
0.0,0.23927473500953056,0.23927473500953056,0.2393044380005449,0.23927473500953056,1784951562.4042745,1784951561.649562,1784951561.899562,0.0,0.0,0.0,0.0,0.9976567029953003,0.0,ablate-ee-only-resnet50-cifar10-pi5-single-20260725-114734:v1,1,0.23927473500953056,unknown,0.0,0.0,0.0,0.0,0.0,"{'device': [0, 1, 2, 3, 4, 5, 6, 7, 8, 9, 10, 11, 12, 13, 14, 15, 16, 17, 18]}",19,final,device,True,8,1.0,5.0,1.0,0.2393044380005449,-0.19652219000272453,8,2c505b198a2c4737b4c5180b323ce9b5,30,"{'device_compute': 0.23927473500953056, 'd2e_transport': 0.0, 'edge_queue': 0.0, 'edge_segment_compute': 0.0, 'edge_exit_head_compute': 0.0, 'edge_exit_check': 0.0, 'e2c_transport': 0.0, 'cloud_queue': 0.0, 'cloud_segment_compute': 0.0, 'cloud_exit_head_compute': 0.0, 'cloud_exit_check': 0.0, 'total_latency': 0.2393044380005449, 'unattributed_overhead': 2.970299101434648e-05, 'request_id': '2c505b198a2c4737b4c5180b323ce9b5', 'user_id': 0, 'prediction': 8, 'exit_id': 'final', 'exit_boundary_id': 19, 'exit_location': 'device', 'confidence': 0.9976567029953003, 'executed_segments_by_node': {'device': [0, 1, 2, 3, 4, 5, 6, 7, 8, 9, 10, 11, 12, 13, 14, 15, 16, 17, 18]}, 'nodes': [{'node': 'device', 'executed_segments': [0, 1, 2, 3, 4, 5, 6, 7, 8, 9, 10, 11, 12, 13, 14, 15, 16, 17, 18], 'queue_s': 0.0, 'segment_compute_s': 0.23635288886725903, 'exit_head_compute_s': 0.0021900199935771525, 'exit_check_s': 0.0002476450172252953, 'worker_elapsed_s': 0.23927473500953056}], 'sample_id': 'balanced_008_0742_00007600', 'label': 8, 'correct': True, 'observed_utility': -0.19652219000272453}",balanced_008_0742_00007600,30,7600,0.5047125816345215,5218225471334682005,0.2393044380005449,2.970299101434648e-05,0
3.5742807388305664,0.20961708499817178,0.20961708499817178,0.2096503069915343,0.20961708499817178,1784951566.386644,1784951561.945146,1784951565.7694268,0.0,0.0,0.0,0.0,0.9992720484733582,0.0,ablate-ee-only-resnet50-cifar10-pi5-single-20260725-114734:v1,1,0.20961708499817178,unknown,0.0,0.0,0.0,0.0,0.0,"{'device': [0, 1, 2, 3, 4, 5, 6, 7, 8, 9, 10, 11, 12, 13]}",14,after_layer3,device,True,5,1.0,5.0,1.0,0.2096503069915343,-0.04825153495767154,5,ebe1ee638e7545f69383199a1ca65286,31,"{'device_compute': 0.20961708499817178, 'd2e_transport': 0.0, 'edge_queue': 0.0, 'edge_segment_compute': 0.0, 'edge_exit_head_compute': 0.0, 'edge_exit_check': 0.0, 'e2c_transport': 0.0, 'cloud_queue': 0.0, 'cloud_segment_compute': 0.0, 'cloud_exit_head_compute': 0.0, 'cloud_exit_check': 0.0, 'total_latency': 0.2096503069915343, 'unattributed_overhead': 3.3221993362531066e-05, 'request_id': 'ebe1ee638e7545f69383199a1ca65286', 'user_id': 0, 'prediction': 5, 'exit_id': 'after_layer3', 'exit_boundary_id': 14, 'exit_location': 'device', 'confidence': 0.9992720484733582, 'executed_segments_by_node': {'device': [0, 1, 2, 3, 4, 5, 6, 7, 8, 9, 10, 11, 12, 13]}, 'nodes': [{'node': 'device', 'executed_segments': [0, 1, 2, 3, 4, 5, 6, 7, 8, 9, 10, 11, 12, 13], 'queue_s': 0.0, 'segment_compute_s': 0.2068582769134082, 'exit_head_compute_s': 0.0021714069589506835, 'exit_check_s': 0.000191424012882635, 'worker_elapsed_s': 0.20961708499817178}], 'sample_id': 'balanced_005_0632_00006259', 'label': 5, 'correct': True, 'observed_utility': -0.04825153495767154}",balanced_005_0632_00006259,31,6259,0.6172170639038086,5218225471334682005,0.2096503069915343,3.3221993362531066e-05,0
0.0,0.20242775900987908,0.20242775900987908,0.20245896201231517,0.20242775900987908,1784951566.6135592,1784951565.859004,1784951566.109004,0.0,0.0,0.0,0.0,0.9966513514518738,0.0,ablate-ee-only-resnet50-cifar10-pi5-single-20260725-114734:v1,1,0.20242775900987908,unknown,0.0,0.0,0.0,0.0,0.0,"{'device': [0, 1, 2, 3, 4, 5, 6, 7, 8, 9, 10, 11, 12, 13]}",14,after_layer3,device,True,2,1.0,5.0,1.0,0.20245896201231517,-0.012294810061575845,2,c43be058da0a4c859fb5fa3d46897671,32,"{'device_compute': 0.20242775900987908, 'd2e_transport': 0.0, 'edge_queue': 0.0, 'edge_segment_compute': 0.0, 'edge_exit_head_compute': 0.0, 'edge_exit_check': 0.0, 'e2c_transport': 0.0, 'cloud_queue': 0.0, 'cloud_segment_compute': 0.0, 'cloud_exit_head_compute': 0.0, 'cloud_exit_check': 0.0, 'total_latency': 0.20245896201231517, 'unattributed_overhead': 3.1203002436086535e-05, 'request_id': 'c43be058da0a4c859fb5fa3d46897671', 'user_id': 0, 'prediction': 2, 'exit_id': 'after_layer3', 'exit_boundary_id': 14, 'exit_location': 'device', 'confidence': 0.9966513514518738, 'executed_segments_by_node': {'device': [0, 1, 2, 3, 4, 5, 6, 7, 8, 9, 10, 11, 12, 13]}, 'nodes': [{'node': 'device', 'executed_segments': [0, 1, 2, 3, 4, 5, 6, 7, 8, 9, 10, 11, 12, 13], 'queue_s': 0.0, 'segment_compute_s': 0.19970470495172776, 'exit_head_compute_s': 0.0021490369690582156, 'exit_check_s': 0.0001850909902714193, 'worker_elapsed_s': 0.20242775900987908}], 'sample_id': 'balanced_002_0882_00008820', 'label': 2, 'correct': True, 'observed_utility': -0.012294810061575845}",balanced_002_0882_00008820,32,8820,0.5045552253723145,5218225471334682005,0.20245896201231517,3.1203002436086535e-05,0
0.0,0.2009225859947037,0.2009225859947037,0.2009541599836666,0.2009225859947037,1784951566.8525007,1784951566.0983763,1784951566.3483763,0.0,0.0,0.0,0.0,0.9429689049720764,0.0,ablate-ee-only-resnet50-cifar10-pi5-single-20260725-114734:v1,1,0.2009225859947037,unknown,0.0,0.0,0.0,0.0,0.0,"{'device': [0, 1, 2, 3, 4, 5, 6, 7, 8, 9, 10, 11, 12, 13]}",14,after_layer3,device,True,8,1.0,5.0,1.0,0.2009541599836666,-0.0047707999183330685,8,ff4d96876bde4438964f1aea8d73cca0,33,"{'device_compute': 0.2009225859947037, 'd2e_transport': 0.0, 'edge_queue': 0.0, 'edge_segment_compute': 0.0, 'edge_exit_head_compute': 0.0, 'edge_exit_check': 0.0, 'e2c_transport': 0.0, 'cloud_queue': 0.0, 'cloud_segment_compute': 0.0, 'cloud_exit_head_compute': 0.0, 'cloud_exit_check': 0.0, 'total_latency': 0.2009541599836666, 'unattributed_overhead': 3.157398896291852e-05, 'request_id': 'ff4d96876bde4438964f1aea8d73cca0', 'user_id': 0, 'prediction': 8, 'exit_id': 'after_layer3', 'exit_boundary_id': 14, 'exit_location': 'device', 'confidence': 0.9429689049720764, 'executed_segments_by_node': {'device': [0, 1, 2, 3, 4, 5, 6, 7, 8, 9, 10, 11, 12, 13]}, 'nodes': [{'node': 'device', 'executed_segments': [0, 1, 2, 3, 4, 5, 6, 7, 8, 9, 10, 11, 12, 13], 'queue_s': 0.0, 'segment_compute_s': 0.1978384650137741, 'exit_head_compute_s': 0.0024736630148254335, 'exit_check_s': 0.00019112799782305956, 'worker_elapsed_s': 0.2009225859947037}], 'sample_id': 'balanced_008_0603_00006262', 'label': 8, 'correct': True, 'observed_utility': -0.0047707999183330685}",balanced_008_0603_00006262,33,6262,0.5041244029998779,5218225471334682005,0.2009541599836666,3.157398896291852e-05,0
0.0,0.18686511600390077,0.18686511600390077,0.1868965050089173,0.18686511600390077,1784951567.1068819,1784951566.351426,1784951566.601426,0.0,0.0,0.0,0.0,0.9542045593261719,0.0,ablate-ee-only-resnet50-cifar10-pi5-single-20260725-114734:v1,1,0.18686511600390077,unknown,0.0,0.0,0.0,0.0,0.0,"{'device': [0, 1, 2, 3, 4, 5, 6, 7, 8, 9, 10, 11, 12, 13]}",14,after_layer3,device,True,0,1.0,5.0,1.0,0.1868965050089173,0.06551747495541349,0,1898e0ab7a0f48cf9291bec66eb1b804,34,"{'device_compute': 0.18686511600390077, 'd2e_transport': 0.0, 'edge_queue': 0.0, 'edge_segment_compute': 0.0, 'edge_exit_head_compute': 0.0, 'edge_exit_check': 0.0, 'e2c_transport': 0.0, 'cloud_queue': 0.0, 'cloud_segment_compute': 0.0, 'cloud_exit_head_compute': 0.0, 'cloud_exit_check': 0.0, 'total_latency': 0.1868965050089173, 'unattributed_overhead': 3.138900501653552e-05, 'request_id': '1898e0ab7a0f48cf9291bec66eb1b804', 'user_id': 0, 'prediction': 0, 'exit_id': 'after_layer3', 'exit_boundary_id': 14, 'exit_location': 'device', 'confidence': 0.9542045593261719, 'executed_segments_by_node': {'device': [0, 1, 2, 3, 4, 5, 6, 7, 8, 9, 10, 11, 12, 13]}, 'nodes': [{'node': 'device', 'executed_segments': [0, 1, 2, 3, 4, 5, 6, 7, 8, 9, 10, 11, 12, 13], 'queue_s': 0.0, 'segment_compute_s': 0.1841511780221481, 'exit_head_compute_s': 0.0021363880077842623, 'exit_check_s': 0.00018811001791618764, 'worker_elapsed_s': 0.18686511600390077}], 'sample_id': 'balanced_000_0127_00001189', 'label': 0, 'correct': True, 'observed_utility': 0.06551747495541349}",balanced_000_0127_00001189,34,1189,0.5054559707641602,5218225471334682005,0.1868965050089173,3.138900501653552e-05,0
0.0,0.29583194700535387,0.29583194700535387,0.29586363199632615,0.29583194700535387,1784951567.3165092,1784951566.5614512,1784951566.8114512,0.0,0.0,0.0,0.0,0.9946485161781311,0.0,ablate-ee-only-resnet50-cifar10-pi5-single-20260725-114734:v1,1,0.29583194700535387,unknown,0.0,0.0,0.0,0.0,0.0,"{'device': [0, 1, 2, 3, 4, 5, 6, 7, 8, 9, 10, 11, 12, 13]}",14,after_layer3,device,True,6,1.0,5.0,1.0,0.29586363199632615,-0.47931815998163074,6,9b6da5342ae041989b94752e0e6ff3fc,35,"{'device_compute': 0.29583194700535387, 'd2e_transport': 0.0, 'edge_queue': 0.0, 'edge_segment_compute': 0.0, 'edge_exit_head_compute': 0.0, 'edge_exit_check': 0.0, 'e2c_transport': 0.0, 'cloud_queue': 0.0, 'cloud_segment_compute': 0.0, 'cloud_exit_head_compute': 0.0, 'cloud_exit_check': 0.0, 'total_latency': 0.29586363199632615, 'unattributed_overhead': 3.16849909722805e-05, 'request_id': '9b6da5342ae041989b94752e0e6ff3fc', 'user_id': 0, 'prediction': 6, 'exit_id': 'after_layer3', 'exit_boundary_id': 14, 'exit_location': 'device', 'confidence': 0.9946485161781311, 'executed_segments_by_node': {'device': [0, 1, 2, 3, 4, 5, 6, 7, 8, 9, 10, 11, 12, 13]}, 'nodes': [{'node': 'device', 'executed_segments': [0, 1, 2, 3, 4, 5, 6, 7, 8, 9, 10, 11, 12, 13], 'queue_s': 0.0, 'segment_compute_s': 0.29097002613707446, 'exit_head_compute_s': 0.004186797043075785, 'exit_check_s': 0.00020166399190202355, 'worker_elapsed_s': 0.29583194700535387}], 'sample_id': 'balanced_006_0366_00003664', 'label': 6, 'correct': True, 'observed_utility': -0.47931815998163074}",balanced_006_0366_00003664,35,3664,0.5050580501556396,5218225471334682005,0.29586363199632615,3.16849909722805e-05,0
0.0,0.2173679250117857,0.2173679250117857,0.21739816601620987,0.2173679250117857,1784951567.6268408,1784951566.8726754,1784951567.1226754,0.0,0.0,0.0,0.0,0.9935198426246643,0.0,ablate-ee-only-resnet50-cifar10-pi5-single-20260725-114734:v1,1,0.2173679250117857,unknown,0.0,0.0,0.0,0.0,0.0,"{'device': [0, 1, 2, 3, 4, 5, 6, 7, 8, 9, 10, 11, 12, 13]}",14,after_layer3,device,True,7,1.0,5.0,1.0,0.21739816601620987,-0.08699083008104935,7,a7ca25b82aef4a6ea1e838b09a6b9cb6,36,"{'device_compute': 0.2173679250117857, 'd2e_transport': 0.0, 'edge_queue': 0.0, 'edge_segment_compute': 0.0, 'edge_exit_head_compute': 0.0, 'edge_exit_check': 0.0, 'e2c_transport': 0.0, 'cloud_queue': 0.0, 'cloud_segment_compute': 0.0, 'cloud_exit_head_compute': 0.0, 'cloud_exit_check': 0.0, 'total_latency': 0.21739816601620987, 'unattributed_overhead': 3.024100442416966e-05, 'request_id': 'a7ca25b82aef4a6ea1e838b09a6b9cb6', 'user_id': 0, 'prediction': 7, 'exit_id': 'after_layer3', 'exit_boundary_id': 14, 'exit_location': 'device', 'confidence': 0.9935198426246643, 'executed_segments_by_node': {'device': [0, 1, 2, 3, 4, 5, 6, 7, 8, 9, 10, 11, 12, 13]}, 'nodes': [{'node': 'device', 'executed_segments': [0, 1, 2, 3, 4, 5, 6, 7, 8, 9, 10, 11, 12, 13], 'queue_s': 0.0, 'segment_compute_s': 0.21461846900638193, 'exit_head_compute_s': 0.0021650000126101077, 'exit_check_s': 0.00019610996241681278, 'worker_elapsed_s': 0.2173679250117857}], 'sample_id': 'balanced_007_0557_00005541', 'label': 7, 'correct': True, 'observed_utility': -0.08699083008104935}",balanced_007_0557_00005541,36,5541,0.5041654109954834,5218225471334682005,0.21739816601620987,3.024100442416966e-05,0
0.0,0.20774186099879444,0.20774186099879444,0.20777208299841732,0.20774186099879444,1784951567.9045188,1784951567.1474013,1784951567.3974013,0.0,0.0,0.0,0.0,0.9860877394676208,0.0,ablate-ee-only-resnet50-cifar10-pi5-single-20260725-114734:v1,1,0.20774186099879444,unknown,0.0,0.0,0.0,0.0,0.0,"{'device': [0, 1, 2, 3, 4, 5, 6, 7, 8, 9, 10, 11, 12, 13]}",14,after_layer3,device,True,6,1.0,5.0,1.0,0.20777208299841732,-0.03886041499208659,6,c81f820324af401790a4f7fe9792b7f3,37,"{'device_compute': 0.20774186099879444, 'd2e_transport': 0.0, 'edge_queue': 0.0, 'edge_segment_compute': 0.0, 'edge_exit_head_compute': 0.0, 'edge_exit_check': 0.0, 'e2c_transport': 0.0, 'cloud_queue': 0.0, 'cloud_segment_compute': 0.0, 'cloud_exit_head_compute': 0.0, 'cloud_exit_check': 0.0, 'total_latency': 0.20777208299841732, 'unattributed_overhead': 3.0221999622881413e-05, 'request_id': 'c81f820324af401790a4f7fe9792b7f3', 'user_id': 0, 'prediction': 6, 'exit_id': 'after_layer3', 'exit_boundary_id': 14, 'exit_location': 'device', 'confidence': 0.9860877394676208, 'executed_segments_by_node': {'device': [0, 1, 2, 3, 4, 5, 6, 7, 8, 9, 10, 11, 12, 13]}, 'nodes': [{'node': 'device', 'executed_segments': [0, 1, 2, 3, 4, 5, 6, 7, 8, 9, 10, 11, 12, 13], 'queue_s': 0.0, 'segment_compute_s': 0.20488092204323038, 'exit_head_compute_s': 0.002283386973431334, 'exit_check_s': 0.00018309103325009346, 'worker_elapsed_s': 0.20774186099879444}], 'sample_id': 'balanced_006_0286_00002707', 'label': 6, 'correct': True, 'observed_utility': -0.03886041499208659}",balanced_006_0286_00002707,37,2707,0.507117509841919,5218225471334682005,0.20777208299841732,3.0221999622881413e-05,0
0.0,0.2003007220046129,0.2003007220046129,0.20032729601371102,0.2003007220046129,1784951568.1304479,1784951567.3750563,1784951567.6250563,0.0,0.0,0.0,0.0,0.9675686359405518,0.0,ablate-ee-only-resnet50-cifar10-pi5-single-20260725-114734:v1,1,0.2003007220046129,unknown,0.0,0.0,0.0,0.0,0.0,"{'device': [0, 1, 2, 3, 4, 5, 6, 7, 8, 9, 10, 11, 12, 13]}",14,after_layer3,device,True,9,1.0,5.0,1.0,0.20032729601371102,-0.0016364800685551018,9,381ec494f2cb4aa19b706b436284e51d,38,"{'device_compute': 0.2003007220046129, 'd2e_transport': 0.0, 'edge_queue': 0.0, 'edge_segment_compute': 0.0, 'edge_exit_head_compute': 0.0, 'edge_exit_check': 0.0, 'e2c_transport': 0.0, 'cloud_queue': 0.0, 'cloud_segment_compute': 0.0, 'cloud_exit_head_compute': 0.0, 'cloud_exit_check': 0.0, 'total_latency': 0.20032729601371102, 'unattributed_overhead': 2.6574009098112583e-05, 'request_id': '381ec494f2cb4aa19b706b436284e51d', 'user_id': 0, 'prediction': 9, 'exit_id': 'after_layer3', 'exit_boundary_id': 14, 'exit_location': 'device', 'confidence': 0.9675686359405518, 'executed_segments_by_node': {'device': [0, 1, 2, 3, 4, 5, 6, 7, 8, 9, 10, 11, 12, 13]}, 'nodes': [{'node': 'device', 'executed_segments': [0, 1, 2, 3, 4, 5, 6, 7, 8, 9, 10, 11, 12, 13], 'queue_s': 0.0, 'segment_compute_s': 0.19576874503400177, 'exit_head_compute_s': 0.003944482945371419, 'exit_check_s': 0.0001924989919643849, 'worker_elapsed_s': 0.2003007220046129}], 'sample_id': 'balanced_009_0873_00008915', 'label': 9, 'correct': True, 'observed_utility': -0.0016364800685551018}",balanced_009_0873_00008915,38,8915,0.5053915977478027,5218225471334682005,0.20032729601371102,2.6574009098112583e-05,0
0.0,0.24906055702012964,0.24906055702012964,0.2490905570157338,0.24906055702012964,1784951568.3485906,1784951567.5925243,1784951567.8425243,0.0,0.0,0.0,0.0,0.6339587569236755,0.0,ablate-ee-only-resnet50-cifar10-pi5-single-20260725-114734:v1,1,0.24906055702012964,unknown,0.0,0.0,0.0,0.0,0.0,"{'device': [0, 1, 2, 3, 4, 5, 6, 7, 8, 9, 10, 11, 12, 13, 14, 15, 16, 17, 18]}",19,final,device,False,2,1.0,5.0,0.0,0.2490905570157338,-1.245452785078669,7,fe7c553db28c40afaa342edc102a5b8b,39,"{'device_compute': 0.24906055702012964, 'd2e_transport': 0.0, 'edge_queue': 0.0, 'edge_segment_compute': 0.0, 'edge_exit_head_compute': 0.0, 'edge_exit_check': 0.0, 'e2c_transport': 0.0, 'cloud_queue': 0.0, 'cloud_segment_compute': 0.0, 'cloud_exit_head_compute': 0.0, 'cloud_exit_check': 0.0, 'total_latency': 0.2490905570157338, 'unattributed_overhead': 2.9999995604157448e-05, 'request_id': 'fe7c553db28c40afaa342edc102a5b8b', 'user_id': 0, 'prediction': 7, 'exit_id': 'final', 'exit_boundary_id': 19, 'exit_location': 'device', 'confidence': 0.6339587569236755, 'executed_segments_by_node': {'device': [0, 1, 2, 3, 4, 5, 6, 7, 8, 9, 10, 11, 12, 13, 14, 15, 16, 17, 18]}, 'nodes': [{'node': 'device', 'executed_segments': [0, 1, 2, 3, 4, 5, 6, 7, 8, 9, 10, 11, 12, 13, 14, 15, 16, 17, 18], 'queue_s': 0.0, 'segment_compute_s': 0.24611282290425152, 'exit_head_compute_s': 0.002218740002717823, 'exit_check_s': 0.00024573798873461783, 'worker_elapsed_s': 0.24906055702012964}], 'sample_id': 'balanced_002_0883_00008827', 'label': 2, 'correct': False, 'observed_utility': -1.245452785078669}",balanced_002_0883_00008827,39,8827,0.5060663223266602,5218225471334682005,0.2490905570157338,2.9999995604157448e-05,0
0.0,0.23235770300379954,0.23235770300379954,0.23238579501048662,0.23235770300379954,1784951568.6134338,1784951567.8594124,1784951568.1094124,0.0,0.0,0.0,0.0,0.9123091697692871,0.0,ablate-ee-only-resnet50-cifar10-pi5-single-20260725-114734:v1,1,0.23235770300379954,unknown,0.0,0.0,0.0,0.0,0.0,"{'device': [0, 1, 2, 3, 4, 5, 6, 7, 8, 9, 10, 11, 12, 13]}",14,after_layer3,device,True,8,1.0,5.0,1.0,0.23238579501048662,-0.1619289750524331,8,8db3a1d9ec55422ab221ef3f9e9bc187,40,"{'device_compute': 0.23235770300379954, 'd2e_transport': 0.0, 'edge_queue': 0.0, 'edge_segment_compute': 0.0, 'edge_exit_head_compute': 0.0, 'edge_exit_check': 0.0, 'e2c_transport': 0.0, 'cloud_queue': 0.0, 'cloud_segment_compute': 0.0, 'cloud_exit_head_compute': 0.0, 'cloud_exit_check': 0.0, 'total_latency': 0.23238579501048662, 'unattributed_overhead': 2.80920066870749e-05, 'request_id': '8db3a1d9ec55422ab221ef3f9e9bc187', 'user_id': 0, 'prediction': 8, 'exit_id': 'after_layer3', 'exit_boundary_id': 14, 'exit_location': 'device', 'confidence': 0.9123091697692871, 'executed_segments_by_node': {'device': [0, 1, 2, 3, 4, 5, 6, 7, 8, 9, 10, 11, 12, 13]}, 'nodes': [{'node': 'device', 'executed_segments': [0, 1, 2, 3, 4, 5, 6, 7, 8, 9, 10, 11, 12, 13], 'queue_s': 0.0, 'segment_compute_s': 0.22495535897905938, 'exit_head_compute_s': 0.0067633119761012495, 'exit_check_s': 0.00022623903350904584, 'worker_elapsed_s': 0.23235770300379954}], 'sample_id': 'balanced_008_0395_00003869', 'label': 8, 'correct': True, 'observed_utility': -0.1619289750524331}",balanced_008_0395_00003869,40,3869,0.504021406173706,5218225471334682005,0.23238579501048662,2.80920066870749e-05,0
0.0,0.23835900198901072,0.23835900198901072,0.23838890899787657,0.23835900198901072,1784951568.8609822,1784951568.1062608,1784951568.3562608,0.0,0.0,0.0,0.0,0.5367676615715027,0.0,ablate-ee-only-resnet50-cifar10-pi5-single-20260725-114734:v1,1,0.23835900198901072,unknown,0.0,0.0,0.0,0.0,0.0,"{'device': [0, 1, 2, 3, 4, 5, 6, 7, 8, 9, 10, 11, 12, 13, 14, 15, 16, 17, 18]}",19,final,device,False,5,1.0,5.0,0.0,0.23838890899787657,-1.1919445449893828,4,41f7cb79da1e4b7eab6c32b0ffb9368a,41,"{'device_compute': 0.23835900198901072, 'd2e_transport': 0.0, 'edge_queue': 0.0, 'edge_segment_compute': 0.0, 'edge_exit_head_compute': 0.0, 'edge_exit_check': 0.0, 'e2c_transport': 0.0, 'cloud_queue': 0.0, 'cloud_segment_compute': 0.0, 'cloud_exit_head_compute': 0.0, 'cloud_exit_check': 0.0, 'total_latency': 0.23838890899787657, 'unattributed_overhead': 2.9907008865848184e-05, 'request_id': '41f7cb79da1e4b7eab6c32b0ffb9368a', 'user_id': 0, 'prediction': 4, 'exit_id': 'final', 'exit_boundary_id': 19, 'exit_location': 'device', 'confidence': 0.5367676615715027, 'executed_segments_by_node': {'device': [0, 1, 2, 3, 4, 5, 6, 7, 8, 9, 10, 11, 12, 13, 14, 15, 16, 17, 18]}, 'nodes': [{'node': 'device', 'executed_segments': [0, 1, 2, 3, 4, 5, 6, 7, 8, 9, 10, 11, 12, 13, 14, 15, 16, 17, 18], 'queue_s': 0.0, 'segment_compute_s': 0.23515345802297816, 'exit_head_compute_s': 0.0024807009613141418, 'exit_check_s': 0.0002446280268486589, 'worker_elapsed_s': 0.23835900198901072}], 'sample_id': 'balanced_005_0297_00003059', 'label': 5, 'correct': False, 'observed_utility': -1.1919445449893828}",balanced_005_0297_00003059,41,3059,0.5047214031219482,5218225471334682005,0.23838890899787657,2.9907008865848184e-05,0
0.0,0.2677064320014324,0.2677064320014324,0.2677357660140842,0.2677064320014324,1784951569.1255758,1784951568.370453,1784951568.620453,0.0,0.0,0.0,0.0,0.9999631643295288,0.0,ablate-ee-only-resnet50-cifar10-pi5-single-20260725-114734:v1,1,0.2677064320014324,unknown,0.0,0.0,0.0,0.0,0.0,"{'device': [0, 1, 2, 3, 4, 5, 6, 7, 8, 9, 10, 11, 12, 13, 14, 15, 16, 17, 18]}",19,final,device,True,7,1.0,5.0,1.0,0.2677357660140842,-0.3386788300704211,7,802c1b18ece647d18ca6bc7f7e983448,42,"{'device_compute': 0.2677064320014324, 'd2e_transport': 0.0, 'edge_queue': 0.0, 'edge_segment_compute': 0.0, 'edge_exit_head_compute': 0.0, 'edge_exit_check': 0.0, 'e2c_transport': 0.0, 'cloud_queue': 0.0, 'cloud_segment_compute': 0.0, 'cloud_exit_head_compute': 0.0, 'cloud_exit_check': 0.0, 'total_latency': 0.2677357660140842, 'unattributed_overhead': 2.933401265181601e-05, 'request_id': '802c1b18ece647d18ca6bc7f7e983448', 'user_id': 0, 'prediction': 7, 'exit_id': 'final', 'exit_boundary_id': 19, 'exit_location': 'device', 'confidence': 0.9999631643295288, 'executed_segments_by_node': {'device': [0, 1, 2, 3, 4, 5, 6, 7, 8, 9, 10, 11, 12, 13, 14, 15, 16, 17, 18]}, 'nodes': [{'node': 'device', 'executed_segments': [0, 1, 2, 3, 4, 5, 6, 7, 8, 9, 10, 11, 12, 13, 14, 15, 16, 17, 18], 'queue_s': 0.0, 'segment_compute_s': 0.2636719520378392, 'exit_head_compute_s': 0.0032601190614514053, 'exit_check_s': 0.00029607099713757634, 'worker_elapsed_s': 0.2677064320014324}], 'sample_id': 'balanced_007_0847_00008560', 'label': 7, 'correct': True, 'observed_utility': -0.3386788300704211}",balanced_007_0847_00008560,42,8560,0.5051229000091553,5218225471334682005,0.2677357660140842,2.933401265181601e-05,0
0.0,0.20839859699481167,0.20839859699481167,0.2084312440128997,0.20839859699481167,1784951569.4434485,1784951568.689392,1784951568.939392,0.0,0.0,0.0,0.0,0.9682523012161255,0.0,ablate-ee-only-resnet50-cifar10-pi5-single-20260725-114734:v1,1,0.20839859699481167,unknown,0.0,0.0,0.0,0.0,0.0,"{'device': [0, 1, 2, 3, 4, 5, 6, 7, 8, 9, 10, 11, 12, 13]}",14,after_layer3,device,True,1,1.0,5.0,1.0,0.2084312440128997,-0.042156220064498484,1,7f1c430ca47547398fd9bededf218137,43,"{'device_compute': 0.20839859699481167, 'd2e_transport': 0.0, 'edge_queue': 0.0, 'edge_segment_compute': 0.0, 'edge_exit_head_compute': 0.0, 'edge_exit_check': 0.0, 'e2c_transport': 0.0, 'cloud_queue': 0.0, 'cloud_segment_compute': 0.0, 'cloud_exit_head_compute': 0.0, 'cloud_exit_check': 0.0, 'total_latency': 0.2084312440128997, 'unattributed_overhead': 3.2647018088027835e-05, 'request_id': '7f1c430ca47547398fd9bededf218137', 'user_id': 0, 'prediction': 1, 'exit_id': 'after_layer3', 'exit_boundary_id': 14, 'exit_location': 'device', 'confidence': 0.9682523012161255, 'executed_segments_by_node': {'device': [0, 1, 2, 3, 4, 5, 6, 7, 8, 9, 10, 11, 12, 13]}, 'nodes': [{'node': 'device', 'executed_segments': [0, 1, 2, 3, 4, 5, 6, 7, 8, 9, 10, 11, 12, 13], 'queue_s': 0.0, 'segment_compute_s': 0.20455287100048736, 'exit_head_compute_s': 0.00323424901580438, 'exit_check_s': 0.00021292397286742926, 'worker_elapsed_s': 0.20839859699481167}], 'sample_id': 'balanced_001_0329_00003418', 'label': 1, 'correct': True, 'observed_utility': -0.042156220064498484}",balanced_001_0329_00003418,43,3418,0.504056453704834,5218225471334682005,0.2084312440128997,3.2647018088027835e-05,0
0.0,0.20268749800743535,0.20268749800743535,0.20271899801446125,0.20268749800743535,1784951569.6703472,1784951568.9150615,1784951569.1650615,0.0,0.0,0.0,0.0,0.9503745436668396,0.0,ablate-ee-only-resnet50-cifar10-pi5-single-20260725-114734:v1,1,0.20268749800743535,unknown,0.0,0.0,0.0,0.0,0.0,"{'device': [0, 1, 2, 3, 4, 5, 6, 7, 8, 9, 10, 11, 12, 13]}",14,after_layer3,device,True,9,1.0,5.0,1.0,0.20271899801446125,-0.013594990072306246,9,60082031def7441f988b056bfba9f622,44,"{'device_compute': 0.20268749800743535, 'd2e_transport': 0.0, 'edge_queue': 0.0, 'edge_segment_compute': 0.0, 'edge_exit_head_compute': 0.0, 'edge_exit_check': 0.0, 'e2c_transport': 0.0, 'cloud_queue': 0.0, 'cloud_segment_compute': 0.0, 'cloud_exit_head_compute': 0.0, 'cloud_exit_check': 0.0, 'total_latency': 0.20271899801446125, 'unattributed_overhead': 3.15000070258975e-05, 'request_id': '60082031def7441f988b056bfba9f622', 'user_id': 0, 'prediction': 9, 'exit_id': 'after_layer3', 'exit_boundary_id': 14, 'exit_location': 'device', 'confidence': 0.9503745436668396, 'executed_segments_by_node': {'device': [0, 1, 2, 3, 4, 5, 6, 7, 8, 9, 10, 11, 12, 13]}, 'nodes': [{'node': 'device', 'executed_segments': [0, 1, 2, 3, 4, 5, 6, 7, 8, 9, 10, 11, 12, 13], 'queue_s': 0.0, 'segment_compute_s': 0.19983064889675006, 'exit_head_compute_s': 0.0022719990520272404, 'exit_check_s': 0.00019473800784908235, 'worker_elapsed_s': 0.20268749800743535}], 'sample_id': 'balanced_009_0540_00005300', 'label': 9, 'correct': True, 'observed_utility': -0.013594990072306246}",balanced_009_0540_00005300,44,5300,0.5052857398986816,5218225471334682005,0.20271899801446125,3.15000070258975e-05,0
0.0,0.19486980701913126,0.19486980701913126,0.19490101002156734,0.19486980701913126,1784951569.8935387,1784951569.1382022,1784951569.3882022,0.0,0.0,0.0,0.0,0.989243745803833,0.0,ablate-ee-only-resnet50-cifar10-pi5-single-20260725-114734:v1,1,0.19486980701913126,unknown,0.0,0.0,0.0,0.0,0.0,"{'device': [0, 1, 2, 3, 4, 5, 6, 7, 8, 9, 10, 11, 12, 13]}",14,after_layer3,device,True,9,1.0,5.0,1.0,0.19490101002156734,0.025494949892163277,9,580a426ea6704fdfaa6efee6686b5236,45,"{'device_compute': 0.19486980701913126, 'd2e_transport': 0.0, 'edge_queue': 0.0, 'edge_segment_compute': 0.0, 'edge_exit_head_compute': 0.0, 'edge_exit_check': 0.0, 'e2c_transport': 0.0, 'cloud_queue': 0.0, 'cloud_segment_compute': 0.0, 'cloud_exit_head_compute': 0.0, 'cloud_exit_check': 0.0, 'total_latency': 0.19490101002156734, 'unattributed_overhead': 3.1203002436086535e-05, 'request_id': '580a426ea6704fdfaa6efee6686b5236', 'user_id': 0, 'prediction': 9, 'exit_id': 'after_layer3', 'exit_boundary_id': 14, 'exit_location': 'device', 'confidence': 0.989243745803833, 'executed_segments_by_node': {'device': [0, 1, 2, 3, 4, 5, 6, 7, 8, 9, 10, 11, 12, 13]}, 'nodes': [{'node': 'device', 'executed_segments': [0, 1, 2, 3, 4, 5, 6, 7, 8, 9, 10, 11, 12, 13], 'queue_s': 0.0, 'segment_compute_s': 0.1910274320107419, 'exit_head_compute_s': 0.003264007973484695, 'exit_check_s': 0.0001902220246847719, 'worker_elapsed_s': 0.19486980701913126}], 'sample_id': 'balanced_009_0654_00006565', 'label': 9, 'correct': True, 'observed_utility': 0.025494949892163277}",balanced_009_0654_00006565,45,6565,0.5053365230560303,5218225471334682005,0.19490101002156734,3.1203002436086535e-05,0
0.0,0.26324615598423406,0.26324615598423406,0.26327430398669094,0.26324615598423406,1784951570.1513274,1784951569.397063,1784951569.647063,0.0,0.0,0.0,0.0,0.9937064051628113,0.0,ablate-ee-only-resnet50-cifar10-pi5-single-20260725-114734:v1,1,0.26324615598423406,unknown,0.0,0.0,0.0,0.0,0.0,"{'device': [0, 1, 2, 3, 4, 5, 6, 7, 8, 9, 10, 11, 12, 13, 14, 15, 16, 17, 18]}",19,final,device,True,7,1.0,5.0,1.0,0.26327430398669094,-0.3163715199334547,7,ad13053a8e80457499edd3c7b98c010d,46,"{'device_compute': 0.26324615598423406, 'd2e_transport': 0.0, 'edge_queue': 0.0, 'edge_segment_compute': 0.0, 'edge_exit_head_compute': 0.0, 'edge_exit_check': 0.0, 'e2c_transport': 0.0, 'cloud_queue': 0.0, 'cloud_segment_compute': 0.0, 'cloud_exit_head_compute': 0.0, 'cloud_exit_check': 0.0, 'total_latency': 0.26327430398669094, 'unattributed_overhead': 2.8148002456873655e-05, 'request_id': 'ad13053a8e80457499edd3c7b98c010d', 'user_id': 0, 'prediction': 7, 'exit_id': 'final', 'exit_boundary_id': 19, 'exit_location': 'device', 'confidence': 0.9937064051628113, 'executed_segments_by_node': {'device': [0, 1, 2, 3, 4, 5, 6, 7, 8, 9, 10, 11, 12, 13, 14, 15, 16, 17, 18]}, 'nodes': [{'node': 'device', 'executed_segments': [0, 1, 2, 3, 4, 5, 6, 7, 8, 9, 10, 11, 12, 13, 14, 15, 16, 17, 18], 'queue_s': 0.0, 'segment_compute_s': 0.25953416791162454, 'exit_head_compute_s': 0.002946251042885706, 'exit_check_s': 0.00025114399613812566, 'worker_elapsed_s': 0.26324615598423406}], 'sample_id': 'balanced_007_0733_00007271', 'label': 7, 'correct': True, 'observed_utility': -0.3163715199334547}",balanced_007_0733_00007271,46,7271,0.5042643547058105,5218225471334682005,0.26327430398669094,2.8148002456873655e-05,0
0.0,0.2515330919995904,0.2515330919995904,0.25156285098637454,0.2515330919995904,1784951570.4580953,1784951569.7018638,1784951569.9518638,0.0,0.0,0.0,0.0,0.9162259101867676,0.0,ablate-ee-only-resnet50-cifar10-pi5-single-20260725-114734:v1,1,0.2515330919995904,unknown,0.0,0.0,0.0,0.0,0.0,"{'device': [0, 1, 2, 3, 4, 5, 6, 7, 8, 9, 10, 11, 12, 13, 14, 15, 16, 17, 18]}",19,final,device,True,3,1.0,5.0,1.0,0.25156285098637454,-0.2578142549318727,3,99df8802c6f94d618777ff6ea0aff22f,47,"{'device_compute': 0.2515330919995904, 'd2e_transport': 0.0, 'edge_queue': 0.0, 'edge_segment_compute': 0.0, 'edge_exit_head_compute': 0.0, 'edge_exit_check': 0.0, 'e2c_transport': 0.0, 'cloud_queue': 0.0, 'cloud_segment_compute': 0.0, 'cloud_exit_head_compute': 0.0, 'cloud_exit_check': 0.0, 'total_latency': 0.25156285098637454, 'unattributed_overhead': 2.9758986784145236e-05, 'request_id': '99df8802c6f94d618777ff6ea0aff22f', 'user_id': 0, 'prediction': 3, 'exit_id': 'final', 'exit_boundary_id': 19, 'exit_location': 'device', 'confidence': 0.9162259101867676, 'executed_segments_by_node': {'device': [0, 1, 2, 3, 4, 5, 6, 7, 8, 9, 10, 11, 12, 13, 14, 15, 16, 17, 18]}, 'nodes': [{'node': 'device', 'executed_segments': [0, 1, 2, 3, 4, 5, 6, 7, 8, 9, 10, 11, 12, 13, 14, 15, 16, 17, 18], 'queue_s': 0.0, 'segment_compute_s': 0.2478600119939074, 'exit_head_compute_s': 0.0029383629735093564, 'exit_check_s': 0.00025051701231859624, 'worker_elapsed_s': 0.2515330919995904}], 'sample_id': 'balanced_003_0768_00007717', 'label': 3, 'correct': True, 'observed_utility': -0.2578142549318727}",balanced_003_0768_00007717,47,7717,0.5062315464019775,5218225471334682005,0.25156285098637454,2.9758986784145236e-05,0
0.0,0.18899717202293687,0.18899717202293687,0.18902872799662873,0.18899717202293687,1784951570.7737772,1784951570.0183816,1784951570.2683816,0.0,0.0,0.0,0.0,0.8358562588691711,0.0,ablate-ee-only-resnet50-cifar10-pi5-single-20260725-114734:v1,1,0.18899717202293687,unknown,0.0,0.0,0.0,0.0,0.0,"{'device': [0, 1, 2, 3, 4, 5, 6, 7, 8, 9, 10, 11, 12, 13]}",14,after_layer3,device,True,7,1.0,5.0,1.0,0.18902872799662873,0.05485636001685634,7,b6fc1d91467c4b5c958fbe42915ba49c,48,"{'device_compute': 0.18899717202293687, 'd2e_transport': 0.0, 'edge_queue': 0.0, 'edge_segment_compute': 0.0, 'edge_exit_head_compute': 0.0, 'edge_exit_check': 0.0, 'e2c_transport': 0.0, 'cloud_queue': 0.0, 'cloud_segment_compute': 0.0, 'cloud_exit_head_compute': 0.0, 'cloud_exit_check': 0.0, 'total_latency': 0.18902872799662873, 'unattributed_overhead': 3.15559736918658e-05, 'request_id': 'b6fc1d91467c4b5c958fbe42915ba49c', 'user_id': 0, 'prediction': 7, 'exit_id': 'after_layer3', 'exit_boundary_id': 14, 'exit_location': 'device', 'confidence': 0.8358562588691711, 'executed_segments_by_node': {'device': [0, 1, 2, 3, 4, 5, 6, 7, 8, 9, 10, 11, 12, 13]}, 'nodes': [{'node': 'device', 'executed_segments': [0, 1, 2, 3, 4, 5, 6, 7, 8, 9, 10, 11, 12, 13], 'queue_s': 0.0, 'segment_compute_s': 0.1852330939436797, 'exit_head_compute_s': 0.0031708060123492032, 'exit_check_s': 0.00019925698870792985, 'worker_elapsed_s': 0.18899717202293687}], 'sample_id': 'balanced_007_0702_00007003', 'label': 7, 'correct': True, 'observed_utility': 0.05485636001685634}",balanced_007_0702_00007003,48,7003,0.5053956508636475,5218225471334682005,0.18902872799662873,3.15559736918658e-05,0
0.0,0.20728230898384936,0.20728230898384936,0.20731456798966974,0.20728230898384936,1784951570.9814665,1784951570.2269738,1784951570.4769738,0.0,0.0,0.0,0.0,0.9099147915840149,0.0,ablate-ee-only-resnet50-cifar10-pi5-single-20260725-114734:v1,1,0.20728230898384936,unknown,0.0,0.0,0.0,0.0,0.0,"{'device': [0, 1, 2, 3, 4, 5, 6, 7, 8, 9, 10, 11, 12, 13]}",14,after_layer3,device,True,1,1.0,5.0,1.0,0.20731456798966974,-0.0365728399483487,1,68d3c1a959d142fdb10e3cbaa83c9459,49,"{'device_compute': 0.20728230898384936, 'd2e_transport': 0.0, 'edge_queue': 0.0, 'edge_segment_compute': 0.0, 'edge_exit_head_compute': 0.0, 'edge_exit_check': 0.0, 'e2c_transport': 0.0, 'cloud_queue': 0.0, 'cloud_segment_compute': 0.0, 'cloud_exit_head_compute': 0.0, 'cloud_exit_check': 0.0, 'total_latency': 0.20731456798966974, 'unattributed_overhead': 3.225900582037866e-05, 'request_id': '68d3c1a959d142fdb10e3cbaa83c9459', 'user_id': 0, 'prediction': 1, 'exit_id': 'after_layer3', 'exit_boundary_id': 14, 'exit_location': 'device', 'confidence': 0.9099147915840149, 'executed_segments_by_node': {'device': [0, 1, 2, 3, 4, 5, 6, 7, 8, 9, 10, 11, 12, 13]}, 'nodes': [{'node': 'device', 'executed_segments': [0, 1, 2, 3, 4, 5, 6, 7, 8, 9, 10, 11, 12, 13], 'queue_s': 0.0, 'segment_compute_s': 0.20447387197054923, 'exit_head_compute_s': 0.0022257389791775495, 'exit_check_s': 0.0001908309932332486, 'worker_elapsed_s': 0.20728230898384936}], 'sample_id': 'balanced_001_0328_00003407', 'label': 1, 'correct': True, 'observed_utility': -0.0365728399483487}",balanced_001_0328_00003407,49,3407,0.5044927597045898,5218225471334682005,0.20731456798966974,3.225900582037866e-05,0
0.0,0.23866813001222908,0.23866813001222908,0.23869703701348044,0.23866813001222908,1784951571.2054741,1784951570.4513588,1784951570.7013588,0.0,0.0,0.0,0.0,0.995699405670166,0.0,ablate-ee-only-resnet50-cifar10-pi5-single-20260725-114734:v1,1,0.23866813001222908,unknown,0.0,0.0,0.0,0.0,0.0,"{'device': [0, 1, 2, 3, 4, 5, 6, 7, 8, 9, 10, 11, 12, 13, 14, 15, 16, 17, 18]}",19,final,device,True,4,1.0,5.0,1.0,0.23869703701348044,-0.1934851850674022,4,7e2be65596a143269c24969789f1d60f,50,"{'device_compute': 0.23866813001222908, 'd2e_transport': 0.0, 'edge_queue': 0.0, 'edge_segment_compute': 0.0, 'edge_exit_head_compute': 0.0, 'edge_exit_check': 0.0, 'e2c_transport': 0.0, 'cloud_queue': 0.0, 'cloud_segment_compute': 0.0, 'cloud_exit_head_compute': 0.0, 'cloud_exit_check': 0.0, 'total_latency': 0.23869703701348044, 'unattributed_overhead': 2.8907001251354814e-05, 'request_id': '7e2be65596a143269c24969789f1d60f', 'user_id': 0, 'prediction': 4, 'exit_id': 'final', 'exit_boundary_id': 19, 'exit_location': 'device', 'confidence': 0.995699405670166, 'executed_segments_by_node': {'device': [0, 1, 2, 3, 4, 5, 6, 7, 8, 9, 10, 11, 12, 13, 14, 15, 16, 17, 18]}, 'nodes': [{'node': 'device', 'executed_segments': [0, 1, 2, 3, 4, 5, 6, 7, 8, 9, 10, 11, 12, 13, 14, 15, 16, 17, 18], 'queue_s': 0.0, 'segment_compute_s': 0.23551180397043936, 'exit_head_compute_s': 0.002430110005661845, 'exit_check_s': 0.0002499970141798258, 'worker_elapsed_s': 0.23866813001222908}], 'sample_id': 'balanced_004_0166_00001674', 'label': 4, 'correct': True, 'observed_utility': -0.1934851850674022}",balanced_004_0166_00001674,50,1674,0.5041153430938721,5218225471334682005,0.23869703701348044,2.8907001251354814e-05,0
0.0,0.1891488379915245,0.1891488379915245,0.18918089297949336,0.1891488379915245,1784951571.4843042,1784951570.7261744,1784951570.9761744,0.0,0.0,0.0,0.0,0.9695510268211365,0.0,ablate-ee-only-resnet50-cifar10-pi5-single-20260725-114734:v1,1,0.1891488379915245,unknown,0.0,0.0,0.0,0.0,0.0,"{'device': [0, 1, 2, 3, 4, 5, 6, 7, 8, 9, 10, 11, 12, 13]}",14,after_layer3,device,True,4,1.0,5.0,1.0,0.18918089297949336,0.05409553510253318,4,5fe5745453e94382b81b9e67614640fe,51,"{'device_compute': 0.1891488379915245, 'd2e_transport': 0.0, 'edge_queue': 0.0, 'edge_segment_compute': 0.0, 'edge_exit_head_compute': 0.0, 'edge_exit_check': 0.0, 'e2c_transport': 0.0, 'cloud_queue': 0.0, 'cloud_segment_compute': 0.0, 'cloud_exit_head_compute': 0.0, 'cloud_exit_check': 0.0, 'total_latency': 0.18918089297949336, 'unattributed_overhead': 3.205498796887696e-05, 'request_id': '5fe5745453e94382b81b9e67614640fe', 'user_id': 0, 'prediction': 4, 'exit_id': 'after_layer3', 'exit_boundary_id': 14, 'exit_location': 'device', 'confidence': 0.9695510268211365, 'executed_segments_by_node': {'device': [0, 1, 2, 3, 4, 5, 6, 7, 8, 9, 10, 11, 12, 13]}, 'nodes': [{'node': 'device', 'executed_segments': [0, 1, 2, 3, 4, 5, 6, 7, 8, 9, 10, 11, 12, 13], 'queue_s': 0.0, 'segment_compute_s': 0.18506818905007094, 'exit_head_compute_s': 0.0034871560346800834, 'exit_check_s': 0.0001949610305018723, 'worker_elapsed_s': 0.1891488379915245}], 'sample_id': 'balanced_004_0960_00009597', 'label': 4, 'correct': True, 'observed_utility': 0.05409553510253318}",balanced_004_0960_00009597,51,9597,0.5081298351287842,5218225471334682005,0.18918089297949336,3.205498796887696e-05,0
0.0,0.24362929098424502,0.24362929098424502,0.24365834597847424,0.24362929098424502,1784951571.697367,1784951570.9387808,1784951571.1887808,0.0,0.0,0.0,0.0,0.9993846416473389,0.0,ablate-ee-only-resnet50-cifar10-pi5-single-20260725-114734:v1,1,0.24362929098424502,unknown,0.0,0.0,0.0,0.0,0.0,"{'device': [0, 1, 2, 3, 4, 5, 6, 7, 8, 9, 10, 11, 12, 13, 14, 15, 16, 17, 18]}",19,final,device,True,4,1.0,5.0,1.0,0.24365834597847424,-0.21829172989237122,4,d0710aa809ce4bbfbd663068da995d80,52,"{'device_compute': 0.24362929098424502, 'd2e_transport': 0.0, 'edge_queue': 0.0, 'edge_segment_compute': 0.0, 'edge_exit_head_compute': 0.0, 'edge_exit_check': 0.0, 'e2c_transport': 0.0, 'cloud_queue': 0.0, 'cloud_segment_compute': 0.0, 'cloud_exit_head_compute': 0.0, 'cloud_exit_check': 0.0, 'total_latency': 0.24365834597847424, 'unattributed_overhead': 2.9054994229227304e-05, 'request_id': 'd0710aa809ce4bbfbd663068da995d80', 'user_id': 0, 'prediction': 4, 'exit_id': 'final', 'exit_boundary_id': 19, 'exit_location': 'device', 'confidence': 0.9993846416473389, 'executed_segments_by_node': {'device': [0, 1, 2, 3, 4, 5, 6, 7, 8, 9, 10, 11, 12, 13, 14, 15, 16, 17, 18]}, 'nodes': [{'node': 'device', 'executed_segments': [0, 1, 2, 3, 4, 5, 6, 7, 8, 9, 10, 11, 12, 13, 14, 15, 16, 17, 18], 'queue_s': 0.0, 'segment_compute_s': 0.23956560410442762, 'exit_head_compute_s': 0.003337933972943574, 'exit_check_s': 0.00024771998869255185, 'worker_elapsed_s': 0.24362929098424502}], 'sample_id': 'balanced_004_0231_00002403', 'label': 4, 'correct': True, 'observed_utility': -0.21829172989237122}",balanced_004_0231_00002403,52,2403,0.5085861682891846,5218225471334682005,0.24365834597847424,2.9054994229227304e-05,0
0.0,0.19384985300712287,0.19384985300712287,0.19388144501135685,0.19384985300712287,1784951571.9990392,1784951571.2422838,1784951571.4922838,0.0,0.0,0.0,0.0,0.8426489233970642,0.0,ablate-ee-only-resnet50-cifar10-pi5-single-20260725-114734:v1,1,0.19384985300712287,unknown,0.0,0.0,0.0,0.0,0.0,"{'device': [0, 1, 2, 3, 4, 5, 6, 7, 8, 9, 10, 11, 12, 13]}",14,after_layer3,device,True,9,1.0,5.0,1.0,0.19388144501135685,0.030592774943215773,9,4a53d6d2a700422cad4ef355e469bc1e,53,"{'device_compute': 0.19384985300712287, 'd2e_transport': 0.0, 'edge_queue': 0.0, 'edge_segment_compute': 0.0, 'edge_exit_head_compute': 0.0, 'edge_exit_check': 0.0, 'e2c_transport': 0.0, 'cloud_queue': 0.0, 'cloud_segment_compute': 0.0, 'cloud_exit_head_compute': 0.0, 'cloud_exit_check': 0.0, 'total_latency': 0.19388144501135685, 'unattributed_overhead': 3.159200423397124e-05, 'request_id': '4a53d6d2a700422cad4ef355e469bc1e', 'user_id': 0, 'prediction': 9, 'exit_id': 'after_layer3', 'exit_boundary_id': 14, 'exit_location': 'device', 'confidence': 0.8426489233970642, 'executed_segments_by_node': {'device': [0, 1, 2, 3, 4, 5, 6, 7, 8, 9, 10, 11, 12, 13]}, 'nodes': [{'node': 'device', 'executed_segments': [0, 1, 2, 3, 4, 5, 6, 7, 8, 9, 10, 11, 12, 13], 'queue_s': 0.0, 'segment_compute_s': 0.1892747100791894, 'exit_head_compute_s': 0.003961002017604187, 'exit_check_s': 0.00020227499771863222, 'worker_elapsed_s': 0.19384985300712287}], 'sample_id': 'balanced_009_0073_00000625', 'label': 9, 'correct': True, 'observed_utility': 0.030592774943215773}",balanced_009_0073_00000625,53,625,0.5067553520202637,5218225471334682005,0.19388144501135685,3.159200423397124e-05,0
0.0,0.24184015800710768,0.24184015800710768,0.2418696020031348,0.24184015800710768,1784951572.208087,1784951571.4539907,1784951571.7039907,0.0,0.0,0.0,0.0,0.9999819993972778,0.0,ablate-ee-only-resnet50-cifar10-pi5-single-20260725-114734:v1,1,0.24184015800710768,unknown,0.0,0.0,0.0,0.0,0.0,"{'device': [0, 1, 2, 3, 4, 5, 6, 7, 8, 9, 10, 11, 12, 13, 14, 15, 16, 17, 18]}",19,final,device,True,9,1.0,5.0,1.0,0.2418696020031348,-0.20934801001567394,9,b1c74cc7062b416c96d08a39fa2399aa,54,"{'device_compute': 0.24184015800710768, 'd2e_transport': 0.0, 'edge_queue': 0.0, 'edge_segment_compute': 0.0, 'edge_exit_head_compute': 0.0, 'edge_exit_check': 0.0, 'e2c_transport': 0.0, 'cloud_queue': 0.0, 'cloud_segment_compute': 0.0, 'cloud_exit_head_compute': 0.0, 'cloud_exit_check': 0.0, 'total_latency': 0.2418696020031348, 'unattributed_overhead': 2.9443996027112007e-05, 'request_id': 'b1c74cc7062b416c96d08a39fa2399aa', 'user_id': 0, 'prediction': 9, 'exit_id': 'final', 'exit_boundary_id': 19, 'exit_location': 'device', 'confidence': 0.9999819993972778, 'executed_segments_by_node': {'device': [0, 1, 2, 3, 4, 5, 6, 7, 8, 9, 10, 11, 12, 13, 14, 15, 16, 17, 18]}, 'nodes': [{'node': 'device', 'executed_segments': [0, 1, 2, 3, 4, 5, 6, 7, 8, 9, 10, 11, 12, 13, 14, 15, 16, 17, 18], 'queue_s': 0.0, 'segment_compute_s': 0.2389299419883173, 'exit_head_compute_s': 0.002190646977396682, 'exit_check_s': 0.00024679399211890996, 'worker_elapsed_s': 0.24184015800710768}], 'sample_id': 'balanced_009_0257_00002497', 'label': 9, 'correct': True, 'observed_utility': -0.20934801001567394}",balanced_009_0257_00002497,54,2497,0.504096269607544,5218225471334682005,0.2418696020031348,2.9443996027112007e-05,0
0.0,0.24328283101203851,0.24328283101203851,0.24331168201752007,0.24328283101203851,1784951572.5117528,1784951571.7561576,1784951572.0061576,0.0,0.0,0.0,0.0,0.9998549222946167,0.0,ablate-ee-only-resnet50-cifar10-pi5-single-20260725-114734:v1,1,0.24328283101203851,unknown,0.0,0.0,0.0,0.0,0.0,"{'device': [0, 1, 2, 3, 4, 5, 6, 7, 8, 9, 10, 11, 12, 13, 14, 15, 16, 17, 18]}",19,final,device,True,7,1.0,5.0,1.0,0.24331168201752007,-0.21655841008760035,7,aa685b967b6d4c3e8582ddbeaed996c1,55,"{'device_compute': 0.24328283101203851, 'd2e_transport': 0.0, 'edge_queue': 0.0, 'edge_segment_compute': 0.0, 'edge_exit_head_compute': 0.0, 'edge_exit_check': 0.0, 'e2c_transport': 0.0, 'cloud_queue': 0.0, 'cloud_segment_compute': 0.0, 'cloud_exit_head_compute': 0.0, 'cloud_exit_check': 0.0, 'total_latency': 0.24331168201752007, 'unattributed_overhead': 2.8851005481556058e-05, 'request_id': 'aa685b967b6d4c3e8582ddbeaed996c1', 'user_id': 0, 'prediction': 7, 'exit_id': 'final', 'exit_boundary_id': 19, 'exit_location': 'device', 'confidence': 0.9998549222946167, 'executed_segments_by_node': {'device': [0, 1, 2, 3, 4, 5, 6, 7, 8, 9, 10, 11, 12, 13, 14, 15, 16, 17, 18]}, 'nodes': [{'node': 'device', 'executed_segments': [0, 1, 2, 3, 4, 5, 6, 7, 8, 9, 10, 11, 12, 13, 14, 15, 16, 17, 18], 'queue_s': 0.0, 'segment_compute_s': 0.24027631801436655, 'exit_head_compute_s': 0.0022688319731969386, 'exit_check_s': 0.00026116298977285624, 'worker_elapsed_s': 0.24328283101203851}], 'sample_id': 'balanced_007_0467_00004707', 'label': 7, 'correct': True, 'observed_utility': -0.21655841008760035}",balanced_007_0467_00004707,55,4707,0.5055952072143555,5218225471334682005,0.24331168201752007,2.8851005481556058e-05,0
0.0,0.2111593869922217,0.2111593869922217,0.21119051598361693,0.2111593869922217,1784951572.811361,1784951572.0571818,1784951572.3071818,0.0,0.0,0.0,0.0,0.9413354396820068,0.0,ablate-ee-only-resnet50-cifar10-pi5-single-20260725-114734:v1,1,0.2111593869922217,unknown,0.0,0.0,0.0,0.0,0.0,"{'device': [0, 1, 2, 3, 4, 5, 6, 7, 8, 9, 10, 11, 12, 13]}",14,after_layer3,device,True,1,1.0,5.0,1.0,0.21119051598361693,-0.055952579918084666,1,63b5ff88bc444acc975c7eb22f738498,56,"{'device_compute': 0.2111593869922217, 'd2e_transport': 0.0, 'edge_queue': 0.0, 'edge_segment_compute': 0.0, 'edge_exit_head_compute': 0.0, 'edge_exit_check': 0.0, 'e2c_transport': 0.0, 'cloud_queue': 0.0, 'cloud_segment_compute': 0.0, 'cloud_exit_head_compute': 0.0, 'cloud_exit_check': 0.0, 'total_latency': 0.21119051598361693, 'unattributed_overhead': 3.112899139523506e-05, 'request_id': '63b5ff88bc444acc975c7eb22f738498', 'user_id': 0, 'prediction': 1, 'exit_id': 'after_layer3', 'exit_boundary_id': 14, 'exit_location': 'device', 'confidence': 0.9413354396820068, 'executed_segments_by_node': {'device': [0, 1, 2, 3, 4, 5, 6, 7, 8, 9, 10, 11, 12, 13]}, 'nodes': [{'node': 'device', 'executed_segments': [0, 1, 2, 3, 4, 5, 6, 7, 8, 9, 10, 11, 12, 13], 'queue_s': 0.0, 'segment_compute_s': 0.20848567297798581, 'exit_head_compute_s': 0.0021099439763929695, 'exit_check_s': 0.000184924021596089, 'worker_elapsed_s': 0.2111593869922217}], 'sample_id': 'balanced_001_0659_00006714', 'label': 1, 'correct': True, 'observed_utility': -0.055952579918084666}",balanced_001_0659_00006714,56,6714,0.5041792392730713,5218225471334682005,0.21119051598361693,3.112899139523506e-05,0
0.0,0.1906375850085169,0.1906375850085169,0.19067000999348238,0.1906375850085169,1784951573.0413575,1784951572.2855196,1784951572.5355196,0.0,0.0,0.0,0.0,0.9901561737060547,0.0,ablate-ee-only-resnet50-cifar10-pi5-single-20260725-114734:v1,1,0.1906375850085169,unknown,0.0,0.0,0.0,0.0,0.0,"{'device': [0, 1, 2, 3, 4, 5, 6, 7, 8, 9, 10, 11, 12, 13]}",14,after_layer3,device,True,1,1.0,5.0,1.0,0.19067000999348238,0.046649950032588094,1,d76ec76ad4b143c28cb83ac206a3ce7f,57,"{'device_compute': 0.1906375850085169, 'd2e_transport': 0.0, 'edge_queue': 0.0, 'edge_segment_compute': 0.0, 'edge_exit_head_compute': 0.0, 'edge_exit_check': 0.0, 'e2c_transport': 0.0, 'cloud_queue': 0.0, 'cloud_segment_compute': 0.0, 'cloud_exit_head_compute': 0.0, 'cloud_exit_check': 0.0, 'total_latency': 0.19067000999348238, 'unattributed_overhead': 3.2424984965473413e-05, 'request_id': 'd76ec76ad4b143c28cb83ac206a3ce7f', 'user_id': 0, 'prediction': 1, 'exit_id': 'after_layer3', 'exit_boundary_id': 14, 'exit_location': 'device', 'confidence': 0.9901561737060547, 'executed_segments_by_node': {'device': [0, 1, 2, 3, 4, 5, 6, 7, 8, 9, 10, 11, 12, 13]}, 'nodes': [{'node': 'device', 'executed_segments': [0, 1, 2, 3, 4, 5, 6, 7, 8, 9, 10, 11, 12, 13], 'queue_s': 0.0, 'segment_compute_s': 0.18746931498753838, 'exit_head_compute_s': 0.002593680954305455, 'exit_check_s': 0.00019586901180446148, 'worker_elapsed_s': 0.1906375850085169}], 'sample_id': 'balanced_001_0417_00004245', 'label': 1, 'correct': True, 'observed_utility': 0.046649950032588094}",balanced_001_0417_00004245,57,4245,0.5058379173278809,5218225471334682005,0.19067000999348238,3.2424984965473413e-05,0
0.0,0.1891781160084065,0.1891781160084065,0.18920869001885876,0.1891781160084065,1784951573.251683,1784951572.4972253,1784951572.7472253,0.0,0.0,0.0,0.0,0.9492524266242981,0.0,ablate-ee-only-resnet50-cifar10-pi5-single-20260725-114734:v1,1,0.1891781160084065,unknown,0.0,0.0,0.0,0.0,0.0,"{'device': [0, 1, 2, 3, 4, 5, 6, 7, 8, 9, 10, 11, 12, 13]}",14,after_layer3,device,True,0,1.0,5.0,1.0,0.18920869001885876,0.0539565499057062,0,174239bc79274a7086153d114d105a09,58,"{'device_compute': 0.1891781160084065, 'd2e_transport': 0.0, 'edge_queue': 0.0, 'edge_segment_compute': 0.0, 'edge_exit_head_compute': 0.0, 'edge_exit_check': 0.0, 'e2c_transport': 0.0, 'cloud_queue': 0.0, 'cloud_segment_compute': 0.0, 'cloud_exit_head_compute': 0.0, 'cloud_exit_check': 0.0, 'total_latency': 0.18920869001885876, 'unattributed_overhead': 3.057401045225561e-05, 'request_id': '174239bc79274a7086153d114d105a09', 'user_id': 0, 'prediction': 0, 'exit_id': 'after_layer3', 'exit_boundary_id': 14, 'exit_location': 'device', 'confidence': 0.9492524266242981, 'executed_segments_by_node': {'device': [0, 1, 2, 3, 4, 5, 6, 7, 8, 9, 10, 11, 12, 13]}, 'nodes': [{'node': 'device', 'executed_segments': [0, 1, 2, 3, 4, 5, 6, 7, 8, 9, 10, 11, 12, 13], 'queue_s': 0.0, 'segment_compute_s': 0.18643139902269468, 'exit_head_compute_s': 0.002140888012945652, 'exit_check_s': 0.0002236270229332149, 'worker_elapsed_s': 0.1891781160084065}], 'sample_id': 'balanced_000_0909_00009151', 'label': 0, 'correct': True, 'observed_utility': 0.0539565499057062}",balanced_000_0909_00009151,58,9151,0.5044577121734619,5218225471334682005,0.18920869001885876,3.057401045225561e-05,0
0.0,0.19537619201582856,0.19537619201582856,0.19540680301724933,0.19537619201582856,1784951573.4599166,1784951572.7058632,1784951572.9558632,0.0,0.0,0.0,0.0,0.9764406085014343,0.0,ablate-ee-only-resnet50-cifar10-pi5-single-20260725-114734:v1,1,0.19537619201582856,unknown,0.0,0.0,0.0,0.0,0.0,"{'device': [0, 1, 2, 3, 4, 5, 6, 7, 8, 9, 10, 11, 12, 13]}",14,after_layer3,device,True,4,1.0,5.0,1.0,0.19540680301724933,0.022965984913753346,4,34cd90e07a184f5292113c6a33f5b692,59,"{'device_compute': 0.19537619201582856, 'd2e_transport': 0.0, 'edge_queue': 0.0, 'edge_segment_compute': 0.0, 'edge_exit_head_compute': 0.0, 'edge_exit_check': 0.0, 'e2c_transport': 0.0, 'cloud_queue': 0.0, 'cloud_segment_compute': 0.0, 'cloud_exit_head_compute': 0.0, 'cloud_exit_check': 0.0, 'total_latency': 0.19540680301724933, 'unattributed_overhead': 3.0611001420766115e-05, 'request_id': '34cd90e07a184f5292113c6a33f5b692', 'user_id': 0, 'prediction': 4, 'exit_id': 'after_layer3', 'exit_boundary_id': 14, 'exit_location': 'device', 'confidence': 0.9764406085014343, 'executed_segments_by_node': {'device': [0, 1, 2, 3, 4, 5, 6, 7, 8, 9, 10, 11, 12, 13]}, 'nodes': [{'node': 'device', 'executed_segments': [0, 1, 2, 3, 4, 5, 6, 7, 8, 9, 10, 11, 12, 13], 'queue_s': 0.0, 'segment_compute_s': 0.1926485880103428, 'exit_head_compute_s': 0.0021453339722938836, 'exit_check_s': 0.00018203500076197088, 'worker_elapsed_s': 0.19537619201582856}], 'sample_id': 'balanced_004_0406_00004047', 'label': 4, 'correct': True, 'observed_utility': 0.022965984913753346}",balanced_004_0406_00004047,59,4047,0.5040533542633057,5218225471334682005,0.19540680301724933,3.0611001420766115e-05,0
0.0,0.24344671901781112,0.24344671901781112,0.24347495901747607,0.24344671901781112,1784951573.6728587,1784951572.9180279,1784951573.1680279,0.0,0.0,0.0,0.0,0.9997966885566711,0.0,ablate-ee-only-resnet50-cifar10-pi5-single-20260725-114734:v1,1,0.24344671901781112,unknown,0.0,0.0,0.0,0.0,0.0,"{'device': [0, 1, 2, 3, 4, 5, 6, 7, 8, 9, 10, 11, 12, 13, 14, 15, 16, 17, 18]}",19,final,device,True,2,1.0,5.0,1.0,0.24347495901747607,-0.21737479508738033,2,6c53c03d0af247a7be1e3faefd196c2b,60,"{'device_compute': 0.24344671901781112, 'd2e_transport': 0.0, 'edge_queue': 0.0, 'edge_segment_compute': 0.0, 'edge_exit_head_compute': 0.0, 'edge_exit_check': 0.0, 'e2c_transport': 0.0, 'cloud_queue': 0.0, 'cloud_segment_compute': 0.0, 'cloud_exit_head_compute': 0.0, 'cloud_exit_check': 0.0, 'total_latency': 0.24347495901747607, 'unattributed_overhead': 2.823999966494739e-05, 'request_id': '6c53c03d0af247a7be1e3faefd196c2b', 'user_id': 0, 'prediction': 2, 'exit_id': 'final', 'exit_boundary_id': 19, 'exit_location': 'device', 'confidence': 0.9997966885566711, 'executed_segments_by_node': {'device': [0, 1, 2, 3, 4, 5, 6, 7, 8, 9, 10, 11, 12, 13, 14, 15, 16, 17, 18]}, 'nodes': [{'node': 'device', 'executed_segments': [0, 1, 2, 3, 4, 5, 6, 7, 8, 9, 10, 11, 12, 13, 14, 15, 16, 17, 18], 'queue_s': 0.0, 'segment_compute_s': 0.23923134899814613, 'exit_head_compute_s': 0.0034897479927167296, 'exit_check_s': 0.0002510719932615757, 'worker_elapsed_s': 0.24344671901781112}], 'sample_id': 'balanced_002_0865_00008661', 'label': 2, 'correct': True, 'observed_utility': -0.21737479508738033}",balanced_002_0865_00008661,60,8661,0.5048308372497559,5218225471334682005,0.24347495901747607,2.823999966494739e-05,0
0.0,0.19657192201702856,0.19657192201702856,0.19660356899839826,0.19657192201702856,1784951573.9527254,1784951573.1916006,1784951573.4416006,0.0,0.0,0.0,0.0,0.9311830401420593,0.0,ablate-ee-only-resnet50-cifar10-pi5-single-20260725-114734:v1,1,0.19657192201702856,unknown,0.0,0.0,0.0,0.0,0.0,"{'device': [0, 1, 2, 3, 4, 5, 6, 7, 8, 9, 10, 11, 12, 13]}",14,after_layer3,device,True,8,1.0,5.0,1.0,0.19660356899839826,0.016982155008008704,8,1b6a593481e545b49db47e4498c4bc2e,61,"{'device_compute': 0.19657192201702856, 'd2e_transport': 0.0, 'edge_queue': 0.0, 'edge_segment_compute': 0.0, 'edge_exit_head_compute': 0.0, 'edge_exit_check': 0.0, 'e2c_transport': 0.0, 'cloud_queue': 0.0, 'cloud_segment_compute': 0.0, 'cloud_exit_head_compute': 0.0, 'cloud_exit_check': 0.0, 'total_latency': 0.19660356899839826, 'unattributed_overhead': 3.164698136970401e-05, 'request_id': '1b6a593481e545b49db47e4498c4bc2e', 'user_id': 0, 'prediction': 8, 'exit_id': 'after_layer3', 'exit_boundary_id': 14, 'exit_location': 'device', 'confidence': 0.9311830401420593, 'executed_segments_by_node': {'device': [0, 1, 2, 3, 4, 5, 6, 7, 8, 9, 10, 11, 12, 13]}, 'nodes': [{'node': 'device', 'executed_segments': [0, 1, 2, 3, 4, 5, 6, 7, 8, 9, 10, 11, 12, 13], 'queue_s': 0.0, 'segment_compute_s': 0.19376204200671054, 'exit_head_compute_s': 0.0022346110199578106, 'exit_check_s': 0.0001937209744937718, 'worker_elapsed_s': 0.19657192201702856}], 'sample_id': 'balanced_008_0368_00003585', 'label': 8, 'correct': True, 'observed_utility': 0.016982155008008704}",balanced_008_0368_00003585,61,3585,0.511124849319458,5218225471334682005,0.19660356899839826,3.164698136970401e-05,0
0.0,0.24999273600406013,0.24999273600406013,0.2500215870095417,0.24999273600406013,1784951574.1641092,1784951573.409573,1784951573.659573,0.0,0.0,0.0,0.0,0.9998723268508911,0.0,ablate-ee-only-resnet50-cifar10-pi5-single-20260725-114734:v1,1,0.24999273600406013,unknown,0.0,0.0,0.0,0.0,0.0,"{'device': [0, 1, 2, 3, 4, 5, 6, 7, 8, 9, 10, 11, 12, 13, 14, 15, 16, 17, 18]}",19,final,device,True,1,1.0,5.0,1.0,0.2500215870095417,-0.25010793504770845,1,023e941882494dc3943ad64c629fcb46,62,"{'device_compute': 0.24999273600406013, 'd2e_transport': 0.0, 'edge_queue': 0.0, 'edge_segment_compute': 0.0, 'edge_exit_head_compute': 0.0, 'edge_exit_check': 0.0, 'e2c_transport': 0.0, 'cloud_queue': 0.0, 'cloud_segment_compute': 0.0, 'cloud_exit_head_compute': 0.0, 'cloud_exit_check': 0.0, 'total_latency': 0.2500215870095417, 'unattributed_overhead': 2.8851005481556058e-05, 'request_id': '023e941882494dc3943ad64c629fcb46', 'user_id': 0, 'prediction': 1, 'exit_id': 'final', 'exit_boundary_id': 19, 'exit_location': 'device', 'confidence': 0.9998723268508911, 'executed_segments_by_node': {'device': [0, 1, 2, 3, 4, 5, 6, 7, 8, 9, 10, 11, 12, 13, 14, 15, 16, 17, 18]}, 'nodes': [{'node': 'device', 'executed_segments': [0, 1, 2, 3, 4, 5, 6, 7, 8, 9, 10, 11, 12, 13, 14, 15, 16, 17, 18], 'queue_s': 0.0, 'segment_compute_s': 0.2471557219105307, 'exit_head_compute_s': 0.002116353018209338, 'exit_check_s': 0.00024672001018188894, 'worker_elapsed_s': 0.24999273600406013}], 'sample_id': 'balanced_001_0429_00004337', 'label': 1, 'correct': True, 'observed_utility': -0.25010793504770845}",balanced_001_0429_00004337,62,4337,0.5045361518859863,5218225471334682005,0.2500215870095417,2.8851005481556058e-05,0
0.0,0.20930795898311771,0.20930795898311771,0.20934047698392533,0.20930795898311771,1784951574.4526384,1784951573.6974318,1784951573.9474318,0.0,0.0,0.0,0.0,0.8732208013534546,0.0,ablate-ee-only-resnet50-cifar10-pi5-single-20260725-114734:v1,1,0.20930795898311771,unknown,0.0,0.0,0.0,0.0,0.0,"{'device': [0, 1, 2, 3, 4, 5, 6, 7, 8, 9, 10, 11, 12, 13]}",14,after_layer3,device,True,3,1.0,5.0,1.0,0.20934047698392533,-0.04670238491962664,3,dbf8bc17125947a0a67e7ebf2d206e5e,63,"{'device_compute': 0.20930795898311771, 'd2e_transport': 0.0, 'edge_queue': 0.0, 'edge_segment_compute': 0.0, 'edge_exit_head_compute': 0.0, 'edge_exit_check': 0.0, 'e2c_transport': 0.0, 'cloud_queue': 0.0, 'cloud_segment_compute': 0.0, 'cloud_exit_head_compute': 0.0, 'cloud_exit_check': 0.0, 'total_latency': 0.20934047698392533, 'unattributed_overhead': 3.2518000807613134e-05, 'request_id': 'dbf8bc17125947a0a67e7ebf2d206e5e', 'user_id': 0, 'prediction': 3, 'exit_id': 'after_layer3', 'exit_boundary_id': 14, 'exit_location': 'device', 'confidence': 0.8732208013534546, 'executed_segments_by_node': {'device': [0, 1, 2, 3, 4, 5, 6, 7, 8, 9, 10, 11, 12, 13]}, 'nodes': [{'node': 'device', 'executed_segments': [0, 1, 2, 3, 4, 5, 6, 7, 8, 9, 10, 11, 12, 13], 'queue_s': 0.0, 'segment_compute_s': 0.20645070599857718, 'exit_head_compute_s': 0.002267222007503733, 'exit_check_s': 0.00019746096222661436, 'worker_elapsed_s': 0.20930795898311771}], 'sample_id': 'balanced_003_0374_00003810', 'label': 3, 'correct': True, 'observed_utility': -0.04670238491962664}",balanced_003_0374_00003810,63,3810,0.5052065849304199,5218225471334682005,0.20934047698392533,3.2518000807613134e-05,0
0.0,0.19683904899284244,0.19683904899284244,0.1968713639944326,0.19683904899284244,1784951574.6773176,1784951573.9222815,1784951574.1722815,0.0,0.0,0.0,0.0,0.928325355052948,0.0,ablate-ee-only-resnet50-cifar10-pi5-single-20260725-114734:v1,1,0.19683904899284244,unknown,0.0,0.0,0.0,0.0,0.0,"{'device': [0, 1, 2, 3, 4, 5, 6, 7, 8, 9, 10, 11, 12, 13]}",14,after_layer3,device,True,0,1.0,5.0,1.0,0.1968713639944326,0.015643180027836934,0,9eb6292272014dab9ffaa5b49a0d751f,64,"{'device_compute': 0.19683904899284244, 'd2e_transport': 0.0, 'edge_queue': 0.0, 'edge_segment_compute': 0.0, 'edge_exit_head_compute': 0.0, 'edge_exit_check': 0.0, 'e2c_transport': 0.0, 'cloud_queue': 0.0, 'cloud_segment_compute': 0.0, 'cloud_exit_head_compute': 0.0, 'cloud_exit_check': 0.0, 'total_latency': 0.1968713639944326, 'unattributed_overhead': 3.231500159017742e-05, 'request_id': '9eb6292272014dab9ffaa5b49a0d751f', 'user_id': 0, 'prediction': 0, 'exit_id': 'after_layer3', 'exit_boundary_id': 14, 'exit_location': 'device', 'confidence': 0.928325355052948, 'executed_segments_by_node': {'device': [0, 1, 2, 3, 4, 5, 6, 7, 8, 9, 10, 11, 12, 13]}, 'nodes': [{'node': 'device', 'executed_segments': [0, 1, 2, 3, 4, 5, 6, 7, 8, 9, 10, 11, 12, 13], 'queue_s': 0.0, 'segment_compute_s': 0.19407301998580806, 'exit_head_compute_s': 0.0021870929922442883, 'exit_check_s': 0.00019216499640606344, 'worker_elapsed_s': 0.19683904899284244}], 'sample_id': 'balanced_000_0708_00007038', 'label': 0, 'correct': True, 'observed_utility': 0.015643180027836934}",balanced_000_0708_00007038,64,7038,0.5050361156463623,5218225471334682005,0.1968713639944326,3.231500159017742e-05,0
0.0,0.24112844199407846,0.24112844199407846,0.24115822001476772,0.24112844199407846,1784951574.8958478,1784951574.1400955,1784951574.3900955,0.0,0.0,0.0,0.0,0.9855136275291443,0.0,ablate-ee-only-resnet50-cifar10-pi5-single-20260725-114734:v1,1,0.24112844199407846,unknown,0.0,0.0,0.0,0.0,0.0,"{'device': [0, 1, 2, 3, 4, 5, 6, 7, 8, 9, 10, 11, 12, 13, 14, 15, 16, 17, 18]}",19,final,device,True,3,1.0,5.0,1.0,0.24115822001476772,-0.2057911000738386,3,f9873eea722c4ca4abfafacf25c48649,65,"{'device_compute': 0.24112844199407846, 'd2e_transport': 0.0, 'edge_queue': 0.0, 'edge_segment_compute': 0.0, 'edge_exit_head_compute': 0.0, 'edge_exit_check': 0.0, 'e2c_transport': 0.0, 'cloud_queue': 0.0, 'cloud_segment_compute': 0.0, 'cloud_exit_head_compute': 0.0, 'cloud_exit_check': 0.0, 'total_latency': 0.24115822001476772, 'unattributed_overhead': 2.977802068926394e-05, 'request_id': 'f9873eea722c4ca4abfafacf25c48649', 'user_id': 0, 'prediction': 3, 'exit_id': 'final', 'exit_boundary_id': 19, 'exit_location': 'device', 'confidence': 0.9855136275291443, 'executed_segments_by_node': {'device': [0, 1, 2, 3, 4, 5, 6, 7, 8, 9, 10, 11, 12, 13, 14, 15, 16, 17, 18]}, 'nodes': [{'node': 'device', 'executed_segments': [0, 1, 2, 3, 4, 5, 6, 7, 8, 9, 10, 11, 12, 13, 14, 15, 16, 17, 18], 'queue_s': 0.0, 'segment_compute_s': 0.2343365389679093, 'exit_head_compute_s': 0.006039039988536388, 'exit_check_s': 0.0002721079799812287, 'worker_elapsed_s': 0.24112844199407846}], 'sample_id': 'balanced_003_0146_00001442', 'label': 3, 'correct': True, 'observed_utility': -0.2057911000738386}",balanced_003_0146_00001442,65,1442,0.5057523250579834,5218225471334682005,0.24115822001476772,2.977802068926394e-05,0
0.0,0.23855335399275646,0.23855335399275646,0.23858237199601717,0.23855335399275646,1784951575.1750205,1784951574.4155076,1784951574.6655076,0.0,0.0,0.0,0.0,0.992728590965271,0.0,ablate-ee-only-resnet50-cifar10-pi5-single-20260725-114734:v1,1,0.23855335399275646,unknown,0.0,0.0,0.0,0.0,0.0,"{'device': [0, 1, 2, 3, 4, 5, 6, 7, 8, 9, 10, 11, 12, 13, 14, 15, 16, 17, 18]}",19,final,device,True,6,1.0,5.0,1.0,0.23858237199601717,-0.19291185998008586,6,144661e131c24abfa9236c810f76c009,66,"{'device_compute': 0.23855335399275646, 'd2e_transport': 0.0, 'edge_queue': 0.0, 'edge_segment_compute': 0.0, 'edge_exit_head_compute': 0.0, 'edge_exit_check': 0.0, 'e2c_transport': 0.0, 'cloud_queue': 0.0, 'cloud_segment_compute': 0.0, 'cloud_exit_head_compute': 0.0, 'cloud_exit_check': 0.0, 'total_latency': 0.23858237199601717, 'unattributed_overhead': 2.9018003260716796e-05, 'request_id': '144661e131c24abfa9236c810f76c009', 'user_id': 0, 'prediction': 6, 'exit_id': 'final', 'exit_boundary_id': 19, 'exit_location': 'device', 'confidence': 0.992728590965271, 'executed_segments_by_node': {'device': [0, 1, 2, 3, 4, 5, 6, 7, 8, 9, 10, 11, 12, 13, 14, 15, 16, 17, 18]}, 'nodes': [{'node': 'device', 'executed_segments': [0, 1, 2, 3, 4, 5, 6, 7, 8, 9, 10, 11, 12, 13, 14, 15, 16, 17, 18], 'queue_s': 0.0, 'segment_compute_s': 0.23566510106320493, 'exit_head_compute_s': 0.002165554033126682, 'exit_check_s': 0.0002500160480849445, 'worker_elapsed_s': 0.23855335399275646}], 'sample_id': 'balanced_006_0139_00001192', 'label': 6, 'correct': True, 'observed_utility': -0.19291185998008586}",balanced_006_0139_00001192,66,1192,0.5095129013061523,5218225471334682005,0.23858237199601717,2.9018003260716796e-05,0
0.0,0.18958200101042166,0.18958200101042166,0.1896137600124348,0.18958200101042166,1784951575.4750352,1784951574.718898,1784951574.968898,0.0,0.0,0.0,0.0,0.9966553449630737,0.0,ablate-ee-only-resnet50-cifar10-pi5-single-20260725-114734:v1,1,0.18958200101042166,unknown,0.0,0.0,0.0,0.0,0.0,"{'device': [0, 1, 2, 3, 4, 5, 6, 7, 8, 9, 10, 11, 12, 13]}",14,after_layer3,device,True,2,1.0,5.0,1.0,0.1896137600124348,0.05193119993782602,2,55b7c73199f147ffbe9d8afb10c31fa6,67,"{'device_compute': 0.18958200101042166, 'd2e_transport': 0.0, 'edge_queue': 0.0, 'edge_segment_compute': 0.0, 'edge_exit_head_compute': 0.0, 'edge_exit_check': 0.0, 'e2c_transport': 0.0, 'cloud_queue': 0.0, 'cloud_segment_compute': 0.0, 'cloud_exit_head_compute': 0.0, 'cloud_exit_check': 0.0, 'total_latency': 0.1896137600124348, 'unattributed_overhead': 3.1759002013131976e-05, 'request_id': '55b7c73199f147ffbe9d8afb10c31fa6', 'user_id': 0, 'prediction': 2, 'exit_id': 'after_layer3', 'exit_boundary_id': 14, 'exit_location': 'device', 'confidence': 0.9966553449630737, 'executed_segments_by_node': {'device': [0, 1, 2, 3, 4, 5, 6, 7, 8, 9, 10, 11, 12, 13]}, 'nodes': [{'node': 'device', 'executed_segments': [0, 1, 2, 3, 4, 5, 6, 7, 8, 9, 10, 11, 12, 13], 'queue_s': 0.0, 'segment_compute_s': 0.18684028499410488, 'exit_head_compute_s': 0.00217105500632897, 'exit_check_s': 0.00019297903054393828, 'worker_elapsed_s': 0.18958200101042166}], 'sample_id': 'balanced_002_0340_00003313', 'label': 2, 'correct': True, 'observed_utility': 0.05193119993782602}",balanced_002_0340_00003313,67,3313,0.5061371326446533,5218225471334682005,0.1896137600124348,3.1759002013131976e-05,0
0.0,0.19409997999900952,0.19409997999900952,0.194131850003032,0.19409997999900952,1784951575.684653,1784951574.9299543,1784951575.1799543,0.0,0.0,0.0,0.0,0.9975676536560059,0.0,ablate-ee-only-resnet50-cifar10-pi5-single-20260725-114734:v1,1,0.19409997999900952,unknown,0.0,0.0,0.0,0.0,0.0,"{'device': [0, 1, 2, 3, 4, 5, 6, 7, 8, 9, 10, 11, 12, 13]}",14,after_layer3,device,True,7,1.0,5.0,1.0,0.194131850003032,0.02934074998483993,7,f7b3647f80574cbfa6f545e481701c87,68,"{'device_compute': 0.19409997999900952, 'd2e_transport': 0.0, 'edge_queue': 0.0, 'edge_segment_compute': 0.0, 'edge_exit_head_compute': 0.0, 'edge_exit_check': 0.0, 'e2c_transport': 0.0, 'cloud_queue': 0.0, 'cloud_segment_compute': 0.0, 'cloud_exit_head_compute': 0.0, 'cloud_exit_check': 0.0, 'total_latency': 0.194131850003032, 'unattributed_overhead': 3.187000402249396e-05, 'request_id': 'f7b3647f80574cbfa6f545e481701c87', 'user_id': 0, 'prediction': 7, 'exit_id': 'after_layer3', 'exit_boundary_id': 14, 'exit_location': 'device', 'confidence': 0.9975676536560059, 'executed_segments_by_node': {'device': [0, 1, 2, 3, 4, 5, 6, 7, 8, 9, 10, 11, 12, 13]}, 'nodes': [{'node': 'device', 'executed_segments': [0, 1, 2, 3, 4, 5, 6, 7, 8, 9, 10, 11, 12, 13], 'queue_s': 0.0, 'segment_compute_s': 0.19125113502377644, 'exit_head_compute_s': 0.0022618329676333815, 'exit_check_s': 0.00020083101117052138, 'worker_elapsed_s': 0.19409997999900952}], 'sample_id': 'balanced_007_0959_00009599', 'label': 7, 'correct': True, 'observed_utility': 0.02934074998483993}",balanced_007_0959_00009599,68,9599,0.5046987533569336,5218225471334682005,0.194131850003032,3.187000402249396e-05,0
0.0,0.1954897270188667,0.1954897270188667,0.1955217460053973,0.1954897270188667,1784951575.898521,1784951575.1408448,1784951575.3908448,0.0,0.0,0.0,0.0,0.9601879119873047,0.0,ablate-ee-only-resnet50-cifar10-pi5-single-20260725-114734:v1,1,0.1954897270188667,unknown,0.0,0.0,0.0,0.0,0.0,"{'device': [0, 1, 2, 3, 4, 5, 6, 7, 8, 9, 10, 11, 12, 13]}",14,after_layer3,device,True,5,1.0,5.0,1.0,0.1955217460053973,0.02239126997301355,5,da07ae8ce9c54ebbb65a1626445a8094,69,"{'device_compute': 0.1954897270188667, 'd2e_transport': 0.0, 'edge_queue': 0.0, 'edge_segment_compute': 0.0, 'edge_exit_head_compute': 0.0, 'edge_exit_check': 0.0, 'e2c_transport': 0.0, 'cloud_queue': 0.0, 'cloud_segment_compute': 0.0, 'cloud_exit_head_compute': 0.0, 'cloud_exit_check': 0.0, 'total_latency': 0.1955217460053973, 'unattributed_overhead': 3.201898653060198e-05, 'request_id': 'da07ae8ce9c54ebbb65a1626445a8094', 'user_id': 0, 'prediction': 5, 'exit_id': 'after_layer3', 'exit_boundary_id': 14, 'exit_location': 'device', 'confidence': 0.9601879119873047, 'executed_segments_by_node': {'device': [0, 1, 2, 3, 4, 5, 6, 7, 8, 9, 10, 11, 12, 13]}, 'nodes': [{'node': 'device', 'executed_segments': [0, 1, 2, 3, 4, 5, 6, 7, 8, 9, 10, 11, 12, 13], 'queue_s': 0.0, 'segment_compute_s': 0.19271330902120098, 'exit_head_compute_s': 0.0021529810037463903, 'exit_check_s': 0.0001926640106830746, 'worker_elapsed_s': 0.1954897270188667}], 'sample_id': 'balanced_005_0835_00008263', 'label': 5, 'correct': True, 'observed_utility': 0.02239126997301355}",balanced_005_0835_00008263,69,8263,0.5076761245727539,5218225471334682005,0.1955217460053973,3.201898653060198e-05,0
0.0,0.23720469902036712,0.23720469902036712,0.23723903199424967,0.23720469902036712,1784951576.1129062,1784951575.3576374,1784951575.6076374,0.0,0.0,0.0,0.0,0.9998502731323242,0.0,ablate-ee-only-resnet50-cifar10-pi5-single-20260725-114734:v1,1,0.23720469902036712,unknown,0.0,0.0,0.0,0.0,0.0,"{'device': [0, 1, 2, 3, 4, 5, 6, 7, 8, 9, 10, 11, 12, 13, 14, 15, 16, 17, 18]}",19,final,device,True,2,1.0,5.0,1.0,0.23723903199424967,-0.18619515997124836,2,ffa77ea12f5e4aff82bd2d7a18b1fc4c,70,"{'device_compute': 0.23720469902036712, 'd2e_transport': 0.0, 'edge_queue': 0.0, 'edge_segment_compute': 0.0, 'edge_exit_head_compute': 0.0, 'edge_exit_check': 0.0, 'e2c_transport': 0.0, 'cloud_queue': 0.0, 'cloud_segment_compute': 0.0, 'cloud_exit_head_compute': 0.0, 'cloud_exit_check': 0.0, 'total_latency': 0.23723903199424967, 'unattributed_overhead': 3.433297388255596e-05, 'request_id': 'ffa77ea12f5e4aff82bd2d7a18b1fc4c', 'user_id': 0, 'prediction': 2, 'exit_id': 'final', 'exit_boundary_id': 19, 'exit_location': 'device', 'confidence': 0.9998502731323242, 'executed_segments_by_node': {'device': [0, 1, 2, 3, 4, 5, 6, 7, 8, 9, 10, 11, 12, 13, 14, 15, 16, 17, 18]}, 'nodes': [{'node': 'device', 'executed_segments': [0, 1, 2, 3, 4, 5, 6, 7, 8, 9, 10, 11, 12, 13, 14, 15, 16, 17, 18], 'queue_s': 0.0, 'segment_compute_s': 0.23419031698722392, 'exit_head_compute_s': 0.002263350965222344, 'exit_check_s': 0.000257217965554446, 'worker_elapsed_s': 0.23720469902036712}], 'sample_id': 'balanced_002_0941_00009423', 'label': 2, 'correct': True, 'observed_utility': -0.18619515997124836}",balanced_002_0941_00009423,70,9423,0.5052688121795654,5218225471334682005,0.23723903199424967,3.433297388255596e-05,0
0.0,0.2355231390101835,0.2355231390101835,0.2355527869949583,0.2355231390101835,1784951576.4005392,1784951575.6436732,1784951575.8936732,0.0,0.0,0.0,0.0,0.5925986766815186,0.0,ablate-ee-only-resnet50-cifar10-pi5-single-20260725-114734:v1,1,0.2355231390101835,unknown,0.0,0.0,0.0,0.0,0.0,"{'device': [0, 1, 2, 3, 4, 5, 6, 7, 8, 9, 10, 11, 12, 13, 14, 15, 16, 17, 18]}",19,final,device,False,1,1.0,5.0,0.0,0.2355527869949583,-1.1777639349747915,9,679ff46236b34d56afeedb4b4159d6c3,71,"{'device_compute': 0.2355231390101835, 'd2e_transport': 0.0, 'edge_queue': 0.0, 'edge_segment_compute': 0.0, 'edge_exit_head_compute': 0.0, 'edge_exit_check': 0.0, 'e2c_transport': 0.0, 'cloud_queue': 0.0, 'cloud_segment_compute': 0.0, 'cloud_exit_head_compute': 0.0, 'cloud_exit_check': 0.0, 'total_latency': 0.2355527869949583, 'unattributed_overhead': 2.9647984774783254e-05, 'request_id': '679ff46236b34d56afeedb4b4159d6c3', 'user_id': 0, 'prediction': 9, 'exit_id': 'final', 'exit_boundary_id': 19, 'exit_location': 'device', 'confidence': 0.5925986766815186, 'executed_segments_by_node': {'device': [0, 1, 2, 3, 4, 5, 6, 7, 8, 9, 10, 11, 12, 13, 14, 15, 16, 17, 18]}, 'nodes': [{'node': 'device', 'executed_segments': [0, 1, 2, 3, 4, 5, 6, 7, 8, 9, 10, 11, 12, 13, 14, 15, 16, 17, 18], 'queue_s': 0.0, 'segment_compute_s': 0.2325923880271148, 'exit_head_compute_s': 0.0021684620005544275, 'exit_check_s': 0.00028203398687765, 'worker_elapsed_s': 0.2355231390101835}], 'sample_id': 'balanced_001_0623_00006371', 'label': 1, 'correct': False, 'observed_utility': -1.1777639349747915}",balanced_001_0623_00006371,71,6371,0.5068659782409668,5218225471334682005,0.2355527869949583,2.9647984774783254e-05,0
0.0,0.19870303297648206,0.19870303297648206,0.19873573697987013,0.19870303297648206,1784951576.6990485,1784951575.8996058,1784951576.1496058,0.0,0.0,0.0,0.0,0.9893959164619446,0.0,ablate-ee-only-resnet50-cifar10-pi5-single-20260725-114734:v1,1,0.19870303297648206,unknown,0.0,0.0,0.0,0.0,0.0,"{'device': [0, 1, 2, 3, 4, 5, 6, 7, 8, 9, 10, 11, 12, 13]}",14,after_layer3,device,True,8,1.0,5.0,1.0,0.19873573697987013,0.006321315100649372,8,1b6b586be89842f2a2e8a9f8fa71596e,72,"{'device_compute': 0.19870303297648206, 'd2e_transport': 0.0, 'edge_queue': 0.0, 'edge_segment_compute': 0.0, 'edge_exit_head_compute': 0.0, 'edge_exit_check': 0.0, 'e2c_transport': 0.0, 'cloud_queue': 0.0, 'cloud_segment_compute': 0.0, 'cloud_exit_head_compute': 0.0, 'cloud_exit_check': 0.0, 'total_latency': 0.19873573697987013, 'unattributed_overhead': 3.270400338806212e-05, 'request_id': '1b6b586be89842f2a2e8a9f8fa71596e', 'user_id': 0, 'prediction': 8, 'exit_id': 'after_layer3', 'exit_boundary_id': 14, 'exit_location': 'device', 'confidence': 0.9893959164619446, 'executed_segments_by_node': {'device': [0, 1, 2, 3, 4, 5, 6, 7, 8, 9, 10, 11, 12, 13]}, 'nodes': [{'node': 'device', 'executed_segments': [0, 1, 2, 3, 4, 5, 6, 7, 8, 9, 10, 11, 12, 13], 'queue_s': 0.0, 'segment_compute_s': 0.19595331803429872, 'exit_head_compute_s': 0.0021743139950558543, 'exit_check_s': 0.00019051495473831892, 'worker_elapsed_s': 0.19870303297648206}], 'sample_id': 'balanced_008_0316_00003008', 'label': 8, 'correct': True, 'observed_utility': 0.006321315100649372}",balanced_008_0316_00003008,72,3008,0.5494427680969238,5218225471334682005,0.19873573697987013,3.270400338806212e-05,0
0.0,0.19187586999032646,0.19187586999032646,0.19191211101133376,0.19187586999032646,1784951576.9184663,1784951576.1608634,1784951576.4108634,0.0,0.0,0.0,0.0,0.9810873866081238,0.0,ablate-ee-only-resnet50-cifar10-pi5-single-20260725-114734:v1,1,0.19187586999032646,unknown,0.0,0.0,0.0,0.0,0.0,"{'device': [0, 1, 2, 3, 4, 5, 6, 7, 8, 9, 10, 11, 12, 13]}",14,after_layer3,device,True,2,1.0,5.0,1.0,0.19191211101133376,0.04043944494333118,2,66b315ee34104cdaa1470f83c436313b,73,"{'device_compute': 0.19187586999032646, 'd2e_transport': 0.0, 'edge_queue': 0.0, 'edge_segment_compute': 0.0, 'edge_exit_head_compute': 0.0, 'edge_exit_check': 0.0, 'e2c_transport': 0.0, 'cloud_queue': 0.0, 'cloud_segment_compute': 0.0, 'cloud_exit_head_compute': 0.0, 'cloud_exit_check': 0.0, 'total_latency': 0.19191211101133376, 'unattributed_overhead': 3.624102100729942e-05, 'request_id': '66b315ee34104cdaa1470f83c436313b', 'user_id': 0, 'prediction': 2, 'exit_id': 'after_layer3', 'exit_boundary_id': 14, 'exit_location': 'device', 'confidence': 0.9810873866081238, 'executed_segments_by_node': {'device': [0, 1, 2, 3, 4, 5, 6, 7, 8, 9, 10, 11, 12, 13]}, 'nodes': [{'node': 'device', 'executed_segments': [0, 1, 2, 3, 4, 5, 6, 7, 8, 9, 10, 11, 12, 13], 'queue_s': 0.0, 'segment_compute_s': 0.18903781898552552, 'exit_head_compute_s': 0.002246721036499366, 'exit_check_s': 0.0002043319691438228, 'worker_elapsed_s': 0.19187586999032646}], 'sample_id': 'balanced_002_0401_00003781', 'label': 2, 'correct': True, 'observed_utility': 0.04043944494333118}",balanced_002_0401_00003781,73,3781,0.5076029300689697,5218225471334682005,0.19191211101133376,3.624102100729942e-05,0
0.0,0.19227308902190998,0.19227308902190998,0.19230518100084737,0.19227308902190998,1784951577.1326506,1784951576.3774347,1784951576.6274347,0.0,0.0,0.0,0.0,0.9771267771720886,0.0,ablate-ee-only-resnet50-cifar10-pi5-single-20260725-114734:v1,1,0.19227308902190998,unknown,0.0,0.0,0.0,0.0,0.0,"{'device': [0, 1, 2, 3, 4, 5, 6, 7, 8, 9, 10, 11, 12, 13]}",14,after_layer3,device,True,7,1.0,5.0,1.0,0.19230518100084737,0.03847409499576315,7,6cd14804e4714e8894bfa1d9c130af71,74,"{'device_compute': 0.19227308902190998, 'd2e_transport': 0.0, 'edge_queue': 0.0, 'edge_segment_compute': 0.0, 'edge_exit_head_compute': 0.0, 'edge_exit_check': 0.0, 'e2c_transport': 0.0, 'cloud_queue': 0.0, 'cloud_segment_compute': 0.0, 'cloud_exit_head_compute': 0.0, 'cloud_exit_check': 0.0, 'total_latency': 0.19230518100084737, 'unattributed_overhead': 3.2091978937387466e-05, 'request_id': '6cd14804e4714e8894bfa1d9c130af71', 'user_id': 0, 'prediction': 7, 'exit_id': 'after_layer3', 'exit_boundary_id': 14, 'exit_location': 'device', 'confidence': 0.9771267771720886, 'executed_segments_by_node': {'device': [0, 1, 2, 3, 4, 5, 6, 7, 8, 9, 10, 11, 12, 13]}, 'nodes': [{'node': 'device', 'executed_segments': [0, 1, 2, 3, 4, 5, 6, 7, 8, 9, 10, 11, 12, 13], 'queue_s': 0.0, 'segment_compute_s': 0.18952216900652274, 'exit_head_compute_s': 0.0021413140057120472, 'exit_check_s': 0.00018649801495485008, 'worker_elapsed_s': 0.19227308902190998}], 'sample_id': 'balanced_007_0581_00005764', 'label': 7, 'correct': True, 'observed_utility': 0.03847409499576315}",balanced_007_0581_00005764,74,5764,0.5052158832550049,5218225471334682005,0.19230518100084737,3.2091978937387466e-05,0
0.0,0.18891978499596007,0.18891978499596007,0.188951062009437,0.18891978499596007,1784951577.350072,1784951576.5924141,1784951576.8424141,0.0,0.0,0.0,0.0,0.9581176042556763,0.0,ablate-ee-only-resnet50-cifar10-pi5-single-20260725-114734:v1,1,0.18891978499596007,unknown,0.0,0.0,0.0,0.0,0.0,"{'device': [0, 1, 2, 3, 4, 5, 6, 7, 8, 9, 10, 11, 12, 13]}",14,after_layer3,device,True,6,1.0,5.0,1.0,0.188951062009437,0.05524468995281495,6,773d09a4dce9477f857add682ed17a93,75,"{'device_compute': 0.18891978499596007, 'd2e_transport': 0.0, 'edge_queue': 0.0, 'edge_segment_compute': 0.0, 'edge_exit_head_compute': 0.0, 'edge_exit_check': 0.0, 'e2c_transport': 0.0, 'cloud_queue': 0.0, 'cloud_segment_compute': 0.0, 'cloud_exit_head_compute': 0.0, 'cloud_exit_check': 0.0, 'total_latency': 0.188951062009437, 'unattributed_overhead': 3.127701347693801e-05, 'request_id': '773d09a4dce9477f857add682ed17a93', 'user_id': 0, 'prediction': 6, 'exit_id': 'after_layer3', 'exit_boundary_id': 14, 'exit_location': 'device', 'confidence': 0.9581176042556763, 'executed_segments_by_node': {'device': [0, 1, 2, 3, 4, 5, 6, 7, 8, 9, 10, 11, 12, 13]}, 'nodes': [{'node': 'device', 'executed_segments': [0, 1, 2, 3, 4, 5, 6, 7, 8, 9, 10, 11, 12, 13], 'queue_s': 0.0, 'segment_compute_s': 0.18543461299850605, 'exit_head_compute_s': 0.002900900028180331, 'exit_check_s': 0.0001985729904845357, 'worker_elapsed_s': 0.18891978499596007}], 'sample_id': 'balanced_006_0591_00005883', 'label': 6, 'correct': True, 'observed_utility': 0.05524468995281495}",balanced_006_0591_00005883,75,5883,0.5076577663421631,5218225471334682005,0.188951062009437,3.127701347693801e-05,0
0.0,0.20943655198789202,0.20943655198789202,0.2094701989844907,0.20943655198789202,1784951577.5554383,1784951576.800962,1784951577.050962,0.0,0.0,0.0,0.0,0.9505454301834106,0.0,ablate-ee-only-resnet50-cifar10-pi5-single-20260725-114734:v1,1,0.20943655198789202,unknown,0.0,0.0,0.0,0.0,0.0,"{'device': [0, 1, 2, 3, 4, 5, 6, 7, 8, 9, 10, 11, 12, 13]}",14,after_layer3,device,True,3,1.0,5.0,1.0,0.2094701989844907,-0.04735099492245354,3,eea4c55c39174ab3a3c6f2e624384956,76,"{'device_compute': 0.20943655198789202, 'd2e_transport': 0.0, 'edge_queue': 0.0, 'edge_segment_compute': 0.0, 'edge_exit_head_compute': 0.0, 'edge_exit_check': 0.0, 'e2c_transport': 0.0, 'cloud_queue': 0.0, 'cloud_segment_compute': 0.0, 'cloud_exit_head_compute': 0.0, 'cloud_exit_check': 0.0, 'total_latency': 0.2094701989844907, 'unattributed_overhead': 3.364699659869075e-05, 'request_id': 'eea4c55c39174ab3a3c6f2e624384956', 'user_id': 0, 'prediction': 3, 'exit_id': 'after_layer3', 'exit_boundary_id': 14, 'exit_location': 'device', 'confidence': 0.9505454301834106, 'executed_segments_by_node': {'device': [0, 1, 2, 3, 4, 5, 6, 7, 8, 9, 10, 11, 12, 13]}, 'nodes': [{'node': 'device', 'executed_segments': [0, 1, 2, 3, 4, 5, 6, 7, 8, 9, 10, 11, 12, 13], 'queue_s': 0.0, 'segment_compute_s': 0.20661429801839404, 'exit_head_compute_s': 0.002206870005466044, 'exit_check_s': 0.00022972101578488946, 'worker_elapsed_s': 0.20943655198789202}], 'sample_id': 'balanced_003_0088_00000874', 'label': 3, 'correct': True, 'observed_utility': -0.04735099492245354}",balanced_003_0088_00000874,76,874,0.5044763088226318,5218225471334682005,0.2094701989844907,3.364699659869075e-05,0
0.0,0.18860925099579617,0.18860925099579617,0.18864065798697993,0.18860925099579617,1784951577.7785733,1784951577.023516,1784951577.273516,0.0,0.0,0.0,0.0,0.9863218069076538,0.0,ablate-ee-only-resnet50-cifar10-pi5-single-20260725-114734:v1,1,0.18860925099579617,unknown,0.0,0.0,0.0,0.0,0.0,"{'device': [0, 1, 2, 3, 4, 5, 6, 7, 8, 9, 10, 11, 12, 13]}",14,after_layer3,device,True,9,1.0,5.0,1.0,0.18864065798697993,0.05679671006510034,9,f98fa76e52c744fa8aa0787b20e2c7c6,77,"{'device_compute': 0.18860925099579617, 'd2e_transport': 0.0, 'edge_queue': 0.0, 'edge_segment_compute': 0.0, 'edge_exit_head_compute': 0.0, 'edge_exit_check': 0.0, 'e2c_transport': 0.0, 'cloud_queue': 0.0, 'cloud_segment_compute': 0.0, 'cloud_exit_head_compute': 0.0, 'cloud_exit_check': 0.0, 'total_latency': 0.18864065798697993, 'unattributed_overhead': 3.140699118375778e-05, 'request_id': 'f98fa76e52c744fa8aa0787b20e2c7c6', 'user_id': 0, 'prediction': 9, 'exit_id': 'after_layer3', 'exit_boundary_id': 14, 'exit_location': 'device', 'confidence': 0.9863218069076538, 'executed_segments_by_node': {'device': [0, 1, 2, 3, 4, 5, 6, 7, 8, 9, 10, 11, 12, 13]}, 'nodes': [{'node': 'device', 'executed_segments': [0, 1, 2, 3, 4, 5, 6, 7, 8, 9, 10, 11, 12, 13], 'queue_s': 0.0, 'segment_compute_s': 0.185835572949145, 'exit_head_compute_s': 0.002151148015400395, 'exit_check_s': 0.00019475797307677567, 'worker_elapsed_s': 0.18860925099579617}], 'sample_id': 'balanced_009_0713_00007234', 'label': 9, 'correct': True, 'observed_utility': 0.05679671006510034}",balanced_009_0713_00007234,77,7234,0.5050573348999023,5218225471334682005,0.18864065798697993,3.140699118375778e-05,0
0.0,0.1934573390171863,0.1934573390171863,0.19348782001179643,0.1934573390171863,1784951577.983601,1784951577.22913,1784951577.47913,0.0,0.0,0.0,0.0,0.9897313714027405,0.0,ablate-ee-only-resnet50-cifar10-pi5-single-20260725-114734:v1,1,0.1934573390171863,unknown,0.0,0.0,0.0,0.0,0.0,"{'device': [0, 1, 2, 3, 4, 5, 6, 7, 8, 9, 10, 11, 12, 13]}",14,after_layer3,device,True,5,1.0,5.0,1.0,0.19348782001179643,0.03256089994101785,5,0f3555e9e48d4804b51488610223af10,78,"{'device_compute': 0.1934573390171863, 'd2e_transport': 0.0, 'edge_queue': 0.0, 'edge_segment_compute': 0.0, 'edge_exit_head_compute': 0.0, 'edge_exit_check': 0.0, 'e2c_transport': 0.0, 'cloud_queue': 0.0, 'cloud_segment_compute': 0.0, 'cloud_exit_head_compute': 0.0, 'cloud_exit_check': 0.0, 'total_latency': 0.19348782001179643, 'unattributed_overhead': 3.0480994610115886e-05, 'request_id': '0f3555e9e48d4804b51488610223af10', 'user_id': 0, 'prediction': 5, 'exit_id': 'after_layer3', 'exit_boundary_id': 14, 'exit_location': 'device', 'confidence': 0.9897313714027405, 'executed_segments_by_node': {'device': [0, 1, 2, 3, 4, 5, 6, 7, 8, 9, 10, 11, 12, 13]}, 'nodes': [{'node': 'device', 'executed_segments': [0, 1, 2, 3, 4, 5, 6, 7, 8, 9, 10, 11, 12, 13], 'queue_s': 0.0, 'segment_compute_s': 0.1907167301105801, 'exit_head_compute_s': 0.002174147986806929, 'exit_check_s': 0.00019122098456136882, 'worker_elapsed_s': 0.1934573390171863}], 'sample_id': 'balanced_005_0281_00002936', 'label': 5, 'correct': True, 'observed_utility': 0.03256089994101785}",balanced_005_0281_00002936,78,2936,0.5044710636138916,5218225471334682005,0.19348782001179643,3.0480994610115886e-05,0
0.0,0.20184850599616766,0.20184850599616766,0.20187889400403947,0.20184850599616766,1784951578.2413707,1784951577.4870684,1784951577.7370684,0.0,0.0,0.0,0.0,0.9715051651000977,0.0,ablate-ee-only-resnet50-cifar10-pi5-single-20260725-114734:v1,1,0.20184850599616766,unknown,0.0,0.0,0.0,0.0,0.0,"{'device': [0, 1, 2, 3, 4, 5, 6, 7, 8, 9, 10, 11, 12, 13]}",14,after_layer3,device,True,1,1.0,5.0,1.0,0.20187889400403947,-0.009394470020197332,1,a68a62a5b16e4348b497ca6a618de6a7,79,"{'device_compute': 0.20184850599616766, 'd2e_transport': 0.0, 'edge_queue': 0.0, 'edge_segment_compute': 0.0, 'edge_exit_head_compute': 0.0, 'edge_exit_check': 0.0, 'e2c_transport': 0.0, 'cloud_queue': 0.0, 'cloud_segment_compute': 0.0, 'cloud_exit_head_compute': 0.0, 'cloud_exit_check': 0.0, 'total_latency': 0.20187889400403947, 'unattributed_overhead': 3.038800787180662e-05, 'request_id': 'a68a62a5b16e4348b497ca6a618de6a7', 'user_id': 0, 'prediction': 1, 'exit_id': 'after_layer3', 'exit_boundary_id': 14, 'exit_location': 'device', 'confidence': 0.9715051651000977, 'executed_segments_by_node': {'device': [0, 1, 2, 3, 4, 5, 6, 7, 8, 9, 10, 11, 12, 13]}, 'nodes': [{'node': 'device', 'executed_segments': [0, 1, 2, 3, 4, 5, 6, 7, 8, 9, 10, 11, 12, 13], 'queue_s': 0.0, 'segment_compute_s': 0.19909034605370834, 'exit_head_compute_s': 0.0021921280422247946, 'exit_check_s': 0.00019001602777279913, 'worker_elapsed_s': 0.20184850599616766}], 'sample_id': 'balanced_001_0818_00008194', 'label': 1, 'correct': True, 'observed_utility': -0.009394470020197332}",balanced_001_0818_00008194,79,8194,0.5043022632598877,5218225471334682005,0.20187889400403947,3.038800787180662e-05,0
0.0,0.19795078001334332,0.19795078001334332,0.19798331701895222,0.19795078001334332,1784951578.456895,1784951577.7021494,1784951577.9521494,0.0,0.0,0.0,0.0,0.8901944756507874,0.0,ablate-ee-only-resnet50-cifar10-pi5-single-20260725-114734:v1,1,0.19795078001334332,unknown,0.0,0.0,0.0,0.0,0.0,"{'device': [0, 1, 2, 3, 4, 5, 6, 7, 8, 9, 10, 11, 12, 13]}",14,after_layer3,device,True,2,1.0,5.0,1.0,0.19798331701895222,0.010083414905238897,2,632a4c7d5f12440eb3bcb57c15e9a852,80,"{'device_compute': 0.19795078001334332, 'd2e_transport': 0.0, 'edge_queue': 0.0, 'edge_segment_compute': 0.0, 'edge_exit_head_compute': 0.0, 'edge_exit_check': 0.0, 'e2c_transport': 0.0, 'cloud_queue': 0.0, 'cloud_segment_compute': 0.0, 'cloud_exit_head_compute': 0.0, 'cloud_exit_check': 0.0, 'total_latency': 0.19798331701895222, 'unattributed_overhead': 3.253700560890138e-05, 'request_id': '632a4c7d5f12440eb3bcb57c15e9a852', 'user_id': 0, 'prediction': 2, 'exit_id': 'after_layer3', 'exit_boundary_id': 14, 'exit_location': 'device', 'confidence': 0.8901944756507874, 'executed_segments_by_node': {'device': [0, 1, 2, 3, 4, 5, 6, 7, 8, 9, 10, 11, 12, 13]}, 'nodes': [{'node': 'device', 'executed_segments': [0, 1, 2, 3, 4, 5, 6, 7, 8, 9, 10, 11, 12, 13], 'queue_s': 0.0, 'segment_compute_s': 0.19413979502860457, 'exit_head_compute_s': 0.003239657002268359, 'exit_check_s': 0.00019059001351706684, 'worker_elapsed_s': 0.19795078001334332}], 'sample_id': 'balanced_002_0931_00009297', 'label': 2, 'correct': True, 'observed_utility': 0.010083414905238897}",balanced_002_0931_00009297,80,9297,0.5047457218170166,5218225471334682005,0.19798331701895222,3.253700560890138e-05,0
0.0,0.19610501898569055,0.19610501898569055,0.19613703701179475,0.19610501898569055,1784951578.6731024,1784951577.91941,1784951578.16941,0.0,0.0,0.0,0.0,0.9963731169700623,0.0,ablate-ee-only-resnet50-cifar10-pi5-single-20260725-114734:v1,1,0.19610501898569055,unknown,0.0,0.0,0.0,0.0,0.0,"{'device': [0, 1, 2, 3, 4, 5, 6, 7, 8, 9, 10, 11, 12, 13]}",14,after_layer3,device,True,9,1.0,5.0,1.0,0.19613703701179475,0.01931481494102627,9,8f1287a639044d61ad8c56379cba5e7f,81,"{'device_compute': 0.19610501898569055, 'd2e_transport': 0.0, 'edge_queue': 0.0, 'edge_segment_compute': 0.0, 'edge_exit_head_compute': 0.0, 'edge_exit_check': 0.0, 'e2c_transport': 0.0, 'cloud_queue': 0.0, 'cloud_segment_compute': 0.0, 'cloud_exit_head_compute': 0.0, 'cloud_exit_check': 0.0, 'total_latency': 0.19613703701179475, 'unattributed_overhead': 3.2018026104196906e-05, 'request_id': '8f1287a639044d61ad8c56379cba5e7f', 'user_id': 0, 'prediction': 9, 'exit_id': 'after_layer3', 'exit_boundary_id': 14, 'exit_location': 'device', 'confidence': 0.9963731169700623, 'executed_segments_by_node': {'device': [0, 1, 2, 3, 4, 5, 6, 7, 8, 9, 10, 11, 12, 13]}, 'nodes': [{'node': 'device', 'executed_segments': [0, 1, 2, 3, 4, 5, 6, 7, 8, 9, 10, 11, 12, 13], 'queue_s': 0.0, 'segment_compute_s': 0.19318323003244586, 'exit_head_compute_s': 0.0023188880004454404, 'exit_check_s': 0.00019029498798772693, 'worker_elapsed_s': 0.19610501898569055}], 'sample_id': 'balanced_009_0568_00005596', 'label': 9, 'correct': True, 'observed_utility': 0.01931481494102627}",balanced_009_0568_00005596,81,5596,0.5036923885345459,5218225471334682005,0.19613703701179475,3.2018026104196906e-05,0
0.0,0.18820812500780448,0.18820812500780448,0.18823999501182698,0.18820812500780448,1784951578.8875518,1784951578.1293948,1784951578.3793948,0.0,0.0,0.0,0.0,0.9477117657661438,0.0,ablate-ee-only-resnet50-cifar10-pi5-single-20260725-114734:v1,1,0.18820812500780448,unknown,0.0,0.0,0.0,0.0,0.0,"{'device': [0, 1, 2, 3, 4, 5, 6, 7, 8, 9, 10, 11, 12, 13]}",14,after_layer3,device,True,2,1.0,5.0,1.0,0.18823999501182698,0.058800024940865114,2,228b61405cb14abfbb63f732e10687ec,82,"{'device_compute': 0.18820812500780448, 'd2e_transport': 0.0, 'edge_queue': 0.0, 'edge_segment_compute': 0.0, 'edge_exit_head_compute': 0.0, 'edge_exit_check': 0.0, 'e2c_transport': 0.0, 'cloud_queue': 0.0, 'cloud_segment_compute': 0.0, 'cloud_exit_head_compute': 0.0, 'cloud_exit_check': 0.0, 'total_latency': 0.18823999501182698, 'unattributed_overhead': 3.187000402249396e-05, 'request_id': '228b61405cb14abfbb63f732e10687ec', 'user_id': 0, 'prediction': 2, 'exit_id': 'after_layer3', 'exit_boundary_id': 14, 'exit_location': 'device', 'confidence': 0.9477117657661438, 'executed_segments_by_node': {'device': [0, 1, 2, 3, 4, 5, 6, 7, 8, 9, 10, 11, 12, 13]}, 'nodes': [{'node': 'device', 'executed_segments': [0, 1, 2, 3, 4, 5, 6, 7, 8, 9, 10, 11, 12, 13], 'queue_s': 0.0, 'segment_compute_s': 0.1854225560091436, 'exit_head_compute_s': 0.002211129030911252, 'exit_check_s': 0.0001976660278160125, 'worker_elapsed_s': 0.18820812500780448}], 'sample_id': 'balanced_002_0115_00001151', 'label': 2, 'correct': True, 'observed_utility': 0.058800024940865114}",balanced_002_0115_00001151,82,1151,0.5081570148468018,5218225471334682005,0.18823999501182698,3.187000402249396e-05,0
0.0,0.24456087598809972,0.24456087598809972,0.24458970900741406,0.24456087598809972,1784951579.0906858,1784951578.336055,1784951578.586055,0.0,0.0,0.0,0.0,0.9972684383392334,0.0,ablate-ee-only-resnet50-cifar10-pi5-single-20260725-114734:v1,1,0.24456087598809972,unknown,0.0,0.0,0.0,0.0,0.0,"{'device': [0, 1, 2, 3, 4, 5, 6, 7, 8, 9, 10, 11, 12, 13, 14, 15, 16, 17, 18]}",19,final,device,True,3,1.0,5.0,1.0,0.24458970900741406,-0.2229485450370703,3,6515cee3bc4c438c9fc87a8119530423,83,"{'device_compute': 0.24456087598809972, 'd2e_transport': 0.0, 'edge_queue': 0.0, 'edge_segment_compute': 0.0, 'edge_exit_head_compute': 0.0, 'edge_exit_check': 0.0, 'e2c_transport': 0.0, 'cloud_queue': 0.0, 'cloud_segment_compute': 0.0, 'cloud_exit_head_compute': 0.0, 'cloud_exit_check': 0.0, 'total_latency': 0.24458970900741406, 'unattributed_overhead': 2.8833019314333797e-05, 'request_id': '6515cee3bc4c438c9fc87a8119530423', 'user_id': 0, 'prediction': 3, 'exit_id': 'final', 'exit_boundary_id': 19, 'exit_location': 'device', 'confidence': 0.9972684383392334, 'executed_segments_by_node': {'device': [0, 1, 2, 3, 4, 5, 6, 7, 8, 9, 10, 11, 12, 13, 14, 15, 16, 17, 18]}, 'nodes': [{'node': 'device', 'executed_segments': [0, 1, 2, 3, 4, 5, 6, 7, 8, 9, 10, 11, 12, 13, 14, 15, 16, 17, 18], 'queue_s': 0.0, 'segment_compute_s': 0.24164377304259688, 'exit_head_compute_s': 0.002203608979471028, 'exit_check_s': 0.0002443119592498988, 'worker_elapsed_s': 0.24456087598809972}], 'sample_id': 'balanced_003_0315_00003220', 'label': 3, 'correct': True, 'observed_utility': -0.2229485450370703}",balanced_003_0315_00003220,83,3220,0.5046308040618896,5218225471334682005,0.24458970900741406,2.8833019314333797e-05,0
0.0,0.26739336299942806,0.26739336299942806,0.2674227329844143,0.26739336299942806,1784951579.3731475,1784951578.6144984,1784951578.8644984,0.0,0.0,0.0,0.0,0.9999696016311646,0.0,ablate-ee-only-resnet50-cifar10-pi5-single-20260725-114734:v1,1,0.26739336299942806,unknown,0.0,0.0,0.0,0.0,0.0,"{'device': [0, 1, 2, 3, 4, 5, 6, 7, 8, 9, 10, 11, 12, 13, 14, 15, 16, 17, 18]}",19,final,device,True,5,1.0,5.0,1.0,0.2674227329844143,-0.3371136649220716,5,4537189feabe430ba68119908f9c2ada,84,"{'device_compute': 0.26739336299942806, 'd2e_transport': 0.0, 'edge_queue': 0.0, 'edge_segment_compute': 0.0, 'edge_exit_head_compute': 0.0, 'edge_exit_check': 0.0, 'e2c_transport': 0.0, 'cloud_queue': 0.0, 'cloud_segment_compute': 0.0, 'cloud_exit_head_compute': 0.0, 'cloud_exit_check': 0.0, 'total_latency': 0.2674227329844143, 'unattributed_overhead': 2.9369984986260533e-05, 'request_id': '4537189feabe430ba68119908f9c2ada', 'user_id': 0, 'prediction': 5, 'exit_id': 'final', 'exit_boundary_id': 19, 'exit_location': 'device', 'confidence': 0.9999696016311646, 'executed_segments_by_node': {'device': [0, 1, 2, 3, 4, 5, 6, 7, 8, 9, 10, 11, 12, 13, 14, 15, 16, 17, 18]}, 'nodes': [{'node': 'device', 'executed_segments': [0, 1, 2, 3, 4, 5, 6, 7, 8, 9, 10, 11, 12, 13, 14, 15, 16, 17, 18], 'queue_s': 0.0, 'segment_compute_s': 0.2643243120983243, 'exit_head_compute_s': 0.002324183995369822, 'exit_check_s': 0.00026138598332181573, 'worker_elapsed_s': 0.26739336299942806}], 'sample_id': 'balanced_005_0615_00006122', 'label': 5, 'correct': True, 'observed_utility': -0.3371136649220716}",balanced_005_0615_00006122,84,6122,0.5086491107940674,5218225471334682005,0.2674227329844143,2.9369984986260533e-05,0
0.0,0.19592883600853384,0.19592883600853384,0.19596622401149943,0.19592883600853384,1784951579.6701686,1784951578.9160492,1784951579.1660492,0.0,0.0,0.0,0.0,0.9341239929199219,0.0,ablate-ee-only-resnet50-cifar10-pi5-single-20260725-114734:v1,1,0.19592883600853384,unknown,0.0,0.0,0.0,0.0,0.0,"{'device': [0, 1, 2, 3, 4, 5, 6, 7, 8, 9, 10, 11, 12, 13]}",14,after_layer3,device,False,1,1.0,5.0,0.0,0.19596622401149943,-0.9798311200574972,9,eaf92c17b9fc4e098b6e976fba0c0e1f,85,"{'device_compute': 0.19592883600853384, 'd2e_transport': 0.0, 'edge_queue': 0.0, 'edge_segment_compute': 0.0, 'edge_exit_head_compute': 0.0, 'edge_exit_check': 0.0, 'e2c_transport': 0.0, 'cloud_queue': 0.0, 'cloud_segment_compute': 0.0, 'cloud_exit_head_compute': 0.0, 'cloud_exit_check': 0.0, 'total_latency': 0.19596622401149943, 'unattributed_overhead': 3.73880029655993e-05, 'request_id': 'eaf92c17b9fc4e098b6e976fba0c0e1f', 'user_id': 0, 'prediction': 9, 'exit_id': 'after_layer3', 'exit_boundary_id': 14, 'exit_location': 'device', 'confidence': 0.9341239929199219, 'executed_segments_by_node': {'device': [0, 1, 2, 3, 4, 5, 6, 7, 8, 9, 10, 11, 12, 13]}, 'nodes': [{'node': 'device', 'executed_segments': [0, 1, 2, 3, 4, 5, 6, 7, 8, 9, 10, 11, 12, 13], 'queue_s': 0.0, 'segment_compute_s': 0.1916513160103932, 'exit_head_compute_s': 0.0036779319925699383, 'exit_check_s': 0.00020822201622650027, 'worker_elapsed_s': 0.19592883600853384}], 'sample_id': 'balanced_001_0948_00009535', 'label': 1, 'correct': False, 'observed_utility': -0.9798311200574972}",balanced_001_0948_00009535,85,9535,0.5041193962097168,5218225471334682005,0.19596622401149943,3.73880029655993e-05,0
0.0,0.24864976599928923,0.24864976599928923,0.24867878400254995,0.24864976599928923,1784951579.8837206,1784951579.1295774,1784951579.3795774,0.0,0.0,0.0,0.0,0.9747118353843689,0.0,ablate-ee-only-resnet50-cifar10-pi5-single-20260725-114734:v1,1,0.24864976599928923,unknown,0.0,0.0,0.0,0.0,0.0,"{'device': [0, 1, 2, 3, 4, 5, 6, 7, 8, 9, 10, 11, 12, 13, 14, 15, 16, 17, 18]}",19,final,device,True,8,1.0,5.0,1.0,0.24867878400254995,-0.24339392001274973,8,0d6addbaa3a84b61ab453c9ff3df81ca,86,"{'device_compute': 0.24864976599928923, 'd2e_transport': 0.0, 'edge_queue': 0.0, 'edge_segment_compute': 0.0, 'edge_exit_head_compute': 0.0, 'edge_exit_check': 0.0, 'e2c_transport': 0.0, 'cloud_queue': 0.0, 'cloud_segment_compute': 0.0, 'cloud_exit_head_compute': 0.0, 'cloud_exit_check': 0.0, 'total_latency': 0.24867878400254995, 'unattributed_overhead': 2.9018003260716796e-05, 'request_id': '0d6addbaa3a84b61ab453c9ff3df81ca', 'user_id': 0, 'prediction': 8, 'exit_id': 'final', 'exit_boundary_id': 19, 'exit_location': 'device', 'confidence': 0.9747118353843689, 'executed_segments_by_node': {'device': [0, 1, 2, 3, 4, 5, 6, 7, 8, 9, 10, 11, 12, 13, 14, 15, 16, 17, 18]}, 'nodes': [{'node': 'device', 'executed_segments': [0, 1, 2, 3, 4, 5, 6, 7, 8, 9, 10, 11, 12, 13, 14, 15, 16, 17, 18], 'queue_s': 0.0, 'segment_compute_s': 0.2456616450799629, 'exit_head_compute_s': 0.002253499027574435, 'exit_check_s': 0.0002559049753472209, 'worker_elapsed_s': 0.24864976599928923}], 'sample_id': 'balanced_008_0803_00008208', 'label': 8, 'correct': True, 'observed_utility': -0.24339392001274973}",balanced_008_0803_00008208,86,8208,0.504143238067627,5218225471334682005,0.24867878400254995,2.9018003260716796e-05,0
0.0,0.24832489900290966,0.24832489900290966,0.24835356601397507,0.24832489900290966,1784951580.1905487,1784951579.4354434,1784951579.6854434,0.0,0.0,0.0,0.0,0.9999018907546997,0.0,ablate-ee-only-resnet50-cifar10-pi5-single-20260725-114734:v1,1,0.24832489900290966,unknown,0.0,0.0,0.0,0.0,0.0,"{'device': [0, 1, 2, 3, 4, 5, 6, 7, 8, 9, 10, 11, 12, 13, 14, 15, 16, 17, 18]}",19,final,device,True,3,1.0,5.0,1.0,0.24835356601397507,-0.24176783006987534,3,9dc74cf1020c4212ab17ceb49a7a0be6,87,"{'device_compute': 0.24832489900290966, 'd2e_transport': 0.0, 'edge_queue': 0.0, 'edge_segment_compute': 0.0, 'edge_exit_head_compute': 0.0, 'edge_exit_check': 0.0, 'e2c_transport': 0.0, 'cloud_queue': 0.0, 'cloud_segment_compute': 0.0, 'cloud_exit_head_compute': 0.0, 'cloud_exit_check': 0.0, 'total_latency': 0.24835356601397507, 'unattributed_overhead': 2.8667011065408587e-05, 'request_id': '9dc74cf1020c4212ab17ceb49a7a0be6', 'user_id': 0, 'prediction': 3, 'exit_id': 'final', 'exit_boundary_id': 19, 'exit_location': 'device', 'confidence': 0.9999018907546997, 'executed_segments_by_node': {'device': [0, 1, 2, 3, 4, 5, 6, 7, 8, 9, 10, 11, 12, 13, 14, 15, 16, 17, 18]}, 'nodes': [{'node': 'device', 'executed_segments': [0, 1, 2, 3, 4, 5, 6, 7, 8, 9, 10, 11, 12, 13, 14, 15, 16, 17, 18], 'queue_s': 0.0, 'segment_compute_s': 0.24544835087726824, 'exit_head_compute_s': 0.0021608150273095816, 'exit_check_s': 0.00024921895237639546, 'worker_elapsed_s': 0.24832489900290966}], 'sample_id': 'balanced_003_0575_00005732', 'label': 3, 'correct': True, 'observed_utility': -0.24176783006987534}",balanced_003_0575_00005732,87,5732,0.5051052570343018,5218225471334682005,0.24835356601397507,2.8667011065408587e-05,0
0.0,0.19018381199566647,0.19018381199566647,0.1902159040037077,0.19018381199566647,1784951580.4942942,1784951579.7398865,1784951579.9898865,0.0,0.0,0.0,0.0,0.9704218506813049,0.0,ablate-ee-only-resnet50-cifar10-pi5-single-20260725-114734:v1,1,0.19018381199566647,unknown,0.0,0.0,0.0,0.0,0.0,"{'device': [0, 1, 2, 3, 4, 5, 6, 7, 8, 9, 10, 11, 12, 13]}",14,after_layer3,device,True,0,1.0,5.0,1.0,0.1902159040037077,0.04892047998146154,0,88b497ece7854dd5a37878a23290d459,88,"{'device_compute': 0.19018381199566647, 'd2e_transport': 0.0, 'edge_queue': 0.0, 'edge_segment_compute': 0.0, 'edge_exit_head_compute': 0.0, 'edge_exit_check': 0.0, 'e2c_transport': 0.0, 'cloud_queue': 0.0, 'cloud_segment_compute': 0.0, 'cloud_exit_head_compute': 0.0, 'cloud_exit_check': 0.0, 'total_latency': 0.1902159040037077, 'unattributed_overhead': 3.209200804121792e-05, 'request_id': '88b497ece7854dd5a37878a23290d459', 'user_id': 0, 'prediction': 0, 'exit_id': 'after_layer3', 'exit_boundary_id': 14, 'exit_location': 'device', 'confidence': 0.9704218506813049, 'executed_segments_by_node': {'device': [0, 1, 2, 3, 4, 5, 6, 7, 8, 9, 10, 11, 12, 13]}, 'nodes': [{'node': 'device', 'executed_segments': [0, 1, 2, 3, 4, 5, 6, 7, 8, 9, 10, 11, 12, 13], 'queue_s': 0.0, 'segment_compute_s': 0.18741761392448097, 'exit_head_compute_s': 0.002138629002729431, 'exit_check_s': 0.00018968398217111826, 'worker_elapsed_s': 0.19018381199566647}], 'sample_id': 'balanced_000_0308_00003102', 'label': 0, 'correct': True, 'observed_utility': 0.04892047998146154}",balanced_000_0308_00003102,88,3102,0.5044076442718506,5218225471334682005,0.1902159040037077,3.209200804121792e-05,0
0.0,0.19593348397756927,0.19593348397756927,0.19596442798501812,0.19593348397756927,1784951580.7023008,1784951579.9478424,1784951580.1978424,0.0,0.0,0.0,0.0,0.9431455135345459,0.0,ablate-ee-only-resnet50-cifar10-pi5-single-20260725-114734:v1,1,0.19593348397756927,unknown,0.0,0.0,0.0,0.0,0.0,"{'device': [0, 1, 2, 3, 4, 5, 6, 7, 8, 9, 10, 11, 12, 13]}",14,after_layer3,device,True,9,1.0,5.0,1.0,0.19596442798501812,0.020177860074909404,9,490e55df86e1431e994503b51d91fa16,89,"{'device_compute': 0.19593348397756927, 'd2e_transport': 0.0, 'edge_queue': 0.0, 'edge_segment_compute': 0.0, 'edge_exit_head_compute': 0.0, 'edge_exit_check': 0.0, 'e2c_transport': 0.0, 'cloud_queue': 0.0, 'cloud_segment_compute': 0.0, 'cloud_exit_head_compute': 0.0, 'cloud_exit_check': 0.0, 'total_latency': 0.19596442798501812, 'unattributed_overhead': 3.094400744885206e-05, 'request_id': '490e55df86e1431e994503b51d91fa16', 'user_id': 0, 'prediction': 9, 'exit_id': 'after_layer3', 'exit_boundary_id': 14, 'exit_location': 'device', 'confidence': 0.9431455135345459, 'executed_segments_by_node': {'device': [0, 1, 2, 3, 4, 5, 6, 7, 8, 9, 10, 11, 12, 13]}, 'nodes': [{'node': 'device', 'executed_segments': [0, 1, 2, 3, 4, 5, 6, 7, 8, 9, 10, 11, 12, 13], 'queue_s': 0.0, 'segment_compute_s': 0.19321169392787851, 'exit_head_compute_s': 0.0021456479735206813, 'exit_check_s': 0.00019012700067833066, 'worker_elapsed_s': 0.19593348397756927}], 'sample_id': 'balanced_009_0931_00009357', 'label': 9, 'correct': True, 'observed_utility': 0.020177860074909404}",balanced_009_0931_00009357,89,9357,0.5044584274291992,5218225471334682005,0.19596442798501812,3.094400744885206e-05,0
0.0,0.24657263699918985,0.24657263699918985,0.24660256298375316,0.24657263699918985,1784951580.9138653,1784951580.1587315,1784951580.4087315,0.0,0.0,0.0,0.0,0.9964614510536194,0.0,ablate-ee-only-resnet50-cifar10-pi5-single-20260725-114734:v1,1,0.24657263699918985,unknown,0.0,0.0,0.0,0.0,0.0,"{'device': [0, 1, 2, 3, 4, 5, 6, 7, 8, 9, 10, 11, 12, 13, 14, 15, 16, 17, 18]}",19,final,device,True,0,1.0,5.0,1.0,0.24660256298375316,-0.2330128149187658,0,8e05e52bab8240a6b81321606e5ce5dd,90,"{'device_compute': 0.24657263699918985, 'd2e_transport': 0.0, 'edge_queue': 0.0, 'edge_segment_compute': 0.0, 'edge_exit_head_compute': 0.0, 'edge_exit_check': 0.0, 'e2c_transport': 0.0, 'cloud_queue': 0.0, 'cloud_segment_compute': 0.0, 'cloud_exit_head_compute': 0.0, 'cloud_exit_check': 0.0, 'total_latency': 0.24660256298375316, 'unattributed_overhead': 2.9925984563305974e-05, 'request_id': '8e05e52bab8240a6b81321606e5ce5dd', 'user_id': 0, 'prediction': 0, 'exit_id': 'final', 'exit_boundary_id': 19, 'exit_location': 'device', 'confidence': 0.9964614510536194, 'executed_segments_by_node': {'device': [0, 1, 2, 3, 4, 5, 6, 7, 8, 9, 10, 11, 12, 13, 14, 15, 16, 17, 18]}, 'nodes': [{'node': 'device', 'executed_segments': [0, 1, 2, 3, 4, 5, 6, 7, 8, 9, 10, 11, 12, 13, 14, 15, 16, 17, 18], 'queue_s': 0.0, 'segment_compute_s': 0.24371619903831743, 'exit_head_compute_s': 0.002137482020771131, 'exit_check_s': 0.00024173897691071033, 'worker_elapsed_s': 0.24657263699918985}], 'sample_id': 'balanced_000_0496_00005074', 'label': 0, 'correct': True, 'observed_utility': -0.2330128149187658}",balanced_000_0496_00005074,90,5074,0.505133867263794,5218225471334682005,0.24660256298375316,2.9925984563305974e-05,0
0.0,0.19712317700032145,0.19712317700032145,0.19715628799167462,0.19712317700032145,1784951581.2162714,1784951580.4604268,1784951580.7104268,0.0,0.0,0.0,0.0,0.8853943943977356,0.0,ablate-ee-only-resnet50-cifar10-pi5-single-20260725-114734:v1,1,0.19712317700032145,unknown,0.0,0.0,0.0,0.0,0.0,"{'device': [0, 1, 2, 3, 4, 5, 6, 7, 8, 9, 10, 11, 12, 13]}",14,after_layer3,device,True,4,1.0,5.0,1.0,0.19715628799167462,0.014218560041626915,4,32c403a8ab644906b64c5a2b248b6d53,91,"{'device_compute': 0.19712317700032145, 'd2e_transport': 0.0, 'edge_queue': 0.0, 'edge_segment_compute': 0.0, 'edge_exit_head_compute': 0.0, 'edge_exit_check': 0.0, 'e2c_transport': 0.0, 'cloud_queue': 0.0, 'cloud_segment_compute': 0.0, 'cloud_exit_head_compute': 0.0, 'cloud_exit_check': 0.0, 'total_latency': 0.19715628799167462, 'unattributed_overhead': 3.3110991353169084e-05, 'request_id': '32c403a8ab644906b64c5a2b248b6d53', 'user_id': 0, 'prediction': 4, 'exit_id': 'after_layer3', 'exit_boundary_id': 14, 'exit_location': 'device', 'confidence': 0.8853943943977356, 'executed_segments_by_node': {'device': [0, 1, 2, 3, 4, 5, 6, 7, 8, 9, 10, 11, 12, 13]}, 'nodes': [{'node': 'device', 'executed_segments': [0, 1, 2, 3, 4, 5, 6, 7, 8, 9, 10, 11, 12, 13], 'queue_s': 0.0, 'segment_compute_s': 0.1941707951191347, 'exit_head_compute_s': 0.0023685159685555845, 'exit_check_s': 0.00019594200421124697, 'worker_elapsed_s': 0.19712317700032145}], 'sample_id': 'balanced_004_0235_00002419', 'label': 4, 'correct': True, 'observed_utility': 0.014218560041626915}",balanced_004_0235_00002419,91,2419,0.5058445930480957,5218225471334682005,0.19715628799167462,3.3110991353169084e-05,0
0.0,0.24884200599626638,0.24884200599626638,0.24887026500073262,0.24884200599626638,1784951581.424757,1784951580.6694102,1784951580.9194102,0.0,0.0,0.0,0.0,0.9770979881286621,0.0,ablate-ee-only-resnet50-cifar10-pi5-single-20260725-114734:v1,1,0.24884200599626638,unknown,0.0,0.0,0.0,0.0,0.0,"{'device': [0, 1, 2, 3, 4, 5, 6, 7, 8, 9, 10, 11, 12, 13, 14, 15, 16, 17, 18]}",19,final,device,True,4,1.0,5.0,1.0,0.24887026500073262,-0.24435132500366308,4,ff3cca0e40f342e0b67ac8dd6201beb0,92,"{'device_compute': 0.24884200599626638, 'd2e_transport': 0.0, 'edge_queue': 0.0, 'edge_segment_compute': 0.0, 'edge_exit_head_compute': 0.0, 'edge_exit_check': 0.0, 'e2c_transport': 0.0, 'cloud_queue': 0.0, 'cloud_segment_compute': 0.0, 'cloud_exit_head_compute': 0.0, 'cloud_exit_check': 0.0, 'total_latency': 0.24887026500073262, 'unattributed_overhead': 2.8259004466235638e-05, 'request_id': 'ff3cca0e40f342e0b67ac8dd6201beb0', 'user_id': 0, 'prediction': 4, 'exit_id': 'final', 'exit_boundary_id': 19, 'exit_location': 'device', 'confidence': 0.9770979881286621, 'executed_segments_by_node': {'device': [0, 1, 2, 3, 4, 5, 6, 7, 8, 9, 10, 11, 12, 13, 14, 15, 16, 17, 18]}, 'nodes': [{'node': 'device', 'executed_segments': [0, 1, 2, 3, 4, 5, 6, 7, 8, 9, 10, 11, 12, 13, 14, 15, 16, 17, 18], 'queue_s': 0.0, 'segment_compute_s': 0.2442256770154927, 'exit_head_compute_s': 0.0038735759735573083, 'exit_check_s': 0.0002492760249879211, 'worker_elapsed_s': 0.24884200599626638}], 'sample_id': 'balanced_004_0318_00003240', 'label': 4, 'correct': True, 'observed_utility': -0.24435132500366308}",balanced_004_0318_00003240,92,3240,0.5053467750549316,5218225471334682005,0.24887026500073262,2.8259004466235638e-05,0
0.0,0.24056746601127088,0.24056746601127088,0.24059774400666356,0.24056746601127088,1784951581.7194912,1784951580.9655674,1784951581.2155674,0.0,0.0,0.0,0.0,0.9999562501907349,0.0,ablate-ee-only-resnet50-cifar10-pi5-single-20260725-114734:v1,1,0.24056746601127088,unknown,0.0,0.0,0.0,0.0,0.0,"{'device': [0, 1, 2, 3, 4, 5, 6, 7, 8, 9, 10, 11, 12, 13, 14, 15, 16, 17, 18]}",19,final,device,True,4,1.0,5.0,1.0,0.24059774400666356,-0.2029887200333178,4,3de3bfc791004496b535ca2b63afb83e,93,"{'device_compute': 0.24056746601127088, 'd2e_transport': 0.0, 'edge_queue': 0.0, 'edge_segment_compute': 0.0, 'edge_exit_head_compute': 0.0, 'edge_exit_check': 0.0, 'e2c_transport': 0.0, 'cloud_queue': 0.0, 'cloud_segment_compute': 0.0, 'cloud_exit_head_compute': 0.0, 'cloud_exit_check': 0.0, 'total_latency': 0.24059774400666356, 'unattributed_overhead': 3.0277995392680168e-05, 'request_id': '3de3bfc791004496b535ca2b63afb83e', 'user_id': 0, 'prediction': 4, 'exit_id': 'final', 'exit_boundary_id': 19, 'exit_location': 'device', 'confidence': 0.9999562501907349, 'executed_segments_by_node': {'device': [0, 1, 2, 3, 4, 5, 6, 7, 8, 9, 10, 11, 12, 13, 14, 15, 16, 17, 18]}, 'nodes': [{'node': 'device', 'executed_segments': [0, 1, 2, 3, 4, 5, 6, 7, 8, 9, 10, 11, 12, 13, 14, 15, 16, 17, 18], 'queue_s': 0.0, 'segment_compute_s': 0.23766764404717833, 'exit_head_compute_s': 0.0021656489989254624, 'exit_check_s': 0.0002483879798091948, 'worker_elapsed_s': 0.24056746601127088}], 'sample_id': 'balanced_004_0386_00003822', 'label': 4, 'correct': True, 'observed_utility': -0.2029887200333178}",balanced_004_0386_00003822,93,3822,0.5039238929748535,5218225471334682005,0.24059774400666356,3.0277995392680168e-05,0
0.0,0.22347261500544846,0.22347261500544846,0.22350463300244883,0.22347261500544846,1784951581.9781303,1784951581.2241492,1784951581.4741492,0.0,0.0,0.0,0.0,0.9542608261108398,0.0,ablate-ee-only-resnet50-cifar10-pi5-single-20260725-114734:v1,1,0.22347261500544846,unknown,0.0,0.0,0.0,0.0,0.0,"{'device': [0, 1, 2, 3, 4, 5, 6, 7, 8, 9, 10, 11, 12, 13]}",14,after_layer3,device,True,8,1.0,5.0,1.0,0.22350463300244883,-0.11752316501224414,8,dfcacf05ba4b4ca2b42da4c9a0ae9c14,94,"{'device_compute': 0.22347261500544846, 'd2e_transport': 0.0, 'edge_queue': 0.0, 'edge_segment_compute': 0.0, 'edge_exit_head_compute': 0.0, 'edge_exit_check': 0.0, 'e2c_transport': 0.0, 'cloud_queue': 0.0, 'cloud_segment_compute': 0.0, 'cloud_exit_head_compute': 0.0, 'cloud_exit_check': 0.0, 'total_latency': 0.22350463300244883, 'unattributed_overhead': 3.201799700036645e-05, 'request_id': 'dfcacf05ba4b4ca2b42da4c9a0ae9c14', 'user_id': 0, 'prediction': 8, 'exit_id': 'after_layer3', 'exit_boundary_id': 14, 'exit_location': 'device', 'confidence': 0.9542608261108398, 'executed_segments_by_node': {'device': [0, 1, 2, 3, 4, 5, 6, 7, 8, 9, 10, 11, 12, 13]}, 'nodes': [{'node': 'device', 'executed_segments': [0, 1, 2, 3, 4, 5, 6, 7, 8, 9, 10, 11, 12, 13], 'queue_s': 0.0, 'segment_compute_s': 0.22070711891865358, 'exit_head_compute_s': 0.0021794239873997867, 'exit_check_s': 0.0001962380192708224, 'worker_elapsed_s': 0.22347261500544846}], 'sample_id': 'balanced_008_0994_00009948', 'label': 8, 'correct': True, 'observed_utility': -0.11752316501224414}",balanced_008_0994_00009948,94,9948,0.5039811134338379,5218225471334682005,0.22350463300244883,3.201799700036645e-05,0
0.0,0.21385371699579991,0.21385371699579991,0.213886494981125,0.21385371699579991,1784951582.2356791,1784951581.4791527,1784951581.7291527,0.0,0.0,0.0,0.0,0.9272815585136414,0.0,ablate-ee-only-resnet50-cifar10-pi5-single-20260725-114734:v1,1,0.21385371699579991,unknown,0.0,0.0,0.0,0.0,0.0,"{'device': [0, 1, 2, 3, 4, 5, 6, 7, 8, 9, 10, 11, 12, 13]}",14,after_layer3,device,True,6,1.0,5.0,1.0,0.213886494981125,-0.06943247490562499,6,46f880d5de774987b9bc97a5253c745b,95,"{'device_compute': 0.21385371699579991, 'd2e_transport': 0.0, 'edge_queue': 0.0, 'edge_segment_compute': 0.0, 'edge_exit_head_compute': 0.0, 'edge_exit_check': 0.0, 'e2c_transport': 0.0, 'cloud_queue': 0.0, 'cloud_segment_compute': 0.0, 'cloud_exit_head_compute': 0.0, 'cloud_exit_check': 0.0, 'total_latency': 0.213886494981125, 'unattributed_overhead': 3.2777985325083137e-05, 'request_id': '46f880d5de774987b9bc97a5253c745b', 'user_id': 0, 'prediction': 6, 'exit_id': 'after_layer3', 'exit_boundary_id': 14, 'exit_location': 'device', 'confidence': 0.9272815585136414, 'executed_segments_by_node': {'device': [0, 1, 2, 3, 4, 5, 6, 7, 8, 9, 10, 11, 12, 13]}, 'nodes': [{'node': 'device', 'executed_segments': [0, 1, 2, 3, 4, 5, 6, 7, 8, 9, 10, 11, 12, 13], 'queue_s': 0.0, 'segment_compute_s': 0.20998310195864178, 'exit_head_compute_s': 0.0032639529672451317, 'exit_check_s': 0.00020299796597100794, 'worker_elapsed_s': 0.21385371699579991}], 'sample_id': 'balanced_006_0887_00008831', 'label': 6, 'correct': True, 'observed_utility': -0.06943247490562499}",balanced_006_0887_00008831,95,8831,0.5065264701843262,5218225471334682005,0.213886494981125,3.2777985325083137e-05,0
0.0,0.245602275012061,0.245602275012061,0.24563077400671318,0.245602275012061,1784951582.470499,1784951581.7151375,1784951581.9651375,0.0,0.0,0.0,0.0,0.970122754573822,0.0,ablate-ee-only-resnet50-cifar10-pi5-single-20260725-114734:v1,1,0.245602275012061,unknown,0.0,0.0,0.0,0.0,0.0,"{'device': [0, 1, 2, 3, 4, 5, 6, 7, 8, 9, 10, 11, 12, 13, 14, 15, 16, 17, 18]}",19,final,device,True,3,1.0,5.0,1.0,0.24563077400671318,-0.2281538700335659,3,813622b4e07949b09f24e39dae6ff491,96,"{'device_compute': 0.245602275012061, 'd2e_transport': 0.0, 'edge_queue': 0.0, 'edge_segment_compute': 0.0, 'edge_exit_head_compute': 0.0, 'edge_exit_check': 0.0, 'e2c_transport': 0.0, 'cloud_queue': 0.0, 'cloud_segment_compute': 0.0, 'cloud_exit_head_compute': 0.0, 'cloud_exit_check': 0.0, 'total_latency': 0.24563077400671318, 'unattributed_overhead': 2.8498994652181864e-05, 'request_id': '813622b4e07949b09f24e39dae6ff491', 'user_id': 0, 'prediction': 3, 'exit_id': 'final', 'exit_boundary_id': 19, 'exit_location': 'device', 'confidence': 0.970122754573822, 'executed_segments_by_node': {'device': [0, 1, 2, 3, 4, 5, 6, 7, 8, 9, 10, 11, 12, 13, 14, 15, 16, 17, 18]}, 'nodes': [{'node': 'device', 'executed_segments': [0, 1, 2, 3, 4, 5, 6, 7, 8, 9, 10, 11, 12, 13, 14, 15, 16, 17, 18], 'queue_s': 0.0, 'segment_compute_s': 0.24270015192450956, 'exit_head_compute_s': 0.0021826640295330435, 'exit_check_s': 0.0002532009966671467, 'worker_elapsed_s': 0.245602275012061}], 'sample_id': 'balanced_003_0017_00000184', 'label': 3, 'correct': True, 'observed_utility': -0.2281538700335659}",balanced_003_0017_00000184,96,184,0.5053615570068359,5218225471334682005,0.24563077400671318,2.8498994652181864e-05,0
0.0,0.20649726199917495,0.20649726199917495,0.20652902100118808,0.20649726199917495,1784951582.741517,1784951581.9877775,1784951582.2377775,0.0,0.0,0.0,0.0,0.9011231064796448,0.0,ablate-ee-only-resnet50-cifar10-pi5-single-20260725-114734:v1,1,0.20649726199917495,unknown,0.0,0.0,0.0,0.0,0.0,"{'device': [0, 1, 2, 3, 4, 5, 6, 7, 8, 9, 10, 11, 12, 13]}",14,after_layer3,device,True,0,1.0,5.0,1.0,0.20652902100118808,-0.03264510500594042,0,fe5f0ade835141708fb5f5debec55439,97,"{'device_compute': 0.20649726199917495, 'd2e_transport': 0.0, 'edge_queue': 0.0, 'edge_segment_compute': 0.0, 'edge_exit_head_compute': 0.0, 'edge_exit_check': 0.0, 'e2c_transport': 0.0, 'cloud_queue': 0.0, 'cloud_segment_compute': 0.0, 'cloud_exit_head_compute': 0.0, 'cloud_exit_check': 0.0, 'total_latency': 0.20652902100118808, 'unattributed_overhead': 3.1759002013131976e-05, 'request_id': 'fe5f0ade835141708fb5f5debec55439', 'user_id': 0, 'prediction': 0, 'exit_id': 'after_layer3', 'exit_boundary_id': 14, 'exit_location': 'device', 'confidence': 0.9011231064796448, 'executed_segments_by_node': {'device': [0, 1, 2, 3, 4, 5, 6, 7, 8, 9, 10, 11, 12, 13]}, 'nodes': [{'node': 'device', 'executed_segments': [0, 1, 2, 3, 4, 5, 6, 7, 8, 9, 10, 11, 12, 13], 'queue_s': 0.0, 'segment_compute_s': 0.20289505497203209, 'exit_head_compute_s': 0.0030284740205388516, 'exit_check_s': 0.00019249905017204583, 'worker_elapsed_s': 0.20649726199917495}], 'sample_id': 'balanced_000_0375_00003820', 'label': 0, 'correct': True, 'observed_utility': -0.03264510500594042}",balanced_000_0375_00003820,97,3820,0.503739595413208,5218225471334682005,0.20652902100118808,3.1759002013131976e-05,0
0.0,0.27019289499730803,0.27019289499730803,0.27022231998853385,0.27019289499730803,1784951582.968865,1784951582.2125676,1784951582.4625676,0.0,0.0,0.0,0.0,0.9999164342880249,0.0,ablate-ee-only-resnet50-cifar10-pi5-single-20260725-114734:v1,1,0.27019289499730803,unknown,0.0,0.0,0.0,0.0,0.0,"{'device': [0, 1, 2, 3, 4, 5, 6, 7, 8, 9, 10, 11, 12, 13, 14, 15, 16, 17, 18]}",19,final,device,True,6,1.0,5.0,1.0,0.27022231998853385,-0.3511115999426693,6,a1a78468dfe34be4b0671c691076732b,98,"{'device_compute': 0.27019289499730803, 'd2e_transport': 0.0, 'edge_queue': 0.0, 'edge_segment_compute': 0.0, 'edge_exit_head_compute': 0.0, 'edge_exit_check': 0.0, 'e2c_transport': 0.0, 'cloud_queue': 0.0, 'cloud_segment_compute': 0.0, 'cloud_exit_head_compute': 0.0, 'cloud_exit_check': 0.0, 'total_latency': 0.27022231998853385, 'unattributed_overhead': 2.942499122582376e-05, 'request_id': 'a1a78468dfe34be4b0671c691076732b', 'user_id': 0, 'prediction': 6, 'exit_id': 'final', 'exit_boundary_id': 19, 'exit_location': 'device', 'confidence': 0.9999164342880249, 'executed_segments_by_node': {'device': [0, 1, 2, 3, 4, 5, 6, 7, 8, 9, 10, 11, 12, 13, 14, 15, 16, 17, 18]}, 'nodes': [{'node': 'device', 'executed_segments': [0, 1, 2, 3, 4, 5, 6, 7, 8, 9, 10, 11, 12, 13, 14, 15, 16, 17, 18], 'queue_s': 0.0, 'segment_compute_s': 0.266803662001621, 'exit_head_compute_s': 0.002659532008692622, 'exit_check_s': 0.00025662800180725753, 'worker_elapsed_s': 0.27019289499730803}], 'sample_id': 'balanced_006_0028_00000229', 'label': 6, 'correct': True, 'observed_utility': -0.3511115999426693}",balanced_006_0028_00000229,98,229,0.5062973499298096,5218225471334682005,0.27022231998853385,2.942499122582376e-05,0
0.0,0.1952268599998206,0.1952268599998206,0.19525843401788734,0.1952268599998206,1784951583.2545426,1784951582.499978,1784951582.749978,0.0,0.0,0.0,0.0,0.8445683717727661,0.0,ablate-ee-only-resnet50-cifar10-pi5-single-20260725-114734:v1,1,0.1952268599998206,unknown,0.0,0.0,0.0,0.0,0.0,"{'device': [0, 1, 2, 3, 4, 5, 6, 7, 8, 9, 10, 11, 12, 13]}",14,after_layer3,device,True,2,1.0,5.0,1.0,0.19525843401788734,0.023707829910563305,2,e44020b739754c6280e044b6daabeac8,99,"{'device_compute': 0.1952268599998206, 'd2e_transport': 0.0, 'edge_queue': 0.0, 'edge_segment_compute': 0.0, 'edge_exit_head_compute': 0.0, 'edge_exit_check': 0.0, 'e2c_transport': 0.0, 'cloud_queue': 0.0, 'cloud_segment_compute': 0.0, 'cloud_exit_head_compute': 0.0, 'cloud_exit_check': 0.0, 'total_latency': 0.19525843401788734, 'unattributed_overhead': 3.157401806674898e-05, 'request_id': 'e44020b739754c6280e044b6daabeac8', 'user_id': 0, 'prediction': 2, 'exit_id': 'after_layer3', 'exit_boundary_id': 14, 'exit_location': 'device', 'confidence': 0.8445683717727661, 'executed_segments_by_node': {'device': [0, 1, 2, 3, 4, 5, 6, 7, 8, 9, 10, 11, 12, 13]}, 'nodes': [{'node': 'device', 'executed_segments': [0, 1, 2, 3, 4, 5, 6, 7, 8, 9, 10, 11, 12, 13], 'queue_s': 0.0, 'segment_compute_s': 0.1923241460463032, 'exit_head_compute_s': 0.0022888879757374525, 'exit_check_s': 0.0002284969959873706, 'worker_elapsed_s': 0.1952268599998206}], 'sample_id': 'balanced_002_0568_00005691', 'label': 2, 'correct': True, 'observed_utility': 0.023707829910563305}",balanced_002_0568_00005691,99,5691,0.5045645236968994,5218225471334682005,0.19525843401788734,3.157401806674898e-05,0
