T_bandwidth_calibration,T_compute_device,T_d_compute,T_total,T_worker_elapsed_s,actual_start_at_utc,barrier_ready_at_utc,barrier_release_at_utc,cloud_exit_check,cloud_exit_head_compute,cloud_queue,cloud_segment_compute,confidence,d2e_transport,decision_id,decision_version,device_compute,difficulty,e2c_transport,edge_exit_check,edge_exit_head_compute,edge_queue,edge_segment_compute,executed_segments_by_node,exit_boundary_id,exit_id,exit_location,is_correct,label,objective_alpha,objective_beta,observed_accuracy,observed_latency,observed_utility,prediction,request_id,request_seq,request_trace,sample_id,sample_index,source_index,start_skew_s,test_sample_seed,total_latency,unattributed_overhead,user_id
3.3133866786956787,0.27693569401162677,0.27693569401162677,0.27696947200456634,0.27693569401162677,1784947299.1596084,1784947295.045682,1784947298.6090686,0.0,0.0,0.0,0.0,0.9999719858169556,0.0,ablate-end-only-resnet50-cifar10-pi5-r1-20260725-104127:v1,1,0.27693569401162677,unknown,0.0,0.0,0.0,0.0,0.0,"{'device': [0, 1, 2, 3, 4, 5, 6, 7, 8, 9, 10, 11, 12, 13, 14, 15, 16, 17, 18]}",19,final,device,True,4,1.0,5.0,1.0,0.27696947200456634,-0.3848473600228317,4,e42d5f40935e4e0e9603ffbb3d2a8885,0,"{'device_compute': 0.27693569401162677, 'd2e_transport': 0.0, 'edge_queue': 0.0, 'edge_segment_compute': 0.0, 'edge_exit_head_compute': 0.0, 'edge_exit_check': 0.0, 'e2c_transport': 0.0, 'cloud_queue': 0.0, 'cloud_segment_compute': 0.0, 'cloud_exit_head_compute': 0.0, 'cloud_exit_check': 0.0, 'total_latency': 0.27696947200456634, 'unattributed_overhead': 3.377799293957651e-05, 'request_id': 'e42d5f40935e4e0e9603ffbb3d2a8885', 'user_id': 0, 'prediction': 4, 'exit_id': 'final', 'exit_boundary_id': 19, 'exit_location': 'device', 'confidence': 0.9999719858169556, 'executed_segments_by_node': {'device': [0, 1, 2, 3, 4, 5, 6, 7, 8, 9, 10, 11, 12, 13, 14, 15, 16, 17, 18]}, 'nodes': [{'node': 'device', 'executed_segments': [0, 1, 2, 3, 4, 5, 6, 7, 8, 9, 10, 11, 12, 13, 14, 15, 16, 17, 18], 'queue_s': 0.0, 'segment_compute_s': 0.267156990012154, 'exit_head_compute_s': 0.008914454956538975, 'exit_check_s': 0.00035018002381548285, 'worker_elapsed_s': 0.27693569401162677}], 'sample_id': 'balanced_004_0972_00009711', 'label': 4, 'correct': True, 'observed_utility': -0.3848473600228317}",balanced_004_0972_00009711,0,9711,0.5505397319793701,5472294003561725701,0.27696947200456634,3.377799293957651e-05,0
0.0,0.24763852497562766,0.24763852497562766,0.24766933897626586,0.24763852497562766,1784947300.9174757,1784947300.1969085,1784947300.4469085,0.0,0.0,0.0,0.0,0.9999874830245972,0.0,ablate-end-only-resnet50-cifar10-pi5-r1-20260725-104127:v1,1,0.24763852497562766,unknown,0.0,0.0,0.0,0.0,0.0,"{'device': [0, 1, 2, 3, 4, 5, 6, 7, 8, 9, 10, 11, 12, 13, 14, 15, 16, 17, 18]}",19,final,device,True,3,1.0,5.0,1.0,0.24766933897626586,-0.2383466948813293,3,bf92efcdec3d4863b4a9f44008730cac,1,"{'device_compute': 0.24763852497562766, 'd2e_transport': 0.0, 'edge_queue': 0.0, 'edge_segment_compute': 0.0, 'edge_exit_head_compute': 0.0, 'edge_exit_check': 0.0, 'e2c_transport': 0.0, 'cloud_queue': 0.0, 'cloud_segment_compute': 0.0, 'cloud_exit_head_compute': 0.0, 'cloud_exit_check': 0.0, 'total_latency': 0.24766933897626586, 'unattributed_overhead': 3.081400063820183e-05, 'request_id': 'bf92efcdec3d4863b4a9f44008730cac', 'user_id': 0, 'prediction': 3, 'exit_id': 'final', 'exit_boundary_id': 19, 'exit_location': 'device', 'confidence': 0.9999874830245972, 'executed_segments_by_node': {'device': [0, 1, 2, 3, 4, 5, 6, 7, 8, 9, 10, 11, 12, 13, 14, 15, 16, 17, 18]}, 'nodes': [{'node': 'device', 'executed_segments': [0, 1, 2, 3, 4, 5, 6, 7, 8, 9, 10, 11, 12, 13, 14, 15, 16, 17, 18], 'queue_s': 0.0, 'segment_compute_s': 0.24243402905995026, 'exit_head_compute_s': 0.004390412999782711, 'exit_check_s': 0.00028773798840120435, 'worker_elapsed_s': 0.24763852497562766}], 'sample_id': 'balanced_003_0109_00001053', 'label': 3, 'correct': True, 'observed_utility': -0.2383466948813293}",balanced_003_0109_00001053,1,1053,0.4705672264099121,5472294003561725701,0.24766933897626586,3.081400063820183e-05,0
0.0,0.24812186299823225,0.24812186299823225,0.24815258500166237,0.24812186299823225,1784947301.2156997,1784947300.4980865,1784947300.7480865,0.0,0.0,0.0,0.0,0.9999971389770508,0.0,ablate-end-only-resnet50-cifar10-pi5-r1-20260725-104127:v1,1,0.24812186299823225,unknown,0.0,0.0,0.0,0.0,0.0,"{'device': [0, 1, 2, 3, 4, 5, 6, 7, 8, 9, 10, 11, 12, 13, 14, 15, 16, 17, 18]}",19,final,device,True,3,1.0,5.0,1.0,0.24815258500166237,-0.24076292500831187,3,cd0225958804401d981cad5b5fb591db,2,"{'device_compute': 0.24812186299823225, 'd2e_transport': 0.0, 'edge_queue': 0.0, 'edge_segment_compute': 0.0, 'edge_exit_head_compute': 0.0, 'edge_exit_check': 0.0, 'e2c_transport': 0.0, 'cloud_queue': 0.0, 'cloud_segment_compute': 0.0, 'cloud_exit_head_compute': 0.0, 'cloud_exit_check': 0.0, 'total_latency': 0.24815258500166237, 'unattributed_overhead': 3.07220034301281e-05, 'request_id': 'cd0225958804401d981cad5b5fb591db', 'user_id': 0, 'prediction': 3, 'exit_id': 'final', 'exit_boundary_id': 19, 'exit_location': 'device', 'confidence': 0.9999971389770508, 'executed_segments_by_node': {'device': [0, 1, 2, 3, 4, 5, 6, 7, 8, 9, 10, 11, 12, 13, 14, 15, 16, 17, 18]}, 'nodes': [{'node': 'device', 'executed_segments': [0, 1, 2, 3, 4, 5, 6, 7, 8, 9, 10, 11, 12, 13, 14, 15, 16, 17, 18], 'queue_s': 0.0, 'segment_compute_s': 0.24523286797921173, 'exit_head_compute_s': 0.002123722981195897, 'exit_check_s': 0.0002639440353959799, 'worker_elapsed_s': 0.24812186299823225}], 'sample_id': 'balanced_003_0791_00007910', 'label': 3, 'correct': True, 'observed_utility': -0.24076292500831187}",balanced_003_0791_00007910,2,7910,0.46761322021484375,5472294003561725701,0.24815258500166237,3.07220034301281e-05,0
0.0,0.2526696919812821,0.2526696919812821,0.2526999700057786,0.2526696919812821,1784947301.5238986,1784947300.8027105,1784947301.0527105,0.0,0.0,0.0,0.0,0.9996317625045776,0.0,ablate-end-only-resnet50-cifar10-pi5-r1-20260725-104127:v1,1,0.2526696919812821,unknown,0.0,0.0,0.0,0.0,0.0,"{'device': [0, 1, 2, 3, 4, 5, 6, 7, 8, 9, 10, 11, 12, 13, 14, 15, 16, 17, 18]}",19,final,device,True,7,1.0,5.0,1.0,0.2526999700057786,-0.263499850028893,7,6ff0cbca6da54ebc992dff3d5f9f47fa,3,"{'device_compute': 0.2526696919812821, 'd2e_transport': 0.0, 'edge_queue': 0.0, 'edge_segment_compute': 0.0, 'edge_exit_head_compute': 0.0, 'edge_exit_check': 0.0, 'e2c_transport': 0.0, 'cloud_queue': 0.0, 'cloud_segment_compute': 0.0, 'cloud_exit_head_compute': 0.0, 'cloud_exit_check': 0.0, 'total_latency': 0.2526999700057786, 'unattributed_overhead': 3.0278024496510625e-05, 'request_id': '6ff0cbca6da54ebc992dff3d5f9f47fa', 'user_id': 0, 'prediction': 7, 'exit_id': 'final', 'exit_boundary_id': 19, 'exit_location': 'device', 'confidence': 0.9996317625045776, 'executed_segments_by_node': {'device': [0, 1, 2, 3, 4, 5, 6, 7, 8, 9, 10, 11, 12, 13, 14, 15, 16, 17, 18]}, 'nodes': [{'node': 'device', 'executed_segments': [0, 1, 2, 3, 4, 5, 6, 7, 8, 9, 10, 11, 12, 13, 14, 15, 16, 17, 18], 'queue_s': 0.0, 'segment_compute_s': 0.24969447098555975, 'exit_head_compute_s': 0.002217209985246882, 'exit_check_s': 0.00026662900927476585, 'worker_elapsed_s': 0.2526696919812821}], 'sample_id': 'balanced_007_0961_00009631', 'label': 7, 'correct': True, 'observed_utility': -0.263499850028893}",balanced_007_0961_00009631,3,9631,0.4711880683898926,5472294003561725701,0.2526999700057786,3.0278024496510625e-05,0
0.0,0.2483326850051526,0.2483326850051526,0.2483633529918734,0.2483326850051526,1784947301.8332422,1784947301.1141489,1784947301.3641489,0.0,0.0,0.0,0.0,0.9998862743377686,0.0,ablate-end-only-resnet50-cifar10-pi5-r1-20260725-104127:v1,1,0.2483326850051526,unknown,0.0,0.0,0.0,0.0,0.0,"{'device': [0, 1, 2, 3, 4, 5, 6, 7, 8, 9, 10, 11, 12, 13, 14, 15, 16, 17, 18]}",19,final,device,True,0,1.0,5.0,1.0,0.2483633529918734,-0.241816764959367,0,5042744298e54cc4b4240961cde86749,4,"{'device_compute': 0.2483326850051526, 'd2e_transport': 0.0, 'edge_queue': 0.0, 'edge_segment_compute': 0.0, 'edge_exit_head_compute': 0.0, 'edge_exit_check': 0.0, 'e2c_transport': 0.0, 'cloud_queue': 0.0, 'cloud_segment_compute': 0.0, 'cloud_exit_head_compute': 0.0, 'cloud_exit_check': 0.0, 'total_latency': 0.2483633529918734, 'unattributed_overhead': 3.06679867208004e-05, 'request_id': '5042744298e54cc4b4240961cde86749', 'user_id': 0, 'prediction': 0, 'exit_id': 'final', 'exit_boundary_id': 19, 'exit_location': 'device', 'confidence': 0.9998862743377686, 'executed_segments_by_node': {'device': [0, 1, 2, 3, 4, 5, 6, 7, 8, 9, 10, 11, 12, 13, 14, 15, 16, 17, 18]}, 'nodes': [{'node': 'device', 'executed_segments': [0, 1, 2, 3, 4, 5, 6, 7, 8, 9, 10, 11, 12, 13, 14, 15, 16, 17, 18], 'queue_s': 0.0, 'segment_compute_s': 0.24541388495708816, 'exit_head_compute_s': 0.0021548249933402985, 'exit_check_s': 0.0002597639977466315, 'worker_elapsed_s': 0.2483326850051526}], 'sample_id': 'balanced_000_0803_00007987', 'label': 0, 'correct': True, 'observed_utility': -0.241816764959367}",balanced_000_0803_00007987,4,7987,0.46909332275390625,5472294003561725701,0.2483633529918734,3.06679867208004e-05,0
0.0,0.2442795480019413,0.2442795480019413,0.24430897500133142,0.2442795480019413,1784947302.1425421,1784947301.421228,1784947301.671228,0.0,0.0,0.0,0.0,0.8188885450363159,0.0,ablate-end-only-resnet50-cifar10-pi5-r1-20260725-104127:v1,1,0.2442795480019413,unknown,0.0,0.0,0.0,0.0,0.0,"{'device': [0, 1, 2, 3, 4, 5, 6, 7, 8, 9, 10, 11, 12, 13, 14, 15, 16, 17, 18]}",19,final,device,True,2,1.0,5.0,1.0,0.24430897500133142,-0.2215448750066571,2,f683de4127e54d3bb8466db0d1b81fde,5,"{'device_compute': 0.2442795480019413, 'd2e_transport': 0.0, 'edge_queue': 0.0, 'edge_segment_compute': 0.0, 'edge_exit_head_compute': 0.0, 'edge_exit_check': 0.0, 'e2c_transport': 0.0, 'cloud_queue': 0.0, 'cloud_segment_compute': 0.0, 'cloud_exit_head_compute': 0.0, 'cloud_exit_check': 0.0, 'total_latency': 0.24430897500133142, 'unattributed_overhead': 2.9426999390125275e-05, 'request_id': 'f683de4127e54d3bb8466db0d1b81fde', 'user_id': 0, 'prediction': 2, 'exit_id': 'final', 'exit_boundary_id': 19, 'exit_location': 'device', 'confidence': 0.8188885450363159, 'executed_segments_by_node': {'device': [0, 1, 2, 3, 4, 5, 6, 7, 8, 9, 10, 11, 12, 13, 14, 15, 16, 17, 18]}, 'nodes': [{'node': 'device', 'executed_segments': [0, 1, 2, 3, 4, 5, 6, 7, 8, 9, 10, 11, 12, 13, 14, 15, 16, 17, 18], 'queue_s': 0.0, 'segment_compute_s': 0.24129439407261088, 'exit_head_compute_s': 0.0022487760288640857, 'exit_check_s': 0.0002491009945515543, 'worker_elapsed_s': 0.2442795480019413}], 'sample_id': 'balanced_002_0426_00004001', 'label': 2, 'correct': True, 'observed_utility': -0.2215448750066571}",balanced_002_0426_00004001,5,4001,0.4713141918182373,5472294003561725701,0.24430897500133142,2.9426999390125275e-05,0
0.0,0.25999167800182477,0.25999167800182477,0.2600265869987197,0.25999167800182477,1784947302.4578004,1784947301.736936,1784947301.986936,0.0,0.0,0.0,0.0,0.9999946355819702,0.0,ablate-end-only-resnet50-cifar10-pi5-r1-20260725-104127:v1,1,0.25999167800182477,unknown,0.0,0.0,0.0,0.0,0.0,"{'device': [0, 1, 2, 3, 4, 5, 6, 7, 8, 9, 10, 11, 12, 13, 14, 15, 16, 17, 18]}",19,final,device,True,5,1.0,5.0,1.0,0.2600265869987197,-0.3001329349935986,5,aa67dc6a04364e5cbac0a3e52cf69f6d,6,"{'device_compute': 0.25999167800182477, 'd2e_transport': 0.0, 'edge_queue': 0.0, 'edge_segment_compute': 0.0, 'edge_exit_head_compute': 0.0, 'edge_exit_check': 0.0, 'e2c_transport': 0.0, 'cloud_queue': 0.0, 'cloud_segment_compute': 0.0, 'cloud_exit_head_compute': 0.0, 'cloud_exit_check': 0.0, 'total_latency': 0.2600265869987197, 'unattributed_overhead': 3.4908996894955635e-05, 'request_id': 'aa67dc6a04364e5cbac0a3e52cf69f6d', 'user_id': 0, 'prediction': 5, 'exit_id': 'final', 'exit_boundary_id': 19, 'exit_location': 'device', 'confidence': 0.9999946355819702, 'executed_segments_by_node': {'device': [0, 1, 2, 3, 4, 5, 6, 7, 8, 9, 10, 11, 12, 13, 14, 15, 16, 17, 18]}, 'nodes': [{'node': 'device', 'executed_segments': [0, 1, 2, 3, 4, 5, 6, 7, 8, 9, 10, 11, 12, 13, 14, 15, 16, 17, 18], 'queue_s': 0.0, 'segment_compute_s': 0.2570618229510728, 'exit_head_compute_s': 0.0021460310090333223, 'exit_check_s': 0.00027243702788837254, 'worker_elapsed_s': 0.25999167800182477}], 'sample_id': 'balanced_005_0637_00006310', 'label': 5, 'correct': True, 'observed_utility': -0.3001329349935986}",balanced_005_0637_00006310,6,6310,0.47086429595947266,5472294003561725701,0.2600265869987197,3.4908996894955635e-05,0
0.0,0.2528250199975446,0.2528250199975446,0.2528537990001496,0.2528250199975446,1784947302.7515316,1784947302.0310414,1784947302.2810414,0.0,0.0,0.0,0.0,0.9999998807907104,0.0,ablate-end-only-resnet50-cifar10-pi5-r1-20260725-104127:v1,1,0.2528250199975446,unknown,0.0,0.0,0.0,0.0,0.0,"{'device': [0, 1, 2, 3, 4, 5, 6, 7, 8, 9, 10, 11, 12, 13, 14, 15, 16, 17, 18]}",19,final,device,True,2,1.0,5.0,1.0,0.2528537990001496,-0.26426899500074796,2,02a92eaa83714a84a65b138dab5890bb,7,"{'device_compute': 0.2528250199975446, 'd2e_transport': 0.0, 'edge_queue': 0.0, 'edge_segment_compute': 0.0, 'edge_exit_head_compute': 0.0, 'edge_exit_check': 0.0, 'e2c_transport': 0.0, 'cloud_queue': 0.0, 'cloud_segment_compute': 0.0, 'cloud_exit_head_compute': 0.0, 'cloud_exit_check': 0.0, 'total_latency': 0.2528537990001496, 'unattributed_overhead': 2.87790026050061e-05, 'request_id': '02a92eaa83714a84a65b138dab5890bb', 'user_id': 0, 'prediction': 2, 'exit_id': 'final', 'exit_boundary_id': 19, 'exit_location': 'device', 'confidence': 0.9999998807907104, 'executed_segments_by_node': {'device': [0, 1, 2, 3, 4, 5, 6, 7, 8, 9, 10, 11, 12, 13, 14, 15, 16, 17, 18]}, 'nodes': [{'node': 'device', 'executed_segments': [0, 1, 2, 3, 4, 5, 6, 7, 8, 9, 10, 11, 12, 13, 14, 15, 16, 17, 18], 'queue_s': 0.0, 'segment_compute_s': 0.2457575360313058, 'exit_head_compute_s': 0.006307474977802485, 'exit_check_s': 0.00026228901697322726, 'worker_elapsed_s': 0.2528250199975446}], 'sample_id': 'balanced_002_0068_00000706', 'label': 2, 'correct': True, 'observed_utility': -0.26426899500074796}",balanced_002_0068_00000706,7,706,0.4704902172088623,5472294003561725701,0.2528537990001496,2.87790026050061e-05,0
0.0,0.24018826999235898,0.24018826999235898,0.24021771500702016,0.24018826999235898,1784947303.0641696,1784947302.3400278,1784947302.5900278,0.0,0.0,0.0,0.0,0.999984860420227,0.0,ablate-end-only-resnet50-cifar10-pi5-r1-20260725-104127:v1,1,0.24018826999235898,unknown,0.0,0.0,0.0,0.0,0.0,"{'device': [0, 1, 2, 3, 4, 5, 6, 7, 8, 9, 10, 11, 12, 13, 14, 15, 16, 17, 18]}",19,final,device,True,9,1.0,5.0,1.0,0.24021771500702016,-0.2010885750351008,9,7d95a998089943eeb9b8c62fba25b687,8,"{'device_compute': 0.24018826999235898, 'd2e_transport': 0.0, 'edge_queue': 0.0, 'edge_segment_compute': 0.0, 'edge_exit_head_compute': 0.0, 'edge_exit_check': 0.0, 'e2c_transport': 0.0, 'cloud_queue': 0.0, 'cloud_segment_compute': 0.0, 'cloud_exit_head_compute': 0.0, 'cloud_exit_check': 0.0, 'total_latency': 0.24021771500702016, 'unattributed_overhead': 2.9445014661177993e-05, 'request_id': '7d95a998089943eeb9b8c62fba25b687', 'user_id': 0, 'prediction': 9, 'exit_id': 'final', 'exit_boundary_id': 19, 'exit_location': 'device', 'confidence': 0.999984860420227, 'executed_segments_by_node': {'device': [0, 1, 2, 3, 4, 5, 6, 7, 8, 9, 10, 11, 12, 13, 14, 15, 16, 17, 18]}, 'nodes': [{'node': 'device', 'executed_segments': [0, 1, 2, 3, 4, 5, 6, 7, 8, 9, 10, 11, 12, 13, 14, 15, 16, 17, 18], 'queue_s': 0.0, 'segment_compute_s': 0.23609577098977752, 'exit_head_compute_s': 0.0033282449876423925, 'exit_check_s': 0.0002639730228111148, 'worker_elapsed_s': 0.24018826999235898}], 'sample_id': 'balanced_009_0115_00001104', 'label': 9, 'correct': True, 'observed_utility': -0.2010885750351008}",balanced_009_0115_00001104,8,1104,0.47414183616638184,5472294003561725701,0.24021771500702016,2.9445014661177993e-05,0
0.0,0.2582035649975296,0.2582035649975296,0.25823430699529126,0.2582035649975296,1784947303.3627262,1784947302.644935,1784947302.894935,0.0,0.0,0.0,0.0,0.9999990463256836,0.0,ablate-end-only-resnet50-cifar10-pi5-r1-20260725-104127:v1,1,0.2582035649975296,unknown,0.0,0.0,0.0,0.0,0.0,"{'device': [0, 1, 2, 3, 4, 5, 6, 7, 8, 9, 10, 11, 12, 13, 14, 15, 16, 17, 18]}",19,final,device,True,5,1.0,5.0,1.0,0.25823430699529126,-0.2911715349764563,5,91b75892a5db40edb15d82c10c5e8871,9,"{'device_compute': 0.2582035649975296, 'd2e_transport': 0.0, 'edge_queue': 0.0, 'edge_segment_compute': 0.0, 'edge_exit_head_compute': 0.0, 'edge_exit_check': 0.0, 'e2c_transport': 0.0, 'cloud_queue': 0.0, 'cloud_segment_compute': 0.0, 'cloud_exit_head_compute': 0.0, 'cloud_exit_check': 0.0, 'total_latency': 0.25823430699529126, 'unattributed_overhead': 3.0741997761651874e-05, 'request_id': '91b75892a5db40edb15d82c10c5e8871', 'user_id': 0, 'prediction': 5, 'exit_id': 'final', 'exit_boundary_id': 19, 'exit_location': 'device', 'confidence': 0.9999990463256836, 'executed_segments_by_node': {'device': [0, 1, 2, 3, 4, 5, 6, 7, 8, 9, 10, 11, 12, 13, 14, 15, 16, 17, 18]}, 'nodes': [{'node': 'device', 'executed_segments': [0, 1, 2, 3, 4, 5, 6, 7, 8, 9, 10, 11, 12, 13, 14, 15, 16, 17, 18], 'queue_s': 0.0, 'segment_compute_s': 0.25530163501389325, 'exit_head_compute_s': 0.002153067965991795, 'exit_check_s': 0.0002533450024202466, 'worker_elapsed_s': 0.2582035649975296}], 'sample_id': 'balanced_005_0335_00003424', 'label': 5, 'correct': True, 'observed_utility': -0.2911715349764563}",balanced_005_0335_00003424,9,3424,0.4677913188934326,5472294003561725701,0.25823430699529126,3.0741997761651874e-05,0
0.0,0.2604291909956373,0.2604291909956373,0.26045793198863976,0.2604291909956373,1784947303.6680484,1784947302.9505832,1784947303.2005832,0.0,0.0,0.0,0.0,0.9814125299453735,0.0,ablate-end-only-resnet50-cifar10-pi5-r1-20260725-104127:v1,1,0.2604291909956373,unknown,0.0,0.0,0.0,0.0,0.0,"{'device': [0, 1, 2, 3, 4, 5, 6, 7, 8, 9, 10, 11, 12, 13, 14, 15, 16, 17, 18]}",19,final,device,False,1,1.0,5.0,0.0,0.26045793198863976,-1.3022896599431988,8,98a62a1e3f864d9aab5c2333db2732ea,10,"{'device_compute': 0.2604291909956373, 'd2e_transport': 0.0, 'edge_queue': 0.0, 'edge_segment_compute': 0.0, 'edge_exit_head_compute': 0.0, 'edge_exit_check': 0.0, 'e2c_transport': 0.0, 'cloud_queue': 0.0, 'cloud_segment_compute': 0.0, 'cloud_exit_head_compute': 0.0, 'cloud_exit_check': 0.0, 'total_latency': 0.26045793198863976, 'unattributed_overhead': 2.8740993002429605e-05, 'request_id': '98a62a1e3f864d9aab5c2333db2732ea', 'user_id': 0, 'prediction': 8, 'exit_id': 'final', 'exit_boundary_id': 19, 'exit_location': 'device', 'confidence': 0.9814125299453735, 'executed_segments_by_node': {'device': [0, 1, 2, 3, 4, 5, 6, 7, 8, 9, 10, 11, 12, 13, 14, 15, 16, 17, 18]}, 'nodes': [{'node': 'device', 'executed_segments': [0, 1, 2, 3, 4, 5, 6, 7, 8, 9, 10, 11, 12, 13, 14, 15, 16, 17, 18], 'queue_s': 0.0, 'segment_compute_s': 0.2564094529079739, 'exit_head_compute_s': 0.003275390015915036, 'exit_check_s': 0.00025497403112240136, 'worker_elapsed_s': 0.2604291909956373}], 'sample_id': 'balanced_001_0863_00008559', 'label': 1, 'correct': False, 'observed_utility': -1.3022896599431988}",balanced_001_0863_00008559,10,8559,0.4674651622772217,5472294003561725701,0.26045793198863976,2.8740993002429605e-05,0
0.0,0.24707048901473172,0.24707048901473172,0.24709967599483207,0.24707048901473172,1784947303.9744115,1784947303.2543995,1784947303.5043995,0.0,0.0,0.0,0.0,0.9844851493835449,0.0,ablate-end-only-resnet50-cifar10-pi5-r1-20260725-104127:v1,1,0.24707048901473172,unknown,0.0,0.0,0.0,0.0,0.0,"{'device': [0, 1, 2, 3, 4, 5, 6, 7, 8, 9, 10, 11, 12, 13, 14, 15, 16, 17, 18]}",19,final,device,True,2,1.0,5.0,1.0,0.24709967599483207,-0.23549837997416034,2,52e1ac398d794dcb998a47dbe0c3b240,11,"{'device_compute': 0.24707048901473172, 'd2e_transport': 0.0, 'edge_queue': 0.0, 'edge_segment_compute': 0.0, 'edge_exit_head_compute': 0.0, 'edge_exit_check': 0.0, 'e2c_transport': 0.0, 'cloud_queue': 0.0, 'cloud_segment_compute': 0.0, 'cloud_exit_head_compute': 0.0, 'cloud_exit_check': 0.0, 'total_latency': 0.24709967599483207, 'unattributed_overhead': 2.9186980100348592e-05, 'request_id': '52e1ac398d794dcb998a47dbe0c3b240', 'user_id': 0, 'prediction': 2, 'exit_id': 'final', 'exit_boundary_id': 19, 'exit_location': 'device', 'confidence': 0.9844851493835449, 'executed_segments_by_node': {'device': [0, 1, 2, 3, 4, 5, 6, 7, 8, 9, 10, 11, 12, 13, 14, 15, 16, 17, 18]}, 'nodes': [{'node': 'device', 'executed_segments': [0, 1, 2, 3, 4, 5, 6, 7, 8, 9, 10, 11, 12, 13, 14, 15, 16, 17, 18], 'queue_s': 0.0, 'segment_compute_s': 0.24414164791232906, 'exit_head_compute_s': 0.002169863029848784, 'exit_check_s': 0.00026647301274351776, 'worker_elapsed_s': 0.24707048901473172}], 'sample_id': 'balanced_002_0312_00002955', 'label': 2, 'correct': True, 'observed_utility': -0.23549837997416034}",balanced_002_0312_00002955,11,2955,0.47001194953918457,5472294003561725701,0.24709967599483207,2.9186980100348592e-05,0
0.0,0.24550099900807254,0.24550099900807254,0.24553138899500482,0.24550099900807254,1784947304.289614,1784947303.566209,1784947303.816209,0.0,0.0,0.0,0.0,0.9999579191207886,0.0,ablate-end-only-resnet50-cifar10-pi5-r1-20260725-104127:v1,1,0.24550099900807254,unknown,0.0,0.0,0.0,0.0,0.0,"{'device': [0, 1, 2, 3, 4, 5, 6, 7, 8, 9, 10, 11, 12, 13, 14, 15, 16, 17, 18]}",19,final,device,True,4,1.0,5.0,1.0,0.24553138899500482,-0.2276569449750241,4,667bbed3f3704ed6b5a00aab5cb88ee5,12,"{'device_compute': 0.24550099900807254, 'd2e_transport': 0.0, 'edge_queue': 0.0, 'edge_segment_compute': 0.0, 'edge_exit_head_compute': 0.0, 'edge_exit_check': 0.0, 'e2c_transport': 0.0, 'cloud_queue': 0.0, 'cloud_segment_compute': 0.0, 'cloud_exit_head_compute': 0.0, 'cloud_exit_check': 0.0, 'total_latency': 0.24553138899500482, 'unattributed_overhead': 3.038998693227768e-05, 'request_id': '667bbed3f3704ed6b5a00aab5cb88ee5', 'user_id': 0, 'prediction': 4, 'exit_id': 'final', 'exit_boundary_id': 19, 'exit_location': 'device', 'confidence': 0.9999579191207886, 'executed_segments_by_node': {'device': [0, 1, 2, 3, 4, 5, 6, 7, 8, 9, 10, 11, 12, 13, 14, 15, 16, 17, 18]}, 'nodes': [{'node': 'device', 'executed_segments': [0, 1, 2, 3, 4, 5, 6, 7, 8, 9, 10, 11, 12, 13, 14, 15, 16, 17, 18], 'queue_s': 0.0, 'segment_compute_s': 0.24258271398139186, 'exit_head_compute_s': 0.002162159973522648, 'exit_check_s': 0.0002575100224930793, 'worker_elapsed_s': 0.24550099900807254}], 'sample_id': 'balanced_004_0032_00000427', 'label': 4, 'correct': True, 'observed_utility': -0.2276569449750241}",balanced_004_0032_00000427,12,427,0.4734048843383789,5472294003561725701,0.24553138899500482,3.038998693227768e-05,0
0.0,0.2494170250138268,0.2494170250138268,0.24944652599515393,0.2494170250138268,1784947304.6016448,1784947303.8775778,1784947304.1275778,0.0,0.0,0.0,0.0,0.9999948740005493,0.0,ablate-end-only-resnet50-cifar10-pi5-r1-20260725-104127:v1,1,0.2494170250138268,unknown,0.0,0.0,0.0,0.0,0.0,"{'device': [0, 1, 2, 3, 4, 5, 6, 7, 8, 9, 10, 11, 12, 13, 14, 15, 16, 17, 18]}",19,final,device,True,1,1.0,5.0,1.0,0.24944652599515393,-0.24723262997576967,1,3e7be84c358a4159b2d50d4fc725a5cb,13,"{'device_compute': 0.2494170250138268, 'd2e_transport': 0.0, 'edge_queue': 0.0, 'edge_segment_compute': 0.0, 'edge_exit_head_compute': 0.0, 'edge_exit_check': 0.0, 'e2c_transport': 0.0, 'cloud_queue': 0.0, 'cloud_segment_compute': 0.0, 'cloud_exit_head_compute': 0.0, 'cloud_exit_check': 0.0, 'total_latency': 0.24944652599515393, 'unattributed_overhead': 2.9500981327146292e-05, 'request_id': '3e7be84c358a4159b2d50d4fc725a5cb', 'user_id': 0, 'prediction': 1, 'exit_id': 'final', 'exit_boundary_id': 19, 'exit_location': 'device', 'confidence': 0.9999948740005493, 'executed_segments_by_node': {'device': [0, 1, 2, 3, 4, 5, 6, 7, 8, 9, 10, 11, 12, 13, 14, 15, 16, 17, 18]}, 'nodes': [{'node': 'device', 'executed_segments': [0, 1, 2, 3, 4, 5, 6, 7, 8, 9, 10, 11, 12, 13, 14, 15, 16, 17, 18], 'queue_s': 0.0, 'segment_compute_s': 0.24639325300813653, 'exit_head_compute_s': 0.0022329030325636268, 'exit_check_s': 0.00029678898863494396, 'worker_elapsed_s': 0.2494170250138268}], 'sample_id': 'balanced_001_0675_00006838', 'label': 1, 'correct': True, 'observed_utility': -0.24723262997576967}",balanced_001_0675_00006838,13,6838,0.47406697273254395,5472294003561725701,0.24944652599515393,2.9500981327146292e-05,0
0.0,0.2649691679980606,0.2649691679980606,0.26499809499364346,0.2649691679980606,1784947304.893392,1784947304.174914,1784947304.424914,0.0,0.0,0.0,0.0,0.9909492135047913,0.0,ablate-end-only-resnet50-cifar10-pi5-r1-20260725-104127:v1,1,0.2649691679980606,unknown,0.0,0.0,0.0,0.0,0.0,"{'device': [0, 1, 2, 3, 4, 5, 6, 7, 8, 9, 10, 11, 12, 13, 14, 15, 16, 17, 18]}",19,final,device,True,0,1.0,5.0,1.0,0.26499809499364346,-0.3249904749682173,0,bce6cbe6cafe4d88a2020db4bb9625de,14,"{'device_compute': 0.2649691679980606, 'd2e_transport': 0.0, 'edge_queue': 0.0, 'edge_segment_compute': 0.0, 'edge_exit_head_compute': 0.0, 'edge_exit_check': 0.0, 'e2c_transport': 0.0, 'cloud_queue': 0.0, 'cloud_segment_compute': 0.0, 'cloud_exit_head_compute': 0.0, 'cloud_exit_check': 0.0, 'total_latency': 0.26499809499364346, 'unattributed_overhead': 2.892699558287859e-05, 'request_id': 'bce6cbe6cafe4d88a2020db4bb9625de', 'user_id': 0, 'prediction': 0, 'exit_id': 'final', 'exit_boundary_id': 19, 'exit_location': 'device', 'confidence': 0.9909492135047913, 'executed_segments_by_node': {'device': [0, 1, 2, 3, 4, 5, 6, 7, 8, 9, 10, 11, 12, 13, 14, 15, 16, 17, 18]}, 'nodes': [{'node': 'device', 'executed_segments': [0, 1, 2, 3, 4, 5, 6, 7, 8, 9, 10, 11, 12, 13, 14, 15, 16, 17, 18], 'queue_s': 0.0, 'segment_compute_s': 0.26208464411320165, 'exit_head_compute_s': 0.0021423810394480824, 'exit_check_s': 0.00025356499827466905, 'worker_elapsed_s': 0.2649691679980606}], 'sample_id': 'balanced_000_0165_00001714', 'label': 0, 'correct': True, 'observed_utility': -0.3249904749682173}",balanced_000_0165_00001714,14,1714,0.4684782028198242,5472294003561725701,0.26499809499364346,2.892699558287859e-05,0
0.0,0.2445206409902312,0.2445206409902312,0.24454982700990513,0.2445206409902312,1784947305.2084756,1784947304.4884663,1784947304.7384663,0.0,0.0,0.0,0.0,0.9168204069137573,0.0,ablate-end-only-resnet50-cifar10-pi5-r1-20260725-104127:v1,1,0.2445206409902312,unknown,0.0,0.0,0.0,0.0,0.0,"{'device': [0, 1, 2, 3, 4, 5, 6, 7, 8, 9, 10, 11, 12, 13, 14, 15, 16, 17, 18]}",19,final,device,True,3,1.0,5.0,1.0,0.24454982700990513,-0.22274913504952565,3,eb9657874066405d838aabb7efa7a88b,15,"{'device_compute': 0.2445206409902312, 'd2e_transport': 0.0, 'edge_queue': 0.0, 'edge_segment_compute': 0.0, 'edge_exit_head_compute': 0.0, 'edge_exit_check': 0.0, 'e2c_transport': 0.0, 'cloud_queue': 0.0, 'cloud_segment_compute': 0.0, 'cloud_exit_head_compute': 0.0, 'cloud_exit_check': 0.0, 'total_latency': 0.24454982700990513, 'unattributed_overhead': 2.918601967394352e-05, 'request_id': 'eb9657874066405d838aabb7efa7a88b', 'user_id': 0, 'prediction': 3, 'exit_id': 'final', 'exit_boundary_id': 19, 'exit_location': 'device', 'confidence': 0.9168204069137573, 'executed_segments_by_node': {'device': [0, 1, 2, 3, 4, 5, 6, 7, 8, 9, 10, 11, 12, 13, 14, 15, 16, 17, 18]}, 'nodes': [{'node': 'device', 'executed_segments': [0, 1, 2, 3, 4, 5, 6, 7, 8, 9, 10, 11, 12, 13, 14, 15, 16, 17, 18], 'queue_s': 0.0, 'segment_compute_s': 0.24161661911057308, 'exit_head_compute_s': 0.002168123988667503, 'exit_check_s': 0.00025180605007335544, 'worker_elapsed_s': 0.2445206409902312}], 'sample_id': 'balanced_003_0766_00007709', 'label': 3, 'correct': True, 'observed_utility': -0.22274913504952565}",balanced_003_0766_00007709,15,7709,0.47000932693481445,5472294003561725701,0.24454982700990513,2.918601967394352e-05,0
0.0,0.2466019090206828,0.2466019090206828,0.24663174300803803,0.2466019090206828,1784947305.5108402,1784947304.7911015,1784947305.0411015,0.0,0.0,0.0,0.0,0.9999983310699463,0.0,ablate-end-only-resnet50-cifar10-pi5-r1-20260725-104127:v1,1,0.2466019090206828,unknown,0.0,0.0,0.0,0.0,0.0,"{'device': [0, 1, 2, 3, 4, 5, 6, 7, 8, 9, 10, 11, 12, 13, 14, 15, 16, 17, 18]}",19,final,device,True,7,1.0,5.0,1.0,0.24663174300803803,-0.23315871504019015,7,f576323af016465e9b1cf4c9cb612256,16,"{'device_compute': 0.2466019090206828, 'd2e_transport': 0.0, 'edge_queue': 0.0, 'edge_segment_compute': 0.0, 'edge_exit_head_compute': 0.0, 'edge_exit_check': 0.0, 'e2c_transport': 0.0, 'cloud_queue': 0.0, 'cloud_segment_compute': 0.0, 'cloud_exit_head_compute': 0.0, 'cloud_exit_check': 0.0, 'total_latency': 0.24663174300803803, 'unattributed_overhead': 2.983398735523224e-05, 'request_id': 'f576323af016465e9b1cf4c9cb612256', 'user_id': 0, 'prediction': 7, 'exit_id': 'final', 'exit_boundary_id': 19, 'exit_location': 'device', 'confidence': 0.9999983310699463, 'executed_segments_by_node': {'device': [0, 1, 2, 3, 4, 5, 6, 7, 8, 9, 10, 11, 12, 13, 14, 15, 16, 17, 18]}, 'nodes': [{'node': 'device', 'executed_segments': [0, 1, 2, 3, 4, 5, 6, 7, 8, 9, 10, 11, 12, 13, 14, 15, 16, 17, 18], 'queue_s': 0.0, 'segment_compute_s': 0.24366106902016327, 'exit_head_compute_s': 0.0021826059673912823, 'exit_check_s': 0.0002643429907038808, 'worker_elapsed_s': 0.2466019090206828}], 'sample_id': 'balanced_007_0533_00005326', 'label': 7, 'correct': True, 'observed_utility': -0.23315871504019015}",balanced_007_0533_00005326,16,5326,0.4697387218475342,5472294003561725701,0.24663174300803803,2.983398735523224e-05,0
0.0,0.2563251230167225,0.2563251230167225,0.25635429099202156,0.2563251230167225,1784947305.819272,1784947305.1004324,1784947305.3504324,0.0,0.0,0.0,0.0,0.9999669790267944,0.0,ablate-end-only-resnet50-cifar10-pi5-r1-20260725-104127:v1,1,0.2563251230167225,unknown,0.0,0.0,0.0,0.0,0.0,"{'device': [0, 1, 2, 3, 4, 5, 6, 7, 8, 9, 10, 11, 12, 13, 14, 15, 16, 17, 18]}",19,final,device,True,4,1.0,5.0,1.0,0.25635429099202156,-0.2817714549601078,4,528ab2b6759e4fa58645ddf7d857ae40,17,"{'device_compute': 0.2563251230167225, 'd2e_transport': 0.0, 'edge_queue': 0.0, 'edge_segment_compute': 0.0, 'edge_exit_head_compute': 0.0, 'edge_exit_check': 0.0, 'e2c_transport': 0.0, 'cloud_queue': 0.0, 'cloud_segment_compute': 0.0, 'cloud_exit_head_compute': 0.0, 'cloud_exit_check': 0.0, 'total_latency': 0.25635429099202156, 'unattributed_overhead': 2.9167975299060345e-05, 'request_id': '528ab2b6759e4fa58645ddf7d857ae40', 'user_id': 0, 'prediction': 4, 'exit_id': 'final', 'exit_boundary_id': 19, 'exit_location': 'device', 'confidence': 0.9999669790267944, 'executed_segments_by_node': {'device': [0, 1, 2, 3, 4, 5, 6, 7, 8, 9, 10, 11, 12, 13, 14, 15, 16, 17, 18]}, 'nodes': [{'node': 'device', 'executed_segments': [0, 1, 2, 3, 4, 5, 6, 7, 8, 9, 10, 11, 12, 13, 14, 15, 16, 17, 18], 'queue_s': 0.0, 'segment_compute_s': 0.2534090800618287, 'exit_head_compute_s': 0.0021683829836547375, 'exit_check_s': 0.0002562139998190105, 'worker_elapsed_s': 0.2563251230167225}], 'sample_id': 'balanced_004_0106_00001233', 'label': 4, 'correct': True, 'observed_utility': -0.2817714549601078}",balanced_004_0106_00001233,17,1233,0.4688396453857422,5472294003561725701,0.25635429099202156,2.9167975299060345e-05,0
0.0,0.2413027319998946,0.2413027319998946,0.24133201100630686,0.2413027319998946,1784947306.1321359,1784947305.414022,1784947305.664022,0.0,0.0,0.0,0.0,0.9992203712463379,0.0,ablate-end-only-resnet50-cifar10-pi5-r1-20260725-104127:v1,1,0.2413027319998946,unknown,0.0,0.0,0.0,0.0,0.0,"{'device': [0, 1, 2, 3, 4, 5, 6, 7, 8, 9, 10, 11, 12, 13, 14, 15, 16, 17, 18]}",19,final,device,True,9,1.0,5.0,1.0,0.24133201100630686,-0.20666005503153428,9,a4f8b62c36ee4cbc98c858c37a1ab058,18,"{'device_compute': 0.2413027319998946, 'd2e_transport': 0.0, 'edge_queue': 0.0, 'edge_segment_compute': 0.0, 'edge_exit_head_compute': 0.0, 'edge_exit_check': 0.0, 'e2c_transport': 0.0, 'cloud_queue': 0.0, 'cloud_segment_compute': 0.0, 'cloud_exit_head_compute': 0.0, 'cloud_exit_check': 0.0, 'total_latency': 0.24133201100630686, 'unattributed_overhead': 2.9279006412252784e-05, 'request_id': 'a4f8b62c36ee4cbc98c858c37a1ab058', 'user_id': 0, 'prediction': 9, 'exit_id': 'final', 'exit_boundary_id': 19, 'exit_location': 'device', 'confidence': 0.9992203712463379, 'executed_segments_by_node': {'device': [0, 1, 2, 3, 4, 5, 6, 7, 8, 9, 10, 11, 12, 13, 14, 15, 16, 17, 18]}, 'nodes': [{'node': 'device', 'executed_segments': [0, 1, 2, 3, 4, 5, 6, 7, 8, 9, 10, 11, 12, 13, 14, 15, 16, 17, 18], 'queue_s': 0.0, 'segment_compute_s': 0.23838354091276415, 'exit_head_compute_s': 0.0021561040193773806, 'exit_check_s': 0.0002616220444906503, 'worker_elapsed_s': 0.2413027319998946}], 'sample_id': 'balanced_009_0409_00003970', 'label': 9, 'correct': True, 'observed_utility': -0.20666005503153428}",balanced_009_0409_00003970,18,3970,0.46811389923095703,5472294003561725701,0.24133201100630686,2.9279006412252784e-05,0
0.0,0.24257344999932684,0.24257344999932684,0.24260285799391568,0.24257344999932684,1784947306.453355,1784947305.7314658,1784947305.9814658,0.0,0.0,0.0,0.0,0.9999933242797852,0.0,ablate-end-only-resnet50-cifar10-pi5-r1-20260725-104127:v1,1,0.24257344999932684,unknown,0.0,0.0,0.0,0.0,0.0,"{'device': [0, 1, 2, 3, 4, 5, 6, 7, 8, 9, 10, 11, 12, 13, 14, 15, 16, 17, 18]}",19,final,device,True,1,1.0,5.0,1.0,0.24260285799391568,-0.21301428996957839,1,0145b1ad2f8946cca0eaa23c788c17f2,19,"{'device_compute': 0.24257344999932684, 'd2e_transport': 0.0, 'edge_queue': 0.0, 'edge_segment_compute': 0.0, 'edge_exit_head_compute': 0.0, 'edge_exit_check': 0.0, 'e2c_transport': 0.0, 'cloud_queue': 0.0, 'cloud_segment_compute': 0.0, 'cloud_exit_head_compute': 0.0, 'cloud_exit_check': 0.0, 'total_latency': 0.24260285799391568, 'unattributed_overhead': 2.9407994588837028e-05, 'request_id': '0145b1ad2f8946cca0eaa23c788c17f2', 'user_id': 0, 'prediction': 1, 'exit_id': 'final', 'exit_boundary_id': 19, 'exit_location': 'device', 'confidence': 0.9999933242797852, 'executed_segments_by_node': {'device': [0, 1, 2, 3, 4, 5, 6, 7, 8, 9, 10, 11, 12, 13, 14, 15, 16, 17, 18]}, 'nodes': [{'node': 'device', 'executed_segments': [0, 1, 2, 3, 4, 5, 6, 7, 8, 9, 10, 11, 12, 13, 14, 15, 16, 17, 18], 'queue_s': 0.0, 'segment_compute_s': 0.23938076812191866, 'exit_head_compute_s': 0.002431096974760294, 'exit_check_s': 0.0002668439701665193, 'worker_elapsed_s': 0.24257344999932684}], 'sample_id': 'balanced_001_0411_00004206', 'label': 1, 'correct': True, 'observed_utility': -0.21301428996957839}",balanced_001_0411_00004206,19,4206,0.4718892574310303,5472294003561725701,0.24260285799391568,2.9407994588837028e-05,0
0.0,0.2417366570152808,0.2417366570152808,0.24176739901304245,0.2417366570152808,1784947306.75291,1784947306.0344858,1784947306.2844858,0.0,0.0,0.0,0.0,0.999924898147583,0.0,ablate-end-only-resnet50-cifar10-pi5-r1-20260725-104127:v1,1,0.2417366570152808,unknown,0.0,0.0,0.0,0.0,0.0,"{'device': [0, 1, 2, 3, 4, 5, 6, 7, 8, 9, 10, 11, 12, 13, 14, 15, 16, 17, 18]}",19,final,device,True,0,1.0,5.0,1.0,0.24176739901304245,-0.20883699506521225,0,6c5d476b738c4fd68823989d7474843c,20,"{'device_compute': 0.2417366570152808, 'd2e_transport': 0.0, 'edge_queue': 0.0, 'edge_segment_compute': 0.0, 'edge_exit_head_compute': 0.0, 'edge_exit_check': 0.0, 'e2c_transport': 0.0, 'cloud_queue': 0.0, 'cloud_segment_compute': 0.0, 'cloud_exit_head_compute': 0.0, 'cloud_exit_check': 0.0, 'total_latency': 0.24176739901304245, 'unattributed_overhead': 3.0741997761651874e-05, 'request_id': '6c5d476b738c4fd68823989d7474843c', 'user_id': 0, 'prediction': 0, 'exit_id': 'final', 'exit_boundary_id': 19, 'exit_location': 'device', 'confidence': 0.999924898147583, 'executed_segments_by_node': {'device': [0, 1, 2, 3, 4, 5, 6, 7, 8, 9, 10, 11, 12, 13, 14, 15, 16, 17, 18]}, 'nodes': [{'node': 'device', 'executed_segments': [0, 1, 2, 3, 4, 5, 6, 7, 8, 9, 10, 11, 12, 13, 14, 15, 16, 17, 18], 'queue_s': 0.0, 'segment_compute_s': 0.23883243292220868, 'exit_head_compute_s': 0.002147362974938005, 'exit_check_s': 0.0002592329983599484, 'worker_elapsed_s': 0.2417366570152808}], 'sample_id': 'balanced_000_0109_00001027', 'label': 0, 'correct': True, 'observed_utility': -0.20883699506521225}",balanced_000_0109_00001027,20,1027,0.46842408180236816,5472294003561725701,0.24176739901304245,3.0741997761651874e-05,0
0.0,0.24460888002067804,0.24460888002067804,0.24463854799978435,0.24460888002067804,1784947307.0561125,1784947306.3364913,1784947306.5864913,0.0,0.0,0.0,0.0,0.9998923540115356,0.0,ablate-end-only-resnet50-cifar10-pi5-r1-20260725-104127:v1,1,0.24460888002067804,unknown,0.0,0.0,0.0,0.0,0.0,"{'device': [0, 1, 2, 3, 4, 5, 6, 7, 8, 9, 10, 11, 12, 13, 14, 15, 16, 17, 18]}",19,final,device,True,4,1.0,5.0,1.0,0.24463854799978435,-0.22319273999892175,4,3d7ceee0678b43679b5ce60a73912de8,21,"{'device_compute': 0.24460888002067804, 'd2e_transport': 0.0, 'edge_queue': 0.0, 'edge_segment_compute': 0.0, 'edge_exit_head_compute': 0.0, 'edge_exit_check': 0.0, 'e2c_transport': 0.0, 'cloud_queue': 0.0, 'cloud_segment_compute': 0.0, 'cloud_exit_head_compute': 0.0, 'cloud_exit_check': 0.0, 'total_latency': 0.24463854799978435, 'unattributed_overhead': 2.966797910630703e-05, 'request_id': '3d7ceee0678b43679b5ce60a73912de8', 'user_id': 0, 'prediction': 4, 'exit_id': 'final', 'exit_boundary_id': 19, 'exit_location': 'device', 'confidence': 0.9998923540115356, 'executed_segments_by_node': {'device': [0, 1, 2, 3, 4, 5, 6, 7, 8, 9, 10, 11, 12, 13, 14, 15, 16, 17, 18]}, 'nodes': [{'node': 'device', 'executed_segments': [0, 1, 2, 3, 4, 5, 6, 7, 8, 9, 10, 11, 12, 13, 14, 15, 16, 17, 18], 'queue_s': 0.0, 'segment_compute_s': 0.2397062999662012, 'exit_head_compute_s': 0.004152369016082957, 'exit_check_s': 0.00025943698710761964, 'worker_elapsed_s': 0.24460888002067804}], 'sample_id': 'balanced_004_0198_00002002', 'label': 4, 'correct': True, 'observed_utility': -0.22319273999892175}",balanced_004_0198_00002002,21,2002,0.4696211814880371,5472294003561725701,0.24463854799978435,2.966797910630703e-05,0
0.0,0.2891311820130795,0.2891311820130795,0.2891586830082815,0.2891311820130795,1784947307.359404,1784947306.6429129,1784947306.8929129,0.0,0.0,0.0,0.0,0.9970077872276306,0.0,ablate-end-only-resnet50-cifar10-pi5-r1-20260725-104127:v1,1,0.2891311820130795,unknown,0.0,0.0,0.0,0.0,0.0,"{'device': [0, 1, 2, 3, 4, 5, 6, 7, 8, 9, 10, 11, 12, 13, 14, 15, 16, 17, 18]}",19,final,device,True,7,1.0,5.0,1.0,0.2891586830082815,-0.44579341504140757,7,56eba2887ac740c2a77c6b68078dfbc1,22,"{'device_compute': 0.2891311820130795, 'd2e_transport': 0.0, 'edge_queue': 0.0, 'edge_segment_compute': 0.0, 'edge_exit_head_compute': 0.0, 'edge_exit_check': 0.0, 'e2c_transport': 0.0, 'cloud_queue': 0.0, 'cloud_segment_compute': 0.0, 'cloud_exit_head_compute': 0.0, 'cloud_exit_check': 0.0, 'total_latency': 0.2891586830082815, 'unattributed_overhead': 2.750099520199001e-05, 'request_id': '56eba2887ac740c2a77c6b68078dfbc1', 'user_id': 0, 'prediction': 7, 'exit_id': 'final', 'exit_boundary_id': 19, 'exit_location': 'device', 'confidence': 0.9970077872276306, 'executed_segments_by_node': {'device': [0, 1, 2, 3, 4, 5, 6, 7, 8, 9, 10, 11, 12, 13, 14, 15, 16, 17, 18]}, 'nodes': [{'node': 'device', 'executed_segments': [0, 1, 2, 3, 4, 5, 6, 7, 8, 9, 10, 11, 12, 13, 14, 15, 16, 17, 18], 'queue_s': 0.0, 'segment_compute_s': 0.28609737602528185, 'exit_head_compute_s': 0.0022831279784440994, 'exit_check_s': 0.0002585460024420172, 'worker_elapsed_s': 0.2891311820130795}], 'sample_id': 'balanced_007_0605_00005928', 'label': 7, 'correct': True, 'observed_utility': -0.44579341504140757}",balanced_007_0605_00005928,22,5928,0.4664912223815918,5472294003561725701,0.2891586830082815,2.750099520199001e-05,0
0.0,0.25392434099921957,0.25392434099921957,0.25395380501868203,0.25392434099921957,1784947307.6617477,1784947306.9433472,1784947307.1933472,0.0,0.0,0.0,0.0,0.9998824596405029,0.0,ablate-end-only-resnet50-cifar10-pi5-r1-20260725-104127:v1,1,0.25392434099921957,unknown,0.0,0.0,0.0,0.0,0.0,"{'device': [0, 1, 2, 3, 4, 5, 6, 7, 8, 9, 10, 11, 12, 13, 14, 15, 16, 17, 18]}",19,final,device,True,3,1.0,5.0,1.0,0.25395380501868203,-0.26976902509341016,3,bb5fb80d5b344b90aa7db9922d0b9c76,23,"{'device_compute': 0.25392434099921957, 'd2e_transport': 0.0, 'edge_queue': 0.0, 'edge_segment_compute': 0.0, 'edge_exit_head_compute': 0.0, 'edge_exit_check': 0.0, 'e2c_transport': 0.0, 'cloud_queue': 0.0, 'cloud_segment_compute': 0.0, 'cloud_exit_head_compute': 0.0, 'cloud_exit_check': 0.0, 'total_latency': 0.25395380501868203, 'unattributed_overhead': 2.946401946246624e-05, 'request_id': 'bb5fb80d5b344b90aa7db9922d0b9c76', 'user_id': 0, 'prediction': 3, 'exit_id': 'final', 'exit_boundary_id': 19, 'exit_location': 'device', 'confidence': 0.9998824596405029, 'executed_segments_by_node': {'device': [0, 1, 2, 3, 4, 5, 6, 7, 8, 9, 10, 11, 12, 13, 14, 15, 16, 17, 18]}, 'nodes': [{'node': 'device', 'executed_segments': [0, 1, 2, 3, 4, 5, 6, 7, 8, 9, 10, 11, 12, 13, 14, 15, 16, 17, 18], 'queue_s': 0.0, 'segment_compute_s': 0.25103585797478445, 'exit_head_compute_s': 0.002144436992239207, 'exit_check_s': 0.0002528069890104234, 'worker_elapsed_s': 0.25392434099921957}], 'sample_id': 'balanced_003_0808_00008096', 'label': 3, 'correct': True, 'observed_utility': -0.26976902509341016}",balanced_003_0808_00008096,23,8096,0.4684004783630371,5472294003561725701,0.25395380501868203,2.946401946246624e-05,0
0.0,0.24804392200894654,0.24804392200894654,0.2480732010153588,0.24804392200894654,1784947307.9780548,1784947307.253418,1784947307.503418,0.0,0.0,0.0,0.0,0.9998000264167786,0.0,ablate-end-only-resnet50-cifar10-pi5-r1-20260725-104127:v1,1,0.24804392200894654,unknown,0.0,0.0,0.0,0.0,0.0,"{'device': [0, 1, 2, 3, 4, 5, 6, 7, 8, 9, 10, 11, 12, 13, 14, 15, 16, 17, 18]}",19,final,device,True,8,1.0,5.0,1.0,0.2480732010153588,-0.24036600507679395,8,7e7cf3761f984a6fb517e11ce0e9ed53,24,"{'device_compute': 0.24804392200894654, 'd2e_transport': 0.0, 'edge_queue': 0.0, 'edge_segment_compute': 0.0, 'edge_exit_head_compute': 0.0, 'edge_exit_check': 0.0, 'e2c_transport': 0.0, 'cloud_queue': 0.0, 'cloud_segment_compute': 0.0, 'cloud_exit_head_compute': 0.0, 'cloud_exit_check': 0.0, 'total_latency': 0.2480732010153588, 'unattributed_overhead': 2.9279006412252784e-05, 'request_id': '7e7cf3761f984a6fb517e11ce0e9ed53', 'user_id': 0, 'prediction': 8, 'exit_id': 'final', 'exit_boundary_id': 19, 'exit_location': 'device', 'confidence': 0.9998000264167786, 'executed_segments_by_node': {'device': [0, 1, 2, 3, 4, 5, 6, 7, 8, 9, 10, 11, 12, 13, 14, 15, 16, 17, 18]}, 'nodes': [{'node': 'device', 'executed_segments': [0, 1, 2, 3, 4, 5, 6, 7, 8, 9, 10, 11, 12, 13, 14, 15, 16, 17, 18], 'queue_s': 0.0, 'segment_compute_s': 0.24511388209066354, 'exit_head_compute_s': 0.0021820300025865436, 'exit_check_s': 0.0002545460010878742, 'worker_elapsed_s': 0.24804392200894654}], 'sample_id': 'balanced_008_0804_00008223', 'label': 8, 'correct': True, 'observed_utility': -0.24036600507679395}",balanced_008_0804_00008223,24,8223,0.4746367931365967,5472294003561725701,0.2480732010153588,2.9279006412252784e-05,0
0.0,0.2467929260164965,0.2467929260164965,0.24682331600342877,0.2467929260164965,1784947308.2924852,1784947307.566439,1784947307.816439,0.0,0.0,0.0,0.0,0.999657392501831,0.0,ablate-end-only-resnet50-cifar10-pi5-r1-20260725-104127:v1,1,0.2467929260164965,unknown,0.0,0.0,0.0,0.0,0.0,"{'device': [0, 1, 2, 3, 4, 5, 6, 7, 8, 9, 10, 11, 12, 13, 14, 15, 16, 17, 18]}",19,final,device,True,1,1.0,5.0,1.0,0.24682331600342877,-0.23411658001714386,1,bb0a84cd276b47a29ee7aa8da132b840,25,"{'device_compute': 0.2467929260164965, 'd2e_transport': 0.0, 'edge_queue': 0.0, 'edge_segment_compute': 0.0, 'edge_exit_head_compute': 0.0, 'edge_exit_check': 0.0, 'e2c_transport': 0.0, 'cloud_queue': 0.0, 'cloud_segment_compute': 0.0, 'cloud_exit_head_compute': 0.0, 'cloud_exit_check': 0.0, 'total_latency': 0.24682331600342877, 'unattributed_overhead': 3.038998693227768e-05, 'request_id': 'bb0a84cd276b47a29ee7aa8da132b840', 'user_id': 0, 'prediction': 1, 'exit_id': 'final', 'exit_boundary_id': 19, 'exit_location': 'device', 'confidence': 0.999657392501831, 'executed_segments_by_node': {'device': [0, 1, 2, 3, 4, 5, 6, 7, 8, 9, 10, 11, 12, 13, 14, 15, 16, 17, 18]}, 'nodes': [{'node': 'device', 'executed_segments': [0, 1, 2, 3, 4, 5, 6, 7, 8, 9, 10, 11, 12, 13, 14, 15, 16, 17, 18], 'queue_s': 0.0, 'segment_compute_s': 0.24388493999140337, 'exit_head_compute_s': 0.002155271009542048, 'exit_check_s': 0.0002583610184956342, 'worker_elapsed_s': 0.2467929260164965}], 'sample_id': 'balanced_001_0753_00007583', 'label': 1, 'correct': True, 'observed_utility': -0.23411658001714386}",balanced_001_0753_00007583,25,7583,0.4760463237762451,5472294003561725701,0.24682331600342877,3.038998693227768e-05,0
0.0,0.25062585598789155,0.25062585598789155,0.2506566899828613,0.25062585598789155,1784947308.585617,1784947307.8646648,1784947308.1146648,0.0,0.0,0.0,0.0,0.9999898672103882,0.0,ablate-end-only-resnet50-cifar10-pi5-r1-20260725-104127:v1,1,0.25062585598789155,unknown,0.0,0.0,0.0,0.0,0.0,"{'device': [0, 1, 2, 3, 4, 5, 6, 7, 8, 9, 10, 11, 12, 13, 14, 15, 16, 17, 18]}",19,final,device,True,3,1.0,5.0,1.0,0.2506566899828613,-0.2532834499143064,3,70cfde2116134d4598eed95952ecc45e,26,"{'device_compute': 0.25062585598789155, 'd2e_transport': 0.0, 'edge_queue': 0.0, 'edge_segment_compute': 0.0, 'edge_exit_head_compute': 0.0, 'edge_exit_check': 0.0, 'e2c_transport': 0.0, 'cloud_queue': 0.0, 'cloud_segment_compute': 0.0, 'cloud_exit_head_compute': 0.0, 'cloud_exit_check': 0.0, 'total_latency': 0.2506566899828613, 'unattributed_overhead': 3.083399496972561e-05, 'request_id': '70cfde2116134d4598eed95952ecc45e', 'user_id': 0, 'prediction': 3, 'exit_id': 'final', 'exit_boundary_id': 19, 'exit_location': 'device', 'confidence': 0.9999898672103882, 'executed_segments_by_node': {'device': [0, 1, 2, 3, 4, 5, 6, 7, 8, 9, 10, 11, 12, 13, 14, 15, 16, 17, 18]}, 'nodes': [{'node': 'device', 'executed_segments': [0, 1, 2, 3, 4, 5, 6, 7, 8, 9, 10, 11, 12, 13, 14, 15, 16, 17, 18], 'queue_s': 0.0, 'segment_compute_s': 0.2476435891003348, 'exit_head_compute_s': 0.002160751959308982, 'exit_check_s': 0.0002980309945996851, 'worker_elapsed_s': 0.25062585598789155}], 'sample_id': 'balanced_003_0997_00009992', 'label': 3, 'correct': True, 'observed_utility': -0.2532834499143064}",balanced_003_0997_00009992,26,9992,0.47095227241516113,5472294003561725701,0.2506566899828613,3.083399496972561e-05,0
0.0,0.24088610699982382,0.24088610699982382,0.24091416399460286,0.24088610699982382,1784947308.8927953,1784947308.1732466,1784947308.4232466,0.0,0.0,0.0,0.0,0.9999998807907104,0.0,ablate-end-only-resnet50-cifar10-pi5-r1-20260725-104127:v1,1,0.24088610699982382,unknown,0.0,0.0,0.0,0.0,0.0,"{'device': [0, 1, 2, 3, 4, 5, 6, 7, 8, 9, 10, 11, 12, 13, 14, 15, 16, 17, 18]}",19,final,device,True,8,1.0,5.0,1.0,0.24091416399460286,-0.2045708199730143,8,b6fff8b97942498ebbd341b9c5496c27,27,"{'device_compute': 0.24088610699982382, 'd2e_transport': 0.0, 'edge_queue': 0.0, 'edge_segment_compute': 0.0, 'edge_exit_head_compute': 0.0, 'edge_exit_check': 0.0, 'e2c_transport': 0.0, 'cloud_queue': 0.0, 'cloud_segment_compute': 0.0, 'cloud_exit_head_compute': 0.0, 'cloud_exit_check': 0.0, 'total_latency': 0.24091416399460286, 'unattributed_overhead': 2.805699477903545e-05, 'request_id': 'b6fff8b97942498ebbd341b9c5496c27', 'user_id': 0, 'prediction': 8, 'exit_id': 'final', 'exit_boundary_id': 19, 'exit_location': 'device', 'confidence': 0.9999998807907104, 'executed_segments_by_node': {'device': [0, 1, 2, 3, 4, 5, 6, 7, 8, 9, 10, 11, 12, 13, 14, 15, 16, 17, 18]}, 'nodes': [{'node': 'device', 'executed_segments': [0, 1, 2, 3, 4, 5, 6, 7, 8, 9, 10, 11, 12, 13, 14, 15, 16, 17, 18], 'queue_s': 0.0, 'segment_compute_s': 0.23795028496533632, 'exit_head_compute_s': 0.0021818649547640234, 'exit_check_s': 0.0002567690098658204, 'worker_elapsed_s': 0.24088610699982382}], 'sample_id': 'balanced_008_0276_00002574', 'label': 8, 'correct': True, 'observed_utility': -0.2045708199730143}",balanced_008_0276_00002574,27,2574,0.46954870223999023,5472294003561725701,0.24091416399460286,2.805699477903545e-05,0
0.0,0.2444697390019428,0.2444697390019428,0.24449985101819038,0.2444697390019428,1784947309.206152,1784947308.4828138,1784947308.7328138,0.0,0.0,0.0,0.0,0.9997856020927429,0.0,ablate-end-only-resnet50-cifar10-pi5-r1-20260725-104127:v1,1,0.2444697390019428,unknown,0.0,0.0,0.0,0.0,0.0,"{'device': [0, 1, 2, 3, 4, 5, 6, 7, 8, 9, 10, 11, 12, 13, 14, 15, 16, 17, 18]}",19,final,device,True,0,1.0,5.0,1.0,0.24449985101819038,-0.22249925509095192,0,848e82b0777247948f0564aa8d3e8c0a,28,"{'device_compute': 0.2444697390019428, 'd2e_transport': 0.0, 'edge_queue': 0.0, 'edge_segment_compute': 0.0, 'edge_exit_head_compute': 0.0, 'edge_exit_check': 0.0, 'e2c_transport': 0.0, 'cloud_queue': 0.0, 'cloud_segment_compute': 0.0, 'cloud_exit_head_compute': 0.0, 'cloud_exit_check': 0.0, 'total_latency': 0.24449985101819038, 'unattributed_overhead': 3.0112016247585416e-05, 'request_id': '848e82b0777247948f0564aa8d3e8c0a', 'user_id': 0, 'prediction': 0, 'exit_id': 'final', 'exit_boundary_id': 19, 'exit_location': 'device', 'confidence': 0.9997856020927429, 'executed_segments_by_node': {'device': [0, 1, 2, 3, 4, 5, 6, 7, 8, 9, 10, 11, 12, 13, 14, 15, 16, 17, 18]}, 'nodes': [{'node': 'device', 'executed_segments': [0, 1, 2, 3, 4, 5, 6, 7, 8, 9, 10, 11, 12, 13, 14, 15, 16, 17, 18], 'queue_s': 0.0, 'segment_compute_s': 0.2415458259638399, 'exit_head_compute_s': 0.0021655849704984576, 'exit_check_s': 0.00026199096464551985, 'worker_elapsed_s': 0.2444697390019428}], 'sample_id': 'balanced_000_0002_00000021', 'label': 0, 'correct': True, 'observed_utility': -0.22249925509095192}",balanced_000_0002_00000021,28,21,0.47333812713623047,5472294003561725701,0.24449985101819038,3.0112016247585416e-05,0
0.0,0.24509476401726715,0.24509476401726715,0.24512352401507087,0.24509476401726715,1784947309.5108197,1784947308.790177,1784947309.040177,0.0,0.0,0.0,0.0,0.9999996423721313,0.0,ablate-end-only-resnet50-cifar10-pi5-r1-20260725-104127:v1,1,0.24509476401726715,unknown,0.0,0.0,0.0,0.0,0.0,"{'device': [0, 1, 2, 3, 4, 5, 6, 7, 8, 9, 10, 11, 12, 13, 14, 15, 16, 17, 18]}",19,final,device,True,1,1.0,5.0,1.0,0.24512352401507087,-0.22561762007535435,1,70fb5bbeb40d4613b15f725142b84b80,29,"{'device_compute': 0.24509476401726715, 'd2e_transport': 0.0, 'edge_queue': 0.0, 'edge_segment_compute': 0.0, 'edge_exit_head_compute': 0.0, 'edge_exit_check': 0.0, 'e2c_transport': 0.0, 'cloud_queue': 0.0, 'cloud_segment_compute': 0.0, 'cloud_exit_head_compute': 0.0, 'cloud_exit_check': 0.0, 'total_latency': 0.24512352401507087, 'unattributed_overhead': 2.875999780371785e-05, 'request_id': '70fb5bbeb40d4613b15f725142b84b80', 'user_id': 0, 'prediction': 1, 'exit_id': 'final', 'exit_boundary_id': 19, 'exit_location': 'device', 'confidence': 0.9999996423721313, 'executed_segments_by_node': {'device': [0, 1, 2, 3, 4, 5, 6, 7, 8, 9, 10, 11, 12, 13, 14, 15, 16, 17, 18]}, 'nodes': [{'node': 'device', 'executed_segments': [0, 1, 2, 3, 4, 5, 6, 7, 8, 9, 10, 11, 12, 13, 14, 15, 16, 17, 18], 'queue_s': 0.0, 'segment_compute_s': 0.24218966398620978, 'exit_head_compute_s': 0.002167678001569584, 'exit_check_s': 0.00025428799563087523, 'worker_elapsed_s': 0.24509476401726715}], 'sample_id': 'balanced_001_0464_00004689', 'label': 1, 'correct': True, 'observed_utility': -0.22561762007535435}",balanced_001_0464_00004689,29,4689,0.4706425666809082,5472294003561725701,0.24512352401507087,2.875999780371785e-05,0
0.0,0.23853683299967088,0.23853683299967088,0.23856561200227588,0.23853683299967088,1784947309.8200793,1784947309.1003351,1784947309.3503351,0.0,0.0,0.0,0.0,0.9999654293060303,0.0,ablate-end-only-resnet50-cifar10-pi5-r1-20260725-104127:v1,1,0.23853683299967088,unknown,0.0,0.0,0.0,0.0,0.0,"{'device': [0, 1, 2, 3, 4, 5, 6, 7, 8, 9, 10, 11, 12, 13, 14, 15, 16, 17, 18]}",19,final,device,True,7,1.0,5.0,1.0,0.23856561200227588,-0.19282806001137942,7,62dc1a60276841e9a0e11a2a4146e705,30,"{'device_compute': 0.23853683299967088, 'd2e_transport': 0.0, 'edge_queue': 0.0, 'edge_segment_compute': 0.0, 'edge_exit_head_compute': 0.0, 'edge_exit_check': 0.0, 'e2c_transport': 0.0, 'cloud_queue': 0.0, 'cloud_segment_compute': 0.0, 'cloud_exit_head_compute': 0.0, 'cloud_exit_check': 0.0, 'total_latency': 0.23856561200227588, 'unattributed_overhead': 2.87790026050061e-05, 'request_id': '62dc1a60276841e9a0e11a2a4146e705', 'user_id': 0, 'prediction': 7, 'exit_id': 'final', 'exit_boundary_id': 19, 'exit_location': 'device', 'confidence': 0.9999654293060303, 'executed_segments_by_node': {'device': [0, 1, 2, 3, 4, 5, 6, 7, 8, 9, 10, 11, 12, 13, 14, 15, 16, 17, 18]}, 'nodes': [{'node': 'device', 'executed_segments': [0, 1, 2, 3, 4, 5, 6, 7, 8, 9, 10, 11, 12, 13, 14, 15, 16, 17, 18], 'queue_s': 0.0, 'segment_compute_s': 0.2355412329779938, 'exit_head_compute_s': 0.0022532930015586317, 'exit_check_s': 0.00025602802634239197, 'worker_elapsed_s': 0.23853683299967088}], 'sample_id': 'balanced_007_0507_00005097', 'label': 7, 'correct': True, 'observed_utility': -0.19282806001137942}",balanced_007_0507_00005097,30,5097,0.4697442054748535,5472294003561725701,0.23856561200227588,2.87790026050061e-05,0
0.0,0.2376367810065858,0.2376367810065858,0.23766589400474913,0.2376367810065858,1784947310.1284926,1784947309.408591,1784947309.658591,0.0,0.0,0.0,0.0,0.9999310970306396,0.0,ablate-end-only-resnet50-cifar10-pi5-r1-20260725-104127:v1,1,0.2376367810065858,unknown,0.0,0.0,0.0,0.0,0.0,"{'device': [0, 1, 2, 3, 4, 5, 6, 7, 8, 9, 10, 11, 12, 13, 14, 15, 16, 17, 18]}",19,final,device,True,6,1.0,5.0,1.0,0.23766589400474913,-0.18832947002374567,6,05014d126ced4bd2a0bfb96b6600a438,31,"{'device_compute': 0.2376367810065858, 'd2e_transport': 0.0, 'edge_queue': 0.0, 'edge_segment_compute': 0.0, 'edge_exit_head_compute': 0.0, 'edge_exit_check': 0.0, 'e2c_transport': 0.0, 'cloud_queue': 0.0, 'cloud_segment_compute': 0.0, 'cloud_exit_head_compute': 0.0, 'cloud_exit_check': 0.0, 'total_latency': 0.23766589400474913, 'unattributed_overhead': 2.9112998163327575e-05, 'request_id': '05014d126ced4bd2a0bfb96b6600a438', 'user_id': 0, 'prediction': 6, 'exit_id': 'final', 'exit_boundary_id': 19, 'exit_location': 'device', 'confidence': 0.9999310970306396, 'executed_segments_by_node': {'device': [0, 1, 2, 3, 4, 5, 6, 7, 8, 9, 10, 11, 12, 13, 14, 15, 16, 17, 18]}, 'nodes': [{'node': 'device', 'executed_segments': [0, 1, 2, 3, 4, 5, 6, 7, 8, 9, 10, 11, 12, 13, 14, 15, 16, 17, 18], 'queue_s': 0.0, 'segment_compute_s': 0.2346876860538032, 'exit_head_compute_s': 0.0022046069789212197, 'exit_check_s': 0.0002556369872763753, 'worker_elapsed_s': 0.2376367810065858}], 'sample_id': 'balanced_006_0448_00004638', 'label': 6, 'correct': True, 'observed_utility': -0.18832947002374567}",balanced_006_0448_00004638,31,4638,0.46990156173706055,5472294003561725701,0.23766589400474913,2.9112998163327575e-05,0
0.0,0.25005219600279815,0.25005219600279815,0.2500804010196589,0.25005219600279815,1784947310.4262037,1784947309.7083743,1784947309.9583743,0.0,0.0,0.0,0.0,0.999970555305481,0.0,ablate-end-only-resnet50-cifar10-pi5-r1-20260725-104127:v1,1,0.25005219600279815,unknown,0.0,0.0,0.0,0.0,0.0,"{'device': [0, 1, 2, 3, 4, 5, 6, 7, 8, 9, 10, 11, 12, 13, 14, 15, 16, 17, 18]}",19,final,device,True,8,1.0,5.0,1.0,0.2500804010196589,-0.25040200509829447,8,4cad7a75b95142558106a58f923068ee,32,"{'device_compute': 0.25005219600279815, 'd2e_transport': 0.0, 'edge_queue': 0.0, 'edge_segment_compute': 0.0, 'edge_exit_head_compute': 0.0, 'edge_exit_check': 0.0, 'e2c_transport': 0.0, 'cloud_queue': 0.0, 'cloud_segment_compute': 0.0, 'cloud_exit_head_compute': 0.0, 'cloud_exit_check': 0.0, 'total_latency': 0.2500804010196589, 'unattributed_overhead': 2.8205016860738397e-05, 'request_id': '4cad7a75b95142558106a58f923068ee', 'user_id': 0, 'prediction': 8, 'exit_id': 'final', 'exit_boundary_id': 19, 'exit_location': 'device', 'confidence': 0.999970555305481, 'executed_segments_by_node': {'device': [0, 1, 2, 3, 4, 5, 6, 7, 8, 9, 10, 11, 12, 13, 14, 15, 16, 17, 18]}, 'nodes': [{'node': 'device', 'executed_segments': [0, 1, 2, 3, 4, 5, 6, 7, 8, 9, 10, 11, 12, 13, 14, 15, 16, 17, 18], 'queue_s': 0.0, 'segment_compute_s': 0.24705758100026287, 'exit_head_compute_s': 0.0022467919625341892, 'exit_check_s': 0.00025723400176502764, 'worker_elapsed_s': 0.25005219600279815}], 'sample_id': 'balanced_008_0538_00005500', 'label': 8, 'correct': True, 'observed_utility': -0.25040200509829447}",balanced_008_0538_00005500,32,5500,0.46782946586608887,5472294003561725701,0.2500804010196589,2.8205016860738397e-05,0
0.0,0.2394445009995252,0.2394445009995252,0.23947416900773533,0.2394445009995252,1784947310.7367046,1784947310.0181167,1784947310.2681167,0.0,0.0,0.0,0.0,0.9690712094306946,0.0,ablate-end-only-resnet50-cifar10-pi5-r1-20260725-104127:v1,1,0.2394445009995252,unknown,0.0,0.0,0.0,0.0,0.0,"{'device': [0, 1, 2, 3, 4, 5, 6, 7, 8, 9, 10, 11, 12, 13, 14, 15, 16, 17, 18]}",19,final,device,True,0,1.0,5.0,1.0,0.23947416900773533,-0.19737084503867663,0,481fe9eda13c4edf838ea77a7cfb68ea,33,"{'device_compute': 0.2394445009995252, 'd2e_transport': 0.0, 'edge_queue': 0.0, 'edge_segment_compute': 0.0, 'edge_exit_head_compute': 0.0, 'edge_exit_check': 0.0, 'e2c_transport': 0.0, 'cloud_queue': 0.0, 'cloud_segment_compute': 0.0, 'cloud_exit_head_compute': 0.0, 'cloud_exit_check': 0.0, 'total_latency': 0.23947416900773533, 'unattributed_overhead': 2.9668008210137486e-05, 'request_id': '481fe9eda13c4edf838ea77a7cfb68ea', 'user_id': 0, 'prediction': 0, 'exit_id': 'final', 'exit_boundary_id': 19, 'exit_location': 'device', 'confidence': 0.9690712094306946, 'executed_segments_by_node': {'device': [0, 1, 2, 3, 4, 5, 6, 7, 8, 9, 10, 11, 12, 13, 14, 15, 16, 17, 18]}, 'nodes': [{'node': 'device', 'executed_segments': [0, 1, 2, 3, 4, 5, 6, 7, 8, 9, 10, 11, 12, 13, 14, 15, 16, 17, 18], 'queue_s': 0.0, 'segment_compute_s': 0.23545319808181375, 'exit_head_compute_s': 0.003247684013331309, 'exit_check_s': 0.00025645497953519225, 'worker_elapsed_s': 0.2394445009995252}], 'sample_id': 'balanced_000_0028_00000264', 'label': 0, 'correct': True, 'observed_utility': -0.19737084503867663}",balanced_000_0028_00000264,33,264,0.46858787536621094,5472294003561725701,0.23947416900773533,2.9668008210137486e-05,0
0.0,0.2423636690073181,0.2423636690073181,0.24239291102276184,0.2423636690073181,1784947311.0565157,1784947310.3354576,1784947310.5854576,0.0,0.0,0.0,0.0,0.9999817609786987,0.0,ablate-end-only-resnet50-cifar10-pi5-r1-20260725-104127:v1,1,0.2423636690073181,unknown,0.0,0.0,0.0,0.0,0.0,"{'device': [0, 1, 2, 3, 4, 5, 6, 7, 8, 9, 10, 11, 12, 13, 14, 15, 16, 17, 18]}",19,final,device,True,6,1.0,5.0,1.0,0.24239291102276184,-0.21196455511380918,6,5f873fde812d4105a867468244309391,34,"{'device_compute': 0.2423636690073181, 'd2e_transport': 0.0, 'edge_queue': 0.0, 'edge_segment_compute': 0.0, 'edge_exit_head_compute': 0.0, 'edge_exit_check': 0.0, 'e2c_transport': 0.0, 'cloud_queue': 0.0, 'cloud_segment_compute': 0.0, 'cloud_exit_head_compute': 0.0, 'cloud_exit_check': 0.0, 'total_latency': 0.24239291102276184, 'unattributed_overhead': 2.9242015443742275e-05, 'request_id': '5f873fde812d4105a867468244309391', 'user_id': 0, 'prediction': 6, 'exit_id': 'final', 'exit_boundary_id': 19, 'exit_location': 'device', 'confidence': 0.9999817609786987, 'executed_segments_by_node': {'device': [0, 1, 2, 3, 4, 5, 6, 7, 8, 9, 10, 11, 12, 13, 14, 15, 16, 17, 18]}, 'nodes': [{'node': 'device', 'executed_segments': [0, 1, 2, 3, 4, 5, 6, 7, 8, 9, 10, 11, 12, 13, 14, 15, 16, 17, 18], 'queue_s': 0.0, 'segment_compute_s': 0.23949168610852212, 'exit_head_compute_s': 0.002140844037057832, 'exit_check_s': 0.0002491770137567073, 'worker_elapsed_s': 0.2423636690073181}], 'sample_id': 'balanced_006_0873_00008755', 'label': 6, 'correct': True, 'observed_utility': -0.21196455511380918}",balanced_006_0873_00008755,34,8755,0.4710581302642822,5472294003561725701,0.24239291102276184,2.9242015443742275e-05,0
0.0,0.2410846010025125,0.2410846010025125,0.2411133800051175,0.2410846010025125,1784947311.3512352,1784947310.6331096,1784947310.8831096,0.0,0.0,0.0,0.0,0.999937891960144,0.0,ablate-end-only-resnet50-cifar10-pi5-r1-20260725-104127:v1,1,0.2410846010025125,unknown,0.0,0.0,0.0,0.0,0.0,"{'device': [0, 1, 2, 3, 4, 5, 6, 7, 8, 9, 10, 11, 12, 13, 14, 15, 16, 17, 18]}",19,final,device,True,7,1.0,5.0,1.0,0.2411133800051175,-0.20556690002558753,7,31fb08cc45874651824d36295c3ca982,35,"{'device_compute': 0.2410846010025125, 'd2e_transport': 0.0, 'edge_queue': 0.0, 'edge_segment_compute': 0.0, 'edge_exit_head_compute': 0.0, 'edge_exit_check': 0.0, 'e2c_transport': 0.0, 'cloud_queue': 0.0, 'cloud_segment_compute': 0.0, 'cloud_exit_head_compute': 0.0, 'cloud_exit_check': 0.0, 'total_latency': 0.2411133800051175, 'unattributed_overhead': 2.87790026050061e-05, 'request_id': '31fb08cc45874651824d36295c3ca982', 'user_id': 0, 'prediction': 7, 'exit_id': 'final', 'exit_boundary_id': 19, 'exit_location': 'device', 'confidence': 0.999937891960144, 'executed_segments_by_node': {'device': [0, 1, 2, 3, 4, 5, 6, 7, 8, 9, 10, 11, 12, 13, 14, 15, 16, 17, 18]}, 'nodes': [{'node': 'device', 'executed_segments': [0, 1, 2, 3, 4, 5, 6, 7, 8, 9, 10, 11, 12, 13, 14, 15, 16, 17, 18], 'queue_s': 0.0, 'segment_compute_s': 0.23712320500635542, 'exit_head_compute_s': 0.003218664031010121, 'exit_check_s': 0.00025313900550827384, 'worker_elapsed_s': 0.2410846010025125}], 'sample_id': 'balanced_007_0433_00004339', 'label': 7, 'correct': True, 'observed_utility': -0.20556690002558753}",balanced_007_0433_00004339,35,4339,0.468125581741333,5472294003561725701,0.2411133800051175,2.87790026050061e-05,0
0.0,0.23983482900075614,0.23983482900075614,0.23986301600234583,0.23983482900075614,1784947311.6552432,1784947310.937334,1784947311.187334,0.0,0.0,0.0,0.0,0.9999997615814209,0.0,ablate-end-only-resnet50-cifar10-pi5-r1-20260725-104127:v1,1,0.23983482900075614,unknown,0.0,0.0,0.0,0.0,0.0,"{'device': [0, 1, 2, 3, 4, 5, 6, 7, 8, 9, 10, 11, 12, 13, 14, 15, 16, 17, 18]}",19,final,device,True,6,1.0,5.0,1.0,0.23986301600234583,-0.19931508001172915,6,ecedafe81fe741fb83648101f1f63ba2,36,"{'device_compute': 0.23983482900075614, 'd2e_transport': 0.0, 'edge_queue': 0.0, 'edge_segment_compute': 0.0, 'edge_exit_head_compute': 0.0, 'edge_exit_check': 0.0, 'e2c_transport': 0.0, 'cloud_queue': 0.0, 'cloud_segment_compute': 0.0, 'cloud_exit_head_compute': 0.0, 'cloud_exit_check': 0.0, 'total_latency': 0.23986301600234583, 'unattributed_overhead': 2.818700158968568e-05, 'request_id': 'ecedafe81fe741fb83648101f1f63ba2', 'user_id': 0, 'prediction': 6, 'exit_id': 'final', 'exit_boundary_id': 19, 'exit_location': 'device', 'confidence': 0.9999997615814209, 'executed_segments_by_node': {'device': [0, 1, 2, 3, 4, 5, 6, 7, 8, 9, 10, 11, 12, 13, 14, 15, 16, 17, 18]}, 'nodes': [{'node': 'device', 'executed_segments': [0, 1, 2, 3, 4, 5, 6, 7, 8, 9, 10, 11, 12, 13, 14, 15, 16, 17, 18], 'queue_s': 0.0, 'segment_compute_s': 0.2368244670506101, 'exit_head_compute_s': 0.00224969899863936, 'exit_check_s': 0.0002740100026130676, 'worker_elapsed_s': 0.23983482900075614}], 'sample_id': 'balanced_006_0061_00000542', 'label': 6, 'correct': True, 'observed_utility': -0.19931508001172915}",balanced_006_0061_00000542,36,542,0.4679090976715088,5472294003561725701,0.23986301600234583,2.818700158968568e-05,0
0.0,0.2432895949750673,0.2432895949750673,0.243319317989517,0.2432895949750673,1784947311.9729707,1784947311.2515013,1784947311.5015013,0.0,0.0,0.0,0.0,0.9998267292976379,0.0,ablate-end-only-resnet50-cifar10-pi5-r1-20260725-104127:v1,1,0.2432895949750673,unknown,0.0,0.0,0.0,0.0,0.0,"{'device': [0, 1, 2, 3, 4, 5, 6, 7, 8, 9, 10, 11, 12, 13, 14, 15, 16, 17, 18]}",19,final,device,True,2,1.0,5.0,1.0,0.243319317989517,-0.21659658994758502,2,931f1189131c461ca0331adb9c1161dc,37,"{'device_compute': 0.2432895949750673, 'd2e_transport': 0.0, 'edge_queue': 0.0, 'edge_segment_compute': 0.0, 'edge_exit_head_compute': 0.0, 'edge_exit_check': 0.0, 'e2c_transport': 0.0, 'cloud_queue': 0.0, 'cloud_segment_compute': 0.0, 'cloud_exit_head_compute': 0.0, 'cloud_exit_check': 0.0, 'total_latency': 0.243319317989517, 'unattributed_overhead': 2.9723014449700713e-05, 'request_id': '931f1189131c461ca0331adb9c1161dc', 'user_id': 0, 'prediction': 2, 'exit_id': 'final', 'exit_boundary_id': 19, 'exit_location': 'device', 'confidence': 0.9998267292976379, 'executed_segments_by_node': {'device': [0, 1, 2, 3, 4, 5, 6, 7, 8, 9, 10, 11, 12, 13, 14, 15, 16, 17, 18]}, 'nodes': [{'node': 'device', 'executed_segments': [0, 1, 2, 3, 4, 5, 6, 7, 8, 9, 10, 11, 12, 13, 14, 15, 16, 17, 18], 'queue_s': 0.0, 'segment_compute_s': 0.24036973997135647, 'exit_head_compute_s': 0.0021700479846913368, 'exit_check_s': 0.00026030701701529324, 'worker_elapsed_s': 0.2432895949750673}], 'sample_id': 'balanced_002_0298_00002825', 'label': 2, 'correct': True, 'observed_utility': -0.21659658994758502}",balanced_002_0298_00002825,37,2825,0.4714694023132324,5472294003561725701,0.243319317989517,2.9723014449700713e-05,0
0.0,0.3066828729934059,0.3066828729934059,0.3067117079917807,0.3066828729934059,1784947312.2820592,1784947311.5636396,1784947311.8136396,0.0,0.0,0.0,0.0,0.9999722242355347,0.0,ablate-end-only-resnet50-cifar10-pi5-r1-20260725-104127:v1,1,0.3066828729934059,unknown,0.0,0.0,0.0,0.0,0.0,"{'device': [0, 1, 2, 3, 4, 5, 6, 7, 8, 9, 10, 11, 12, 13, 14, 15, 16, 17, 18]}",19,final,device,True,1,1.0,5.0,1.0,0.3067117079917807,-0.5335585399589036,1,77fa07d642f24f32baf90400990fd6f7,38,"{'device_compute': 0.3066828729934059, 'd2e_transport': 0.0, 'edge_queue': 0.0, 'edge_segment_compute': 0.0, 'edge_exit_head_compute': 0.0, 'edge_exit_check': 0.0, 'e2c_transport': 0.0, 'cloud_queue': 0.0, 'cloud_segment_compute': 0.0, 'cloud_exit_head_compute': 0.0, 'cloud_exit_check': 0.0, 'total_latency': 0.3067117079917807, 'unattributed_overhead': 2.8834998374804854e-05, 'request_id': '77fa07d642f24f32baf90400990fd6f7', 'user_id': 0, 'prediction': 1, 'exit_id': 'final', 'exit_boundary_id': 19, 'exit_location': 'device', 'confidence': 0.9999722242355347, 'executed_segments_by_node': {'device': [0, 1, 2, 3, 4, 5, 6, 7, 8, 9, 10, 11, 12, 13, 14, 15, 16, 17, 18]}, 'nodes': [{'node': 'device', 'executed_segments': [0, 1, 2, 3, 4, 5, 6, 7, 8, 9, 10, 11, 12, 13, 14, 15, 16, 17, 18], 'queue_s': 0.0, 'segment_compute_s': 0.3027174770249985, 'exit_head_compute_s': 0.0032219410059042275, 'exit_check_s': 0.0002620659943204373, 'worker_elapsed_s': 0.3066828729934059}], 'sample_id': 'balanced_001_0488_00004893', 'label': 1, 'correct': True, 'observed_utility': -0.5335585399589036}",balanced_001_0488_00004893,38,4893,0.46841955184936523,5472294003561725701,0.3067117079917807,2.8834998374804854e-05,0
0.0,0.24495324899908155,0.24495324899908155,0.24498239901731722,0.24495324899908155,1784947312.672786,1784947311.894096,1784947312.144096,0.0,0.0,0.0,0.0,0.999971866607666,0.0,ablate-end-only-resnet50-cifar10-pi5-r1-20260725-104127:v1,1,0.24495324899908155,unknown,0.0,0.0,0.0,0.0,0.0,"{'device': [0, 1, 2, 3, 4, 5, 6, 7, 8, 9, 10, 11, 12, 13, 14, 15, 16, 17, 18]}",19,final,device,True,9,1.0,5.0,1.0,0.24498239901731722,-0.2249119950865861,9,cfbeca48aab5418c91ac233b94282c0a,39,"{'device_compute': 0.24495324899908155, 'd2e_transport': 0.0, 'edge_queue': 0.0, 'edge_segment_compute': 0.0, 'edge_exit_head_compute': 0.0, 'edge_exit_check': 0.0, 'e2c_transport': 0.0, 'cloud_queue': 0.0, 'cloud_segment_compute': 0.0, 'cloud_exit_head_compute': 0.0, 'cloud_exit_check': 0.0, 'total_latency': 0.24498239901731722, 'unattributed_overhead': 2.915001823566854e-05, 'request_id': 'cfbeca48aab5418c91ac233b94282c0a', 'user_id': 0, 'prediction': 9, 'exit_id': 'final', 'exit_boundary_id': 19, 'exit_location': 'device', 'confidence': 0.999971866607666, 'executed_segments_by_node': {'device': [0, 1, 2, 3, 4, 5, 6, 7, 8, 9, 10, 11, 12, 13, 14, 15, 16, 17, 18]}, 'nodes': [{'node': 'device', 'executed_segments': [0, 1, 2, 3, 4, 5, 6, 7, 8, 9, 10, 11, 12, 13, 14, 15, 16, 17, 18], 'queue_s': 0.0, 'segment_compute_s': 0.24173355096718296, 'exit_head_compute_s': 0.002383888029726222, 'exit_check_s': 0.0002646769571583718, 'worker_elapsed_s': 0.24495324899908155}], 'sample_id': 'balanced_009_0028_00000252', 'label': 9, 'correct': True, 'observed_utility': -0.2249119950865861}",balanced_009_0028_00000252,39,252,0.5286900997161865,5472294003561725701,0.24498239901731722,2.915001823566854e-05,0
0.0,0.24170449099619873,0.24170449099619873,0.24173438097932376,0.24170449099619873,1784947312.9950838,1784947312.270504,1784947312.520504,0.0,0.0,0.0,0.0,0.9999994039535522,0.0,ablate-end-only-resnet50-cifar10-pi5-r1-20260725-104127:v1,1,0.24170449099619873,unknown,0.0,0.0,0.0,0.0,0.0,"{'device': [0, 1, 2, 3, 4, 5, 6, 7, 8, 9, 10, 11, 12, 13, 14, 15, 16, 17, 18]}",19,final,device,True,2,1.0,5.0,1.0,0.24173438097932376,-0.2086719048966188,2,78caee23588341f59c47deda889e04e7,40,"{'device_compute': 0.24170449099619873, 'd2e_transport': 0.0, 'edge_queue': 0.0, 'edge_segment_compute': 0.0, 'edge_exit_head_compute': 0.0, 'edge_exit_check': 0.0, 'e2c_transport': 0.0, 'cloud_queue': 0.0, 'cloud_segment_compute': 0.0, 'cloud_exit_head_compute': 0.0, 'cloud_exit_check': 0.0, 'total_latency': 0.24173438097932376, 'unattributed_overhead': 2.9889983125030994e-05, 'request_id': '78caee23588341f59c47deda889e04e7', 'user_id': 0, 'prediction': 2, 'exit_id': 'final', 'exit_boundary_id': 19, 'exit_location': 'device', 'confidence': 0.9999994039535522, 'executed_segments_by_node': {'device': [0, 1, 2, 3, 4, 5, 6, 7, 8, 9, 10, 11, 12, 13, 14, 15, 16, 17, 18]}, 'nodes': [{'node': 'device', 'executed_segments': [0, 1, 2, 3, 4, 5, 6, 7, 8, 9, 10, 11, 12, 13, 14, 15, 16, 17, 18], 'queue_s': 0.0, 'segment_compute_s': 0.23859546397579834, 'exit_head_compute_s': 0.0022853670234326273, 'exit_check_s': 0.0002602870517875999, 'worker_elapsed_s': 0.24170449099619873}], 'sample_id': 'balanced_002_0801_00007911', 'label': 2, 'correct': True, 'observed_utility': -0.2086719048966188}",balanced_002_0801_00007911,40,7911,0.4745798110961914,5472294003561725701,0.24173438097932376,2.9889983125030994e-05,0
0.0,0.25191885299864225,0.25191885299864225,0.25194824300706387,0.25191885299864225,1784947313.2995017,1784947312.5788636,1784947312.8288636,0.0,0.0,0.0,0.0,0.9999735355377197,0.0,ablate-end-only-resnet50-cifar10-pi5-r1-20260725-104127:v1,1,0.25191885299864225,unknown,0.0,0.0,0.0,0.0,0.0,"{'device': [0, 1, 2, 3, 4, 5, 6, 7, 8, 9, 10, 11, 12, 13, 14, 15, 16, 17, 18]}",19,final,device,True,6,1.0,5.0,1.0,0.25194824300706387,-0.25974121503531933,6,753e6427ede647228a2ef8d0878b546f,41,"{'device_compute': 0.25191885299864225, 'd2e_transport': 0.0, 'edge_queue': 0.0, 'edge_segment_compute': 0.0, 'edge_exit_head_compute': 0.0, 'edge_exit_check': 0.0, 'e2c_transport': 0.0, 'cloud_queue': 0.0, 'cloud_segment_compute': 0.0, 'cloud_exit_head_compute': 0.0, 'cloud_exit_check': 0.0, 'total_latency': 0.25194824300706387, 'unattributed_overhead': 2.9390008421614766e-05, 'request_id': '753e6427ede647228a2ef8d0878b546f', 'user_id': 0, 'prediction': 6, 'exit_id': 'final', 'exit_boundary_id': 19, 'exit_location': 'device', 'confidence': 0.9999735355377197, 'executed_segments_by_node': {'device': [0, 1, 2, 3, 4, 5, 6, 7, 8, 9, 10, 11, 12, 13, 14, 15, 16, 17, 18]}, 'nodes': [{'node': 'device', 'executed_segments': [0, 1, 2, 3, 4, 5, 6, 7, 8, 9, 10, 11, 12, 13, 14, 15, 16, 17, 18], 'queue_s': 0.0, 'segment_compute_s': 0.24882532202173024, 'exit_head_compute_s': 0.002338554069865495, 'exit_check_s': 0.0002613079850561917, 'worker_elapsed_s': 0.25191885299864225}], 'sample_id': 'balanced_006_0535_00005429', 'label': 6, 'correct': True, 'observed_utility': -0.25974121503531933}",balanced_006_0535_00005429,41,5429,0.4706380367279053,5472294003561725701,0.25194824300706387,2.9390008421614766e-05,0
0.0,0.24374458901002072,0.24374458901002072,0.24377433100016788,0.24374458901002072,1784947313.6073093,1784947312.8817346,1784947313.1317346,0.0,0.0,0.0,0.0,0.8845071196556091,0.0,ablate-end-only-resnet50-cifar10-pi5-r1-20260725-104127:v1,1,0.24374458901002072,unknown,0.0,0.0,0.0,0.0,0.0,"{'device': [0, 1, 2, 3, 4, 5, 6, 7, 8, 9, 10, 11, 12, 13, 14, 15, 16, 17, 18]}",19,final,device,True,7,1.0,5.0,1.0,0.24377433100016788,-0.21887165500083938,7,98421870dabd405ca8a275e8e14dfb9f,42,"{'device_compute': 0.24374458901002072, 'd2e_transport': 0.0, 'edge_queue': 0.0, 'edge_segment_compute': 0.0, 'edge_exit_head_compute': 0.0, 'edge_exit_check': 0.0, 'e2c_transport': 0.0, 'cloud_queue': 0.0, 'cloud_segment_compute': 0.0, 'cloud_exit_head_compute': 0.0, 'cloud_exit_check': 0.0, 'total_latency': 0.24377433100016788, 'unattributed_overhead': 2.9741990147158504e-05, 'request_id': '98421870dabd405ca8a275e8e14dfb9f', 'user_id': 0, 'prediction': 7, 'exit_id': 'final', 'exit_boundary_id': 19, 'exit_location': 'device', 'confidence': 0.8845071196556091, 'executed_segments_by_node': {'device': [0, 1, 2, 3, 4, 5, 6, 7, 8, 9, 10, 11, 12, 13, 14, 15, 16, 17, 18]}, 'nodes': [{'node': 'device', 'executed_segments': [0, 1, 2, 3, 4, 5, 6, 7, 8, 9, 10, 11, 12, 13, 14, 15, 16, 17, 18], 'queue_s': 0.0, 'segment_compute_s': 0.24039926900877617, 'exit_head_compute_s': 0.0025850639794953167, 'exit_check_s': 0.00026828996487893164, 'worker_elapsed_s': 0.24374458901002072}], 'sample_id': 'balanced_007_0906_00009184', 'label': 7, 'correct': True, 'observed_utility': -0.21887165500083938}",balanced_007_0906_00009184,42,9184,0.4755747318267822,5472294003561725701,0.24377433100016788,2.9741990147158504e-05,0
0.0,0.24328185297781602,0.24328185297781602,0.24331070599146187,0.24328185297781602,1784947313.9266527,1784947313.1965697,1784947313.4465697,0.0,0.0,0.0,0.0,0.9998596906661987,0.0,ablate-end-only-resnet50-cifar10-pi5-r1-20260725-104127:v1,1,0.24328185297781602,unknown,0.0,0.0,0.0,0.0,0.0,"{'device': [0, 1, 2, 3, 4, 5, 6, 7, 8, 9, 10, 11, 12, 13, 14, 15, 16, 17, 18]}",19,final,device,True,8,1.0,5.0,1.0,0.24331070599146187,-0.21655352995730937,8,31ae068bb54a4d5989d7ffaf74669497,43,"{'device_compute': 0.24328185297781602, 'd2e_transport': 0.0, 'edge_queue': 0.0, 'edge_segment_compute': 0.0, 'edge_exit_head_compute': 0.0, 'edge_exit_check': 0.0, 'e2c_transport': 0.0, 'cloud_queue': 0.0, 'cloud_segment_compute': 0.0, 'cloud_exit_head_compute': 0.0, 'cloud_exit_check': 0.0, 'total_latency': 0.24331070599146187, 'unattributed_overhead': 2.8853013645857573e-05, 'request_id': '31ae068bb54a4d5989d7ffaf74669497', 'user_id': 0, 'prediction': 8, 'exit_id': 'final', 'exit_boundary_id': 19, 'exit_location': 'device', 'confidence': 0.9998596906661987, 'executed_segments_by_node': {'device': [0, 1, 2, 3, 4, 5, 6, 7, 8, 9, 10, 11, 12, 13, 14, 15, 16, 17, 18]}, 'nodes': [{'node': 'device', 'executed_segments': [0, 1, 2, 3, 4, 5, 6, 7, 8, 9, 10, 11, 12, 13, 14, 15, 16, 17, 18], 'queue_s': 0.0, 'segment_compute_s': 0.24020476898294874, 'exit_head_compute_s': 0.002318573009688407, 'exit_check_s': 0.0002653980045579374, 'worker_elapsed_s': 0.24328185297781602}], 'sample_id': 'balanced_008_0344_00003279', 'label': 8, 'correct': True, 'observed_utility': -0.21655352995730937}",balanced_008_0344_00003279,43,3279,0.48008298873901367,5472294003561725701,0.24331070599146187,2.8853013645857573e-05,0
0.0,0.2669998079945799,0.2669998079945799,0.2670278470031917,0.2669998079945799,1784947314.214677,1784947313.4968886,1784947313.7468886,0.0,0.0,0.0,0.0,0.9999908208847046,0.0,ablate-end-only-resnet50-cifar10-pi5-r1-20260725-104127:v1,1,0.2669998079945799,unknown,0.0,0.0,0.0,0.0,0.0,"{'device': [0, 1, 2, 3, 4, 5, 6, 7, 8, 9, 10, 11, 12, 13, 14, 15, 16, 17, 18]}",19,final,device,True,2,1.0,5.0,1.0,0.2670278470031917,-0.33513923501595855,2,4a83bf0a2ffc4c17bee9be5946625c75,44,"{'device_compute': 0.2669998079945799, 'd2e_transport': 0.0, 'edge_queue': 0.0, 'edge_segment_compute': 0.0, 'edge_exit_head_compute': 0.0, 'edge_exit_check': 0.0, 'e2c_transport': 0.0, 'cloud_queue': 0.0, 'cloud_segment_compute': 0.0, 'cloud_exit_head_compute': 0.0, 'cloud_exit_check': 0.0, 'total_latency': 0.2670278470031917, 'unattributed_overhead': 2.8039008611813188e-05, 'request_id': '4a83bf0a2ffc4c17bee9be5946625c75', 'user_id': 0, 'prediction': 2, 'exit_id': 'final', 'exit_boundary_id': 19, 'exit_location': 'device', 'confidence': 0.9999908208847046, 'executed_segments_by_node': {'device': [0, 1, 2, 3, 4, 5, 6, 7, 8, 9, 10, 11, 12, 13, 14, 15, 16, 17, 18]}, 'nodes': [{'node': 'device', 'executed_segments': [0, 1, 2, 3, 4, 5, 6, 7, 8, 9, 10, 11, 12, 13, 14, 15, 16, 17, 18], 'queue_s': 0.0, 'segment_compute_s': 0.2639699309656862, 'exit_head_compute_s': 0.002286977949552238, 'exit_check_s': 0.00026019595679827034, 'worker_elapsed_s': 0.2669998079945799}], 'sample_id': 'balanced_002_0406_00003816', 'label': 2, 'correct': True, 'observed_utility': -0.33513923501595855}",balanced_002_0406_00003816,44,3816,0.4677884578704834,5472294003561725701,0.2670278470031917,2.8039008611813188e-05,0
0.0,0.2358440919779241,0.2358440919779241,0.23587314898031764,0.2358440919779241,1784947314.5328226,1784947313.8034427,1784947314.0534427,0.0,0.0,0.0,0.0,0.999998927116394,0.0,ablate-end-only-resnet50-cifar10-pi5-r1-20260725-104127:v1,1,0.2358440919779241,unknown,0.0,0.0,0.0,0.0,0.0,"{'device': [0, 1, 2, 3, 4, 5, 6, 7, 8, 9, 10, 11, 12, 13, 14, 15, 16, 17, 18]}",19,final,device,True,9,1.0,5.0,1.0,0.23587314898031764,-0.1793657449015882,9,6b3dc23ff23b480caad61de3e3984ec5,45,"{'device_compute': 0.2358440919779241, 'd2e_transport': 0.0, 'edge_queue': 0.0, 'edge_segment_compute': 0.0, 'edge_exit_head_compute': 0.0, 'edge_exit_check': 0.0, 'e2c_transport': 0.0, 'cloud_queue': 0.0, 'cloud_segment_compute': 0.0, 'cloud_exit_head_compute': 0.0, 'cloud_exit_check': 0.0, 'total_latency': 0.23587314898031764, 'unattributed_overhead': 2.905700239352882e-05, 'request_id': '6b3dc23ff23b480caad61de3e3984ec5', 'user_id': 0, 'prediction': 9, 'exit_id': 'final', 'exit_boundary_id': 19, 'exit_location': 'device', 'confidence': 0.999998927116394, 'executed_segments_by_node': {'device': [0, 1, 2, 3, 4, 5, 6, 7, 8, 9, 10, 11, 12, 13, 14, 15, 16, 17, 18]}, 'nodes': [{'node': 'device', 'executed_segments': [0, 1, 2, 3, 4, 5, 6, 7, 8, 9, 10, 11, 12, 13, 14, 15, 16, 17, 18], 'queue_s': 0.0, 'segment_compute_s': 0.23292136800591834, 'exit_head_compute_s': 0.002185639983508736, 'exit_check_s': 0.00025082501815631986, 'worker_elapsed_s': 0.2358440919779241}], 'sample_id': 'balanced_009_0801_00008083', 'label': 9, 'correct': True, 'observed_utility': -0.1793657449015882}",balanced_009_0801_00008083,45,8083,0.47937989234924316,5472294003561725701,0.23587314898031764,2.905700239352882e-05,0
0.0,0.23937577998731285,0.23937577998731285,0.2394051879819017,0.23937577998731285,1784947314.8306355,1784947314.1132948,1784947314.3632948,0.0,0.0,0.0,0.0,0.999919056892395,0.0,ablate-end-only-resnet50-cifar10-pi5-r1-20260725-104127:v1,1,0.23937577998731285,unknown,0.0,0.0,0.0,0.0,0.0,"{'device': [0, 1, 2, 3, 4, 5, 6, 7, 8, 9, 10, 11, 12, 13, 14, 15, 16, 17, 18]}",19,final,device,True,1,1.0,5.0,1.0,0.2394051879819017,-0.19702593990950845,1,1b647913dbe1420db1dea6db12c0d691,46,"{'device_compute': 0.23937577998731285, 'd2e_transport': 0.0, 'edge_queue': 0.0, 'edge_segment_compute': 0.0, 'edge_exit_head_compute': 0.0, 'edge_exit_check': 0.0, 'e2c_transport': 0.0, 'cloud_queue': 0.0, 'cloud_segment_compute': 0.0, 'cloud_exit_head_compute': 0.0, 'cloud_exit_check': 0.0, 'total_latency': 0.2394051879819017, 'unattributed_overhead': 2.9407994588837028e-05, 'request_id': '1b647913dbe1420db1dea6db12c0d691', 'user_id': 0, 'prediction': 1, 'exit_id': 'final', 'exit_boundary_id': 19, 'exit_location': 'device', 'confidence': 0.999919056892395, 'executed_segments_by_node': {'device': [0, 1, 2, 3, 4, 5, 6, 7, 8, 9, 10, 11, 12, 13, 14, 15, 16, 17, 18]}, 'nodes': [{'node': 'device', 'executed_segments': [0, 1, 2, 3, 4, 5, 6, 7, 8, 9, 10, 11, 12, 13, 14, 15, 16, 17, 18], 'queue_s': 0.0, 'segment_compute_s': 0.23647620595875196, 'exit_head_compute_s': 0.0021752699685748667, 'exit_check_s': 0.0002515300293453038, 'worker_elapsed_s': 0.23937577998731285}], 'sample_id': 'balanced_001_0521_00005182', 'label': 1, 'correct': True, 'observed_utility': -0.19702593990950845}",balanced_001_0521_00005182,46,5182,0.46734070777893066,5472294003561725701,0.2394051879819017,2.9407994588837028e-05,0
0.0,0.23790772599750198,0.23790772599750198,0.23793832000228576,0.23790772599750198,1784947315.1478987,1784947314.4307053,1784947314.6807053,0.0,0.0,0.0,0.0,0.9997503161430359,0.0,ablate-end-only-resnet50-cifar10-pi5-r1-20260725-104127:v1,1,0.23790772599750198,unknown,0.0,0.0,0.0,0.0,0.0,"{'device': [0, 1, 2, 3, 4, 5, 6, 7, 8, 9, 10, 11, 12, 13, 14, 15, 16, 17, 18]}",19,final,device,True,7,1.0,5.0,1.0,0.23793832000228576,-0.18969160001142882,7,9db135d98abb405597e07b624f799abc,47,"{'device_compute': 0.23790772599750198, 'd2e_transport': 0.0, 'edge_queue': 0.0, 'edge_segment_compute': 0.0, 'edge_exit_head_compute': 0.0, 'edge_exit_check': 0.0, 'e2c_transport': 0.0, 'cloud_queue': 0.0, 'cloud_segment_compute': 0.0, 'cloud_exit_head_compute': 0.0, 'cloud_exit_check': 0.0, 'total_latency': 0.23793832000228576, 'unattributed_overhead': 3.059400478377938e-05, 'request_id': '9db135d98abb405597e07b624f799abc', 'user_id': 0, 'prediction': 7, 'exit_id': 'final', 'exit_boundary_id': 19, 'exit_location': 'device', 'confidence': 0.9997503161430359, 'executed_segments_by_node': {'device': [0, 1, 2, 3, 4, 5, 6, 7, 8, 9, 10, 11, 12, 13, 14, 15, 16, 17, 18]}, 'nodes': [{'node': 'device', 'executed_segments': [0, 1, 2, 3, 4, 5, 6, 7, 8, 9, 10, 11, 12, 13, 14, 15, 16, 17, 18], 'queue_s': 0.0, 'segment_compute_s': 0.23496729892212898, 'exit_head_compute_s': 0.002161623036954552, 'exit_check_s': 0.00029747397638857365, 'worker_elapsed_s': 0.23790772599750198}], 'sample_id': 'balanced_007_0726_00007223', 'label': 7, 'correct': True, 'observed_utility': -0.18969160001142882}",balanced_007_0726_00007223,47,7223,0.4671933650970459,5472294003561725701,0.23793832000228576,3.059400478377938e-05,0
0.0,0.24153896098141558,0.24153896098141558,0.24156759199104272,0.24153896098141558,1784947315.4466686,1784947314.7271528,1784947314.9771528,0.0,0.0,0.0,0.0,0.9512678384780884,0.0,ablate-end-only-resnet50-cifar10-pi5-r1-20260725-104127:v1,1,0.24153896098141558,unknown,0.0,0.0,0.0,0.0,0.0,"{'device': [0, 1, 2, 3, 4, 5, 6, 7, 8, 9, 10, 11, 12, 13, 14, 15, 16, 17, 18]}",19,final,device,False,5,1.0,5.0,0.0,0.24156759199104272,-1.2078379599552136,0,08b63de7b6fd48b58d0fe0d963eeba8d,48,"{'device_compute': 0.24153896098141558, 'd2e_transport': 0.0, 'edge_queue': 0.0, 'edge_segment_compute': 0.0, 'edge_exit_head_compute': 0.0, 'edge_exit_check': 0.0, 'e2c_transport': 0.0, 'cloud_queue': 0.0, 'cloud_segment_compute': 0.0, 'cloud_exit_head_compute': 0.0, 'cloud_exit_check': 0.0, 'total_latency': 0.24156759199104272, 'unattributed_overhead': 2.8631009627133608e-05, 'request_id': '08b63de7b6fd48b58d0fe0d963eeba8d', 'user_id': 0, 'prediction': 0, 'exit_id': 'final', 'exit_boundary_id': 19, 'exit_location': 'device', 'confidence': 0.9512678384780884, 'executed_segments_by_node': {'device': [0, 1, 2, 3, 4, 5, 6, 7, 8, 9, 10, 11, 12, 13, 14, 15, 16, 17, 18]}, 'nodes': [{'node': 'device', 'executed_segments': [0, 1, 2, 3, 4, 5, 6, 7, 8, 9, 10, 11, 12, 13, 14, 15, 16, 17, 18], 'queue_s': 0.0, 'segment_compute_s': 0.2386274729797151, 'exit_head_compute_s': 0.0021864360314793885, 'exit_check_s': 0.0002582880260888487, 'worker_elapsed_s': 0.24153896098141558}], 'sample_id': 'balanced_005_0656_00006562', 'label': 5, 'correct': False, 'observed_utility': -1.2078379599552136}",balanced_005_0656_00006562,48,6562,0.4695158004760742,5472294003561725701,0.24156759199104272,2.8631009627133608e-05,0
0.0,0.23691098499693908,0.23691098499693908,0.23693902301602066,0.23691098499693908,1784947315.7541962,1784947315.0327396,1784947315.2827396,0.0,0.0,0.0,0.0,0.9553419351577759,0.0,ablate-end-only-resnet50-cifar10-pi5-r1-20260725-104127:v1,1,0.23691098499693908,unknown,0.0,0.0,0.0,0.0,0.0,"{'device': [0, 1, 2, 3, 4, 5, 6, 7, 8, 9, 10, 11, 12, 13, 14, 15, 16, 17, 18]}",19,final,device,False,0,1.0,5.0,0.0,0.23693902301602066,-1.1846951150801033,2,a8ab997e10d14cd18001b87f63aaef12,49,"{'device_compute': 0.23691098499693908, 'd2e_transport': 0.0, 'edge_queue': 0.0, 'edge_segment_compute': 0.0, 'edge_exit_head_compute': 0.0, 'edge_exit_check': 0.0, 'e2c_transport': 0.0, 'cloud_queue': 0.0, 'cloud_segment_compute': 0.0, 'cloud_exit_head_compute': 0.0, 'cloud_exit_check': 0.0, 'total_latency': 0.23693902301602066, 'unattributed_overhead': 2.803801908157766e-05, 'request_id': 'a8ab997e10d14cd18001b87f63aaef12', 'user_id': 0, 'prediction': 2, 'exit_id': 'final', 'exit_boundary_id': 19, 'exit_location': 'device', 'confidence': 0.9553419351577759, 'executed_segments_by_node': {'device': [0, 1, 2, 3, 4, 5, 6, 7, 8, 9, 10, 11, 12, 13, 14, 15, 16, 17, 18]}, 'nodes': [{'node': 'device', 'executed_segments': [0, 1, 2, 3, 4, 5, 6, 7, 8, 9, 10, 11, 12, 13, 14, 15, 16, 17, 18], 'queue_s': 0.0, 'segment_compute_s': 0.23404694904456846, 'exit_head_compute_s': 0.0021354350028559566, 'exit_check_s': 0.0002527870237827301, 'worker_elapsed_s': 0.23691098499693908}], 'sample_id': 'balanced_000_0101_00000982', 'label': 0, 'correct': False, 'observed_utility': -1.1846951150801033}",balanced_000_0101_00000982,49,982,0.47145652770996094,5472294003561725701,0.23693902301602066,2.803801908157766e-05,0
0.0,0.23318568902323022,0.23318568902323022,0.23321524600032717,0.23318568902323022,1784947316.0649393,1784947315.3426266,1784947315.5926266,0.0,0.0,0.0,0.0,0.99989914894104,0.0,ablate-end-only-resnet50-cifar10-pi5-r1-20260725-104127:v1,1,0.23318568902323022,unknown,0.0,0.0,0.0,0.0,0.0,"{'device': [0, 1, 2, 3, 4, 5, 6, 7, 8, 9, 10, 11, 12, 13, 14, 15, 16, 17, 18]}",19,final,device,True,6,1.0,5.0,1.0,0.23321524600032717,-0.16607623000163585,6,4f7e0cea6eed421798daa2dd55daa97f,50,"{'device_compute': 0.23318568902323022, 'd2e_transport': 0.0, 'edge_queue': 0.0, 'edge_segment_compute': 0.0, 'edge_exit_head_compute': 0.0, 'edge_exit_check': 0.0, 'e2c_transport': 0.0, 'cloud_queue': 0.0, 'cloud_segment_compute': 0.0, 'cloud_exit_head_compute': 0.0, 'cloud_exit_check': 0.0, 'total_latency': 0.23321524600032717, 'unattributed_overhead': 2.9556977096945047e-05, 'request_id': '4f7e0cea6eed421798daa2dd55daa97f', 'user_id': 0, 'prediction': 6, 'exit_id': 'final', 'exit_boundary_id': 19, 'exit_location': 'device', 'confidence': 0.99989914894104, 'executed_segments_by_node': {'device': [0, 1, 2, 3, 4, 5, 6, 7, 8, 9, 10, 11, 12, 13, 14, 15, 16, 17, 18]}, 'nodes': [{'node': 'device', 'executed_segments': [0, 1, 2, 3, 4, 5, 6, 7, 8, 9, 10, 11, 12, 13, 14, 15, 16, 17, 18], 'queue_s': 0.0, 'segment_compute_s': 0.22919538503629155, 'exit_head_compute_s': 0.0032502009999006987, 'exit_check_s': 0.0002552680089138448, 'worker_elapsed_s': 0.23318568902323022}], 'sample_id': 'balanced_006_0548_00005513', 'label': 6, 'correct': True, 'observed_utility': -0.16607623000163585}",balanced_006_0548_00005513,50,5513,0.47231268882751465,5472294003561725701,0.23321524600032717,2.9556977096945047e-05,0
0.0,0.23676190202240832,0.23676190202240832,0.236790885013761,0.23676190202240832,1784947316.3795595,1784947315.6555696,1784947315.9055696,0.0,0.0,0.0,0.0,0.9999996423721313,0.0,ablate-end-only-resnet50-cifar10-pi5-r1-20260725-104127:v1,1,0.23676190202240832,unknown,0.0,0.0,0.0,0.0,0.0,"{'device': [0, 1, 2, 3, 4, 5, 6, 7, 8, 9, 10, 11, 12, 13, 14, 15, 16, 17, 18]}",19,final,device,True,8,1.0,5.0,1.0,0.236790885013761,-0.183954425068805,8,9f50f74dcf704334b82086c7dc34b805,51,"{'device_compute': 0.23676190202240832, 'd2e_transport': 0.0, 'edge_queue': 0.0, 'edge_segment_compute': 0.0, 'edge_exit_head_compute': 0.0, 'edge_exit_check': 0.0, 'e2c_transport': 0.0, 'cloud_queue': 0.0, 'cloud_segment_compute': 0.0, 'cloud_exit_head_compute': 0.0, 'cloud_exit_check': 0.0, 'total_latency': 0.236790885013761, 'unattributed_overhead': 2.8982991352677345e-05, 'request_id': '9f50f74dcf704334b82086c7dc34b805', 'user_id': 0, 'prediction': 8, 'exit_id': 'final', 'exit_boundary_id': 19, 'exit_location': 'device', 'confidence': 0.9999996423721313, 'executed_segments_by_node': {'device': [0, 1, 2, 3, 4, 5, 6, 7, 8, 9, 10, 11, 12, 13, 14, 15, 16, 17, 18]}, 'nodes': [{'node': 'device', 'executed_segments': [0, 1, 2, 3, 4, 5, 6, 7, 8, 9, 10, 11, 12, 13, 14, 15, 16, 17, 18], 'queue_s': 0.0, 'segment_compute_s': 0.23387210597866215, 'exit_head_compute_s': 0.0021354900673031807, 'exit_check_s': 0.00025178800569847226, 'worker_elapsed_s': 0.23676190202240832}], 'sample_id': 'balanced_008_0750_00007678', 'label': 8, 'correct': True, 'observed_utility': -0.183954425068805}",balanced_008_0750_00007678,51,7678,0.47398996353149414,5472294003561725701,0.236790885013761,2.8982991352677345e-05,0
0.0,0.2380774899793323,0.2380774899793323,0.2381066209927667,0.2380774899793323,1784947316.6838238,1784947315.9587543,1784947316.2087543,0.0,0.0,0.0,0.0,0.9999817609786987,0.0,ablate-end-only-resnet50-cifar10-pi5-r1-20260725-104127:v1,1,0.2380774899793323,unknown,0.0,0.0,0.0,0.0,0.0,"{'device': [0, 1, 2, 3, 4, 5, 6, 7, 8, 9, 10, 11, 12, 13, 14, 15, 16, 17, 18]}",19,final,device,True,2,1.0,5.0,1.0,0.2381066209927667,-0.19053310496383347,2,623feab4e0cb4cd5bff768fd2a17be62,52,"{'device_compute': 0.2380774899793323, 'd2e_transport': 0.0, 'edge_queue': 0.0, 'edge_segment_compute': 0.0, 'edge_exit_head_compute': 0.0, 'edge_exit_check': 0.0, 'e2c_transport': 0.0, 'cloud_queue': 0.0, 'cloud_segment_compute': 0.0, 'cloud_exit_head_compute': 0.0, 'cloud_exit_check': 0.0, 'total_latency': 0.2381066209927667, 'unattributed_overhead': 2.9131013434380293e-05, 'request_id': '623feab4e0cb4cd5bff768fd2a17be62', 'user_id': 0, 'prediction': 2, 'exit_id': 'final', 'exit_boundary_id': 19, 'exit_location': 'device', 'confidence': 0.9999817609786987, 'executed_segments_by_node': {'device': [0, 1, 2, 3, 4, 5, 6, 7, 8, 9, 10, 11, 12, 13, 14, 15, 16, 17, 18]}, 'nodes': [{'node': 'device', 'executed_segments': [0, 1, 2, 3, 4, 5, 6, 7, 8, 9, 10, 11, 12, 13, 14, 15, 16, 17, 18], 'queue_s': 0.0, 'segment_compute_s': 0.23507439385866746, 'exit_head_compute_s': 0.002257457032101229, 'exit_check_s': 0.0002609550138004124, 'worker_elapsed_s': 0.2380774899793323}], 'sample_id': 'balanced_002_0067_00000701', 'label': 2, 'correct': True, 'observed_utility': -0.19053310496383347}",balanced_002_0067_00000701,52,701,0.475069522857666,5472294003561725701,0.2381066209927667,2.9131013434380293e-05,0
0.0,0.24714493402279913,0.24714493402279913,0.2471730649995152,0.24714493402279913,1784947316.9877172,1784947316.2670407,1784947316.5170407,0.0,0.0,0.0,0.0,0.6029651761054993,0.0,ablate-end-only-resnet50-cifar10-pi5-r1-20260725-104127:v1,1,0.24714493402279913,unknown,0.0,0.0,0.0,0.0,0.0,"{'device': [0, 1, 2, 3, 4, 5, 6, 7, 8, 9, 10, 11, 12, 13, 14, 15, 16, 17, 18]}",19,final,device,False,9,1.0,5.0,0.0,0.2471730649995152,-1.235865324997576,8,4f0d5b6f3e2a4aa587c2306550225657,53,"{'device_compute': 0.24714493402279913, 'd2e_transport': 0.0, 'edge_queue': 0.0, 'edge_segment_compute': 0.0, 'edge_exit_head_compute': 0.0, 'edge_exit_check': 0.0, 'e2c_transport': 0.0, 'cloud_queue': 0.0, 'cloud_segment_compute': 0.0, 'cloud_exit_head_compute': 0.0, 'cloud_exit_check': 0.0, 'total_latency': 0.2471730649995152, 'unattributed_overhead': 2.8130976716056466e-05, 'request_id': '4f0d5b6f3e2a4aa587c2306550225657', 'user_id': 0, 'prediction': 8, 'exit_id': 'final', 'exit_boundary_id': 19, 'exit_location': 'device', 'confidence': 0.6029651761054993, 'executed_segments_by_node': {'device': [0, 1, 2, 3, 4, 5, 6, 7, 8, 9, 10, 11, 12, 13, 14, 15, 16, 17, 18]}, 'nodes': [{'node': 'device', 'executed_segments': [0, 1, 2, 3, 4, 5, 6, 7, 8, 9, 10, 11, 12, 13, 14, 15, 16, 17, 18], 'queue_s': 0.0, 'segment_compute_s': 0.24427121394546703, 'exit_head_compute_s': 0.00214410200715065, 'exit_check_s': 0.0002511760394554585, 'worker_elapsed_s': 0.24714493402279913}], 'sample_id': 'balanced_009_0321_00003168', 'label': 9, 'correct': False, 'observed_utility': -1.235865324997576}",balanced_009_0321_00003168,53,3168,0.4706764221191406,5472294003561725701,0.2471730649995152,2.8130976716056466e-05,0
0.0,0.3023135159746744,0.3023135159746744,0.3023418129887432,0.3023135159746744,1784947317.2916105,1784947316.5719233,1784947316.8219233,0.0,0.0,0.0,0.0,0.999976634979248,0.0,ablate-end-only-resnet50-cifar10-pi5-r1-20260725-104127:v1,1,0.3023135159746744,unknown,0.0,0.0,0.0,0.0,0.0,"{'device': [0, 1, 2, 3, 4, 5, 6, 7, 8, 9, 10, 11, 12, 13, 14, 15, 16, 17, 18]}",19,final,device,True,1,1.0,5.0,1.0,0.3023418129887432,-0.5117090649437159,1,e8678d9986d0493e9ff2211ef26d7cbd,54,"{'device_compute': 0.3023135159746744, 'd2e_transport': 0.0, 'edge_queue': 0.0, 'edge_segment_compute': 0.0, 'edge_exit_head_compute': 0.0, 'edge_exit_check': 0.0, 'e2c_transport': 0.0, 'cloud_queue': 0.0, 'cloud_segment_compute': 0.0, 'cloud_exit_head_compute': 0.0, 'cloud_exit_check': 0.0, 'total_latency': 0.3023418129887432, 'unattributed_overhead': 2.8297014068812132e-05, 'request_id': 'e8678d9986d0493e9ff2211ef26d7cbd', 'user_id': 0, 'prediction': 1, 'exit_id': 'final', 'exit_boundary_id': 19, 'exit_location': 'device', 'confidence': 0.999976634979248, 'executed_segments_by_node': {'device': [0, 1, 2, 3, 4, 5, 6, 7, 8, 9, 10, 11, 12, 13, 14, 15, 16, 17, 18]}, 'nodes': [{'node': 'device', 'executed_segments': [0, 1, 2, 3, 4, 5, 6, 7, 8, 9, 10, 11, 12, 13, 14, 15, 16, 17, 18], 'queue_s': 0.0, 'segment_compute_s': 0.2973358590097632, 'exit_head_compute_s': 0.004257609019987285, 'exit_check_s': 0.000248139986069873, 'worker_elapsed_s': 0.3023135159746744}], 'sample_id': 'balanced_001_0711_00007208', 'label': 1, 'correct': True, 'observed_utility': -0.5117090649437159}",balanced_001_0711_00007208,54,7208,0.46968722343444824,5472294003561725701,0.3023418129887432,2.8297014068812132e-05,0
0.0,0.23391914201783948,0.23391914201783948,0.2339472350140568,0.23391914201783948,1784947317.6189396,1784947316.8975544,1784947317.1475544,0.0,0.0,0.0,0.0,0.9999655485153198,0.0,ablate-end-only-resnet50-cifar10-pi5-r1-20260725-104127:v1,1,0.23391914201783948,unknown,0.0,0.0,0.0,0.0,0.0,"{'device': [0, 1, 2, 3, 4, 5, 6, 7, 8, 9, 10, 11, 12, 13, 14, 15, 16, 17, 18]}",19,final,device,True,1,1.0,5.0,1.0,0.2339472350140568,-0.16973617507028393,1,e8153c1c758241c4a77a281b6f302bf4,55,"{'device_compute': 0.23391914201783948, 'd2e_transport': 0.0, 'edge_queue': 0.0, 'edge_segment_compute': 0.0, 'edge_exit_head_compute': 0.0, 'edge_exit_check': 0.0, 'e2c_transport': 0.0, 'cloud_queue': 0.0, 'cloud_segment_compute': 0.0, 'cloud_exit_head_compute': 0.0, 'cloud_exit_check': 0.0, 'total_latency': 0.2339472350140568, 'unattributed_overhead': 2.809299621731043e-05, 'request_id': 'e8153c1c758241c4a77a281b6f302bf4', 'user_id': 0, 'prediction': 1, 'exit_id': 'final', 'exit_boundary_id': 19, 'exit_location': 'device', 'confidence': 0.9999655485153198, 'executed_segments_by_node': {'device': [0, 1, 2, 3, 4, 5, 6, 7, 8, 9, 10, 11, 12, 13, 14, 15, 16, 17, 18]}, 'nodes': [{'node': 'device', 'executed_segments': [0, 1, 2, 3, 4, 5, 6, 7, 8, 9, 10, 11, 12, 13, 14, 15, 16, 17, 18], 'queue_s': 0.0, 'segment_compute_s': 0.23082948598312214, 'exit_head_compute_s': 0.0023275899584405124, 'exit_check_s': 0.0002530830097384751, 'worker_elapsed_s': 0.23391914201783948}], 'sample_id': 'balanced_001_0119_00001238', 'label': 1, 'correct': True, 'observed_utility': -0.16973617507028393}",balanced_001_0119_00001238,55,1238,0.47138524055480957,5472294003561725701,0.2339472350140568,2.809299621731043e-05,0
0.0,0.23209191000205465,0.23209191000205465,0.2321520420082379,0.23209191000205465,1784947317.9166653,1784947317.1836126,1784947317.4336126,0.0,0.0,0.0,0.0,0.9999830722808838,0.0,ablate-end-only-resnet50-cifar10-pi5-r1-20260725-104127:v1,1,0.23209191000205465,unknown,0.0,0.0,0.0,0.0,0.0,"{'device': [0, 1, 2, 3, 4, 5, 6, 7, 8, 9, 10, 11, 12, 13, 14, 15, 16, 17, 18]}",19,final,device,True,9,1.0,5.0,1.0,0.2321520420082379,-0.16076021004118957,9,19eee91ec815463ab93c52df250d987e,56,"{'device_compute': 0.23209191000205465, 'd2e_transport': 0.0, 'edge_queue': 0.0, 'edge_segment_compute': 0.0, 'edge_exit_head_compute': 0.0, 'edge_exit_check': 0.0, 'e2c_transport': 0.0, 'cloud_queue': 0.0, 'cloud_segment_compute': 0.0, 'cloud_exit_head_compute': 0.0, 'cloud_exit_check': 0.0, 'total_latency': 0.2321520420082379, 'unattributed_overhead': 6.013200618326664e-05, 'request_id': '19eee91ec815463ab93c52df250d987e', 'user_id': 0, 'prediction': 9, 'exit_id': 'final', 'exit_boundary_id': 19, 'exit_location': 'device', 'confidence': 0.9999830722808838, 'executed_segments_by_node': {'device': [0, 1, 2, 3, 4, 5, 6, 7, 8, 9, 10, 11, 12, 13, 14, 15, 16, 17, 18]}, 'nodes': [{'node': 'device', 'executed_segments': [0, 1, 2, 3, 4, 5, 6, 7, 8, 9, 10, 11, 12, 13, 14, 15, 16, 17, 18], 'queue_s': 0.0, 'segment_compute_s': 0.2292212639877107, 'exit_head_compute_s': 0.002160564996302128, 'exit_check_s': 0.000243362010223791, 'worker_elapsed_s': 0.23209191000205465}], 'sample_id': 'balanced_009_0023_00000217', 'label': 9, 'correct': True, 'observed_utility': -0.16076021004118957}",balanced_009_0023_00000217,56,217,0.48305273056030273,5472294003561725701,0.2321520420082379,6.013200618326664e-05,0
0.0,0.23671771201770753,0.23671771201770753,0.23674591700546443,0.23671771201770753,1784947318.2132077,1784947317.490433,1784947317.740433,0.0,0.0,0.0,0.0,0.999945878982544,0.0,ablate-end-only-resnet50-cifar10-pi5-r1-20260725-104127:v1,1,0.23671771201770753,unknown,0.0,0.0,0.0,0.0,0.0,"{'device': [0, 1, 2, 3, 4, 5, 6, 7, 8, 9, 10, 11, 12, 13, 14, 15, 16, 17, 18]}",19,final,device,True,9,1.0,5.0,1.0,0.23674591700546443,-0.18372958502732217,9,672b12b70fcd4ea5be1bd111d88e4959,57,"{'device_compute': 0.23671771201770753, 'd2e_transport': 0.0, 'edge_queue': 0.0, 'edge_segment_compute': 0.0, 'edge_exit_head_compute': 0.0, 'edge_exit_check': 0.0, 'e2c_transport': 0.0, 'cloud_queue': 0.0, 'cloud_segment_compute': 0.0, 'cloud_exit_head_compute': 0.0, 'cloud_exit_check': 0.0, 'total_latency': 0.23674591700546443, 'unattributed_overhead': 2.820498775690794e-05, 'request_id': '672b12b70fcd4ea5be1bd111d88e4959', 'user_id': 0, 'prediction': 9, 'exit_id': 'final', 'exit_boundary_id': 19, 'exit_location': 'device', 'confidence': 0.999945878982544, 'executed_segments_by_node': {'device': [0, 1, 2, 3, 4, 5, 6, 7, 8, 9, 10, 11, 12, 13, 14, 15, 16, 17, 18]}, 'nodes': [{'node': 'device', 'executed_segments': [0, 1, 2, 3, 4, 5, 6, 7, 8, 9, 10, 11, 12, 13, 14, 15, 16, 17, 18], 'queue_s': 0.0, 'segment_compute_s': 0.23383589499280788, 'exit_head_compute_s': 0.002148804982425645, 'exit_check_s': 0.0002568420022726059, 'worker_elapsed_s': 0.23671771201770753}], 'sample_id': 'balanced_009_0200_00001980', 'label': 9, 'correct': True, 'observed_utility': -0.18372958502732217}",balanced_009_0200_00001980,57,1980,0.4727747440338135,5472294003561725701,0.23674591700546443,2.820498775690794e-05,0
0.0,0.23959521201322787,0.23959521201322787,0.23962386100902222,0.23959521201322787,1784947318.5236955,1784947317.8049595,1784947318.0549595,0.0,0.0,0.0,0.0,0.9999830722808838,0.0,ablate-end-only-resnet50-cifar10-pi5-r1-20260725-104127:v1,1,0.23959521201322787,unknown,0.0,0.0,0.0,0.0,0.0,"{'device': [0, 1, 2, 3, 4, 5, 6, 7, 8, 9, 10, 11, 12, 13, 14, 15, 16, 17, 18]}",19,final,device,True,0,1.0,5.0,1.0,0.23962386100902222,-0.1981193050451111,0,61a7a6a61a2c4b50a1a5fef95baedcf7,58,"{'device_compute': 0.23959521201322787, 'd2e_transport': 0.0, 'edge_queue': 0.0, 'edge_segment_compute': 0.0, 'edge_exit_head_compute': 0.0, 'edge_exit_check': 0.0, 'e2c_transport': 0.0, 'cloud_queue': 0.0, 'cloud_segment_compute': 0.0, 'cloud_exit_head_compute': 0.0, 'cloud_exit_check': 0.0, 'total_latency': 0.23962386100902222, 'unattributed_overhead': 2.864899579435587e-05, 'request_id': '61a7a6a61a2c4b50a1a5fef95baedcf7', 'user_id': 0, 'prediction': 0, 'exit_id': 'final', 'exit_boundary_id': 19, 'exit_location': 'device', 'confidence': 0.9999830722808838, 'executed_segments_by_node': {'device': [0, 1, 2, 3, 4, 5, 6, 7, 8, 9, 10, 11, 12, 13, 14, 15, 16, 17, 18]}, 'nodes': [{'node': 'device', 'executed_segments': [0, 1, 2, 3, 4, 5, 6, 7, 8, 9, 10, 11, 12, 13, 14, 15, 16, 17, 18], 'queue_s': 0.0, 'segment_compute_s': 0.23674821091117337, 'exit_head_compute_s': 0.002147749997675419, 'exit_check_s': 0.00024043500889092684, 'worker_elapsed_s': 0.23959521201322787}], 'sample_id': 'balanced_000_0768_00007692', 'label': 0, 'correct': True, 'observed_utility': -0.1981193050451111}",balanced_000_0768_00007692,58,7692,0.468735933303833,5472294003561725701,0.23962386100902222,2.864899579435587e-05,0
0.0,0.23513677599839866,0.23513677599839866,0.2351652589859441,0.23513677599839866,1784947318.8225012,1784947318.1048222,1784947318.3548222,0.0,0.0,0.0,0.0,0.9984808564186096,0.0,ablate-end-only-resnet50-cifar10-pi5-r1-20260725-104127:v1,1,0.23513677599839866,unknown,0.0,0.0,0.0,0.0,0.0,"{'device': [0, 1, 2, 3, 4, 5, 6, 7, 8, 9, 10, 11, 12, 13, 14, 15, 16, 17, 18]}",19,final,device,True,7,1.0,5.0,1.0,0.2351652589859441,-0.17582629492972046,7,0c64407ea17b480c94da4ab669b40240,59,"{'device_compute': 0.23513677599839866, 'd2e_transport': 0.0, 'edge_queue': 0.0, 'edge_segment_compute': 0.0, 'edge_exit_head_compute': 0.0, 'edge_exit_check': 0.0, 'e2c_transport': 0.0, 'cloud_queue': 0.0, 'cloud_segment_compute': 0.0, 'cloud_exit_head_compute': 0.0, 'cloud_exit_check': 0.0, 'total_latency': 0.2351652589859441, 'unattributed_overhead': 2.848298754543066e-05, 'request_id': '0c64407ea17b480c94da4ab669b40240', 'user_id': 0, 'prediction': 7, 'exit_id': 'final', 'exit_boundary_id': 19, 'exit_location': 'device', 'confidence': 0.9984808564186096, 'executed_segments_by_node': {'device': [0, 1, 2, 3, 4, 5, 6, 7, 8, 9, 10, 11, 12, 13, 14, 15, 16, 17, 18]}, 'nodes': [{'node': 'device', 'executed_segments': [0, 1, 2, 3, 4, 5, 6, 7, 8, 9, 10, 11, 12, 13, 14, 15, 16, 17, 18], 'queue_s': 0.0, 'segment_compute_s': 0.23230833598063327, 'exit_head_compute_s': 0.0021108409855514765, 'exit_check_s': 0.0002461010299157351, 'worker_elapsed_s': 0.23513677599839866}], 'sample_id': 'balanced_007_0665_00006517', 'label': 7, 'correct': True, 'observed_utility': -0.17582629492972046}",balanced_007_0665_00006517,59,6517,0.4676790237426758,5472294003561725701,0.2351652589859441,2.848298754543066e-05,0
0.0,0.24241141098900698,0.24241141098900698,0.2424410610110499,0.24241141098900698,1784947319.1385615,1784947318.4159117,1784947318.6659117,0.0,0.0,0.0,0.0,0.999984622001648,0.0,ablate-end-only-resnet50-cifar10-pi5-r1-20260725-104127:v1,1,0.24241141098900698,unknown,0.0,0.0,0.0,0.0,0.0,"{'device': [0, 1, 2, 3, 4, 5, 6, 7, 8, 9, 10, 11, 12, 13, 14, 15, 16, 17, 18]}",19,final,device,True,5,1.0,5.0,1.0,0.2424410610110499,-0.21220530505524948,5,d17e443d945346548aaff279f441c6f0,60,"{'device_compute': 0.24241141098900698, 'd2e_transport': 0.0, 'edge_queue': 0.0, 'edge_segment_compute': 0.0, 'edge_exit_head_compute': 0.0, 'edge_exit_check': 0.0, 'e2c_transport': 0.0, 'cloud_queue': 0.0, 'cloud_segment_compute': 0.0, 'cloud_exit_head_compute': 0.0, 'cloud_exit_check': 0.0, 'total_latency': 0.2424410610110499, 'unattributed_overhead': 2.9650022042915225e-05, 'request_id': 'd17e443d945346548aaff279f441c6f0', 'user_id': 0, 'prediction': 5, 'exit_id': 'final', 'exit_boundary_id': 19, 'exit_location': 'device', 'confidence': 0.999984622001648, 'executed_segments_by_node': {'device': [0, 1, 2, 3, 4, 5, 6, 7, 8, 9, 10, 11, 12, 13, 14, 15, 16, 17, 18]}, 'nodes': [{'node': 'device', 'executed_segments': [0, 1, 2, 3, 4, 5, 6, 7, 8, 9, 10, 11, 12, 13, 14, 15, 16, 17, 18], 'queue_s': 0.0, 'segment_compute_s': 0.2389944640453905, 'exit_head_compute_s': 0.0026920119707938284, 'exit_check_s': 0.00025456497678533196, 'worker_elapsed_s': 0.24241141098900698}], 'sample_id': 'balanced_005_0614_00006120', 'label': 5, 'correct': True, 'observed_utility': -0.21220530505524948}",balanced_005_0614_00006120,60,6120,0.47264981269836426,5472294003561725701,0.2424410610110499,2.9650022042915225e-05,0
0.0,0.2358787709963508,0.2358787709963508,0.23590743899694644,0.2358787709963508,1784947319.439259,1784947318.7213287,1784947318.9713287,0.0,0.0,0.0,0.0,0.9998199343681335,0.0,ablate-end-only-resnet50-cifar10-pi5-r1-20260725-104127:v1,1,0.2358787709963508,unknown,0.0,0.0,0.0,0.0,0.0,"{'device': [0, 1, 2, 3, 4, 5, 6, 7, 8, 9, 10, 11, 12, 13, 14, 15, 16, 17, 18]}",19,final,device,True,3,1.0,5.0,1.0,0.23590743899694644,-0.1795371949847322,3,487b7c0d9f66442b8a5ce428fa79d752,61,"{'device_compute': 0.2358787709963508, 'd2e_transport': 0.0, 'edge_queue': 0.0, 'edge_segment_compute': 0.0, 'edge_exit_head_compute': 0.0, 'edge_exit_check': 0.0, 'e2c_transport': 0.0, 'cloud_queue': 0.0, 'cloud_segment_compute': 0.0, 'cloud_exit_head_compute': 0.0, 'cloud_exit_check': 0.0, 'total_latency': 0.23590743899694644, 'unattributed_overhead': 2.8668000595644116e-05, 'request_id': '487b7c0d9f66442b8a5ce428fa79d752', 'user_id': 0, 'prediction': 3, 'exit_id': 'final', 'exit_boundary_id': 19, 'exit_location': 'device', 'confidence': 0.9998199343681335, 'executed_segments_by_node': {'device': [0, 1, 2, 3, 4, 5, 6, 7, 8, 9, 10, 11, 12, 13, 14, 15, 16, 17, 18]}, 'nodes': [{'node': 'device', 'executed_segments': [0, 1, 2, 3, 4, 5, 6, 7, 8, 9, 10, 11, 12, 13, 14, 15, 16, 17, 18], 'queue_s': 0.0, 'segment_compute_s': 0.2328845071606338, 'exit_head_compute_s': 0.002266271010739729, 'exit_check_s': 0.00025413898401893675, 'worker_elapsed_s': 0.2358787709963508}], 'sample_id': 'balanced_003_0813_00008131', 'label': 3, 'correct': True, 'observed_utility': -0.1795371949847322}",balanced_003_0813_00008131,61,8131,0.46793031692504883,5472294003561725701,0.23590743899694644,2.8668000595644116e-05,0
0.0,0.24086788902059197,0.24086788902059197,0.2408970750111621,0.24086788902059197,1784947319.749169,1784947319.0295167,1784947319.2795167,0.0,0.0,0.0,0.0,0.9999992847442627,0.0,ablate-end-only-resnet50-cifar10-pi5-r1-20260725-104127:v1,1,0.24086788902059197,unknown,0.0,0.0,0.0,0.0,0.0,"{'device': [0, 1, 2, 3, 4, 5, 6, 7, 8, 9, 10, 11, 12, 13, 14, 15, 16, 17, 18]}",19,final,device,True,5,1.0,5.0,1.0,0.2408970750111621,-0.20448537505581044,5,25acca790f9847bfbcc1f5caff657f13,62,"{'device_compute': 0.24086788902059197, 'd2e_transport': 0.0, 'edge_queue': 0.0, 'edge_segment_compute': 0.0, 'edge_exit_head_compute': 0.0, 'edge_exit_check': 0.0, 'e2c_transport': 0.0, 'cloud_queue': 0.0, 'cloud_segment_compute': 0.0, 'cloud_exit_head_compute': 0.0, 'cloud_exit_check': 0.0, 'total_latency': 0.2408970750111621, 'unattributed_overhead': 2.9185990570113063e-05, 'request_id': '25acca790f9847bfbcc1f5caff657f13', 'user_id': 0, 'prediction': 5, 'exit_id': 'final', 'exit_boundary_id': 19, 'exit_location': 'device', 'confidence': 0.9999992847442627, 'executed_segments_by_node': {'device': [0, 1, 2, 3, 4, 5, 6, 7, 8, 9, 10, 11, 12, 13, 14, 15, 16, 17, 18]}, 'nodes': [{'node': 'device', 'executed_segments': [0, 1, 2, 3, 4, 5, 6, 7, 8, 9, 10, 11, 12, 13, 14, 15, 16, 17, 18], 'queue_s': 0.0, 'segment_compute_s': 0.2379419069038704, 'exit_head_compute_s': 0.002198825008235872, 'exit_check_s': 0.0002472879714332521, 'worker_elapsed_s': 0.24086788902059197}], 'sample_id': 'balanced_005_0765_00007528', 'label': 5, 'correct': True, 'observed_utility': -0.20448537505581044}",balanced_005_0765_00007528,62,7528,0.4696524143218994,5472294003561725701,0.2408970750111621,2.9185990570113063e-05,0
0.0,0.24252480201539584,0.24252480201539584,0.2425543780263979,0.24252480201539584,1784947320.059357,1784947319.339995,1784947319.589995,0.0,0.0,0.0,0.0,0.9998550415039062,0.0,ablate-end-only-resnet50-cifar10-pi5-r1-20260725-104127:v1,1,0.24252480201539584,unknown,0.0,0.0,0.0,0.0,0.0,"{'device': [0, 1, 2, 3, 4, 5, 6, 7, 8, 9, 10, 11, 12, 13, 14, 15, 16, 17, 18]}",19,final,device,True,6,1.0,5.0,1.0,0.2425543780263979,-0.2127718901319895,6,e726ea057d1248799c75664ee879c7ff,63,"{'device_compute': 0.24252480201539584, 'd2e_transport': 0.0, 'edge_queue': 0.0, 'edge_segment_compute': 0.0, 'edge_exit_head_compute': 0.0, 'edge_exit_check': 0.0, 'e2c_transport': 0.0, 'cloud_queue': 0.0, 'cloud_segment_compute': 0.0, 'cloud_exit_head_compute': 0.0, 'cloud_exit_check': 0.0, 'total_latency': 0.2425543780263979, 'unattributed_overhead': 2.957601100206375e-05, 'request_id': 'e726ea057d1248799c75664ee879c7ff', 'user_id': 0, 'prediction': 6, 'exit_id': 'final', 'exit_boundary_id': 19, 'exit_location': 'device', 'confidence': 0.9998550415039062, 'executed_segments_by_node': {'device': [0, 1, 2, 3, 4, 5, 6, 7, 8, 9, 10, 11, 12, 13, 14, 15, 16, 17, 18]}, 'nodes': [{'node': 'device', 'executed_segments': [0, 1, 2, 3, 4, 5, 6, 7, 8, 9, 10, 11, 12, 13, 14, 15, 16, 17, 18], 'queue_s': 0.0, 'segment_compute_s': 0.23965624696575105, 'exit_head_compute_s': 0.002140174969099462, 'exit_check_s': 0.0002495469816494733, 'worker_elapsed_s': 0.24252480201539584}], 'sample_id': 'balanced_006_0835_00008425', 'label': 6, 'correct': True, 'observed_utility': -0.2127718901319895}",balanced_006_0835_00008425,63,8425,0.4693620204925537,5472294003561725701,0.2425543780263979,2.957601100206375e-05,0
0.0,0.2472463549929671,0.2472463549929671,0.24727520797750913,0.2472463549929671,1784947320.3612933,1784947319.6425714,1784947319.8925714,0.0,0.0,0.0,0.0,0.9978213310241699,0.0,ablate-end-only-resnet50-cifar10-pi5-r1-20260725-104127:v1,1,0.2472463549929671,unknown,0.0,0.0,0.0,0.0,0.0,"{'device': [0, 1, 2, 3, 4, 5, 6, 7, 8, 9, 10, 11, 12, 13, 14, 15, 16, 17, 18]}",19,final,device,True,3,1.0,5.0,1.0,0.24727520797750913,-0.23637603988754563,3,f8a962d0d93d4735bc2f44c999e11314,64,"{'device_compute': 0.2472463549929671, 'd2e_transport': 0.0, 'edge_queue': 0.0, 'edge_segment_compute': 0.0, 'edge_exit_head_compute': 0.0, 'edge_exit_check': 0.0, 'e2c_transport': 0.0, 'cloud_queue': 0.0, 'cloud_segment_compute': 0.0, 'cloud_exit_head_compute': 0.0, 'cloud_exit_check': 0.0, 'total_latency': 0.24727520797750913, 'unattributed_overhead': 2.8852984542027116e-05, 'request_id': 'f8a962d0d93d4735bc2f44c999e11314', 'user_id': 0, 'prediction': 3, 'exit_id': 'final', 'exit_boundary_id': 19, 'exit_location': 'device', 'confidence': 0.9978213310241699, 'executed_segments_by_node': {'device': [0, 1, 2, 3, 4, 5, 6, 7, 8, 9, 10, 11, 12, 13, 14, 15, 16, 17, 18]}, 'nodes': [{'node': 'device', 'executed_segments': [0, 1, 2, 3, 4, 5, 6, 7, 8, 9, 10, 11, 12, 13, 14, 15, 16, 17, 18], 'queue_s': 0.0, 'segment_compute_s': 0.24427157404716127, 'exit_head_compute_s': 0.0021953429968561977, 'exit_check_s': 0.0002891959738917649, 'worker_elapsed_s': 0.2472463549929671}], 'sample_id': 'balanced_003_0794_00007933', 'label': 3, 'correct': True, 'observed_utility': -0.23637603988754563}",balanced_003_0794_00007933,64,7933,0.468721866607666,5472294003561725701,0.24727520797750913,2.8852984542027116e-05,0
0.0,0.24277616399922408,0.24277616399922408,0.24280527600785717,0.24277616399922408,1784947320.6712239,1784947319.950986,1784947320.200986,0.0,0.0,0.0,0.0,0.7627691626548767,0.0,ablate-end-only-resnet50-cifar10-pi5-r1-20260725-104127:v1,1,0.24277616399922408,unknown,0.0,0.0,0.0,0.0,0.0,"{'device': [0, 1, 2, 3, 4, 5, 6, 7, 8, 9, 10, 11, 12, 13, 14, 15, 16, 17, 18]}",19,final,device,True,5,1.0,5.0,1.0,0.24280527600785717,-0.21402638003928587,5,70222a3646dd4e859e5f642141a73239,65,"{'device_compute': 0.24277616399922408, 'd2e_transport': 0.0, 'edge_queue': 0.0, 'edge_segment_compute': 0.0, 'edge_exit_head_compute': 0.0, 'edge_exit_check': 0.0, 'e2c_transport': 0.0, 'cloud_queue': 0.0, 'cloud_segment_compute': 0.0, 'cloud_exit_head_compute': 0.0, 'cloud_exit_check': 0.0, 'total_latency': 0.24280527600785717, 'unattributed_overhead': 2.9112008633092046e-05, 'request_id': '70222a3646dd4e859e5f642141a73239', 'user_id': 0, 'prediction': 5, 'exit_id': 'final', 'exit_boundary_id': 19, 'exit_location': 'device', 'confidence': 0.7627691626548767, 'executed_segments_by_node': {'device': [0, 1, 2, 3, 4, 5, 6, 7, 8, 9, 10, 11, 12, 13, 14, 15, 16, 17, 18]}, 'nodes': [{'node': 'device', 'executed_segments': [0, 1, 2, 3, 4, 5, 6, 7, 8, 9, 10, 11, 12, 13, 14, 15, 16, 17, 18], 'queue_s': 0.0, 'segment_compute_s': 0.23985229394747876, 'exit_head_compute_s': 0.0022021039912942797, 'exit_check_s': 0.00024549203226342797, 'worker_elapsed_s': 0.24277616399922408}], 'sample_id': 'balanced_005_0716_00007127', 'label': 5, 'correct': True, 'observed_utility': -0.21402638003928587}",balanced_005_0716_00007127,65,7127,0.47023797035217285,5472294003561725701,0.24280527600785717,2.9112008633092046e-05,0
0.0,0.2347131129936315,0.2347131129936315,0.23474153998540714,0.2347131129936315,1784947320.9807668,1784947320.259815,1784947320.509815,0.0,0.0,0.0,0.0,0.9999998807907104,0.0,ablate-end-only-resnet50-cifar10-pi5-r1-20260725-104127:v1,1,0.2347131129936315,unknown,0.0,0.0,0.0,0.0,0.0,"{'device': [0, 1, 2, 3, 4, 5, 6, 7, 8, 9, 10, 11, 12, 13, 14, 15, 16, 17, 18]}",19,final,device,True,2,1.0,5.0,1.0,0.23474153998540714,-0.17370769992703572,2,239f90fd75cc4f5288d0922a9b455702,66,"{'device_compute': 0.2347131129936315, 'd2e_transport': 0.0, 'edge_queue': 0.0, 'edge_segment_compute': 0.0, 'edge_exit_head_compute': 0.0, 'edge_exit_check': 0.0, 'e2c_transport': 0.0, 'cloud_queue': 0.0, 'cloud_segment_compute': 0.0, 'cloud_exit_head_compute': 0.0, 'cloud_exit_check': 0.0, 'total_latency': 0.23474153998540714, 'unattributed_overhead': 2.8426991775631905e-05, 'request_id': '239f90fd75cc4f5288d0922a9b455702', 'user_id': 0, 'prediction': 2, 'exit_id': 'final', 'exit_boundary_id': 19, 'exit_location': 'device', 'confidence': 0.9999998807907104, 'executed_segments_by_node': {'device': [0, 1, 2, 3, 4, 5, 6, 7, 8, 9, 10, 11, 12, 13, 14, 15, 16, 17, 18]}, 'nodes': [{'node': 'device', 'executed_segments': [0, 1, 2, 3, 4, 5, 6, 7, 8, 9, 10, 11, 12, 13, 14, 15, 16, 17, 18], 'queue_s': 0.0, 'segment_compute_s': 0.2317070339631755, 'exit_head_compute_s': 0.002225899981567636, 'exit_check_s': 0.0002522679860703647, 'worker_elapsed_s': 0.2347131129936315}], 'sample_id': 'balanced_002_0340_00003313', 'label': 2, 'correct': True, 'observed_utility': -0.17370769992703572}",balanced_002_0340_00003313,66,3313,0.47095179557800293,5472294003561725701,0.23474153998540714,2.8426991775631905e-05,0
0.0,0.24632911299704574,0.24632911299704574,0.24635833699721843,0.24632911299704574,1784947321.303648,1784947320.5822356,1784947320.8322356,0.0,0.0,0.0,0.0,0.9999909400939941,0.0,ablate-end-only-resnet50-cifar10-pi5-r1-20260725-104127:v1,1,0.24632911299704574,unknown,0.0,0.0,0.0,0.0,0.0,"{'device': [0, 1, 2, 3, 4, 5, 6, 7, 8, 9, 10, 11, 12, 13, 14, 15, 16, 17, 18]}",19,final,device,True,6,1.0,5.0,1.0,0.24635833699721843,-0.23179168498609215,6,cde8a72ef02a4014bc1639987ee282f0,67,"{'device_compute': 0.24632911299704574, 'd2e_transport': 0.0, 'edge_queue': 0.0, 'edge_segment_compute': 0.0, 'edge_exit_head_compute': 0.0, 'edge_exit_check': 0.0, 'e2c_transport': 0.0, 'cloud_queue': 0.0, 'cloud_segment_compute': 0.0, 'cloud_exit_head_compute': 0.0, 'cloud_exit_check': 0.0, 'total_latency': 0.24635833699721843, 'unattributed_overhead': 2.9224000172689557e-05, 'request_id': 'cde8a72ef02a4014bc1639987ee282f0', 'user_id': 0, 'prediction': 6, 'exit_id': 'final', 'exit_boundary_id': 19, 'exit_location': 'device', 'confidence': 0.9999909400939941, 'executed_segments_by_node': {'device': [0, 1, 2, 3, 4, 5, 6, 7, 8, 9, 10, 11, 12, 13, 14, 15, 16, 17, 18]}, 'nodes': [{'node': 'device', 'executed_segments': [0, 1, 2, 3, 4, 5, 6, 7, 8, 9, 10, 11, 12, 13, 14, 15, 16, 17, 18], 'queue_s': 0.0, 'segment_compute_s': 0.2434629499912262, 'exit_head_compute_s': 0.0021353409974835813, 'exit_check_s': 0.00025539699709042907, 'worker_elapsed_s': 0.24632911299704574}], 'sample_id': 'balanced_006_0329_00003286', 'label': 6, 'correct': True, 'observed_utility': -0.23179168498609215}",balanced_006_0329_00003286,67,3286,0.47141242027282715,5472294003561725701,0.24635833699721843,2.9224000172689557e-05,0
0.0,0.2638832700031344,0.2638832700031344,0.2639116409991402,0.2638832700031344,1784947321.5981245,1784947320.8736773,1784947321.1236773,0.0,0.0,0.0,0.0,0.9618003368377686,0.0,ablate-end-only-resnet50-cifar10-pi5-r1-20260725-104127:v1,1,0.2638832700031344,unknown,0.0,0.0,0.0,0.0,0.0,"{'device': [0, 1, 2, 3, 4, 5, 6, 7, 8, 9, 10, 11, 12, 13, 14, 15, 16, 17, 18]}",19,final,device,False,3,1.0,5.0,0.0,0.2639116409991402,-1.319558204995701,5,11fe17ccaab3475b92bc44954e5dde78,68,"{'device_compute': 0.2638832700031344, 'd2e_transport': 0.0, 'edge_queue': 0.0, 'edge_segment_compute': 0.0, 'edge_exit_head_compute': 0.0, 'edge_exit_check': 0.0, 'e2c_transport': 0.0, 'cloud_queue': 0.0, 'cloud_segment_compute': 0.0, 'cloud_exit_head_compute': 0.0, 'cloud_exit_check': 0.0, 'total_latency': 0.2639116409991402, 'unattributed_overhead': 2.837099600583315e-05, 'request_id': '11fe17ccaab3475b92bc44954e5dde78', 'user_id': 0, 'prediction': 5, 'exit_id': 'final', 'exit_boundary_id': 19, 'exit_location': 'device', 'confidence': 0.9618003368377686, 'executed_segments_by_node': {'device': [0, 1, 2, 3, 4, 5, 6, 7, 8, 9, 10, 11, 12, 13, 14, 15, 16, 17, 18]}, 'nodes': [{'node': 'device', 'executed_segments': [0, 1, 2, 3, 4, 5, 6, 7, 8, 9, 10, 11, 12, 13, 14, 15, 16, 17, 18], 'queue_s': 0.0, 'segment_compute_s': 0.26098171100602485, 'exit_head_compute_s': 0.0021487309713847935, 'exit_check_s': 0.0002492880157660693, 'worker_elapsed_s': 0.2638832700031344}], 'sample_id': 'balanced_003_0300_00003049', 'label': 3, 'correct': False, 'observed_utility': -1.319558204995701}",balanced_003_0300_00003049,68,3049,0.47444725036621094,5472294003561725701,0.2639116409991402,2.837099600583315e-05,0
0.0,0.24617866799235344,0.24617866799235344,0.24620766899897717,0.24617866799235344,1784947321.9098332,1784947321.185035,1784947321.435035,0.0,0.0,0.0,0.0,0.9999973773956299,0.0,ablate-end-only-resnet50-cifar10-pi5-r1-20260725-104127:v1,1,0.24617866799235344,unknown,0.0,0.0,0.0,0.0,0.0,"{'device': [0, 1, 2, 3, 4, 5, 6, 7, 8, 9, 10, 11, 12, 13, 14, 15, 16, 17, 18]}",19,final,device,True,9,1.0,5.0,1.0,0.24620766899897717,-0.23103834499488585,9,e0f2d7efdacd451286cd6325f712397a,69,"{'device_compute': 0.24617866799235344, 'd2e_transport': 0.0, 'edge_queue': 0.0, 'edge_segment_compute': 0.0, 'edge_exit_head_compute': 0.0, 'edge_exit_check': 0.0, 'e2c_transport': 0.0, 'cloud_queue': 0.0, 'cloud_segment_compute': 0.0, 'cloud_exit_head_compute': 0.0, 'cloud_exit_check': 0.0, 'total_latency': 0.24620766899897717, 'unattributed_overhead': 2.9001006623730063e-05, 'request_id': 'e0f2d7efdacd451286cd6325f712397a', 'user_id': 0, 'prediction': 9, 'exit_id': 'final', 'exit_boundary_id': 19, 'exit_location': 'device', 'confidence': 0.9999973773956299, 'executed_segments_by_node': {'device': [0, 1, 2, 3, 4, 5, 6, 7, 8, 9, 10, 11, 12, 13, 14, 15, 16, 17, 18]}, 'nodes': [{'node': 'device', 'executed_segments': [0, 1, 2, 3, 4, 5, 6, 7, 8, 9, 10, 11, 12, 13, 14, 15, 16, 17, 18], 'queue_s': 0.0, 'segment_compute_s': 0.2433056870358996, 'exit_head_compute_s': 0.0021450630156323314, 'exit_check_s': 0.0002475099463481456, 'worker_elapsed_s': 0.24617866799235344}], 'sample_id': 'balanced_009_0935_00009382', 'label': 9, 'correct': True, 'observed_utility': -0.23103834499488585}",balanced_009_0935_00009382,69,9382,0.47479820251464844,5472294003561725701,0.24620766899897717,2.9001006623730063e-05,0
0.0,0.25860072899376974,0.25860072899376974,0.2586349709890783,0.25860072899376974,1784947322.2073183,1784947321.4891047,1784947321.7391047,0.0,0.0,0.0,0.0,0.9997881054878235,0.0,ablate-end-only-resnet50-cifar10-pi5-r1-20260725-104127:v1,1,0.25860072899376974,unknown,0.0,0.0,0.0,0.0,0.0,"{'device': [0, 1, 2, 3, 4, 5, 6, 7, 8, 9, 10, 11, 12, 13, 14, 15, 16, 17, 18]}",19,final,device,True,2,1.0,5.0,1.0,0.2586349709890783,-0.2931748549453914,2,bfce622499ed41e79902eb1341b10dfb,70,"{'device_compute': 0.25860072899376974, 'd2e_transport': 0.0, 'edge_queue': 0.0, 'edge_segment_compute': 0.0, 'edge_exit_head_compute': 0.0, 'edge_exit_check': 0.0, 'e2c_transport': 0.0, 'cloud_queue': 0.0, 'cloud_segment_compute': 0.0, 'cloud_exit_head_compute': 0.0, 'cloud_exit_check': 0.0, 'total_latency': 0.2586349709890783, 'unattributed_overhead': 3.424199530854821e-05, 'request_id': 'bfce622499ed41e79902eb1341b10dfb', 'user_id': 0, 'prediction': 2, 'exit_id': 'final', 'exit_boundary_id': 19, 'exit_location': 'device', 'confidence': 0.9997881054878235, 'executed_segments_by_node': {'device': [0, 1, 2, 3, 4, 5, 6, 7, 8, 9, 10, 11, 12, 13, 14, 15, 16, 17, 18]}, 'nodes': [{'node': 'device', 'executed_segments': [0, 1, 2, 3, 4, 5, 6, 7, 8, 9, 10, 11, 12, 13, 14, 15, 16, 17, 18], 'queue_s': 0.0, 'segment_compute_s': 0.2557145599857904, 'exit_head_compute_s': 0.0021485809702426195, 'exit_check_s': 0.00025512100546620786, 'worker_elapsed_s': 0.25860072899376974}], 'sample_id': 'balanced_002_0344_00003328', 'label': 2, 'correct': True, 'observed_utility': -0.2931748549453914}",balanced_002_0344_00003328,70,3328,0.4682135581970215,5472294003561725701,0.2586349709890783,3.424199530854821e-05,0
0.0,0.24534522101748735,0.24534522101748735,0.24537455599056557,0.24534522101748735,1784947322.513843,1784947321.7946634,1784947322.0446634,0.0,0.0,0.0,0.0,0.9999997615814209,0.0,ablate-end-only-resnet50-cifar10-pi5-r1-20260725-104127:v1,1,0.24534522101748735,unknown,0.0,0.0,0.0,0.0,0.0,"{'device': [0, 1, 2, 3, 4, 5, 6, 7, 8, 9, 10, 11, 12, 13, 14, 15, 16, 17, 18]}",19,final,device,True,8,1.0,5.0,1.0,0.24537455599056557,-0.22687277995282784,8,320985fdc9dd4387a6fe41c66eb9070a,71,"{'device_compute': 0.24534522101748735, 'd2e_transport': 0.0, 'edge_queue': 0.0, 'edge_segment_compute': 0.0, 'edge_exit_head_compute': 0.0, 'edge_exit_check': 0.0, 'e2c_transport': 0.0, 'cloud_queue': 0.0, 'cloud_segment_compute': 0.0, 'cloud_exit_head_compute': 0.0, 'cloud_exit_check': 0.0, 'total_latency': 0.24537455599056557, 'unattributed_overhead': 2.9334973078221083e-05, 'request_id': '320985fdc9dd4387a6fe41c66eb9070a', 'user_id': 0, 'prediction': 8, 'exit_id': 'final', 'exit_boundary_id': 19, 'exit_location': 'device', 'confidence': 0.9999997615814209, 'executed_segments_by_node': {'device': [0, 1, 2, 3, 4, 5, 6, 7, 8, 9, 10, 11, 12, 13, 14, 15, 16, 17, 18]}, 'nodes': [{'node': 'device', 'executed_segments': [0, 1, 2, 3, 4, 5, 6, 7, 8, 9, 10, 11, 12, 13, 14, 15, 16, 17, 18], 'queue_s': 0.0, 'segment_compute_s': 0.24242972207139246, 'exit_head_compute_s': 0.002179508999688551, 'exit_check_s': 0.0002535110106691718, 'worker_elapsed_s': 0.24534522101748735}], 'sample_id': 'balanced_008_0313_00002980', 'label': 8, 'correct': True, 'observed_utility': -0.22687277995282784}",balanced_008_0313_00002980,71,2980,0.469179630279541,5472294003561725701,0.24537455599056557,2.9334973078221083e-05,0
0.0,0.24800455800141208,0.24800455800141208,0.24803370700101368,0.24800455800141208,1784947322.8232746,1784947322.1037858,1784947322.3537858,0.0,0.0,0.0,0.0,0.9986819624900818,0.0,ablate-end-only-resnet50-cifar10-pi5-r1-20260725-104127:v1,1,0.24800455800141208,unknown,0.0,0.0,0.0,0.0,0.0,"{'device': [0, 1, 2, 3, 4, 5, 6, 7, 8, 9, 10, 11, 12, 13, 14, 15, 16, 17, 18]}",19,final,device,True,4,1.0,5.0,1.0,0.24803370700101368,-0.2401685350050684,4,a045f55f90bd496ab7c937fd4f15b857,72,"{'device_compute': 0.24800455800141208, 'd2e_transport': 0.0, 'edge_queue': 0.0, 'edge_segment_compute': 0.0, 'edge_exit_head_compute': 0.0, 'edge_exit_check': 0.0, 'e2c_transport': 0.0, 'cloud_queue': 0.0, 'cloud_segment_compute': 0.0, 'cloud_exit_head_compute': 0.0, 'cloud_exit_check': 0.0, 'total_latency': 0.24803370700101368, 'unattributed_overhead': 2.9148999601602554e-05, 'request_id': 'a045f55f90bd496ab7c937fd4f15b857', 'user_id': 0, 'prediction': 4, 'exit_id': 'final', 'exit_boundary_id': 19, 'exit_location': 'device', 'confidence': 0.9986819624900818, 'executed_segments_by_node': {'device': [0, 1, 2, 3, 4, 5, 6, 7, 8, 9, 10, 11, 12, 13, 14, 15, 16, 17, 18]}, 'nodes': [{'node': 'device', 'executed_segments': [0, 1, 2, 3, 4, 5, 6, 7, 8, 9, 10, 11, 12, 13, 14, 15, 16, 17, 18], 'queue_s': 0.0, 'segment_compute_s': 0.24509218602906913, 'exit_head_compute_s': 0.0021966389613226056, 'exit_check_s': 0.00024725100956857204, 'worker_elapsed_s': 0.24800455800141208}], 'sample_id': 'balanced_004_0204_00002075', 'label': 4, 'correct': True, 'observed_utility': -0.2401685350050684}",balanced_004_0204_00002075,72,2075,0.46948885917663574,5472294003561725701,0.24803370700101368,2.9148999601602554e-05,0
0.0,0.24256490901461802,0.24256490901461802,0.24259428001823835,0.24256490901461802,1784947323.134478,1784947322.4169397,1784947322.6669397,0.0,0.0,0.0,0.0,0.9999947547912598,0.0,ablate-end-only-resnet50-cifar10-pi5-r1-20260725-104127:v1,1,0.24256490901461802,unknown,0.0,0.0,0.0,0.0,0.0,"{'device': [0, 1, 2, 3, 4, 5, 6, 7, 8, 9, 10, 11, 12, 13, 14, 15, 16, 17, 18]}",19,final,device,True,6,1.0,5.0,1.0,0.24259428001823835,-0.21297140009119175,6,cf98fd2ce392457c9975e0b381972299,73,"{'device_compute': 0.24256490901461802, 'd2e_transport': 0.0, 'edge_queue': 0.0, 'edge_segment_compute': 0.0, 'edge_exit_head_compute': 0.0, 'edge_exit_check': 0.0, 'e2c_transport': 0.0, 'cloud_queue': 0.0, 'cloud_segment_compute': 0.0, 'cloud_exit_head_compute': 0.0, 'cloud_exit_check': 0.0, 'total_latency': 0.24259428001823835, 'unattributed_overhead': 2.937100362032652e-05, 'request_id': 'cf98fd2ce392457c9975e0b381972299', 'user_id': 0, 'prediction': 6, 'exit_id': 'final', 'exit_boundary_id': 19, 'exit_location': 'device', 'confidence': 0.9999947547912598, 'executed_segments_by_node': {'device': [0, 1, 2, 3, 4, 5, 6, 7, 8, 9, 10, 11, 12, 13, 14, 15, 16, 17, 18]}, 'nodes': [{'node': 'device', 'executed_segments': [0, 1, 2, 3, 4, 5, 6, 7, 8, 9, 10, 11, 12, 13, 14, 15, 16, 17, 18], 'queue_s': 0.0, 'segment_compute_s': 0.23807705292711034, 'exit_head_compute_s': 0.0037176420155446976, 'exit_check_s': 0.00026202897424809635, 'worker_elapsed_s': 0.24256490901461802}], 'sample_id': 'balanced_006_0495_00005052', 'label': 6, 'correct': True, 'observed_utility': -0.21297140009119175}",balanced_006_0495_00005052,73,5052,0.46753835678100586,5472294003561725701,0.24259428001823835,2.937100362032652e-05,0
0.0,0.25639804897946306,0.25639804897946306,0.25642636499833316,0.25639804897946306,1784947323.4397347,1784947322.7150824,1784947322.9650824,0.0,0.0,0.0,0.0,0.9999854564666748,0.0,ablate-end-only-resnet50-cifar10-pi5-r1-20260725-104127:v2,2,0.25639804897946306,unknown,0.0,0.0,0.0,0.0,0.0,"{'device': [0, 1, 2, 3, 4, 5, 6, 7, 8, 9, 10, 11, 12, 13, 14, 15, 16, 17, 18]}",19,final,device,True,8,1.0,5.0,1.0,0.25642636499833316,-0.2821318249916658,8,ea0f369b1100490594f8ea7d3f893042,74,"{'device_compute': 0.25639804897946306, 'd2e_transport': 0.0, 'edge_queue': 0.0, 'edge_segment_compute': 0.0, 'edge_exit_head_compute': 0.0, 'edge_exit_check': 0.0, 'e2c_transport': 0.0, 'cloud_queue': 0.0, 'cloud_segment_compute': 0.0, 'cloud_exit_head_compute': 0.0, 'cloud_exit_check': 0.0, 'total_latency': 0.25642636499833316, 'unattributed_overhead': 2.831601887010038e-05, 'request_id': 'ea0f369b1100490594f8ea7d3f893042', 'user_id': 0, 'prediction': 8, 'exit_id': 'final', 'exit_boundary_id': 19, 'exit_location': 'device', 'confidence': 0.9999854564666748, 'executed_segments_by_node': {'device': [0, 1, 2, 3, 4, 5, 6, 7, 8, 9, 10, 11, 12, 13, 14, 15, 16, 17, 18]}, 'nodes': [{'node': 'device', 'executed_segments': [0, 1, 2, 3, 4, 5, 6, 7, 8, 9, 10, 11, 12, 13, 14, 15, 16, 17, 18], 'queue_s': 0.0, 'segment_compute_s': 0.2527452810027171, 'exit_head_compute_s': 0.002926649001892656, 'exit_check_s': 0.0002486759622115642, 'worker_elapsed_s': 0.25639804897946306}], 'sample_id': 'balanced_008_0551_00005648', 'label': 8, 'correct': True, 'observed_utility': -0.2821318249916658}",balanced_008_0551_00005648,74,5648,0.4746522903442383,5472294003561725701,0.25642636499833316,2.831601887010038e-05,0
0.0,0.25179100199602544,0.25179100199602544,0.2518201880156994,0.25179100199602544,1784947323.7374516,1784947323.0185595,1784947323.2685595,0.0,0.0,0.0,0.0,0.9999926090240479,0.0,ablate-end-only-resnet50-cifar10-pi5-r1-20260725-104127:v2,2,0.25179100199602544,unknown,0.0,0.0,0.0,0.0,0.0,"{'device': [0, 1, 2, 3, 4, 5, 6, 7, 8, 9, 10, 11, 12, 13, 14, 15, 16, 17, 18]}",19,final,device,True,9,1.0,5.0,1.0,0.2518201880156994,-0.25910094007849693,9,85815a78fc1d4cf595497b1443928678,75,"{'device_compute': 0.25179100199602544, 'd2e_transport': 0.0, 'edge_queue': 0.0, 'edge_segment_compute': 0.0, 'edge_exit_head_compute': 0.0, 'edge_exit_check': 0.0, 'e2c_transport': 0.0, 'cloud_queue': 0.0, 'cloud_segment_compute': 0.0, 'cloud_exit_head_compute': 0.0, 'cloud_exit_check': 0.0, 'total_latency': 0.2518201880156994, 'unattributed_overhead': 2.918601967394352e-05, 'request_id': '85815a78fc1d4cf595497b1443928678', 'user_id': 0, 'prediction': 9, 'exit_id': 'final', 'exit_boundary_id': 19, 'exit_location': 'device', 'confidence': 0.9999926090240479, 'executed_segments_by_node': {'device': [0, 1, 2, 3, 4, 5, 6, 7, 8, 9, 10, 11, 12, 13, 14, 15, 16, 17, 18]}, 'nodes': [{'node': 'device', 'executed_segments': [0, 1, 2, 3, 4, 5, 6, 7, 8, 9, 10, 11, 12, 13, 14, 15, 16, 17, 18], 'queue_s': 0.0, 'segment_compute_s': 0.24887470304383896, 'exit_head_compute_s': 0.002144897007383406, 'exit_check_s': 0.00025573198217898607, 'worker_elapsed_s': 0.25179100199602544}], 'sample_id': 'balanced_009_0966_00009667', 'label': 9, 'correct': True, 'observed_utility': -0.25910094007849693}",balanced_009_0966_00009667,75,9667,0.46889209747314453,5472294003561725701,0.2518201880156994,2.918601967394352e-05,0
0.0,0.25643984400085174,0.25643984400085174,0.25646858601248823,0.25643984400085174,1784947324.0530574,1784947323.3277698,1784947323.5777698,0.0,0.0,0.0,0.0,0.9999827146530151,0.0,ablate-end-only-resnet50-cifar10-pi5-r1-20260725-104127:v2,2,0.25643984400085174,unknown,0.0,0.0,0.0,0.0,0.0,"{'device': [0, 1, 2, 3, 4, 5, 6, 7, 8, 9, 10, 11, 12, 13, 14, 15, 16, 17, 18]}",19,final,device,True,6,1.0,5.0,1.0,0.25646858601248823,-0.28234293006244116,6,e2ee4784225445b98d0f957dab0e9826,76,"{'device_compute': 0.25643984400085174, 'd2e_transport': 0.0, 'edge_queue': 0.0, 'edge_segment_compute': 0.0, 'edge_exit_head_compute': 0.0, 'edge_exit_check': 0.0, 'e2c_transport': 0.0, 'cloud_queue': 0.0, 'cloud_segment_compute': 0.0, 'cloud_exit_head_compute': 0.0, 'cloud_exit_check': 0.0, 'total_latency': 0.25646858601248823, 'unattributed_overhead': 2.874201163649559e-05, 'request_id': 'e2ee4784225445b98d0f957dab0e9826', 'user_id': 0, 'prediction': 6, 'exit_id': 'final', 'exit_boundary_id': 19, 'exit_location': 'device', 'confidence': 0.9999827146530151, 'executed_segments_by_node': {'device': [0, 1, 2, 3, 4, 5, 6, 7, 8, 9, 10, 11, 12, 13, 14, 15, 16, 17, 18]}, 'nodes': [{'node': 'device', 'executed_segments': [0, 1, 2, 3, 4, 5, 6, 7, 8, 9, 10, 11, 12, 13, 14, 15, 16, 17, 18], 'queue_s': 0.0, 'segment_compute_s': 0.253530897985911, 'exit_head_compute_s': 0.002191803971072659, 'exit_check_s': 0.0002488250029273331, 'worker_elapsed_s': 0.25643984400085174}], 'sample_id': 'balanced_006_0510_00005149', 'label': 6, 'correct': True, 'observed_utility': -0.28234293006244116}",balanced_006_0510_00005149,76,5149,0.47528767585754395,5472294003561725701,0.25646858601248823,2.874201163649559e-05,0
0.0,0.25064678900525905,0.25064678900525905,0.25067577199661173,0.25064678900525905,1784947324.3668456,1784947323.647572,1784947323.897572,0.0,0.0,0.0,0.0,1.0,0.0,ablate-end-only-resnet50-cifar10-pi5-r1-20260725-104127:v2,2,0.25064678900525905,unknown,0.0,0.0,0.0,0.0,0.0,"{'device': [0, 1, 2, 3, 4, 5, 6, 7, 8, 9, 10, 11, 12, 13, 14, 15, 16, 17, 18]}",19,final,device,True,8,1.0,5.0,1.0,0.25067577199661173,-0.25337885998305865,8,b17009ba26bb4141850f0512f76df162,77,"{'device_compute': 0.25064678900525905, 'd2e_transport': 0.0, 'edge_queue': 0.0, 'edge_segment_compute': 0.0, 'edge_exit_head_compute': 0.0, 'edge_exit_check': 0.0, 'e2c_transport': 0.0, 'cloud_queue': 0.0, 'cloud_segment_compute': 0.0, 'cloud_exit_head_compute': 0.0, 'cloud_exit_check': 0.0, 'total_latency': 0.25067577199661173, 'unattributed_overhead': 2.8982991352677345e-05, 'request_id': 'b17009ba26bb4141850f0512f76df162', 'user_id': 0, 'prediction': 8, 'exit_id': 'final', 'exit_boundary_id': 19, 'exit_location': 'device', 'confidence': 1.0, 'executed_segments_by_node': {'device': [0, 1, 2, 3, 4, 5, 6, 7, 8, 9, 10, 11, 12, 13, 14, 15, 16, 17, 18]}, 'nodes': [{'node': 'device', 'executed_segments': [0, 1, 2, 3, 4, 5, 6, 7, 8, 9, 10, 11, 12, 13, 14, 15, 16, 17, 18], 'queue_s': 0.0, 'segment_compute_s': 0.24669878790155053, 'exit_head_compute_s': 0.0032041769882198423, 'exit_check_s': 0.0002571759687270969, 'worker_elapsed_s': 0.25064678900525905}], 'sample_id': 'balanced_008_0989_00009914', 'label': 8, 'correct': True, 'observed_utility': -0.25337885998305865}",balanced_008_0989_00009914,77,9914,0.46927356719970703,5472294003561725701,0.25067577199661173,2.8982991352677345e-05,0
0.0,0.24560952300089411,0.24560952300089411,0.2456380799994804,0.24560952300089411,1784947324.6718066,1784947323.952546,1784947324.202546,0.0,0.0,0.0,0.0,0.9999967813491821,0.0,ablate-end-only-resnet50-cifar10-pi5-r1-20260725-104127:v2,2,0.24560952300089411,unknown,0.0,0.0,0.0,0.0,0.0,"{'device': [0, 1, 2, 3, 4, 5, 6, 7, 8, 9, 10, 11, 12, 13, 14, 15, 16, 17, 18]}",19,final,device,True,4,1.0,5.0,1.0,0.2456380799994804,-0.22819039999740198,4,2f99e857bd544cbfa3380a5491342a27,78,"{'device_compute': 0.24560952300089411, 'd2e_transport': 0.0, 'edge_queue': 0.0, 'edge_segment_compute': 0.0, 'edge_exit_head_compute': 0.0, 'edge_exit_check': 0.0, 'e2c_transport': 0.0, 'cloud_queue': 0.0, 'cloud_segment_compute': 0.0, 'cloud_exit_head_compute': 0.0, 'cloud_exit_check': 0.0, 'total_latency': 0.2456380799994804, 'unattributed_overhead': 2.8556998586282134e-05, 'request_id': '2f99e857bd544cbfa3380a5491342a27', 'user_id': 0, 'prediction': 4, 'exit_id': 'final', 'exit_boundary_id': 19, 'exit_location': 'device', 'confidence': 0.9999967813491821, 'executed_segments_by_node': {'device': [0, 1, 2, 3, 4, 5, 6, 7, 8, 9, 10, 11, 12, 13, 14, 15, 16, 17, 18]}, 'nodes': [{'node': 'device', 'executed_segments': [0, 1, 2, 3, 4, 5, 6, 7, 8, 9, 10, 11, 12, 13, 14, 15, 16, 17, 18], 'queue_s': 0.0, 'segment_compute_s': 0.24128017100156285, 'exit_head_compute_s': 0.003540728008374572, 'exit_check_s': 0.00030482804868370295, 'worker_elapsed_s': 0.24560952300089411}], 'sample_id': 'balanced_004_0745_00007204', 'label': 4, 'correct': True, 'observed_utility': -0.22819039999740198}",balanced_004_0745_00007204,78,7204,0.46926069259643555,5472294003561725701,0.2456380799994804,2.8556998586282134e-05,0
0.0,0.24408533499808982,0.24408533499808982,0.24411394700291567,0.24408533499808982,1784947324.9747248,1784947324.253346,1784947324.503346,0.0,0.0,0.0,0.0,0.9998286962509155,0.0,ablate-end-only-resnet50-cifar10-pi5-r1-20260725-104127:v2,2,0.24408533499808982,unknown,0.0,0.0,0.0,0.0,0.0,"{'device': [0, 1, 2, 3, 4, 5, 6, 7, 8, 9, 10, 11, 12, 13, 14, 15, 16, 17, 18]}",19,final,device,True,7,1.0,5.0,1.0,0.24411394700291567,-0.22056973501457833,7,7a1ceaad931d4547bb753b02149a84d0,79,"{'device_compute': 0.24408533499808982, 'd2e_transport': 0.0, 'edge_queue': 0.0, 'edge_segment_compute': 0.0, 'edge_exit_head_compute': 0.0, 'edge_exit_check': 0.0, 'e2c_transport': 0.0, 'cloud_queue': 0.0, 'cloud_segment_compute': 0.0, 'cloud_exit_head_compute': 0.0, 'cloud_exit_check': 0.0, 'total_latency': 0.24411394700291567, 'unattributed_overhead': 2.861200482584536e-05, 'request_id': '7a1ceaad931d4547bb753b02149a84d0', 'user_id': 0, 'prediction': 7, 'exit_id': 'final', 'exit_boundary_id': 19, 'exit_location': 'device', 'confidence': 0.9998286962509155, 'executed_segments_by_node': {'device': [0, 1, 2, 3, 4, 5, 6, 7, 8, 9, 10, 11, 12, 13, 14, 15, 16, 17, 18]}, 'nodes': [{'node': 'device', 'executed_segments': [0, 1, 2, 3, 4, 5, 6, 7, 8, 9, 10, 11, 12, 13, 14, 15, 16, 17, 18], 'queue_s': 0.0, 'segment_compute_s': 0.24105957098072395, 'exit_head_compute_s': 0.0022954019950702786, 'exit_check_s': 0.0002606030320748687, 'worker_elapsed_s': 0.24408533499808982}], 'sample_id': 'balanced_007_0082_00000812', 'label': 7, 'correct': True, 'observed_utility': -0.22056973501457833}",balanced_007_0082_00000812,79,812,0.47137880325317383,5472294003561725701,0.24411394700291567,2.861200482584536e-05,0
0.0,0.25700097301159985,0.25700097301159985,0.2570294559991453,0.25700097301159985,1784947325.2829678,1784947324.5641289,1784947324.8141289,0.0,0.0,0.0,0.0,0.9851034283638,0.0,ablate-end-only-resnet50-cifar10-pi5-r1-20260725-104127:v2,2,0.25700097301159985,unknown,0.0,0.0,0.0,0.0,0.0,"{'device': [0, 1, 2, 3, 4, 5, 6, 7, 8, 9, 10, 11, 12, 13, 14, 15, 16, 17, 18]}",19,final,device,True,3,1.0,5.0,1.0,0.2570294559991453,-0.2851472799957264,3,83581631c4024d5fb4ec8fcd6f8fd46e,80,"{'device_compute': 0.25700097301159985, 'd2e_transport': 0.0, 'edge_queue': 0.0, 'edge_segment_compute': 0.0, 'edge_exit_head_compute': 0.0, 'edge_exit_check': 0.0, 'e2c_transport': 0.0, 'cloud_queue': 0.0, 'cloud_segment_compute': 0.0, 'cloud_exit_head_compute': 0.0, 'cloud_exit_check': 0.0, 'total_latency': 0.2570294559991453, 'unattributed_overhead': 2.848298754543066e-05, 'request_id': '83581631c4024d5fb4ec8fcd6f8fd46e', 'user_id': 0, 'prediction': 3, 'exit_id': 'final', 'exit_boundary_id': 19, 'exit_location': 'device', 'confidence': 0.9851034283638, 'executed_segments_by_node': {'device': [0, 1, 2, 3, 4, 5, 6, 7, 8, 9, 10, 11, 12, 13, 14, 15, 16, 17, 18]}, 'nodes': [{'node': 'device', 'executed_segments': [0, 1, 2, 3, 4, 5, 6, 7, 8, 9, 10, 11, 12, 13, 14, 15, 16, 17, 18], 'queue_s': 0.0, 'segment_compute_s': 0.24987759397481568, 'exit_head_compute_s': 0.006375744007527828, 'exit_check_s': 0.0002735670132096857, 'worker_elapsed_s': 0.25700097301159985}], 'sample_id': 'balanced_003_0979_00009753', 'label': 3, 'correct': True, 'observed_utility': -0.2851472799957264}",balanced_003_0979_00009753,80,9753,0.4688389301300049,5472294003561725701,0.2570294559991453,2.848298754543066e-05,0
0.0,0.2534581719955895,0.2534581719955895,0.25348682099138387,0.2534581719955895,1784947325.5826619,1784947324.864391,1784947325.114391,0.0,0.0,0.0,0.0,0.9999672174453735,0.0,ablate-end-only-resnet50-cifar10-pi5-r1-20260725-104127:v2,2,0.2534581719955895,unknown,0.0,0.0,0.0,0.0,0.0,"{'device': [0, 1, 2, 3, 4, 5, 6, 7, 8, 9, 10, 11, 12, 13, 14, 15, 16, 17, 18]}",19,final,device,True,5,1.0,5.0,1.0,0.25348682099138387,-0.2674341049569193,5,3479c4603f414212b269b4fe2648a2d8,81,"{'device_compute': 0.2534581719955895, 'd2e_transport': 0.0, 'edge_queue': 0.0, 'edge_segment_compute': 0.0, 'edge_exit_head_compute': 0.0, 'edge_exit_check': 0.0, 'e2c_transport': 0.0, 'cloud_queue': 0.0, 'cloud_segment_compute': 0.0, 'cloud_exit_head_compute': 0.0, 'cloud_exit_check': 0.0, 'total_latency': 0.25348682099138387, 'unattributed_overhead': 2.864899579435587e-05, 'request_id': '3479c4603f414212b269b4fe2648a2d8', 'user_id': 0, 'prediction': 5, 'exit_id': 'final', 'exit_boundary_id': 19, 'exit_location': 'device', 'confidence': 0.9999672174453735, 'executed_segments_by_node': {'device': [0, 1, 2, 3, 4, 5, 6, 7, 8, 9, 10, 11, 12, 13, 14, 15, 16, 17, 18]}, 'nodes': [{'node': 'device', 'executed_segments': [0, 1, 2, 3, 4, 5, 6, 7, 8, 9, 10, 11, 12, 13, 14, 15, 16, 17, 18], 'queue_s': 0.0, 'segment_compute_s': 0.25059999007498845, 'exit_head_compute_s': 0.00213598896516487, 'exit_check_s': 0.0002492669736966491, 'worker_elapsed_s': 0.2534581719955895}], 'sample_id': 'balanced_005_0856_00008444', 'label': 5, 'correct': True, 'observed_utility': -0.2674341049569193}",balanced_005_0856_00008444,81,8444,0.46827077865600586,5472294003561725701,0.25348682099138387,2.864899579435587e-05,0
0.0,0.24874851800268516,0.24874851800268516,0.2487780189840123,0.24874851800268516,1784947325.8937957,1784947325.175889,1784947325.425889,0.0,0.0,0.0,0.0,0.999998927116394,0.0,ablate-end-only-resnet50-cifar10-pi5-r1-20260725-104127:v2,2,0.24874851800268516,unknown,0.0,0.0,0.0,0.0,0.0,"{'device': [0, 1, 2, 3, 4, 5, 6, 7, 8, 9, 10, 11, 12, 13, 14, 15, 16, 17, 18]}",19,final,device,True,6,1.0,5.0,1.0,0.2487780189840123,-0.24389009492006153,6,835b448d968c438cacd8d0171a6cb4be,82,"{'device_compute': 0.24874851800268516, 'd2e_transport': 0.0, 'edge_queue': 0.0, 'edge_segment_compute': 0.0, 'edge_exit_head_compute': 0.0, 'edge_exit_check': 0.0, 'e2c_transport': 0.0, 'cloud_queue': 0.0, 'cloud_segment_compute': 0.0, 'cloud_exit_head_compute': 0.0, 'cloud_exit_check': 0.0, 'total_latency': 0.2487780189840123, 'unattributed_overhead': 2.9500981327146292e-05, 'request_id': '835b448d968c438cacd8d0171a6cb4be', 'user_id': 0, 'prediction': 6, 'exit_id': 'final', 'exit_boundary_id': 19, 'exit_location': 'device', 'confidence': 0.999998927116394, 'executed_segments_by_node': {'device': [0, 1, 2, 3, 4, 5, 6, 7, 8, 9, 10, 11, 12, 13, 14, 15, 16, 17, 18]}, 'nodes': [{'node': 'device', 'executed_segments': [0, 1, 2, 3, 4, 5, 6, 7, 8, 9, 10, 11, 12, 13, 14, 15, 16, 17, 18], 'queue_s': 0.0, 'segment_compute_s': 0.2433834990079049, 'exit_head_compute_s': 0.004618843027856201, 'exit_check_s': 0.0002686940133571625, 'worker_elapsed_s': 0.24874851800268516}], 'sample_id': 'balanced_006_0166_00001483', 'label': 6, 'correct': True, 'observed_utility': -0.24389009492006153}",balanced_006_0166_00001483,82,1483,0.4679067134857178,5472294003561725701,0.2487780189840123,2.9500981327146292e-05,0
0.0,0.25129773499793373,0.25129773499793373,0.2513269390037749,0.25129773499793373,1784947326.1982548,1784947325.4766006,1784947325.7266006,0.0,0.0,0.0,0.0,0.9999134540557861,0.0,ablate-end-only-resnet50-cifar10-pi5-r1-20260725-104127:v2,2,0.25129773499793373,unknown,0.0,0.0,0.0,0.0,0.0,"{'device': [0, 1, 2, 3, 4, 5, 6, 7, 8, 9, 10, 11, 12, 13, 14, 15, 16, 17, 18]}",19,final,device,True,5,1.0,5.0,1.0,0.2513269390037749,-0.2566346950188745,5,d17eb45b657c47bda004fb01fcf1ca84,83,"{'device_compute': 0.25129773499793373, 'd2e_transport': 0.0, 'edge_queue': 0.0, 'edge_segment_compute': 0.0, 'edge_exit_head_compute': 0.0, 'edge_exit_check': 0.0, 'e2c_transport': 0.0, 'cloud_queue': 0.0, 'cloud_segment_compute': 0.0, 'cloud_exit_head_compute': 0.0, 'cloud_exit_check': 0.0, 'total_latency': 0.2513269390037749, 'unattributed_overhead': 2.920400584116578e-05, 'request_id': 'd17eb45b657c47bda004fb01fcf1ca84', 'user_id': 0, 'prediction': 5, 'exit_id': 'final', 'exit_boundary_id': 19, 'exit_location': 'device', 'confidence': 0.9999134540557861, 'executed_segments_by_node': {'device': [0, 1, 2, 3, 4, 5, 6, 7, 8, 9, 10, 11, 12, 13, 14, 15, 16, 17, 18]}, 'nodes': [{'node': 'device', 'executed_segments': [0, 1, 2, 3, 4, 5, 6, 7, 8, 9, 10, 11, 12, 13, 14, 15, 16, 17, 18], 'queue_s': 0.0, 'segment_compute_s': 0.24835669496678747, 'exit_head_compute_s': 0.0022040829935576767, 'exit_check_s': 0.0002595490077510476, 'worker_elapsed_s': 0.25129773499793373}], 'sample_id': 'balanced_005_0724_00007162', 'label': 5, 'correct': True, 'observed_utility': -0.2566346950188745}",balanced_005_0724_00007162,83,7162,0.47165417671203613,5472294003561725701,0.2513269390037749,2.920400584116578e-05,0
0.0,0.25033125397749245,0.25033125397749245,0.25036136599374004,0.25033125397749245,1784947326.5033739,1784947325.7847278,1784947326.0347278,0.0,0.0,0.0,0.0,0.999998927116394,0.0,ablate-end-only-resnet50-cifar10-pi5-r1-20260725-104127:v2,2,0.25033125397749245,unknown,0.0,0.0,0.0,0.0,0.0,"{'device': [0, 1, 2, 3, 4, 5, 6, 7, 8, 9, 10, 11, 12, 13, 14, 15, 16, 17, 18]}",19,final,device,True,1,1.0,5.0,1.0,0.25036136599374004,-0.2518068299687002,1,caa32d1f91a1400682678fa2b860ee6a,84,"{'device_compute': 0.25033125397749245, 'd2e_transport': 0.0, 'edge_queue': 0.0, 'edge_segment_compute': 0.0, 'edge_exit_head_compute': 0.0, 'edge_exit_check': 0.0, 'e2c_transport': 0.0, 'cloud_queue': 0.0, 'cloud_segment_compute': 0.0, 'cloud_exit_head_compute': 0.0, 'cloud_exit_check': 0.0, 'total_latency': 0.25036136599374004, 'unattributed_overhead': 3.0112016247585416e-05, 'request_id': 'caa32d1f91a1400682678fa2b860ee6a', 'user_id': 0, 'prediction': 1, 'exit_id': 'final', 'exit_boundary_id': 19, 'exit_location': 'device', 'confidence': 0.999998927116394, 'executed_segments_by_node': {'device': [0, 1, 2, 3, 4, 5, 6, 7, 8, 9, 10, 11, 12, 13, 14, 15, 16, 17, 18]}, 'nodes': [{'node': 'device', 'executed_segments': [0, 1, 2, 3, 4, 5, 6, 7, 8, 9, 10, 11, 12, 13, 14, 15, 16, 17, 18], 'queue_s': 0.0, 'segment_compute_s': 0.24739290087018162, 'exit_head_compute_s': 0.002202676987508312, 'exit_check_s': 0.0002561380388215184, 'worker_elapsed_s': 0.25033125397749245}], 'sample_id': 'balanced_001_0070_00000865', 'label': 1, 'correct': True, 'observed_utility': -0.2518068299687002}",balanced_001_0070_00000865,84,865,0.4686460494995117,5472294003561725701,0.25036136599374004,3.0112016247585416e-05,0
0.0,0.2504094180185348,0.2504094180185348,0.2504410300171003,0.2504094180185348,1784947326.8148236,1784947326.0965,1784947326.3465,0.0,0.0,0.0,0.0,0.9988592863082886,0.0,ablate-end-only-resnet50-cifar10-pi5-r1-20260725-104127:v2,2,0.2504094180185348,unknown,0.0,0.0,0.0,0.0,0.0,"{'device': [0, 1, 2, 3, 4, 5, 6, 7, 8, 9, 10, 11, 12, 13, 14, 15, 16, 17, 18]}",19,final,device,True,4,1.0,5.0,1.0,0.2504410300171003,-0.2522051500855014,4,3f69a9e2c69344f69b5701d92dad58a8,85,"{'device_compute': 0.2504094180185348, 'd2e_transport': 0.0, 'edge_queue': 0.0, 'edge_segment_compute': 0.0, 'edge_exit_head_compute': 0.0, 'edge_exit_check': 0.0, 'e2c_transport': 0.0, 'cloud_queue': 0.0, 'cloud_segment_compute': 0.0, 'cloud_exit_head_compute': 0.0, 'cloud_exit_check': 0.0, 'total_latency': 0.2504410300171003, 'unattributed_overhead': 3.1611998565495014e-05, 'request_id': '3f69a9e2c69344f69b5701d92dad58a8', 'user_id': 0, 'prediction': 4, 'exit_id': 'final', 'exit_boundary_id': 19, 'exit_location': 'device', 'confidence': 0.9988592863082886, 'executed_segments_by_node': {'device': [0, 1, 2, 3, 4, 5, 6, 7, 8, 9, 10, 11, 12, 13, 14, 15, 16, 17, 18]}, 'nodes': [{'node': 'device', 'executed_segments': [0, 1, 2, 3, 4, 5, 6, 7, 8, 9, 10, 11, 12, 13, 14, 15, 16, 17, 18], 'queue_s': 0.0, 'segment_compute_s': 0.24747195295640267, 'exit_head_compute_s': 0.0021997690200805664, 'exit_check_s': 0.00025573201128281653, 'worker_elapsed_s': 0.2504094180185348}], 'sample_id': 'balanced_004_0708_00006866', 'label': 4, 'correct': True, 'observed_utility': -0.2522051500855014}",balanced_004_0708_00006866,85,6866,0.4683237075805664,5472294003561725701,0.2504410300171003,3.1611998565495014e-05,0
0.0,0.25029049001750536,0.25029049001750536,0.25031902801129036,0.25029049001750536,1784947327.1263382,1784947326.4087389,1784947326.6587389,0.0,0.0,0.0,0.0,0.9985097050666809,0.0,ablate-end-only-resnet50-cifar10-pi5-r1-20260725-104127:v2,2,0.25029049001750536,unknown,0.0,0.0,0.0,0.0,0.0,"{'device': [0, 1, 2, 3, 4, 5, 6, 7, 8, 9, 10, 11, 12, 13, 14, 15, 16, 17, 18]}",19,final,device,True,2,1.0,5.0,1.0,0.25031902801129036,-0.2515951400564518,2,71a5061f97404e49924383bfa22a2460,86,"{'device_compute': 0.25029049001750536, 'd2e_transport': 0.0, 'edge_queue': 0.0, 'edge_segment_compute': 0.0, 'edge_exit_head_compute': 0.0, 'edge_exit_check': 0.0, 'e2c_transport': 0.0, 'cloud_queue': 0.0, 'cloud_segment_compute': 0.0, 'cloud_exit_head_compute': 0.0, 'cloud_exit_check': 0.0, 'total_latency': 0.25031902801129036, 'unattributed_overhead': 2.8537993784993887e-05, 'request_id': '71a5061f97404e49924383bfa22a2460', 'user_id': 0, 'prediction': 2, 'exit_id': 'final', 'exit_boundary_id': 19, 'exit_location': 'device', 'confidence': 0.9985097050666809, 'executed_segments_by_node': {'device': [0, 1, 2, 3, 4, 5, 6, 7, 8, 9, 10, 11, 12, 13, 14, 15, 16, 17, 18]}, 'nodes': [{'node': 'device', 'executed_segments': [0, 1, 2, 3, 4, 5, 6, 7, 8, 9, 10, 11, 12, 13, 14, 15, 16, 17, 18], 'queue_s': 0.0, 'segment_compute_s': 0.2449237860564608, 'exit_head_compute_s': 0.004578969004796818, 'exit_check_s': 0.00026758600142784417, 'worker_elapsed_s': 0.25029049001750536}], 'sample_id': 'balanced_002_0272_00002597', 'label': 2, 'correct': True, 'observed_utility': -0.2515951400564518}",balanced_002_0272_00002597,86,2597,0.46759939193725586,5472294003561725701,0.25031902801129036,2.8537993784993887e-05,0
0.0,0.311359546991298,0.311359546991298,0.3113886959908996,0.311359546991298,1784947327.426253,1784947326.7053025,1784947326.9553025,0.0,0.0,0.0,0.0,0.9999257326126099,0.0,ablate-end-only-resnet50-cifar10-pi5-r1-20260725-104127:v2,2,0.311359546991298,unknown,0.0,0.0,0.0,0.0,0.0,"{'device': [0, 1, 2, 3, 4, 5, 6, 7, 8, 9, 10, 11, 12, 13, 14, 15, 16, 17, 18]}",19,final,device,True,0,1.0,5.0,1.0,0.3113886959908996,-0.5569434799544979,0,ea718bd2414e4d27b75238a97230ff10,87,"{'device_compute': 0.311359546991298, 'd2e_transport': 0.0, 'edge_queue': 0.0, 'edge_segment_compute': 0.0, 'edge_exit_head_compute': 0.0, 'edge_exit_check': 0.0, 'e2c_transport': 0.0, 'cloud_queue': 0.0, 'cloud_segment_compute': 0.0, 'cloud_exit_head_compute': 0.0, 'cloud_exit_check': 0.0, 'total_latency': 0.3113886959908996, 'unattributed_overhead': 2.9148999601602554e-05, 'request_id': 'ea718bd2414e4d27b75238a97230ff10', 'user_id': 0, 'prediction': 0, 'exit_id': 'final', 'exit_boundary_id': 19, 'exit_location': 'device', 'confidence': 0.9999257326126099, 'executed_segments_by_node': {'device': [0, 1, 2, 3, 4, 5, 6, 7, 8, 9, 10, 11, 12, 13, 14, 15, 16, 17, 18]}, 'nodes': [{'node': 'device', 'executed_segments': [0, 1, 2, 3, 4, 5, 6, 7, 8, 9, 10, 11, 12, 13, 14, 15, 16, 17, 18], 'queue_s': 0.0, 'segment_compute_s': 0.30646159904426895, 'exit_head_compute_s': 0.004127693944610655, 'exit_check_s': 0.0002763989905361086, 'worker_elapsed_s': 0.311359546991298}], 'sample_id': 'balanced_000_0570_00005788', 'label': 0, 'correct': True, 'observed_utility': -0.5569434799544979}",balanced_000_0570_00005788,87,5788,0.4709506034851074,5472294003561725701,0.3113886959908996,2.9148999601602554e-05,0
0.0,0.24061673501273617,0.24061673501273617,0.240645106008742,0.24061673501273617,1784947327.7594788,1784947327.0334477,1784947327.2834477,0.0,0.0,0.0,0.0,0.9999983310699463,0.0,ablate-end-only-resnet50-cifar10-pi5-r1-20260725-104127:v2,2,0.24061673501273617,unknown,0.0,0.0,0.0,0.0,0.0,"{'device': [0, 1, 2, 3, 4, 5, 6, 7, 8, 9, 10, 11, 12, 13, 14, 15, 16, 17, 18]}",19,final,device,True,4,1.0,5.0,1.0,0.240645106008742,-0.20322553004371002,4,56662877bcdb49e6ae4c582e215ab455,88,"{'device_compute': 0.24061673501273617, 'd2e_transport': 0.0, 'edge_queue': 0.0, 'edge_segment_compute': 0.0, 'edge_exit_head_compute': 0.0, 'edge_exit_check': 0.0, 'e2c_transport': 0.0, 'cloud_queue': 0.0, 'cloud_segment_compute': 0.0, 'cloud_exit_head_compute': 0.0, 'cloud_exit_check': 0.0, 'total_latency': 0.240645106008742, 'unattributed_overhead': 2.837099600583315e-05, 'request_id': '56662877bcdb49e6ae4c582e215ab455', 'user_id': 0, 'prediction': 4, 'exit_id': 'final', 'exit_boundary_id': 19, 'exit_location': 'device', 'confidence': 0.9999983310699463, 'executed_segments_by_node': {'device': [0, 1, 2, 3, 4, 5, 6, 7, 8, 9, 10, 11, 12, 13, 14, 15, 16, 17, 18]}, 'nodes': [{'node': 'device', 'executed_segments': [0, 1, 2, 3, 4, 5, 6, 7, 8, 9, 10, 11, 12, 13, 14, 15, 16, 17, 18], 'queue_s': 0.0, 'segment_compute_s': 0.2366439020843245, 'exit_head_compute_s': 0.00324014198849909, 'exit_check_s': 0.00025588099379092455, 'worker_elapsed_s': 0.24061673501273617}], 'sample_id': 'balanced_004_0718_00006967', 'label': 4, 'correct': True, 'observed_utility': -0.20322553004371002}",balanced_004_0718_00006967,88,6967,0.4760310649871826,5472294003561725701,0.240645106008742,2.837099600583315e-05,0
0.0,0.24238157802028582,0.24238157802028582,0.2424108190170955,0.24238157802028582,1784947328.0418427,1784947327.3214319,1784947327.5714319,0.0,0.0,0.0,0.0,0.9993661046028137,0.0,ablate-end-only-resnet50-cifar10-pi5-r1-20260725-104127:v2,2,0.24238157802028582,unknown,0.0,0.0,0.0,0.0,0.0,"{'device': [0, 1, 2, 3, 4, 5, 6, 7, 8, 9, 10, 11, 12, 13, 14, 15, 16, 17, 18]}",19,final,device,True,0,1.0,5.0,1.0,0.2424108190170955,-0.21205409508547746,0,83e9674d0d4342fbb27f953113b71976,89,"{'device_compute': 0.24238157802028582, 'd2e_transport': 0.0, 'edge_queue': 0.0, 'edge_segment_compute': 0.0, 'edge_exit_head_compute': 0.0, 'edge_exit_check': 0.0, 'e2c_transport': 0.0, 'cloud_queue': 0.0, 'cloud_segment_compute': 0.0, 'cloud_exit_head_compute': 0.0, 'cloud_exit_check': 0.0, 'total_latency': 0.2424108190170955, 'unattributed_overhead': 2.924099680967629e-05, 'request_id': '83e9674d0d4342fbb27f953113b71976', 'user_id': 0, 'prediction': 0, 'exit_id': 'final', 'exit_boundary_id': 19, 'exit_location': 'device', 'confidence': 0.9993661046028137, 'executed_segments_by_node': {'device': [0, 1, 2, 3, 4, 5, 6, 7, 8, 9, 10, 11, 12, 13, 14, 15, 16, 17, 18]}, 'nodes': [{'node': 'device', 'executed_segments': [0, 1, 2, 3, 4, 5, 6, 7, 8, 9, 10, 11, 12, 13, 14, 15, 16, 17, 18], 'queue_s': 0.0, 'segment_compute_s': 0.2394747649668716, 'exit_head_compute_s': 0.002151156048057601, 'exit_check_s': 0.0002449729945510626, 'worker_elapsed_s': 0.24238157802028582}], 'sample_id': 'balanced_000_0092_00000912', 'label': 0, 'correct': True, 'observed_utility': -0.21205409508547746}",balanced_000_0092_00000912,89,912,0.4704108238220215,5472294003561725701,0.2424108190170955,2.924099680967629e-05,0
0.0,0.2435396770015359,0.2435396770015359,0.24357575201429427,0.2435396770015359,1784947328.353827,1784947327.6314962,1784947327.8814962,0.0,0.0,0.0,0.0,0.9999203681945801,0.0,ablate-end-only-resnet50-cifar10-pi5-r1-20260725-104127:v2,2,0.2435396770015359,unknown,0.0,0.0,0.0,0.0,0.0,"{'device': [0, 1, 2, 3, 4, 5, 6, 7, 8, 9, 10, 11, 12, 13, 14, 15, 16, 17, 18]}",19,final,device,True,8,1.0,5.0,1.0,0.24357575201429427,-0.21787876007147133,8,70e8933cf3a44f5fba63b013d5a3ee78,90,"{'device_compute': 0.2435396770015359, 'd2e_transport': 0.0, 'edge_queue': 0.0, 'edge_segment_compute': 0.0, 'edge_exit_head_compute': 0.0, 'edge_exit_check': 0.0, 'e2c_transport': 0.0, 'cloud_queue': 0.0, 'cloud_segment_compute': 0.0, 'cloud_exit_head_compute': 0.0, 'cloud_exit_check': 0.0, 'total_latency': 0.24357575201429427, 'unattributed_overhead': 3.6075012758374214e-05, 'request_id': '70e8933cf3a44f5fba63b013d5a3ee78', 'user_id': 0, 'prediction': 8, 'exit_id': 'final', 'exit_boundary_id': 19, 'exit_location': 'device', 'confidence': 0.9999203681945801, 'executed_segments_by_node': {'device': [0, 1, 2, 3, 4, 5, 6, 7, 8, 9, 10, 11, 12, 13, 14, 15, 16, 17, 18]}, 'nodes': [{'node': 'device', 'executed_segments': [0, 1, 2, 3, 4, 5, 6, 7, 8, 9, 10, 11, 12, 13, 14, 15, 16, 17, 18], 'queue_s': 0.0, 'segment_compute_s': 0.24059365710127167, 'exit_head_compute_s': 0.0021922120067756623, 'exit_check_s': 0.00026869599241763353, 'worker_elapsed_s': 0.2435396770015359}], 'sample_id': 'balanced_008_0656_00006737', 'label': 8, 'correct': True, 'observed_utility': -0.21787876007147133}",balanced_008_0656_00006737,90,6737,0.47233080863952637,5472294003561725701,0.24357575201429427,3.6075012758374214e-05,0
0.0,0.2576885449816473,0.2576885449816473,0.25771667598746717,0.2576885449816473,1784947328.6553469,1784947327.9370916,1784947328.1870916,0.0,0.0,0.0,0.0,0.9946573376655579,0.0,ablate-end-only-resnet50-cifar10-pi5-r1-20260725-104127:v2,2,0.2576885449816473,unknown,0.0,0.0,0.0,0.0,0.0,"{'device': [0, 1, 2, 3, 4, 5, 6, 7, 8, 9, 10, 11, 12, 13, 14, 15, 16, 17, 18]}",19,final,device,True,8,1.0,5.0,1.0,0.25771667598746717,-0.28858337993733585,8,403c7018f5844f919f9481fa430bdeab,91,"{'device_compute': 0.2576885449816473, 'd2e_transport': 0.0, 'edge_queue': 0.0, 'edge_segment_compute': 0.0, 'edge_exit_head_compute': 0.0, 'edge_exit_check': 0.0, 'e2c_transport': 0.0, 'cloud_queue': 0.0, 'cloud_segment_compute': 0.0, 'cloud_exit_head_compute': 0.0, 'cloud_exit_check': 0.0, 'total_latency': 0.25771667598746717, 'unattributed_overhead': 2.8131005819886923e-05, 'request_id': '403c7018f5844f919f9481fa430bdeab', 'user_id': 0, 'prediction': 8, 'exit_id': 'final', 'exit_boundary_id': 19, 'exit_location': 'device', 'confidence': 0.9946573376655579, 'executed_segments_by_node': {'device': [0, 1, 2, 3, 4, 5, 6, 7, 8, 9, 10, 11, 12, 13, 14, 15, 16, 17, 18]}, 'nodes': [{'node': 'device', 'executed_segments': [0, 1, 2, 3, 4, 5, 6, 7, 8, 9, 10, 11, 12, 13, 14, 15, 16, 17, 18], 'queue_s': 0.0, 'segment_compute_s': 0.25468187502701767, 'exit_head_compute_s': 0.002287141978740692, 'exit_check_s': 0.00024937899434007704, 'worker_elapsed_s': 0.2576885449816473}], 'sample_id': 'balanced_008_0575_00005954', 'label': 8, 'correct': True, 'observed_utility': -0.28858337993733585}",balanced_008_0575_00005954,91,5954,0.46825528144836426,5472294003561725701,0.25771667598746717,2.8131005819886923e-05,0
0.0,0.25861339500988834,0.25861339500988834,0.25864235902554356,0.25861339500988834,1784947328.9663546,1784947328.2475774,1784947328.4975774,0.0,0.0,0.0,0.0,0.9982132911682129,0.0,ablate-end-only-resnet50-cifar10-pi5-r1-20260725-104127:v2,2,0.25861339500988834,unknown,0.0,0.0,0.0,0.0,0.0,"{'device': [0, 1, 2, 3, 4, 5, 6, 7, 8, 9, 10, 11, 12, 13, 14, 15, 16, 17, 18]}",19,final,device,True,3,1.0,5.0,1.0,0.25864235902554356,-0.2932117951277178,3,757f9ac45a154a4aabb2e730480495b6,92,"{'device_compute': 0.25861339500988834, 'd2e_transport': 0.0, 'edge_queue': 0.0, 'edge_segment_compute': 0.0, 'edge_exit_head_compute': 0.0, 'edge_exit_check': 0.0, 'e2c_transport': 0.0, 'cloud_queue': 0.0, 'cloud_segment_compute': 0.0, 'cloud_exit_head_compute': 0.0, 'cloud_exit_check': 0.0, 'total_latency': 0.25864235902554356, 'unattributed_overhead': 2.8964015655219555e-05, 'request_id': '757f9ac45a154a4aabb2e730480495b6', 'user_id': 0, 'prediction': 3, 'exit_id': 'final', 'exit_boundary_id': 19, 'exit_location': 'device', 'confidence': 0.9982132911682129, 'executed_segments_by_node': {'device': [0, 1, 2, 3, 4, 5, 6, 7, 8, 9, 10, 11, 12, 13, 14, 15, 16, 17, 18]}, 'nodes': [{'node': 'device', 'executed_segments': [0, 1, 2, 3, 4, 5, 6, 7, 8, 9, 10, 11, 12, 13, 14, 15, 16, 17, 18], 'queue_s': 0.0, 'segment_compute_s': 0.25561772397486493, 'exit_head_compute_s': 0.002234268933534622, 'exit_check_s': 0.00025862103211693466, 'worker_elapsed_s': 0.25861339500988834}], 'sample_id': 'balanced_003_0422_00004393', 'label': 3, 'correct': True, 'observed_utility': -0.2932117951277178}",balanced_003_0422_00004393,92,4393,0.4687771797180176,5472294003561725701,0.25864235902554356,2.8964015655219555e-05,0
0.0,0.2625008530158084,0.2625008530158084,0.26252937299432233,0.2625008530158084,1784947329.2695298,1784947328.5510917,1784947328.8010917,0.0,0.0,0.0,0.0,0.9999994039535522,0.0,ablate-end-only-resnet50-cifar10-pi5-r1-20260725-104127:v2,2,0.2625008530158084,unknown,0.0,0.0,0.0,0.0,0.0,"{'device': [0, 1, 2, 3, 4, 5, 6, 7, 8, 9, 10, 11, 12, 13, 14, 15, 16, 17, 18]}",19,final,device,True,7,1.0,5.0,1.0,0.26252937299432233,-0.31264686497161165,7,35e2afcb83a14ddca898b1d36f382d34,93,"{'device_compute': 0.2625008530158084, 'd2e_transport': 0.0, 'edge_queue': 0.0, 'edge_segment_compute': 0.0, 'edge_exit_head_compute': 0.0, 'edge_exit_check': 0.0, 'e2c_transport': 0.0, 'cloud_queue': 0.0, 'cloud_segment_compute': 0.0, 'cloud_exit_head_compute': 0.0, 'cloud_exit_check': 0.0, 'total_latency': 0.26252937299432233, 'unattributed_overhead': 2.851997851394117e-05, 'request_id': '35e2afcb83a14ddca898b1d36f382d34', 'user_id': 0, 'prediction': 7, 'exit_id': 'final', 'exit_boundary_id': 19, 'exit_location': 'device', 'confidence': 0.9999994039535522, 'executed_segments_by_node': {'device': [0, 1, 2, 3, 4, 5, 6, 7, 8, 9, 10, 11, 12, 13, 14, 15, 16, 17, 18]}, 'nodes': [{'node': 'device', 'executed_segments': [0, 1, 2, 3, 4, 5, 6, 7, 8, 9, 10, 11, 12, 13, 14, 15, 16, 17, 18], 'queue_s': 0.0, 'segment_compute_s': 0.2596173000347335, 'exit_head_compute_s': 0.002166100050089881, 'exit_check_s': 0.00024610201944597065, 'worker_elapsed_s': 0.2625008530158084}], 'sample_id': 'balanced_007_0645_00006356', 'label': 7, 'correct': True, 'observed_utility': -0.31264686497161165}",balanced_007_0645_00006356,93,6356,0.46843814849853516,5472294003561725701,0.26252937299432233,2.851997851394117e-05,0
0.0,0.24212206501397304,0.24212206501397304,0.24215365899726748,0.24212206501397304,1784947329.578404,1784947328.8580508,1784947329.1080508,0.0,0.0,0.0,0.0,0.9999920129776001,0.0,ablate-end-only-resnet50-cifar10-pi5-r1-20260725-104127:v2,2,0.24212206501397304,unknown,0.0,0.0,0.0,0.0,0.0,"{'device': [0, 1, 2, 3, 4, 5, 6, 7, 8, 9, 10, 11, 12, 13, 14, 15, 16, 17, 18]}",19,final,device,True,5,1.0,5.0,1.0,0.24215365899726748,-0.21076829498633742,5,6f3ef6caacb04ea09f7deac6e9540925,94,"{'device_compute': 0.24212206501397304, 'd2e_transport': 0.0, 'edge_queue': 0.0, 'edge_segment_compute': 0.0, 'edge_exit_head_compute': 0.0, 'edge_exit_check': 0.0, 'e2c_transport': 0.0, 'cloud_queue': 0.0, 'cloud_segment_compute': 0.0, 'cloud_exit_head_compute': 0.0, 'cloud_exit_check': 0.0, 'total_latency': 0.24215365899726748, 'unattributed_overhead': 3.1593983294442296e-05, 'request_id': '6f3ef6caacb04ea09f7deac6e9540925', 'user_id': 0, 'prediction': 5, 'exit_id': 'final', 'exit_boundary_id': 19, 'exit_location': 'device', 'confidence': 0.9999920129776001, 'executed_segments_by_node': {'device': [0, 1, 2, 3, 4, 5, 6, 7, 8, 9, 10, 11, 12, 13, 14, 15, 16, 17, 18]}, 'nodes': [{'node': 'device', 'executed_segments': [0, 1, 2, 3, 4, 5, 6, 7, 8, 9, 10, 11, 12, 13, 14, 15, 16, 17, 18], 'queue_s': 0.0, 'segment_compute_s': 0.23920219702995382, 'exit_head_compute_s': 0.0021917850244790316, 'exit_check_s': 0.0002526759635657072, 'worker_elapsed_s': 0.24212206501397304}], 'sample_id': 'balanced_005_0861_00008478', 'label': 5, 'correct': True, 'observed_utility': -0.21076829498633742}",balanced_005_0861_00008478,94,8478,0.4703531265258789,5472294003561725701,0.24215365899726748,3.1593983294442296e-05,0
0.0,0.2522426219948102,0.2522426219948102,0.25227093798457645,0.2522426219948102,1784947329.8869534,1784947329.168707,1784947329.418707,0.0,0.0,0.0,0.0,0.9873342514038086,0.0,ablate-end-only-resnet50-cifar10-pi5-r1-20260725-104127:v2,2,0.2522426219948102,unknown,0.0,0.0,0.0,0.0,0.0,"{'device': [0, 1, 2, 3, 4, 5, 6, 7, 8, 9, 10, 11, 12, 13, 14, 15, 16, 17, 18]}",19,final,device,True,4,1.0,5.0,1.0,0.25227093798457645,-0.26135468992288224,4,98e67c973bf5442cae73818abc1291bc,95,"{'device_compute': 0.2522426219948102, 'd2e_transport': 0.0, 'edge_queue': 0.0, 'edge_segment_compute': 0.0, 'edge_exit_head_compute': 0.0, 'edge_exit_check': 0.0, 'e2c_transport': 0.0, 'cloud_queue': 0.0, 'cloud_segment_compute': 0.0, 'cloud_exit_head_compute': 0.0, 'cloud_exit_check': 0.0, 'total_latency': 0.25227093798457645, 'unattributed_overhead': 2.8315989766269922e-05, 'request_id': '98e67c973bf5442cae73818abc1291bc', 'user_id': 0, 'prediction': 4, 'exit_id': 'final', 'exit_boundary_id': 19, 'exit_location': 'device', 'confidence': 0.9873342514038086, 'executed_segments_by_node': {'device': [0, 1, 2, 3, 4, 5, 6, 7, 8, 9, 10, 11, 12, 13, 14, 15, 16, 17, 18]}, 'nodes': [{'node': 'device', 'executed_segments': [0, 1, 2, 3, 4, 5, 6, 7, 8, 9, 10, 11, 12, 13, 14, 15, 16, 17, 18], 'queue_s': 0.0, 'segment_compute_s': 0.24917887596529908, 'exit_head_compute_s': 0.0023319599858950824, 'exit_check_s': 0.00025475097936578095, 'worker_elapsed_s': 0.2522426219948102}], 'sample_id': 'balanced_004_0891_00008854', 'label': 4, 'correct': True, 'observed_utility': -0.26135468992288224}",balanced_004_0891_00008854,95,8854,0.4682464599609375,5472294003561725701,0.25227093798457645,2.8315989766269922e-05,0
0.0,0.24604961898876354,0.24604961898876354,0.2460787499730941,0.24604961898876354,1784947330.1981497,1784947329.4760659,1784947329.7260659,0.0,0.0,0.0,0.0,0.9970653653144836,0.0,ablate-end-only-resnet50-cifar10-pi5-r1-20260725-104127:v2,2,0.24604961898876354,unknown,0.0,0.0,0.0,0.0,0.0,"{'device': [0, 1, 2, 3, 4, 5, 6, 7, 8, 9, 10, 11, 12, 13, 14, 15, 16, 17, 18]}",19,final,device,True,0,1.0,5.0,1.0,0.2460787499730941,-0.23039374986547045,0,94bbbb88e20b476abf6ce511d2d38290,96,"{'device_compute': 0.24604961898876354, 'd2e_transport': 0.0, 'edge_queue': 0.0, 'edge_segment_compute': 0.0, 'edge_exit_head_compute': 0.0, 'edge_exit_check': 0.0, 'e2c_transport': 0.0, 'cloud_queue': 0.0, 'cloud_segment_compute': 0.0, 'cloud_exit_head_compute': 0.0, 'cloud_exit_check': 0.0, 'total_latency': 0.2460787499730941, 'unattributed_overhead': 2.9130984330549836e-05, 'request_id': '94bbbb88e20b476abf6ce511d2d38290', 'user_id': 0, 'prediction': 0, 'exit_id': 'final', 'exit_boundary_id': 19, 'exit_location': 'device', 'confidence': 0.9970653653144836, 'executed_segments_by_node': {'device': [0, 1, 2, 3, 4, 5, 6, 7, 8, 9, 10, 11, 12, 13, 14, 15, 16, 17, 18]}, 'nodes': [{'node': 'device', 'executed_segments': [0, 1, 2, 3, 4, 5, 6, 7, 8, 9, 10, 11, 12, 13, 14, 15, 16, 17, 18], 'queue_s': 0.0, 'segment_compute_s': 0.24316888002795167, 'exit_head_compute_s': 0.0021310060110408813, 'exit_check_s': 0.0002528600161895156, 'worker_elapsed_s': 0.24604961898876354}], 'sample_id': 'balanced_000_0873_00008856', 'label': 0, 'correct': True, 'observed_utility': -0.23039374986547045}",balanced_000_0873_00008856,96,8856,0.47208380699157715,5472294003561725701,0.2460787499730941,2.9130984330549836e-05,0
0.0,0.23677065799711272,0.23677065799711272,0.2368008260091301,0.23677065799711272,1784947330.4993052,1784947329.7796032,1784947330.0296032,0.0,0.0,0.0,0.0,0.9999376535415649,0.0,ablate-end-only-resnet50-cifar10-pi5-r1-20260725-104127:v2,2,0.23677065799711272,unknown,0.0,0.0,0.0,0.0,0.0,"{'device': [0, 1, 2, 3, 4, 5, 6, 7, 8, 9, 10, 11, 12, 13, 14, 15, 16, 17, 18]}",19,final,device,True,9,1.0,5.0,1.0,0.2368008260091301,-0.18400413004565053,9,4ebc9e6435fb4ab1bd394335451736fc,97,"{'device_compute': 0.23677065799711272, 'd2e_transport': 0.0, 'edge_queue': 0.0, 'edge_segment_compute': 0.0, 'edge_exit_head_compute': 0.0, 'edge_exit_check': 0.0, 'e2c_transport': 0.0, 'cloud_queue': 0.0, 'cloud_segment_compute': 0.0, 'cloud_exit_head_compute': 0.0, 'cloud_exit_check': 0.0, 'total_latency': 0.2368008260091301, 'unattributed_overhead': 3.016801201738417e-05, 'request_id': '4ebc9e6435fb4ab1bd394335451736fc', 'user_id': 0, 'prediction': 9, 'exit_id': 'final', 'exit_boundary_id': 19, 'exit_location': 'device', 'confidence': 0.9999376535415649, 'executed_segments_by_node': {'device': [0, 1, 2, 3, 4, 5, 6, 7, 8, 9, 10, 11, 12, 13, 14, 15, 16, 17, 18]}, 'nodes': [{'node': 'device', 'executed_segments': [0, 1, 2, 3, 4, 5, 6, 7, 8, 9, 10, 11, 12, 13, 14, 15, 16, 17, 18], 'queue_s': 0.0, 'segment_compute_s': 0.23385438407422043, 'exit_head_compute_s': 0.002181025978643447, 'exit_check_s': 0.00025800897856242955, 'worker_elapsed_s': 0.23677065799711272}], 'sample_id': 'balanced_009_0983_00009777', 'label': 9, 'correct': True, 'observed_utility': -0.18400413004565053}",balanced_009_0983_00009777,97,9777,0.46970200538635254,5472294003561725701,0.2368008260091301,3.016801201738417e-05,0
0.0,0.24452579900389537,0.24452579900389537,0.24455489302636124,0.24452579900389537,1784947330.8052697,1784947330.0876842,1784947330.3376842,0.0,0.0,0.0,0.0,0.9996076226234436,0.0,ablate-end-only-resnet50-cifar10-pi5-r1-20260725-104127:v2,2,0.24452579900389537,unknown,0.0,0.0,0.0,0.0,0.0,"{'device': [0, 1, 2, 3, 4, 5, 6, 7, 8, 9, 10, 11, 12, 13, 14, 15, 16, 17, 18]}",19,final,device,True,4,1.0,5.0,1.0,0.24455489302636124,-0.2227744651318062,4,ad3bca97f58f4eeb9ca3eb9b060417ca,98,"{'device_compute': 0.24452579900389537, 'd2e_transport': 0.0, 'edge_queue': 0.0, 'edge_segment_compute': 0.0, 'edge_exit_head_compute': 0.0, 'edge_exit_check': 0.0, 'e2c_transport': 0.0, 'cloud_queue': 0.0, 'cloud_segment_compute': 0.0, 'cloud_exit_head_compute': 0.0, 'cloud_exit_check': 0.0, 'total_latency': 0.24455489302636124, 'unattributed_overhead': 2.9094022465869784e-05, 'request_id': 'ad3bca97f58f4eeb9ca3eb9b060417ca', 'user_id': 0, 'prediction': 4, 'exit_id': 'final', 'exit_boundary_id': 19, 'exit_location': 'device', 'confidence': 0.9996076226234436, 'executed_segments_by_node': {'device': [0, 1, 2, 3, 4, 5, 6, 7, 8, 9, 10, 11, 12, 13, 14, 15, 16, 17, 18]}, 'nodes': [{'node': 'device', 'executed_segments': [0, 1, 2, 3, 4, 5, 6, 7, 8, 9, 10, 11, 12, 13, 14, 15, 16, 17, 18], 'queue_s': 0.0, 'segment_compute_s': 0.24161733500659466, 'exit_head_compute_s': 0.0021612120035570115, 'exit_check_s': 0.0002823260147124529, 'worker_elapsed_s': 0.24452579900389537}], 'sample_id': 'balanced_004_0668_00006454', 'label': 4, 'correct': True, 'observed_utility': -0.2227744651318062}",balanced_004_0668_00006454,98,6454,0.46758556365966797,5472294003561725701,0.24455489302636124,2.9094022465869784e-05,0
0.0,0.2424471300037112,0.2424471300037112,0.24247657498926856,0.2424471300037112,1784947331.1198847,1784947330.400287,1784947330.650287,0.0,0.0,0.0,0.0,0.959709882736206,0.0,ablate-end-only-resnet50-cifar10-pi5-r1-20260725-104127:v2,2,0.2424471300037112,unknown,0.0,0.0,0.0,0.0,0.0,"{'device': [0, 1, 2, 3, 4, 5, 6, 7, 8, 9, 10, 11, 12, 13, 14, 15, 16, 17, 18]}",19,final,device,True,5,1.0,5.0,1.0,0.24247657498926856,-0.21238287494634278,5,974a0e96d8004d1cb4d4a4da8a3cdac6,99,"{'device_compute': 0.2424471300037112, 'd2e_transport': 0.0, 'edge_queue': 0.0, 'edge_segment_compute': 0.0, 'edge_exit_head_compute': 0.0, 'edge_exit_check': 0.0, 'e2c_transport': 0.0, 'cloud_queue': 0.0, 'cloud_segment_compute': 0.0, 'cloud_exit_head_compute': 0.0, 'cloud_exit_check': 0.0, 'total_latency': 0.24247657498926856, 'unattributed_overhead': 2.9444985557347536e-05, 'request_id': '974a0e96d8004d1cb4d4a4da8a3cdac6', 'user_id': 0, 'prediction': 5, 'exit_id': 'final', 'exit_boundary_id': 19, 'exit_location': 'device', 'confidence': 0.959709882736206, 'executed_segments_by_node': {'device': [0, 1, 2, 3, 4, 5, 6, 7, 8, 9, 10, 11, 12, 13, 14, 15, 16, 17, 18]}, 'nodes': [{'node': 'device', 'executed_segments': [0, 1, 2, 3, 4, 5, 6, 7, 8, 9, 10, 11, 12, 13, 14, 15, 16, 17, 18], 'queue_s': 0.0, 'segment_compute_s': 0.23843935193144716, 'exit_head_compute_s': 0.0032640470017213374, 'exit_check_s': 0.0002615650009829551, 'worker_elapsed_s': 0.2424471300037112}], 'sample_id': 'balanced_005_0784_00007713', 'label': 5, 'correct': True, 'observed_utility': -0.21238287494634278}",balanced_005_0784_00007713,99,7713,0.46959781646728516,5472294003561725701,0.24247657498926856,2.9444985557347536e-05,0
