T_bandwidth_calibration,T_c_compute,T_compute_cloud,T_compute_device,T_compute_edge,T_compute_s,T_d2e,T_d_compute,T_device_edge_roundtrip,T_e2c,T_e_compute,T_edge_cloud_roundtrip,T_node_cloud,T_node_edge,T_queue_s,T_total,T_worker_elapsed_s,actual_start_at_utc,barrier_ready_at_utc,barrier_release_at_utc,cloud_exit_check,cloud_exit_head_compute,cloud_queue,cloud_segment_compute,confidence,d2e_transport,decision_id,decision_version,device_compute,difficulty,e2c_transport,edge_exit_check,edge_exit_head_compute,edge_queue,edge_segment_compute,executed_segments_by_node,exit_boundary_id,exit_id,exit_location,is_correct,label,objective_alpha,objective_beta,observed_accuracy,observed_latency,observed_utility,prediction,request_id,request_seq,request_trace,sample_id,sample_index,source_index,start_skew_s,test_sample_seed,total_latency,unattributed_overhead,user_id
0.0,0.2545296900207177,0.2545296900207177,0.20676009998715017,0.037082199996802956,0.2545296900207177,2.0377277979714563,0.20676009998715017,9.847141997990548,2.679530571011128,0.037082199996802956,4.456878099997994,1.7773475289868657,3.352536100021098,1.2336615950043779,10.053943041988532,0.254591699980665,1784780329.6987398,1784780328.5596128,1784780328.8096128,0.021161480981390923,0.02048242700402625,1.2336615950043779,0.21237428800668567,0.9927000403404236,2.0377277979714563,smoke-resnet50-cifar10-pi5-20260723-121831:v1,1,0.20676009998715017,unknown,2.679530571011128,0.0001479999627918005,0.00041560002136975527,3.3142739000031725,0.03639699990162626,"{'device': [0, 1, 2, 3, 4, 5], 'edge': [6, 7, 8, 9, 10, 11], 'cloud': [12, 13, 14, 15, 16, 17, 18]}",19,final,cloud,True,6,1.0,5.0,1.0,10.053943041988532,-49.26971520994266,6,0481a66d60ee4fe99a2246a05f23cbbf,0,"{'device_compute': 0.20676009998715017, 'd2e_transport': 2.0377277979714563, 'edge_queue': 3.3142739000031725, 'edge_segment_compute': 0.03639699990162626, 'edge_exit_head_compute': 0.00041560002136975527, 'edge_exit_check': 0.0001479999627918005, 'e2c_transport': 2.679530571011128, 'cloud_queue': 1.2336615950043779, 'cloud_segment_compute': 0.21237428800668567, 'cloud_exit_head_compute': 0.02048242700402625, 'cloud_exit_check': 0.021161480981390923, 'total_latency': 10.053943041988532, 'unattributed_overhead': 0.29101028213335667, 'request_id': '0481a66d60ee4fe99a2246a05f23cbbf', 'user_id': 0, 'prediction': 6, 'exit_id': 'final', 'exit_boundary_id': 19, 'exit_location': 'cloud', 'confidence': 0.9927000403404236, 'executed_segments_by_node': {'device': [0, 1, 2, 3, 4, 5], 'edge': [6, 7, 8, 9, 10, 11], 'cloud': [12, 13, 14, 15, 16, 17, 18]}, 'nodes': [{'node': 'device', 'executed_segments': [0, 1, 2, 3, 4, 5], 'queue_s': 0.0, 'segment_compute_s': 0.20501241799502168, 'exit_head_compute_s': 0.0014045950083527714, 'exit_check_s': 0.00012914699618704617, 'worker_elapsed_s': 0.20676009998715017}, {'node': 'edge', 'executed_segments': [6, 7, 8, 9, 10, 11], 'queue_s': 3.3142739000031725, 'segment_compute_s': 0.03639699990162626, 'exit_head_compute_s': 0.00041560002136975527, 'exit_check_s': 0.0001479999627918005, 'worker_elapsed_s': 0.03709200001321733}, {'node': 'cloud', 'executed_segments': [12, 13, 14, 15, 16, 17, 18], 'queue_s': 1.2336615950043779, 'segment_compute_s': 0.21237428800668567, 'exit_head_compute_s': 0.02048242700402625, 'exit_check_s': 0.021161480981390923, 'worker_elapsed_s': 0.254591699980665}], 'sample_id': 'balanced_006_0197_00001832', 'label': 6, 'correct': True, 'observed_utility': -49.26971520994266}",balanced_006_0197_00001832,0,1832,0.8891270160675049,8564470938850737220,10.053943041988532,0.29101028213335667,0
0.0,0.0065188749867957085,0.0065188749867957085,0.10579483699984848,0.08200840000063181,0.0065188749867957085,0.4196170900395373,0.10579483699984848,1.7308888900006423,1.2138398179376964,0.08200840000063181,1.2258767999592237,0.012036982021527365,0.08539500000188127,0.0033890870108734816,1.8367205590038793,0.006616711005335674,1784780340.7282612,1784780339.6194615,1784780339.8694615,0.00024600300821475685,0.0003879739670082927,0.0033890870108734816,0.005320106982253492,0.9999991655349731,0.4196170900395373,smoke-resnet50-cifar10-pi5-20260723-121831:v1,1,0.10579483699984848,unknown,1.2138398179376964,4.5599997974932194e-05,0.00029689999064430594,0.0017963999998755753,0.08146649994887412,"{'device': [0, 1, 2, 3, 4, 5], 'edge': [6, 7, 8, 9, 10, 11], 'cloud': [12, 13, 14, 15, 16, 17, 18]}",19,final,cloud,True,9,1.0,5.0,1.0,1.8367205590038793,-8.183602795019397,9,31f8ed90f7454d758f574266f4ee98f6,1,"{'device_compute': 0.10579483699984848, 'd2e_transport': 0.4196170900395373, 'edge_queue': 0.0017963999998755753, 'edge_segment_compute': 0.08146649994887412, 'edge_exit_head_compute': 0.00029689999064430594, 'edge_exit_check': 4.5599997974932194e-05, 'e2c_transport': 1.2138398179376964, 'cloud_queue': 0.0033890870108734816, 'cloud_segment_compute': 0.005320106982253492, 'cloud_exit_head_compute': 0.0003879739670082927, 'cloud_exit_check': 0.00024600300821475685, 'total_latency': 1.8367205590038793, 'unattributed_overhead': 0.004520243121078238, 'request_id': '31f8ed90f7454d758f574266f4ee98f6', 'user_id': 0, 'prediction': 9, 'exit_id': 'final', 'exit_boundary_id': 19, 'exit_location': 'cloud', 'confidence': 0.9999991655349731, 'executed_segments_by_node': {'device': [0, 1, 2, 3, 4, 5], 'edge': [6, 7, 8, 9, 10, 11], 'cloud': [12, 13, 14, 15, 16, 17, 18]}, 'nodes': [{'node': 'device', 'executed_segments': [0, 1, 2, 3, 4, 5], 'queue_s': 0.0, 'segment_compute_s': 0.10455733200069517, 'exit_head_compute_s': 0.0009763220004970208, 'exit_check_s': 6.470299558714032e-05, 'worker_elapsed_s': 0.10579483699984848}, {'node': 'edge', 'executed_segments': [6, 7, 8, 9, 10, 11], 'queue_s': 0.0017963999998755753, 'segment_compute_s': 0.08146649994887412, 'exit_head_compute_s': 0.00029689999064430594, 'exit_check_s': 4.5599997974932194e-05, 'worker_elapsed_s': 0.08202380000147969}, {'node': 'cloud', 'executed_segments': [12, 13, 14, 15, 16, 17, 18], 'queue_s': 0.0033890870108734816, 'segment_compute_s': 0.005320106982253492, 'exit_head_compute_s': 0.0003879739670082927, 'exit_check_s': 0.00024600300821475685, 'worker_elapsed_s': 0.006616711005335674}], 'sample_id': 'balanced_009_0777_00007883', 'label': 9, 'correct': True, 'observed_utility': -8.183602795019397}",balanced_009_0777_00007883,1,7883,0.8587996959686279,8564470938850737220,1.8367205590038793,0.004520243121078238,0
0.0,0.006544567993842065,0.006544567993842065,0.13678515300853178,0.0738615000154823,0.006544567993842065,0.23880308697698638,0.13678515300853178,1.1432043869863264,0.8163336710131261,0.0738615000154823,0.8278833000222221,0.011549629009095952,0.07651799998711795,0.003063237003516406,1.280025818006834,0.006653577001998201,1784780342.61883,1784780341.5515368,1784780341.8015368,0.0002039689861703664,0.0003813530202023685,0.003063237003516406,0.005405097035691142,0.9388942718505859,0.23880308697698638,smoke-resnet50-cifar10-pi5-20260723-121831:v1,1,0.13678515300853178,unknown,0.8163336710131261,3.819999983534217e-05,0.00026160001289099455,0.0011573999654501677,0.0734245001222007,"{'device': [0, 1, 2, 3, 4, 5], 'edge': [6, 7, 8, 9, 10, 11], 'cloud': [12, 13, 14, 15, 16, 17, 18]}",19,final,cloud,True,2,1.0,5.0,1.0,1.280025818006834,-5.40012909003417,2,47553b57ebbc45a1abeb308fdc0cb75d,2,"{'device_compute': 0.13678515300853178, 'd2e_transport': 0.23880308697698638, 'edge_queue': 0.0011573999654501677, 'edge_segment_compute': 0.0734245001222007, 'edge_exit_head_compute': 0.00026160001289099455, 'edge_exit_check': 3.819999983534217e-05, 'e2c_transport': 0.8163336710131261, 'cloud_queue': 0.003063237003516406, 'cloud_segment_compute': 0.005405097035691142, 'cloud_exit_head_compute': 0.0003813530202023685, 'cloud_exit_check': 0.0002039689861703664, 'total_latency': 1.280025818006834, 'unattributed_overhead': 0.004168550862232223, 'request_id': '47553b57ebbc45a1abeb308fdc0cb75d', 'user_id': 0, 'prediction': 2, 'exit_id': 'final', 'exit_boundary_id': 19, 'exit_location': 'cloud', 'confidence': 0.9388942718505859, 'executed_segments_by_node': {'device': [0, 1, 2, 3, 4, 5], 'edge': [6, 7, 8, 9, 10, 11], 'cloud': [12, 13, 14, 15, 16, 17, 18]}, 'nodes': [{'node': 'device', 'executed_segments': [0, 1, 2, 3, 4, 5], 'queue_s': 0.0, 'segment_compute_s': 0.13547440999536775, 'exit_head_compute_s': 0.0009665259858593345, 'exit_check_s': 6.370300252456218e-05, 'worker_elapsed_s': 0.13678515300853178}, {'node': 'edge', 'executed_segments': [6, 7, 8, 9, 10, 11], 'queue_s': 0.0011573999654501677, 'segment_compute_s': 0.0734245001222007, 'exit_head_compute_s': 0.00026160001289099455, 'exit_check_s': 3.819999983534217e-05, 'worker_elapsed_s': 0.07387380005093291}, {'node': 'cloud', 'executed_segments': [12, 13, 14, 15, 16, 17, 18], 'queue_s': 0.003063237003516406, 'segment_compute_s': 0.005405097035691142, 'exit_head_compute_s': 0.0003813530202023685, 'exit_check_s': 0.0002039689861703664, 'worker_elapsed_s': 0.006653577001998201}], 'sample_id': 'balanced_002_0142_00001479', 'label': 2, 'correct': True, 'observed_utility': -5.40012909003417}",balanced_002_0142_00001479,2,1479,0.8172931671142578,8564470938850737220,1.280025818006834,0.004168550862232223,0
0.0,0.006371794996084645,0.006371794996084645,0.14628776301105972,0.07451310002943501,0.006371794996084645,0.45291528302186634,0.14628776301105972,1.6672756830084836,1.126235103001818,0.07451310002943501,1.1372226999956183,0.010987596993800253,0.07713769999099895,0.002706607978325337,1.8136513890058268,0.006468463019700721,1784780343.9351163,1784780342.872331,1784780343.122331,0.000209169986192137,0.0003675759944599122,0.002706607978325337,0.005234954907791689,0.9998000264167786,0.45291528302186634,smoke-resnet50-cifar10-pi5-20260723-121831:v1,1,0.14628776301105972,unknown,1.126235103001818,4.0000013541430235e-05,0.0002859999658539891,0.0012702999520115554,0.07404360006330535,"{'device': [0, 1, 2, 3, 4, 5], 'edge': [6, 7, 8, 9, 10, 11], 'cloud': [12, 13, 14, 15, 16, 17, 18]}",19,final,cloud,True,8,1.0,5.0,1.0,1.8136513890058268,-8.068256945029134,8,da37f846f2e04a1db6c0b94d730f1cca,3,"{'device_compute': 0.14628776301105972, 'd2e_transport': 0.45291528302186634, 'edge_queue': 0.0012702999520115554, 'edge_segment_compute': 0.07404360006330535, 'edge_exit_head_compute': 0.0002859999658539891, 'edge_exit_check': 4.0000013541430235e-05, 'e2c_transport': 1.126235103001818, 'cloud_queue': 0.002706607978325337, 'cloud_segment_compute': 0.005234954907791689, 'cloud_exit_head_compute': 0.0003675759944599122, 'cloud_exit_check': 0.000209169986192137, 'total_latency': 1.8136513890058268, 'unattributed_overhead': 0.004055031109601259, 'request_id': 'da37f846f2e04a1db6c0b94d730f1cca', 'user_id': 0, 'prediction': 8, 'exit_id': 'final', 'exit_boundary_id': 19, 'exit_location': 'cloud', 'confidence': 0.9998000264167786, 'executed_segments_by_node': {'device': [0, 1, 2, 3, 4, 5], 'edge': [6, 7, 8, 9, 10, 11], 'cloud': [12, 13, 14, 15, 16, 17, 18]}, 'nodes': [{'node': 'device', 'executed_segments': [0, 1, 2, 3, 4, 5], 'queue_s': 0.0, 'segment_compute_s': 0.1440162520011654, 'exit_head_compute_s': 0.001957476997631602, 'exit_check_s': 6.964699423406273e-05, 'worker_elapsed_s': 0.14628776301105972}, {'node': 'edge', 'executed_segments': [6, 7, 8, 9, 10, 11], 'queue_s': 0.0012702999520115554, 'segment_compute_s': 0.07404360006330535, 'exit_head_compute_s': 0.0002859999658539891, 'exit_check_s': 4.0000013541430235e-05, 'worker_elapsed_s': 0.07452510000439361}, {'node': 'cloud', 'executed_segments': [12, 13, 14, 15, 16, 17, 18], 'queue_s': 0.002706607978325337, 'segment_compute_s': 0.005234954907791689, 'exit_head_compute_s': 0.0003675759944599122, 'exit_check_s': 0.000209169986192137, 'worker_elapsed_s': 0.006468463019700721}], 'sample_id': 'balanced_008_0804_00008223', 'label': 8, 'correct': True, 'observed_utility': -8.068256945029134}",balanced_008_0804_00008223,3,8223,0.8127853870391846,8564470938850737220,1.8136513890058268,0.004055031109601259,0
0.0,0.006298403022810817,0.006298403022810817,0.1242777279985603,0.07417979999445379,0.006298403022810817,0.3982711510034278,0.1242777279985603,1.4722593509941362,0.9860011930286419,0.07417979999445379,0.9970446000224911,0.011043406993849203,0.07694359996821731,0.002745927980868146,1.59657341199636,0.006374403019435704,1784780345.7827938,1784780344.7201838,1784780344.9701838,0.00019432400586083531,0.00044053103192709386,0.002745927980868146,0.00511563997133635,0.9999825954437256,0.3982711510034278,smoke-resnet50-cifar10-pi5-20260723-121831:v1,1,0.1242777279985603,unknown,0.9860011930286419,3.779999678954482e-05,0.00026300002355128527,0.0014001000090502203,0.07374220009660348,"{'device': [0, 1, 2, 3, 4, 5], 'edge': [6, 7, 8, 9, 10, 11], 'cloud': [12, 13, 14, 15, 16, 17, 18]}",19,final,cloud,True,3,1.0,5.0,1.0,1.59657341199636,-6.9828670599818,3,8befde9ea64c4ec2ab3b70b6c544a2d8,4,"{'device_compute': 0.1242777279985603, 'd2e_transport': 0.3982711510034278, 'edge_queue': 0.0014001000090502203, 'edge_segment_compute': 0.07374220009660348, 'edge_exit_head_compute': 0.00026300002355128527, 'edge_exit_check': 3.779999678954482e-05, 'e2c_transport': 0.9860011930286419, 'cloud_queue': 0.002745927980868146, 'cloud_segment_compute': 0.00511563997133635, 'cloud_exit_head_compute': 0.00044053103192709386, 'cloud_exit_check': 0.00019432400586083531, 'total_latency': 1.59657341199636, 'unattributed_overhead': 0.004083816849743016, 'request_id': '8befde9ea64c4ec2ab3b70b6c544a2d8', 'user_id': 0, 'prediction': 3, 'exit_id': 'final', 'exit_boundary_id': 19, 'exit_location': 'cloud', 'confidence': 0.9999825954437256, 'executed_segments_by_node': {'device': [0, 1, 2, 3, 4, 5], 'edge': [6, 7, 8, 9, 10, 11], 'cloud': [12, 13, 14, 15, 16, 17, 18]}, 'nodes': [{'node': 'device', 'executed_segments': [0, 1, 2, 3, 4, 5], 'queue_s': 0.0, 'segment_compute_s': 0.1227196710096905, 'exit_head_compute_s': 0.0012764849961968139, 'exit_check_s': 6.285100243985653e-05, 'worker_elapsed_s': 0.1242777279985603}, {'node': 'edge', 'executed_segments': [6, 7, 8, 9, 10, 11], 'queue_s': 0.0014001000090502203, 'segment_compute_s': 0.07374220009660348, 'exit_head_compute_s': 0.00026300002355128527, 'exit_check_s': 3.779999678954482e-05, 'worker_elapsed_s': 0.07419240003218874}, {'node': 'cloud', 'executed_segments': [12, 13, 14, 15, 16, 17, 18], 'queue_s': 0.002745927980868146, 'segment_compute_s': 0.00511563997133635, 'exit_head_compute_s': 0.00044053103192709386, 'exit_check_s': 0.00019432400586083531, 'worker_elapsed_s': 0.006374403019435704}], 'sample_id': 'balanced_003_0063_00000669', 'label': 3, 'correct': True, 'observed_utility': -6.9828670599818}",balanced_003_0063_00000669,4,669,0.8126099109649658,8564470938850737220,1.59657341199636,0.004083816849743016,0
0.0,0.006466431019362062,0.006466431019362062,0.11247309000464156,0.07548709999537095,0.006466431019362062,0.33088720102387015,0.11247309000464156,1.5114497009926708,1.091462847951334,0.07548709999537095,1.1025045999558643,0.01104175200453028,0.07805790001293644,0.002686877007363364,1.623958420008421,0.0065668489842209965,1784780347.4257643,1784780346.3645086,1784780346.6145086,0.00019855602295137942,0.0003698270011227578,0.002686877007363364,0.005344941018847749,0.9999096393585205,0.33088720102387015,smoke-resnet50-cifar10-pi5-20260723-121831:v1,1,0.11247309000464156,unknown,1.091462847951334,4.5599997974932194e-05,0.000312299991492182,0.0012404000153765082,0.0749787999666296,"{'device': [0, 1, 2, 3, 4, 5], 'edge': [6, 7, 8, 9, 10, 11], 'cloud': [12, 13, 14, 15, 16, 17, 18]}",19,final,cloud,True,9,1.0,5.0,1.0,1.623958420008421,-7.119792100042105,9,6cc4ae66a973456794f4d12c47a1d7cc,5,"{'device_compute': 0.11247309000464156, 'd2e_transport': 0.33088720102387015, 'edge_queue': 0.0012404000153765082, 'edge_segment_compute': 0.0749787999666296, 'edge_exit_head_compute': 0.000312299991492182, 'edge_exit_check': 4.5599997974932194e-05, 'e2c_transport': 1.091462847951334, 'cloud_queue': 0.002686877007363364, 'cloud_segment_compute': 0.005344941018847749, 'cloud_exit_head_compute': 0.0003698270011227578, 'cloud_exit_check': 0.00019855602295137942, 'total_latency': 1.623958420008421, 'unattributed_overhead': 0.003957980006816797, 'request_id': '6cc4ae66a973456794f4d12c47a1d7cc', 'user_id': 0, 'prediction': 9, 'exit_id': 'final', 'exit_boundary_id': 19, 'exit_location': 'cloud', 'confidence': 0.9999096393585205, 'executed_segments_by_node': {'device': [0, 1, 2, 3, 4, 5], 'edge': [6, 7, 8, 9, 10, 11], 'cloud': [12, 13, 14, 15, 16, 17, 18]}, 'nodes': [{'node': 'device', 'executed_segments': [0, 1, 2, 3, 4, 5], 'queue_s': 0.0, 'segment_compute_s': 0.10868520899384748, 'exit_head_compute_s': 0.0035082359972875565, 'exit_check_s': 7.925801037345082e-05, 'worker_elapsed_s': 0.11247309000464156}, {'node': 'edge', 'executed_segments': [6, 7, 8, 9, 10, 11], 'queue_s': 0.0012404000153765082, 'segment_compute_s': 0.0749787999666296, 'exit_head_compute_s': 0.000312299991492182, 'exit_check_s': 4.5599997974932194e-05, 'worker_elapsed_s': 0.0754997999756597}, {'node': 'cloud', 'executed_segments': [12, 13, 14, 15, 16, 17, 18], 'queue_s': 0.002686877007363364, 'segment_compute_s': 0.005344941018847749, 'exit_head_compute_s': 0.0003698270011227578, 'exit_check_s': 0.00019855602295137942, 'worker_elapsed_s': 0.0065668489842209965}], 'sample_id': 'balanced_009_0998_00009958', 'label': 9, 'correct': True, 'observed_utility': -7.119792100042105}",balanced_009_0998_00009958,5,9958,0.811255693435669,8564470938850737220,1.623958420008421,0.003957980006816797,0
0.0,0.006243406009161845,0.006243406009161845,0.10245124700304586,0.07348749996162951,0.006243406009161845,0.3081743589864345,0.10245124700304586,1.4856458589929389,1.0906391149910633,0.07348749996162951,1.101371199998539,0.010732085007475689,0.07610030000796542,0.0026134510117117316,1.5881344020017423,0.006340683990856633,1784780349.1769636,1784780348.1029618,1784780348.3529618,0.000188803969649598,0.0003638730267994106,0.0026134510117117316,0.0051498559769243,0.9999997615814209,0.3081743589864345,smoke-resnet50-cifar10-pi5-20260723-121831:v1,1,0.10245124700304586,unknown,1.0906391149910633,5.660002352669835e-05,0.0002779999631457031,0.0012829999905079603,0.07299910002620891,"{'device': [0, 1, 2, 3, 4, 5], 'edge': [6, 7, 8, 9, 10, 11], 'cloud': [12, 13, 14, 15, 16, 17, 18]}",19,final,cloud,True,5,1.0,5.0,1.0,1.5881344020017423,-6.940672010008711,5,9af60aab9895403f91c5c3ee565ebaaa,6,"{'device_compute': 0.10245124700304586, 'd2e_transport': 0.3081743589864345, 'edge_queue': 0.0012829999905079603, 'edge_segment_compute': 0.07299910002620891, 'edge_exit_head_compute': 0.0002779999631457031, 'edge_exit_check': 5.660002352669835e-05, 'e2c_transport': 1.0906391149910633, 'cloud_queue': 0.0026134510117117316, 'cloud_segment_compute': 0.0051498559769243, 'cloud_exit_head_compute': 0.0003638730267994106, 'cloud_exit_check': 0.000188803969649598, 'total_latency': 1.5881344020017423, 'unattributed_overhead': 0.003936997032724321, 'request_id': '9af60aab9895403f91c5c3ee565ebaaa', 'user_id': 0, 'prediction': 5, 'exit_id': 'final', 'exit_boundary_id': 19, 'exit_location': 'cloud', 'confidence': 0.9999997615814209, 'executed_segments_by_node': {'device': [0, 1, 2, 3, 4, 5], 'edge': [6, 7, 8, 9, 10, 11], 'cloud': [12, 13, 14, 15, 16, 17, 18]}, 'nodes': [{'node': 'device', 'executed_segments': [0, 1, 2, 3, 4, 5], 'queue_s': 0.0, 'segment_compute_s': 0.1011982220079517, 'exit_head_compute_s': 0.0010039879998657852, 'exit_check_s': 6.0776990721933544e-05, 'worker_elapsed_s': 0.10245124700304586}, {'node': 'edge', 'executed_segments': [6, 7, 8, 9, 10, 11], 'queue_s': 0.0012829999905079603, 'segment_compute_s': 0.07299910002620891, 'exit_head_compute_s': 0.0002779999631457031, 'exit_check_s': 5.660002352669835e-05, 'worker_elapsed_s': 0.07349969999631867}, {'node': 'cloud', 'executed_segments': [12, 13, 14, 15, 16, 17, 18], 'queue_s': 0.0026134510117117316, 'segment_compute_s': 0.0051498559769243, 'exit_head_compute_s': 0.0003638730267994106, 'exit_check_s': 0.000188803969649598, 'worker_elapsed_s': 0.006340683990856633}], 'sample_id': 'balanced_005_0118_00001362', 'label': 5, 'correct': True, 'observed_utility': -6.940672010008711}",balanced_005_0118_00001362,6,1362,0.8240017890930176,8564470938850737220,1.5881344020017423,0.003936997032724321,0
0.0,0.008145694999257103,0.008145694999257103,0.11710420199960936,0.07515129999956116,0.008145694999257103,0.3500878680497408,0.11710420199960936,1.4699972679954953,1.0292371829564217,0.07515129999956116,1.0421373999561183,0.012900216999696568,0.07777199998963624,0.002720978984143585,1.5871461359929526,0.008247554011177272,1784780350.813778,1784780349.7380204,1784780349.9880204,0.00024398701498284936,0.00047536997590214014,0.002720978984143585,0.00676924898289144,0.9992050528526306,0.3500878680497408,smoke-resnet50-cifar10-pi5-20260723-121831:v1,1,0.11710420199960936,unknown,1.0292371829564217,3.8700003642588854e-05,0.00026699999580159783,0.001366599986795336,0.07470120006473735,"{'device': [0, 1, 2, 3, 4, 5], 'edge': [6, 7, 8, 9, 10, 11], 'cloud': [12, 13, 14, 15, 16, 17, 18]}",19,final,cloud,True,1,1.0,5.0,1.0,1.5871461359929526,-6.935730679964763,1,9eeed383fcc64cc392aa60eef02b3f1c,7,"{'device_compute': 0.11710420199960936, 'd2e_transport': 0.3500878680497408, 'edge_queue': 0.001366599986795336, 'edge_segment_compute': 0.07470120006473735, 'edge_exit_head_compute': 0.00026699999580159783, 'edge_exit_check': 3.8700003642588854e-05, 'e2c_transport': 1.0292371829564217, 'cloud_queue': 0.002720978984143585, 'cloud_segment_compute': 0.00676924898289144, 'cloud_exit_head_compute': 0.00047536997590214014, 'cloud_exit_check': 0.00024398701498284936, 'total_latency': 1.5871461359929526, 'unattributed_overhead': 0.0041337979782838374, 'request_id': '9eeed383fcc64cc392aa60eef02b3f1c', 'user_id': 0, 'prediction': 1, 'exit_id': 'final', 'exit_boundary_id': 19, 'exit_location': 'cloud', 'confidence': 0.9992050528526306, 'executed_segments_by_node': {'device': [0, 1, 2, 3, 4, 5], 'edge': [6, 7, 8, 9, 10, 11], 'cloud': [12, 13, 14, 15, 16, 17, 18]}, 'nodes': [{'node': 'device', 'executed_segments': [0, 1, 2, 3, 4, 5], 'queue_s': 0.0, 'segment_compute_s': 0.11579786699439865, 'exit_head_compute_s': 0.0010240620031254366, 'exit_check_s': 7.555399497505277e-05, 'worker_elapsed_s': 0.11710420199960936}, {'node': 'edge', 'executed_segments': [6, 7, 8, 9, 10, 11], 'queue_s': 0.001366599986795336, 'segment_compute_s': 0.07470120006473735, 'exit_head_compute_s': 0.00026699999580159783, 'exit_check_s': 3.8700003642588854e-05, 'worker_elapsed_s': 0.07516409998061135}, {'node': 'cloud', 'executed_segments': [12, 13, 14, 15, 16, 17, 18], 'queue_s': 0.002720978984143585, 'segment_compute_s': 0.00676924898289144, 'exit_head_compute_s': 0.00047536997590214014, 'exit_check_s': 0.00024398701498284936, 'worker_elapsed_s': 0.008247554011177272}], 'sample_id': 'balanced_001_0073_00000887', 'label': 1, 'correct': True, 'observed_utility': -6.935730679964763}",balanced_001_0073_00000887,7,887,0.8257575035095215,8564470938850737220,1.5871461359929526,0.0041337979782838374,0
0.0,0.007086316996719688,0.007086316996719688,0.1148750989959808,0.07418389996746555,0.007086316996719688,0.2975189520366257,0.1148750989959808,1.4822537519939942,1.0952753909514286,0.07418389996746555,1.1077947999583557,0.012519409006927162,0.0769399999990128,0.003030221996596083,1.597166665000259,0.007201473985332996,1784780352.436079,1784780351.3753457,1784780351.6253457,0.00021346702123992145,0.00039304897654801607,0.003030221996596083,0.005856920994119719,0.999942421913147,0.2975189520366257,smoke-resnet50-cifar10-pi5-20260723-121831:v1,1,0.1148750989959808,unknown,1.0952753909514286,3.8300000596791506e-05,0.0002658000448718667,0.0013948999694548547,0.07374329993035644,"{'device': [0, 1, 2, 3, 4, 5], 'edge': [6, 7, 8, 9, 10, 11], 'cloud': [12, 13, 14, 15, 16, 17, 18]}",19,final,cloud,True,0,1.0,5.0,1.0,1.597166665000259,-6.985833325001295,0,aad5a56909a648beaea37ba60343770e,8,"{'device_compute': 0.1148750989959808, 'd2e_transport': 0.2975189520366257, 'edge_queue': 0.0013948999694548547, 'edge_segment_compute': 0.07374329993035644, 'edge_exit_head_compute': 0.0002658000448718667, 'edge_exit_check': 3.8300000596791506e-05, 'e2c_transport': 1.0952753909514286, 'cloud_queue': 0.003030221996596083, 'cloud_segment_compute': 0.005856920994119719, 'cloud_exit_head_compute': 0.00039304897654801607, 'cloud_exit_check': 0.00021346702123992145, 'total_latency': 1.597166665000259, 'unattributed_overhead': 0.004561264082440175, 'request_id': 'aad5a56909a648beaea37ba60343770e', 'user_id': 0, 'prediction': 0, 'exit_id': 'final', 'exit_boundary_id': 19, 'exit_location': 'cloud', 'confidence': 0.999942421913147, 'executed_segments_by_node': {'device': [0, 1, 2, 3, 4, 5], 'edge': [6, 7, 8, 9, 10, 11], 'cloud': [12, 13, 14, 15, 16, 17, 18]}, 'nodes': [{'node': 'device', 'executed_segments': [0, 1, 2, 3, 4, 5], 'queue_s': 0.0, 'segment_compute_s': 0.11230666600749828, 'exit_head_compute_s': 0.0022983429953455925, 'exit_check_s': 7.431399717461318e-05, 'worker_elapsed_s': 0.1148750989959808}, {'node': 'edge', 'executed_segments': [6, 7, 8, 9, 10, 11], 'queue_s': 0.0013948999694548547, 'segment_compute_s': 0.07374329993035644, 'exit_head_compute_s': 0.0002658000448718667, 'exit_check_s': 3.8300000596791506e-05, 'worker_elapsed_s': 0.07419620000291616}, {'node': 'cloud', 'executed_segments': [12, 13, 14, 15, 16, 17, 18], 'queue_s': 0.003030221996596083, 'segment_compute_s': 0.005856920994119719, 'exit_head_compute_s': 0.00039304897654801607, 'exit_check_s': 0.00021346702123992145, 'worker_elapsed_s': 0.007201473985332996}], 'sample_id': 'balanced_000_0667_00006653', 'label': 0, 'correct': True, 'observed_utility': -6.985833325001295}",balanced_000_0667_00006653,8,6653,0.8107333183288574,8564470938850737220,1.597166665000259,0.004561264082440175,0
0.0,0.007026677980320528,0.007026677980320528,0.1189154210005654,0.07524999999441206,0.007026677980320528,0.4454723179951543,0.1189154210005654,2.320272617987939,1.7847132550086826,0.07524999999441206,1.7967778000165708,0.012064545007888228,0.07802249997621402,0.002949437010101974,2.4392237790016225,0.007109828002285212,1784780354.261871,1784780353.2004986,1784780353.4504986,0.0002457280352246016,0.000395252020098269,0.002949437010101974,0.005729135998990387,0.9999985694885254,0.4454723179951543,smoke-resnet50-cifar10-pi5-20260723-121831:v1,1,0.1189154210005654,unknown,1.7847132550086826,3.7699996028095484e-05,0.00026430003345012665,0.0013114999746903777,0.07480089989257976,"{'device': [0, 1, 2, 3, 4, 5], 'edge': [6, 7, 8, 9, 10, 11], 'cloud': [12, 13, 14, 15, 16, 17, 18]}",19,final,cloud,True,6,1.0,5.0,1.0,2.4392237790016225,-11.196118895008112,6,b0343047c57541278c368feedeb681d9,9,"{'device_compute': 0.1189154210005654, 'd2e_transport': 0.4454723179951543, 'edge_queue': 0.0013114999746903777, 'edge_segment_compute': 0.07480089989257976, 'edge_exit_head_compute': 0.00026430003345012665, 'edge_exit_check': 3.7699996028095484e-05, 'e2c_transport': 1.7847132550086826, 'cloud_queue': 0.002949437010101974, 'cloud_segment_compute': 0.005729135998990387, 'cloud_exit_head_compute': 0.000395252020098269, 'cloud_exit_check': 0.0002457280352246016, 'total_latency': 2.4392237790016225, 'unattributed_overhead': 0.004388832036056556, 'request_id': 'b0343047c57541278c368feedeb681d9', 'user_id': 0, 'prediction': 6, 'exit_id': 'final', 'exit_boundary_id': 19, 'exit_location': 'cloud', 'confidence': 0.9999985694885254, 'executed_segments_by_node': {'device': [0, 1, 2, 3, 4, 5], 'edge': [6, 7, 8, 9, 10, 11], 'cloud': [12, 13, 14, 15, 16, 17, 18]}, 'nodes': [{'node': 'device', 'executed_segments': [0, 1, 2, 3, 4, 5], 'queue_s': 0.0, 'segment_compute_s': 0.11764064099406824, 'exit_head_compute_s': 0.001007746992399916, 'exit_check_s': 8.157300180755556e-05, 'worker_elapsed_s': 0.1189154210005654}, {'node': 'edge', 'executed_segments': [6, 7, 8, 9, 10, 11], 'queue_s': 0.0013114999746903777, 'segment_compute_s': 0.07480089989257976, 'exit_head_compute_s': 0.00026430003345012665, 'exit_check_s': 3.7699996028095484e-05, 'worker_elapsed_s': 0.07526330003747717}, {'node': 'cloud', 'executed_segments': [12, 13, 14, 15, 16, 17, 18], 'queue_s': 0.002949437010101974, 'segment_compute_s': 0.005729135998990387, 'exit_head_compute_s': 0.000395252020098269, 'exit_check_s': 0.0002457280352246016, 'worker_elapsed_s': 0.007109828002285212}], 'sample_id': 'balanced_006_0674_00006801', 'label': 6, 'correct': True, 'observed_utility': -11.196118895008112}",balanced_006_0674_00006801,9,6801,0.8113725185394287,8564470938850737220,2.4392237790016225,0.004388832036056556,0
0.0,0.007783159002428874,0.007783159002428874,0.118360410007881,0.07542400003876537,0.007783159002428874,0.2990880289580673,0.118360410007881,2.0944544289959595,1.704134290019283,0.07542400003876537,1.717025400022976,0.01289111000369303,0.07834100001491606,0.0029330129909794778,2.2128565419989172,0.007855327014112845,1784780356.7385516,1784780355.6754096,1784780355.9254096,0.0002156590053346008,0.0004740270087495446,0.0029330129909794778,0.006428444990888238,0.9999805688858032,0.2990880289580673,smoke-resnet50-cifar10-pi5-20260723-121831:v1,1,0.118360410007881,unknown,1.704134290019283,3.91000066883862e-05,0.0002761000068858266,0.0015134999994188547,0.0749542000121437,"{'device': [0, 1, 2, 3, 4, 5], 'edge': [6, 7, 8, 9, 10, 11], 'cloud': [12, 13, 14, 15, 16, 17, 18]}",19,final,cloud,True,6,1.0,5.0,1.0,2.2128565419989172,-10.064282709994586,6,097f8230e2d34d10a558c32fee451d5c,10,"{'device_compute': 0.118360410007881, 'd2e_transport': 0.2990880289580673, 'edge_queue': 0.0015134999994188547, 'edge_segment_compute': 0.0749542000121437, 'edge_exit_head_compute': 0.0002761000068858266, 'edge_exit_check': 3.91000066883862e-05, 'e2c_transport': 1.704134290019283, 'cloud_queue': 0.0029330129909794778, 'cloud_segment_compute': 0.006428444990888238, 'cloud_exit_head_compute': 0.0004740270087495446, 'cloud_exit_check': 0.0002156590053346008, 'total_latency': 2.2128565419989172, 'unattributed_overhead': 0.004439768992597237, 'request_id': '097f8230e2d34d10a558c32fee451d5c', 'user_id': 0, 'prediction': 6, 'exit_id': 'final', 'exit_boundary_id': 19, 'exit_location': 'cloud', 'confidence': 0.9999805688858032, 'executed_segments_by_node': {'device': [0, 1, 2, 3, 4, 5], 'edge': [6, 7, 8, 9, 10, 11], 'cloud': [12, 13, 14, 15, 16, 17, 18]}, 'nodes': [{'node': 'device', 'executed_segments': [0, 1, 2, 3, 4, 5], 'queue_s': 0.0, 'segment_compute_s': 0.11719359300332144, 'exit_head_compute_s': 0.0009169519908027723, 'exit_check_s': 6.32029987173155e-05, 'worker_elapsed_s': 0.118360410007881}, {'node': 'edge', 'executed_segments': [6, 7, 8, 9, 10, 11], 'queue_s': 0.0015134999994188547, 'segment_compute_s': 0.0749542000121437, 'exit_head_compute_s': 0.0002761000068858266, 'exit_check_s': 3.91000066883862e-05, 'worker_elapsed_s': 0.07543629995780066}, {'node': 'cloud', 'executed_segments': [12, 13, 14, 15, 16, 17, 18], 'queue_s': 0.0029330129909794778, 'segment_compute_s': 0.006428444990888238, 'exit_head_compute_s': 0.0004740270087495446, 'exit_check_s': 0.0002156590053346008, 'worker_elapsed_s': 0.007855327014112845}], 'sample_id': 'balanced_006_0432_00004386', 'label': 6, 'correct': True, 'observed_utility': -10.064282709994586}",balanced_006_0432_00004386,10,4386,0.8131420612335205,8564470938850737220,2.2128565419989172,0.004439768992597237,0
0.0,0.006998315977398306,0.006998315977398306,0.11915747399325483,0.07420489995274693,0.006998315977398306,0.3027139899786562,0.11915747399325483,1.3668837900040671,0.9750646669999696,0.07420489995274693,0.987205300014466,0.012140633014496416,0.0769645000109449,0.0030176659929566085,1.4860762820026139,0.00707361099193804,1784780359.007143,1784780357.9347768,1784780358.1847768,0.00021233299048617482,0.0003913389518857002,0.0030176659929566085,0.005774312012363225,0.9999386072158813,0.3027139899786562,smoke-resnet50-cifar10-pi5-20260723-121831:v2,2,0.11915747399325483,unknown,0.9750646669999696,4.900002386420965e-05,0.0002610000083222985,0.0013805999769829214,0.07375849992968142,"{'device': [0, 1, 2, 3, 4, 5], 'edge': [6, 7, 8, 9, 10, 11], 'cloud': [12, 13, 14, 15, 16, 17, 18]}",19,final,cloud,True,7,1.0,5.0,1.0,1.4860762820026139,-6.430381410013069,7,d798b273b9a64105aff3ce59acba447f,11,"{'device_compute': 0.11915747399325483, 'd2e_transport': 0.3027139899786562, 'edge_queue': 0.0013805999769829214, 'edge_segment_compute': 0.07375849992968142, 'edge_exit_head_compute': 0.0002610000083222985, 'edge_exit_check': 4.900002386420965e-05, 'e2c_transport': 0.9750646669999696, 'cloud_queue': 0.0030176659929566085, 'cloud_segment_compute': 0.005774312012363225, 'cloud_exit_head_compute': 0.0003913389518857002, 'cloud_exit_check': 0.00021233299048617482, 'total_latency': 1.4860762820026139, 'unattributed_overhead': 0.004295401144190691, 'request_id': 'd798b273b9a64105aff3ce59acba447f', 'user_id': 0, 'prediction': 7, 'exit_id': 'final', 'exit_boundary_id': 19, 'exit_location': 'cloud', 'confidence': 0.9999386072158813, 'executed_segments_by_node': {'device': [0, 1, 2, 3, 4, 5], 'edge': [6, 7, 8, 9, 10, 11], 'cloud': [12, 13, 14, 15, 16, 17, 18]}, 'nodes': [{'node': 'device', 'executed_segments': [0, 1, 2, 3, 4, 5], 'queue_s': 0.0, 'segment_compute_s': 0.11740592100250069, 'exit_head_compute_s': 0.001481778992456384, 'exit_check_s': 7.136999920476228e-05, 'worker_elapsed_s': 0.11915747399325483}, {'node': 'edge', 'executed_segments': [6, 7, 8, 9, 10, 11], 'queue_s': 0.0013805999769829214, 'segment_compute_s': 0.07375849992968142, 'exit_head_compute_s': 0.0002610000083222985, 'exit_check_s': 4.900002386420965e-05, 'worker_elapsed_s': 0.07421649998286739}, {'node': 'cloud', 'executed_segments': [12, 13, 14, 15, 16, 17, 18], 'queue_s': 0.0030176659929566085, 'segment_compute_s': 0.005774312012363225, 'exit_head_compute_s': 0.0003913389518857002, 'exit_check_s': 0.00021233299048617482, 'worker_elapsed_s': 0.00707361099193804}], 'sample_id': 'balanced_007_0752_00007478', 'label': 7, 'correct': True, 'observed_utility': -6.430381410013069}",balanced_007_0752_00007478,11,7478,0.8223662376403809,8564470938850737220,1.4860762820026139,0.004295401144190691,0
0.0,0.007028366992017254,0.007028366992017254,0.11310763799701817,0.07507999998051673,0.007028366992017254,0.4764854479872156,0.11310763799701817,1.4933280480036046,0.9268016029964201,0.07507999998051673,0.9386022000107914,0.011800597014371306,0.07824040000559762,0.002814097999362275,1.6064717230037786,0.007099248992744833,1784780360.5251,1784780359.4639697,1784780359.7139697,0.00021146301878616214,0.00038808200042694807,0.002814097999362275,0.0058224580134265125,0.9993013143539429,0.4764854479872156,smoke-resnet50-cifar10-pi5-20260723-121831:v2,2,0.11310763799701817,unknown,0.9268016029964201,3.720005042850971e-05,0.00025459995958954096,0.0013307000044733286,0.07464619999518618,"{'device': [0, 1, 2, 3, 4, 5], 'edge': [6, 7, 8, 9, 10, 11], 'cloud': [12, 13, 14, 15, 16, 17, 18]}",19,final,cloud,True,8,1.0,5.0,1.0,1.6064717230037786,-7.032358615018893,8,b9c43a2f273149268301d35d9fa5e762,12,"{'device_compute': 0.11310763799701817, 'd2e_transport': 0.4764854479872156, 'edge_queue': 0.0013307000044733286, 'edge_segment_compute': 0.07464619999518618, 'edge_exit_head_compute': 0.00025459995958954096, 'edge_exit_check': 3.720005042850971e-05, 'e2c_transport': 0.9268016029964201, 'cloud_queue': 0.002814097999362275, 'cloud_segment_compute': 0.0058224580134265125, 'cloud_exit_head_compute': 0.00038808200042694807, 'cloud_exit_check': 0.00021146301878616214, 'total_latency': 1.6064717230037786, 'unattributed_overhead': 0.004572232981445268, 'request_id': 'b9c43a2f273149268301d35d9fa5e762', 'user_id': 0, 'prediction': 8, 'exit_id': 'final', 'exit_boundary_id': 19, 'exit_location': 'cloud', 'confidence': 0.9993013143539429, 'executed_segments_by_node': {'device': [0, 1, 2, 3, 4, 5], 'edge': [6, 7, 8, 9, 10, 11], 'cloud': [12, 13, 14, 15, 16, 17, 18]}, 'nodes': [{'node': 'device', 'executed_segments': [0, 1, 2, 3, 4, 5], 'queue_s': 0.0, 'segment_compute_s': 0.11168174901104067, 'exit_head_compute_s': 0.0011768929980462417, 'exit_check_s': 6.177701288834214e-05, 'worker_elapsed_s': 0.11310763799701817}, {'node': 'edge', 'executed_segments': [6, 7, 8, 9, 10, 11], 'queue_s': 0.0013307000044733286, 'segment_compute_s': 0.07464619999518618, 'exit_head_compute_s': 0.00025459995958954096, 'exit_check_s': 3.720005042850971e-05, 'worker_elapsed_s': 0.07509190001292154}, {'node': 'cloud', 'executed_segments': [12, 13, 14, 15, 16, 17, 18], 'queue_s': 0.002814097999362275, 'segment_compute_s': 0.0058224580134265125, 'exit_head_compute_s': 0.00038808200042694807, 'exit_check_s': 0.00021146301878616214, 'worker_elapsed_s': 0.007099248992744833}], 'sample_id': 'balanced_008_0331_00003140', 'label': 8, 'correct': True, 'observed_utility': -7.032358615018893}",balanced_008_0331_00003140,12,3140,0.8111302852630615,8564470938850737220,1.6064717230037786,0.004572232981445268,0
0.0,0.00698810099856928,0.00698810099856928,0.1147650450002402,0.07463630003621802,0.00698810099856928,0.6641076489904663,0.1147650450002402,1.67488744900038,0.9221764010435436,0.07463630003621802,0.9337284000357613,0.011551998992217705,0.07705139997415245,0.0026454670005477965,1.7896938449994195,0.007057696988340467,1784780362.2766535,1784780361.195711,1784780361.445711,0.0002259539905935526,0.0003742429835256189,0.0026454670005477965,0.005784083070466295,0.9999964237213135,0.6641076489904663,smoke-resnet50-cifar10-pi5-20260723-121831:v2,2,0.1147650450002402,unknown,0.9221764010435436,4.090002039447427e-05,0.0002703999634832144,0.0011851000017486513,0.07418350002262741,"{'device': [0, 1, 2, 3, 4, 5], 'edge': [6, 7, 8, 9, 10, 11], 'cloud': [12, 13, 14, 15, 16, 17, 18]}",19,final,cloud,True,6,1.0,5.0,1.0,1.7896938449994195,-7.948469224997098,6,8da151d734314ecc977ed5a953b6416f,13,"{'device_compute': 0.1147650450002402, 'd2e_transport': 0.6641076489904663, 'edge_queue': 0.0011851000017486513, 'edge_segment_compute': 0.07418350002262741, 'edge_exit_head_compute': 0.0002703999634832144, 'edge_exit_check': 4.090002039447427e-05, 'e2c_transport': 0.9221764010435436, 'cloud_queue': 0.0026454670005477965, 'cloud_segment_compute': 0.005784083070466295, 'cloud_exit_head_compute': 0.0003742429835256189, 'cloud_exit_check': 0.0002259539905935526, 'total_latency': 1.7896938449994195, 'unattributed_overhead': 0.003935102911782451, 'request_id': '8da151d734314ecc977ed5a953b6416f', 'user_id': 0, 'prediction': 6, 'exit_id': 'final', 'exit_boundary_id': 19, 'exit_location': 'cloud', 'confidence': 0.9999964237213135, 'executed_segments_by_node': {'device': [0, 1, 2, 3, 4, 5], 'edge': [6, 7, 8, 9, 10, 11], 'cloud': [12, 13, 14, 15, 16, 17, 18]}, 'nodes': [{'node': 'device', 'executed_segments': [0, 1, 2, 3, 4, 5], 'queue_s': 0.0, 'segment_compute_s': 0.11347542899602558, 'exit_head_compute_s': 0.0010014139988925308, 'exit_check_s': 7.020299381110817e-05, 'worker_elapsed_s': 0.1147650450002402}, {'node': 'edge', 'executed_segments': [6, 7, 8, 9, 10, 11], 'queue_s': 0.0011851000017486513, 'segment_compute_s': 0.07418350002262741, 'exit_head_compute_s': 0.0002703999634832144, 'exit_check_s': 4.090002039447427e-05, 'worker_elapsed_s': 0.07464849995449185}, {'node': 'cloud', 'executed_segments': [12, 13, 14, 15, 16, 17, 18], 'queue_s': 0.0026454670005477965, 'segment_compute_s': 0.005784083070466295, 'exit_head_compute_s': 0.0003742429835256189, 'exit_check_s': 0.0002259539905935526, 'worker_elapsed_s': 0.007057696988340467}], 'sample_id': 'balanced_006_0076_00000653', 'label': 6, 'correct': True, 'observed_utility': -7.948469224997098}",balanced_006_0076_00000653,13,653,0.8309426307678223,8564470938850737220,1.7896938449994195,0.003935102911782451,0
0.0,0.0034753660147543997,0.0034753660147543997,0.1066914929979248,0.07417400000849739,0.0034753660147543997,0.32008947600843385,0.1066914929979248,1.2901292759925127,0.8852913320006337,0.07417400000849739,0.8929336000001058,0.0076422679994720966,0.07710619998397306,0.0023858610074967146,1.396857435000129,0.0035132670018356293,1784780364.1067047,1784780363.0451264,1784780363.2951264,0.0001133770274464041,0.00019118702039122581,0.0023858610074967146,0.0028605409897863865,0.9999983310699463,0.32008947600843385,smoke-resnet50-cifar10-pi5-20260723-121831:v2,2,0.1066914929979248,unknown,0.8852913320006337,3.809999907389283e-05,0.0002628000220283866,0.0015756000066176057,0.07373269996605814,"{'device': [0, 1, 2, 3, 4, 5], 'edge': [6, 7, 8, 9, 10, 11], 'cloud': [12, 13, 14, 15, 16, 17, 18]}",19,final,cloud,True,9,1.0,5.0,1.0,1.396857435000129,-5.984287175000645,9,329bb849415545ed8c1a2361c034be9f,14,"{'device_compute': 0.1066914929979248, 'd2e_transport': 0.32008947600843385, 'edge_queue': 0.0015756000066176057, 'edge_segment_compute': 0.07373269996605814, 'edge_exit_head_compute': 0.0002628000220283866, 'edge_exit_check': 3.809999907389283e-05, 'e2c_transport': 0.8852913320006337, 'cloud_queue': 0.0023858610074967146, 'cloud_segment_compute': 0.0028605409897863865, 'cloud_exit_head_compute': 0.00019118702039122581, 'cloud_exit_check': 0.0001133770274464041, 'total_latency': 1.396857435000129, 'unattributed_overhead': 0.0036249679542379454, 'request_id': '329bb849415545ed8c1a2361c034be9f', 'user_id': 0, 'prediction': 9, 'exit_id': 'final', 'exit_boundary_id': 19, 'exit_location': 'cloud', 'confidence': 0.9999983310699463, 'executed_segments_by_node': {'device': [0, 1, 2, 3, 4, 5], 'edge': [6, 7, 8, 9, 10, 11], 'cloud': [12, 13, 14, 15, 16, 17, 18]}, 'nodes': [{'node': 'device', 'executed_segments': [0, 1, 2, 3, 4, 5], 'queue_s': 0.0, 'segment_compute_s': 0.10527190001448616, 'exit_head_compute_s': 0.0011614120012382045, 'exit_check_s': 6.805399607401341e-05, 'worker_elapsed_s': 0.1066914929979248}, {'node': 'edge', 'executed_segments': [6, 7, 8, 9, 10, 11], 'queue_s': 0.0015756000066176057, 'segment_compute_s': 0.07373269996605814, 'exit_head_compute_s': 0.0002628000220283866, 'exit_check_s': 3.809999907389283e-05, 'worker_elapsed_s': 0.07418609998421744}, {'node': 'cloud', 'executed_segments': [12, 13, 14, 15, 16, 17, 18], 'queue_s': 0.0023858610074967146, 'segment_compute_s': 0.0028605409897863865, 'exit_head_compute_s': 0.00019118702039122581, 'exit_check_s': 0.0001133770274464041, 'worker_elapsed_s': 0.0035132670018356293}], 'sample_id': 'balanced_009_0735_00007522', 'label': 9, 'correct': True, 'observed_utility': -5.984287175000645}",balanced_009_0735_00007522,14,7522,0.8115782737731934,8564470938850737220,1.396857435000129,0.0036249679542379454,0
0.0,0.007187733019236475,0.007187733019236475,0.1555657269927906,0.07542830001330003,0.007187733019236475,0.37962346799031366,0.1555657269927906,1.6462110679858597,1.1762198849464767,0.07542830001330003,1.18822759995237,0.01200771500589326,0.07836000004317611,0.0028039590106345713,1.801812516991049,0.007279687997652218,1784780365.5566032,1784780364.4917376,1784780364.7417376,0.00021361999097280204,0.0003941519826184958,0.0028039590106345713,0.005950148042757064,0.9994674324989319,0.37962346799031366,smoke-resnet50-cifar10-pi5-20260723-121831:v2,2,0.1555657269927906,unknown,1.1762198849464767,4.140002420172095e-05,0.00028450001263991,0.0015168000245466828,0.07495690003270283,"{'device': [0, 1, 2, 3, 4, 5], 'edge': [6, 7, 8, 9, 10, 11], 'cloud': [12, 13, 14, 15, 16, 17, 18]}",19,final,cloud,True,6,1.0,5.0,1.0,1.801812516991049,-8.009062584955245,6,f53cfa6c374943d0a1af716fd673ca6a,15,"{'device_compute': 0.1555657269927906, 'd2e_transport': 0.37962346799031366, 'edge_queue': 0.0015168000245466828, 'edge_segment_compute': 0.07495690003270283, 'edge_exit_head_compute': 0.00028450001263991, 'edge_exit_check': 4.140002420172095e-05, 'e2c_transport': 1.1762198849464767, 'cloud_queue': 0.0028039590106345713, 'cloud_segment_compute': 0.005950148042757064, 'cloud_exit_head_compute': 0.0003941519826184958, 'cloud_exit_check': 0.00021361999097280204, 'total_latency': 1.801812516991049, 'unattributed_overhead': 0.004241957940394059, 'request_id': 'f53cfa6c374943d0a1af716fd673ca6a', 'user_id': 0, 'prediction': 6, 'exit_id': 'final', 'exit_boundary_id': 19, 'exit_location': 'cloud', 'confidence': 0.9994674324989319, 'executed_segments_by_node': {'device': [0, 1, 2, 3, 4, 5], 'edge': [6, 7, 8, 9, 10, 11], 'cloud': [12, 13, 14, 15, 16, 17, 18]}, 'nodes': [{'node': 'device', 'executed_segments': [0, 1, 2, 3, 4, 5], 'queue_s': 0.0, 'segment_compute_s': 0.15416637300222646, 'exit_head_compute_s': 0.001027859005262144, 'exit_check_s': 6.668499554507434e-05, 'worker_elapsed_s': 0.1555657269927906}, {'node': 'edge', 'executed_segments': [6, 7, 8, 9, 10, 11], 'queue_s': 0.0015168000245466828, 'segment_compute_s': 0.07495690003270283, 'exit_head_compute_s': 0.00028450001263991, 'exit_check_s': 4.140002420172095e-05, 'worker_elapsed_s': 0.07544089999282733}, {'node': 'cloud', 'executed_segments': [12, 13, 14, 15, 16, 17, 18], 'queue_s': 0.0028039590106345713, 'segment_compute_s': 0.005950148042757064, 'exit_head_compute_s': 0.0003941519826184958, 'exit_check_s': 0.00021361999097280204, 'worker_elapsed_s': 0.007279687997652218}], 'sample_id': 'balanced_006_0898_00008932', 'label': 6, 'correct': True, 'observed_utility': -8.009062584955245}",balanced_006_0898_00008932,15,8932,0.8148655891418457,8564470938850737220,1.801812516991049,0.004241957940394059,0
0.0,0.00713111599907279,0.00713111599907279,0.12530643900390714,0.055162200005725026,0.00713111599907279,0.35903384802804794,0.12530643900390714,1.46266474800359,1.03426691799541,0.055162200005725026,1.0459725999971852,0.01170568200177513,0.05765829997835681,0.002679708006326109,1.5880073709995486,0.00720784897566773,1784780367.5042236,1784780366.4190693,1784780366.6690693,0.0002134690003003925,0.0003971050027757883,0.002679708006326109,0.005902060947846621,0.9997850060462952,0.35903384802804794,smoke-resnet50-cifar10-pi5-20260723-121831:v2,2,0.12530643900390714,unknown,1.03426691799541,3.869994543492794e-05,0.0002694000140763819,0.0013292999938130379,0.05473069992149249,"{'device': [0, 1, 2, 3, 4, 5], 'edge': [6, 7, 8, 9, 10, 11], 'cloud': [12, 13, 14, 15, 16, 17, 18]}",19,final,cloud,True,2,1.0,5.0,1.0,1.5880073709995486,-6.940036854997743,2,58ea0c3bbbac4bd5a9338a99027f4f6b,16,"{'device_compute': 0.12530643900390714, 'd2e_transport': 0.35903384802804794, 'edge_queue': 0.0013292999938130379, 'edge_segment_compute': 0.05473069992149249, 'edge_exit_head_compute': 0.0002694000140763819, 'edge_exit_check': 3.869994543492794e-05, 'e2c_transport': 1.03426691799541, 'cloud_queue': 0.002679708006326109, 'cloud_segment_compute': 0.005902060947846621, 'cloud_exit_head_compute': 0.0003971050027757883, 'cloud_exit_check': 0.0002134690003003925, 'total_latency': 1.5880073709995486, 'unattributed_overhead': 0.0038397231401177123, 'request_id': '58ea0c3bbbac4bd5a9338a99027f4f6b', 'user_id': 0, 'prediction': 2, 'exit_id': 'final', 'exit_boundary_id': 19, 'exit_location': 'cloud', 'confidence': 0.9997850060462952, 'executed_segments_by_node': {'device': [0, 1, 2, 3, 4, 5], 'edge': [6, 7, 8, 9, 10, 11], 'cloud': [12, 13, 14, 15, 16, 17, 18]}, 'nodes': [{'node': 'device', 'executed_segments': [0, 1, 2, 3, 4, 5], 'queue_s': 0.0, 'segment_compute_s': 0.12395675001607742, 'exit_head_compute_s': 0.0010547090059844777, 'exit_check_s': 7.438799366354942e-05, 'worker_elapsed_s': 0.12530643900390714}, {'node': 'edge', 'executed_segments': [6, 7, 8, 9, 10, 11], 'queue_s': 0.0013292999938130379, 'segment_compute_s': 0.05473069992149249, 'exit_head_compute_s': 0.0002694000140763819, 'exit_check_s': 3.869994543492794e-05, 'worker_elapsed_s': 0.05517390003660694}, {'node': 'cloud', 'executed_segments': [12, 13, 14, 15, 16, 17, 18], 'queue_s': 0.002679708006326109, 'segment_compute_s': 0.005902060947846621, 'exit_head_compute_s': 0.0003971050027757883, 'exit_check_s': 0.0002134690003003925, 'worker_elapsed_s': 0.00720784897566773}], 'sample_id': 'balanced_002_0918_00009123', 'label': 2, 'correct': True, 'observed_utility': -6.940036854997743}",balanced_002_0918_00009123,16,9123,0.8351542949676514,8564470938850737220,1.5880073709995486,0.0038397231401177123,0
0.0,0.007167562987888232,0.007167562987888232,0.11570283099717926,0.07572099997196347,0.007167562987888232,0.35967159701976925,0.11570283099717926,1.5805144970072433,1.1308724250411615,0.07572099997196347,1.1425394000252709,0.011666974984109402,0.0783034999622032,0.002639988000737503,1.6962537899962626,0.007243717991514131,1784780369.131023,1784780368.0699022,1784780368.3199022,0.00021359696984291077,0.00038869798299856484,0.002639988000737503,0.0059330560034140944,0.9999797344207764,0.35967159701976925,smoke-resnet50-cifar10-pi5-20260723-121831:v2,2,0.11570283099717926,unknown,1.1308724250411615,4.449998959898949e-05,0.0003038999857380986,0.0012246000114828348,0.07522530003916472,"{'device': [0, 1, 2, 3, 4, 5], 'edge': [6, 7, 8, 9, 10, 11], 'cloud': [12, 13, 14, 15, 16, 17, 18]}",19,final,cloud,True,0,1.0,5.0,1.0,1.6962537899962626,-7.481268949981313,0,fa07ba8ec04e4df8a1b61bd685fbdb41,17,"{'device_compute': 0.11570283099717926, 'd2e_transport': 0.35967159701976925, 'edge_queue': 0.0012246000114828348, 'edge_segment_compute': 0.07522530003916472, 'edge_exit_head_compute': 0.0003038999857380986, 'edge_exit_check': 4.449998959898949e-05, 'e2c_transport': 1.1308724250411615, 'cloud_queue': 0.002639988000737503, 'cloud_segment_compute': 0.0059330560034140944, 'cloud_exit_head_compute': 0.00038869798299856484, 'cloud_exit_check': 0.00021359696984291077, 'total_latency': 1.6962537899962626, 'unattributed_overhead': 0.00403329795517493, 'request_id': 'fa07ba8ec04e4df8a1b61bd685fbdb41', 'user_id': 0, 'prediction': 0, 'exit_id': 'final', 'exit_boundary_id': 19, 'exit_location': 'cloud', 'confidence': 0.9999797344207764, 'executed_segments_by_node': {'device': [0, 1, 2, 3, 4, 5], 'edge': [6, 7, 8, 9, 10, 11], 'cloud': [12, 13, 14, 15, 16, 17, 18]}, 'nodes': [{'node': 'device', 'executed_segments': [0, 1, 2, 3, 4, 5], 'queue_s': 0.0, 'segment_compute_s': 0.11437736499647144, 'exit_head_compute_s': 0.0010496920003788546, 'exit_check_s': 8.233300468418747e-05, 'worker_elapsed_s': 0.11570283099717926}, {'node': 'edge', 'executed_segments': [6, 7, 8, 9, 10, 11], 'queue_s': 0.0012246000114828348, 'segment_compute_s': 0.07522530003916472, 'exit_head_compute_s': 0.0003038999857380986, 'exit_check_s': 4.449998959898949e-05, 'worker_elapsed_s': 0.07573250000132248}, {'node': 'cloud', 'executed_segments': [12, 13, 14, 15, 16, 17, 18], 'queue_s': 0.002639988000737503, 'segment_compute_s': 0.0059330560034140944, 'exit_head_compute_s': 0.00038869798299856484, 'exit_check_s': 0.00021359696984291077, 'worker_elapsed_s': 0.007243717991514131}], 'sample_id': 'balanced_000_0504_00005160', 'label': 0, 'correct': True, 'observed_utility': -7.481268949981313}",balanced_000_0504_00005160,17,5160,0.8111207485198975,8564470938850737220,1.6962537899962626,0.00403329795517493,0
0.0,0.007071869011269882,0.007071869011269882,0.11796513700392097,0.08110220002708957,0.007071869011269882,0.29688754901872016,0.11796513700392097,1.3858270490018185,0.9930821019515861,0.08110220002708957,1.0048398999497294,0.01175779799814336,0.08409960003336892,0.0028439309971872717,1.5038280190055957,0.007143623020965606,1784780370.860665,1784780369.7995565,1784780370.0495565,0.0002137749979738146,0.0003882829914800823,0.0028439309971872717,0.00584332094877027,0.9993076324462891,0.29688754901872016,smoke-resnet50-cifar10-pi5-20260723-121831:v2,2,0.11796513700392097,unknown,0.9930821019515861,5.979998968541622e-05,0.000375000003259629,0.0014288999955169857,0.08048830000916496,"{'device': [0, 1, 2, 3, 4, 5], 'edge': [6, 7, 8, 9, 10, 11], 'cloud': [12, 13, 14, 15, 16, 17, 18]}",19,final,cloud,True,4,1.0,5.0,1.0,1.5038280190055957,-6.5191400950279785,4,c12f44fd3620409a8c190c51117b2726,18,"{'device_compute': 0.11796513700392097, 'd2e_transport': 0.29688754901872016, 'edge_queue': 0.0014288999955169857, 'edge_segment_compute': 0.08048830000916496, 'edge_exit_head_compute': 0.000375000003259629, 'edge_exit_check': 5.979998968541622e-05, 'e2c_transport': 0.9930821019515861, 'cloud_queue': 0.0028439309971872717, 'cloud_segment_compute': 0.00584332094877027, 'cloud_exit_head_compute': 0.0003882829914800823, 'cloud_exit_check': 0.0002137749979738146, 'total_latency': 1.5038280190055957, 'unattributed_overhead': 0.004251921098330058, 'request_id': 'c12f44fd3620409a8c190c51117b2726', 'user_id': 0, 'prediction': 4, 'exit_id': 'final', 'exit_boundary_id': 19, 'exit_location': 'cloud', 'confidence': 0.9993076324462891, 'executed_segments_by_node': {'device': [0, 1, 2, 3, 4, 5], 'edge': [6, 7, 8, 9, 10, 11], 'cloud': [12, 13, 14, 15, 16, 17, 18]}, 'nodes': [{'node': 'device', 'executed_segments': [0, 1, 2, 3, 4, 5], 'queue_s': 0.0, 'segment_compute_s': 0.11668733801343478, 'exit_head_compute_s': 0.0009979140013456345, 'exit_check_s': 6.238798960112035e-05, 'worker_elapsed_s': 0.11796513700392097}, {'node': 'edge', 'executed_segments': [6, 7, 8, 9, 10, 11], 'queue_s': 0.0014288999955169857, 'segment_compute_s': 0.08048830000916496, 'exit_head_compute_s': 0.000375000003259629, 'exit_check_s': 5.979998968541622e-05, 'worker_elapsed_s': 0.08111440000357106}, {'node': 'cloud', 'executed_segments': [12, 13, 14, 15, 16, 17, 18], 'queue_s': 0.0028439309971872717, 'segment_compute_s': 0.00584332094877027, 'exit_head_compute_s': 0.0003882829914800823, 'exit_check_s': 0.0002137749979738146, 'worker_elapsed_s': 0.007143623020965606}], 'sample_id': 'balanced_004_0516_00005066', 'label': 4, 'correct': True, 'observed_utility': -6.5191400950279785}",balanced_004_0516_00005066,18,5066,0.8111085891723633,8564470938850737220,1.5038280190055957,0.004251921098330058,0
0.0,0.006876115017803386,0.006876115017803386,0.1203496819944121,0.07496169995283708,0.006876115017803386,0.35451249207835644,0.1203496819944121,1.3640894920099527,0.9202793809527066,0.07496169995283708,0.931708499963861,0.011429119011154398,0.07786849996773526,0.002769516024272889,1.4844750449992716,0.0069526819861494005,1784780372.4197912,1784780371.3490772,1784780371.5990772,0.00021202099742367864,0.0003858379786834121,0.002769516024272889,0.005661479022819549,0.9999998807907104,0.35451249207835644,smoke-resnet50-cifar10-pi5-20260723-121831:v2,2,0.1203496819944121,unknown,0.9202793809527066,4.020001506432891e-05,0.000298700004350394,0.001572399982251227,0.07447600003797561,"{'device': [0, 1, 2, 3, 4, 5], 'edge': [6, 7, 8, 9, 10, 11], 'cloud': [12, 13, 14, 15, 16, 17, 18]}",19,final,cloud,True,8,1.0,5.0,1.0,1.4844750449992716,-6.422375224996358,8,fa3e806292714e2095cc18775e0e91f9,19,"{'device_compute': 0.1203496819944121, 'd2e_transport': 0.35451249207835644, 'edge_queue': 0.001572399982251227, 'edge_segment_compute': 0.07447600003797561, 'edge_exit_head_compute': 0.000298700004350394, 'edge_exit_check': 4.020001506432891e-05, 'e2c_transport': 0.9202793809527066, 'cloud_queue': 0.002769516024272889, 'cloud_segment_compute': 0.005661479022819549, 'cloud_exit_head_compute': 0.0003858379786834121, 'cloud_exit_check': 0.00021202099742367864, 'total_latency': 1.4844750449992716, 'unattributed_overhead': 0.003917335910955444, 'request_id': 'fa3e806292714e2095cc18775e0e91f9', 'user_id': 0, 'prediction': 8, 'exit_id': 'final', 'exit_boundary_id': 19, 'exit_location': 'cloud', 'confidence': 0.9999998807907104, 'executed_segments_by_node': {'device': [0, 1, 2, 3, 4, 5], 'edge': [6, 7, 8, 9, 10, 11], 'cloud': [12, 13, 14, 15, 16, 17, 18]}, 'nodes': [{'node': 'device', 'executed_segments': [0, 1, 2, 3, 4, 5], 'queue_s': 0.0, 'segment_compute_s': 0.11769819601613563, 'exit_head_compute_s': 0.002360674989176914, 'exit_check_s': 7.73880019551143e-05, 'worker_elapsed_s': 0.1203496819944121}, {'node': 'edge', 'executed_segments': [6, 7, 8, 9, 10, 11], 'queue_s': 0.001572399982251227, 'segment_compute_s': 0.07447600003797561, 'exit_head_compute_s': 0.000298700004350394, 'exit_check_s': 4.020001506432891e-05, 'worker_elapsed_s': 0.07497369998600334}, {'node': 'cloud', 'executed_segments': [12, 13, 14, 15, 16, 17, 18], 'queue_s': 0.002769516024272889, 'segment_compute_s': 0.005661479022819549, 'exit_head_compute_s': 0.0003858379786834121, 'exit_check_s': 0.00021202099742367864, 'worker_elapsed_s': 0.0069526819861494005}], 'sample_id': 'balanced_008_0225_00002064', 'label': 8, 'correct': True, 'observed_utility': -6.422375224996358}",balanced_008_0225_00002064,19,2064,0.820713996887207,8564470938850737220,1.4844750449992716,0.003917335910955444,0
0.0,0.006947387999389321,0.006947387999389321,0.12578602599387523,0.07356509997043759,0.006947387999389321,0.28880127900629304,0.12578602599387523,1.3633392789924983,0.9868537580186967,0.07356509997043759,0.9983962000114843,0.011542441992787644,0.07614179997472093,0.0026979690010193735,1.4891620459966362,0.007024021993856877,1784780373.9531696,1784780372.8907022,1784780373.1407022,0.00020916099310852587,0.00042636299622245133,0.0026979690010193735,0.005668486963259056,0.9767559766769409,0.28880127900629304,smoke-resnet50-cifar10-pi5-20260723-121831:v2,2,0.12578602599387523,unknown,0.9868537580186967,3.880000440403819e-05,0.00026220001745969057,0.0012123999767936766,0.07312549999915063,"{'device': [0, 1, 2, 3, 4, 5], 'edge': [6, 7, 8, 9, 10, 11], 'cloud': [12, 13, 14, 15, 16, 17, 18]}",19,final,cloud,True,0,1.0,5.0,1.0,1.4891620459966362,-6.445810229983181,0,6fd1d6712e0d4919be2ac2b17ca6b7c5,20,"{'device_compute': 0.12578602599387523, 'd2e_transport': 0.28880127900629304, 'edge_queue': 0.0012123999767936766, 'edge_segment_compute': 0.07312549999915063, 'edge_exit_head_compute': 0.00026220001745969057, 'edge_exit_check': 3.880000440403819e-05, 'e2c_transport': 0.9868537580186967, 'cloud_queue': 0.0026979690010193735, 'cloud_segment_compute': 0.005668486963259056, 'cloud_exit_head_compute': 0.00042636299622245133, 'cloud_exit_check': 0.00020916099310852587, 'total_latency': 1.4891620459966362, 'unattributed_overhead': 0.004080103026353754, 'request_id': '6fd1d6712e0d4919be2ac2b17ca6b7c5', 'user_id': 0, 'prediction': 0, 'exit_id': 'final', 'exit_boundary_id': 19, 'exit_location': 'cloud', 'confidence': 0.9767559766769409, 'executed_segments_by_node': {'device': [0, 1, 2, 3, 4, 5], 'edge': [6, 7, 8, 9, 10, 11], 'cloud': [12, 13, 14, 15, 16, 17, 18]}, 'nodes': [{'node': 'device', 'executed_segments': [0, 1, 2, 3, 4, 5], 'queue_s': 0.0, 'segment_compute_s': 0.12327020500379149, 'exit_head_compute_s': 0.0022300660057226196, 'exit_check_s': 7.349900261033326e-05, 'worker_elapsed_s': 0.12578602599387523}, {'node': 'edge', 'executed_segments': [6, 7, 8, 9, 10, 11], 'queue_s': 0.0012123999767936766, 'segment_compute_s': 0.07312549999915063, 'exit_head_compute_s': 0.00026220001745969057, 'exit_check_s': 3.880000440403819e-05, 'worker_elapsed_s': 0.07357840001350269}, {'node': 'cloud', 'executed_segments': [12, 13, 14, 15, 16, 17, 18], 'queue_s': 0.0026979690010193735, 'segment_compute_s': 0.005668486963259056, 'exit_head_compute_s': 0.00042636299622245133, 'exit_check_s': 0.00020916099310852587, 'worker_elapsed_s': 0.007024021993856877}], 'sample_id': 'balanced_000_0434_00004387', 'label': 0, 'correct': True, 'observed_utility': -6.445810229983181}",balanced_000_0434_00004387,20,4387,0.8124673366546631,8564470938850737220,1.4891620459966362,0.004080103026353754,0
0.0,0.0070932919916231185,0.0070932919916231185,0.11013858098885976,0.07456650002859533,0.0070932919916231185,0.4028690769773675,0.11013858098885976,1.5187146770040272,1.0269874400109984,0.07456650002859533,1.0384685000171885,0.011481060006190091,0.07737710000947118,0.0025683650164864957,1.6288909799914109,0.007166764000430703,1784780375.4912379,1784780374.4277043,1784780374.6777043,0.0002128379710484296,0.0003876980044879019,0.0025683650164864957,0.005873106070794165,0.8556631207466125,0.4028690769773675,smoke-resnet50-cifar10-pi5-20260723-121831:v2,2,0.11013858098885976,unknown,1.0269874400109984,3.85999446734786e-05,0.0002606000052765012,0.0013804000336676836,0.0741285000112839,"{'device': [0, 1, 2, 3, 4, 5], 'edge': [6, 7, 8, 9, 10, 11], 'cloud': [12, 13, 14, 15, 16, 17, 18]}",19,final,cloud,True,3,1.0,5.0,1.0,1.6288909799914109,-7.144454899957054,3,ecf72270cd394e7386adc97bbdb61032,21,"{'device_compute': 0.11013858098885976, 'd2e_transport': 0.4028690769773675, 'edge_queue': 0.0013804000336676836, 'edge_segment_compute': 0.0741285000112839, 'edge_exit_head_compute': 0.0002606000052765012, 'edge_exit_check': 3.85999446734786e-05, 'e2c_transport': 1.0269874400109984, 'cloud_queue': 0.0025683650164864957, 'cloud_segment_compute': 0.005873106070794165, 'cloud_exit_head_compute': 0.0003876980044879019, 'cloud_exit_check': 0.0002128379710484296, 'total_latency': 1.6288909799914109, 'unattributed_overhead': 0.00404577495646663, 'request_id': 'ecf72270cd394e7386adc97bbdb61032', 'user_id': 0, 'prediction': 3, 'exit_id': 'final', 'exit_boundary_id': 19, 'exit_location': 'cloud', 'confidence': 0.8556631207466125, 'executed_segments_by_node': {'device': [0, 1, 2, 3, 4, 5], 'edge': [6, 7, 8, 9, 10, 11], 'cloud': [12, 13, 14, 15, 16, 17, 18]}, 'nodes': [{'node': 'device', 'executed_segments': [0, 1, 2, 3, 4, 5], 'queue_s': 0.0, 'segment_compute_s': 0.10891872500360478, 'exit_head_compute_s': 0.0009651739965192974, 'exit_check_s': 6.235099863260984e-05, 'worker_elapsed_s': 0.11013858098885976}, {'node': 'edge', 'executed_segments': [6, 7, 8, 9, 10, 11], 'queue_s': 0.0013804000336676836, 'segment_compute_s': 0.0741285000112839, 'exit_head_compute_s': 0.0002606000052765012, 'exit_check_s': 3.85999446734786e-05, 'worker_elapsed_s': 0.07457890000659972}, {'node': 'cloud', 'executed_segments': [12, 13, 14, 15, 16, 17, 18], 'queue_s': 0.0025683650164864957, 'segment_compute_s': 0.005873106070794165, 'exit_head_compute_s': 0.0003876980044879019, 'exit_check_s': 0.0002128379710484296, 'worker_elapsed_s': 0.007166764000430703}], 'sample_id': 'balanced_003_0480_00004864', 'label': 3, 'correct': True, 'observed_utility': -7.144454899957054}",balanced_003_0480_00004864,21,4864,0.8135335445404053,8564470938850737220,1.6288909799914109,0.00404577495646663,0
0.0,0.006961448991205543,0.006961448991205543,0.11142543700407259,0.07490420003887266,0.006961448991205543,0.4086910899495706,0.11142543700407259,1.4136810899944976,0.9156147890316788,0.07490420003887266,0.9270556000410579,0.011440811009379104,0.07793440000386909,0.002718073985306546,1.5251438599952962,0.0070291000010911375,1784780377.1896615,1784780376.127673,1784780376.377673,0.00020885301637463272,0.0003882180026266724,0.002718073985306546,0.005750953045208007,0.8774042129516602,0.4086910899495706,smoke-resnet50-cifar10-pi5-20260723-121831:v2,2,0.11142543700407259,unknown,0.9156147890316788,5.449994932860136e-05,0.0002666000509634614,0.001568000006955117,0.07443929999135435,"{'device': [0, 1, 2, 3, 4, 5], 'edge': [6, 7, 8, 9, 10, 11], 'cloud': [12, 13, 14, 15, 16, 17, 18]}",19,final,cloud,True,7,1.0,5.0,1.0,1.5251438599952962,-6.625719299976481,7,a2df6161eba644b3bcacc6d054981f15,22,"{'device_compute': 0.11142543700407259, 'd2e_transport': 0.4086910899495706, 'edge_queue': 0.001568000006955117, 'edge_segment_compute': 0.07443929999135435, 'edge_exit_head_compute': 0.0002666000509634614, 'edge_exit_check': 5.449994932860136e-05, 'e2c_transport': 0.9156147890316788, 'cloud_queue': 0.002718073985306546, 'cloud_segment_compute': 0.005750953045208007, 'cloud_exit_head_compute': 0.0003882180026266724, 'cloud_exit_check': 0.00020885301637463272, 'total_latency': 1.5251438599952962, 'unattributed_overhead': 0.004018045961856842, 'request_id': 'a2df6161eba644b3bcacc6d054981f15', 'user_id': 0, 'prediction': 7, 'exit_id': 'final', 'exit_boundary_id': 19, 'exit_location': 'cloud', 'confidence': 0.8774042129516602, 'executed_segments_by_node': {'device': [0, 1, 2, 3, 4, 5], 'edge': [6, 7, 8, 9, 10, 11], 'cloud': [12, 13, 14, 15, 16, 17, 18]}, 'nodes': [{'node': 'device', 'executed_segments': [0, 1, 2, 3, 4, 5], 'queue_s': 0.0, 'segment_compute_s': 0.1100881740130717, 'exit_head_compute_s': 0.0010770980006782338, 'exit_check_s': 7.068400736898184e-05, 'worker_elapsed_s': 0.11142543700407259}, {'node': 'edge', 'executed_segments': [6, 7, 8, 9, 10, 11], 'queue_s': 0.001568000006955117, 'segment_compute_s': 0.07443929999135435, 'exit_head_compute_s': 0.0002666000509634614, 'exit_check_s': 5.449994932860136e-05, 'worker_elapsed_s': 0.07491679996019229}, {'node': 'cloud', 'executed_segments': [12, 13, 14, 15, 16, 17, 18], 'queue_s': 0.002718073985306546, 'segment_compute_s': 0.005750953045208007, 'exit_head_compute_s': 0.0003882180026266724, 'exit_check_s': 0.00020885301637463272, 'worker_elapsed_s': 0.0070291000010911375}], 'sample_id': 'balanced_007_0835_00008376', 'label': 7, 'correct': True, 'observed_utility': -6.625719299976481}",balanced_007_0835_00008376,22,8376,0.8119885921478271,8564470938850737220,1.5251438599952962,0.004018045961856842,0
0.0,0.007041005999781191,0.007041005999781191,0.10496832799981348,0.07316590001573786,0.007041005999781191,0.30359914393920917,0.10496832799981348,1.3957445440028096,1.0047677630500402,0.07316590001573786,1.016217200027313,0.011449436977272853,0.07592820003628731,0.0025877259904518723,1.500749557002564,0.00710995402187109,1784780378.8556075,1784780377.7933166,1784780378.0433166,0.00021070498041808605,0.00038832801510579884,0.0025877259904518723,0.005831755028339103,0.5048922300338745,0.30359914393920917,smoke-resnet50-cifar10-pi5-20260723-121831:v2,2,0.10496832799981348,unknown,1.0047677630500402,3.7999998312443495e-05,0.0002570999786257744,0.0013475000159814954,0.07273180002812296,"{'device': [0, 1, 2, 3, 4, 5], 'edge': [6, 7, 8, 9, 10, 11], 'cloud': [12, 13, 14, 15, 16, 17, 18]}",19,final,cloud,False,5,1.0,5.0,0.0,1.500749557002564,-7.50374778501282,3,629377ad604040c29e139d35ad281da4,23,"{'device_compute': 0.10496832799981348, 'd2e_transport': 0.30359914393920917, 'edge_queue': 0.0013475000159814954, 'edge_segment_compute': 0.07273180002812296, 'edge_exit_head_compute': 0.0002570999786257744, 'edge_exit_check': 3.7999998312443495e-05, 'e2c_transport': 1.0047677630500402, 'cloud_queue': 0.0025877259904518723, 'cloud_segment_compute': 0.005831755028339103, 'cloud_exit_head_compute': 0.00038832801510579884, 'cloud_exit_check': 0.00021070498041808605, 'total_latency': 1.500749557002564, 'unattributed_overhead': 0.004021407978143543, 'request_id': '629377ad604040c29e139d35ad281da4', 'user_id': 0, 'prediction': 3, 'exit_id': 'final', 'exit_boundary_id': 19, 'exit_location': 'cloud', 'confidence': 0.5048922300338745, 'executed_segments_by_node': {'device': [0, 1, 2, 3, 4, 5], 'edge': [6, 7, 8, 9, 10, 11], 'cloud': [12, 13, 14, 15, 16, 17, 18]}, 'nodes': [{'node': 'device', 'executed_segments': [0, 1, 2, 3, 4, 5], 'queue_s': 0.0, 'segment_compute_s': 0.10342934497748502, 'exit_head_compute_s': 0.0012795579968951643, 'exit_check_s': 6.998100434429944e-05, 'worker_elapsed_s': 0.10496832799981348}, {'node': 'edge', 'executed_segments': [6, 7, 8, 9, 10, 11], 'queue_s': 0.0013475000159814954, 'segment_compute_s': 0.07273180002812296, 'exit_head_compute_s': 0.0002570999786257744, 'exit_check_s': 3.7999998312443495e-05, 'worker_elapsed_s': 0.07317799999145791}, {'node': 'cloud', 'executed_segments': [12, 13, 14, 15, 16, 17, 18], 'queue_s': 0.0025877259904518723, 'segment_compute_s': 0.005831755028339103, 'exit_head_compute_s': 0.00038832801510579884, 'exit_check_s': 0.00021070498041808605, 'worker_elapsed_s': 0.00710995402187109}], 'sample_id': 'balanced_005_0402_00004140', 'label': 5, 'correct': False, 'observed_utility': -7.50374778501282}",balanced_005_0402_00004140,23,4140,0.8122909069061279,8564470938850737220,1.500749557002564,0.004021407978143543,0
0.0,0.006995262985583395,0.006995262985583395,0.11801091399684083,0.07432600000174716,0.006995262985583395,0.5936457039933885,0.11801091399684083,3.4120562040043296,2.7299444930104073,0.07432600000174716,2.7413604999892414,0.011416006978834048,0.07705000002169982,0.0025644080014899373,3.5301033040013863,0.007064498000545427,1784780380.3995628,1784780379.3351998,1784780379.5851998,0.00020997400861233473,0.0003862579760607332,0.0025644080014899373,0.005792899988591671,0.9999983310699463,0.5936457039933885,smoke-resnet50-cifar10-pi5-20260723-121831:v2,2,0.11801091399684083,unknown,2.7299444930104073,3.840000135824084e-05,0.0002658999874256551,0.001388799981214106,0.07388560002436861,"{'device': [0, 1, 2, 3, 4, 5], 'edge': [6, 7, 8, 9, 10, 11], 'cloud': [12, 13, 14, 15, 16, 17, 18]}",19,final,cloud,True,9,1.0,5.0,1.0,3.5301033040013863,-16.65051652000693,9,4dfa7934aade47d2883305e2399a11de,24,"{'device_compute': 0.11801091399684083, 'd2e_transport': 0.5936457039933885, 'edge_queue': 0.001388799981214106, 'edge_segment_compute': 0.07388560002436861, 'edge_exit_head_compute': 0.0002658999874256551, 'edge_exit_check': 3.840000135824084e-05, 'e2c_transport': 2.7299444930104073, 'cloud_queue': 0.0025644080014899373, 'cloud_segment_compute': 0.005792899988591671, 'cloud_exit_head_compute': 0.0003862579760607332, 'cloud_exit_check': 0.00020997400861233473, 'total_latency': 3.5301033040013863, 'unattributed_overhead': 0.003969953031628393, 'request_id': '4dfa7934aade47d2883305e2399a11de', 'user_id': 0, 'prediction': 9, 'exit_id': 'final', 'exit_boundary_id': 19, 'exit_location': 'cloud', 'confidence': 0.9999983310699463, 'executed_segments_by_node': {'device': [0, 1, 2, 3, 4, 5], 'edge': [6, 7, 8, 9, 10, 11], 'cloud': [12, 13, 14, 15, 16, 17, 18]}, 'nodes': [{'node': 'device', 'executed_segments': [0, 1, 2, 3, 4, 5], 'queue_s': 0.0, 'segment_compute_s': 0.11678366802516393, 'exit_head_compute_s': 0.0009783040004549548, 'exit_check_s': 6.39810023130849e-05, 'worker_elapsed_s': 0.11801091399684083}, {'node': 'edge', 'executed_segments': [6, 7, 8, 9, 10, 11], 'queue_s': 0.001388799981214106, 'segment_compute_s': 0.07388560002436861, 'exit_head_compute_s': 0.0002658999874256551, 'exit_check_s': 3.840000135824084e-05, 'worker_elapsed_s': 0.07433809997746721}, {'node': 'cloud', 'executed_segments': [12, 13, 14, 15, 16, 17, 18], 'queue_s': 0.0025644080014899373, 'segment_compute_s': 0.005792899988591671, 'exit_head_compute_s': 0.0003862579760607332, 'exit_check_s': 0.00020997400861233473, 'worker_elapsed_s': 0.007064498000545427}], 'sample_id': 'balanced_009_0842_00008513', 'label': 9, 'correct': True, 'observed_utility': -16.65051652000693}",balanced_009_0842_00008513,24,8513,0.8143630027770996,8564470938850737220,3.5301033040013863,0.003969953031628393,0
0.0,0.006869770004414022,0.006869770004414022,0.11558885101112537,0.07460480002919212,0.006869770004414022,0.46716223008115776,0.11558885101112537,1.4881739300035406,0.9324116399511695,0.07460480002919212,0.9437691999482922,0.011357559997122735,0.0772424999740906,0.00265398999908939,1.6037982610141626,0.00694359399494715,1784780383.980677,1784780382.9152415,1784780383.1652415,0.00020837000920437276,0.0003852329682558775,0.00265398999908939,0.005669585021678358,0.9999170303344727,0.46716223008115776,smoke-resnet50-cifar10-pi5-20260723-121831:v2,2,0.11558885101112537,unknown,0.9324116399511695,3.920000744983554e-05,0.00037570000858977437,0.0013772000093013048,0.07404669997049496,"{'device': [0, 1, 2, 3, 4, 5], 'edge': [6, 7, 8, 9, 10, 11], 'cloud': [12, 13, 14, 15, 16, 17, 18]}",19,final,cloud,True,5,1.0,5.0,1.0,1.6037982610141626,-7.018991305070813,5,63f1fed7ab9a4f259de0dfdc7844b0f1,25,"{'device_compute': 0.11558885101112537, 'd2e_transport': 0.46716223008115776, 'edge_queue': 0.0013772000093013048, 'edge_segment_compute': 0.07404669997049496, 'edge_exit_head_compute': 0.00037570000858977437, 'edge_exit_check': 3.920000744983554e-05, 'e2c_transport': 0.9324116399511695, 'cloud_queue': 0.00265398999908939, 'cloud_segment_compute': 0.005669585021678358, 'cloud_exit_head_compute': 0.0003852329682558775, 'cloud_exit_check': 0.00020837000920437276, 'total_latency': 1.6037982610141626, 'unattributed_overhead': 0.003879561976646073, 'request_id': '63f1fed7ab9a4f259de0dfdc7844b0f1', 'user_id': 0, 'prediction': 5, 'exit_id': 'final', 'exit_boundary_id': 19, 'exit_location': 'cloud', 'confidence': 0.9999170303344727, 'executed_segments_by_node': {'device': [0, 1, 2, 3, 4, 5], 'edge': [6, 7, 8, 9, 10, 11], 'cloud': [12, 13, 14, 15, 16, 17, 18]}, 'nodes': [{'node': 'device', 'executed_segments': [0, 1, 2, 3, 4, 5], 'queue_s': 0.0, 'segment_compute_s': 0.11342135799350217, 'exit_head_compute_s': 0.0019198480003979057, 'exit_check_s': 5.927699385210872e-05, 'worker_elapsed_s': 0.11558885101112537}, {'node': 'edge', 'executed_segments': [6, 7, 8, 9, 10, 11], 'queue_s': 0.0013772000093013048, 'segment_compute_s': 0.07404669997049496, 'exit_head_compute_s': 0.00037570000858977437, 'exit_check_s': 3.920000744983554e-05, 'worker_elapsed_s': 0.0746174999512732}, {'node': 'cloud', 'executed_segments': [12, 13, 14, 15, 16, 17, 18], 'queue_s': 0.00265398999908939, 'segment_compute_s': 0.005669585021678358, 'exit_head_compute_s': 0.0003852329682558775, 'exit_check_s': 0.00020837000920437276, 'worker_elapsed_s': 0.00694359399494715}], 'sample_id': 'balanced_005_0068_00000652', 'label': 5, 'correct': True, 'observed_utility': -7.018991305070813}",balanced_005_0068_00000652,25,652,0.8154354095458984,8564470938850737220,1.6037982610141626,0.003879561976646073,0
0.0,0.006868872995255515,0.006868872995255515,0.1242878580087563,0.07545340002980083,0.006868872995255515,0.30007178701634984,0.1242878580087563,1.3769177869980922,0.986752594995778,0.07545340002980083,0.9983571000047959,0.011604505009017885,0.07848889997694641,0.002809180994518101,1.5012412750074873,0.006938174017705023,1784780385.617302,1784780384.5546613,1784780384.8046613,0.00023238398716785014,0.0003849990025628358,0.002809180994518101,0.0056352970423176885,0.999970555305481,0.30007178701634984,smoke-resnet50-cifar10-pi5-20260723-121831:v2,2,0.1242878580087563,unknown,0.986752594995778,3.880000440403819e-05,0.0002610000083222985,0.0015580000472255051,0.07501340005546808,"{'device': [0, 1, 2, 3, 4, 5], 'edge': [6, 7, 8, 9, 10, 11], 'cloud': [12, 13, 14, 15, 16, 17, 18]}",19,final,cloud,True,6,1.0,5.0,1.0,1.5012412750074873,-6.506206375037436,6,95c7d684de364ffc90c429c64979b617,26,"{'device_compute': 0.1242878580087563, 'd2e_transport': 0.30007178701634984, 'edge_queue': 0.0015580000472255051, 'edge_segment_compute': 0.07501340005546808, 'edge_exit_head_compute': 0.0002610000083222985, 'edge_exit_check': 3.880000440403819e-05, 'e2c_transport': 0.986752594995778, 'cloud_queue': 0.002809180994518101, 'cloud_segment_compute': 0.0056352970423176885, 'cloud_exit_head_compute': 0.0003849990025628358, 'cloud_exit_check': 0.00023238398716785014, 'total_latency': 1.5012412750074873, 'unattributed_overhead': 0.004195973844616674, 'request_id': '95c7d684de364ffc90c429c64979b617', 'user_id': 0, 'prediction': 6, 'exit_id': 'final', 'exit_boundary_id': 19, 'exit_location': 'cloud', 'confidence': 0.999970555305481, 'executed_segments_by_node': {'device': [0, 1, 2, 3, 4, 5], 'edge': [6, 7, 8, 9, 10, 11], 'cloud': [12, 13, 14, 15, 16, 17, 18]}, 'nodes': [{'node': 'device', 'executed_segments': [0, 1, 2, 3, 4, 5], 'queue_s': 0.0, 'segment_compute_s': 0.12161940798978321, 'exit_head_compute_s': 0.002405897990684025, 'exit_check_s': 7.40000104997307e-05, 'worker_elapsed_s': 0.1242878580087563}, {'node': 'edge', 'executed_segments': [6, 7, 8, 9, 10, 11], 'queue_s': 0.0015580000472255051, 'segment_compute_s': 0.07501340005546808, 'exit_head_compute_s': 0.0002610000083222985, 'exit_check_s': 3.880000440403819e-05, 'worker_elapsed_s': 0.07546669995645061}, {'node': 'cloud', 'executed_segments': [12, 13, 14, 15, 16, 17, 18], 'queue_s': 0.002809180994518101, 'segment_compute_s': 0.0056352970423176885, 'exit_head_compute_s': 0.0003849990025628358, 'exit_check_s': 0.00023238398716785014, 'worker_elapsed_s': 0.006938174017705023}], 'sample_id': 'balanced_006_0446_00004603', 'label': 6, 'correct': True, 'observed_utility': -6.506206375037436}",balanced_006_0446_00004603,26,4603,0.8126406669616699,8564470938850737220,1.5012412750074873,0.004195973844616674,0
0.0,0.0074857779836747795,0.0074857779836747795,0.11523905799549539,0.08394649997353554,0.0074857779836747795,0.42112616705708206,0.11523905799549539,1.621399866999127,1.100927214982221,0.08394649997353554,1.1130014999653213,0.01207428498310037,0.08727219997672364,0.0026770039985422045,1.7366752769885352,0.007554825977422297,1784780387.2216086,1784780386.1105201,1784780386.3605201,0.00021839200053364038,0.00038712398963980377,0.0026770039985422045,0.006252308958210051,0.9999984502792358,0.42112616705708206,smoke-resnet50-cifar10-pi5-20260723-121831:v2,2,0.11523905799549539,unknown,1.100927214982221,4.67000063508749e-05,0.0003287999425083399,0.001798400015104562,0.08340480003971606,"{'device': [0, 1, 2, 3, 4, 5], 'edge': [6, 7, 8, 9, 10, 11], 'cloud': [12, 13, 14, 15, 16, 17, 18]}",19,final,cloud,True,0,1.0,5.0,1.0,1.7366752769885352,-7.683376384942676,0,98db34e667f54ba8a6f53fced0060327,27,"{'device_compute': 0.11523905799549539, 'd2e_transport': 0.42112616705708206, 'edge_queue': 0.001798400015104562, 'edge_segment_compute': 0.08340480003971606, 'edge_exit_head_compute': 0.0003287999425083399, 'edge_exit_check': 4.67000063508749e-05, 'e2c_transport': 1.100927214982221, 'cloud_queue': 0.0026770039985422045, 'cloud_segment_compute': 0.006252308958210051, 'cloud_exit_head_compute': 0.00038712398963980377, 'cloud_exit_check': 0.00021839200053364038, 'total_latency': 1.7366752769885352, 'unattributed_overhead': 0.0042693080031313, 'request_id': '98db34e667f54ba8a6f53fced0060327', 'user_id': 0, 'prediction': 0, 'exit_id': 'final', 'exit_boundary_id': 19, 'exit_location': 'cloud', 'confidence': 0.9999984502792358, 'executed_segments_by_node': {'device': [0, 1, 2, 3, 4, 5], 'edge': [6, 7, 8, 9, 10, 11], 'cloud': [12, 13, 14, 15, 16, 17, 18]}, 'nodes': [{'node': 'device', 'executed_segments': [0, 1, 2, 3, 4, 5], 'queue_s': 0.0, 'segment_compute_s': 0.11385913098638412, 'exit_head_compute_s': 0.0009714879997773096, 'exit_check_s': 6.377699901349843e-05, 'worker_elapsed_s': 0.11523905799549539}, {'node': 'edge', 'executed_segments': [6, 7, 8, 9, 10, 11], 'queue_s': 0.001798400015104562, 'segment_compute_s': 0.08340480003971606, 'exit_head_compute_s': 0.0003287999425083399, 'exit_check_s': 4.67000063508749e-05, 'worker_elapsed_s': 0.08396110002649948}, {'node': 'cloud', 'executed_segments': [12, 13, 14, 15, 16, 17, 18], 'queue_s': 0.0026770039985422045, 'segment_compute_s': 0.006252308958210051, 'exit_head_compute_s': 0.00038712398963980377, 'exit_check_s': 0.00021839200053364038, 'worker_elapsed_s': 0.007554825977422297}], 'sample_id': 'balanced_000_0253_00002548', 'label': 0, 'correct': True, 'observed_utility': -7.683376384942676}",balanced_000_0253_00002548,27,2548,0.8610885143280029,8564470938850737220,1.7366752769885352,0.0042693080031313,0
0.0,0.00700886599952355,0.00700886599952355,0.11789176799356937,0.07877560000633821,0.00700886599952355,0.3122694650810445,0.11789176799356937,1.374812665002537,0.9634314889553934,0.07877560000633821,0.9750977999647148,0.011666311009321362,0.08744539995677769,0.002716880990192294,1.492739505993086,0.00708941399352625,1784780388.9956975,1784780387.9261863,1784780388.1761863,0.00020781601779162884,0.0003873069945257157,0.002716880990192294,0.005788315989775583,0.9999964237213135,0.3122694650810445,smoke-resnet50-cifar10-pi5-20260723-121831:v3,3,0.11789176799356937,unknown,0.9634314889553934,3.890000516548753e-05,0.00026840000646188855,0.00707630004035309,0.07833199994638562,"{'device': [0, 1, 2, 3, 4, 5], 'edge': [6, 7, 8, 9, 10, 11], 'cloud': [12, 13, 14, 15, 16, 17, 18]}",19,final,cloud,True,8,1.0,5.0,1.0,1.492739505993086,-6.46369752996543,8,ee912945bcdb40a085e3a90554410414,28,"{'device_compute': 0.11789176799356937, 'd2e_transport': 0.3122694650810445, 'edge_queue': 0.00707630004035309, 'edge_segment_compute': 0.07833199994638562, 'edge_exit_head_compute': 0.00026840000646188855, 'edge_exit_check': 3.890000516548753e-05, 'e2c_transport': 0.9634314889553934, 'cloud_queue': 0.002716880990192294, 'cloud_segment_compute': 0.005788315989775583, 'cloud_exit_head_compute': 0.0003873069945257157, 'cloud_exit_check': 0.00020781601779162884, 'total_latency': 1.492739505993086, 'unattributed_overhead': 0.0043308639724273235, 'request_id': 'ee912945bcdb40a085e3a90554410414', 'user_id': 0, 'prediction': 8, 'exit_id': 'final', 'exit_boundary_id': 19, 'exit_location': 'cloud', 'confidence': 0.9999964237213135, 'executed_segments_by_node': {'device': [0, 1, 2, 3, 4, 5], 'edge': [6, 7, 8, 9, 10, 11], 'cloud': [12, 13, 14, 15, 16, 17, 18]}, 'nodes': [{'node': 'device', 'executed_segments': [0, 1, 2, 3, 4, 5], 'queue_s': 0.0, 'segment_compute_s': 0.11657843201828655, 'exit_head_compute_s': 0.0010575990017969161, 'exit_check_s': 6.590600241906941e-05, 'worker_elapsed_s': 0.11789176799356937}, {'node': 'edge', 'executed_segments': [6, 7, 8, 9, 10, 11], 'queue_s': 0.00707630004035309, 'segment_compute_s': 0.07833199994638562, 'exit_head_compute_s': 0.00026840000646188855, 'exit_check_s': 3.890000516548753e-05, 'worker_elapsed_s': 0.07878969999728724}, {'node': 'cloud', 'executed_segments': [12, 13, 14, 15, 16, 17, 18], 'queue_s': 0.002716880990192294, 'segment_compute_s': 0.005788315989775583, 'exit_head_compute_s': 0.0003873069945257157, 'exit_check_s': 0.00020781601779162884, 'worker_elapsed_s': 0.00708941399352625}], 'sample_id': 'balanced_008_0438_00004256', 'label': 8, 'correct': True, 'observed_utility': -6.46369752996543}",balanced_008_0438_00004256,28,4256,0.8195111751556396,8564470938850737220,1.492739505993086,0.0043308639724273235,0
0.0,0.006811497994931415,0.006811497994931415,0.12239332500030287,0.07883620000211522,0.006811497994931415,0.39142900602018926,0.12239332500030287,1.4512424059939804,0.966718031995697,0.07883620000211522,0.9781805999809876,0.011462567985290661,0.08163279999280348,0.002753142995061353,1.5736753979872447,0.006884529982926324,1784780390.546044,1784780389.479061,1784780389.729061,0.00020237197168171406,0.0003729259769897908,0.002753142995061353,0.005642575008096173,0.9999035596847534,0.39142900602018926,smoke-resnet50-cifar10-pi5-20260723-121831:v3,3,0.12239332500030287,unknown,0.966718031995697,4.009995609521866e-05,0.00028630002634599805,0.00128320005023852,0.07836250000400469,"{'device': [0, 1, 2, 3, 4, 5], 'edge': [6, 7, 8, 9, 10, 11], 'cloud': [12, 13, 14, 15, 16, 17, 18]}",19,final,cloud,True,5,1.0,5.0,1.0,1.5736753979872447,-6.868376989936223,5,023a41f5640b4fc897e1d28b9b8ece32,29,"{'device_compute': 0.12239332500030287, 'd2e_transport': 0.39142900602018926, 'edge_queue': 0.00128320005023852, 'edge_segment_compute': 0.07836250000400469, 'edge_exit_head_compute': 0.00028630002634599805, 'edge_exit_check': 4.009995609521866e-05, 'e2c_transport': 0.966718031995697, 'cloud_queue': 0.002753142995061353, 'cloud_segment_compute': 0.005642575008096173, 'cloud_exit_head_compute': 0.0003729259769897908, 'cloud_exit_check': 0.00020237197168171406, 'total_latency': 1.5736753979872447, 'unattributed_overhead': 0.00419191898254212, 'request_id': '023a41f5640b4fc897e1d28b9b8ece32', 'user_id': 0, 'prediction': 5, 'exit_id': 'final', 'exit_boundary_id': 19, 'exit_location': 'cloud', 'confidence': 0.9999035596847534, 'executed_segments_by_node': {'device': [0, 1, 2, 3, 4, 5], 'edge': [6, 7, 8, 9, 10, 11], 'cloud': [12, 13, 14, 15, 16, 17, 18]}, 'nodes': [{'node': 'device', 'executed_segments': [0, 1, 2, 3, 4, 5], 'queue_s': 0.0, 'segment_compute_s': 0.12106373101414647, 'exit_head_compute_s': 0.0010194319911533967, 'exit_check_s': 7.561099482700229e-05, 'worker_elapsed_s': 0.12239332500030287}, {'node': 'edge', 'executed_segments': [6, 7, 8, 9, 10, 11], 'queue_s': 0.00128320005023852, 'segment_compute_s': 0.07836250000400469, 'exit_head_compute_s': 0.00028630002634599805, 'exit_check_s': 4.009995609521866e-05, 'worker_elapsed_s': 0.07884729997022077}, {'node': 'cloud', 'executed_segments': [12, 13, 14, 15, 16, 17, 18], 'queue_s': 0.002753142995061353, 'segment_compute_s': 0.005642575008096173, 'exit_head_compute_s': 0.0003729259769897908, 'exit_check_s': 0.00020237197168171406, 'worker_elapsed_s': 0.006884529982926324}], 'sample_id': 'balanced_005_0983_00009838', 'label': 5, 'correct': True, 'observed_utility': -6.868376989936223}",balanced_005_0983_00009838,29,9838,0.8169832229614258,8564470938850737220,1.5736753979872447,0.00419191898254212,0
0.0,0.006851655984064564,0.006851655984064564,0.13845198600029107,0.08195869997143745,0.006851655984064564,0.3795221409673104,0.13845198600029107,1.4797896410018438,1.0037865840131417,0.08195869997143745,1.0152355000027455,0.011448915989603847,0.0850320000317879,0.0026900039811152965,1.6182776459900197,0.006924945017090067,1784780392.1594613,1784780391.0964415,1784780391.3464415,0.00020134999067522585,0.0003685289993882179,0.0026900039811152965,0.005685481999535114,0.9999904632568359,0.3795221409673104,smoke-resnet50-cifar10-pi5-20260723-121831:v3,3,0.13845198600029107,unknown,1.0037865840131417,4.610000178217888e-05,0.000341300037689507,0.0015399999683722854,0.08140650001587346,"{'device': [0, 1, 2, 3, 4, 5], 'edge': [6, 7, 8, 9, 10, 11], 'cloud': [12, 13, 14, 15, 16, 17, 18]}",19,final,cloud,True,5,1.0,5.0,1.0,1.6182776459900197,-7.091388229950098,5,eb47e50950554bdfb5b8f8f84a30a27c,30,"{'device_compute': 0.13845198600029107, 'd2e_transport': 0.3795221409673104, 'edge_queue': 0.0015399999683722854, 'edge_segment_compute': 0.08140650001587346, 'edge_exit_head_compute': 0.000341300037689507, 'edge_exit_check': 4.610000178217888e-05, 'e2c_transport': 1.0037865840131417, 'cloud_queue': 0.0026900039811152965, 'cloud_segment_compute': 0.005685481999535114, 'cloud_exit_head_compute': 0.0003685289993882179, 'cloud_exit_check': 0.00020134999067522585, 'total_latency': 1.6182776459900197, 'unattributed_overhead': 0.004237670014845207, 'request_id': 'eb47e50950554bdfb5b8f8f84a30a27c', 'user_id': 0, 'prediction': 5, 'exit_id': 'final', 'exit_boundary_id': 19, 'exit_location': 'cloud', 'confidence': 0.9999904632568359, 'executed_segments_by_node': {'device': [0, 1, 2, 3, 4, 5], 'edge': [6, 7, 8, 9, 10, 11], 'cloud': [12, 13, 14, 15, 16, 17, 18]}, 'nodes': [{'node': 'device', 'executed_segments': [0, 1, 2, 3, 4, 5], 'queue_s': 0.0, 'segment_compute_s': 0.1360178670147434, 'exit_head_compute_s': 0.0021636040037265047, 'exit_check_s': 7.435100269503891e-05, 'worker_elapsed_s': 0.13845198600029107}, {'node': 'edge', 'executed_segments': [6, 7, 8, 9, 10, 11], 'queue_s': 0.0015399999683722854, 'segment_compute_s': 0.08140650001587346, 'exit_head_compute_s': 0.000341300037689507, 'exit_check_s': 4.610000178217888e-05, 'worker_elapsed_s': 0.0819719000137411}, {'node': 'cloud', 'executed_segments': [12, 13, 14, 15, 16, 17, 18], 'queue_s': 0.0026900039811152965, 'segment_compute_s': 0.005685481999535114, 'exit_head_compute_s': 0.0003685289993882179, 'exit_check_s': 0.00020134999067522585, 'worker_elapsed_s': 0.006924945017090067}], 'sample_id': 'balanced_005_0686_00006835', 'label': 5, 'correct': True, 'observed_utility': -7.091388229950098}",balanced_005_0686_00006835,30,6835,0.8130197525024414,8564470938850737220,1.6182776459900197,0.004237670014845207,0
0.0,0.006726744992192835,0.006726744992192835,0.11540448199957609,0.08039489999646321,0.006726744992192835,0.5964088780019665,0.11540448199957609,1.568240278007579,0.8773578739492223,0.08039489999646321,0.8886484999675304,0.011290626018308103,0.08318290003808215,0.002698949014302343,1.6836805380007718,0.006799249007599428,1784780393.8293061,1784780392.7639337,1784780393.0139337,0.00020156498067080975,0.00036782800452783704,0.002698949014302343,0.0055594719597138464,0.9999860525131226,0.5964088780019665,smoke-resnet50-cifar10-pi5-20260723-121831:v3,3,0.11540448199957609,unknown,0.8773578739492223,4.339998122304678e-05,0.00030700000934302807,0.0013161000097170472,0.07988189999014139,"{'device': [0, 1, 2, 3, 4, 5], 'edge': [6, 7, 8, 9, 10, 11], 'cloud': [12, 13, 14, 15, 16, 17, 18]}",19,final,cloud,True,1,1.0,5.0,1.0,1.6836805380007718,-7.418402690003859,1,292fabb156a64adaa6397004e0637f1a,31,"{'device_compute': 0.11540448199957609, 'd2e_transport': 0.5964088780019665, 'edge_queue': 0.0013161000097170472, 'edge_segment_compute': 0.07988189999014139, 'edge_exit_head_compute': 0.00030700000934302807, 'edge_exit_check': 4.339998122304678e-05, 'e2c_transport': 0.8773578739492223, 'cloud_queue': 0.002698949014302343, 'cloud_segment_compute': 0.0055594719597138464, 'cloud_exit_head_compute': 0.00036782800452783704, 'cloud_exit_check': 0.00020156498067080975, 'total_latency': 1.6836805380007718, 'unattributed_overhead': 0.0041330901003675535, 'request_id': '292fabb156a64adaa6397004e0637f1a', 'user_id': 0, 'prediction': 1, 'exit_id': 'final', 'exit_boundary_id': 19, 'exit_location': 'cloud', 'confidence': 0.9999860525131226, 'executed_segments_by_node': {'device': [0, 1, 2, 3, 4, 5], 'edge': [6, 7, 8, 9, 10, 11], 'cloud': [12, 13, 14, 15, 16, 17, 18]}, 'nodes': [{'node': 'device', 'executed_segments': [0, 1, 2, 3, 4, 5], 'queue_s': 0.0, 'segment_compute_s': 0.11407160999078769, 'exit_head_compute_s': 0.0010793200053740293, 'exit_check_s': 6.292499892879277e-05, 'worker_elapsed_s': 0.11540448199957609}, {'node': 'edge', 'executed_segments': [6, 7, 8, 9, 10, 11], 'queue_s': 0.0013161000097170472, 'segment_compute_s': 0.07988189999014139, 'exit_head_compute_s': 0.00030700000934302807, 'exit_check_s': 4.339998122304678e-05, 'worker_elapsed_s': 0.0804072999744676}, {'node': 'cloud', 'executed_segments': [12, 13, 14, 15, 16, 17, 18], 'queue_s': 0.002698949014302343, 'segment_compute_s': 0.0055594719597138464, 'exit_head_compute_s': 0.00036782800452783704, 'exit_check_s': 0.00020156498067080975, 'worker_elapsed_s': 0.006799249007599428}], 'sample_id': 'balanced_001_0231_00002369', 'label': 1, 'correct': True, 'observed_utility': -7.418402690003859}",balanced_001_0231_00002369,31,2369,0.8153724670410156,8564470938850737220,1.6836805380007718,0.0041330901003675535,0
0.0,0.006731811998179182,0.006731811998179182,0.11444419699546415,0.08083950000582263,0.006731811998179182,0.5900858460663585,0.11444419699546415,1.581278846002533,0.8964312069874723,0.08083950000582263,0.9076621999847703,0.011230992997298017,0.08353079995140433,0.002696724986890331,1.695758913003374,0.006802940013585612,1784780395.5501595,1784780394.4873154,1784780394.7373154,0.00019493501167744398,0.0003706330026034266,0.002696724986890331,0.005551437032409012,0.9977529644966125,0.5900858460663585,smoke-resnet50-cifar10-pi5-20260723-121831:v3,3,0.11444419699546415,unknown,0.8964312069874723,4.18000272475183e-05,0.00027870002668350935,0.0013049000408500433,0.08036529994569719,"{'device': [0, 1, 2, 3, 4, 5], 'edge': [6, 7, 8, 9, 10, 11], 'cloud': [12, 13, 14, 15, 16, 17, 18]}",19,final,cloud,True,1,1.0,5.0,1.0,1.695758913003374,-7.4787945650168695,1,f338c35948de4241b61d8501b8faedea,32,"{'device_compute': 0.11444419699546415, 'd2e_transport': 0.5900858460663585, 'edge_queue': 0.0013049000408500433, 'edge_segment_compute': 0.08036529994569719, 'edge_exit_head_compute': 0.00027870002668350935, 'edge_exit_check': 4.18000272475183e-05, 'e2c_transport': 0.8964312069874723, 'cloud_queue': 0.002696724986890331, 'cloud_segment_compute': 0.005551437032409012, 'cloud_exit_head_compute': 0.0003706330026034266, 'cloud_exit_check': 0.00019493501167744398, 'total_latency': 1.695758913003374, 'unattributed_overhead': 0.003993232880020514, 'request_id': 'f338c35948de4241b61d8501b8faedea', 'user_id': 0, 'prediction': 1, 'exit_id': 'final', 'exit_boundary_id': 19, 'exit_location': 'cloud', 'confidence': 0.9977529644966125, 'executed_segments_by_node': {'device': [0, 1, 2, 3, 4, 5], 'edge': [6, 7, 8, 9, 10, 11], 'cloud': [12, 13, 14, 15, 16, 17, 18]}, 'nodes': [{'node': 'device', 'executed_segments': [0, 1, 2, 3, 4, 5], 'queue_s': 0.0, 'segment_compute_s': 0.11314438102999702, 'exit_head_compute_s': 0.0010469689877936617, 'exit_check_s': 6.114800635259598e-05, 'worker_elapsed_s': 0.11444419699546415}, {'node': 'edge', 'executed_segments': [6, 7, 8, 9, 10, 11], 'queue_s': 0.0013049000408500433, 'segment_compute_s': 0.08036529994569719, 'exit_head_compute_s': 0.00027870002668350935, 'exit_check_s': 4.18000272475183e-05, 'worker_elapsed_s': 0.08085139998001978}, {'node': 'cloud', 'executed_segments': [12, 13, 14, 15, 16, 17, 18], 'queue_s': 0.002696724986890331, 'segment_compute_s': 0.005551437032409012, 'exit_head_compute_s': 0.0003706330026034266, 'exit_check_s': 0.00019493501167744398, 'worker_elapsed_s': 0.006802940013585612}], 'sample_id': 'balanced_001_0089_00001005', 'label': 1, 'correct': True, 'observed_utility': -7.4787945650168695}",balanced_001_0089_00001005,32,1005,0.8128440380096436,8564470938850737220,1.695758913003374,0.003993232880020514,0
0.0,0.007038273004582152,0.007038273004582152,0.10946457200043369,0.07940049999160692,0.007038273004582152,0.428831893048482,0.10946457200043369,1.5195793930033688,0.9974476989882533,0.07940049999160692,1.0088897999958135,0.011442101007560268,0.08185769995907322,0.0025871620164252818,1.629080464001163,0.007107340992661193,1784780397.4067574,1784780396.294578,1784780396.544578,0.00021199497859925032,0.000385424995329231,0.0025871620164252818,0.005832163995364681,0.9999873638153076,0.428831893048482,smoke-resnet50-cifar10-pi5-20260723-121831:v3,3,0.10946457200043369,unknown,0.9974476989882533,3.950000973418355e-05,0.0002633000258356333,0.0011487000156193972,0.07895480003207922,"{'device': [0, 1, 2, 3, 4, 5], 'edge': [6, 7, 8, 9, 10, 11], 'cloud': [12, 13, 14, 15, 16, 17, 18]}",19,final,cloud,True,2,1.0,5.0,1.0,1.629080464001163,-7.1454023200058145,2,8c73370f1a7448b2bd20445846ca25b6,33,"{'device_compute': 0.10946457200043369, 'd2e_transport': 0.428831893048482, 'edge_queue': 0.0011487000156193972, 'edge_segment_compute': 0.07895480003207922, 'edge_exit_head_compute': 0.0002633000258356333, 'edge_exit_check': 3.950000973418355e-05, 'e2c_transport': 0.9974476989882533, 'cloud_queue': 0.0025871620164252818, 'cloud_segment_compute': 0.005832163995364681, 'cloud_exit_head_compute': 0.000385424995329231, 'cloud_exit_check': 0.00021199497859925032, 'total_latency': 1.629080464001163, 'unattributed_overhead': 0.003913253895007074, 'request_id': '8c73370f1a7448b2bd20445846ca25b6', 'user_id': 0, 'prediction': 2, 'exit_id': 'final', 'exit_boundary_id': 19, 'exit_location': 'cloud', 'confidence': 0.9999873638153076, 'executed_segments_by_node': {'device': [0, 1, 2, 3, 4, 5], 'edge': [6, 7, 8, 9, 10, 11], 'cloud': [12, 13, 14, 15, 16, 17, 18]}, 'nodes': [{'node': 'device', 'executed_segments': [0, 1, 2, 3, 4, 5], 'queue_s': 0.0, 'segment_compute_s': 0.1081954210094409, 'exit_head_compute_s': 0.0010089690040331334, 'exit_check_s': 6.794300861656666e-05, 'worker_elapsed_s': 0.10946457200043369}, {'node': 'edge', 'executed_segments': [6, 7, 8, 9, 10, 11], 'queue_s': 0.0011487000156193972, 'segment_compute_s': 0.07895480003207922, 'exit_head_compute_s': 0.0002633000258356333, 'exit_check_s': 3.950000973418355e-05, 'worker_elapsed_s': 0.07941200002096593}, {'node': 'cloud', 'executed_segments': [12, 13, 14, 15, 16, 17, 18], 'queue_s': 0.0025871620164252818, 'segment_compute_s': 0.005832163995364681, 'exit_head_compute_s': 0.000385424995329231, 'exit_check_s': 0.00021199497859925032, 'worker_elapsed_s': 0.007107340992661193}], 'sample_id': 'balanced_002_0832_00008284', 'label': 2, 'correct': True, 'observed_utility': -7.1454023200058145}",balanced_002_0832_00008284,33,8284,0.8621792793273926,8564470938850737220,1.629080464001163,0.003913253895007074,0
0.0,0.007022465026238933,0.007022465026238933,0.10841875099868048,0.0790613999706693,0.007022465026238933,0.2819391789234942,0.10841875099868048,1.4099688790010987,1.0347161430399865,0.0790613999706693,1.0461085000424646,0.011392357002478093,0.08192120003513992,0.002567007002653554,1.5184228889993392,0.007097545021679252,1784780399.2121878,1784780398.144851,1784780398.394851,0.00021108001237735152,0.00038990500615909696,0.002567007002653554,0.005808882036944851,0.9999983310699463,0.2819391789234942,smoke-resnet50-cifar10-pi5-20260723-121831:v3,3,0.10841875099868048,unknown,1.0347161430399865,3.880000440403819e-05,0.000270900025498122,0.001410400029271841,0.0785961999790743,"{'device': [0, 1, 2, 3, 4, 5], 'edge': [6, 7, 8, 9, 10, 11], 'cloud': [12, 13, 14, 15, 16, 17, 18]}",19,final,cloud,True,2,1.0,5.0,1.0,1.5184228889993392,-6.592114444996696,2,cec1b1730fc44b28864a00749f4bdf20,34,"{'device_compute': 0.10841875099868048, 'd2e_transport': 0.2819391789234942, 'edge_queue': 0.001410400029271841, 'edge_segment_compute': 0.0785961999790743, 'edge_exit_head_compute': 0.000270900025498122, 'edge_exit_check': 3.880000440403819e-05, 'e2c_transport': 1.0347161430399865, 'cloud_queue': 0.002567007002653554, 'cloud_segment_compute': 0.005808882036944851, 'cloud_exit_head_compute': 0.00038990500615909696, 'cloud_exit_check': 0.00021108001237735152, 'total_latency': 1.5184228889993392, 'unattributed_overhead': 0.004055641940794885, 'request_id': 'cec1b1730fc44b28864a00749f4bdf20', 'user_id': 0, 'prediction': 2, 'exit_id': 'final', 'exit_boundary_id': 19, 'exit_location': 'cloud', 'confidence': 0.9999983310699463, 'executed_segments_by_node': {'device': [0, 1, 2, 3, 4, 5], 'edge': [6, 7, 8, 9, 10, 11], 'cloud': [12, 13, 14, 15, 16, 17, 18]}, 'nodes': [{'node': 'device', 'executed_segments': [0, 1, 2, 3, 4, 5], 'queue_s': 0.0, 'segment_compute_s': 0.10713693303114269, 'exit_head_compute_s': 0.0010224699944956228, 'exit_check_s': 6.846198812127113e-05, 'worker_elapsed_s': 0.10841875099868048}, {'node': 'edge', 'executed_segments': [6, 7, 8, 9, 10, 11], 'queue_s': 0.001410400029271841, 'segment_compute_s': 0.0785961999790743, 'exit_head_compute_s': 0.000270900025498122, 'exit_check_s': 3.880000440403819e-05, 'worker_elapsed_s': 0.07907380000688136}, {'node': 'cloud', 'executed_segments': [12, 13, 14, 15, 16, 17, 18], 'queue_s': 0.002567007002653554, 'segment_compute_s': 0.005808882036944851, 'exit_head_compute_s': 0.00038990500615909696, 'exit_check_s': 0.00021108001237735152, 'worker_elapsed_s': 0.007097545021679252}], 'sample_id': 'balanced_002_0728_00007254', 'label': 2, 'correct': True, 'observed_utility': -6.592114444996696}",balanced_002_0728_00007254,34,7254,0.8173367977142334,8564470938850737220,1.5184228889993392,0.004055641940794885,0
0.0,0.006960133992834017,0.006960133992834017,0.12069799400342163,0.09489100001519546,0.006960133992834017,0.4951965760701569,0.12069799400342163,1.4986589760083007,0.8923002580122557,0.09489100001519546,0.9035806999891065,0.011280441976850852,0.09988169994903728,0.002522487979149446,1.6193932830065023,0.007030967011814937,1784780400.79235,1784780399.726232,1784780399.976232,0.0002104800078086555,0.00038583498098887503,0.002522487979149446,0.0057572160148993134,0.9978078007698059,0.4951965760701569,smoke-resnet50-cifar10-pi5-20260723-121831:v3,3,0.12069799400342163,unknown,0.8923002580122557,0.00010060000931844115,0.000541499990504235,0.00229350000154227,0.0939988000318408,"{'device': [0, 1, 2, 3, 4, 5], 'edge': [6, 7, 8, 9, 10, 11], 'cloud': [12, 13, 14, 15, 16, 17, 18]}",19,final,cloud,True,1,1.0,5.0,1.0,1.6193932830065023,-7.096966415032512,1,13c1f288edd7490db786ed4c1e4e1fa6,35,"{'device_compute': 0.12069799400342163, 'd2e_transport': 0.4951965760701569, 'edge_queue': 0.00229350000154227, 'edge_segment_compute': 0.0939988000318408, 'edge_exit_head_compute': 0.000541499990504235, 'edge_exit_check': 0.00010060000931844115, 'e2c_transport': 0.8923002580122557, 'cloud_queue': 0.002522487979149446, 'cloud_segment_compute': 0.0057572160148993134, 'cloud_exit_head_compute': 0.00038583498098887503, 'cloud_exit_check': 0.0002104800078086555, 'total_latency': 1.6193932830065023, 'unattributed_overhead': 0.0053880359046161175, 'request_id': '13c1f288edd7490db786ed4c1e4e1fa6', 'user_id': 0, 'prediction': 1, 'exit_id': 'final', 'exit_boundary_id': 19, 'exit_location': 'cloud', 'confidence': 0.9978078007698059, 'executed_segments_by_node': {'device': [0, 1, 2, 3, 4, 5], 'edge': [6, 7, 8, 9, 10, 11], 'cloud': [12, 13, 14, 15, 16, 17, 18]}, 'nodes': [{'node': 'device', 'executed_segments': [0, 1, 2, 3, 4, 5], 'queue_s': 0.0, 'segment_compute_s': 0.1178549159958493, 'exit_head_compute_s': 0.002565024988143705, 'exit_check_s': 6.557400047313422e-05, 'worker_elapsed_s': 0.12069799400342163}, {'node': 'edge', 'executed_segments': [6, 7, 8, 9, 10, 11], 'queue_s': 0.00229350000154227, 'segment_compute_s': 0.0939988000318408, 'exit_head_compute_s': 0.000541499990504235, 'exit_check_s': 0.00010060000931844115, 'worker_elapsed_s': 0.09491970000090078}, {'node': 'cloud', 'executed_segments': [12, 13, 14, 15, 16, 17, 18], 'queue_s': 0.002522487979149446, 'segment_compute_s': 0.0057572160148993134, 'exit_head_compute_s': 0.00038583498098887503, 'exit_check_s': 0.0002104800078086555, 'worker_elapsed_s': 0.007030967011814937}], 'sample_id': 'balanced_001_0709_00007173', 'label': 1, 'correct': True, 'observed_utility': -7.096966415032512}",balanced_001_0709_00007173,35,7173,0.8161180019378662,8564470938850737220,1.6193932830065023,0.0053880359046161175,0
0.0,0.006984544015722349,0.006984544015722349,0.12839414300106,0.07955550000770018,0.006984544015722349,0.3464228149969131,0.12839414300106,1.6008416149998084,1.1601097589882556,0.07955550000770018,1.1721583000035025,0.012048541015246883,0.08226049999939278,0.0030600099998991936,1.729273221004405,0.007063597993692383,1784780402.4787965,1784780401.4169014,1784780401.6669014,0.0002140489814337343,0.0003913569962605834,0.0030600099998991936,0.005727357027353719,0.9999721050262451,0.3464228149969131,smoke-resnet50-cifar10-pi5-20260723-121831:v3,3,0.12839414300106,unknown,1.1601097589882556,4.1700026486068964e-05,0.00027820002287626266,0.001352999999653548,0.07908520003547892,"{'device': [0, 1, 2, 3, 4, 5], 'edge': [6, 7, 8, 9, 10, 11], 'cloud': [12, 13, 14, 15, 16, 17, 18]}",19,final,cloud,True,8,1.0,5.0,1.0,1.729273221004405,-7.646366105022025,8,257c7de5d787447a93619c27642d31d8,36,"{'device_compute': 0.12839414300106, 'd2e_transport': 0.3464228149969131, 'edge_queue': 0.001352999999653548, 'edge_segment_compute': 0.07908520003547892, 'edge_exit_head_compute': 0.00027820002287626266, 'edge_exit_check': 4.1700026486068964e-05, 'e2c_transport': 1.1601097589882556, 'cloud_queue': 0.0030600099998991936, 'cloud_segment_compute': 0.005727357027353719, 'cloud_exit_head_compute': 0.0003913569962605834, 'cloud_exit_check': 0.0002140489814337343, 'total_latency': 1.729273221004405, 'unattributed_overhead': 0.004195630928734317, 'request_id': '257c7de5d787447a93619c27642d31d8', 'user_id': 0, 'prediction': 8, 'exit_id': 'final', 'exit_boundary_id': 19, 'exit_location': 'cloud', 'confidence': 0.9999721050262451, 'executed_segments_by_node': {'device': [0, 1, 2, 3, 4, 5], 'edge': [6, 7, 8, 9, 10, 11], 'cloud': [12, 13, 14, 15, 16, 17, 18]}, 'nodes': [{'node': 'device', 'executed_segments': [0, 1, 2, 3, 4, 5], 'queue_s': 0.0, 'segment_compute_s': 0.1270659179863287, 'exit_head_compute_s': 0.0010210250038653612, 'exit_check_s': 8.801800140645355e-05, 'worker_elapsed_s': 0.12839414300106}, {'node': 'edge', 'executed_segments': [6, 7, 8, 9, 10, 11], 'queue_s': 0.001352999999653548, 'segment_compute_s': 0.07908520003547892, 'exit_head_compute_s': 0.00027820002287626266, 'exit_check_s': 4.1700026486068964e-05, 'worker_elapsed_s': 0.07956759998342022}, {'node': 'cloud', 'executed_segments': [12, 13, 14, 15, 16, 17, 18], 'queue_s': 0.0030600099998991936, 'segment_compute_s': 0.005727357027353719, 'exit_head_compute_s': 0.0003913569962605834, 'exit_check_s': 0.0002140489814337343, 'worker_elapsed_s': 0.007063597993692383}], 'sample_id': 'balanced_008_0342_00003270', 'label': 8, 'correct': True, 'observed_utility': -7.646366105022025}",balanced_008_0342_00003270,36,3270,0.8118951320648193,8564470938850737220,1.729273221004405,0.004195630928734317,0
0.0,0.006913073011673987,0.006913073011673987,0.12095202699129004,0.07933169999159873,0.006913073011673987,0.4865202150103869,0.12095202699129004,1.4853566149977269,0.9052688750380185,0.07933169999159873,0.9168705000192858,0.011601624981267378,0.08196589996805415,0.0027725019899662584,1.6063440869911574,0.006980024016229436,1784780404.2535825,1784780403.1842294,1784780403.4342294,0.00021094499970786273,0.0003845469909720123,0.0027725019899662584,0.0057149899948854,0.9998977184295654,0.4865202150103869,smoke-resnet50-cifar10-pi5-20260723-121831:v3,3,0.12095202699129004,unknown,0.9052688750380185,4.039995837956667e-05,0.0002843000111170113,0.0012735999771393836,0.0788561999797821,"{'device': [0, 1, 2, 3, 4, 5], 'edge': [6, 7, 8, 9, 10, 11], 'cloud': [12, 13, 14, 15, 16, 17, 18]}",19,final,cloud,True,6,1.0,5.0,1.0,1.6063440869911574,-7.031720434955787,6,40faaeabcc8245809ad4fa6fa8c93a1f,37,"{'device_compute': 0.12095202699129004, 'd2e_transport': 0.4865202150103869, 'edge_queue': 0.0012735999771393836, 'edge_segment_compute': 0.0788561999797821, 'edge_exit_head_compute': 0.0002843000111170113, 'edge_exit_check': 4.039995837956667e-05, 'e2c_transport': 0.9052688750380185, 'cloud_queue': 0.0027725019899662584, 'cloud_segment_compute': 0.0057149899948854, 'cloud_exit_head_compute': 0.0003845469909720123, 'cloud_exit_check': 0.00021094499970786273, 'total_latency': 1.6063440869911574, 'unattributed_overhead': 0.004065486049512401, 'request_id': '40faaeabcc8245809ad4fa6fa8c93a1f', 'user_id': 0, 'prediction': 6, 'exit_id': 'final', 'exit_boundary_id': 19, 'exit_location': 'cloud', 'confidence': 0.9998977184295654, 'executed_segments_by_node': {'device': [0, 1, 2, 3, 4, 5], 'edge': [6, 7, 8, 9, 10, 11], 'cloud': [12, 13, 14, 15, 16, 17, 18]}, 'nodes': [{'node': 'device', 'executed_segments': [0, 1, 2, 3, 4, 5], 'queue_s': 0.0, 'segment_compute_s': 0.11971161801193375, 'exit_head_compute_s': 0.0009844879969023168, 'exit_check_s': 6.033299723640084e-05, 'worker_elapsed_s': 0.12095202699129004}, {'node': 'edge', 'executed_segments': [6, 7, 8, 9, 10, 11], 'queue_s': 0.0012735999771393836, 'segment_compute_s': 0.0788561999797821, 'exit_head_compute_s': 0.0002843000111170113, 'exit_check_s': 4.039995837956667e-05, 'worker_elapsed_s': 0.07934370002476498}, {'node': 'cloud', 'executed_segments': [12, 13, 14, 15, 16, 17, 18], 'queue_s': 0.0027725019899662584, 'segment_compute_s': 0.0057149899948854, 'exit_head_compute_s': 0.0003845469909720123, 'exit_check_s': 0.00021094499970786273, 'worker_elapsed_s': 0.006980024016229436}], 'sample_id': 'balanced_006_0371_00003717', 'label': 6, 'correct': True, 'observed_utility': -7.031720434955787}",balanced_006_0371_00003717,37,3717,0.8193531036376953,8564470938850737220,1.6063440869911574,0.004065486049512401,0
0.0,0.00688662999891676,0.00688662999891676,0.11720377601159271,0.08120469999266788,0.00688662999891676,0.4163018879626179,0.11720377601159271,2.1919152880000183,1.680742263008142,0.08120469999266788,1.691478000022471,0.010735737014329061,0.08413540001492947,0.002377894998062402,2.3091556930012302,0.006961661012610421,1784780405.9029686,1784780404.8364062,1784780405.0864062,0.0002034679928328842,0.0003713429905474186,0.002377894998062402,0.0057112640351988375,0.9293416142463684,0.4163018879626179,smoke-resnet50-cifar10-pi5-20260723-121831:v3,3,0.11720377601159271,unknown,1.680742263008142,4.409998655319214e-05,0.00028959999326616526,0.0014427000423893332,0.08071899996139109,"{'device': [0, 1, 2, 3, 4, 5], 'edge': [6, 7, 8, 9, 10, 11], 'cloud': [12, 13, 14, 15, 16, 17, 18]}",19,final,cloud,True,2,1.0,5.0,1.0,2.3091556930012302,-10.545778465006151,2,4af9b424c64b4513ae4c467dad21ab56,38,"{'device_compute': 0.11720377601159271, 'd2e_transport': 0.4163018879626179, 'edge_queue': 0.0014427000423893332, 'edge_segment_compute': 0.08071899996139109, 'edge_exit_head_compute': 0.00028959999326616526, 'edge_exit_check': 4.409998655319214e-05, 'e2c_transport': 1.680742263008142, 'cloud_queue': 0.002377894998062402, 'cloud_segment_compute': 0.0057112640351988375, 'cloud_exit_head_compute': 0.0003713429905474186, 'cloud_exit_check': 0.0002034679928328842, 'total_latency': 2.3091556930012302, 'unattributed_overhead': 0.003748396018636413, 'request_id': '4af9b424c64b4513ae4c467dad21ab56', 'user_id': 0, 'prediction': 2, 'exit_id': 'final', 'exit_boundary_id': 19, 'exit_location': 'cloud', 'confidence': 0.9293416142463684, 'executed_segments_by_node': {'device': [0, 1, 2, 3, 4, 5], 'edge': [6, 7, 8, 9, 10, 11], 'cloud': [12, 13, 14, 15, 16, 17, 18]}, 'nodes': [{'node': 'device', 'executed_segments': [0, 1, 2, 3, 4, 5], 'queue_s': 0.0, 'segment_compute_s': 0.11594121702364646, 'exit_head_compute_s': 0.0010056730097858235, 'exit_check_s': 6.488799408543855e-05, 'worker_elapsed_s': 0.11720377601159271}, {'node': 'edge', 'executed_segments': [6, 7, 8, 9, 10, 11], 'queue_s': 0.0014427000423893332, 'segment_compute_s': 0.08071899996139109, 'exit_head_compute_s': 0.00028959999326616526, 'exit_check_s': 4.409998655319214e-05, 'worker_elapsed_s': 0.08121739997295663}, {'node': 'cloud', 'executed_segments': [12, 13, 14, 15, 16, 17, 18], 'queue_s': 0.002377894998062402, 'segment_compute_s': 0.0057112640351988375, 'exit_head_compute_s': 0.0003713429905474186, 'exit_check_s': 0.0002034679928328842, 'worker_elapsed_s': 0.006961661012610421}], 'sample_id': 'balanced_002_0738_00007351', 'label': 2, 'correct': True, 'observed_utility': -10.545778465006151}",balanced_002_0738_00007351,38,7351,0.8165624141693115,8564470938850737220,2.3091556930012302,0.003748396018636413,0
0.0,0.0067933950049337,0.0067933950049337,0.13315042000613175,0.07925089995842427,0.0067933950049337,0.570675840950571,0.13315042000613175,1.7629448410007171,1.0990367180202156,0.07925089995842427,1.110462100012228,0.011425381992012262,0.08180690003791824,0.0027835929940920323,1.8961367229931056,0.006861897010821849,1784780408.2605817,1784780407.1953049,1784780407.4453049,0.00020185898756608367,0.00037740101106464863,0.0027835929940920323,0.005589281994616613,0.9999994039535522,0.570675840950571,smoke-resnet50-cifar10-pi5-20260723-121831:v3,3,0.13315042000613175,unknown,1.0990367180202156,4.0300015825778246e-05,0.00027160003082826734,0.0012464000028558075,0.07879200007300824,"{'device': [0, 1, 2, 3, 4, 5], 'edge': [6, 7, 8, 9, 10, 11], 'cloud': [12, 13, 14, 15, 16, 17, 18]}",19,final,cloud,True,1,1.0,5.0,1.0,1.8961367229931056,-8.480683614965528,1,b0892fa98887493aa33f4facd08759eb,39,"{'device_compute': 0.13315042000613175, 'd2e_transport': 0.570675840950571, 'edge_queue': 0.0012464000028558075, 'edge_segment_compute': 0.07879200007300824, 'edge_exit_head_compute': 0.00027160003082826734, 'edge_exit_check': 4.0300015825778246e-05, 'e2c_transport': 1.0990367180202156, 'cloud_queue': 0.0027835929940920323, 'cloud_segment_compute': 0.005589281994616613, 'cloud_exit_head_compute': 0.00037740101106464863, 'cloud_exit_check': 0.00020185898756608367, 'total_latency': 1.8961367229931056, 'unattributed_overhead': 0.003971308906329796, 'request_id': 'b0892fa98887493aa33f4facd08759eb', 'user_id': 0, 'prediction': 1, 'exit_id': 'final', 'exit_boundary_id': 19, 'exit_location': 'cloud', 'confidence': 0.9999994039535522, 'executed_segments_by_node': {'device': [0, 1, 2, 3, 4, 5], 'edge': [6, 7, 8, 9, 10, 11], 'cloud': [12, 13, 14, 15, 16, 17, 18]}, 'nodes': [{'node': 'device', 'executed_segments': [0, 1, 2, 3, 4, 5], 'queue_s': 0.0, 'segment_compute_s': 0.13182030600728467, 'exit_head_compute_s': 0.0010317099950043485, 'exit_check_s': 7.746199844405055e-05, 'worker_elapsed_s': 0.13315042000613175}, {'node': 'edge', 'executed_segments': [6, 7, 8, 9, 10, 11], 'queue_s': 0.0012464000028558075, 'segment_compute_s': 0.07879200007300824, 'exit_head_compute_s': 0.00027160003082826734, 'exit_check_s': 4.0300015825778246e-05, 'worker_elapsed_s': 0.07926389999920502}, {'node': 'cloud', 'executed_segments': [12, 13, 14, 15, 16, 17, 18], 'queue_s': 0.0027835929940920323, 'segment_compute_s': 0.005589281994616613, 'exit_head_compute_s': 0.00037740101106464863, 'exit_check_s': 0.00020185898756608367, 'worker_elapsed_s': 0.006861897010821849}], 'sample_id': 'balanced_001_0506_00005024', 'label': 1, 'correct': True, 'observed_utility': -8.480683614965528}",balanced_001_0506_00005024,39,5024,0.8152768611907959,8564470938850737220,1.8961367229931056,0.003971308906329796,0
0.0,0.007002597005339339,0.007002597005339339,0.11627141700591892,0.08365320001030341,0.007002597005339339,0.40069943491835147,0.11627141700591892,1.4959954349906184,0.9971098520618398,0.08365320001030341,1.0085601000464521,0.01145024798461236,0.08673590002581477,0.002648567984579131,1.6123035740019986,0.0070716949994675815,1784780410.1926277,1784780409.1285632,1784780409.3785632,0.00021137198200449347,0.00039270895649679005,0.002648567984579131,0.005787072004750371,0.9999756813049316,0.40069943491835147,smoke-resnet50-cifar10-pi5-20260723-121831:v3,3,0.11627141700591892,unknown,0.9971098520618398,4.349998198449612e-05,0.00030620000325143337,0.0016267999890260398,0.08314209996024147,"{'device': [0, 1, 2, 3, 4, 5], 'edge': [6, 7, 8, 9, 10, 11], 'cloud': [12, 13, 14, 15, 16, 17, 18]}",19,final,cloud,True,4,1.0,5.0,1.0,1.6123035740019986,-7.061517870009993,4,903e7742bec04762b69fc1a638e0ce0b,40,"{'device_compute': 0.11627141700591892, 'd2e_transport': 0.40069943491835147, 'edge_queue': 0.0016267999890260398, 'edge_segment_compute': 0.08314209996024147, 'edge_exit_head_compute': 0.00030620000325143337, 'edge_exit_check': 4.349998198449612e-05, 'e2c_transport': 0.9971098520618398, 'cloud_queue': 0.002648567984579131, 'cloud_segment_compute': 0.005787072004750371, 'cloud_exit_head_compute': 0.00039270895649679005, 'cloud_exit_check': 0.00021137198200449347, 'total_latency': 1.6123035740019986, 'unattributed_overhead': 0.004064549153554253, 'request_id': '903e7742bec04762b69fc1a638e0ce0b', 'user_id': 0, 'prediction': 4, 'exit_id': 'final', 'exit_boundary_id': 19, 'exit_location': 'cloud', 'confidence': 0.9999756813049316, 'executed_segments_by_node': {'device': [0, 1, 2, 3, 4, 5], 'edge': [6, 7, 8, 9, 10, 11], 'cloud': [12, 13, 14, 15, 16, 17, 18]}, 'nodes': [{'node': 'device', 'executed_segments': [0, 1, 2, 3, 4, 5], 'queue_s': 0.0, 'segment_compute_s': 0.1148913770011859, 'exit_head_compute_s': 0.001124226997490041, 'exit_check_s': 6.105500506237149e-05, 'worker_elapsed_s': 0.11627141700591892}, {'node': 'edge', 'executed_segments': [6, 7, 8, 9, 10, 11], 'queue_s': 0.0016267999890260398, 'segment_compute_s': 0.08314209996024147, 'exit_head_compute_s': 0.00030620000325143337, 'exit_check_s': 4.349998198449612e-05, 'worker_elapsed_s': 0.08366669999668375}, {'node': 'cloud', 'executed_segments': [12, 13, 14, 15, 16, 17, 18], 'queue_s': 0.002648567984579131, 'segment_compute_s': 0.005787072004750371, 'exit_head_compute_s': 0.00039270895649679005, 'exit_check_s': 0.00021137198200449347, 'worker_elapsed_s': 0.0070716949994675815}], 'sample_id': 'balanced_004_0422_00004184', 'label': 4, 'correct': True, 'observed_utility': -7.061517870009993}",balanced_004_0422_00004184,40,4184,0.8140645027160645,8564470938850737220,1.6123035740019986,0.004064549153554253,0
0.0,0.007054907007841393,0.007054907007841393,0.10242763700080104,0.08244800003012642,0.007054907007841393,0.4305064190120902,0.10242763700080104,1.6309845189971384,1.1036007209913805,0.08244800003012642,1.115076299989596,0.011475578998215497,0.08540179999545217,0.00255692598875612,1.7334476919932058,0.007129039004212245,1784780411.9073012,1784780410.8398988,1784780411.0898988,0.00020931099425069988,0.00038920898805372417,0.00255692598875612,0.00584484898718074,0.9999979734420776,0.4305064190120902,smoke-resnet50-cifar10-pi5-20260723-121831:v3,3,0.10242763700080104,unknown,1.1036007209913805,4.169996827840805e-05,0.0002815999905578792,0.0013696000096388161,0.08195390005130321,"{'device': [0, 1, 2, 3, 4, 5], 'edge': [6, 7, 8, 9, 10, 11], 'cloud': [12, 13, 14, 15, 16, 17, 18]}",19,final,cloud,True,2,1.0,5.0,1.0,1.7334476919932058,-7.667238459966029,2,035fa776f3a1495880234727e5ce2748,41,"{'device_compute': 0.10242763700080104, 'd2e_transport': 0.4305064190120902, 'edge_queue': 0.0013696000096388161, 'edge_segment_compute': 0.08195390005130321, 'edge_exit_head_compute': 0.0002815999905578792, 'edge_exit_check': 4.169996827840805e-05, 'e2c_transport': 1.1036007209913805, 'cloud_queue': 0.00255692598875612, 'cloud_segment_compute': 0.00584484898718074, 'cloud_exit_head_compute': 0.00038920898805372417, 'cloud_exit_check': 0.00020931099425069988, 'total_latency': 1.7334476919932058, 'unattributed_overhead': 0.004265820010914467, 'request_id': '035fa776f3a1495880234727e5ce2748', 'user_id': 0, 'prediction': 2, 'exit_id': 'final', 'exit_boundary_id': 19, 'exit_location': 'cloud', 'confidence': 0.9999979734420776, 'executed_segments_by_node': {'device': [0, 1, 2, 3, 4, 5], 'edge': [6, 7, 8, 9, 10, 11], 'cloud': [12, 13, 14, 15, 16, 17, 18]}, 'nodes': [{'node': 'device', 'executed_segments': [0, 1, 2, 3, 4, 5], 'queue_s': 0.0, 'segment_compute_s': 0.1012375769787468, 'exit_head_compute_s': 0.0009444339957553893, 'exit_check_s': 6.153700815048069e-05, 'worker_elapsed_s': 0.10242763700080104}, {'node': 'edge', 'executed_segments': [6, 7, 8, 9, 10, 11], 'queue_s': 0.0013696000096388161, 'segment_compute_s': 0.08195390005130321, 'exit_head_compute_s': 0.0002815999905578792, 'exit_check_s': 4.169996827840805e-05, 'worker_elapsed_s': 0.08246020000660792}, {'node': 'cloud', 'executed_segments': [12, 13, 14, 15, 16, 17, 18], 'queue_s': 0.00255692598875612, 'segment_compute_s': 0.00584484898718074, 'exit_head_compute_s': 0.00038920898805372417, 'exit_check_s': 0.00020931099425069988, 'worker_elapsed_s': 0.007129039004212245}], 'sample_id': 'balanced_002_0498_00004801', 'label': 2, 'correct': True, 'observed_utility': -7.667238459966029}",balanced_002_0498_00004801,41,4801,0.8174023628234863,8564470938850737220,1.7334476919932058,0.004265820010914467,0
0.0,0.00695822699344717,0.00695822699344717,0.12436841300223023,0.057278199994470924,0.00695822699344717,0.4539317079616012,0.12436841300223023,1.5757950080005685,1.0505084919859655,0.057278199994470924,1.062016899988521,0.01150840800255537,0.05984640005044639,0.002672587987035513,1.7002044940018095,0.007037147996015847,1784780413.675595,1784780412.6109276,1784780412.8609276,0.00021055800607427955,0.0003926839854102582,0.002672587987035513,0.005739182030083612,0.9999804496765137,0.4539317079616012,smoke-resnet50-cifar10-pi5-20260723-121831:v3,3,0.12436841300223023,unknown,1.0505084919859655,4.1700026486068964e-05,0.0002759000053629279,0.0013179000234231353,0.05683310003951192,"{'device': [0, 1, 2, 3, 4, 5], 'edge': [6, 7, 8, 9, 10, 11], 'cloud': [12, 13, 14, 15, 16, 17, 18]}",19,final,cloud,True,9,1.0,5.0,1.0,1.7002044940018095,-7.5010224700090475,9,4651da9ab1bb4ed0aec80cf1d6c88fdb,42,"{'device_compute': 0.12436841300223023, 'd2e_transport': 0.4539317079616012, 'edge_queue': 0.0013179000234231353, 'edge_segment_compute': 0.05683310003951192, 'edge_exit_head_compute': 0.0002759000053629279, 'edge_exit_check': 4.1700026486068964e-05, 'e2c_transport': 1.0505084919859655, 'cloud_queue': 0.002672587987035513, 'cloud_segment_compute': 0.005739182030083612, 'cloud_exit_head_compute': 0.0003926839854102582, 'cloud_exit_check': 0.00021055800607427955, 'total_latency': 1.7002044940018095, 'unattributed_overhead': 0.003912268948624842, 'request_id': '4651da9ab1bb4ed0aec80cf1d6c88fdb', 'user_id': 0, 'prediction': 9, 'exit_id': 'final', 'exit_boundary_id': 19, 'exit_location': 'cloud', 'confidence': 0.9999804496765137, 'executed_segments_by_node': {'device': [0, 1, 2, 3, 4, 5], 'edge': [6, 7, 8, 9, 10, 11], 'cloud': [12, 13, 14, 15, 16, 17, 18]}, 'nodes': [{'node': 'device', 'executed_segments': [0, 1, 2, 3, 4, 5], 'queue_s': 0.0, 'segment_compute_s': 0.12271167400467675, 'exit_head_compute_s': 0.001368280005408451, 'exit_check_s': 6.897999264765531e-05, 'worker_elapsed_s': 0.12436841300223023}, {'node': 'edge', 'executed_segments': [6, 7, 8, 9, 10, 11], 'queue_s': 0.0013179000234231353, 'segment_compute_s': 0.05683310003951192, 'exit_head_compute_s': 0.0002759000053629279, 'exit_check_s': 4.1700026486068964e-05, 'worker_elapsed_s': 0.057289699965622276}, {'node': 'cloud', 'executed_segments': [12, 13, 14, 15, 16, 17, 18], 'queue_s': 0.002672587987035513, 'segment_compute_s': 0.005739182030083612, 'exit_head_compute_s': 0.0003926839854102582, 'exit_check_s': 0.00021055800607427955, 'worker_elapsed_s': 0.007037147996015847}], 'sample_id': 'balanced_009_0988_00009845', 'label': 9, 'correct': True, 'observed_utility': -7.5010224700090475}",balanced_009_0988_00009845,42,9845,0.8146674633026123,8564470938850737220,1.7002044940018095,0.003912268948624842,0
0.0,0.007025885977782309,0.007025885977782309,0.11790769299841486,0.0821005999459885,0.007025885977782309,0.31230464098916855,0.11790769299841486,1.2682598410028731,0.8597713189956266,0.0821005999459885,0.8711915999883786,0.011420280992751941,0.08476360002532601,0.002567308023571968,1.3862037010112545,0.00710040598642081,1784780415.4226017,1784780414.3570943,1784780414.6070943,0.000210441998206079,0.0003857589908875525,0.002567308023571968,0.005820778955239803,0.9988262057304382,0.31230464098916855,smoke-resnet50-cifar10-pi5-20260723-121831:v3,3,0.11790769299841486,unknown,0.8597713189956266,4.210002953186631e-05,0.0002961999853141606,0.0012400000123307109,0.08160560001851991,"{'device': [0, 1, 2, 3, 4, 5], 'edge': [6, 7, 8, 9, 10, 11], 'cloud': [12, 13, 14, 15, 16, 17, 18]}",19,final,cloud,True,3,1.0,5.0,1.0,1.3862037010112545,-5.931018505056272,3,7933f2f463ee4d9ab53fc48a48be6c98,43,"{'device_compute': 0.11790769299841486, 'd2e_transport': 0.31230464098916855, 'edge_queue': 0.0012400000123307109, 'edge_segment_compute': 0.08160560001851991, 'edge_exit_head_compute': 0.0002961999853141606, 'edge_exit_check': 4.210002953186631e-05, 'e2c_transport': 0.8597713189956266, 'cloud_queue': 0.002567308023571968, 'cloud_segment_compute': 0.005820778955239803, 'cloud_exit_head_compute': 0.0003857589908875525, 'cloud_exit_check': 0.000210441998206079, 'total_latency': 1.3862037010112545, 'unattributed_overhead': 0.0040518600144423544, 'request_id': '7933f2f463ee4d9ab53fc48a48be6c98', 'user_id': 0, 'prediction': 3, 'exit_id': 'final', 'exit_boundary_id': 19, 'exit_location': 'cloud', 'confidence': 0.9988262057304382, 'executed_segments_by_node': {'device': [0, 1, 2, 3, 4, 5], 'edge': [6, 7, 8, 9, 10, 11], 'cloud': [12, 13, 14, 15, 16, 17, 18]}, 'nodes': [{'node': 'device', 'executed_segments': [0, 1, 2, 3, 4, 5], 'queue_s': 0.0, 'segment_compute_s': 0.1154786300030537, 'exit_head_compute_s': 0.0021828449971508235, 'exit_check_s': 6.235099863260984e-05, 'worker_elapsed_s': 0.11790769299841486}, {'node': 'edge', 'executed_segments': [6, 7, 8, 9, 10, 11], 'queue_s': 0.0012400000123307109, 'segment_compute_s': 0.08160560001851991, 'exit_head_compute_s': 0.0002961999853141606, 'exit_check_s': 4.210002953186631e-05, 'worker_elapsed_s': 0.08211289998143911}, {'node': 'cloud', 'executed_segments': [12, 13, 14, 15, 16, 17, 18], 'queue_s': 0.002567308023571968, 'segment_compute_s': 0.005820778955239803, 'exit_head_compute_s': 0.0003857589908875525, 'exit_check_s': 0.000210441998206079, 'worker_elapsed_s': 0.00710040598642081}], 'sample_id': 'balanced_003_0392_00004050', 'label': 3, 'correct': True, 'observed_utility': -5.931018505056272}",balanced_003_0392_00004050,43,4050,0.8155074119567871,8564470938850737220,1.3862037010112545,0.0040518600144423544,0
0.0,0.0070262830122374,0.0070262830122374,0.11412760899111163,0.08397410000907257,0.0070262830122374,0.3878026649908861,0.11412760899111163,1.8035470649920171,1.3170461099944077,0.08397410000907257,1.3287909000064246,0.011744790012016892,0.08695349999470636,0.0027732969901990145,1.9177107290015556,0.007117359986295924,1784780416.8460162,1784780415.781262,1784780416.031262,0.00021533298422582448,0.00042883597780019045,0.0027732969901990145,0.005734521022532135,0.9999746084213257,0.3878026649908861,smoke-resnet50-cifar10-pi5-20260723-121831:v3,3,0.11412760899111163,unknown,1.3170461099944077,4.5900000259280205e-05,0.00032600003760308027,0.00155409995932132,0.08343060000333935,"{'device': [0, 1, 2, 3, 4, 5], 'edge': [6, 7, 8, 9, 10, 11], 'cloud': [12, 13, 14, 15, 16, 17, 18]}",19,final,cloud,True,9,1.0,5.0,1.0,1.9177107290015556,-8.588553645007778,9,d658b5acb12b4e8c909cad16135e58b8,44,"{'device_compute': 0.11412760899111163, 'd2e_transport': 0.3878026649908861, 'edge_queue': 0.00155409995932132, 'edge_segment_compute': 0.08343060000333935, 'edge_exit_head_compute': 0.00032600003760308027, 'edge_exit_check': 4.5900000259280205e-05, 'e2c_transport': 1.3170461099944077, 'cloud_queue': 0.0027732969901990145, 'cloud_segment_compute': 0.005734521022532135, 'cloud_exit_head_compute': 0.00042883597780019045, 'cloud_exit_check': 0.00021533298422582448, 'total_latency': 1.9177107290015556, 'unattributed_overhead': 0.00422575804986991, 'request_id': 'd658b5acb12b4e8c909cad16135e58b8', 'user_id': 0, 'prediction': 9, 'exit_id': 'final', 'exit_boundary_id': 19, 'exit_location': 'cloud', 'confidence': 0.9999746084213257, 'executed_segments_by_node': {'device': [0, 1, 2, 3, 4, 5], 'edge': [6, 7, 8, 9, 10, 11], 'cloud': [12, 13, 14, 15, 16, 17, 18]}, 'nodes': [{'node': 'device', 'executed_segments': [0, 1, 2, 3, 4, 5], 'queue_s': 0.0, 'segment_compute_s': 0.11291354901914019, 'exit_head_compute_s': 0.0009648039995227009, 'exit_check_s': 6.200000643730164e-05, 'worker_elapsed_s': 0.11412760899111163}, {'node': 'edge', 'executed_segments': [6, 7, 8, 9, 10, 11], 'queue_s': 0.00155409995932132, 'segment_compute_s': 0.08343060000333935, 'exit_head_compute_s': 0.00032600003760308027, 'exit_check_s': 4.5900000259280205e-05, 'worker_elapsed_s': 0.08398650004528463}, {'node': 'cloud', 'executed_segments': [12, 13, 14, 15, 16, 17, 18], 'queue_s': 0.0027732969901990145, 'segment_compute_s': 0.005734521022532135, 'exit_head_compute_s': 0.00042883597780019045, 'exit_check_s': 0.00021533298422582448, 'worker_elapsed_s': 0.007117359986295924}], 'sample_id': 'balanced_009_0701_00007076', 'label': 9, 'correct': True, 'observed_utility': -8.588553645007778}",balanced_009_0701_00007076,44,7076,0.8147542476654053,8564470938850737220,1.9177107290015556,0.00422575804986991,0
0.0,0.006980662990827113,0.006980662990827113,0.19057540599897038,0.0815940999891609,0.006980662990827113,0.5021723109821323,0.19057540599897038,1.7169256109918933,1.118535660993075,0.0815940999891609,1.1302802999853157,0.011744638992240652,0.08447300002444535,0.0028990579885430634,1.9075428869982716,0.007061237993184477,1784780418.8066056,1784780417.7378578,1784780417.9878578,0.00020681499154306948,0.00038875298923812807,0.0028990579885430634,0.005776502046501264,0.999893069267273,0.5021723109821323,smoke-resnet50-cifar10-pi5-20260723-121831:v3,3,0.19057540599897038,unknown,1.118535660993075,4.280003486201167e-05,0.0003457000129856169,0.0014586999895982444,0.08104770007776096,"{'device': [0, 1, 2, 3, 4, 5], 'edge': [6, 7, 8, 9, 10, 11], 'cloud': [12, 13, 14, 15, 16, 17, 18]}",19,final,cloud,True,3,1.0,5.0,1.0,1.9075428869982716,-8.537714434991358,3,7ad5071e8abd4112b943bc99c3e80045,45,"{'device_compute': 0.19057540599897038, 'd2e_transport': 0.5021723109821323, 'edge_queue': 0.0014586999895982444, 'edge_segment_compute': 0.08104770007776096, 'edge_exit_head_compute': 0.0003457000129856169, 'edge_exit_check': 4.280003486201167e-05, 'e2c_transport': 1.118535660993075, 'cloud_queue': 0.0028990579885430634, 'cloud_segment_compute': 0.005776502046501264, 'cloud_exit_head_compute': 0.00038875298923812807, 'cloud_exit_check': 0.00020681499154306948, 'total_latency': 1.9075428869982716, 'unattributed_overhead': 0.004093480893061496, 'request_id': '7ad5071e8abd4112b943bc99c3e80045', 'user_id': 0, 'prediction': 3, 'exit_id': 'final', 'exit_boundary_id': 19, 'exit_location': 'cloud', 'confidence': 0.999893069267273, 'executed_segments_by_node': {'device': [0, 1, 2, 3, 4, 5], 'edge': [6, 7, 8, 9, 10, 11], 'cloud': [12, 13, 14, 15, 16, 17, 18]}, 'nodes': [{'node': 'device', 'executed_segments': [0, 1, 2, 3, 4, 5], 'queue_s': 0.0, 'segment_compute_s': 0.18754431200795807, 'exit_head_compute_s': 0.002688024003873579, 'exit_check_s': 9.29060042835772e-05, 'worker_elapsed_s': 0.19057540599897038}, {'node': 'edge', 'executed_segments': [6, 7, 8, 9, 10, 11], 'queue_s': 0.0014586999895982444, 'segment_compute_s': 0.08104770007776096, 'exit_head_compute_s': 0.0003457000129856169, 'exit_check_s': 4.280003486201167e-05, 'worker_elapsed_s': 0.08160630002385005}, {'node': 'cloud', 'executed_segments': [12, 13, 14, 15, 16, 17, 18], 'queue_s': 0.0028990579885430634, 'segment_compute_s': 0.005776502046501264, 'exit_head_compute_s': 0.00038875298923812807, 'exit_check_s': 0.00020681499154306948, 'worker_elapsed_s': 0.007061237993184477}], 'sample_id': 'balanced_003_0522_00005268', 'label': 3, 'correct': True, 'observed_utility': -8.537714434991358}",balanced_003_0522_00005268,45,5268,0.8187477588653564,8564470938850737220,1.9075428869982716,0.004093480893061496,0
0.0,0.007148375996621326,0.007148375996621326,0.11648111800604966,0.07796639995649457,0.007148375996621326,0.4071698330080835,0.11648111800604966,1.4613670329999877,0.9614389609487262,0.07796639995649457,0.973187199968379,0.011748239019652829,0.08101000002352521,0.002631239010952413,1.5778853170049842,0.007223710999824107,1784780420.7571025,1784780419.690925,1784780419.940925,0.00021591599215753376,0.0003893040120601654,0.002631239010952413,0.005856930045410991,0.9998859167098999,0.4071698330080835,smoke-resnet50-cifar10-pi5-20260723-121831:v3,3,0.11648111800604966,unknown,0.9614389609487262,4.0300015825778246e-05,0.0002840000088326633,0.0015478000277653337,0.07749689999036491,"{'device': [0, 1, 2, 3, 4, 5], 'edge': [6, 7, 8, 9, 10, 11], 'cloud': [12, 13, 14, 15, 16, 17, 18]}",19,final,cloud,True,3,1.0,5.0,1.0,1.5778853170049842,-6.889426585024921,3,d51fa4f43ca04cc490f54b95689aef4a,46,"{'device_compute': 0.11648111800604966, 'd2e_transport': 0.4071698330080835, 'edge_queue': 0.0015478000277653337, 'edge_segment_compute': 0.07749689999036491, 'edge_exit_head_compute': 0.0002840000088326633, 'edge_exit_check': 4.0300015825778246e-05, 'e2c_transport': 0.9614389609487262, 'cloud_queue': 0.002631239010952413, 'cloud_segment_compute': 0.005856930045410991, 'cloud_exit_head_compute': 0.0003893040120601654, 'cloud_exit_check': 0.00021591599215753376, 'total_latency': 1.5778853170049842, 'unattributed_overhead': 0.004333015938755125, 'request_id': 'd51fa4f43ca04cc490f54b95689aef4a', 'user_id': 0, 'prediction': 3, 'exit_id': 'final', 'exit_boundary_id': 19, 'exit_location': 'cloud', 'confidence': 0.9998859167098999, 'executed_segments_by_node': {'device': [0, 1, 2, 3, 4, 5], 'edge': [6, 7, 8, 9, 10, 11], 'cloud': [12, 13, 14, 15, 16, 17, 18]}, 'nodes': [{'node': 'device', 'executed_segments': [0, 1, 2, 3, 4, 5], 'queue_s': 0.0, 'segment_compute_s': 0.11524892902525607, 'exit_head_compute_s': 0.000974711001617834, 'exit_check_s': 6.094398850109428e-05, 'worker_elapsed_s': 0.11648111800604966}, {'node': 'edge', 'executed_segments': [6, 7, 8, 9, 10, 11], 'queue_s': 0.0015478000277653337, 'segment_compute_s': 0.07749689999036491, 'exit_head_compute_s': 0.0002840000088326633, 'exit_check_s': 4.0300015825778246e-05, 'worker_elapsed_s': 0.07797829998889938}, {'node': 'cloud', 'executed_segments': [12, 13, 14, 15, 16, 17, 18], 'queue_s': 0.002631239010952413, 'segment_compute_s': 0.005856930045410991, 'exit_head_compute_s': 0.0003893040120601654, 'exit_check_s': 0.00021591599215753376, 'worker_elapsed_s': 0.007223710999824107}], 'sample_id': 'balanced_003_0052_00000573', 'label': 3, 'correct': True, 'observed_utility': -6.889426585024921}",balanced_003_0052_00000573,46,573,0.8161776065826416,8564470938850737220,1.5778853170049842,0.004333015938755125,0
0.0,0.0069754729920532554,0.0069754729920532554,0.11549981500138529,0.07951890002004802,0.0069754729920532554,0.4560758969892049,0.11549981500138529,1.441943097001058,0.8920939850213472,0.07951890002004802,0.9037312000291422,0.011637215007795021,0.08213599998271093,0.0027554649859666824,1.5574791899998672,0.007049642008496448,1784780422.3707676,1784780421.3060808,1784780421.5560808,0.00020427399431355298,0.00041801700717769563,0.0027554649859666824,0.0057197739952243865,0.9998905658721924,0.4560758969892049,smoke-resnet50-cifar10-pi5-20260723-121831:v3,3,0.11549981500138529,unknown,0.8920939850213472,4.010001430287957e-05,0.0002817999920807779,0.0012096999562345445,0.07905370002845302,"{'device': [0, 1, 2, 3, 4, 5], 'edge': [6, 7, 8, 9, 10, 11], 'cloud': [12, 13, 14, 15, 16, 17, 18]}",19,final,cloud,True,1,1.0,5.0,1.0,1.5574791899998672,-6.787395949999336,1,171d7d91ecf1418791ec837fcccfbfac,47,"{'device_compute': 0.11549981500138529, 'd2e_transport': 0.4560758969892049, 'edge_queue': 0.0012096999562345445, 'edge_segment_compute': 0.07905370002845302, 'edge_exit_head_compute': 0.0002817999920807779, 'edge_exit_check': 4.010001430287957e-05, 'e2c_transport': 0.8920939850213472, 'cloud_queue': 0.0027554649859666824, 'cloud_segment_compute': 0.0057197739952243865, 'cloud_exit_head_compute': 0.00041801700717769563, 'cloud_exit_check': 0.00020427399431355298, 'total_latency': 1.5574791899998672, 'unattributed_overhead': 0.004126663014176302, 'request_id': '171d7d91ecf1418791ec837fcccfbfac', 'user_id': 0, 'prediction': 1, 'exit_id': 'final', 'exit_boundary_id': 19, 'exit_location': 'cloud', 'confidence': 0.9998905658721924, 'executed_segments_by_node': {'device': [0, 1, 2, 3, 4, 5], 'edge': [6, 7, 8, 9, 10, 11], 'cloud': [12, 13, 14, 15, 16, 17, 18]}, 'nodes': [{'node': 'device', 'executed_segments': [0, 1, 2, 3, 4, 5], 'queue_s': 0.0, 'segment_compute_s': 0.11429571897315327, 'exit_head_compute_s': 0.0009545809880364686, 'exit_check_s': 6.44999963697046e-05, 'worker_elapsed_s': 0.11549981500138529}, {'node': 'edge', 'executed_segments': [6, 7, 8, 9, 10, 11], 'queue_s': 0.0012096999562345445, 'segment_compute_s': 0.07905370002845302, 'exit_head_compute_s': 0.0002817999920807779, 'exit_check_s': 4.010001430287957e-05, 'worker_elapsed_s': 0.07953139999881387}, {'node': 'cloud', 'executed_segments': [12, 13, 14, 15, 16, 17, 18], 'queue_s': 0.0027554649859666824, 'segment_compute_s': 0.0057197739952243865, 'exit_head_compute_s': 0.00041801700717769563, 'exit_check_s': 0.00020427399431355298, 'worker_elapsed_s': 0.007049642008496448}], 'sample_id': 'balanced_001_0556_00005472', 'label': 1, 'correct': True, 'observed_utility': -6.787395949999336}",balanced_001_0556_00005472,47,5472,0.8146867752075195,8564470938850737220,1.5574791899998672,0.004126663014176302,0
0.0,0.0069036229979246855,0.0069036229979246855,0.12363373699190561,0.0794406000059098,0.0069036229979246855,0.2923875220003538,0.12363373699190561,1.3736782220075838,0.9878463800414465,0.0794406000059098,0.9990349000436254,0.011188520002178848,0.08225579996360466,0.002509226993424818,1.4973483109934023,0.0069728969829156995,1784780424.0128245,1784780422.9498916,1784780423.1998916,0.00020497801597230136,0.00037872098619118333,0.002509226993424818,0.005721507972339168,0.999945878982544,0.2923875220003538,smoke-resnet50-cifar10-pi5-20260723-121831:v3,3,0.12363373699190561,unknown,0.9878463800414465,4.140002420172095e-05,0.00027249997947365046,0.0013860000181011856,0.07897610001964495,"{'device': [0, 1, 2, 3, 4, 5], 'edge': [6, 7, 8, 9, 10, 11], 'cloud': [12, 13, 14, 15, 16, 17, 18]}",19,final,cloud,True,5,1.0,5.0,1.0,1.4973483109934023,-6.486741554967011,5,6e0be37373a74c7ebde172c485290345,48,"{'device_compute': 0.12363373699190561, 'd2e_transport': 0.2923875220003538, 'edge_queue': 0.0013860000181011856, 'edge_segment_compute': 0.07897610001964495, 'edge_exit_head_compute': 0.00027249997947365046, 'edge_exit_check': 4.140002420172095e-05, 'e2c_transport': 0.9878463800414465, 'cloud_queue': 0.002509226993424818, 'cloud_segment_compute': 0.005721507972339168, 'cloud_exit_head_compute': 0.00037872098619118333, 'cloud_exit_check': 0.00020497801597230136, 'total_latency': 1.4973483109934023, 'unattributed_overhead': 0.003990237950347364, 'request_id': '6e0be37373a74c7ebde172c485290345', 'user_id': 0, 'prediction': 5, 'exit_id': 'final', 'exit_boundary_id': 19, 'exit_location': 'cloud', 'confidence': 0.999945878982544, 'executed_segments_by_node': {'device': [0, 1, 2, 3, 4, 5], 'edge': [6, 7, 8, 9, 10, 11], 'cloud': [12, 13, 14, 15, 16, 17, 18]}, 'nodes': [{'node': 'device', 'executed_segments': [0, 1, 2, 3, 4, 5], 'queue_s': 0.0, 'segment_compute_s': 0.1222650120180333, 'exit_head_compute_s': 0.0010602840047795326, 'exit_check_s': 7.729600474704057e-05, 'worker_elapsed_s': 0.12363373699190561}, {'node': 'edge', 'executed_segments': [6, 7, 8, 9, 10, 11], 'queue_s': 0.0013860000181011856, 'segment_compute_s': 0.07897610001964495, 'exit_head_compute_s': 0.00027249997947365046, 'exit_check_s': 4.140002420172095e-05, 'worker_elapsed_s': 0.07945269998162985}, {'node': 'cloud', 'executed_segments': [12, 13, 14, 15, 16, 17, 18], 'queue_s': 0.002509226993424818, 'segment_compute_s': 0.005721507972339168, 'exit_head_compute_s': 0.00037872098619118333, 'exit_check_s': 0.00020497801597230136, 'worker_elapsed_s': 0.0069728969829156995}], 'sample_id': 'balanced_005_0594_00005969', 'label': 5, 'correct': True, 'observed_utility': -6.486741554967011}",balanced_005_0594_00005969,48,5969,0.8129329681396484,8564470938850737220,1.4973483109934023,0.003990237950347364,0
0.0,0.00689920800505206,0.00689920800505206,0.11901386499812361,0.08164640003815293,0.00689920800505206,0.3230094039608957,0.11901386499812361,1.2833774039900163,0.8648064880399033,0.08164640003815293,0.8761734000290744,0.011366911989171058,0.0841946000000462,0.0026662989985197783,1.4024271399975987,0.0069738359889015555,1784780425.5404334,1784780424.4776797,1784780424.7276797,0.0002330940042156726,0.0003760310064535588,0.0026662989985197783,0.0056997439824044704,0.9999262094497681,0.3230094039608957,smoke-resnet50-cifar10-pi5-20260723-121831:v3,3,0.11901386499812361,unknown,0.8648064880399033,4.409998655319214e-05,0.0002818999928422272,0.0011478000087663531,0.08115779992658645,"{'device': [0, 1, 2, 3, 4, 5], 'edge': [6, 7, 8, 9, 10, 11], 'cloud': [12, 13, 14, 15, 16, 17, 18]}",19,final,cloud,True,0,1.0,5.0,1.0,1.4024271399975987,-6.012135699987994,0,e06a5b5547a84e638b8ec7ee1c25a302,49,"{'device_compute': 0.11901386499812361, 'd2e_transport': 0.3230094039608957, 'edge_queue': 0.0011478000087663531, 'edge_segment_compute': 0.08115779992658645, 'edge_exit_head_compute': 0.0002818999928422272, 'edge_exit_check': 4.409998655319214e-05, 'e2c_transport': 0.8648064880399033, 'cloud_queue': 0.0026662989985197783, 'cloud_segment_compute': 0.0056997439824044704, 'cloud_exit_head_compute': 0.0003760310064535588, 'cloud_exit_check': 0.0002330940042156726, 'total_latency': 1.4024271399975987, 'unattributed_overhead': 0.0039906150923343375, 'request_id': 'e06a5b5547a84e638b8ec7ee1c25a302', 'user_id': 0, 'prediction': 0, 'exit_id': 'final', 'exit_boundary_id': 19, 'exit_location': 'cloud', 'confidence': 0.9999262094497681, 'executed_segments_by_node': {'device': [0, 1, 2, 3, 4, 5], 'edge': [6, 7, 8, 9, 10, 11], 'cloud': [12, 13, 14, 15, 16, 17, 18]}, 'nodes': [{'node': 'device', 'executed_segments': [0, 1, 2, 3, 4, 5], 'queue_s': 0.0, 'segment_compute_s': 0.11743162701895926, 'exit_head_compute_s': 0.0013109659921610728, 'exit_check_s': 6.920300074853003e-05, 'worker_elapsed_s': 0.11901386499812361}, {'node': 'edge', 'executed_segments': [6, 7, 8, 9, 10, 11], 'queue_s': 0.0011478000087663531, 'segment_compute_s': 0.08115779992658645, 'exit_head_compute_s': 0.0002818999928422272, 'exit_check_s': 4.409998655319214e-05, 'worker_elapsed_s': 0.08165839995490387}, {'node': 'cloud', 'executed_segments': [12, 13, 14, 15, 16, 17, 18], 'queue_s': 0.0026662989985197783, 'segment_compute_s': 0.0056997439824044704, 'exit_head_compute_s': 0.0003760310064535588, 'exit_check_s': 0.0002330940042156726, 'worker_elapsed_s': 0.0069738359889015555}], 'sample_id': 'balanced_000_0339_00003426', 'label': 0, 'correct': True, 'observed_utility': -6.012135699987994}",balanced_000_0339_00003426,49,3426,0.8127536773681641,8564470938850737220,1.4024271399975987,0.0039906150923343375,0
0.0,0.007044916012091562,0.007044916012091562,0.11207317099615466,0.07953109999652952,0.007044916012091562,0.3270945530384779,0.11207317099615466,1.4032268529990688,0.9823698340042029,0.07953109999652952,0.9939969999832101,0.011627165979007259,0.08213529997738078,0.002689132990781218,1.5153463939932408,0.00711449101800099,1784780426.9805582,1784780425.9174345,1784780426.1674345,0.00020360699272714555,0.0003867570194415748,0.002689132990781218,0.005848701024660841,0.9910515546798706,0.3270945530384779,smoke-resnet50-cifar10-pi5-20260723-121831:v3,3,0.11207317099615466,unknown,0.9823698340042029,4.080001963302493e-05,0.00027409999165683985,0.0012317000073380768,0.0790312000317499,"{'device': [0, 1, 2, 3, 4, 5], 'edge': [6, 7, 8, 9, 10, 11], 'cloud': [12, 13, 14, 15, 16, 17, 18]}",19,final,cloud,True,8,1.0,5.0,1.0,1.5153463939932408,-6.576731969966204,8,26aa7017318d4e009ba0dcd6ded468c1,50,"{'device_compute': 0.11207317099615466, 'd2e_transport': 0.3270945530384779, 'edge_queue': 0.0012317000073380768, 'edge_segment_compute': 0.0790312000317499, 'edge_exit_head_compute': 0.00027409999165683985, 'edge_exit_check': 4.080001963302493e-05, 'e2c_transport': 0.9823698340042029, 'cloud_queue': 0.002689132990781218, 'cloud_segment_compute': 0.005848701024660841, 'cloud_exit_head_compute': 0.0003867570194415748, 'cloud_exit_check': 0.00020360699272714555, 'total_latency': 1.5153463939932408, 'unattributed_overhead': 0.004102837876416743, 'request_id': '26aa7017318d4e009ba0dcd6ded468c1', 'user_id': 0, 'prediction': 8, 'exit_id': 'final', 'exit_boundary_id': 19, 'exit_location': 'cloud', 'confidence': 0.9910515546798706, 'executed_segments_by_node': {'device': [0, 1, 2, 3, 4, 5], 'edge': [6, 7, 8, 9, 10, 11], 'cloud': [12, 13, 14, 15, 16, 17, 18]}, 'nodes': [{'node': 'device', 'executed_segments': [0, 1, 2, 3, 4, 5], 'queue_s': 0.0, 'segment_compute_s': 0.11084668498369865, 'exit_head_compute_s': 0.0009784330031834543, 'exit_check_s': 5.892499757464975e-05, 'worker_elapsed_s': 0.11207317099615466}, {'node': 'edge', 'executed_segments': [6, 7, 8, 9, 10, 11], 'queue_s': 0.0012317000073380768, 'segment_compute_s': 0.0790312000317499, 'exit_head_compute_s': 0.00027409999165683985, 'exit_check_s': 4.080001963302493e-05, 'worker_elapsed_s': 0.07954340003198013}, {'node': 'cloud', 'executed_segments': [12, 13, 14, 15, 16, 17, 18], 'queue_s': 0.002689132990781218, 'segment_compute_s': 0.005848701024660841, 'exit_head_compute_s': 0.0003867570194415748, 'exit_check_s': 0.00020360699272714555, 'worker_elapsed_s': 0.00711449101800099}], 'sample_id': 'balanced_008_0543_00005586', 'label': 8, 'correct': True, 'observed_utility': -6.576731969966204}",balanced_008_0543_00005586,50,5586,0.8131237030029297,8564470938850737220,1.5153463939932408,0.004102837876416743,0
0.0,0.007013486989308149,0.007013486989308149,0.10388004500418901,0.08064290002221242,0.007013486989308149,0.39239552000071853,0.10388004500418901,1.5921560199931264,1.1048066340154037,0.08064290002221242,1.1164425000315532,0.011635866016149521,0.08331799996085465,0.002801124006509781,1.696071917001973,0.007089766004355624,1784780428.6378217,1784780427.572559,1784780427.822559,0.0001994339982047677,0.0003697770298458636,0.002801124006509781,0.005839639023179188,0.999992847442627,0.39239552000071853,smoke-resnet50-cifar10-pi5-20260723-121831:v3,3,0.10388004500418901,unknown,1.1048066340154037,4.989997250959277e-05,0.0002949000336229801,0.0012388999457471073,0.08014450001064688,"{'device': [0, 1, 2, 3, 4, 5], 'edge': [6, 7, 8, 9, 10, 11], 'cloud': [12, 13, 14, 15, 16, 17, 18]}",19,final,cloud,True,6,1.0,5.0,1.0,1.696071917001973,-7.4803595850098645,6,448f4de4ff7f414c9a5dc994f71a0727,51,"{'device_compute': 0.10388004500418901, 'd2e_transport': 0.39239552000071853, 'edge_queue': 0.0012388999457471073, 'edge_segment_compute': 0.08014450001064688, 'edge_exit_head_compute': 0.0002949000336229801, 'edge_exit_check': 4.989997250959277e-05, 'e2c_transport': 1.1048066340154037, 'cloud_queue': 0.002801124006509781, 'cloud_segment_compute': 0.005839639023179188, 'cloud_exit_head_compute': 0.0003697770298458636, 'cloud_exit_check': 0.0001994339982047677, 'total_latency': 1.696071917001973, 'unattributed_overhead': 0.0040515439613955095, 'request_id': '448f4de4ff7f414c9a5dc994f71a0727', 'user_id': 0, 'prediction': 6, 'exit_id': 'final', 'exit_boundary_id': 19, 'exit_location': 'cloud', 'confidence': 0.999992847442627, 'executed_segments_by_node': {'device': [0, 1, 2, 3, 4, 5], 'edge': [6, 7, 8, 9, 10, 11], 'cloud': [12, 13, 14, 15, 16, 17, 18]}, 'nodes': [{'node': 'device', 'executed_segments': [0, 1, 2, 3, 4, 5], 'queue_s': 0.0, 'segment_compute_s': 0.1024448410171317, 'exit_head_compute_s': 0.0011821160005638376, 'exit_check_s': 6.140601180959493e-05, 'worker_elapsed_s': 0.10388004500418901}, {'node': 'edge', 'executed_segments': [6, 7, 8, 9, 10, 11], 'queue_s': 0.0012388999457471073, 'segment_compute_s': 0.08014450001064688, 'exit_head_compute_s': 0.0002949000336229801, 'exit_check_s': 4.989997250959277e-05, 'worker_elapsed_s': 0.08065500005614012}, {'node': 'cloud', 'executed_segments': [12, 13, 14, 15, 16, 17, 18], 'queue_s': 0.002801124006509781, 'segment_compute_s': 0.005839639023179188, 'exit_head_compute_s': 0.0003697770298458636, 'exit_check_s': 0.0001994339982047677, 'worker_elapsed_s': 0.007089766004355624}], 'sample_id': 'balanced_006_0938_00009359', 'label': 6, 'correct': True, 'observed_utility': -7.4803595850098645}",balanced_006_0938_00009359,51,9359,0.8152625560760498,8564470938850737220,1.696071917001973,0.0040515439613955095,0
0.0,0.006925791996764019,0.006925791996764019,0.1283106820046669,0.08266350004123524,0.006925791996764019,0.3907049550471129,0.1283106820046669,1.5804239550052444,1.0928819389955606,0.08266350004123524,1.1042440999881364,0.01136216099257581,0.08547489996999502,0.002569570002378896,1.7087711000058334,0.006996457988861948,1784780430.3702805,1784780429.3052416,1784780429.5552416,0.0001980600063689053,0.0003797750105150044,0.002569570002378896,0.005755026038968936,0.7114012241363525,0.3907049550471129,smoke-resnet50-cifar10-pi5-20260723-121831:v3,3,0.1283106820046669,unknown,1.0928819389955606,4.220003029331565e-05,0.00028739997651427984,0.0013894999865442514,0.08217780006816611,"{'device': [0, 1, 2, 3, 4, 5], 'edge': [6, 7, 8, 9, 10, 11], 'cloud': [12, 13, 14, 15, 16, 17, 18]}",19,final,cloud,False,1,1.0,5.0,0.0,1.7087711000058334,-8.543855500029167,9,5d3b78d089a041e4abddcae74de145ca,52,"{'device_compute': 0.1283106820046669, 'd2e_transport': 0.3907049550471129, 'edge_queue': 0.0013894999865442514, 'edge_segment_compute': 0.08217780006816611, 'edge_exit_head_compute': 0.00028739997651427984, 'edge_exit_check': 4.220003029331565e-05, 'e2c_transport': 1.0928819389955606, 'cloud_queue': 0.002569570002378896, 'cloud_segment_compute': 0.005755026038968936, 'cloud_exit_head_compute': 0.0003797750105150044, 'cloud_exit_check': 0.0001980600063689053, 'total_latency': 1.7087711000058334, 'unattributed_overhead': 0.004074192838743329, 'request_id': '5d3b78d089a041e4abddcae74de145ca', 'user_id': 0, 'prediction': 9, 'exit_id': 'final', 'exit_boundary_id': 19, 'exit_location': 'cloud', 'confidence': 0.7114012241363525, 'executed_segments_by_node': {'device': [0, 1, 2, 3, 4, 5], 'edge': [6, 7, 8, 9, 10, 11], 'cloud': [12, 13, 14, 15, 16, 17, 18]}, 'nodes': [{'node': 'device', 'executed_segments': [0, 1, 2, 3, 4, 5], 'queue_s': 0.0, 'segment_compute_s': 0.12707775300077628, 'exit_head_compute_s': 0.000961673998972401, 'exit_check_s': 6.309199670795351e-05, 'worker_elapsed_s': 0.1283106820046669}, {'node': 'edge', 'executed_segments': [6, 7, 8, 9, 10, 11], 'queue_s': 0.0013894999865442514, 'segment_compute_s': 0.08217780006816611, 'exit_head_compute_s': 0.00028739997651427984, 'exit_check_s': 4.220003029331565e-05, 'worker_elapsed_s': 0.08267589996103197}, {'node': 'cloud', 'executed_segments': [12, 13, 14, 15, 16, 17, 18], 'queue_s': 0.002569570002378896, 'segment_compute_s': 0.005755026038968936, 'exit_head_compute_s': 0.0003797750105150044, 'exit_check_s': 0.0001980600063689053, 'worker_elapsed_s': 0.006996457988861948}], 'sample_id': 'balanced_001_0948_00009535', 'label': 1, 'correct': False, 'observed_utility': -8.543855500029167}",balanced_001_0948_00009535,52,9535,0.8150389194488525,8564470938850737220,1.7087711000058334,0.004074192838743329,0
0.0,0.007020790013484657,0.007020790013484657,0.10555602500971872,0.0806379999849014,0.007020790013484657,0.3949282920220867,0.10555602500971872,1.3844748919946142,0.8945762049988844,0.0806379999849014,0.9062206000089645,0.011644395010080189,0.08332599996356294,0.0027496129914652556,1.490067213002476,0.007096382003510371,1784780432.1237638,1784780431.0613031,1784780431.3113031,0.00021123600890859962,0.00038302698521874845,0.0027496129914652556,0.005819977057399228,0.9999933242797852,0.3949282920220867,smoke-resnet50-cifar10-pi5-20260723-121831:v3,3,0.10555602500971872,unknown,0.8945762049988844,4.0700018871575594e-05,0.00027740001678466797,0.001286200014874339,0.08016800001496449,"{'device': [0, 1, 2, 3, 4, 5], 'edge': [6, 7, 8, 9, 10, 11], 'cloud': [12, 13, 14, 15, 16, 17, 18]}",19,final,cloud,True,4,1.0,5.0,1.0,1.490067213002476,-6.4503360650123795,4,3ae198121deb42acac542728aaca9260,53,"{'device_compute': 0.10555602500971872, 'd2e_transport': 0.3949282920220867, 'edge_queue': 0.001286200014874339, 'edge_segment_compute': 0.08016800001496449, 'edge_exit_head_compute': 0.00027740001678466797, 'edge_exit_check': 4.0700018871575594e-05, 'e2c_transport': 0.8945762049988844, 'cloud_queue': 0.0027496129914652556, 'cloud_segment_compute': 0.005819977057399228, 'cloud_exit_head_compute': 0.00038302698521874845, 'cloud_exit_check': 0.00021123600890859962, 'total_latency': 1.490067213002476, 'unattributed_overhead': 0.004070537863299251, 'request_id': '3ae198121deb42acac542728aaca9260', 'user_id': 0, 'prediction': 4, 'exit_id': 'final', 'exit_boundary_id': 19, 'exit_location': 'cloud', 'confidence': 0.9999933242797852, 'executed_segments_by_node': {'device': [0, 1, 2, 3, 4, 5], 'edge': [6, 7, 8, 9, 10, 11], 'cloud': [12, 13, 14, 15, 16, 17, 18]}, 'nodes': [{'node': 'device', 'executed_segments': [0, 1, 2, 3, 4, 5], 'queue_s': 0.0, 'segment_compute_s': 0.10363241800223477, 'exit_head_compute_s': 0.0016609610029263422, 'exit_check_s': 7.159200322348624e-05, 'worker_elapsed_s': 0.10555602500971872}, {'node': 'edge', 'executed_segments': [6, 7, 8, 9, 10, 11], 'queue_s': 0.001286200014874339, 'segment_compute_s': 0.08016800001496449, 'exit_head_compute_s': 0.00027740001678466797, 'exit_check_s': 4.0700018871575594e-05, 'worker_elapsed_s': 0.0806505000218749}, {'node': 'cloud', 'executed_segments': [12, 13, 14, 15, 16, 17, 18], 'queue_s': 0.0027496129914652556, 'segment_compute_s': 0.005819977057399228, 'exit_head_compute_s': 0.00038302698521874845, 'exit_check_s': 0.00021123600890859962, 'worker_elapsed_s': 0.007096382003510371}], 'sample_id': 'balanced_004_0284_00002851', 'label': 4, 'correct': True, 'observed_utility': -6.4503360650123795}",balanced_004_0284_00002851,53,2851,0.8124606609344482,8564470938850737220,1.490067213002476,0.004070537863299251,0
0.0,0.007016535993898287,0.007016535993898287,0.11356346799584571,0.08055070001864806,0.007016535993898287,0.41857224599516485,0.11356346799584571,1.423931145996903,0.910965953982668,0.08055070001864806,0.9223559999954887,0.011390046012820676,0.08300290000624955,0.002601599000627175,1.5375325770000927,0.007088459009537473,1784780433.7151837,1784780432.6542275,1784780432.9042275,0.0002122539735864848,0.00039527498302049935,0.002601599000627175,0.00580172598711215,0.9949455857276917,0.41857224599516485,smoke-resnet50-cifar10-pi5-20260723-121831:v3,3,0.11356346799584571,unknown,0.910965953982668,4.2700034100562334e-05,0.0002961999853141606,0.0011621000012382865,0.08005639998009428,"{'device': [0, 1, 2, 3, 4, 5], 'edge': [6, 7, 8, 9, 10, 11], 'cloud': [12, 13, 14, 15, 16, 17, 18]}",19,final,cloud,True,0,1.0,5.0,1.0,1.5375325770000927,-6.687662885000464,0,4a4166d8548946aa84f37484683c04a1,54,"{'device_compute': 0.11356346799584571, 'd2e_transport': 0.41857224599516485, 'edge_queue': 0.0011621000012382865, 'edge_segment_compute': 0.08005639998009428, 'edge_exit_head_compute': 0.0002961999853141606, 'edge_exit_check': 4.2700034100562334e-05, 'e2c_transport': 0.910965953982668, 'cloud_queue': 0.002601599000627175, 'cloud_segment_compute': 0.00580172598711215, 'cloud_exit_head_compute': 0.00039527498302049935, 'cloud_exit_check': 0.0002122539735864848, 'total_latency': 1.5375325770000927, 'unattributed_overhead': 0.003862655081320554, 'request_id': '4a4166d8548946aa84f37484683c04a1', 'user_id': 0, 'prediction': 0, 'exit_id': 'final', 'exit_boundary_id': 19, 'exit_location': 'cloud', 'confidence': 0.9949455857276917, 'executed_segments_by_node': {'device': [0, 1, 2, 3, 4, 5], 'edge': [6, 7, 8, 9, 10, 11], 'cloud': [12, 13, 14, 15, 16, 17, 18]}, 'nodes': [{'node': 'device', 'executed_segments': [0, 1, 2, 3, 4, 5], 'queue_s': 0.0, 'segment_compute_s': 0.11230642699229065, 'exit_head_compute_s': 0.0010084140085382387, 'exit_check_s': 6.301800021901727e-05, 'worker_elapsed_s': 0.11356346799584571}, {'node': 'edge', 'executed_segments': [6, 7, 8, 9, 10, 11], 'queue_s': 0.0011621000012382865, 'segment_compute_s': 0.08005639998009428, 'exit_head_compute_s': 0.0002961999853141606, 'exit_check_s': 4.2700034100562334e-05, 'worker_elapsed_s': 0.08056309999665245}, {'node': 'cloud', 'executed_segments': [12, 13, 14, 15, 16, 17, 18], 'queue_s': 0.002601599000627175, 'segment_compute_s': 0.00580172598711215, 'exit_head_compute_s': 0.00039527498302049935, 'exit_check_s': 0.0002122539735864848, 'worker_elapsed_s': 0.007088459009537473}], 'sample_id': 'balanced_000_0325_00003278', 'label': 0, 'correct': True, 'observed_utility': -6.687662885000464}",balanced_000_0325_00003278,54,3278,0.8109562397003174,8564470938850737220,1.5375325770000927,0.003862655081320554,0
0.0,0.007046523009194061,0.007046523009194061,0.11751016200287268,0.07867030001943931,0.007046523009194061,0.27648402500199154,0.11751016200287268,1.2493231249973178,0.8785289310035296,0.07867030001943931,0.8913985000108369,0.012869569007307291,0.08144059998448938,0.0037009470106568187,1.3668690460035577,0.007144834991777316,1784780435.3066363,1784780434.244438,1784780434.494438,0.00021172899869270623,0.00038966501597315073,0.0037009470106568187,0.005836357013322413,0.9997738003730774,0.27648402500199154,smoke-resnet50-cifar10-pi5-20260723-121831:v3,3,0.11751016200287268,unknown,0.8785289310035296,3.850000211969018e-05,0.0002688999520614743,0.0013009999529458582,0.07821659999899566,"{'device': [0, 1, 2, 3, 4, 5], 'edge': [6, 7, 8, 9, 10, 11], 'cloud': [12, 13, 14, 15, 16, 17, 18]}",19,final,cloud,True,8,1.0,5.0,1.0,1.3668690460035577,-5.834345230017789,8,3fd17aa21a8c47ccaaa987d9733463dc,55,"{'device_compute': 0.11751016200287268, 'd2e_transport': 0.27648402500199154, 'edge_queue': 0.0013009999529458582, 'edge_segment_compute': 0.07821659999899566, 'edge_exit_head_compute': 0.0002688999520614743, 'edge_exit_check': 3.850000211969018e-05, 'e2c_transport': 0.8785289310035296, 'cloud_queue': 0.0037009470106568187, 'cloud_segment_compute': 0.005836357013322413, 'cloud_exit_head_compute': 0.00038966501597315073, 'cloud_exit_check': 0.00021172899869270623, 'total_latency': 1.3668690460035577, 'unattributed_overhead': 0.004382230050396174, 'request_id': '3fd17aa21a8c47ccaaa987d9733463dc', 'user_id': 0, 'prediction': 8, 'exit_id': 'final', 'exit_boundary_id': 19, 'exit_location': 'cloud', 'confidence': 0.9997738003730774, 'executed_segments_by_node': {'device': [0, 1, 2, 3, 4, 5], 'edge': [6, 7, 8, 9, 10, 11], 'cloud': [12, 13, 14, 15, 16, 17, 18]}, 'nodes': [{'node': 'device', 'executed_segments': [0, 1, 2, 3, 4, 5], 'queue_s': 0.0, 'segment_compute_s': 0.11614280701905955, 'exit_head_compute_s': 0.0011137090041302145, 'exit_check_s': 6.657300400547683e-05, 'worker_elapsed_s': 0.11751016200287268}, {'node': 'edge', 'executed_segments': [6, 7, 8, 9, 10, 11], 'queue_s': 0.0013009999529458582, 'segment_compute_s': 0.07821659999899566, 'exit_head_compute_s': 0.0002688999520614743, 'exit_check_s': 3.850000211969018e-05, 'worker_elapsed_s': 0.07868229999439791}, {'node': 'cloud', 'executed_segments': [12, 13, 14, 15, 16, 17, 18], 'queue_s': 0.0037009470106568187, 'segment_compute_s': 0.005836357013322413, 'exit_head_compute_s': 0.00038966501597315073, 'exit_check_s': 0.00021172899869270623, 'worker_elapsed_s': 0.007144834991777316}], 'sample_id': 'balanced_008_0137_00001263', 'label': 8, 'correct': True, 'observed_utility': -5.834345230017789}",balanced_008_0137_00001263,55,1263,0.8121984004974365,8564470938850737220,1.3668690460035577,0.004382230050396174,0
0.0,0.006971774011617526,0.006971774011617526,0.11416344299504999,0.07759379997150972,0.006971774011617526,0.3098845339700347,0.11416344299504999,1.3862938340025721,0.9845473300374579,0.07759379997150972,0.9961599000380374,0.01161257000057958,0.08024939999449998,0.0027937580016441643,1.5004937019984936,0.0070501760055776685,1784780436.7042694,1784780435.6410995,1784780435.8910995,0.0002113199734594673,0.00038811398553662,0.0027937580016441643,0.0057605170586612076,0.9957345128059387,0.3098845339700347,smoke-resnet50-cifar10-pi5-20260723-121831:v3,3,0.11416344299504999,unknown,0.9845473300374579,4.050001734867692e-05,0.0002696000155992806,0.0013830999960191548,0.07713179994607344,"{'device': [0, 1, 2, 3, 4, 5], 'edge': [6, 7, 8, 9, 10, 11], 'cloud': [12, 13, 14, 15, 16, 17, 18]}",19,final,cloud,True,9,1.0,5.0,1.0,1.5004937019984936,-6.502468509992468,9,9163c2c3e42a430286d83ff9a41b55cd,56,"{'device_compute': 0.11416344299504999, 'd2e_transport': 0.3098845339700347, 'edge_queue': 0.0013830999960191548, 'edge_segment_compute': 0.07713179994607344, 'edge_exit_head_compute': 0.0002696000155992806, 'edge_exit_check': 4.050001734867692e-05, 'e2c_transport': 0.9845473300374579, 'cloud_queue': 0.0027937580016441643, 'cloud_segment_compute': 0.0057605170586612076, 'cloud_exit_head_compute': 0.00038811398553662, 'cloud_exit_check': 0.0002113199734594673, 'total_latency': 1.5004937019984936, 'unattributed_overhead': 0.0039196860016090795, 'request_id': '9163c2c3e42a430286d83ff9a41b55cd', 'user_id': 0, 'prediction': 9, 'exit_id': 'final', 'exit_boundary_id': 19, 'exit_location': 'cloud', 'confidence': 0.9957345128059387, 'executed_segments_by_node': {'device': [0, 1, 2, 3, 4, 5], 'edge': [6, 7, 8, 9, 10, 11], 'cloud': [12, 13, 14, 15, 16, 17, 18]}, 'nodes': [{'node': 'device', 'executed_segments': [0, 1, 2, 3, 4, 5], 'queue_s': 0.0, 'segment_compute_s': 0.11207374598598108, 'exit_head_compute_s': 0.001807663997169584, 'exit_check_s': 8.186900231521577e-05, 'worker_elapsed_s': 0.11416344299504999}, {'node': 'edge', 'executed_segments': [6, 7, 8, 9, 10, 11], 'queue_s': 0.0013830999960191548, 'segment_compute_s': 0.07713179994607344, 'exit_head_compute_s': 0.0002696000155992806, 'exit_check_s': 4.050001734867692e-05, 'worker_elapsed_s': 0.07760750001762062}, {'node': 'cloud', 'executed_segments': [12, 13, 14, 15, 16, 17, 18], 'queue_s': 0.0027937580016441643, 'segment_compute_s': 0.0057605170586612076, 'exit_head_compute_s': 0.00038811398553662, 'exit_check_s': 0.0002113199734594673, 'worker_elapsed_s': 0.0070501760055776685}], 'sample_id': 'balanced_009_0222_00002186', 'label': 9, 'correct': True, 'observed_utility': -6.502468509992468}",balanced_009_0222_00002186,56,2186,0.8131699562072754,8564470938850737220,1.5004937019984936,0.0039196860016090795,0
0.0,0.007014995004283264,0.007014995004283264,0.12171448199660517,0.07920830004150048,0.007014995004283264,0.3726793190726312,0.12171448199660517,1.399073218999547,0.9328726109815761,0.07920830004150048,0.9446434999699704,0.01177088898839429,0.08175039995694533,0.002655671996762976,1.5208232940058224,0.007091727020451799,1784780438.2278066,1784780437.1669328,1784780437.4169328,0.00021154599380679429,0.00039242402999661863,0.002655671996762976,0.005761714972322807,0.9999938011169434,0.3726793190726312,smoke-resnet50-cifar10-pi5-20260723-121831:v3,3,0.12171448199660517,unknown,0.9328726109815761,3.940000897273421e-05,0.00027930003125220537,0.0012144000502303243,0.07874509994871914,"{'device': [0, 1, 2, 3, 4, 5], 'edge': [6, 7, 8, 9, 10, 11], 'cloud': [12, 13, 14, 15, 16, 17, 18]}",19,final,cloud,True,6,1.0,5.0,1.0,1.5208232940058224,-6.604116470029112,6,fa49f54263fb496aa451cd6bba641c72,57,"{'device_compute': 0.12171448199660517, 'd2e_transport': 0.3726793190726312, 'edge_queue': 0.0012144000502303243, 'edge_segment_compute': 0.07874509994871914, 'edge_exit_head_compute': 0.00027930003125220537, 'edge_exit_check': 3.940000897273421e-05, 'e2c_transport': 0.9328726109815761, 'cloud_queue': 0.002655671996762976, 'cloud_segment_compute': 0.005761714972322807, 'cloud_exit_head_compute': 0.00039242402999661863, 'cloud_exit_check': 0.00021154599380679429, 'total_latency': 1.5208232940058224, 'unattributed_overhead': 0.004257324922946282, 'request_id': 'fa49f54263fb496aa451cd6bba641c72', 'user_id': 0, 'prediction': 6, 'exit_id': 'final', 'exit_boundary_id': 19, 'exit_location': 'cloud', 'confidence': 0.9999938011169434, 'executed_segments_by_node': {'device': [0, 1, 2, 3, 4, 5], 'edge': [6, 7, 8, 9, 10, 11], 'cloud': [12, 13, 14, 15, 16, 17, 18]}, 'nodes': [{'node': 'device', 'executed_segments': [0, 1, 2, 3, 4, 5], 'queue_s': 0.0, 'segment_compute_s': 0.11927399101841729, 'exit_head_compute_s': 0.002192585001466796, 'exit_check_s': 6.02590007474646e-05, 'worker_elapsed_s': 0.12171448199660517}, {'node': 'edge', 'executed_segments': [6, 7, 8, 9, 10, 11], 'queue_s': 0.0012144000502303243, 'segment_compute_s': 0.07874509994871914, 'exit_head_compute_s': 0.00027930003125220537, 'exit_check_s': 3.940000897273421e-05, 'worker_elapsed_s': 0.07922029995825142}, {'node': 'cloud', 'executed_segments': [12, 13, 14, 15, 16, 17, 18], 'queue_s': 0.002655671996762976, 'segment_compute_s': 0.005761714972322807, 'exit_head_compute_s': 0.00039242402999661863, 'exit_check_s': 0.00021154599380679429, 'worker_elapsed_s': 0.007091727020451799}], 'sample_id': 'balanced_006_0927_00009241', 'label': 6, 'correct': True, 'observed_utility': -6.604116470029112}",balanced_006_0927_00009241,57,9241,0.8108737468719482,8564470938850737220,1.5208232940058224,0.004257324922946282,0
0.0,0.007192230987129733,0.007192230987129733,0.10776938799244817,0.07804640004178509,0.007192230987129733,0.32606211803795304,0.10776938799244817,1.5137781179946614,1.0942213069938589,0.07804640004178509,1.107103599992115,0.012882292998256162,0.08061239996459335,0.002659741003299132,1.6215841170051135,0.007265217980602756,1784780439.7757335,1784780438.7132885,1784780438.9632885,0.0002158139832317829,0.0003927189973182976,0.002659741003299132,0.0059700520359911025,0.9481571316719055,0.32606211803795304,smoke-resnet50-cifar10-pi5-20260723-121831:v3,3,0.10776938799244817,unknown,1.0942213069938589,4.010001430287957e-05,0.00028629996813833714,0.0012561000185087323,0.0775726999854669,"{'device': [0, 1, 2, 3, 4, 5], 'edge': [6, 7, 8, 9, 10, 11], 'cloud': [12, 13, 14, 15, 16, 17, 18]}",19,final,cloud,True,3,1.0,5.0,1.0,1.6215841170051135,-7.107920585025568,3,0a76f887e57d4195955f45d4bb006592,58,"{'device_compute': 0.10776938799244817, 'd2e_transport': 0.32606211803795304, 'edge_queue': 0.0012561000185087323, 'edge_segment_compute': 0.0775726999854669, 'edge_exit_head_compute': 0.00028629996813833714, 'edge_exit_check': 4.010001430287957e-05, 'e2c_transport': 1.0942213069938589, 'cloud_queue': 0.002659741003299132, 'cloud_segment_compute': 0.0059700520359911025, 'cloud_exit_head_compute': 0.0003927189973182976, 'cloud_exit_check': 0.0002158139832317829, 'total_latency': 1.6215841170051135, 'unattributed_overhead': 0.005137777974596247, 'request_id': '0a76f887e57d4195955f45d4bb006592', 'user_id': 0, 'prediction': 3, 'exit_id': 'final', 'exit_boundary_id': 19, 'exit_location': 'cloud', 'confidence': 0.9481571316719055, 'executed_segments_by_node': {'device': [0, 1, 2, 3, 4, 5], 'edge': [6, 7, 8, 9, 10, 11], 'cloud': [12, 13, 14, 15, 16, 17, 18]}, 'nodes': [{'node': 'device', 'executed_segments': [0, 1, 2, 3, 4, 5], 'queue_s': 0.0, 'segment_compute_s': 0.10577428298711311, 'exit_head_compute_s': 0.0017251270037377253, 'exit_check_s': 7.342500612139702e-05, 'worker_elapsed_s': 0.10776938799244817}, {'node': 'edge', 'executed_segments': [6, 7, 8, 9, 10, 11], 'queue_s': 0.0012561000185087323, 'segment_compute_s': 0.0775726999854669, 'exit_head_compute_s': 0.00028629996813833714, 'exit_check_s': 4.010001430287957e-05, 'worker_elapsed_s': 0.07805839995853603}, {'node': 'cloud', 'executed_segments': [12, 13, 14, 15, 16, 17, 18], 'queue_s': 0.002659741003299132, 'segment_compute_s': 0.0059700520359911025, 'exit_head_compute_s': 0.0003927189973182976, 'exit_check_s': 0.0002158139832317829, 'worker_elapsed_s': 0.007265217980602756}], 'sample_id': 'balanced_003_0963_00009505', 'label': 3, 'correct': True, 'observed_utility': -7.107920585025568}",balanced_003_0963_00009505,58,9505,0.8124449253082275,8564470938850737220,1.6215841170051135,0.005137777974596247,0
0.0,0.007029985979897901,0.007029985979897901,0.11950913800683338,0.07810779998544604,0.007029985979897901,0.2731399979820708,0.11950913800683338,1.5779920980130555,1.2112011510471348,0.07810779998544604,1.224189100030344,0.012987948983209208,0.08066300000064075,0.0037625620025210083,1.6975423840049189,0.0071011029940564185,1784780441.4262774,1784780440.3643076,1784780440.6143076,0.0002052979834843427,0.0003836240211967379,0.0037625620025210083,0.005850834015291184,0.9999997615814209,0.2731399979820708,smoke-resnet50-cifar10-pi5-20260723-121831:v3,3,0.11950913800683338,unknown,1.2112011510471348,4.139996599406004e-05,0.0002794000320136547,0.001243599981535226,0.07763360009994358,"{'device': [0, 1, 2, 3, 4, 5], 'edge': [6, 7, 8, 9, 10, 11], 'cloud': [12, 13, 14, 15, 16, 17, 18]}",19,final,cloud,True,2,1.0,5.0,1.0,1.6975423840049189,-7.487711920024594,2,e490654621f84a2d99e91e288c3f1154,59,"{'device_compute': 0.11950913800683338, 'd2e_transport': 0.2731399979820708, 'edge_queue': 0.001243599981535226, 'edge_segment_compute': 0.07763360009994358, 'edge_exit_head_compute': 0.0002794000320136547, 'edge_exit_check': 4.139996599406004e-05, 'e2c_transport': 1.2112011510471348, 'cloud_queue': 0.0037625620025210083, 'cloud_segment_compute': 0.005850834015291184, 'cloud_exit_head_compute': 0.0003836240211967379, 'cloud_exit_check': 0.0002052979834843427, 'total_latency': 1.6975423840049189, 'unattributed_overhead': 0.004291778866900131, 'request_id': 'e490654621f84a2d99e91e288c3f1154', 'user_id': 0, 'prediction': 2, 'exit_id': 'final', 'exit_boundary_id': 19, 'exit_location': 'cloud', 'confidence': 0.9999997615814209, 'executed_segments_by_node': {'device': [0, 1, 2, 3, 4, 5], 'edge': [6, 7, 8, 9, 10, 11], 'cloud': [12, 13, 14, 15, 16, 17, 18]}, 'nodes': [{'node': 'device', 'executed_segments': [0, 1, 2, 3, 4, 5], 'queue_s': 0.0, 'segment_compute_s': 0.11817559901101049, 'exit_head_compute_s': 0.0010344129987061024, 'exit_check_s': 7.827699300833046e-05, 'worker_elapsed_s': 0.11950913800683338}, {'node': 'edge', 'executed_segments': [6, 7, 8, 9, 10, 11], 'queue_s': 0.001243599981535226, 'segment_compute_s': 0.07763360009994358, 'exit_head_compute_s': 0.0002794000320136547, 'exit_check_s': 4.139996599406004e-05, 'worker_elapsed_s': 0.0781443000305444}, {'node': 'cloud', 'executed_segments': [12, 13, 14, 15, 16, 17, 18], 'queue_s': 0.0037625620025210083, 'segment_compute_s': 0.005850834015291184, 'exit_head_compute_s': 0.0003836240211967379, 'exit_check_s': 0.0002052979834843427, 'worker_elapsed_s': 0.0071011029940564185}], 'sample_id': 'balanced_002_0534_00005261', 'label': 2, 'correct': True, 'observed_utility': -7.487711920024594}",balanced_002_0534_00005261,59,5261,0.8119697570800781,8564470938850737220,1.6975423840049189,0.004291778866900131,0
0.0,0.007055622001644224,0.007055622001644224,0.11475817499740515,0.07876439997926354,0.007055622001644224,0.40737886998977046,0.11475817499740515,1.3961265699908836,0.8953543060051743,0.07876439997926354,0.9074034999939613,0.01204919398878701,0.08134420000715181,0.002983423008117825,1.510923616006039,0.007131039979867637,1784780443.1662848,1784780442.1017973,1784780442.3517973,0.00021423501311801374,0.0003950190148316324,0.002983423008117825,0.005831736052641645,0.9999681711196899,0.40737886998977046,smoke-resnet50-cifar10-pi5-20260723-121831:v3,3,0.11475817499740515,unknown,0.8953543060051743,4.0700018871575594e-05,0.00028330000350251794,0.0012524999910965562,0.07829489995492622,"{'device': [0, 1, 2, 3, 4, 5], 'edge': [6, 7, 8, 9, 10, 11], 'cloud': [12, 13, 14, 15, 16, 17, 18]}",19,final,cloud,True,7,1.0,5.0,1.0,1.510923616006039,-6.554618080030195,7,1bfcad341c164c7e860648cf46c71a15,60,"{'device_compute': 0.11475817499740515, 'd2e_transport': 0.40737886998977046, 'edge_queue': 0.0012524999910965562, 'edge_segment_compute': 0.07829489995492622, 'edge_exit_head_compute': 0.00028330000350251794, 'edge_exit_check': 4.0700018871575594e-05, 'e2c_transport': 0.8953543060051743, 'cloud_queue': 0.002983423008117825, 'cloud_segment_compute': 0.005831736052641645, 'cloud_exit_head_compute': 0.0003950190148316324, 'cloud_exit_check': 0.00021423501311801374, 'total_latency': 1.510923616006039, 'unattributed_overhead': 0.004136451956583187, 'request_id': '1bfcad341c164c7e860648cf46c71a15', 'user_id': 0, 'prediction': 7, 'exit_id': 'final', 'exit_boundary_id': 19, 'exit_location': 'cloud', 'confidence': 0.9999681711196899, 'executed_segments_by_node': {'device': [0, 1, 2, 3, 4, 5], 'edge': [6, 7, 8, 9, 10, 11], 'cloud': [12, 13, 14, 15, 16, 17, 18]}, 'nodes': [{'node': 'device', 'executed_segments': [0, 1, 2, 3, 4, 5], 'queue_s': 0.0, 'segment_compute_s': 0.11349387603695504, 'exit_head_compute_s': 0.0010066739923786372, 'exit_check_s': 6.246200064197183e-05, 'worker_elapsed_s': 0.11475817499740515}, {'node': 'edge', 'executed_segments': [6, 7, 8, 9, 10, 11], 'queue_s': 0.0012524999910965562, 'segment_compute_s': 0.07829489995492622, 'exit_head_compute_s': 0.00028330000350251794, 'exit_check_s': 4.0700018871575594e-05, 'worker_elapsed_s': 0.078776000009384}, {'node': 'cloud', 'executed_segments': [12, 13, 14, 15, 16, 17, 18], 'queue_s': 0.002983423008117825, 'segment_compute_s': 0.005831736052641645, 'exit_head_compute_s': 0.0003950190148316324, 'exit_check_s': 0.00021423501311801374, 'worker_elapsed_s': 0.007131039979867637}], 'sample_id': 'balanced_007_0579_00005728', 'label': 7, 'correct': True, 'observed_utility': -6.554618080030195}",balanced_007_0579_00005728,60,5728,0.8144874572753906,8564470938850737220,1.510923616006039,0.004136451956583187,0
0.0,0.007042644981993362,0.007042644981993362,0.12155202199937776,0.04520799999590963,0.007042644981993362,0.35580247805046383,0.12155202199937776,1.3673225779930362,0.9512836369685829,0.04520799999590963,0.9639206999563612,0.012637062987778336,0.04759939998621121,0.003679617977468297,1.4889131549862213,0.00711400801083073,1784780444.7102823,1784780443.648377,1784780443.898377,0.0002143580059055239,0.00038958198274485767,0.003679617977468297,0.005827647022670135,0.5415763258934021,0.35580247805046383,smoke-resnet50-cifar10-pi5-20260723-121831:v3,3,0.12155202199937776,unknown,0.9512836369685829,3.200001083314419e-05,0.0002025999710895121,0.0012373999925330281,0.04485809995094314,"{'device': [0, 1, 2, 3, 4, 5], 'edge': [6, 7, 8, 9, 10, 11], 'cloud': [12, 13, 14, 15, 16, 17, 18]}",19,final,cloud,False,3,1.0,5.0,0.0,1.4889131549862213,-7.444565774931107,5,7006eeb042e04b2da4e2af95aa0519b6,61,"{'device_compute': 0.12155202199937776, 'd2e_transport': 0.35580247805046383, 'edge_queue': 0.0012373999925330281, 'edge_segment_compute': 0.04485809995094314, 'edge_exit_head_compute': 0.0002025999710895121, 'edge_exit_check': 3.200001083314419e-05, 'e2c_transport': 0.9512836369685829, 'cloud_queue': 0.003679617977468297, 'cloud_segment_compute': 0.005827647022670135, 'cloud_exit_head_compute': 0.00038958198274485767, 'cloud_exit_check': 0.0002143580059055239, 'total_latency': 1.4889131549862213, 'unattributed_overhead': 0.0038337130536092445, 'request_id': '7006eeb042e04b2da4e2af95aa0519b6', 'user_id': 0, 'prediction': 5, 'exit_id': 'final', 'exit_boundary_id': 19, 'exit_location': 'cloud', 'confidence': 0.5415763258934021, 'executed_segments_by_node': {'device': [0, 1, 2, 3, 4, 5], 'edge': [6, 7, 8, 9, 10, 11], 'cloud': [12, 13, 14, 15, 16, 17, 18]}, 'nodes': [{'node': 'device', 'executed_segments': [0, 1, 2, 3, 4, 5], 'queue_s': 0.0, 'segment_compute_s': 0.12029870299738832, 'exit_head_compute_s': 0.0010024140065070242, 'exit_check_s': 6.251799641177058e-05, 'worker_elapsed_s': 0.12155202199937776}, {'node': 'edge', 'executed_segments': [6, 7, 8, 9, 10, 11], 'queue_s': 0.0012373999925330281, 'segment_compute_s': 0.04485809995094314, 'exit_head_compute_s': 0.0002025999710895121, 'exit_check_s': 3.200001083314419e-05, 'worker_elapsed_s': 0.04522039997391403}, {'node': 'cloud', 'executed_segments': [12, 13, 14, 15, 16, 17, 18], 'queue_s': 0.003679617977468297, 'segment_compute_s': 0.005827647022670135, 'exit_head_compute_s': 0.00038958198274485767, 'exit_check_s': 0.0002143580059055239, 'worker_elapsed_s': 0.00711400801083073}], 'sample_id': 'balanced_003_0625_00006202', 'label': 3, 'correct': False, 'observed_utility': -7.444565774931107}",balanced_003_0625_00006202,61,6202,0.8119053840637207,8564470938850737220,1.4889131549862213,0.0038337130536092445,0
0.0,0.00700008001876995,0.00700008001876995,0.11259897900163196,0.07903149997582659,0.00700008001876995,0.5131377159705153,0.11259897900163196,1.485407715998008,0.8789906230231281,0.07903149997582659,0.8904984000255354,0.011507777002407238,0.08177160000195727,0.002712010988034308,1.5980437499965774,0.00706884401733987,1784780446.2324562,1784780445.1683276,1784780445.4183276,0.00021034901146776974,0.0003861490113195032,0.002712010988034308,0.005793697026092559,0.9998302459716797,0.5131377159705153,smoke-resnet50-cifar10-pi5-20260723-121831:v3,3,0.11259897900163196,unknown,0.8789906230231281,4.160002572461963e-05,0.0003079000161960721,0.0012388000031933188,0.07852640002965927,"{'device': [0, 1, 2, 3, 4, 5], 'edge': [6, 7, 8, 9, 10, 11], 'cloud': [12, 13, 14, 15, 16, 17, 18]}",19,final,cloud,True,9,1.0,5.0,1.0,1.5980437499965774,-6.990218749982887,9,9f219a90aca84f82a0445e5e229be0f8,62,"{'device_compute': 0.11259897900163196, 'd2e_transport': 0.5131377159705153, 'edge_queue': 0.0012388000031933188, 'edge_segment_compute': 0.07852640002965927, 'edge_exit_head_compute': 0.0003079000161960721, 'edge_exit_check': 4.160002572461963e-05, 'e2c_transport': 0.8789906230231281, 'cloud_queue': 0.002712010988034308, 'cloud_segment_compute': 0.005793697026092559, 'cloud_exit_head_compute': 0.0003861490113195032, 'cloud_exit_check': 0.00021034901146776974, 'total_latency': 1.5980437499965774, 'unattributed_overhead': 0.004099525889614597, 'request_id': '9f219a90aca84f82a0445e5e229be0f8', 'user_id': 0, 'prediction': 9, 'exit_id': 'final', 'exit_boundary_id': 19, 'exit_location': 'cloud', 'confidence': 0.9998302459716797, 'executed_segments_by_node': {'device': [0, 1, 2, 3, 4, 5], 'edge': [6, 7, 8, 9, 10, 11], 'cloud': [12, 13, 14, 15, 16, 17, 18]}, 'nodes': [{'node': 'device', 'executed_segments': [0, 1, 2, 3, 4, 5], 'queue_s': 0.0, 'segment_compute_s': 0.11104494299797807, 'exit_head_compute_s': 0.0012473179958760738, 'exit_check_s': 6.14809978287667e-05, 'worker_elapsed_s': 0.11259897900163196}, {'node': 'edge', 'executed_segments': [6, 7, 8, 9, 10, 11], 'queue_s': 0.0012388000031933188, 'segment_compute_s': 0.07852640002965927, 'exit_head_compute_s': 0.0003079000161960721, 'exit_check_s': 4.160002572461963e-05, 'worker_elapsed_s': 0.07904649997362867}, {'node': 'cloud', 'executed_segments': [12, 13, 14, 15, 16, 17, 18], 'queue_s': 0.002712010988034308, 'segment_compute_s': 0.005793697026092559, 'exit_head_compute_s': 0.0003861490113195032, 'exit_check_s': 0.00021034901146776974, 'worker_elapsed_s': 0.00706884401733987}], 'sample_id': 'balanced_009_0623_00006193', 'label': 9, 'correct': True, 'observed_utility': -6.990218749982887}",balanced_009_0623_00006193,62,6193,0.8141286373138428,8564470938850737220,1.5980437499965774,0.004099525889614597,0
0.0,0.006959783990168944,0.006959783990168944,0.12319048399513122,0.043075399997178465,0.006959783990168944,0.4408290929859504,0.12319048399513122,2.178095092996955,1.6799887920205947,0.043075399997178465,1.691737600020133,0.011748807999538258,0.04552839999087155,0.002693360991543159,2.3013208539923653,0.007026748993666843,1784780447.8898401,1784780446.8155851,1784780447.0655851,0.0002102110011037439,0.0003866469778586179,0.002693360991543159,0.005757823993917555,0.9998016953468323,0.4408290929859504,smoke-resnet50-cifar10-pi5-20260723-121831:v3,3,0.12319048399513122,unknown,1.6799887920205947,2.8799986466765404e-05,0.0001702000154182315,0.001281399978324771,0.04276319994824007,"{'device': [0, 1, 2, 3, 4, 5], 'edge': [6, 7, 8, 9, 10, 11], 'cloud': [12, 13, 14, 15, 16, 17, 18]}",19,final,cloud,True,4,1.0,5.0,1.0,2.3013208539923653,-10.506604269961827,4,d1d13c2d44e147ecb56ba9bede7468d4,63,"{'device_compute': 0.12319048399513122, 'd2e_transport': 0.4408290929859504, 'edge_queue': 0.001281399978324771, 'edge_segment_compute': 0.04276319994824007, 'edge_exit_head_compute': 0.0001702000154182315, 'edge_exit_check': 2.8799986466765404e-05, 'e2c_transport': 1.6799887920205947, 'cloud_queue': 0.002693360991543159, 'cloud_segment_compute': 0.005757823993917555, 'cloud_exit_head_compute': 0.0003866469778586179, 'cloud_exit_check': 0.0002102110011037439, 'total_latency': 2.3013208539923653, 'unattributed_overhead': 0.0040208420978160575, 'request_id': 'd1d13c2d44e147ecb56ba9bede7468d4', 'user_id': 0, 'prediction': 4, 'exit_id': 'final', 'exit_boundary_id': 19, 'exit_location': 'cloud', 'confidence': 0.9998016953468323, 'executed_segments_by_node': {'device': [0, 1, 2, 3, 4, 5], 'edge': [6, 7, 8, 9, 10, 11], 'cloud': [12, 13, 14, 15, 16, 17, 18]}, 'nodes': [{'node': 'device', 'executed_segments': [0, 1, 2, 3, 4, 5], 'queue_s': 0.0, 'segment_compute_s': 0.12189105401921552, 'exit_head_compute_s': 0.0010395060089649633, 'exit_check_s': 6.835100066382438e-05, 'worker_elapsed_s': 0.12319048399513122}, {'node': 'edge', 'executed_segments': [6, 7, 8, 9, 10, 11], 'queue_s': 0.001281399978324771, 'segment_compute_s': 0.04276319994824007, 'exit_head_compute_s': 0.0001702000154182315, 'exit_check_s': 2.8799986466765404e-05, 'worker_elapsed_s': 0.04308660002425313}, {'node': 'cloud', 'executed_segments': [12, 13, 14, 15, 16, 17, 18], 'queue_s': 0.002693360991543159, 'segment_compute_s': 0.005757823993917555, 'exit_head_compute_s': 0.0003866469778586179, 'exit_check_s': 0.0002102110011037439, 'worker_elapsed_s': 0.007026748993666843}], 'sample_id': 'balanced_004_0773_00007403', 'label': 4, 'correct': True, 'observed_utility': -10.506604269961827}",balanced_004_0773_00007403,63,7403,0.8242549896240234,8564470938850737220,2.3013208539923653,0.0040208420978160575,0
0.0,0.006926537986146286,0.006926537986146286,0.11388265001005493,0.07831549999536946,0.006926537986146286,0.3986780099221505,0.11388265001005493,1.3913731100037694,0.8997578060661908,0.07831549999536946,0.9109875000431202,0.011229693976929411,0.08170760003849864,0.0025091469869948924,1.505293481008266,0.006997454998781905,1784780450.2282093,1784780449.1661181,1784780449.4161181,0.00021031100186519325,0.00038445997051894665,0.0025091469869948924,0.005735928978538141,0.937485933303833,0.3986780099221505,smoke-resnet50-cifar10-pi5-20260723-121831:v3,3,0.11388265001005493,unknown,0.8997578060661908,4.099996294826269e-05,0.00027080002473667264,0.0020398999913595617,0.07785659999353811,"{'device': [0, 1, 2, 3, 4, 5], 'edge': [6, 7, 8, 9, 10, 11], 'cloud': [12, 13, 14, 15, 16, 17, 18]}",19,final,cloud,False,7,1.0,5.0,0.0,1.505293481008266,-7.5264674050413305,2,1b98fd7548b948128786db0146b7f308,64,"{'device_compute': 0.11388265001005493, 'd2e_transport': 0.3986780099221505, 'edge_queue': 0.0020398999913595617, 'edge_segment_compute': 0.07785659999353811, 'edge_exit_head_compute': 0.00027080002473667264, 'edge_exit_check': 4.099996294826269e-05, 'e2c_transport': 0.8997578060661908, 'cloud_queue': 0.0025091469869948924, 'cloud_segment_compute': 0.005735928978538141, 'cloud_exit_head_compute': 0.00038445997051894665, 'cloud_exit_check': 0.00021031100186519325, 'total_latency': 1.505293481008266, 'unattributed_overhead': 0.00392686809937004, 'request_id': '1b98fd7548b948128786db0146b7f308', 'user_id': 0, 'prediction': 2, 'exit_id': 'final', 'exit_boundary_id': 19, 'exit_location': 'cloud', 'confidence': 0.937485933303833, 'executed_segments_by_node': {'device': [0, 1, 2, 3, 4, 5], 'edge': [6, 7, 8, 9, 10, 11], 'cloud': [12, 13, 14, 15, 16, 17, 18]}, 'nodes': [{'node': 'device', 'executed_segments': [0, 1, 2, 3, 4, 5], 'queue_s': 0.0, 'segment_compute_s': 0.11219353899650741, 'exit_head_compute_s': 0.0014289649989223108, 'exit_check_s': 6.072099495213479e-05, 'worker_elapsed_s': 0.11388265001005493}, {'node': 'edge', 'executed_segments': [6, 7, 8, 9, 10, 11], 'queue_s': 0.0020398999913595617, 'segment_compute_s': 0.07785659999353811, 'exit_head_compute_s': 0.00027080002473667264, 'exit_check_s': 4.099996294826269e-05, 'worker_elapsed_s': 0.07832780003082007}, {'node': 'cloud', 'executed_segments': [12, 13, 14, 15, 16, 17, 18], 'queue_s': 0.0025091469869948924, 'segment_compute_s': 0.005735928978538141, 'exit_head_compute_s': 0.00038445997051894665, 'exit_check_s': 0.00021031100186519325, 'worker_elapsed_s': 0.006997454998781905}], 'sample_id': 'balanced_007_0261_00002770', 'label': 7, 'correct': False, 'observed_utility': -7.5264674050413305}",balanced_007_0261_00002770,64,2770,0.8120911121368408,8564470938850737220,1.505293481008266,0.00392686809937004,0
0.0,0.007030433014733717,0.007030433014733717,0.10750526199990418,0.07881689997157082,0.007030433014733717,0.2985074750176864,0.10750526199990418,1.5292189750034595,1.1376816219417378,0.07881689997157082,1.149089999962598,0.011408378020860255,0.08162150002317503,0.0026683660107664764,1.636759273998905,0.007098878995748237,1784780451.8467698,1784780450.7296083,1784780450.9796083,0.00020768001559190452,0.0003863809979520738,0.0026683660107664764,0.0058315010101068765,0.9999845027923584,0.2985074750176864,smoke-resnet50-cifar10-pi5-20260723-121831:v3,3,0.10750526199990418,unknown,1.1376816219417378,4.179996903985739e-05,0.0002710000262595713,0.001471599971409887,0.07835460000205785,"{'device': [0, 1, 2, 3, 4, 5], 'edge': [6, 7, 8, 9, 10, 11], 'cloud': [12, 13, 14, 15, 16, 17, 18]}",19,final,cloud,True,6,1.0,5.0,1.0,1.636759273998905,-7.183796369994525,6,ddf4a106624e451ba42f32c33d5682b4,65,"{'device_compute': 0.10750526199990418, 'd2e_transport': 0.2985074750176864, 'edge_queue': 0.001471599971409887, 'edge_segment_compute': 0.07835460000205785, 'edge_exit_head_compute': 0.0002710000262595713, 'edge_exit_check': 4.179996903985739e-05, 'e2c_transport': 1.1376816219417378, 'cloud_queue': 0.0026683660107664764, 'cloud_segment_compute': 0.0058315010101068765, 'cloud_exit_head_compute': 0.0003863809979520738, 'cloud_exit_check': 0.00020768001559190452, 'total_latency': 1.636759273998905, 'unattributed_overhead': 0.0038319870363920927, 'request_id': 'ddf4a106624e451ba42f32c33d5682b4', 'user_id': 0, 'prediction': 6, 'exit_id': 'final', 'exit_boundary_id': 19, 'exit_location': 'cloud', 'confidence': 0.9999845027923584, 'executed_segments_by_node': {'device': [0, 1, 2, 3, 4, 5], 'edge': [6, 7, 8, 9, 10, 11], 'cloud': [12, 13, 14, 15, 16, 17, 18]}, 'nodes': [{'node': 'device', 'executed_segments': [0, 1, 2, 3, 4, 5], 'queue_s': 0.0, 'segment_compute_s': 0.10627274100261275, 'exit_head_compute_s': 0.0009811550116864964, 'exit_check_s': 6.327699520625174e-05, 'worker_elapsed_s': 0.10750526199990418}, {'node': 'edge', 'executed_segments': [6, 7, 8, 9, 10, 11], 'queue_s': 0.001471599971409887, 'segment_compute_s': 0.07835460000205785, 'exit_head_compute_s': 0.0002710000262595713, 'exit_check_s': 4.179996903985739e-05, 'worker_elapsed_s': 0.07882980001159012}, {'node': 'cloud', 'executed_segments': [12, 13, 14, 15, 16, 17, 18], 'queue_s': 0.0026683660107664764, 'segment_compute_s': 0.0058315010101068765, 'exit_head_compute_s': 0.0003863809979520738, 'exit_check_s': 0.00020768001559190452, 'worker_elapsed_s': 0.007098878995748237}], 'sample_id': 'balanced_006_0817_00008291', 'label': 6, 'correct': True, 'observed_utility': -7.183796369994525}",balanced_006_0817_00008291,65,8291,0.8671615123748779,8564470938850737220,1.636759273998905,0.0038319870363920927,0
0.0,0.006995499978074804,0.006995499978074804,0.12063249498896766,0.07842830003937706,0.006995499978074804,0.3142382700170856,0.12063249498896766,2.3978179699915927,1.9910343259689398,0.07842830003937706,2.0024437999818474,0.011409474012907594,0.08113589999265969,0.0026444099785294384,2.518492723989766,0.00706458801869303,1784780453.5205495,1784780452.4570565,1784780452.7070565,0.00020989598124288023,0.0003851790097542107,0.0026444099785294384,0.005798354017315432,0.9999548196792603,0.3142382700170856,smoke-resnet50-cifar10-pi5-20260723-121831:v3,3,0.12063249498896766,unknown,1.9910343259689398,4.1499966755509377e-05,0.0002733999863266945,0.0013661999837495387,0.0779650000622496,"{'device': [0, 1, 2, 3, 4, 5], 'edge': [6, 7, 8, 9, 10, 11], 'cloud': [12, 13, 14, 15, 16, 17, 18]}",19,final,cloud,True,4,1.0,5.0,1.0,2.518492723989766,-11.59246361994883,4,443ff18e92ba461481f923a5cfd152f8,66,"{'device_compute': 0.12063249498896766, 'd2e_transport': 0.3142382700170856, 'edge_queue': 0.0013661999837495387, 'edge_segment_compute': 0.0779650000622496, 'edge_exit_head_compute': 0.0002733999863266945, 'edge_exit_check': 4.1499966755509377e-05, 'e2c_transport': 1.9910343259689398, 'cloud_queue': 0.0026444099785294384, 'cloud_segment_compute': 0.005798354017315432, 'cloud_exit_head_compute': 0.0003851790097542107, 'cloud_exit_check': 0.00020989598124288023, 'total_latency': 2.518492723989766, 'unattributed_overhead': 0.0039036940288497135, 'request_id': '443ff18e92ba461481f923a5cfd152f8', 'user_id': 0, 'prediction': 4, 'exit_id': 'final', 'exit_boundary_id': 19, 'exit_location': 'cloud', 'confidence': 0.9999548196792603, 'executed_segments_by_node': {'device': [0, 1, 2, 3, 4, 5], 'edge': [6, 7, 8, 9, 10, 11], 'cloud': [12, 13, 14, 15, 16, 17, 18]}, 'nodes': [{'node': 'device', 'executed_segments': [0, 1, 2, 3, 4, 5], 'queue_s': 0.0, 'segment_compute_s': 0.119357047995436, 'exit_head_compute_s': 0.0009945069905370474, 'exit_check_s': 6.655500328633934e-05, 'worker_elapsed_s': 0.12063249498896766}, {'node': 'edge', 'executed_segments': [6, 7, 8, 9, 10, 11], 'queue_s': 0.0013661999837495387, 'segment_compute_s': 0.0779650000622496, 'exit_head_compute_s': 0.0002733999863266945, 'exit_check_s': 4.1499966755509377e-05, 'worker_elapsed_s': 0.07844199996907264}, {'node': 'cloud', 'executed_segments': [12, 13, 14, 15, 16, 17, 18], 'queue_s': 0.0026444099785294384, 'segment_compute_s': 0.005798354017315432, 'exit_head_compute_s': 0.0003851790097542107, 'exit_check_s': 0.00020989598124288023, 'worker_elapsed_s': 0.00706458801869303}], 'sample_id': 'balanced_004_0955_00009547', 'label': 4, 'correct': True, 'observed_utility': -11.59246361994883}",balanced_004_0955_00009547,66,9547,0.813493013381958,8564470938850737220,2.518492723989766,0.0039036940288497135,0
0.0,0.006824846001109108,0.006824846001109108,0.10831830800452735,0.07880389998899773,0.006824846001109108,0.5220271780126495,0.10831830800452735,1.6292756780021591,1.0147105419891886,0.07880389998899773,1.0259073000052013,0.011196758016012609,0.08134119998430833,0.0026206470211036503,1.7376308009988861,0.00689318697550334,1784780456.2432685,1784780455.1306043,1784780455.3806043,0.00020330201368778944,0.00037621098454110324,0.0026206470211036503,0.00565108802402392,0.9999666213989258,0.5220271780126495,smoke-resnet50-cifar10-pi5-20260723-121831:v3,3,0.10831830800452735,unknown,1.0147105419891886,3.890000516548753e-05,0.0002666999935172498,0.0011969999759458005,0.07834890007507056,"{'device': [0, 1, 2, 3, 4, 5], 'edge': [6, 7, 8, 9, 10, 11], 'cloud': [12, 13, 14, 15, 16, 17, 18]}",19,final,cloud,True,4,1.0,5.0,1.0,1.7376308009988861,-7.688154004994431,4,28c2d497915c40c7bb88e898289bc011,67,"{'device_compute': 0.10831830800452735, 'd2e_transport': 0.5220271780126495, 'edge_queue': 0.0011969999759458005, 'edge_segment_compute': 0.07834890007507056, 'edge_exit_head_compute': 0.0002666999935172498, 'edge_exit_check': 3.890000516548753e-05, 'e2c_transport': 1.0147105419891886, 'cloud_queue': 0.0026206470211036503, 'cloud_segment_compute': 0.00565108802402392, 'cloud_exit_head_compute': 0.00037621098454110324, 'cloud_exit_check': 0.00020330201368778944, 'total_latency': 1.7376308009988861, 'unattributed_overhead': 0.003872024899465032, 'request_id': '28c2d497915c40c7bb88e898289bc011', 'user_id': 0, 'prediction': 4, 'exit_id': 'final', 'exit_boundary_id': 19, 'exit_location': 'cloud', 'confidence': 0.9999666213989258, 'executed_segments_by_node': {'device': [0, 1, 2, 3, 4, 5], 'edge': [6, 7, 8, 9, 10, 11], 'cloud': [12, 13, 14, 15, 16, 17, 18]}, 'nodes': [{'node': 'device', 'executed_segments': [0, 1, 2, 3, 4, 5], 'queue_s': 0.0, 'segment_compute_s': 0.10709543399570975, 'exit_head_compute_s': 0.0009735630010254681, 'exit_check_s': 6.185099482536316e-05, 'worker_elapsed_s': 0.10831830800452735}, {'node': 'edge', 'executed_segments': [6, 7, 8, 9, 10, 11], 'queue_s': 0.0011969999759458005, 'segment_compute_s': 0.07834890007507056, 'exit_head_compute_s': 0.0002666999935172498, 'exit_check_s': 3.890000516548753e-05, 'worker_elapsed_s': 0.07881580002140254}, {'node': 'cloud', 'executed_segments': [12, 13, 14, 15, 16, 17, 18], 'queue_s': 0.0026206470211036503, 'segment_compute_s': 0.00565108802402392, 'exit_head_compute_s': 0.00037621098454110324, 'exit_check_s': 0.00020330201368778944, 'worker_elapsed_s': 0.00689318697550334}], 'sample_id': 'balanced_004_0630_00006053', 'label': 4, 'correct': True, 'observed_utility': -7.688154004994431}",balanced_004_0630_00006053,67,6053,0.8626642227172852,8564470938850737220,1.7376308009988861,0.003872024899465032,0
0.0,0.00708601699443534,0.00708601699443534,0.11495130299590528,0.07922989997314289,0.00708601699443534,0.350707726975088,0.11495130299590528,2.0264242270059185,1.582457798998803,0.07922989997314289,1.5937601000186987,0.011302301019895822,0.08195640001213178,0.0025090579874813557,2.1414115310035413,0.007158277003327385,1784780458.0881174,1784780456.9777443,1784780457.2277443,0.00021434601512737572,0.0003930249949917197,0.0025090579874813557,0.005873189977137372,0.4527484178543091,0.350707726975088,smoke-resnet50-cifar10-pi5-20260723-121831:v3,3,0.11495130299590528,unknown,1.582457798998803,4.0499959141016006e-05,0.00028440001187846065,0.0013318999554030597,0.07875810004770756,"{'device': [0, 1, 2, 3, 4, 5], 'edge': [6, 7, 8, 9, 10, 11], 'cloud': [12, 13, 14, 15, 16, 17, 18]}",19,final,cloud,False,3,1.0,5.0,0.0,2.1414115310035413,-10.707057655017707,2,fd54aa4d306b4a48814e25fe8f0b7649,68,"{'device_compute': 0.11495130299590528, 'd2e_transport': 0.350707726975088, 'edge_queue': 0.0013318999554030597, 'edge_segment_compute': 0.07875810004770756, 'edge_exit_head_compute': 0.00028440001187846065, 'edge_exit_check': 4.0499959141016006e-05, 'e2c_transport': 1.582457798998803, 'cloud_queue': 0.0025090579874813557, 'cloud_segment_compute': 0.005873189977137372, 'cloud_exit_head_compute': 0.0003930249949917197, 'cloud_exit_check': 0.00021434601512737572, 'total_latency': 2.1414115310035413, 'unattributed_overhead': 0.003890183084877208, 'request_id': 'fd54aa4d306b4a48814e25fe8f0b7649', 'user_id': 0, 'prediction': 2, 'exit_id': 'final', 'exit_boundary_id': 19, 'exit_location': 'cloud', 'confidence': 0.4527484178543091, 'executed_segments_by_node': {'device': [0, 1, 2, 3, 4, 5], 'edge': [6, 7, 8, 9, 10, 11], 'cloud': [12, 13, 14, 15, 16, 17, 18]}, 'nodes': [{'node': 'device', 'executed_segments': [0, 1, 2, 3, 4, 5], 'queue_s': 0.0, 'segment_compute_s': 0.11359937398810871, 'exit_head_compute_s': 0.0010671170020941645, 'exit_check_s': 7.135099440347403e-05, 'worker_elapsed_s': 0.11495130299590528}, {'node': 'edge', 'executed_segments': [6, 7, 8, 9, 10, 11], 'queue_s': 0.0013318999554030597, 'segment_compute_s': 0.07875810004770756, 'exit_head_compute_s': 0.00028440001187846065, 'exit_check_s': 4.0499959141016006e-05, 'worker_elapsed_s': 0.0792426000116393}, {'node': 'cloud', 'executed_segments': [12, 13, 14, 15, 16, 17, 18], 'queue_s': 0.0025090579874813557, 'segment_compute_s': 0.005873189977137372, 'exit_head_compute_s': 0.0003930249949917197, 'exit_check_s': 0.00021434601512737572, 'worker_elapsed_s': 0.007158277003327385}], 'sample_id': 'balanced_003_0936_00009246', 'label': 3, 'correct': False, 'observed_utility': -10.707057655017707}",balanced_003_0936_00009246,68,9246,0.8603730201721191,8564470938850737220,2.1414115310035413,0.003890183084877208,0
0.0,0.0071341669827234,0.0071341669827234,0.11297027200635057,0.0790739000076428,0.0071341669827234,0.4283477370045148,0.11297027200635057,1.4947612370015122,0.9734720309788827,0.0790739000076428,0.9848333999980241,0.01136136901914142,0.08158009999897331,0.002446235012030229,1.607766064000316,0.007219995983177796,1784780460.2579167,1784780459.197123,1784780459.447123,0.00021724600810557604,0.00038737698923796415,0.002446235012030229,0.0059125379484612495,0.9999288320541382,0.4283477370045148,smoke-resnet50-cifar10-pi5-20260723-121831:v3,3,0.11297027200635057,unknown,0.9734720309788827,4.040001658722758e-05,0.00027269998099654913,0.0011642000172287226,0.07861369993770495,"{'device': [0, 1, 2, 3, 4, 5], 'edge': [6, 7, 8, 9, 10, 11], 'cloud': [12, 13, 14, 15, 16, 17, 18]}",19,final,cloud,True,7,1.0,5.0,1.0,1.607766064000316,-7.03883032000158,7,655e224f0abf4856ae0f36a278000f4b,69,"{'device_compute': 0.11297027200635057, 'd2e_transport': 0.4283477370045148, 'edge_queue': 0.0011642000172287226, 'edge_segment_compute': 0.07861369993770495, 'edge_exit_head_compute': 0.00027269998099654913, 'edge_exit_check': 4.040001658722758e-05, 'e2c_transport': 0.9734720309788827, 'cloud_queue': 0.002446235012030229, 'cloud_segment_compute': 0.0059125379484612495, 'cloud_exit_head_compute': 0.00038737698923796415, 'cloud_exit_check': 0.00021724600810557604, 'total_latency': 1.607766064000316, 'unattributed_overhead': 0.003921628100215457, 'request_id': '655e224f0abf4856ae0f36a278000f4b', 'user_id': 0, 'prediction': 7, 'exit_id': 'final', 'exit_boundary_id': 19, 'exit_location': 'cloud', 'confidence': 0.9999288320541382, 'executed_segments_by_node': {'device': [0, 1, 2, 3, 4, 5], 'edge': [6, 7, 8, 9, 10, 11], 'cloud': [12, 13, 14, 15, 16, 17, 18]}, 'nodes': [{'node': 'device', 'executed_segments': [0, 1, 2, 3, 4, 5], 'queue_s': 0.0, 'segment_compute_s': 0.11114582799200434, 'exit_head_compute_s': 0.0015630739944754168, 'exit_check_s': 7.175799692049623e-05, 'worker_elapsed_s': 0.11297027200635057}, {'node': 'edge', 'executed_segments': [6, 7, 8, 9, 10, 11], 'queue_s': 0.0011642000172287226, 'segment_compute_s': 0.07861369993770495, 'exit_head_compute_s': 0.00027269998099654913, 'exit_check_s': 4.040001658722758e-05, 'worker_elapsed_s': 0.07908619998488575}, {'node': 'cloud', 'executed_segments': [12, 13, 14, 15, 16, 17, 18], 'queue_s': 0.002446235012030229, 'segment_compute_s': 0.0059125379484612495, 'exit_head_compute_s': 0.00038737698923796415, 'exit_check_s': 0.00021724600810557604, 'worker_elapsed_s': 0.007219995983177796}], 'sample_id': 'balanced_007_0038_00000417', 'label': 7, 'correct': True, 'observed_utility': -7.03883032000158}",balanced_007_0038_00000417,69,417,0.8107936382293701,8564470938850737220,1.607766064000316,0.003921628100215457,0
0.0,0.0070631740090902895,0.0070631740090902895,0.11631480600044597,0.08437759999651462,0.0070631740090902895,0.2983017770020524,0.11631480600044597,1.9904868769954192,1.5936906540300697,0.08437759999651462,1.6049130000174046,0.011222345987334847,0.08727209997596219,0.0024122949980665,2.1068378670024686,0.007136767002521083,1784780461.9111998,1784780460.8437877,1784780461.0937877,0.0002166010090149939,0.00039132501115091145,0.0024122949980665,0.0058482430467847735,0.9999955892562866,0.2983017770020524,smoke-resnet50-cifar10-pi5-20260723-121831:v3,3,0.11631480600044597,unknown,1.5936906540300697,4.429998807609081e-05,0.0003163999645039439,0.0015168999671004713,0.08384530001785606,"{'device': [0, 1, 2, 3, 4, 5], 'edge': [6, 7, 8, 9, 10, 11], 'cloud': [12, 13, 14, 15, 16, 17, 18]}",19,final,cloud,True,5,1.0,5.0,1.0,2.1068378670024686,-9.534189335012343,5,ef5caa87ed3348f28bf566f21e424b9f,70,"{'device_compute': 0.11631480600044597, 'd2e_transport': 0.2983017770020524, 'edge_queue': 0.0015168999671004713, 'edge_segment_compute': 0.08384530001785606, 'edge_exit_head_compute': 0.0003163999645039439, 'edge_exit_check': 4.429998807609081e-05, 'e2c_transport': 1.5936906540300697, 'cloud_queue': 0.0024122949980665, 'cloud_segment_compute': 0.0058482430467847735, 'cloud_exit_head_compute': 0.00039132501115091145, 'cloud_exit_check': 0.0002166010090149939, 'total_latency': 2.1068378670024686, 'unattributed_overhead': 0.003939265967346728, 'request_id': 'ef5caa87ed3348f28bf566f21e424b9f', 'user_id': 0, 'prediction': 5, 'exit_id': 'final', 'exit_boundary_id': 19, 'exit_location': 'cloud', 'confidence': 0.9999955892562866, 'executed_segments_by_node': {'device': [0, 1, 2, 3, 4, 5], 'edge': [6, 7, 8, 9, 10, 11], 'cloud': [12, 13, 14, 15, 16, 17, 18]}, 'nodes': [{'node': 'device', 'executed_segments': [0, 1, 2, 3, 4, 5], 'queue_s': 0.0, 'segment_compute_s': 0.11504667400731705, 'exit_head_compute_s': 0.0010188949963776395, 'exit_check_s': 6.329600000753999e-05, 'worker_elapsed_s': 0.11631480600044597}, {'node': 'edge', 'executed_segments': [6, 7, 8, 9, 10, 11], 'queue_s': 0.0015168999671004713, 'segment_compute_s': 0.08384530001785606, 'exit_head_compute_s': 0.0003163999645039439, 'exit_check_s': 4.429998807609081e-05, 'worker_elapsed_s': 0.08439060003729537}, {'node': 'cloud', 'executed_segments': [12, 13, 14, 15, 16, 17, 18], 'queue_s': 0.0024122949980665, 'segment_compute_s': 0.0058482430467847735, 'exit_head_compute_s': 0.00039132501115091145, 'exit_check_s': 0.0002166010090149939, 'worker_elapsed_s': 0.007136767002521083}], 'sample_id': 'balanced_005_0634_00006278', 'label': 5, 'correct': True, 'observed_utility': -9.534189335012343}",balanced_005_0634_00006278,70,6278,0.8174121379852295,8564470938850737220,2.1068378670024686,0.003939265967346728,0
0.0,0.0070195300213526934,0.0070195300213526934,0.12407197299762629,0.08074000000488013,0.0070195300213526934,0.3742041990044527,0.12407197299762629,1.3655733990017325,0.8964689989807084,0.08074000000488013,0.9078931999974884,0.011424201016779989,0.08347599999979138,0.00237916101468727,1.4896803349984111,0.0071029679966159165,1784780464.058105,1784780462.9961438,1784780463.2461438,0.0002148360072169453,0.000390244007576257,0.00237916101468727,0.005804199987323955,1.0,0.3742041990044527,smoke-resnet50-cifar10-pi5-20260723-121831:v3,3,0.12407197299762629,unknown,0.8964689989807084,4.2199972085654736e-05,0.00028520001797005534,0.001325200020801276,0.08026389998849481,"{'device': [0, 1, 2, 3, 4, 5], 'edge': [6, 7, 8, 9, 10, 11], 'cloud': [12, 13, 14, 15, 16, 17, 18]}",19,final,cloud,True,1,1.0,5.0,1.0,1.4896803349984111,-6.448401674992056,1,f9ecbf3c550047f89772366145e2c04a,71,"{'device_compute': 0.12407197299762629, 'd2e_transport': 0.3742041990044527, 'edge_queue': 0.001325200020801276, 'edge_segment_compute': 0.08026389998849481, 'edge_exit_head_compute': 0.00028520001797005534, 'edge_exit_check': 4.2199972085654736e-05, 'e2c_transport': 0.8964689989807084, 'cloud_queue': 0.00237916101468727, 'cloud_segment_compute': 0.005804199987323955, 'cloud_exit_head_compute': 0.000390244007576257, 'cloud_exit_check': 0.0002148360072169453, 'total_latency': 1.4896803349984111, 'unattributed_overhead': 0.0042302229994675145, 'request_id': 'f9ecbf3c550047f89772366145e2c04a', 'user_id': 0, 'prediction': 1, 'exit_id': 'final', 'exit_boundary_id': 19, 'exit_location': 'cloud', 'confidence': 1.0, 'executed_segments_by_node': {'device': [0, 1, 2, 3, 4, 5], 'edge': [6, 7, 8, 9, 10, 11], 'cloud': [12, 13, 14, 15, 16, 17, 18]}, 'nodes': [{'node': 'device', 'executed_segments': [0, 1, 2, 3, 4, 5], 'queue_s': 0.0, 'segment_compute_s': 0.12282613600837067, 'exit_head_compute_s': 0.0009703589894343168, 'exit_check_s': 6.142500205896795e-05, 'worker_elapsed_s': 0.12407197299762629}, {'node': 'edge', 'executed_segments': [6, 7, 8, 9, 10, 11], 'queue_s': 0.001325200020801276, 'segment_compute_s': 0.08026389998849481, 'exit_head_compute_s': 0.00028520001797005534, 'exit_check_s': 4.2199972085654736e-05, 'worker_elapsed_s': 0.08075319998897612}, {'node': 'cloud', 'executed_segments': [12, 13, 14, 15, 16, 17, 18], 'queue_s': 0.00237916101468727, 'segment_compute_s': 0.005804199987323955, 'exit_head_compute_s': 0.000390244007576257, 'exit_check_s': 0.0002148360072169453, 'worker_elapsed_s': 0.0071029679966159165}], 'sample_id': 'balanced_001_0697_00007053', 'label': 1, 'correct': True, 'observed_utility': -6.448401674992056}",balanced_001_0697_00007053,71,7053,0.8119611740112305,8564470938850737220,1.4896803349984111,0.0042302229994675145,0
0.0,0.0070739729853812605,0.0070739729853812605,0.11732859000039753,0.07756469998275861,0.0070739729853812605,0.29456101200776175,0.11732859000039753,1.29229121201206,0.9061840769718401,0.07756469998275861,0.917569299985189,0.011385223013348877,0.08016090001910925,0.0024806690053083003,1.4096558029996231,0.007152670994400978,1784780465.579929,1784780464.518693,1784780464.768693,0.00021790299797430634,0.00039341699448414147,0.0024806690053083003,0.005779001978226006,0.9987360835075378,0.29456101200776175,smoke-resnet50-cifar10-pi5-20260723-121831:v3,3,0.11732859000039753,unknown,0.9061840769718401,4.140002420172095e-05,0.000270900025498122,0.0012339999666437507,0.07711010001366958,"{'device': [0, 1, 2, 3, 4, 5], 'edge': [6, 7, 8, 9, 10, 11], 'cloud': [12, 13, 14, 15, 16, 17, 18]}",19,final,cloud,True,3,1.0,5.0,1.0,1.4096558029996231,-6.048279014998116,3,12c3f308e20f466eb33b93202f052a3a,72,"{'device_compute': 0.11732859000039753, 'd2e_transport': 0.29456101200776175, 'edge_queue': 0.0012339999666437507, 'edge_segment_compute': 0.07711010001366958, 'edge_exit_head_compute': 0.000270900025498122, 'edge_exit_check': 4.140002420172095e-05, 'e2c_transport': 0.9061840769718401, 'cloud_queue': 0.0024806690053083003, 'cloud_segment_compute': 0.005779001978226006, 'cloud_exit_head_compute': 0.00039341699448414147, 'cloud_exit_check': 0.00021790299797430634, 'total_latency': 1.4096558029996231, 'unattributed_overhead': 0.004054733013617806, 'request_id': '12c3f308e20f466eb33b93202f052a3a', 'user_id': 0, 'prediction': 3, 'exit_id': 'final', 'exit_boundary_id': 19, 'exit_location': 'cloud', 'confidence': 0.9987360835075378, 'executed_segments_by_node': {'device': [0, 1, 2, 3, 4, 5], 'edge': [6, 7, 8, 9, 10, 11], 'cloud': [12, 13, 14, 15, 16, 17, 18]}, 'nodes': [{'node': 'device', 'executed_segments': [0, 1, 2, 3, 4, 5], 'queue_s': 0.0, 'segment_compute_s': 0.1160360139911063, 'exit_head_compute_s': 0.0010134699987247586, 'exit_check_s': 6.644400127697736e-05, 'worker_elapsed_s': 0.11732859000039753}, {'node': 'edge', 'executed_segments': [6, 7, 8, 9, 10, 11], 'queue_s': 0.0012339999666437507, 'segment_compute_s': 0.07711010001366958, 'exit_head_compute_s': 0.000270900025498122, 'exit_check_s': 4.140002420172095e-05, 'worker_elapsed_s': 0.07757740002125502}, {'node': 'cloud', 'executed_segments': [12, 13, 14, 15, 16, 17, 18], 'queue_s': 0.0024806690053083003, 'segment_compute_s': 0.005779001978226006, 'exit_head_compute_s': 0.00039341699448414147, 'exit_check_s': 0.00021790299797430634, 'worker_elapsed_s': 0.007152670994400978}], 'sample_id': 'balanced_003_0403_00004156', 'label': 3, 'correct': True, 'observed_utility': -6.048279014998116}",balanced_003_0403_00004156,72,4156,0.8112361431121826,8564470938850737220,1.4096558029996231,0.004054733013617806,0
0.0,0.006968700996367261,0.006968700996367261,0.11658487698878162,0.0797817999846302,0.006968700996367261,0.4237972129631089,0.11658487698878162,1.4847204130055616,0.9674290450348053,0.0797817999846302,0.9785187000525184,0.011089655017713085,0.08240449998993427,0.0024270550056826323,1.601340066990815,0.007036963012069464,1784780467.0212955,1784780465.9584284,1784780466.2084284,0.00020558599499054253,0.0003780350089073181,0.0024270550056826323,0.005797691963380203,0.9999978542327881,0.4237972129631089,smoke-resnet50-cifar10-pi5-20260723-121831:v3,3,0.11658487698878162,unknown,0.9674290450348053,4.1499966755509377e-05,0.0002856000210158527,0.0012120999745093286,0.07930430001579225,"{'device': [0, 1, 2, 3, 4, 5], 'edge': [6, 7, 8, 9, 10, 11], 'cloud': [12, 13, 14, 15, 16, 17, 18]}",19,final,cloud,True,4,1.0,5.0,1.0,1.601340066990815,-7.0067003349540755,4,5421ec655daa47c1a30ccd43cb54f7c6,73,"{'device_compute': 0.11658487698878162, 'd2e_transport': 0.4237972129631089, 'edge_queue': 0.0012120999745093286, 'edge_segment_compute': 0.07930430001579225, 'edge_exit_head_compute': 0.0002856000210158527, 'edge_exit_check': 4.1499966755509377e-05, 'e2c_transport': 0.9674290450348053, 'cloud_queue': 0.0024270550056826323, 'cloud_segment_compute': 0.005797691963380203, 'cloud_exit_head_compute': 0.0003780350089073181, 'cloud_exit_check': 0.00020558599499054253, 'total_latency': 1.601340066990815, 'unattributed_overhead': 0.0038770640530856326, 'request_id': '5421ec655daa47c1a30ccd43cb54f7c6', 'user_id': 0, 'prediction': 4, 'exit_id': 'final', 'exit_boundary_id': 19, 'exit_location': 'cloud', 'confidence': 0.9999978542327881, 'executed_segments_by_node': {'device': [0, 1, 2, 3, 4, 5], 'edge': [6, 7, 8, 9, 10, 11], 'cloud': [12, 13, 14, 15, 16, 17, 18]}, 'nodes': [{'node': 'device', 'executed_segments': [0, 1, 2, 3, 4, 5], 'queue_s': 0.0, 'segment_compute_s': 0.1148165449994849, 'exit_head_compute_s': 0.0015015370008768514, 'exit_check_s': 7.492500299122185e-05, 'worker_elapsed_s': 0.11658487698878162}, {'node': 'edge', 'executed_segments': [6, 7, 8, 9, 10, 11], 'queue_s': 0.0012120999745093286, 'segment_compute_s': 0.07930430001579225, 'exit_head_compute_s': 0.0002856000210158527, 'exit_check_s': 4.1499966755509377e-05, 'worker_elapsed_s': 0.0797941000200808}, {'node': 'cloud', 'executed_segments': [12, 13, 14, 15, 16, 17, 18], 'queue_s': 0.0024270550056826323, 'segment_compute_s': 0.005797691963380203, 'exit_head_compute_s': 0.0003780350089073181, 'exit_check_s': 0.00020558599499054253, 'worker_elapsed_s': 0.007036963012069464}], 'sample_id': 'balanced_004_0958_00009574', 'label': 4, 'correct': True, 'observed_utility': -7.0067003349540755}",balanced_004_0958_00009574,73,9574,0.8128671646118164,8564470938850737220,1.601340066990815,0.0038770640530856326,0
0.0,0.006992434995481744,0.006992434995481744,0.1568323249957757,0.08173159998841584,0.006992434995481744,0.2450380290101748,0.1568323249957757,1.9606445289973635,1.6195274669735227,0.08173159998841584,1.6310206999769434,0.011493233003420755,0.0845858000102453,0.002537544001825154,2.1175130759947933,0.007068503007758409,1784780468.657453,1784780467.5931134,1784780467.8431134,0.0002488049794919789,0.00039043897413648665,0.002537544001825154,0.005732008023187518,0.9998370409011841,0.2450380290101748,smoke-resnet50-cifar10-pi5-20260723-121831:v3,3,0.1568323249957757,unknown,1.6195274669735227,4.239997360855341e-05,0.0002932000206783414,0.0013392999535426497,0.08124390005832538,"{'device': [0, 1, 2, 3, 4, 5], 'edge': [6, 7, 8, 9, 10, 11], 'cloud': [12, 13, 14, 15, 16, 17, 18]}",19,final,cloud,True,0,1.0,5.0,1.0,2.1175130759947933,-9.587565379973967,0,608127da1c034b0a816374d485b04c76,74,"{'device_compute': 0.1568323249957757, 'd2e_transport': 0.2450380290101748, 'edge_queue': 0.0013392999535426497, 'edge_segment_compute': 0.08124390005832538, 'edge_exit_head_compute': 0.0002932000206783414, 'edge_exit_check': 4.239997360855341e-05, 'e2c_transport': 1.6195274669735227, 'cloud_queue': 0.002537544001825154, 'cloud_segment_compute': 0.005732008023187518, 'cloud_exit_head_compute': 0.00039043897413648665, 'cloud_exit_check': 0.0002488049794919789, 'total_latency': 2.1175130759947933, 'unattributed_overhead': 0.0042876590305240825, 'request_id': '608127da1c034b0a816374d485b04c76', 'user_id': 0, 'prediction': 0, 'exit_id': 'final', 'exit_boundary_id': 19, 'exit_location': 'cloud', 'confidence': 0.9998370409011841, 'executed_segments_by_node': {'device': [0, 1, 2, 3, 4, 5], 'edge': [6, 7, 8, 9, 10, 11], 'cloud': [12, 13, 14, 15, 16, 17, 18]}, 'nodes': [{'node': 'device', 'executed_segments': [0, 1, 2, 3, 4, 5], 'queue_s': 0.0, 'segment_compute_s': 0.15426018898142502, 'exit_head_compute_s': 0.0022900469921296462, 'exit_check_s': 8.277699816972017e-05, 'worker_elapsed_s': 0.1568323249957757}, {'node': 'edge', 'executed_segments': [6, 7, 8, 9, 10, 11], 'queue_s': 0.0013392999535426497, 'segment_compute_s': 0.08124390005832538, 'exit_head_compute_s': 0.0002932000206783414, 'exit_check_s': 4.239997360855341e-05, 'worker_elapsed_s': 0.08174390002386644}, {'node': 'cloud', 'executed_segments': [12, 13, 14, 15, 16, 17, 18], 'queue_s': 0.002537544001825154, 'segment_compute_s': 0.005732008023187518, 'exit_head_compute_s': 0.00039043897413648665, 'exit_check_s': 0.0002488049794919789, 'worker_elapsed_s': 0.007068503007758409}], 'sample_id': 'balanced_000_0773_00007733', 'label': 0, 'correct': True, 'observed_utility': -9.587565379973967}",balanced_000_0773_00007733,74,7733,0.8143396377563477,8564470938850737220,2.1175130759947933,0.0042876590305240825,0
0.0,0.006944685010239482,0.006944685010239482,0.12018296399037354,0.08154499996453524,0.006944685010239482,0.27255775607773103,0.12018296399037354,1.4704671560029965,1.1024041589407716,0.08154499996453524,1.113557399949059,0.011153241008287296,0.08435199997620657,0.0025046569935511798,1.5906851570034632,0.007020180026302114,1784780470.8261724,1784780469.761879,1784780470.011879,0.00020996900275349617,0.0004308920179028064,0.0025046569935511798,0.005695635016309097,0.9999961853027344,0.27255775607773103,smoke-resnet50-cifar10-pi5-20260723-121831:v3,3,0.12018296399037354,unknown,1.1024041589407716,4.630000330507755e-05,0.0003201999934390187,0.0014547999599017203,0.0810311000677757,"{'device': [0, 1, 2, 3, 4, 5], 'edge': [6, 7, 8, 9, 10, 11], 'cloud': [12, 13, 14, 15, 16, 17, 18]}",19,final,cloud,True,2,1.0,5.0,1.0,1.5906851570034632,-6.953425785017316,2,c6fc7b7ea0f444a5a7427cf4499d5494,75,"{'device_compute': 0.12018296399037354, 'd2e_transport': 0.27255775607773103, 'edge_queue': 0.0014547999599017203, 'edge_segment_compute': 0.0810311000677757, 'edge_exit_head_compute': 0.0003201999934390187, 'edge_exit_check': 4.630000330507755e-05, 'e2c_transport': 1.1024041589407716, 'cloud_queue': 0.0025046569935511798, 'cloud_segment_compute': 0.005695635016309097, 'cloud_exit_head_compute': 0.0004308920179028064, 'cloud_exit_check': 0.00020996900275349617, 'total_latency': 1.5906851570034632, 'unattributed_overhead': 0.0038467249396489933, 'request_id': 'c6fc7b7ea0f444a5a7427cf4499d5494', 'user_id': 0, 'prediction': 2, 'exit_id': 'final', 'exit_boundary_id': 19, 'exit_location': 'cloud', 'confidence': 0.9999961853027344, 'executed_segments_by_node': {'device': [0, 1, 2, 3, 4, 5], 'edge': [6, 7, 8, 9, 10, 11], 'cloud': [12, 13, 14, 15, 16, 17, 18]}, 'nodes': [{'node': 'device', 'executed_segments': [0, 1, 2, 3, 4, 5], 'queue_s': 0.0, 'segment_compute_s': 0.11870237099356018, 'exit_head_compute_s': 0.001210467002238147, 'exit_check_s': 6.283300172071904e-05, 'worker_elapsed_s': 0.12018296399037354}, {'node': 'edge', 'executed_segments': [6, 7, 8, 9, 10, 11], 'queue_s': 0.0014547999599017203, 'segment_compute_s': 0.0810311000677757, 'exit_head_compute_s': 0.0003201999934390187, 'exit_check_s': 4.630000330507755e-05, 'worker_elapsed_s': 0.08155760000227019}, {'node': 'cloud', 'executed_segments': [12, 13, 14, 15, 16, 17, 18], 'queue_s': 0.0025046569935511798, 'segment_compute_s': 0.005695635016309097, 'exit_head_compute_s': 0.0004308920179028064, 'exit_check_s': 0.00020996900275349617, 'worker_elapsed_s': 0.007020180026302114}], 'sample_id': 'balanced_002_0554_00005514', 'label': 2, 'correct': True, 'observed_utility': -6.953425785017316}",balanced_002_0554_00005514,75,5514,0.814293384552002,8564470938850737220,1.5906851570034632,0.0038467249396489933,0
0.0,0.006974607007578015,0.006974607007578015,0.15955688599206042,0.05572720000054687,0.006974607007578015,0.38444992899894714,0.15955688599206042,1.5531075290055014,1.0989170069806278,0.05572720000054687,1.1101835999870673,0.011266593006439507,0.058474000019486994,0.002565179020166397,1.7127041179919615,0.007050477986922488,1784780472.5489562,1784780471.4843423,1784780471.7343423,0.00021201997878961265,0.000430669984780252,0.002565179020166397,0.005690945021342486,0.7863319516181946,0.38444992899894714,smoke-resnet50-cifar10-pi5-20260723-121831:v3,3,0.15955688599206042,unknown,1.0989170069806278,4.060001811012626e-05,0.00029170000925660133,0.001552600006107241,0.055266199982725084,"{'device': [0, 1, 2, 3, 4, 5], 'edge': [6, 7, 8, 9, 10, 11], 'cloud': [12, 13, 14, 15, 16, 17, 18]}",19,final,cloud,True,5,1.0,5.0,1.0,1.7127041179919615,-7.563520589959808,5,45c15fef59c647bb85f38910df538eb0,76,"{'device_compute': 0.15955688599206042, 'd2e_transport': 0.38444992899894714, 'edge_queue': 0.001552600006107241, 'edge_segment_compute': 0.055266199982725084, 'edge_exit_head_compute': 0.00029170000925660133, 'edge_exit_check': 4.060001811012626e-05, 'e2c_transport': 1.0989170069806278, 'cloud_queue': 0.002565179020166397, 'cloud_segment_compute': 0.005690945021342486, 'cloud_exit_head_compute': 0.000430669984780252, 'cloud_exit_check': 0.00021201997878961265, 'total_latency': 1.7127041179919615, 'unattributed_overhead': 0.0037303819990484044, 'request_id': '45c15fef59c647bb85f38910df538eb0', 'user_id': 0, 'prediction': 5, 'exit_id': 'final', 'exit_boundary_id': 19, 'exit_location': 'cloud', 'confidence': 0.7863319516181946, 'executed_segments_by_node': {'device': [0, 1, 2, 3, 4, 5], 'edge': [6, 7, 8, 9, 10, 11], 'cloud': [12, 13, 14, 15, 16, 17, 18]}, 'nodes': [{'node': 'device', 'executed_segments': [0, 1, 2, 3, 4, 5], 'queue_s': 0.0, 'segment_compute_s': 0.1582964570116019, 'exit_head_compute_s': 0.000977062009042129, 'exit_check_s': 7.685100717935711e-05, 'worker_elapsed_s': 0.15955688599206042}, {'node': 'edge', 'executed_segments': [6, 7, 8, 9, 10, 11], 'queue_s': 0.001552600006107241, 'segment_compute_s': 0.055266199982725084, 'exit_head_compute_s': 0.00029170000925660133, 'exit_check_s': 4.060001811012626e-05, 'worker_elapsed_s': 0.0557418999960646}, {'node': 'cloud', 'executed_segments': [12, 13, 14, 15, 16, 17, 18], 'queue_s': 0.002565179020166397, 'segment_compute_s': 0.005690945021342486, 'exit_head_compute_s': 0.000430669984780252, 'exit_check_s': 0.00021201997878961265, 'worker_elapsed_s': 0.007050477986922488}], 'sample_id': 'balanced_005_0126_00001506', 'label': 5, 'correct': True, 'observed_utility': -7.563520589959808}",balanced_005_0126_00001506,76,1506,0.8146138191223145,8564470938850737220,1.7127041179919615,0.0037303819990484044,0
0.0,0.007042098994133994,0.007042098994133994,0.11516617199231405,0.07990409998456016,0.007042098994133994,0.3659575809724629,0.11516617199231405,1.4896922810003161,1.0299255189893302,0.07990409998456016,1.0413720000069588,0.011446481017628685,0.08236270002089441,0.0024909979838412255,1.6048936559964204,0.007114640000509098,1784780474.2920485,1784780473.2297873,1784780473.4797873,0.00021147102233953774,0.0003951560065615922,0.0024909979838412255,0.005781348008895293,0.9999983310699463,0.3659575809724629,smoke-resnet50-cifar10-pi5-20260723-121831:v3,3,0.11516617199231405,unknown,1.0299255189893302,4.160002572461963e-05,0.0002806999837048352,0.0011709000100381672,0.07941640011267737,"{'device': [0, 1, 2, 3, 4, 5], 'edge': [6, 7, 8, 9, 10, 11], 'cloud': [12, 13, 14, 15, 16, 17, 18]}",19,final,cloud,True,4,1.0,5.0,1.0,1.6048936559964204,-7.024468279982102,4,226ec85040804786a82b1ac1471eadf9,77,"{'device_compute': 0.11516617199231405, 'd2e_transport': 0.3659575809724629, 'edge_queue': 0.0011709000100381672, 'edge_segment_compute': 0.07941640011267737, 'edge_exit_head_compute': 0.0002806999837048352, 'edge_exit_check': 4.160002572461963e-05, 'e2c_transport': 1.0299255189893302, 'cloud_queue': 0.0024909979838412255, 'cloud_segment_compute': 0.005781348008895293, 'cloud_exit_head_compute': 0.0003951560065615922, 'cloud_exit_check': 0.00021147102233953774, 'total_latency': 1.6048936559964204, 'unattributed_overhead': 0.0040558108885306865, 'request_id': '226ec85040804786a82b1ac1471eadf9', 'user_id': 0, 'prediction': 4, 'exit_id': 'final', 'exit_boundary_id': 19, 'exit_location': 'cloud', 'confidence': 0.9999983310699463, 'executed_segments_by_node': {'device': [0, 1, 2, 3, 4, 5], 'edge': [6, 7, 8, 9, 10, 11], 'cloud': [12, 13, 14, 15, 16, 17, 18]}, 'nodes': [{'node': 'device', 'executed_segments': [0, 1, 2, 3, 4, 5], 'queue_s': 0.0, 'segment_compute_s': 0.11389670398784801, 'exit_head_compute_s': 0.0010060999920824543, 'exit_check_s': 6.88519940013066e-05, 'worker_elapsed_s': 0.11516617199231405}, {'node': 'edge', 'executed_segments': [6, 7, 8, 9, 10, 11], 'queue_s': 0.0011709000100381672, 'segment_compute_s': 0.07941640011267737, 'exit_head_compute_s': 0.0002806999837048352, 'exit_check_s': 4.160002572461963e-05, 'worker_elapsed_s': 0.07991630001924932}, {'node': 'cloud', 'executed_segments': [12, 13, 14, 15, 16, 17, 18], 'queue_s': 0.0024909979838412255, 'segment_compute_s': 0.005781348008895293, 'exit_head_compute_s': 0.0003951560065615922, 'exit_check_s': 0.00021147102233953774, 'worker_elapsed_s': 0.007114640000509098}], 'sample_id': 'balanced_004_0718_00006967', 'label': 4, 'correct': True, 'observed_utility': -7.024468279982102}",balanced_004_0718_00006967,77,6967,0.8122611045837402,8564470938850737220,1.6048936559964204,0.0040558108885306865,0
0.0,0.006951331015443429,0.006951331015443429,0.12671183100610506,0.07898910000221804,0.006951331015443429,0.2835322800674476,0.12671183100610506,1.9758634800091386,1.5990424279589206,0.07898910000221804,1.610708199965302,0.011665772006381303,0.08162299997638911,0.0026155640080105513,2.102611569003784,0.007026281993603334,1784780475.946624,1784780474.880342,1784780475.130342,0.00021237501641735435,0.0004252800135873258,0.0026155640080105513,0.005694956955267116,0.999996542930603,0.2835322800674476,smoke-resnet50-cifar10-pi5-20260723-121831:v3,3,0.12671183100610506,unknown,1.5990424279589206,4.0899962186813354e-05,0.00029390002600848675,0.0013336999691091478,0.07850840006722137,"{'device': [0, 1, 2, 3, 4, 5], 'edge': [6, 7, 8, 9, 10, 11], 'cloud': [12, 13, 14, 15, 16, 17, 18]}",19,final,cloud,True,2,1.0,5.0,1.0,2.102611569003784,-9.51305784501892,2,f942c79d6dd44dbfa22d29fada70a2bd,78,"{'device_compute': 0.12671183100610506, 'd2e_transport': 0.2835322800674476, 'edge_queue': 0.0013336999691091478, 'edge_segment_compute': 0.07850840006722137, 'edge_exit_head_compute': 0.00029390002600848675, 'edge_exit_check': 4.0899962186813354e-05, 'e2c_transport': 1.5990424279589206, 'cloud_queue': 0.0026155640080105513, 'cloud_segment_compute': 0.005694956955267116, 'cloud_exit_head_compute': 0.0004252800135873258, 'cloud_exit_check': 0.00021237501641735435, 'total_latency': 2.102611569003784, 'unattributed_overhead': 0.0041999539535027, 'request_id': 'f942c79d6dd44dbfa22d29fada70a2bd', 'user_id': 0, 'prediction': 2, 'exit_id': 'final', 'exit_boundary_id': 19, 'exit_location': 'cloud', 'confidence': 0.999996542930603, 'executed_segments_by_node': {'device': [0, 1, 2, 3, 4, 5], 'edge': [6, 7, 8, 9, 10, 11], 'cloud': [12, 13, 14, 15, 16, 17, 18]}, 'nodes': [{'node': 'device', 'executed_segments': [0, 1, 2, 3, 4, 5], 'queue_s': 0.0, 'segment_compute_s': 0.12539982800080907, 'exit_head_compute_s': 0.0010250990017084405, 'exit_check_s': 6.959200254641473e-05, 'worker_elapsed_s': 0.12671183100610506}, {'node': 'edge', 'executed_segments': [6, 7, 8, 9, 10, 11], 'queue_s': 0.0013336999691091478, 'segment_compute_s': 0.07850840006722137, 'exit_head_compute_s': 0.00029390002600848675, 'exit_check_s': 4.0899962186813354e-05, 'worker_elapsed_s': 0.07900180004071444}, {'node': 'cloud', 'executed_segments': [12, 13, 14, 15, 16, 17, 18], 'queue_s': 0.0026155640080105513, 'segment_compute_s': 0.005694956955267116, 'exit_head_compute_s': 0.0004252800135873258, 'exit_check_s': 0.00021237501641735435, 'worker_elapsed_s': 0.007026281993603334}], 'sample_id': 'balanced_002_0183_00001876', 'label': 2, 'correct': True, 'observed_utility': -9.51305784501892}",balanced_002_0183_00001876,78,1876,0.8162820339202881,8564470938850737220,2.102611569003784,0.0041999539535027,0
0.0,0.007407104014419019,0.007407104014419019,0.1199110410088906,0.08069889998296276,0.007407104014419019,0.5137673800199991,0.1199110410088906,1.6016128799965372,0.9920330020249821,0.08069889998296276,1.0045970000210218,0.012563997996039689,0.08324849995551631,0.003010554995853454,1.7215589580009691,0.007541953003965318,1784780478.097336,1784780477.0260572,1784780477.2760572,0.00023509003221988678,0.0004379190213512629,0.003010554995853454,0.006101356993895024,0.9999971389770508,0.5137673800199991,smoke-resnet50-cifar10-pi5-20260723-121831:v3,3,0.1199110410088906,unknown,0.9920330020249821,5.4100004490464926e-05,0.0002933000214397907,0.0012330000172369182,0.08011400001123548,"{'device': [0, 1, 2, 3, 4, 5], 'edge': [6, 7, 8, 9, 10, 11], 'cloud': [12, 13, 14, 15, 16, 17, 18]}",19,final,cloud,True,8,1.0,5.0,1.0,1.7215589580009691,-7.607794790004846,8,4a6ccc4fd3a74b4fae332497996d0618,79,"{'device_compute': 0.1199110410088906, 'd2e_transport': 0.5137673800199991, 'edge_queue': 0.0012330000172369182, 'edge_segment_compute': 0.08011400001123548, 'edge_exit_head_compute': 0.0002933000214397907, 'edge_exit_check': 5.4100004490464926e-05, 'e2c_transport': 0.9920330020249821, 'cloud_queue': 0.003010554995853454, 'cloud_segment_compute': 0.006101356993895024, 'cloud_exit_head_compute': 0.0004379190213512629, 'cloud_exit_check': 0.00023509003221988678, 'total_latency': 1.7215589580009691, 'unattributed_overhead': 0.0043682138493750244, 'request_id': '4a6ccc4fd3a74b4fae332497996d0618', 'user_id': 0, 'prediction': 8, 'exit_id': 'final', 'exit_boundary_id': 19, 'exit_location': 'cloud', 'confidence': 0.9999971389770508, 'executed_segments_by_node': {'device': [0, 1, 2, 3, 4, 5], 'edge': [6, 7, 8, 9, 10, 11], 'cloud': [12, 13, 14, 15, 16, 17, 18]}, 'nodes': [{'node': 'device', 'executed_segments': [0, 1, 2, 3, 4, 5], 'queue_s': 0.0, 'segment_compute_s': 0.11862957502307836, 'exit_head_compute_s': 0.0010158400109503418, 'exit_check_s': 6.924000626895577e-05, 'worker_elapsed_s': 0.1199110410088906}, {'node': 'edge', 'executed_segments': [6, 7, 8, 9, 10, 11], 'queue_s': 0.0012330000172369182, 'segment_compute_s': 0.08011400001123548, 'exit_head_compute_s': 0.0002933000214397907, 'exit_check_s': 5.4100004490464926e-05, 'worker_elapsed_s': 0.08071160002145916}, {'node': 'cloud', 'executed_segments': [12, 13, 14, 15, 16, 17, 18], 'queue_s': 0.003010554995853454, 'segment_compute_s': 0.006101356993895024, 'exit_head_compute_s': 0.0004379190213512629, 'exit_check_s': 0.00023509003221988678, 'worker_elapsed_s': 0.007541953003965318}], 'sample_id': 'balanced_008_0220_00002039', 'label': 8, 'correct': True, 'observed_utility': -7.607794790004846}",balanced_008_0220_00002039,79,2039,0.8212788105010986,8564470938850737220,1.7215589580009691,0.0043682138493750244,0
0.0,0.006984169973293319,0.006984169973293319,0.10332133100018837,0.07826880004722625,0.006984169973293319,0.3546906350093195,0.10332133100018837,1.5238576349947834,1.076587659015786,0.07826880004722625,1.0881259000161663,0.011538241000380367,0.08104109996929765,0.0026877979980781674,1.62721615099872,0.007061129988869652,1784780480.0142417,1784780478.8921828,1784780479.1421828,0.00021136199939064682,0.00038686799234710634,0.0026877979980781674,0.0057639820443000644,0.999991774559021,0.3546906350093195,smoke-resnet50-cifar10-pi5-20260723-121831:v3,3,0.10332133100018837,unknown,1.076587659015786,3.940000897273421e-05,0.00027050002245232463,0.0014126999885775149,0.077813999960199,"{'device': [0, 1, 2, 3, 4, 5], 'edge': [6, 7, 8, 9, 10, 11], 'cloud': [12, 13, 14, 15, 16, 17, 18]}",19,final,cloud,True,7,1.0,5.0,1.0,1.62721615099872,-7.1360807549936,7,c2b3eeb5474b48bb99da4df65f05a6da,80,"{'device_compute': 0.10332133100018837, 'd2e_transport': 0.3546906350093195, 'edge_queue': 0.0014126999885775149, 'edge_segment_compute': 0.077813999960199, 'edge_exit_head_compute': 0.00027050002245232463, 'edge_exit_check': 3.940000897273421e-05, 'e2c_transport': 1.076587659015786, 'cloud_queue': 0.0026877979980781674, 'cloud_segment_compute': 0.0057639820443000644, 'cloud_exit_head_compute': 0.00038686799234710634, 'cloud_exit_check': 0.00021136199939064682, 'total_latency': 1.62721615099872, 'unattributed_overhead': 0.004029915959108621, 'request_id': 'c2b3eeb5474b48bb99da4df65f05a6da', 'user_id': 0, 'prediction': 7, 'exit_id': 'final', 'exit_boundary_id': 19, 'exit_location': 'cloud', 'confidence': 0.999991774559021, 'executed_segments_by_node': {'device': [0, 1, 2, 3, 4, 5], 'edge': [6, 7, 8, 9, 10, 11], 'cloud': [12, 13, 14, 15, 16, 17, 18]}, 'nodes': [{'node': 'device', 'executed_segments': [0, 1, 2, 3, 4, 5], 'queue_s': 0.0, 'segment_compute_s': 0.10173807099636178, 'exit_head_compute_s': 0.0013228540046839043, 'exit_check_s': 7.25359859643504e-05, 'worker_elapsed_s': 0.10332133100018837}, {'node': 'edge', 'executed_segments': [6, 7, 8, 9, 10, 11], 'queue_s': 0.0014126999885775149, 'segment_compute_s': 0.077813999960199, 'exit_head_compute_s': 0.00027050002245232463, 'exit_check_s': 3.940000897273421e-05, 'worker_elapsed_s': 0.07828119996702299}, {'node': 'cloud', 'executed_segments': [12, 13, 14, 15, 16, 17, 18], 'queue_s': 0.0026877979980781674, 'segment_compute_s': 0.0057639820443000644, 'exit_head_compute_s': 0.00038686799234710634, 'exit_check_s': 0.00021136199939064682, 'worker_elapsed_s': 0.007061129988869652}], 'sample_id': 'balanced_007_0936_00009379', 'label': 7, 'correct': True, 'observed_utility': -7.1360807549936}",balanced_007_0936_00009379,80,9379,0.8720588684082031,8564470938850737220,1.62721615099872,0.004029915959108621,0
0.0,0.00706546800211072,0.00706546800211072,0.11275429200031795,0.0811968999914825,0.00706546800211072,0.3864225560100749,0.11275429200031795,1.3790890559903346,0.8967209349793848,0.0811968999914825,0.9083943999721669,0.011673464992782101,0.08427210000809282,0.0026939499948639423,1.4918793299875688,0.007161475019529462,1784780481.6785686,1784780480.614163,1784780480.864163,0.0002183490141760558,0.0003932500258088112,0.0026939499948639423,0.005836614000145346,0.9999959468841553,0.3864225560100749,smoke-resnet50-cifar10-pi5-20260723-121831:v3,3,0.11275429200031795,unknown,0.8967209349793848,4.2899977415800095e-05,0.00029250001534819603,0.001588699989952147,0.08070839999709278,"{'device': [0, 1, 2, 3, 4, 5], 'edge': [6, 7, 8, 9, 10, 11], 'cloud': [12, 13, 14, 15, 16, 17, 18]}",19,final,cloud,True,1,1.0,5.0,1.0,1.4918793299875688,-6.459396649937844,1,bb0a1e4372e347ba9a5ef098ad8ab5b2,81,"{'device_compute': 0.11275429200031795, 'd2e_transport': 0.3864225560100749, 'edge_queue': 0.001588699989952147, 'edge_segment_compute': 0.08070839999709278, 'edge_exit_head_compute': 0.00029250001534819603, 'edge_exit_check': 4.2899977415800095e-05, 'e2c_transport': 0.8967209349793848, 'cloud_queue': 0.0026939499948639423, 'cloud_segment_compute': 0.005836614000145346, 'cloud_exit_head_compute': 0.0003932500258088112, 'cloud_exit_check': 0.0002183490141760558, 'total_latency': 1.4918793299875688, 'unattributed_overhead': 0.004206883982988074, 'request_id': 'bb0a1e4372e347ba9a5ef098ad8ab5b2', 'user_id': 0, 'prediction': 1, 'exit_id': 'final', 'exit_boundary_id': 19, 'exit_location': 'cloud', 'confidence': 0.9999959468841553, 'executed_segments_by_node': {'device': [0, 1, 2, 3, 4, 5], 'edge': [6, 7, 8, 9, 10, 11], 'cloud': [12, 13, 14, 15, 16, 17, 18]}, 'nodes': [{'node': 'device', 'executed_segments': [0, 1, 2, 3, 4, 5], 'queue_s': 0.0, 'segment_compute_s': 0.11152797500835732, 'exit_head_compute_s': 0.0009644149977248162, 'exit_check_s': 6.0332007706165314e-05, 'worker_elapsed_s': 0.11275429200031795}, {'node': 'edge', 'executed_segments': [6, 7, 8, 9, 10, 11], 'queue_s': 0.001588699989952147, 'segment_compute_s': 0.08070839999709278, 'exit_head_compute_s': 0.00029250001534819603, 'exit_check_s': 4.2899977415800095e-05, 'worker_elapsed_s': 0.0812098000315018}, {'node': 'cloud', 'executed_segments': [12, 13, 14, 15, 16, 17, 18], 'queue_s': 0.0026939499948639423, 'segment_compute_s': 0.005836614000145346, 'exit_head_compute_s': 0.0003932500258088112, 'exit_check_s': 0.0002183490141760558, 'worker_elapsed_s': 0.007161475019529462}], 'sample_id': 'balanced_001_0330_00003449', 'label': 1, 'correct': True, 'observed_utility': -6.459396649937844}",balanced_001_0330_00003449,81,3449,0.8144056797027588,8564470938850737220,1.4918793299875688,0.004206883982988074,0
0.0,0.006988490000367165,0.006988490000367165,0.1298198119911831,0.08105209999484941,0.006988490000367165,0.3004643709718948,0.1298198119911831,1.3644814709987259,0.9676410160027444,0.08105209999484941,0.9801561000058427,0.012515084003098309,0.08386100002098829,0.002828063996275887,1.4943374860013137,0.007081315998220816,1784780483.2006104,1784780482.1369276,1784780482.3869276,0.00021057002595625818,0.0003831280046142638,0.002828063996275887,0.00575228501111269,0.9978076815605164,0.3004643709718948,smoke-resnet50-cifar10-pi5-20260723-121831:v3,3,0.1298198119911831,unknown,0.9676410160027444,4.139996599406004e-05,0.00028630002634599805,0.0014875000342726707,0.08056780003244057,"{'device': [0, 1, 2, 3, 4, 5], 'edge': [6, 7, 8, 9, 10, 11], 'cloud': [12, 13, 14, 15, 16, 17, 18]}",19,final,cloud,True,2,1.0,5.0,1.0,1.4943374860013137,-6.471687430006568,2,c1115cd094db40e2a91c316a06e8a476,82,"{'device_compute': 0.1298198119911831, 'd2e_transport': 0.3004643709718948, 'edge_queue': 0.0014875000342726707, 'edge_segment_compute': 0.08056780003244057, 'edge_exit_head_compute': 0.00028630002634599805, 'edge_exit_check': 4.139996599406004e-05, 'e2c_transport': 0.9676410160027444, 'cloud_queue': 0.002828063996275887, 'cloud_segment_compute': 0.00575228501111269, 'cloud_exit_head_compute': 0.0003831280046142638, 'cloud_exit_check': 0.00021057002595625818, 'total_latency': 1.4943374860013137, 'unattributed_overhead': 0.004855239938478917, 'request_id': 'c1115cd094db40e2a91c316a06e8a476', 'user_id': 0, 'prediction': 2, 'exit_id': 'final', 'exit_boundary_id': 19, 'exit_location': 'cloud', 'confidence': 0.9978076815605164, 'executed_segments_by_node': {'device': [0, 1, 2, 3, 4, 5], 'edge': [6, 7, 8, 9, 10, 11], 'cloud': [12, 13, 14, 15, 16, 17, 18]}, 'nodes': [{'node': 'device', 'executed_segments': [0, 1, 2, 3, 4, 5], 'queue_s': 0.0, 'segment_compute_s': 0.12720917598926462, 'exit_head_compute_s': 0.002337101992452517, 'exit_check_s': 7.959200593177229e-05, 'worker_elapsed_s': 0.1298198119911831}, {'node': 'edge', 'executed_segments': [6, 7, 8, 9, 10, 11], 'queue_s': 0.0014875000342726707, 'segment_compute_s': 0.08056780003244057, 'exit_head_compute_s': 0.00028630002634599805, 'exit_check_s': 4.139996599406004e-05, 'worker_elapsed_s': 0.08106409996980801}, {'node': 'cloud', 'executed_segments': [12, 13, 14, 15, 16, 17, 18], 'queue_s': 0.002828063996275887, 'segment_compute_s': 0.00575228501111269, 'exit_head_compute_s': 0.0003831280046142638, 'exit_check_s': 0.00021057002595625818, 'worker_elapsed_s': 0.007081315998220816}], 'sample_id': 'balanced_002_0327_00003139', 'label': 2, 'correct': True, 'observed_utility': -6.471687430006568}",balanced_002_0327_00003139,82,3139,0.8136827945709229,8564470938850737220,1.4943374860013137,0.004855239938478917,0
0.0,0.007096296001691371,0.007096296001691371,0.12465187400812283,0.07959760003723204,0.007096296001691371,0.3198079489811789,0.12465187400812283,1.6908587490033824,1.2760895089886617,0.07959760003723204,1.2886482999892905,0.012558791000628844,0.08240250003291294,0.0034086410014424473,1.8155456040112767,0.00720460998127237,1784780484.7301047,1784780483.6668074,1784780483.9168074,0.0002171860251110047,0.00039524599560536444,0.0034086410014424473,0.005871043016668409,0.9999727010726929,0.3198079489811789,smoke-resnet50-cifar10-pi5-20260723-121831:v3,3,0.12465187400812283,unknown,1.2760895089886617,4.069996066391468e-05,0.0002938000252470374,0.0013241000124253333,0.07911490002879873,"{'device': [0, 1, 2, 3, 4, 5], 'edge': [6, 7, 8, 9, 10, 11], 'cloud': [12, 13, 14, 15, 16, 17, 18]}",19,final,cloud,True,7,1.0,5.0,1.0,1.8155456040112767,-8.077728020056384,7,d300b702025a4e24b36371085faad249,83,"{'device_compute': 0.12465187400812283, 'd2e_transport': 0.3198079489811789, 'edge_queue': 0.0013241000124253333, 'edge_segment_compute': 0.07911490002879873, 'edge_exit_head_compute': 0.0002938000252470374, 'edge_exit_check': 4.069996066391468e-05, 'e2c_transport': 1.2760895089886617, 'cloud_queue': 0.0034086410014424473, 'cloud_segment_compute': 0.005871043016668409, 'cloud_exit_head_compute': 0.00039524599560536444, 'cloud_exit_check': 0.0002171860251110047, 'total_latency': 1.8155456040112767, 'unattributed_overhead': 0.004330655967351049, 'request_id': 'd300b702025a4e24b36371085faad249', 'user_id': 0, 'prediction': 7, 'exit_id': 'final', 'exit_boundary_id': 19, 'exit_location': 'cloud', 'confidence': 0.9999727010726929, 'executed_segments_by_node': {'device': [0, 1, 2, 3, 4, 5], 'edge': [6, 7, 8, 9, 10, 11], 'cloud': [12, 13, 14, 15, 16, 17, 18]}, 'nodes': [{'node': 'device', 'executed_segments': [0, 1, 2, 3, 4, 5], 'queue_s': 0.0, 'segment_compute_s': 0.12182749899511691, 'exit_head_compute_s': 0.002561154993600212, 'exit_check_s': 7.046200335025787e-05, 'worker_elapsed_s': 0.12465187400812283}, {'node': 'edge', 'executed_segments': [6, 7, 8, 9, 10, 11], 'queue_s': 0.0013241000124253333, 'segment_compute_s': 0.07911490002879873, 'exit_head_compute_s': 0.0002938000252470374, 'exit_check_s': 4.069996066391468e-05, 'worker_elapsed_s': 0.07961029995931312}, {'node': 'cloud', 'executed_segments': [12, 13, 14, 15, 16, 17, 18], 'queue_s': 0.0034086410014424473, 'segment_compute_s': 0.005871043016668409, 'exit_head_compute_s': 0.00039524599560536444, 'exit_check_s': 0.0002171860251110047, 'worker_elapsed_s': 0.00720460998127237}], 'sample_id': 'balanced_007_0323_00003308', 'label': 7, 'correct': True, 'observed_utility': -8.077728020056384}",balanced_007_0323_00003308,83,3308,0.8132972717285156,8564470938850737220,1.8155456040112767,0.004330655967351049,0
0.0,0.0072017579805105925,0.0072017579805105925,0.193503132002661,0.07800149999093264,0.0072017579805105925,0.353106107970234,0.193503132002661,1.4372966079972684,0.9878848940134048,0.07800149999093264,0.9997495000134222,0.011864606000017375,0.08444100001361221,0.0027356829959899187,1.630847647000337,0.007304316008230671,1784780486.5781708,1784780485.514158,1784780485.764158,0.0002175190020352602,0.0003962659975513816,0.0027356829959899187,0.0059654540091287345,0.5771775245666504,0.353106107970234,smoke-resnet50-cifar10-pi5-20260723-121831:v3,3,0.193503132002661,unknown,0.9878848940134048,3.940000897273421e-05,0.000271500030066818,0.005102099967189133,0.07753990002674982,"{'device': [0, 1, 2, 3, 4, 5], 'edge': [6, 7, 8, 9, 10, 11], 'cloud': [12, 13, 14, 15, 16, 17, 18]}",19,final,cloud,False,0,1.0,5.0,0.0,1.630847647000337,-8.154238235001685,8,4205e45299f74a67a44ad7ad004fec3c,84,"{'device_compute': 0.193503132002661, 'd2e_transport': 0.353106107970234, 'edge_queue': 0.005102099967189133, 'edge_segment_compute': 0.07753990002674982, 'edge_exit_head_compute': 0.000271500030066818, 'edge_exit_check': 3.940000897273421e-05, 'e2c_transport': 0.9878848940134048, 'cloud_queue': 0.0027356829959899187, 'cloud_segment_compute': 0.0059654540091287345, 'cloud_exit_head_compute': 0.0003962659975513816, 'cloud_exit_check': 0.0002175190020352602, 'total_latency': 1.630847647000337, 'unattributed_overhead': 0.004085690976353362, 'request_id': '4205e45299f74a67a44ad7ad004fec3c', 'user_id': 0, 'prediction': 8, 'exit_id': 'final', 'exit_boundary_id': 19, 'exit_location': 'cloud', 'confidence': 0.5771775245666504, 'executed_segments_by_node': {'device': [0, 1, 2, 3, 4, 5], 'edge': [6, 7, 8, 9, 10, 11], 'cloud': [12, 13, 14, 15, 16, 17, 18]}, 'nodes': [{'node': 'device', 'executed_segments': [0, 1, 2, 3, 4, 5], 'queue_s': 0.0, 'segment_compute_s': 0.19226909101416823, 'exit_head_compute_s': 0.0009593040012987331, 'exit_check_s': 6.457298877649009e-05, 'worker_elapsed_s': 0.193503132002661}, {'node': 'edge', 'executed_segments': [6, 7, 8, 9, 10, 11], 'queue_s': 0.005102099967189133, 'segment_compute_s': 0.07753990002674982, 'exit_head_compute_s': 0.000271500030066818, 'exit_check_s': 3.940000897273421e-05, 'worker_elapsed_s': 0.0780135000240989}, {'node': 'cloud', 'executed_segments': [12, 13, 14, 15, 16, 17, 18], 'queue_s': 0.0027356829959899187, 'segment_compute_s': 0.0059654540091287345, 'exit_head_compute_s': 0.0003962659975513816, 'exit_check_s': 0.0002175190020352602, 'worker_elapsed_s': 0.007304316008230671}], 'sample_id': 'balanced_000_0655_00006588', 'label': 0, 'correct': False, 'observed_utility': -8.154238235001685}",balanced_000_0655_00006588,84,6588,0.8140127658843994,8564470938850737220,1.630847647000337,0.004085690976353362,0
0.0,0.00708724299329333,0.00708724299329333,0.1142080160061596,0.0815508000086993,0.00708724299329333,0.4553151650034124,0.1142080160061596,1.4721940650051693,0.9206427439930849,0.0815508000086993,0.9324383999919519,0.011795655998867005,0.08444050000980496,0.002760362986009568,1.5864378400001442,0.007186686008935794,1784780488.2409089,1784780487.1767228,1784780487.4267228,0.0002158980059903115,0.00038942700484767556,0.002760362986009568,0.005869836953934282,0.9999510049819946,0.4553151650034124,smoke-resnet50-cifar10-pi5-20260723-121831:v3,3,0.1142080160061596,unknown,0.9206427439930849,6.610003765672445e-05,0.0003472999669611454,0.0014434000477194786,0.08097539999289438,"{'device': [0, 1, 2, 3, 4, 5], 'edge': [6, 7, 8, 9, 10, 11], 'cloud': [12, 13, 14, 15, 16, 17, 18]}",19,final,cloud,True,4,1.0,5.0,1.0,1.5864378400001442,-6.932189200000721,4,462897d2ab9f4bd8a5beb532eb51e897,85,"{'device_compute': 0.1142080160061596, 'd2e_transport': 0.4553151650034124, 'edge_queue': 0.0014434000477194786, 'edge_segment_compute': 0.08097539999289438, 'edge_exit_head_compute': 0.0003472999669611454, 'edge_exit_check': 6.610003765672445e-05, 'e2c_transport': 0.9206427439930849, 'cloud_queue': 0.002760362986009568, 'cloud_segment_compute': 0.005869836953934282, 'cloud_exit_head_compute': 0.00038942700484767556, 'cloud_exit_check': 0.0002158980059903115, 'total_latency': 1.5864378400001442, 'unattributed_overhead': 0.004204190001473762, 'request_id': '462897d2ab9f4bd8a5beb532eb51e897', 'user_id': 0, 'prediction': 4, 'exit_id': 'final', 'exit_boundary_id': 19, 'exit_location': 'cloud', 'confidence': 0.9999510049819946, 'executed_segments_by_node': {'device': [0, 1, 2, 3, 4, 5], 'edge': [6, 7, 8, 9, 10, 11], 'cloud': [12, 13, 14, 15, 16, 17, 18]}, 'nodes': [{'node': 'device', 'executed_segments': [0, 1, 2, 3, 4, 5], 'queue_s': 0.0, 'segment_compute_s': 0.11297712399391457, 'exit_head_compute_s': 0.0009557660087011755, 'exit_check_s': 8.224000339396298e-05, 'worker_elapsed_s': 0.1142080160061596}, {'node': 'edge', 'executed_segments': [6, 7, 8, 9, 10, 11], 'queue_s': 0.0014434000477194786, 'segment_compute_s': 0.08097539999289438, 'exit_head_compute_s': 0.0003472999669611454, 'exit_check_s': 6.610003765672445e-05, 'worker_elapsed_s': 0.08156479999888688}, {'node': 'cloud', 'executed_segments': [12, 13, 14, 15, 16, 17, 18], 'queue_s': 0.002760362986009568, 'segment_compute_s': 0.005869836953934282, 'exit_head_compute_s': 0.00038942700484767556, 'exit_check_s': 0.0002158980059903115, 'worker_elapsed_s': 0.007186686008935794}], 'sample_id': 'balanced_004_0303_00003053', 'label': 4, 'correct': True, 'observed_utility': -6.932189200000721}",balanced_004_0303_00003053,85,3053,0.8141860961914062,8564470938850737220,1.5864378400001442,0.004204190001473762,0
0.0,0.0071876080182846636,0.0071876080182846636,0.12779859598958865,0.07874279998941347,0.0071876080182846636,0.3710060489975149,0.12779859598958865,2.077745848990162,1.612373890937306,0.07874279998941347,1.6252384999534115,0.012864609016105533,0.0815013000392355,0.002625939989229664,2.2055815369967604,0.007266902015544474,1784780489.8724575,1784780488.804932,1784780489.054932,0.00021483100135810673,0.00039045201265253127,0.002625939989229664,0.005967338947812095,0.9995985627174377,0.3710060489975149,smoke-resnet50-cifar10-pi5-20260723-121831:v3,3,0.12779859598958865,unknown,1.612373890937306,4.160002572461963e-05,0.0002749999985098839,0.0013074000016786158,0.07826100004604086,"{'device': [0, 1, 2, 3, 4, 5], 'edge': [6, 7, 8, 9, 10, 11], 'cloud': [12, 13, 14, 15, 16, 17, 18]}",19,final,cloud,True,7,1.0,5.0,1.0,2.2055815369967604,-10.027907684983802,7,0f5c0bd7f3b741a6a605f8b091d497f5,86,"{'device_compute': 0.12779859598958865, 'd2e_transport': 0.3710060489975149, 'edge_queue': 0.0013074000016786158, 'edge_segment_compute': 0.07826100004604086, 'edge_exit_head_compute': 0.0002749999985098839, 'edge_exit_check': 4.160002572461963e-05, 'e2c_transport': 1.612373890937306, 'cloud_queue': 0.002625939989229664, 'cloud_segment_compute': 0.005967338947812095, 'cloud_exit_head_compute': 0.00039045201265253127, 'cloud_exit_check': 0.00021483100135810673, 'total_latency': 2.2055815369967604, 'unattributed_overhead': 0.00531943904934451, 'request_id': '0f5c0bd7f3b741a6a605f8b091d497f5', 'user_id': 0, 'prediction': 7, 'exit_id': 'final', 'exit_boundary_id': 19, 'exit_location': 'cloud', 'confidence': 0.9995985627174377, 'executed_segments_by_node': {'device': [0, 1, 2, 3, 4, 5], 'edge': [6, 7, 8, 9, 10, 11], 'cloud': [12, 13, 14, 15, 16, 17, 18]}, 'nodes': [{'node': 'device', 'executed_segments': [0, 1, 2, 3, 4, 5], 'queue_s': 0.0, 'segment_compute_s': 0.12655827800335828, 'exit_head_compute_s': 0.000993303008726798, 'exit_check_s': 6.0739999753423035e-05, 'worker_elapsed_s': 0.12779859598958865}, {'node': 'edge', 'executed_segments': [6, 7, 8, 9, 10, 11], 'queue_s': 0.0013074000016786158, 'segment_compute_s': 0.07826100004604086, 'exit_head_compute_s': 0.0002749999985098839, 'exit_check_s': 4.160002572461963e-05, 'worker_elapsed_s': 0.07875799998873845}, {'node': 'cloud', 'executed_segments': [12, 13, 14, 15, 16, 17, 18], 'queue_s': 0.002625939989229664, 'segment_compute_s': 0.005967338947812095, 'exit_head_compute_s': 0.00039045201265253127, 'exit_check_s': 0.00021483100135810673, 'worker_elapsed_s': 0.007266902015544474}], 'sample_id': 'balanced_007_0233_00002470', 'label': 7, 'correct': True, 'observed_utility': -10.027907684983802}",balanced_007_0233_00002470,86,2470,0.8175253868103027,8564470938850737220,2.2055815369967604,0.00531943904934451,0
0.0,0.012882150011137128,0.012882150011137128,0.12757467300980352,0.08188630000222474,0.012882150011137128,0.5003485949855531,0.12757467300980352,1.5780999949929537,0.9734939149930142,0.08188630000222474,0.9917525000055321,0.01825858501251787,0.0859989000018686,0.0032751469989307225,1.7057108900044113,0.012986918998649344,1784780492.1132574,1784780491.0503545,1784780491.3003545,0.00027797400252893567,0.0003947429941035807,0.0032751469989307225,0.011453500017523766,0.9788165092468262,0.5003485949855531,smoke-resnet50-cifar10-pi5-20260723-121831:v3,3,0.12757467300980352,unknown,0.9734939149930142,4.280003486201167e-05,0.0002962999860756099,0.0026935000205412507,0.08138859999598935,"{'device': [0, 1, 2, 3, 4, 5], 'edge': [6, 7, 8, 9, 10, 11], 'cloud': [12, 13, 14, 15, 16, 17, 18]}",19,final,cloud,True,9,1.0,5.0,1.0,1.7057108900044113,-7.528554450022057,9,1eca30ffbb1e40378c725c01f9054942,87,"{'device_compute': 0.12757467300980352, 'd2e_transport': 0.5003485949855531, 'edge_queue': 0.0026935000205412507, 'edge_segment_compute': 0.08138859999598935, 'edge_exit_head_compute': 0.0002962999860756099, 'edge_exit_check': 4.280003486201167e-05, 'e2c_transport': 0.9734939149930142, 'cloud_queue': 0.0032751469989307225, 'cloud_segment_compute': 0.011453500017523766, 'cloud_exit_head_compute': 0.0003947429941035807, 'cloud_exit_check': 0.00027797400252893567, 'total_latency': 1.7057108900044113, 'unattributed_overhead': 0.004471142965485342, 'request_id': '1eca30ffbb1e40378c725c01f9054942', 'user_id': 0, 'prediction': 9, 'exit_id': 'final', 'exit_boundary_id': 19, 'exit_location': 'cloud', 'confidence': 0.9788165092468262, 'executed_segments_by_node': {'device': [0, 1, 2, 3, 4, 5], 'edge': [6, 7, 8, 9, 10, 11], 'cloud': [12, 13, 14, 15, 16, 17, 18]}, 'nodes': [{'node': 'device', 'executed_segments': [0, 1, 2, 3, 4, 5], 'queue_s': 0.0, 'segment_compute_s': 0.12619483697926626, 'exit_head_compute_s': 0.001069691003067419, 'exit_check_s': 7.681400165893137e-05, 'worker_elapsed_s': 0.12757467300980352}, {'node': 'edge', 'executed_segments': [6, 7, 8, 9, 10, 11], 'queue_s': 0.0026935000205412507, 'segment_compute_s': 0.08138859999598935, 'exit_head_compute_s': 0.0002962999860756099, 'exit_check_s': 4.280003486201167e-05, 'worker_elapsed_s': 0.0819029999547638}, {'node': 'cloud', 'executed_segments': [12, 13, 14, 15, 16, 17, 18], 'queue_s': 0.0032751469989307225, 'segment_compute_s': 0.011453500017523766, 'exit_head_compute_s': 0.0003947429941035807, 'exit_check_s': 0.00027797400252893567, 'worker_elapsed_s': 0.012986918998649344}], 'sample_id': 'balanced_009_0233_00002282', 'label': 9, 'correct': True, 'observed_utility': -7.528554450022057}",balanced_009_0233_00002282,87,2282,0.8129029273986816,8564470938850737220,1.7057108900044113,0.004471142965485342,0
0.0,0.0073806309956125915,0.0073806309956125915,0.11194404400885105,0.0779323999886401,0.0073806309956125915,0.4074419320677407,0.11194404400885105,1.4962756320019253,0.996189600933576,0.0779323999886401,1.0083561999490485,0.012166599015472457,0.08047749998513609,0.002808796998579055,1.6082566940021934,0.007474065001588315,1784780493.953578,1784780492.8897889,1784780493.1397889,0.0002137700212188065,0.00040470503154210746,0.002808796998579055,0.006152789981570095,0.9999727010726929,0.4074419320677407,smoke-resnet50-cifar10-pi5-20260723-121831:v3,3,0.11194404400885105,unknown,0.996189600933576,3.9599952287971973e-05,0.00026300002355128527,0.001199499994982034,0.07748520001769066,"{'device': [0, 1, 2, 3, 4, 5], 'edge': [6, 7, 8, 9, 10, 11], 'cloud': [12, 13, 14, 15, 16, 17, 18]}",19,final,cloud,True,1,1.0,5.0,1.0,1.6082566940021934,-7.041283470010967,1,c9c86a78986440b9b874d681f57c2883,88,"{'device_compute': 0.11194404400885105, 'd2e_transport': 0.4074419320677407, 'edge_queue': 0.001199499994982034, 'edge_segment_compute': 0.07748520001769066, 'edge_exit_head_compute': 0.00026300002355128527, 'edge_exit_check': 3.9599952287971973e-05, 'e2c_transport': 0.996189600933576, 'cloud_queue': 0.002808796998579055, 'cloud_segment_compute': 0.006152789981570095, 'cloud_exit_head_compute': 0.00040470503154210746, 'cloud_exit_check': 0.0002137700212188065, 'total_latency': 1.6082566940021934, 'unattributed_overhead': 0.0041137549706036225, 'request_id': 'c9c86a78986440b9b874d681f57c2883', 'user_id': 0, 'prediction': 1, 'exit_id': 'final', 'exit_boundary_id': 19, 'exit_location': 'cloud', 'confidence': 0.9999727010726929, 'executed_segments_by_node': {'device': [0, 1, 2, 3, 4, 5], 'edge': [6, 7, 8, 9, 10, 11], 'cloud': [12, 13, 14, 15, 16, 17, 18]}, 'nodes': [{'node': 'device', 'executed_segments': [0, 1, 2, 3, 4, 5], 'queue_s': 0.0, 'segment_compute_s': 0.11066437500994653, 'exit_head_compute_s': 0.0010166360007133335, 'exit_check_s': 6.746199505869299e-05, 'worker_elapsed_s': 0.11194404400885105}, {'node': 'edge', 'executed_segments': [6, 7, 8, 9, 10, 11], 'queue_s': 0.001199499994982034, 'segment_compute_s': 0.07748520001769066, 'exit_head_compute_s': 0.00026300002355128527, 'exit_check_s': 3.9599952287971973e-05, 'worker_elapsed_s': 0.07794569997349754}, {'node': 'cloud', 'executed_segments': [12, 13, 14, 15, 16, 17, 18], 'queue_s': 0.002808796998579055, 'segment_compute_s': 0.006152789981570095, 'exit_head_compute_s': 0.00040470503154210746, 'exit_check_s': 0.0002137700212188065, 'worker_elapsed_s': 0.007474065001588315}], 'sample_id': 'balanced_001_0203_00002063', 'label': 1, 'correct': True, 'observed_utility': -7.041283470010967}",balanced_001_0203_00002063,88,2063,0.8137891292572021,8564470938850737220,1.6082566940021934,0.0041137549706036225,0
0.0,0.0069908339937683195,0.0069908339937683195,0.1286944930034224,0.07903679995797575,0.0069908339937683195,0.298767826097901,0.1286944930034224,1.1697342260013102,0.7775931559444871,0.07903679995797575,0.7892316999495961,0.011638544005108997,0.0817346999538131,0.0027432169881649315,1.2984652550076135,0.007078560010995716,1784780495.5932488,1784780494.5292203,1784780494.7792203,0.00020757998572662473,0.0003844760067295283,0.0027432169881649315,0.005793444986920804,0.7089373469352722,0.298767826097901,smoke-resnet50-cifar10-pi5-20260723-121831:v3,3,0.1286944930034224,unknown,0.7775931559444871,4.0000013541430235e-05,0.00028360000578686595,0.001430500007700175,0.07856629998423159,"{'device': [0, 1, 2, 3, 4, 5], 'edge': [6, 7, 8, 9, 10, 11], 'cloud': [12, 13, 14, 15, 16, 17, 18]}",19,final,cloud,True,8,1.0,5.0,1.0,1.2984652550076135,-5.492326275038067,8,0c7d0a079467411ba9b57a1f3e69c096,89,"{'device_compute': 0.1286944930034224, 'd2e_transport': 0.298767826097901, 'edge_queue': 0.001430500007700175, 'edge_segment_compute': 0.07856629998423159, 'edge_exit_head_compute': 0.00028360000578686595, 'edge_exit_check': 4.0000013541430235e-05, 'e2c_transport': 0.7775931559444871, 'cloud_queue': 0.0027432169881649315, 'cloud_segment_compute': 0.005793444986920804, 'cloud_exit_head_compute': 0.0003844760067295283, 'cloud_exit_check': 0.00020757998572662473, 'total_latency': 1.2984652550076135, 'unattributed_overhead': 0.003960661983001046, 'request_id': '0c7d0a079467411ba9b57a1f3e69c096', 'user_id': 0, 'prediction': 8, 'exit_id': 'final', 'exit_boundary_id': 19, 'exit_location': 'cloud', 'confidence': 0.7089373469352722, 'executed_segments_by_node': {'device': [0, 1, 2, 3, 4, 5], 'edge': [6, 7, 8, 9, 10, 11], 'cloud': [12, 13, 14, 15, 16, 17, 18]}, 'nodes': [{'node': 'device', 'executed_segments': [0, 1, 2, 3, 4, 5], 'queue_s': 0.0, 'segment_compute_s': 0.12603487700107507, 'exit_head_compute_s': 0.0024078419955912977, 'exit_check_s': 6.438799027819186e-05, 'worker_elapsed_s': 0.1286944930034224}, {'node': 'edge', 'executed_segments': [6, 7, 8, 9, 10, 11], 'queue_s': 0.001430500007700175, 'segment_compute_s': 0.07856629998423159, 'exit_head_compute_s': 0.00028360000578686595, 'exit_check_s': 4.0000013541430235e-05, 'worker_elapsed_s': 0.07904909999342635}, {'node': 'cloud', 'executed_segments': [12, 13, 14, 15, 16, 17, 18], 'queue_s': 0.0027432169881649315, 'segment_compute_s': 0.005793444986920804, 'exit_head_compute_s': 0.0003844760067295283, 'exit_check_s': 0.00020757998572662473, 'worker_elapsed_s': 0.007078560010995716}], 'sample_id': 'balanced_008_0862_00008690', 'label': 8, 'correct': True, 'observed_utility': -5.492326275038067}",balanced_008_0862_00008690,89,8690,0.8140285015106201,8564470938850737220,1.2984652550076135,0.003960661983001046,0
0.0,0.006990132998907939,0.006990132998907939,0.12362508999649435,0.07759479997912422,0.006990132998907939,0.3042060569714522,0.12362508999649435,1.2752084570092848,0.8791010560235009,0.07759479997912422,0.8907423000200652,0.011641243996564299,0.0802601000177674,0.0027696629986166954,1.3988701390044298,0.007061802985845134,1784780496.9255068,1784780495.8610404,1784780496.1110404,0.0002054880023933947,0.0003775260120164603,0.0027696629986166954,0.005817998986458406,0.9999263286590576,0.3042060569714522,smoke-resnet50-cifar10-pi5-20260723-121831:v3,3,0.12362508999649435,unknown,0.8791010560235009,4.010001430287957e-05,0.0002726000384427607,0.0013791999663226306,0.07714109995868057,"{'device': [0, 1, 2, 3, 4, 5], 'edge': [6, 7, 8, 9, 10, 11], 'cloud': [12, 13, 14, 15, 16, 17, 18]}",19,final,cloud,True,0,1.0,5.0,1.0,1.3988701390044298,-5.994350695022149,0,8513035f6d7c47159b0a2a6a40773293,90,"{'device_compute': 0.12362508999649435, 'd2e_transport': 0.3042060569714522, 'edge_queue': 0.0013791999663226306, 'edge_segment_compute': 0.07714109995868057, 'edge_exit_head_compute': 0.0002726000384427607, 'edge_exit_check': 4.010001430287957e-05, 'e2c_transport': 0.8791010560235009, 'cloud_queue': 0.0027696629986166954, 'cloud_segment_compute': 0.005817998986458406, 'cloud_exit_head_compute': 0.0003775260120164603, 'cloud_exit_check': 0.0002054880023933947, 'total_latency': 1.3988701390044298, 'unattributed_overhead': 0.0039342600357485935, 'request_id': '8513035f6d7c47159b0a2a6a40773293', 'user_id': 0, 'prediction': 0, 'exit_id': 'final', 'exit_boundary_id': 19, 'exit_location': 'cloud', 'confidence': 0.9999263286590576, 'executed_segments_by_node': {'device': [0, 1, 2, 3, 4, 5], 'edge': [6, 7, 8, 9, 10, 11], 'cloud': [12, 13, 14, 15, 16, 17, 18]}, 'nodes': [{'node': 'device', 'executed_segments': [0, 1, 2, 3, 4, 5], 'queue_s': 0.0, 'segment_compute_s': 0.12178481499722693, 'exit_head_compute_s': 0.0015820179978618398, 'exit_check_s': 5.9332000091671944e-05, 'worker_elapsed_s': 0.12362508999649435}, {'node': 'edge', 'executed_segments': [6, 7, 8, 9, 10, 11], 'queue_s': 0.0013791999663226306, 'segment_compute_s': 0.07714109995868057, 'exit_head_compute_s': 0.0002726000384427607, 'exit_check_s': 4.010001430287957e-05, 'worker_elapsed_s': 0.07760810002218932}, {'node': 'cloud', 'executed_segments': [12, 13, 14, 15, 16, 17, 18], 'queue_s': 0.0027696629986166954, 'segment_compute_s': 0.005817998986458406, 'exit_head_compute_s': 0.0003775260120164603, 'exit_check_s': 0.0002054880023933947, 'worker_elapsed_s': 0.007061802985845134}], 'sample_id': 'balanced_000_0775_00007742', 'label': 0, 'correct': True, 'observed_utility': -5.994350695022149}",balanced_000_0775_00007742,90,7742,0.8144664764404297,8564470938850737220,1.3988701390044298,0.0039342600357485935,0
0.0,0.00736916100140661,0.00736916100140661,0.12801862999913283,0.07847020000917837,0.00736916100140661,0.3458974000241142,0.12801862999913283,1.2750081999984104,0.835157698020339,0.07847020000917837,0.8479851000010967,0.012827401980757713,0.08112569997319952,0.0032490410085301846,1.4030624969891505,0.007487146998755634,1784780498.3599544,1784780497.2948942,1784780497.5448942,0.00022750499192625284,0.0005194439727347344,0.0032490410085301846,0.005985431023873389,0.9999855756759644,0.3458974000241142,smoke-resnet50-cifar10-pi5-20260723-121831:v3,3,0.12801862999913283,unknown,0.835157698020339,4.140002420172095e-05,0.00027710001450031996,0.0012289000442251563,0.07800859992858022,"{'device': [0, 1, 2, 3, 4, 5], 'edge': [6, 7, 8, 9, 10, 11], 'cloud': [12, 13, 14, 15, 16, 17, 18]}",19,final,cloud,True,7,1.0,5.0,1.0,1.4030624969891505,-6.015312484945753,7,ff805de2ac5a442e8e8f92f337fb0f2b,91,"{'device_compute': 0.12801862999913283, 'd2e_transport': 0.3458974000241142, 'edge_queue': 0.0012289000442251563, 'edge_segment_compute': 0.07800859992858022, 'edge_exit_head_compute': 0.00027710001450031996, 'edge_exit_check': 4.140002420172095e-05, 'e2c_transport': 0.835157698020339, 'cloud_queue': 0.0032490410085301846, 'cloud_segment_compute': 0.005985431023873389, 'cloud_exit_head_compute': 0.0005194439727347344, 'cloud_exit_check': 0.00022750499192625284, 'total_latency': 1.4030624969891505, 'unattributed_overhead': 0.0044513479369925335, 'request_id': 'ff805de2ac5a442e8e8f92f337fb0f2b', 'user_id': 0, 'prediction': 7, 'exit_id': 'final', 'exit_boundary_id': 19, 'exit_location': 'cloud', 'confidence': 0.9999855756759644, 'executed_segments_by_node': {'device': [0, 1, 2, 3, 4, 5], 'edge': [6, 7, 8, 9, 10, 11], 'cloud': [12, 13, 14, 15, 16, 17, 18]}, 'nodes': [{'node': 'device', 'executed_segments': [0, 1, 2, 3, 4, 5], 'queue_s': 0.0, 'segment_compute_s': 0.12670599699777085, 'exit_head_compute_s': 0.0009746179857756943, 'exit_check_s': 0.00012009100464638323, 'worker_elapsed_s': 0.12801862999913283}, {'node': 'edge', 'executed_segments': [6, 7, 8, 9, 10, 11], 'queue_s': 0.0012289000442251563, 'segment_compute_s': 0.07800859992858022, 'exit_head_compute_s': 0.00027710001450031996, 'exit_check_s': 4.140002420172095e-05, 'worker_elapsed_s': 0.07848279998870566}, {'node': 'cloud', 'executed_segments': [12, 13, 14, 15, 16, 17, 18], 'queue_s': 0.0032490410085301846, 'segment_compute_s': 0.005985431023873389, 'exit_head_compute_s': 0.0005194439727347344, 'exit_check_s': 0.00022750499192625284, 'worker_elapsed_s': 0.007487146998755634}], 'sample_id': 'balanced_007_0502_00005049', 'label': 7, 'correct': True, 'observed_utility': -6.015312484945753}",balanced_007_0502_00005049,91,5049,0.8150601387023926,8564470938850737220,1.4030624969891505,0.0044513479369925335,0
0.0,0.00725682798656635,0.00725682798656635,0.10211962299945299,0.07760540000163019,0.00725682798656635,0.3031232860230375,0.10211962299945299,1.4121436860004906,1.0162741460080724,0.07760540000163019,1.0289190000039525,0.012644853995880112,0.08010139997350052,0.0030887699977029115,1.5143000499956543,0.0074606710113584995,1784780499.9191847,1784780498.8413157,1784780499.0913157,0.00022294497466646135,0.0004155529895797372,0.0030887699977029115,0.005985951982438564,0.9997904896736145,0.3031232860230375,smoke-resnet50-cifar10-pi5-20260723-121831:v3,3,0.10211962299945299,unknown,1.0162741460080724,3.7999998312443495e-05,0.00026290002278983593,0.0011623000027611852,0.07716040004743263,"{'device': [0, 1, 2, 3, 4, 5], 'edge': [6, 7, 8, 9, 10, 11], 'cloud': [12, 13, 14, 15, 16, 17, 18]}",19,final,cloud,True,7,1.0,5.0,1.0,1.5143000499956543,-6.571500249978271,7,e8738e7034da481ba3ca6ec50989d914,92,"{'device_compute': 0.10211962299945299, 'd2e_transport': 0.3031232860230375, 'edge_queue': 0.0011623000027611852, 'edge_segment_compute': 0.07716040004743263, 'edge_exit_head_compute': 0.00026290002278983593, 'edge_exit_check': 3.7999998312443495e-05, 'e2c_transport': 1.0162741460080724, 'cloud_queue': 0.0030887699977029115, 'cloud_segment_compute': 0.005985951982438564, 'cloud_exit_head_compute': 0.0004155529895797372, 'cloud_exit_check': 0.00022294497466646135, 'total_latency': 1.5143000499956543, 'unattributed_overhead': 0.0044461749494075775, 'request_id': 'e8738e7034da481ba3ca6ec50989d914', 'user_id': 0, 'prediction': 7, 'exit_id': 'final', 'exit_boundary_id': 19, 'exit_location': 'cloud', 'confidence': 0.9997904896736145, 'executed_segments_by_node': {'device': [0, 1, 2, 3, 4, 5], 'edge': [6, 7, 8, 9, 10, 11], 'cloud': [12, 13, 14, 15, 16, 17, 18]}, 'nodes': [{'node': 'device', 'executed_segments': [0, 1, 2, 3, 4, 5], 'queue_s': 0.0, 'segment_compute_s': 0.10090665699681267, 'exit_head_compute_s': 0.0009692479943623766, 'exit_check_s': 6.20179926045239e-05, 'worker_elapsed_s': 0.10211962299945299}, {'node': 'edge', 'executed_segments': [6, 7, 8, 9, 10, 11], 'queue_s': 0.0011623000027611852, 'segment_compute_s': 0.07716040004743263, 'exit_head_compute_s': 0.00026290002278983593, 'exit_check_s': 3.7999998312443495e-05, 'worker_elapsed_s': 0.07761749997735023}, {'node': 'cloud', 'executed_segments': [12, 13, 14, 15, 16, 17, 18], 'queue_s': 0.0030887699977029115, 'segment_compute_s': 0.005985951982438564, 'exit_head_compute_s': 0.0004155529895797372, 'exit_check_s': 0.00022294497466646135, 'worker_elapsed_s': 0.0074606710113584995}], 'sample_id': 'balanced_007_0403_00004045', 'label': 7, 'correct': True, 'observed_utility': -6.571500249978271}",balanced_007_0403_00004045,92,4045,0.8278689384460449,8564470938850737220,1.5143000499956543,0.0044461749494075775,0
0.0,0.0071066999807953835,0.0071066999807953835,0.11105303499789443,0.08443180000176653,0.0071066999807953835,0.4181605959456647,0.11105303499789443,2.1308937959984178,1.6136009260080755,0.08443180000176653,1.6253772000200115,0.011776274011936039,0.08735600003274158,0.0027036349929403514,2.241984533990035,0.007201518019428477,1784780501.5151746,1784780500.443284,1784780500.693284,0.00021210697013884783,0.0004008440300822258,0.0027036349929403514,0.005828575027408078,0.9999990463256836,0.4181605959456647,smoke-resnet50-cifar10-pi5-20260723-121831:v3,3,0.11105303499789443,unknown,1.6136009260080755,4.870002157986164e-05,0.00034309999318793416,0.0015382000128738582,0.08387989999027923,"{'device': [0, 1, 2, 3, 4, 5], 'edge': [6, 7, 8, 9, 10, 11], 'cloud': [12, 13, 14, 15, 16, 17, 18]}",19,final,cloud,True,9,1.0,5.0,1.0,2.241984533990035,-10.209922669950174,9,4bd33e8e24a4442fb6a0ecce46999ae4,93,"{'device_compute': 0.11105303499789443, 'd2e_transport': 0.4181605959456647, 'edge_queue': 0.0015382000128738582, 'edge_segment_compute': 0.08387989999027923, 'edge_exit_head_compute': 0.00034309999318793416, 'edge_exit_check': 4.870002157986164e-05, 'e2c_transport': 1.6136009260080755, 'cloud_queue': 0.0027036349929403514, 'cloud_segment_compute': 0.005828575027408078, 'cloud_exit_head_compute': 0.0004008440300822258, 'cloud_exit_check': 0.00021210697013884783, 'total_latency': 2.241984533990035, 'unattributed_overhead': 0.004214915999909863, 'request_id': '4bd33e8e24a4442fb6a0ecce46999ae4', 'user_id': 0, 'prediction': 9, 'exit_id': 'final', 'exit_boundary_id': 19, 'exit_location': 'cloud', 'confidence': 0.9999990463256836, 'executed_segments_by_node': {'device': [0, 1, 2, 3, 4, 5], 'edge': [6, 7, 8, 9, 10, 11], 'cloud': [12, 13, 14, 15, 16, 17, 18]}, 'nodes': [{'node': 'device', 'executed_segments': [0, 1, 2, 3, 4, 5], 'queue_s': 0.0, 'segment_compute_s': 0.10979484696872532, 'exit_head_compute_s': 0.001004136007395573, 'exit_check_s': 6.061099702492356e-05, 'worker_elapsed_s': 0.11105303499789443}, {'node': 'edge', 'executed_segments': [6, 7, 8, 9, 10, 11], 'queue_s': 0.0015382000128738582, 'segment_compute_s': 0.08387989999027923, 'exit_head_compute_s': 0.00034309999318793416, 'exit_check_s': 4.870002157986164e-05, 'worker_elapsed_s': 0.08444430003874004}, {'node': 'cloud', 'executed_segments': [12, 13, 14, 15, 16, 17, 18], 'queue_s': 0.0027036349929403514, 'segment_compute_s': 0.005828575027408078, 'exit_head_compute_s': 0.0004008440300822258, 'exit_check_s': 0.00021210697013884783, 'worker_elapsed_s': 0.007201518019428477}], 'sample_id': 'balanced_009_0262_00002534', 'label': 9, 'correct': True, 'observed_utility': -10.209922669950174}",balanced_009_0262_00002534,93,2534,0.8218905925750732,8564470938850737220,2.241984533990035,0.004214915999909863,0
0.0,0.007228925998788327,0.007228925998788327,0.12142502299684566,0.08162199996877462,0.007228925998788327,0.3857851399516221,0.12142502299684566,2.0915605399932247,1.609403423994081,0.08162199996877462,1.621278300008271,0.011874876014189795,0.08449710003333166,0.002730781998252496,2.213021970994305,0.0073344150150660425,1784780503.7984464,1784780502.7339382,1784780502.9839382,0.00024873900110833347,0.00043454801198095083,0.002730781998252496,0.005902394012082368,0.9999964237213135,0.3857851399516221,smoke-resnet50-cifar10-pi5-20260723-121831:v3,3,0.12142502299684566,unknown,1.609403423994081,4.220003029331565e-05,0.00029250001534819603,0.0015076000127010047,0.08113310002954677,"{'device': [0, 1, 2, 3, 4, 5], 'edge': [6, 7, 8, 9, 10, 11], 'cloud': [12, 13, 14, 15, 16, 17, 18]}",19,final,cloud,True,4,1.0,5.0,1.0,2.213021970994305,-10.065109854971524,4,97b1a7cf33a142d6be298984e589f290,94,"{'device_compute': 0.12142502299684566, 'd2e_transport': 0.3857851399516221, 'edge_queue': 0.0015076000127010047, 'edge_segment_compute': 0.08113310002954677, 'edge_exit_head_compute': 0.00029250001534819603, 'edge_exit_check': 4.220003029331565e-05, 'e2c_transport': 1.609403423994081, 'cloud_queue': 0.002730781998252496, 'cloud_segment_compute': 0.005902394012082368, 'cloud_exit_head_compute': 0.00043454801198095083, 'cloud_exit_check': 0.00024873900110833347, 'total_latency': 2.213021970994305, 'unattributed_overhead': 0.0041165209404425696, 'request_id': '97b1a7cf33a142d6be298984e589f290', 'user_id': 0, 'prediction': 4, 'exit_id': 'final', 'exit_boundary_id': 19, 'exit_location': 'cloud', 'confidence': 0.9999964237213135, 'executed_segments_by_node': {'device': [0, 1, 2, 3, 4, 5], 'edge': [6, 7, 8, 9, 10, 11], 'cloud': [12, 13, 14, 15, 16, 17, 18]}, 'nodes': [{'node': 'device', 'executed_segments': [0, 1, 2, 3, 4, 5], 'queue_s': 0.0, 'segment_compute_s': 0.1199386329826666, 'exit_head_compute_s': 0.001207412002258934, 'exit_check_s': 5.9277008404023945e-05, 'worker_elapsed_s': 0.12142502299684566}, {'node': 'edge', 'executed_segments': [6, 7, 8, 9, 10, 11], 'queue_s': 0.0015076000127010047, 'segment_compute_s': 0.08113310002954677, 'exit_head_compute_s': 0.00029250001534819603, 'exit_check_s': 4.220003029331565e-05, 'worker_elapsed_s': 0.08163709996733814}, {'node': 'cloud', 'executed_segments': [12, 13, 14, 15, 16, 17, 18], 'queue_s': 0.002730781998252496, 'segment_compute_s': 0.005902394012082368, 'exit_head_compute_s': 0.00043454801198095083, 'exit_check_s': 0.00024873900110833347, 'worker_elapsed_s': 0.0073344150150660425}], 'sample_id': 'balanced_004_0251_00002577', 'label': 4, 'correct': True, 'observed_utility': -10.065109854971524}",balanced_004_0251_00002577,94,2577,0.8145081996917725,8564470938850737220,2.213021970994305,0.0041165209404425696,0
0.0,0.006922327011125162,0.006922327011125162,0.11281964399677236,0.08151039999211207,0.006922327011125162,0.3788906819827389,0.11281964399677236,1.371308281988604,0.8967840629920829,0.08151039999211207,0.9081906999927014,0.011406637000618502,0.08422690001316369,0.0026300410099793226,1.484163963003084,0.00699410997913219,1784780506.05337,1784780504.9886642,1784780505.2386642,0.00021022098371759057,0.00038094798219390213,0.0026300410099793226,0.0057375690375920385,0.9999946355819702,0.3788906819827389,smoke-resnet50-cifar10-pi5-20260723-121831:v3,3,0.11281964399677236,unknown,0.8967840629920829,4.0700018871575594e-05,0.0002812999882735312,0.0013674000510945916,0.08103649993427098,"{'device': [0, 1, 2, 3, 4, 5], 'edge': [6, 7, 8, 9, 10, 11], 'cloud': [12, 13, 14, 15, 16, 17, 18]}",19,final,cloud,True,0,1.0,5.0,1.0,1.484163963003084,-6.42081981501542,0,2124e20fd13344f29bd6671c1b77d0d1,95,"{'device_compute': 0.11281964399677236, 'd2e_transport': 0.3788906819827389, 'edge_queue': 0.0013674000510945916, 'edge_segment_compute': 0.08103649993427098, 'edge_exit_head_compute': 0.0002812999882735312, 'edge_exit_check': 4.0700018871575594e-05, 'e2c_transport': 0.8967840629920829, 'cloud_queue': 0.0026300410099793226, 'cloud_segment_compute': 0.0057375690375920385, 'cloud_exit_head_compute': 0.00038094798219390213, 'cloud_exit_check': 0.00021022098371759057, 'total_latency': 1.484163963003084, 'unattributed_overhead': 0.003984895025496371, 'request_id': '2124e20fd13344f29bd6671c1b77d0d1', 'user_id': 0, 'prediction': 0, 'exit_id': 'final', 'exit_boundary_id': 19, 'exit_location': 'cloud', 'confidence': 0.9999946355819702, 'executed_segments_by_node': {'device': [0, 1, 2, 3, 4, 5], 'edge': [6, 7, 8, 9, 10, 11], 'cloud': [12, 13, 14, 15, 16, 17, 18]}, 'nodes': [{'node': 'device', 'executed_segments': [0, 1, 2, 3, 4, 5], 'queue_s': 0.0, 'segment_compute_s': 0.11060019000433385, 'exit_head_compute_s': 0.0019634579948615283, 'exit_check_s': 6.418500561267138e-05, 'worker_elapsed_s': 0.11281964399677236}, {'node': 'edge', 'executed_segments': [6, 7, 8, 9, 10, 11], 'queue_s': 0.0013674000510945916, 'segment_compute_s': 0.08103649993427098, 'exit_head_compute_s': 0.0002812999882735312, 'exit_check_s': 4.0700018871575594e-05, 'worker_elapsed_s': 0.08152319997316226}, {'node': 'cloud', 'executed_segments': [12, 13, 14, 15, 16, 17, 18], 'queue_s': 0.0026300410099793226, 'segment_compute_s': 0.0057375690375920385, 'exit_head_compute_s': 0.00038094798219390213, 'exit_check_s': 0.00021022098371759057, 'worker_elapsed_s': 0.00699410997913219}], 'sample_id': 'balanced_000_0868_00008819', 'label': 0, 'correct': True, 'observed_utility': -6.42081981501542}",balanced_000_0868_00008819,95,8819,0.8147058486938477,8564470938850737220,1.484163963003084,0.003984895025496371,0
0.0,0.007099465001374483,0.007099465001374483,0.11681557798874564,0.08029050001641735,0.007099465001374483,0.39706660794036,0.11681557798874564,1.4063236079964554,0.9145413110090885,0.08029050001641735,0.9261989000369795,0.011657589027890936,0.08305810001911595,0.0026868419954553246,1.5231754449923756,0.007181002991273999,1784780507.5723293,1784780506.5075898,1784780506.7575898,0.00021510501392185688,0.00038880002102814615,0.0026868419954553246,0.005886877072043717,0.9995099306106567,0.39706660794036,smoke-resnet50-cifar10-pi5-20260723-121831:v3,3,0.11681557798874564,unknown,0.9145413110090885,4.250003257766366e-05,0.00028899998869746923,0.001431100012268871,0.07980459992541,"{'device': [0, 1, 2, 3, 4, 5], 'edge': [6, 7, 8, 9, 10, 11], 'cloud': [12, 13, 14, 15, 16, 17, 18]}",19,final,cloud,True,3,1.0,5.0,1.0,1.5231754449923756,-6.615877224961878,3,26abbe60cee84734af85cb556ec70164,96,"{'device_compute': 0.11681557798874564, 'd2e_transport': 0.39706660794036, 'edge_queue': 0.001431100012268871, 'edge_segment_compute': 0.07980459992541, 'edge_exit_head_compute': 0.00028899998869746923, 'edge_exit_check': 4.250003257766366e-05, 'e2c_transport': 0.9145413110090885, 'cloud_queue': 0.0026868419954553246, 'cloud_segment_compute': 0.005886877072043717, 'cloud_exit_head_compute': 0.00038880002102814615, 'cloud_exit_check': 0.00021510501392185688, 'total_latency': 1.5231754449923756, 'unattributed_overhead': 0.004007123992778361, 'request_id': '26abbe60cee84734af85cb556ec70164', 'user_id': 0, 'prediction': 3, 'exit_id': 'final', 'exit_boundary_id': 19, 'exit_location': 'cloud', 'confidence': 0.9995099306106567, 'executed_segments_by_node': {'device': [0, 1, 2, 3, 4, 5], 'edge': [6, 7, 8, 9, 10, 11], 'cloud': [12, 13, 14, 15, 16, 17, 18]}, 'nodes': [{'node': 'device', 'executed_segments': [0, 1, 2, 3, 4, 5], 'queue_s': 0.0, 'segment_compute_s': 0.11336026999924798, 'exit_head_compute_s': 0.0031681469990871847, 'exit_check_s': 8.688800153322518e-05, 'worker_elapsed_s': 0.11681557798874564}, {'node': 'edge', 'executed_segments': [6, 7, 8, 9, 10, 11], 'queue_s': 0.001431100012268871, 'segment_compute_s': 0.07980459992541, 'exit_head_compute_s': 0.00028899998869746923, 'exit_check_s': 4.250003257766366e-05, 'worker_elapsed_s': 0.0803031999967061}, {'node': 'cloud', 'executed_segments': [12, 13, 14, 15, 16, 17, 18], 'queue_s': 0.0026868419954553246, 'segment_compute_s': 0.005886877072043717, 'exit_head_compute_s': 0.00038880002102814615, 'exit_check_s': 0.00021510501392185688, 'worker_elapsed_s': 0.007181002991273999}], 'sample_id': 'balanced_003_0858_00008433', 'label': 3, 'correct': True, 'observed_utility': -6.615877224961878}",balanced_003_0858_00008433,96,8433,0.814739465713501,8564470938850737220,1.5231754449923756,0.004007123992778361,0
0.0,0.007084279990522191,0.007084279990522191,0.11152793699875474,0.07921429997077212,0.007084279990522191,0.2756361750070937,0.11152793699875474,1.2885378749924712,0.9197061150043737,0.07921429997077212,0.9311024000053294,0.011396285000955686,0.08179929998004809,0.002545788011047989,1.4001017559930915,0.007162474008509889,1784780509.2155156,1784780508.081316,1784780508.331316,0.00021165600628592074,0.00038752099499106407,0.002545788011047989,0.00588428700575605,0.7087503671646118,0.2756361750070937,smoke-resnet50-cifar10-pi5-20260723-121831:v3,3,0.11152793699875474,unknown,0.9197061150043737,4.010001430287957e-05,0.0002704999642446637,0.0012063999893143773,0.07875719998264685,"{'device': [0, 1, 2, 3, 4, 5], 'edge': [6, 7, 8, 9, 10, 11], 'cloud': [12, 13, 14, 15, 16, 17, 18]}",19,final,cloud,False,5,1.0,5.0,0.0,1.4001017559930915,-7.0005087799654575,3,c28e231a8d7249f49c4db8099c6197eb,97,"{'device_compute': 0.11152793699875474, 'd2e_transport': 0.2756361750070937, 'edge_queue': 0.0012063999893143773, 'edge_segment_compute': 0.07875719998264685, 'edge_exit_head_compute': 0.0002704999642446637, 'edge_exit_check': 4.010001430287957e-05, 'e2c_transport': 0.9197061150043737, 'cloud_queue': 0.002545788011047989, 'cloud_segment_compute': 0.00588428700575605, 'cloud_exit_head_compute': 0.00038752099499106407, 'cloud_exit_check': 0.00021165600628592074, 'total_latency': 1.4001017559930915, 'unattributed_overhead': 0.003928077014279552, 'request_id': 'c28e231a8d7249f49c4db8099c6197eb', 'user_id': 0, 'prediction': 3, 'exit_id': 'final', 'exit_boundary_id': 19, 'exit_location': 'cloud', 'confidence': 0.7087503671646118, 'executed_segments_by_node': {'device': [0, 1, 2, 3, 4, 5], 'edge': [6, 7, 8, 9, 10, 11], 'cloud': [12, 13, 14, 15, 16, 17, 18]}, 'nodes': [{'node': 'device', 'executed_segments': [0, 1, 2, 3, 4, 5], 'queue_s': 0.0, 'segment_compute_s': 0.11025969398906454, 'exit_head_compute_s': 0.000985895996564068, 'exit_check_s': 6.385099550243467e-05, 'worker_elapsed_s': 0.11152793699875474}, {'node': 'edge', 'executed_segments': [6, 7, 8, 9, 10, 11], 'queue_s': 0.0012063999893143773, 'segment_compute_s': 0.07875719998264685, 'exit_head_compute_s': 0.0002704999642446637, 'exit_check_s': 4.010001430287957e-05, 'worker_elapsed_s': 0.07922660000622272}, {'node': 'cloud', 'executed_segments': [12, 13, 14, 15, 16, 17, 18], 'queue_s': 0.002545788011047989, 'segment_compute_s': 0.00588428700575605, 'exit_head_compute_s': 0.00038752099499106407, 'exit_check_s': 0.00021165600628592074, 'worker_elapsed_s': 0.007162474008509889}], 'sample_id': 'balanced_005_0668_00006646', 'label': 5, 'correct': False, 'observed_utility': -7.0005087799654575}",balanced_005_0668_00006646,97,6646,0.8841996192932129,8564470938850737220,1.4001017559930915,0.003928077014279552,0
0.0,0.00682973800576292,0.00682973800576292,0.11914608800725546,0.08141489996341988,0.00682973800576292,0.37819011906685773,0.11914608800725546,1.368557519002934,0.8947425329533871,0.08141489996341988,0.906008199963253,0.011265667009865865,0.08435919997282326,0.0026593320071697235,1.487740588010638,0.006903642002725974,1784780510.6646228,1784780509.5925798,1784780509.8425798,0.0002113840018864721,0.00038696901174262166,0.0026593320071697235,0.005634745990391821,0.9948906898498535,0.37819011906685773,smoke-resnet50-cifar10-pi5-20260723-121831:v3,3,0.11914608800725546,unknown,0.8947425329533871,4.3199979700148106e-05,0.000304899993352592,0.0015944999759085476,0.08091329998569563,"{'device': [0, 1, 2, 3, 4, 5], 'edge': [6, 7, 8, 9, 10, 11], 'cloud': [12, 13, 14, 15, 16, 17, 18]}",19,final,cloud,True,5,1.0,5.0,1.0,1.487740588010638,-6.43870294005319,5,e5f77e97ef8244a6bf80d2919dedd0dd,98,"{'device_compute': 0.11914608800725546, 'd2e_transport': 0.37819011906685773, 'edge_queue': 0.0015944999759085476, 'edge_segment_compute': 0.08091329998569563, 'edge_exit_head_compute': 0.000304899993352592, 'edge_exit_check': 4.3199979700148106e-05, 'e2c_transport': 0.8947425329533871, 'cloud_queue': 0.0026593320071697235, 'cloud_segment_compute': 0.005634745990391821, 'cloud_exit_head_compute': 0.00038696901174262166, 'cloud_exit_check': 0.0002113840018864721, 'total_latency': 1.487740588010638, 'unattributed_overhead': 0.0039135170372901484, 'request_id': 'e5f77e97ef8244a6bf80d2919dedd0dd', 'user_id': 0, 'prediction': 5, 'exit_id': 'final', 'exit_boundary_id': 19, 'exit_location': 'cloud', 'confidence': 0.9948906898498535, 'executed_segments_by_node': {'device': [0, 1, 2, 3, 4, 5], 'edge': [6, 7, 8, 9, 10, 11], 'cloud': [12, 13, 14, 15, 16, 17, 18]}, 'nodes': [{'node': 'device', 'executed_segments': [0, 1, 2, 3, 4, 5], 'queue_s': 0.0, 'segment_compute_s': 0.11785471400071401, 'exit_head_compute_s': 0.0010504320089239627, 'exit_check_s': 6.361000123433769e-05, 'worker_elapsed_s': 0.11914608800725546}, {'node': 'edge', 'executed_segments': [6, 7, 8, 9, 10, 11], 'queue_s': 0.0015944999759085476, 'segment_compute_s': 0.08091329998569563, 'exit_head_compute_s': 0.000304899993352592, 'exit_check_s': 4.3199979700148106e-05, 'worker_elapsed_s': 0.08142860000953078}, {'node': 'cloud', 'executed_segments': [12, 13, 14, 15, 16, 17, 18], 'queue_s': 0.0026593320071697235, 'segment_compute_s': 0.005634745990391821, 'exit_head_compute_s': 0.00038696901174262166, 'exit_check_s': 0.0002113840018864721, 'worker_elapsed_s': 0.006903642002725974}], 'sample_id': 'balanced_005_0927_00009305', 'label': 5, 'correct': True, 'observed_utility': -6.43870294005319}",balanced_005_0927_00009305,98,9305,0.8220429420471191,8564470938850737220,1.487740588010638,0.0039135170372901484,0
0.0,0.007148527976823971,0.007148527976823971,0.11846252200484741,0.0803959000040777,0.007148527976823971,0.3707965259673074,0.11846252200484741,1.6251206260058098,1.1594516089826357,0.0803959000040777,1.1713094000006095,0.011857791017973796,0.08301470003789291,0.002778898982796818,1.7436514620058006,0.007256200013216585,1784780512.186338,1784780511.1220548,1784780511.3720548,0.00021520801237784326,0.0003939419984817505,0.002778898982796818,0.0059090410359203815,0.999871015548706,0.3707965259673074,smoke-resnet50-cifar10-pi5-20260723-121831:v3,3,0.11846252200484741,unknown,1.1594516089826357,4.080001963302493e-05,0.0002772000152617693,0.0012795000220648944,0.07992280001053587,"{'device': [0, 1, 2, 3, 4, 5], 'edge': [6, 7, 8, 9, 10, 11], 'cloud': [12, 13, 14, 15, 16, 17, 18]}",19,final,cloud,True,8,1.0,5.0,1.0,1.7436514620058006,-7.718257310029003,8,6e173d8b70ac474899c35060f4ec7c12,99,"{'device_compute': 0.11846252200484741, 'd2e_transport': 0.3707965259673074, 'edge_queue': 0.0012795000220648944, 'edge_segment_compute': 0.07992280001053587, 'edge_exit_head_compute': 0.0002772000152617693, 'edge_exit_check': 4.080001963302493e-05, 'e2c_transport': 1.1594516089826357, 'cloud_queue': 0.002778898982796818, 'cloud_segment_compute': 0.0059090410359203815, 'cloud_exit_head_compute': 0.0003939419984817505, 'cloud_exit_check': 0.00021520801237784326, 'total_latency': 1.7436514620058006, 'unattributed_overhead': 0.004123414953937754, 'request_id': '6e173d8b70ac474899c35060f4ec7c12', 'user_id': 0, 'prediction': 8, 'exit_id': 'final', 'exit_boundary_id': 19, 'exit_location': 'cloud', 'confidence': 0.999871015548706, 'executed_segments_by_node': {'device': [0, 1, 2, 3, 4, 5], 'edge': [6, 7, 8, 9, 10, 11], 'cloud': [12, 13, 14, 15, 16, 17, 18]}, 'nodes': [{'node': 'device', 'executed_segments': [0, 1, 2, 3, 4, 5], 'queue_s': 0.0, 'segment_compute_s': 0.11721674002183136, 'exit_head_compute_s': 0.000989839987596497, 'exit_check_s': 6.764699355699122e-05, 'worker_elapsed_s': 0.11846252200484741}, {'node': 'edge', 'executed_segments': [6, 7, 8, 9, 10, 11], 'queue_s': 0.0012795000220648944, 'segment_compute_s': 0.07992280001053587, 'exit_head_compute_s': 0.0002772000152617693, 'exit_check_s': 4.080001963302493e-05, 'worker_elapsed_s': 0.080408499983605}, {'node': 'cloud', 'executed_segments': [12, 13, 14, 15, 16, 17, 18], 'queue_s': 0.002778898982796818, 'segment_compute_s': 0.0059090410359203815, 'exit_head_compute_s': 0.0003939419984817505, 'exit_check_s': 0.00021520801237784326, 'worker_elapsed_s': 0.007256200013216585}], 'sample_id': 'balanced_008_0194_00001820', 'label': 8, 'correct': True, 'observed_utility': -7.718257310029003}",balanced_008_0194_00001820,99,1820,0.8142831325531006,8564470938850737220,1.7436514620058006,0.004123414953937754,0
