T_compute_device,T_d_compute,T_total,T_worker_elapsed_s,actual_start_at_utc,barrier_ready_at_utc,barrier_release_at_utc,cloud_exit_check,cloud_exit_head_compute,cloud_queue,cloud_segment_compute,confidence,d2e_transport,device_compute,difficulty,e2c_transport,edge_exit_check,edge_exit_head_compute,edge_queue,edge_segment_compute,executed_segments_by_node,exit_boundary_id,exit_id,exit_location,is_correct,label,observed_accuracy,observed_latency,observed_utility,prediction,request_id,request_seq,request_trace,sample_id,sample_index,source_index,start_skew_s,total_latency,unattributed_overhead,user_id
0.07937974699598271,0.07937974699598271,0.0794131549919257,0.07937974699598271,1784171336.46712,1784171322.1534984,1784171322.4034984,0.0,0.0,0.0,0.0,0.557289183139801,0.0,0.07937974699598271,unknown,0.0,0.0,0.0,0.0,0.0,"{'device': [0, 1, 2, 3]}",4,after_layer1,device,False,0,0.0,0.0794131549919257,-0.39706577495962847,8,9271f339df2e439abcc9e05be9165200,0,"{'device_compute': 0.07937974699598271, 'd2e_transport': 0.0, 'edge_queue': 0.0, 'edge_segment_compute': 0.0, 'edge_exit_head_compute': 0.0, 'edge_exit_check': 0.0, 'e2c_transport': 0.0, 'cloud_queue': 0.0, 'cloud_segment_compute': 0.0, 'cloud_exit_head_compute': 0.0, 'cloud_exit_check': 0.0, 'total_latency': 0.0794131549919257, 'unattributed_overhead': 3.340799594298005e-05, 'request_id': '9271f339df2e439abcc9e05be9165200', 'user_id': 0, 'prediction': 8, 'exit_id': 'after_layer1', 'exit_boundary_id': 4, 'exit_location': 'device', 'confidence': 0.557289183139801, 'executed_segments_by_node': {'device': [0, 1, 2, 3]}, 'nodes': [{'node': 'device', 'executed_segments': [0, 1, 2, 3], 'queue_s': 0.0, 'segment_compute_s': 0.07762179899145849, 'exit_head_compute_s': 0.0014407249982468784, 'exit_check_s': 0.00014059299428481609, 'worker_elapsed_s': 0.07937974699598271}], 'sample_id': 'balanced_000_0000_00000287', 'label': 0, 'correct': False, 'observed_utility': -0.39706577495962847}",balanced_000_0000_00000287,0,287,14.063621520996094,0.0794131549919257,3.340799594298005e-05,0
0.07309825198899489,0.07309825198899489,0.07313017798878718,0.07309825198899489,1784171338.2827818,1784171323.9640462,1784171324.2140462,0.0,0.0,0.0,0.0,0.4796501398086548,0.0,0.07309825198899489,unknown,0.0,0.0,0.0,0.0,0.0,"{'device': [0, 1, 2, 3]}",4,after_layer1,device,True,0,1.0,0.07313017798878718,0.6343491100560641,0,83224cc1de784ae786b2181e8d66768b,1,"{'device_compute': 0.07309825198899489, 'd2e_transport': 0.0, 'edge_queue': 0.0, 'edge_segment_compute': 0.0, 'edge_exit_head_compute': 0.0, 'edge_exit_check': 0.0, 'e2c_transport': 0.0, 'cloud_queue': 0.0, 'cloud_segment_compute': 0.0, 'cloud_exit_head_compute': 0.0, 'cloud_exit_check': 0.0, 'total_latency': 0.07313017798878718, 'unattributed_overhead': 3.1925999792292714e-05, 'request_id': '83224cc1de784ae786b2181e8d66768b', 'user_id': 0, 'prediction': 0, 'exit_id': 'after_layer1', 'exit_boundary_id': 4, 'exit_location': 'device', 'confidence': 0.4796501398086548, 'executed_segments_by_node': {'device': [0, 1, 2, 3]}, 'nodes': [{'node': 'device', 'executed_segments': [0, 1, 2, 3], 'queue_s': 0.0, 'segment_compute_s': 0.07181148900417611, 'exit_head_compute_s': 0.0010482799989404157, 'exit_check_s': 6.183399818837643e-05, 'worker_elapsed_s': 0.07309825198899489}], 'sample_id': 'balanced_000_0001_00000857', 'label': 0, 'correct': True, 'observed_utility': 0.6343491100560641}",balanced_000_0001_00000857,1,857,14.068735599517822,0.07313017798878718,3.1925999792292714e-05,0
0.08179258499876596,0.08179258499876596,0.0818303999985801,0.08179258499876596,1784171339.2052562,1784171324.8896828,1784171325.1396828,0.0,0.0,0.0,0.0,0.5110328793525696,0.0,0.08179258499876596,unknown,0.0,0.0,0.0,0.0,0.0,"{'device': [0, 1, 2, 3]}",4,after_layer1,device,True,0,1.0,0.0818303999985801,0.5908480000070995,0,48ef048874594b118ebb0ea650272bbf,2,"{'device_compute': 0.08179258499876596, 'd2e_transport': 0.0, 'edge_queue': 0.0, 'edge_segment_compute': 0.0, 'edge_exit_head_compute': 0.0, 'edge_exit_check': 0.0, 'e2c_transport': 0.0, 'cloud_queue': 0.0, 'cloud_segment_compute': 0.0, 'cloud_exit_head_compute': 0.0, 'cloud_exit_check': 0.0, 'total_latency': 0.0818303999985801, 'unattributed_overhead': 3.781499981414527e-05, 'request_id': '48ef048874594b118ebb0ea650272bbf', 'user_id': 0, 'prediction': 0, 'exit_id': 'after_layer1', 'exit_boundary_id': 4, 'exit_location': 'device', 'confidence': 0.5110328793525696, 'executed_segments_by_node': {'device': [0, 1, 2, 3]}, 'nodes': [{'node': 'device', 'executed_segments': [0, 1, 2, 3], 'queue_s': 0.0, 'segment_compute_s': 0.08042737901268993, 'exit_head_compute_s': 0.0010955580073641613, 'exit_check_s': 7.825999637134373e-05, 'worker_elapsed_s': 0.08179258499876596}], 'sample_id': 'balanced_000_0002_00003548', 'label': 0, 'correct': True, 'observed_utility': 0.5908480000070995}",balanced_000_0002_00003548,2,3548,14.065573453903198,0.0818303999985801,3.781499981414527e-05,0
0.07524801600084174,0.07524801600084174,0.07527792399923783,0.07524801600084174,1784171340.7056088,1784171326.2924936,1784171326.5424936,0.0,0.0,0.0,0.0,0.2761000990867615,0.0,0.07524801600084174,unknown,0.0,0.0,0.0,0.0,0.0,"{'device': [0, 1, 2, 3]}",4,after_layer1,device,False,0,0.0,0.07527792399923783,-0.37638961999618914,8,2b836fa55fd449979a8386956eb77a22,3,"{'device_compute': 0.07524801600084174, 'd2e_transport': 0.0, 'edge_queue': 0.0, 'edge_segment_compute': 0.0, 'edge_exit_head_compute': 0.0, 'edge_exit_check': 0.0, 'e2c_transport': 0.0, 'cloud_queue': 0.0, 'cloud_segment_compute': 0.0, 'cloud_exit_head_compute': 0.0, 'cloud_exit_check': 0.0, 'total_latency': 0.07527792399923783, 'unattributed_overhead': 2.9907998396083713e-05, 'request_id': '2b836fa55fd449979a8386956eb77a22', 'user_id': 0, 'prediction': 8, 'exit_id': 'after_layer1', 'exit_boundary_id': 4, 'exit_location': 'device', 'confidence': 0.2761000990867615, 'executed_segments_by_node': {'device': [0, 1, 2, 3]}, 'nodes': [{'node': 'device', 'executed_segments': [0, 1, 2, 3], 'queue_s': 0.0, 'segment_compute_s': 0.07401416101492941, 'exit_head_compute_s': 0.0010096689948113635, 'exit_check_s': 6.150000263005495e-05, 'worker_elapsed_s': 0.07524801600084174}], 'sample_id': 'balanced_000_0003_00004937', 'label': 0, 'correct': False, 'observed_utility': -0.37638961999618914}",balanced_000_0003_00004937,3,4937,14.16311526298523,0.07527792399923783,2.9907998396083713e-05,0
0.07697124101105146,0.07697124101105146,0.07700227900932077,0.07697124101105146,1784171341.6315613,1784171327.3169255,1784171327.5669255,0.0,0.0,0.0,0.0,0.4567960500717163,0.0,0.07697124101105146,unknown,0.0,0.0,0.0,0.0,0.0,"{'device': [0, 1, 2, 3]}",4,after_layer1,device,True,0,1.0,0.07700227900932077,0.6149886049533961,0,77d62bd094c2478e8f40c7b24276863a,4,"{'device_compute': 0.07697124101105146, 'd2e_transport': 0.0, 'edge_queue': 0.0, 'edge_segment_compute': 0.0, 'edge_exit_head_compute': 0.0, 'edge_exit_check': 0.0, 'e2c_transport': 0.0, 'cloud_queue': 0.0, 'cloud_segment_compute': 0.0, 'cloud_exit_head_compute': 0.0, 'cloud_exit_check': 0.0, 'total_latency': 0.07700227900932077, 'unattributed_overhead': 3.1037998269312084e-05, 'request_id': '77d62bd094c2478e8f40c7b24276863a', 'user_id': 0, 'prediction': 0, 'exit_id': 'after_layer1', 'exit_boundary_id': 4, 'exit_location': 'device', 'confidence': 0.4567960500717163, 'executed_segments_by_node': {'device': [0, 1, 2, 3]}, 'nodes': [{'node': 'device', 'executed_segments': [0, 1, 2, 3], 'queue_s': 0.0, 'segment_compute_s': 0.07576088800851721, 'exit_head_compute_s': 0.0009920580050675198, 'exit_check_s': 6.440699507948011e-05, 'worker_elapsed_s': 0.07697124101105146}], 'sample_id': 'balanced_000_0004_00005189', 'label': 0, 'correct': True, 'observed_utility': 0.6149886049533961}",balanced_000_0004_00005189,4,5189,14.064635753631592,0.07700227900932077,3.1037998269312084e-05,0
0.07909413499874063,0.07909413499874063,0.07912519099772908,0.07909413499874063,1784171344.1056395,1784171329.595186,1784171329.845186,0.0,0.0,0.0,0.0,0.2738116383552551,0.0,0.07909413499874063,unknown,0.0,0.0,0.0,0.0,0.0,"{'device': [0, 1, 2, 3]}",4,after_layer1,device,True,0,1.0,0.07912519099772908,0.6043740450113546,0,518a0cdc46944fbb89436b2cda381639,5,"{'device_compute': 0.07909413499874063, 'd2e_transport': 0.0, 'edge_queue': 0.0, 'edge_segment_compute': 0.0, 'edge_exit_head_compute': 0.0, 'edge_exit_check': 0.0, 'e2c_transport': 0.0, 'cloud_queue': 0.0, 'cloud_segment_compute': 0.0, 'cloud_exit_head_compute': 0.0, 'cloud_exit_check': 0.0, 'total_latency': 0.07912519099772908, 'unattributed_overhead': 3.1055998988449574e-05, 'request_id': '518a0cdc46944fbb89436b2cda381639', 'user_id': 0, 'prediction': 0, 'exit_id': 'after_layer1', 'exit_boundary_id': 4, 'exit_location': 'device', 'confidence': 0.2738116383552551, 'executed_segments_by_node': {'device': [0, 1, 2, 3]}, 'nodes': [{'node': 'device', 'executed_segments': [0, 1, 2, 3], 'queue_s': 0.0, 'segment_compute_s': 0.0778676330082817, 'exit_head_compute_s': 0.0010113729949807748, 'exit_check_s': 6.20380014879629e-05, 'worker_elapsed_s': 0.07909413499874063}], 'sample_id': 'balanced_000_0005_00005293', 'label': 0, 'correct': True, 'observed_utility': 0.6043740450113546}",balanced_000_0005_00005293,5,5293,14.260453462600708,0.07912519099772908,3.1055998988449574e-05,0
0.084046200994635,0.084046200994635,0.0840824229962891,0.084046200994635,1784171345.0368319,1784171330.7236679,1784171330.9736679,0.0,0.0,0.0,0.0,0.32707923650741577,0.0,0.084046200994635,unknown,0.0,0.0,0.0,0.0,0.0,"{'device': [0, 1, 2, 3]}",4,after_layer1,device,True,0,1.0,0.0840824229962891,0.5795878850185545,0,673508db8f1941b9a2f573847053d88d,6,"{'device_compute': 0.084046200994635, 'd2e_transport': 0.0, 'edge_queue': 0.0, 'edge_segment_compute': 0.0, 'edge_exit_head_compute': 0.0, 'edge_exit_check': 0.0, 'e2c_transport': 0.0, 'cloud_queue': 0.0, 'cloud_segment_compute': 0.0, 'cloud_exit_head_compute': 0.0, 'cloud_exit_check': 0.0, 'total_latency': 0.0840824229962891, 'unattributed_overhead': 3.622200165409595e-05, 'request_id': '673508db8f1941b9a2f573847053d88d', 'user_id': 0, 'prediction': 0, 'exit_id': 'after_layer1', 'exit_boundary_id': 4, 'exit_location': 'device', 'confidence': 0.32707923650741577, 'executed_segments_by_node': {'device': [0, 1, 2, 3]}, 'nodes': [{'node': 'device', 'executed_segments': [0, 1, 2, 3], 'queue_s': 0.0, 'segment_compute_s': 0.08262708698748611, 'exit_head_compute_s': 0.0011390579893486574, 'exit_check_s': 7.899999036453664e-05, 'worker_elapsed_s': 0.084046200994635}], 'sample_id': 'balanced_000_0006_00007513', 'label': 0, 'correct': True, 'observed_utility': 0.5795878850185545}",balanced_000_0006_00007513,6,7513,14.063163995742798,0.0840824229962891,3.622200165409595e-05,0
0.0719388040015474,0.0719388040015474,0.07196856400696561,0.0719388040015474,1784171345.9651408,1784171331.6551912,1784171331.9051912,0.0,0.0,0.0,0.0,0.6745582818984985,0.0,0.0719388040015474,unknown,0.0,0.0,0.0,0.0,0.0,"{'device': [0, 1, 2, 3]}",4,after_layer1,device,True,0,1.0,0.07196856400696561,0.640157179965172,0,a3e9a039d49143bf9114f60ee6f6022b,7,"{'device_compute': 0.0719388040015474, 'd2e_transport': 0.0, 'edge_queue': 0.0, 'edge_segment_compute': 0.0, 'edge_exit_head_compute': 0.0, 'edge_exit_check': 0.0, 'e2c_transport': 0.0, 'cloud_queue': 0.0, 'cloud_segment_compute': 0.0, 'cloud_exit_head_compute': 0.0, 'cloud_exit_check': 0.0, 'total_latency': 0.07196856400696561, 'unattributed_overhead': 2.9760005418211222e-05, 'request_id': 'a3e9a039d49143bf9114f60ee6f6022b', 'user_id': 0, 'prediction': 0, 'exit_id': 'after_layer1', 'exit_boundary_id': 4, 'exit_location': 'device', 'confidence': 0.6745582818984985, 'executed_segments_by_node': {'device': [0, 1, 2, 3]}, 'nodes': [{'node': 'device', 'executed_segments': [0, 1, 2, 3], 'queue_s': 0.0, 'segment_compute_s': 0.07072034000884742, 'exit_head_compute_s': 0.0010042799985967577, 'exit_check_s': 6.220300565473735e-05, 'worker_elapsed_s': 0.0719388040015474}], 'sample_id': 'balanced_000_0007_00007748', 'label': 0, 'correct': True, 'observed_utility': 0.640157179965172}",balanced_000_0007_00007748,7,7748,14.05994963645935,0.07196856400696561,2.9760005418211222e-05,0
0.07736868600477464,0.07736868600477464,0.07740122399991378,0.07736868600477464,1784171346.99261,1784171332.5697331,1784171332.8197331,0.0,0.0,0.0,0.0,0.2472483366727829,0.0,0.07736868600477464,unknown,0.0,0.0,0.0,0.0,0.0,"{'device': [0, 1, 2, 3]}",4,after_layer1,device,True,0,1.0,0.07740122399991378,0.6129938800004311,0,57c304d7b29f4b5c80246ad3f2dcb92a,8,"{'device_compute': 0.07736868600477464, 'd2e_transport': 0.0, 'edge_queue': 0.0, 'edge_segment_compute': 0.0, 'edge_exit_head_compute': 0.0, 'edge_exit_check': 0.0, 'e2c_transport': 0.0, 'cloud_queue': 0.0, 'cloud_segment_compute': 0.0, 'cloud_exit_head_compute': 0.0, 'cloud_exit_check': 0.0, 'total_latency': 0.07740122399991378, 'unattributed_overhead': 3.253799513913691e-05, 'request_id': '57c304d7b29f4b5c80246ad3f2dcb92a', 'user_id': 0, 'prediction': 0, 'exit_id': 'after_layer1', 'exit_boundary_id': 4, 'exit_location': 'device', 'confidence': 0.2472483366727829, 'executed_segments_by_node': {'device': [0, 1, 2, 3]}, 'nodes': [{'node': 'device', 'executed_segments': [0, 1, 2, 3], 'queue_s': 0.0, 'segment_compute_s': 0.07609166399925016, 'exit_head_compute_s': 0.0010470209963386878, 'exit_check_s': 6.894499529153109e-05, 'worker_elapsed_s': 0.07736868600477464}], 'sample_id': 'balanced_000_0008_00009021', 'label': 0, 'correct': True, 'observed_utility': 0.6129938800004311}",balanced_000_0008_00009021,8,9021,14.172876834869385,0.07740122399991378,3.253799513913691e-05,0
0.07222050899872556,0.07222050899872556,0.07225145300617442,0.07222050899872556,1784171348.079369,1784171333.7684815,1784171334.0184815,0.0,0.0,0.0,0.0,0.7083097696304321,0.0,0.07222050899872556,unknown,0.0,0.0,0.0,0.0,0.0,"{'device': [0, 1, 2, 3]}",4,after_layer1,device,True,0,1.0,0.07225145300617442,0.6387427349691279,0,82f3ca42a7c24d2c93940946db0da4fe,9,"{'device_compute': 0.07222050899872556, 'd2e_transport': 0.0, 'edge_queue': 0.0, 'edge_segment_compute': 0.0, 'edge_exit_head_compute': 0.0, 'edge_exit_check': 0.0, 'e2c_transport': 0.0, 'cloud_queue': 0.0, 'cloud_segment_compute': 0.0, 'cloud_exit_head_compute': 0.0, 'cloud_exit_check': 0.0, 'total_latency': 0.07225145300617442, 'unattributed_overhead': 3.094400744885206e-05, 'request_id': '82f3ca42a7c24d2c93940946db0da4fe', 'user_id': 0, 'prediction': 0, 'exit_id': 'after_layer1', 'exit_boundary_id': 4, 'exit_location': 'device', 'confidence': 0.7083097696304321, 'executed_segments_by_node': {'device': [0, 1, 2, 3]}, 'nodes': [{'node': 'device', 'executed_segments': [0, 1, 2, 3], 'queue_s': 0.0, 'segment_compute_s': 0.07093591199372895, 'exit_head_compute_s': 0.0010654100042302161, 'exit_check_s': 6.164799560792744e-05, 'worker_elapsed_s': 0.07222050899872556}], 'sample_id': 'balanced_000_0009_00009272', 'label': 0, 'correct': True, 'observed_utility': 0.6387427349691279}",balanced_000_0009_00009272,9,9272,14.060887575149536,0.07225145300617442,3.094400744885206e-05,0
0.07157043300685473,0.07157043300685473,0.07160169200506061,0.07157043300685473,1784171349.0038185,1784171334.6847873,1784171334.9347873,0.0,0.0,0.0,0.0,0.367523729801178,0.0,0.07157043300685473,unknown,0.0,0.0,0.0,0.0,0.0,"{'device': [0, 1, 2, 3]}",4,after_layer1,device,True,1,1.0,0.07160169200506061,0.6419915399746969,1,a3aa760c32854e64b910aae23c736467,10,"{'device_compute': 0.07157043300685473, 'd2e_transport': 0.0, 'edge_queue': 0.0, 'edge_segment_compute': 0.0, 'edge_exit_head_compute': 0.0, 'edge_exit_check': 0.0, 'e2c_transport': 0.0, 'cloud_queue': 0.0, 'cloud_segment_compute': 0.0, 'cloud_exit_head_compute': 0.0, 'cloud_exit_check': 0.0, 'total_latency': 0.07160169200506061, 'unattributed_overhead': 3.125899820588529e-05, 'request_id': 'a3aa760c32854e64b910aae23c736467', 'user_id': 0, 'prediction': 1, 'exit_id': 'after_layer1', 'exit_boundary_id': 4, 'exit_location': 'device', 'confidence': 0.367523729801178, 'executed_segments_by_node': {'device': [0, 1, 2, 3]}, 'nodes': [{'node': 'device', 'executed_segments': [0, 1, 2, 3], 'queue_s': 0.0, 'segment_compute_s': 0.07027709699468687, 'exit_head_compute_s': 0.0010691320057958364, 'exit_check_s': 6.992599810473621e-05, 'worker_elapsed_s': 0.07157043300685473}], 'sample_id': 'balanced_001_0000_00000738', 'label': 1, 'correct': True, 'observed_utility': 0.6419915399746969}",balanced_001_0000_00000738,10,738,14.069031238555908,0.07160169200506061,3.125899820588529e-05,0
0.07686074099910911,0.07686074099910911,0.07689251900592353,0.07686074099910911,1784171349.9348497,1784171335.6142776,1784171335.8642776,0.0,0.0,0.0,0.0,0.4128662347793579,0.0,0.07686074099910911,unknown,0.0,0.0,0.0,0.0,0.0,"{'device': [0, 1, 2, 3]}",4,after_layer1,device,False,1,0.0,0.07689251900592353,-0.38446259502961766,0,79829d3f711d4299908cac7c0d75a85e,11,"{'device_compute': 0.07686074099910911, 'd2e_transport': 0.0, 'edge_queue': 0.0, 'edge_segment_compute': 0.0, 'edge_exit_head_compute': 0.0, 'edge_exit_check': 0.0, 'e2c_transport': 0.0, 'cloud_queue': 0.0, 'cloud_segment_compute': 0.0, 'cloud_exit_head_compute': 0.0, 'cloud_exit_check': 0.0, 'total_latency': 0.07689251900592353, 'unattributed_overhead': 3.177800681442022e-05, 'request_id': '79829d3f711d4299908cac7c0d75a85e', 'user_id': 0, 'prediction': 0, 'exit_id': 'after_layer1', 'exit_boundary_id': 4, 'exit_location': 'device', 'confidence': 0.4128662347793579, 'executed_segments_by_node': {'device': [0, 1, 2, 3]}, 'nodes': [{'node': 'device', 'executed_segments': [0, 1, 2, 3], 'queue_s': 0.0, 'segment_compute_s': 0.07533449598122388, 'exit_head_compute_s': 0.001308705992414616, 'exit_check_s': 6.205600220710039e-05, 'worker_elapsed_s': 0.07686074099910911}], 'sample_id': 'balanced_001_0001_00001013', 'label': 1, 'correct': False, 'observed_utility': -0.38446259502961766}",balanced_001_0001_00001013,11,1013,14.070572137832642,0.07689251900592353,3.177800681442022e-05,0
0.09330166500876658,0.09330166500876658,0.09333668400358874,0.09330166500876658,1784171351.0430088,1784171336.6287713,1784171336.8787713,0.0,0.0,0.0,0.0,0.36545950174331665,0.0,0.09330166500876658,unknown,0.0,0.0,0.0,0.0,0.0,"{'device': [0, 1, 2, 3]}",4,after_layer1,device,True,1,1.0,0.09333668400358874,0.5333165799820563,1,a0221f7a26ea457f8edb27d7410146fe,12,"{'device_compute': 0.09330166500876658, 'd2e_transport': 0.0, 'edge_queue': 0.0, 'edge_segment_compute': 0.0, 'edge_exit_head_compute': 0.0, 'edge_exit_check': 0.0, 'e2c_transport': 0.0, 'cloud_queue': 0.0, 'cloud_segment_compute': 0.0, 'cloud_exit_head_compute': 0.0, 'cloud_exit_check': 0.0, 'total_latency': 0.09333668400358874, 'unattributed_overhead': 3.501899482216686e-05, 'request_id': 'a0221f7a26ea457f8edb27d7410146fe', 'user_id': 0, 'prediction': 1, 'exit_id': 'after_layer1', 'exit_boundary_id': 4, 'exit_location': 'device', 'confidence': 0.36545950174331665, 'executed_segments_by_node': {'device': [0, 1, 2, 3]}, 'nodes': [{'node': 'device', 'executed_segments': [0, 1, 2, 3], 'queue_s': 0.0, 'segment_compute_s': 0.09201927500544116, 'exit_head_compute_s': 0.0010290759964846075, 'exit_check_s': 7.298099808394909e-05, 'worker_elapsed_s': 0.09330166500876658}], 'sample_id': 'balanced_001_0002_00002042', 'label': 1, 'correct': True, 'observed_utility': 0.5333165799820563}",balanced_001_0002_00002042,12,2042,14.16423749923706,0.09333668400358874,3.501899482216686e-05,0
0.07172213699959684,0.07172213699959684,0.07175371100311168,0.07172213699959684,1784171351.9896145,1784171337.6734009,1784171337.9234009,0.0,0.0,0.0,0.0,0.4341115653514862,0.0,0.07172213699959684,unknown,0.0,0.0,0.0,0.0,0.0,"{'device': [0, 1, 2, 3]}",4,after_layer1,device,False,1,0.0,0.07175371100311168,-0.3587685550155584,0,850fb3c0f5e74b41b460bbe3450bc66e,13,"{'device_compute': 0.07172213699959684, 'd2e_transport': 0.0, 'edge_queue': 0.0, 'edge_segment_compute': 0.0, 'edge_exit_head_compute': 0.0, 'edge_exit_check': 0.0, 'e2c_transport': 0.0, 'cloud_queue': 0.0, 'cloud_segment_compute': 0.0, 'cloud_exit_head_compute': 0.0, 'cloud_exit_check': 0.0, 'total_latency': 0.07175371100311168, 'unattributed_overhead': 3.157400351483375e-05, 'request_id': '850fb3c0f5e74b41b460bbe3450bc66e', 'user_id': 0, 'prediction': 0, 'exit_id': 'after_layer1', 'exit_boundary_id': 4, 'exit_location': 'device', 'confidence': 0.4341115653514862, 'executed_segments_by_node': {'device': [0, 1, 2, 3]}, 'nodes': [{'node': 'device', 'executed_segments': [0, 1, 2, 3], 'queue_s': 0.0, 'segment_compute_s': 0.07049354098853655, 'exit_head_compute_s': 0.0010125209955731407, 'exit_check_s': 6.307500007096678e-05, 'worker_elapsed_s': 0.07172213699959684}], 'sample_id': 'balanced_001_0003_00003348', 'label': 1, 'correct': False, 'observed_utility': -0.3587685550155584}",balanced_001_0003_00003348,13,3348,14.066213607788086,0.07175371100311168,3.157400351483375e-05,0
0.07219461900240276,0.07219461900240276,0.07222560099035036,0.07219461900240276,1784171352.9123905,1784171338.5996468,1784171338.8496468,0.0,0.0,0.0,0.0,0.2472258359193802,0.0,0.07219461900240276,unknown,0.0,0.0,0.0,0.0,0.0,"{'device': [0, 1, 2, 3]}",4,after_layer1,device,True,1,1.0,0.07222560099035036,0.6388719950482482,1,1dd0745cda2345e594d4bb9ea7952072,14,"{'device_compute': 0.07219461900240276, 'd2e_transport': 0.0, 'edge_queue': 0.0, 'edge_segment_compute': 0.0, 'edge_exit_head_compute': 0.0, 'edge_exit_check': 0.0, 'e2c_transport': 0.0, 'cloud_queue': 0.0, 'cloud_segment_compute': 0.0, 'cloud_exit_head_compute': 0.0, 'cloud_exit_check': 0.0, 'total_latency': 0.07222560099035036, 'unattributed_overhead': 3.09819879475981e-05, 'request_id': '1dd0745cda2345e594d4bb9ea7952072', 'user_id': 0, 'prediction': 1, 'exit_id': 'after_layer1', 'exit_boundary_id': 4, 'exit_location': 'device', 'confidence': 0.2472258359193802, 'executed_segments_by_node': {'device': [0, 1, 2, 3]}, 'nodes': [{'node': 'device', 'executed_segments': [0, 1, 2, 3], 'queue_s': 0.0, 'segment_compute_s': 0.07093487500969786, 'exit_head_compute_s': 0.0010330950026400387, 'exit_check_s': 7.275999814737588e-05, 'worker_elapsed_s': 0.07219461900240276}], 'sample_id': 'balanced_001_0004_00004762', 'label': 1, 'correct': True, 'observed_utility': 0.6388719950482482}",balanced_001_0004_00004762,14,4762,14.062743663787842,0.07222560099035036,3.09819879475981e-05,0
0.07237015599093866,0.07237015599093866,0.07240058199386112,0.07237015599093866,1784171354.3865728,1784171339.5201774,1784171339.7701774,0.0,0.0,0.0,0.0,0.35040298104286194,0.0,0.07237015599093866,unknown,0.0,0.0,0.0,0.0,0.0,"{'device': [0, 1, 2, 3]}",4,after_layer1,device,True,1,1.0,0.07240058199386112,0.6379970900306944,1,09e5c5621e394142953b88b446a8f535,15,"{'device_compute': 0.07237015599093866, 'd2e_transport': 0.0, 'edge_queue': 0.0, 'edge_segment_compute': 0.0, 'edge_exit_head_compute': 0.0, 'edge_exit_check': 0.0, 'e2c_transport': 0.0, 'cloud_queue': 0.0, 'cloud_segment_compute': 0.0, 'cloud_exit_head_compute': 0.0, 'cloud_exit_check': 0.0, 'total_latency': 0.07240058199386112, 'unattributed_overhead': 3.0426002922467887e-05, 'request_id': '09e5c5621e394142953b88b446a8f535', 'user_id': 0, 'prediction': 1, 'exit_id': 'after_layer1', 'exit_boundary_id': 4, 'exit_location': 'device', 'confidence': 0.35040298104286194, 'executed_segments_by_node': {'device': [0, 1, 2, 3]}, 'nodes': [{'node': 'device', 'executed_segments': [0, 1, 2, 3], 'queue_s': 0.0, 'segment_compute_s': 0.07112932001473382, 'exit_head_compute_s': 0.0010318169952370226, 'exit_check_s': 6.324000423774123e-05, 'worker_elapsed_s': 0.07237015599093866}], 'sample_id': 'balanced_001_0005_00006159', 'label': 1, 'correct': True, 'observed_utility': 0.6379970900306944}",balanced_001_0005_00006159,15,6159,14.616395473480225,0.07240058199386112,3.0426002922467887e-05,0
0.07361906599544454,0.07361906599544454,0.07365088099322747,0.07361906599544454,1784171355.314984,1784171340.9935017,1784171341.2435017,0.0,0.0,0.0,0.0,0.3543166518211365,0.0,0.07361906599544454,unknown,0.0,0.0,0.0,0.0,0.0,"{'device': [0, 1, 2, 3]}",4,after_layer1,device,False,1,0.0,0.07365088099322747,-0.36825440496613737,8,84fe5efe568340d5b8746c5a0463e7d4,16,"{'device_compute': 0.07361906599544454, 'd2e_transport': 0.0, 'edge_queue': 0.0, 'edge_segment_compute': 0.0, 'edge_exit_head_compute': 0.0, 'edge_exit_check': 0.0, 'e2c_transport': 0.0, 'cloud_queue': 0.0, 'cloud_segment_compute': 0.0, 'cloud_exit_head_compute': 0.0, 'cloud_exit_check': 0.0, 'total_latency': 0.07365088099322747, 'unattributed_overhead': 3.181499778293073e-05, 'request_id': '84fe5efe568340d5b8746c5a0463e7d4', 'user_id': 0, 'prediction': 8, 'exit_id': 'after_layer1', 'exit_boundary_id': 4, 'exit_location': 'device', 'confidence': 0.3543166518211365, 'executed_segments_by_node': {'device': [0, 1, 2, 3]}, 'nodes': [{'node': 'device', 'executed_segments': [0, 1, 2, 3], 'queue_s': 0.0, 'segment_compute_s': 0.0723445639887359, 'exit_head_compute_s': 0.001049632002832368, 'exit_check_s': 7.007400563452393e-05, 'worker_elapsed_s': 0.07361906599544454}], 'sample_id': 'balanced_001_0006_00006445', 'label': 1, 'correct': False, 'observed_utility': -0.36825440496613737}",balanced_001_0006_00006445,16,6445,14.071482419967651,0.07365088099322747,3.181499778293073e-05,0
0.08019872898876201,0.08019872898876201,0.0802342839888297,0.08019872898876201,1784171356.245346,1784171341.9245605,1784171342.1745605,0.0,0.0,0.0,0.0,0.40110763907432556,0.0,0.08019872898876201,unknown,0.0,0.0,0.0,0.0,0.0,"{'device': [0, 1, 2, 3]}",4,after_layer1,device,True,1,1.0,0.0802342839888297,0.5988285800558515,1,ad8898f99d1f4069a2b29bfb1879f232,17,"{'device_compute': 0.08019872898876201, 'd2e_transport': 0.0, 'edge_queue': 0.0, 'edge_segment_compute': 0.0, 'edge_exit_head_compute': 0.0, 'edge_exit_check': 0.0, 'e2c_transport': 0.0, 'cloud_queue': 0.0, 'cloud_segment_compute': 0.0, 'cloud_exit_head_compute': 0.0, 'cloud_exit_check': 0.0, 'total_latency': 0.0802342839888297, 'unattributed_overhead': 3.5555000067688525e-05, 'request_id': 'ad8898f99d1f4069a2b29bfb1879f232', 'user_id': 0, 'prediction': 1, 'exit_id': 'after_layer1', 'exit_boundary_id': 4, 'exit_location': 'device', 'confidence': 0.40110763907432556, 'executed_segments_by_node': {'device': [0, 1, 2, 3]}, 'nodes': [{'node': 'device', 'executed_segments': [0, 1, 2, 3], 'queue_s': 0.0, 'segment_compute_s': 0.07855387398740277, 'exit_head_compute_s': 0.0013922250072937459, 'exit_check_s': 7.1593007305637e-05, 'worker_elapsed_s': 0.08019872898876201}], 'sample_id': 'balanced_001_0007_00007071', 'label': 1, 'correct': True, 'observed_utility': 0.5988285800558515}",balanced_001_0007_00007071,17,7071,14.070785522460938,0.0802342839888297,3.5555000067688525e-05,0
0.09138051301124506,0.09138051301124506,0.0914187540038256,0.09138051301124506,1784171357.1846688,1784171342.8631215,1784171343.1131215,0.0,0.0,0.0,0.0,0.3738027513027191,0.0,0.09138051301124506,unknown,0.0,0.0,0.0,0.0,0.0,"{'device': [0, 1, 2, 3]}",4,after_layer1,device,True,1,1.0,0.0914187540038256,0.542906229980872,1,26711bdf70dc42cc8e2bbfb6a1802562,18,"{'device_compute': 0.09138051301124506, 'd2e_transport': 0.0, 'edge_queue': 0.0, 'edge_segment_compute': 0.0, 'edge_exit_head_compute': 0.0, 'edge_exit_check': 0.0, 'e2c_transport': 0.0, 'cloud_queue': 0.0, 'cloud_segment_compute': 0.0, 'cloud_exit_head_compute': 0.0, 'cloud_exit_check': 0.0, 'total_latency': 0.0914187540038256, 'unattributed_overhead': 3.824099258054048e-05, 'request_id': '26711bdf70dc42cc8e2bbfb6a1802562', 'user_id': 0, 'prediction': 1, 'exit_id': 'after_layer1', 'exit_boundary_id': 4, 'exit_location': 'device', 'confidence': 0.3738027513027191, 'executed_segments_by_node': {'device': [0, 1, 2, 3]}, 'nodes': [{'node': 'device', 'executed_segments': [0, 1, 2, 3], 'queue_s': 0.0, 'segment_compute_s': 0.0900425090076169, 'exit_head_compute_s': 0.0010658169921953231, 'exit_check_s': 8.374100434593856e-05, 'worker_elapsed_s': 0.09138051301124506}], 'sample_id': 'balanced_001_0008_00007114', 'label': 1, 'correct': True, 'observed_utility': 0.542906229980872}",balanced_001_0008_00007114,18,7114,14.071547269821167,0.0914187540038256,3.824099258054048e-05,0
0.07935335699585266,0.07935335699585266,0.07938280199596193,0.07935335699585266,1784171358.1341193,1784171343.8088117,1784171344.0588117,0.0,0.0,0.0,0.0,0.4176829755306244,0.0,0.07935335699585266,unknown,0.0,0.0,0.0,0.0,0.0,"{'device': [0, 1, 2, 3]}",4,after_layer1,device,False,1,0.0,0.07938280199596193,-0.39691400997980963,9,351f65b457c7400d8c1168bc0e7b6a9d,19,"{'device_compute': 0.07935335699585266, 'd2e_transport': 0.0, 'edge_queue': 0.0, 'edge_segment_compute': 0.0, 'edge_exit_head_compute': 0.0, 'edge_exit_check': 0.0, 'e2c_transport': 0.0, 'cloud_queue': 0.0, 'cloud_segment_compute': 0.0, 'cloud_exit_head_compute': 0.0, 'cloud_exit_check': 0.0, 'total_latency': 0.07938280199596193, 'unattributed_overhead': 2.9445000109262764e-05, 'request_id': '351f65b457c7400d8c1168bc0e7b6a9d', 'user_id': 0, 'prediction': 9, 'exit_id': 'after_layer1', 'exit_boundary_id': 4, 'exit_location': 'device', 'confidence': 0.4176829755306244, 'executed_segments_by_node': {'device': [0, 1, 2, 3]}, 'nodes': [{'node': 'device', 'executed_segments': [0, 1, 2, 3], 'queue_s': 0.0, 'segment_compute_s': 0.07812583500344772, 'exit_head_compute_s': 0.0010171129979426041, 'exit_check_s': 6.053700053598732e-05, 'worker_elapsed_s': 0.07935335699585266}], 'sample_id': 'balanced_001_0009_00009974', 'label': 1, 'correct': False, 'observed_utility': -0.39691400997980963}",balanced_001_0009_00009974,19,9974,14.075307607650757,0.07938280199596193,2.9445000109262764e-05,0
0.08325801299361046,0.08325801299361046,0.0832906799914781,0.08325801299361046,1784171359.0597508,1784171344.7470815,1784171344.9970815,0.0,0.0,0.0,0.0,0.3766840696334839,0.0,0.08325801299361046,unknown,0.0,0.0,0.0,0.0,0.0,"{'device': [0, 1, 2, 3]}",4,after_layer1,device,False,2,0.0,0.0832906799914781,-0.4164533999573905,8,531f3d79a938440891815769af336bc3,20,"{'device_compute': 0.08325801299361046, 'd2e_transport': 0.0, 'edge_queue': 0.0, 'edge_segment_compute': 0.0, 'edge_exit_head_compute': 0.0, 'edge_exit_check': 0.0, 'e2c_transport': 0.0, 'cloud_queue': 0.0, 'cloud_segment_compute': 0.0, 'cloud_exit_head_compute': 0.0, 'cloud_exit_check': 0.0, 'total_latency': 0.0832906799914781, 'unattributed_overhead': 3.266699786763638e-05, 'request_id': '531f3d79a938440891815769af336bc3', 'user_id': 0, 'prediction': 8, 'exit_id': 'after_layer1', 'exit_boundary_id': 4, 'exit_location': 'device', 'confidence': 0.3766840696334839, 'executed_segments_by_node': {'device': [0, 1, 2, 3]}, 'nodes': [{'node': 'device', 'executed_segments': [0, 1, 2, 3], 'queue_s': 0.0, 'segment_compute_s': 0.08197806499083526, 'exit_head_compute_s': 0.001059557995176874, 'exit_check_s': 6.34079915471375e-05, 'worker_elapsed_s': 0.08325801299361046}], 'sample_id': 'balanced_002_0000_00000303', 'label': 2, 'correct': False, 'observed_utility': -0.4164533999573905}",balanced_002_0000_00000303,20,303,14.062669277191162,0.0832906799914781,3.266699786763638e-05,0
0.07367752899881452,0.07367752899881452,0.0737077509984374,0.07367752899881452,1784171359.994921,1784171345.6775465,1784171345.9275465,0.0,0.0,0.0,0.0,0.15497328341007233,0.0,0.07367752899881452,unknown,0.0,0.0,0.0,0.0,0.0,"{'device': [0, 1, 2, 3]}",4,after_layer1,device,False,2,0.0,0.0737077509984374,-0.368538754992187,3,f2944ed757be48398fb099197d4599b0,21,"{'device_compute': 0.07367752899881452, 'd2e_transport': 0.0, 'edge_queue': 0.0, 'edge_segment_compute': 0.0, 'edge_exit_head_compute': 0.0, 'edge_exit_check': 0.0, 'e2c_transport': 0.0, 'cloud_queue': 0.0, 'cloud_segment_compute': 0.0, 'cloud_exit_head_compute': 0.0, 'cloud_exit_check': 0.0, 'total_latency': 0.0737077509984374, 'unattributed_overhead': 3.0221999622881413e-05, 'request_id': 'f2944ed757be48398fb099197d4599b0', 'user_id': 0, 'prediction': 3, 'exit_id': 'after_layer1', 'exit_boundary_id': 4, 'exit_location': 'device', 'confidence': 0.15497328341007233, 'executed_segments_by_node': {'device': [0, 1, 2, 3]}, 'nodes': [{'node': 'device', 'executed_segments': [0, 1, 2, 3], 'queue_s': 0.0, 'segment_compute_s': 0.07245236000744626, 'exit_head_compute_s': 0.0010126690031029284, 'exit_check_s': 6.201800715643913e-05, 'worker_elapsed_s': 0.07367752899881452}], 'sample_id': 'balanced_002_0001_00002321', 'label': 2, 'correct': False, 'observed_utility': -0.368538754992187}",balanced_002_0001_00002321,21,2321,14.067374467849731,0.0737077509984374,3.0221999622881413e-05,0
0.08408714400138706,0.08408714400138706,0.08411740300653037,0.08408714400138706,1784171361.3007455,1784171346.600854,1784171346.850854,0.0,0.0,0.0,0.0,0.42599403858184814,0.0,0.08408714400138706,unknown,0.0,0.0,0.0,0.0,0.0,"{'device': [0, 1, 2, 3]}",4,after_layer1,device,False,2,0.0,0.08411740300653037,-0.42058701503265183,8,f1e6a75638984ad496788f318a66bdb4,22,"{'device_compute': 0.08408714400138706, 'd2e_transport': 0.0, 'edge_queue': 0.0, 'edge_segment_compute': 0.0, 'edge_exit_head_compute': 0.0, 'edge_exit_check': 0.0, 'e2c_transport': 0.0, 'cloud_queue': 0.0, 'cloud_segment_compute': 0.0, 'cloud_exit_head_compute': 0.0, 'cloud_exit_check': 0.0, 'total_latency': 0.08411740300653037, 'unattributed_overhead': 3.025900514330715e-05, 'request_id': 'f1e6a75638984ad496788f318a66bdb4', 'user_id': 0, 'prediction': 8, 'exit_id': 'after_layer1', 'exit_boundary_id': 4, 'exit_location': 'device', 'confidence': 0.42599403858184814, 'executed_segments_by_node': {'device': [0, 1, 2, 3]}, 'nodes': [{'node': 'device', 'executed_segments': [0, 1, 2, 3], 'queue_s': 0.0, 'segment_compute_s': 0.08285223398706876, 'exit_head_compute_s': 0.0010191879991907626, 'exit_check_s': 6.118501187302172e-05, 'worker_elapsed_s': 0.08408714400138706}], 'sample_id': 'balanced_002_0002_00003673', 'label': 2, 'correct': False, 'observed_utility': -0.42058701503265183}",balanced_002_0002_00003673,22,3673,14.449891567230225,0.08411740300653037,3.025900514330715e-05,0
0.07456951300264336,0.07456951300264336,0.07460658700438216,0.07456951300264336,1784171362.2308545,1784171347.9167323,1784171348.1667323,0.0,0.0,0.0,0.0,0.2386147677898407,0.0,0.07456951300264336,unknown,0.0,0.0,0.0,0.0,0.0,"{'device': [0, 1, 2, 3]}",4,after_layer1,device,False,2,0.0,0.07460658700438216,-0.3730329350219108,8,202fa61526c54fa889643e5f20415925,23,"{'device_compute': 0.07456951300264336, 'd2e_transport': 0.0, 'edge_queue': 0.0, 'edge_segment_compute': 0.0, 'edge_exit_head_compute': 0.0, 'edge_exit_check': 0.0, 'e2c_transport': 0.0, 'cloud_queue': 0.0, 'cloud_segment_compute': 0.0, 'cloud_exit_head_compute': 0.0, 'cloud_exit_check': 0.0, 'total_latency': 0.07460658700438216, 'unattributed_overhead': 3.70740017388016e-05, 'request_id': '202fa61526c54fa889643e5f20415925', 'user_id': 0, 'prediction': 8, 'exit_id': 'after_layer1', 'exit_boundary_id': 4, 'exit_location': 'device', 'confidence': 0.2386147677898407, 'executed_segments_by_node': {'device': [0, 1, 2, 3]}, 'nodes': [{'node': 'device', 'executed_segments': [0, 1, 2, 3], 'queue_s': 0.0, 'segment_compute_s': 0.07331506599439308, 'exit_head_compute_s': 0.001020798008539714, 'exit_check_s': 7.322199235204607e-05, 'worker_elapsed_s': 0.07456951300264336}], 'sample_id': 'balanced_002_0003_00005477', 'label': 2, 'correct': False, 'observed_utility': -0.3730329350219108}",balanced_002_0003_00005477,23,5477,14.064122200012207,0.07460658700438216,3.70740017388016e-05,0
0.08347277299617417,0.08347277299617417,0.08351392099575605,0.08347277299617417,1784171363.1548402,1784171348.839875,1784171349.089875,0.0,0.0,0.0,0.0,0.4693128764629364,0.0,0.08347277299617417,unknown,0.0,0.0,0.0,0.0,0.0,"{'device': [0, 1, 2, 3]}",4,after_layer1,device,False,2,0.0,0.08351392099575605,-0.41756960497878026,6,5a4a0946e2a947c9b1dffee58807b756,24,"{'device_compute': 0.08347277299617417, 'd2e_transport': 0.0, 'edge_queue': 0.0, 'edge_segment_compute': 0.0, 'edge_exit_head_compute': 0.0, 'edge_exit_check': 0.0, 'e2c_transport': 0.0, 'cloud_queue': 0.0, 'cloud_segment_compute': 0.0, 'cloud_exit_head_compute': 0.0, 'cloud_exit_check': 0.0, 'total_latency': 0.08351392099575605, 'unattributed_overhead': 4.114799958188087e-05, 'request_id': '5a4a0946e2a947c9b1dffee58807b756', 'user_id': 0, 'prediction': 6, 'exit_id': 'after_layer1', 'exit_boundary_id': 4, 'exit_location': 'device', 'confidence': 0.4693128764629364, 'executed_segments_by_node': {'device': [0, 1, 2, 3]}, 'nodes': [{'node': 'device', 'executed_segments': [0, 1, 2, 3], 'queue_s': 0.0, 'segment_compute_s': 0.08194021199597046, 'exit_head_compute_s': 0.0012355770013527945, 'exit_check_s': 9.318499360233545e-05, 'worker_elapsed_s': 0.08347277299617417}], 'sample_id': 'balanced_002_0004_00006715', 'label': 2, 'correct': False, 'observed_utility': -0.41756960497878026}",balanced_002_0004_00006715,24,6715,14.06496524810791,0.08351392099575605,4.114799958188087e-05,0
0.07267456399858929,0.07267456399858929,0.0727039710036479,0.07267456399858929,1784171364.09683,1784171349.7744727,1784171350.0244727,0.0,0.0,0.0,0.0,0.19845055043697357,0.0,0.07267456399858929,unknown,0.0,0.0,0.0,0.0,0.0,"{'device': [0, 1, 2, 3]}",4,after_layer1,device,False,2,0.0,0.0727039710036479,-0.36351985501823947,8,87721e81d5e345f7ac5ca3b72a2522d7,25,"{'device_compute': 0.07267456399858929, 'd2e_transport': 0.0, 'edge_queue': 0.0, 'edge_segment_compute': 0.0, 'edge_exit_head_compute': 0.0, 'edge_exit_check': 0.0, 'e2c_transport': 0.0, 'cloud_queue': 0.0, 'cloud_segment_compute': 0.0, 'cloud_exit_head_compute': 0.0, 'cloud_exit_check': 0.0, 'total_latency': 0.0727039710036479, 'unattributed_overhead': 2.94070050586015e-05, 'request_id': '87721e81d5e345f7ac5ca3b72a2522d7', 'user_id': 0, 'prediction': 8, 'exit_id': 'after_layer1', 'exit_boundary_id': 4, 'exit_location': 'device', 'confidence': 0.19845055043697357, 'executed_segments_by_node': {'device': [0, 1, 2, 3]}, 'nodes': [{'node': 'device', 'executed_segments': [0, 1, 2, 3], 'queue_s': 0.0, 'segment_compute_s': 0.07144885702291504, 'exit_head_compute_s': 0.001006371996481903, 'exit_check_s': 6.238899368327111e-05, 'worker_elapsed_s': 0.07267456399858929}], 'sample_id': 'balanced_002_0005_00006819', 'label': 2, 'correct': False, 'observed_utility': -0.36351985501823947}",balanced_002_0005_00006819,25,6819,14.072357177734375,0.0727039710036479,2.94070050586015e-05,0
0.07134954299544916,0.07134954299544916,0.07138046900217887,0.07134954299544916,1784171365.0226042,1784171350.702408,1784171350.952408,0.0,0.0,0.0,0.0,0.29646822810173035,0.0,0.07134954299544916,unknown,0.0,0.0,0.0,0.0,0.0,"{'device': [0, 1, 2, 3]}",4,after_layer1,device,False,2,0.0,0.07138046900217887,-0.35690234501089435,1,4c35e5a2fd764ce08ada5895c849a3a4,26,"{'device_compute': 0.07134954299544916, 'd2e_transport': 0.0, 'edge_queue': 0.0, 'edge_segment_compute': 0.0, 'edge_exit_head_compute': 0.0, 'edge_exit_check': 0.0, 'e2c_transport': 0.0, 'cloud_queue': 0.0, 'cloud_segment_compute': 0.0, 'cloud_exit_head_compute': 0.0, 'cloud_exit_check': 0.0, 'total_latency': 0.07138046900217887, 'unattributed_overhead': 3.092600672971457e-05, 'request_id': '4c35e5a2fd764ce08ada5895c849a3a4', 'user_id': 0, 'prediction': 1, 'exit_id': 'after_layer1', 'exit_boundary_id': 4, 'exit_location': 'device', 'confidence': 0.29646822810173035, 'executed_segments_by_node': {'device': [0, 1, 2, 3]}, 'nodes': [{'node': 'device', 'executed_segments': [0, 1, 2, 3], 'queue_s': 0.0, 'segment_compute_s': 0.0700536509975791, 'exit_head_compute_s': 0.0010323910100851208, 'exit_check_s': 6.307399598881602e-05, 'worker_elapsed_s': 0.07134954299544916}], 'sample_id': 'balanced_002_0006_00007562', 'label': 2, 'correct': False, 'observed_utility': -0.35690234501089435}",balanced_002_0006_00007562,26,7562,14.070196151733398,0.07138046900217887,3.092600672971457e-05,0
0.07619938701100182,0.07619938701100182,0.07622996100690216,0.07619938701100182,1784171366.236699,1784171351.6307812,1784171351.8807812,0.0,0.0,0.0,0.0,0.35444819927215576,0.0,0.07619938701100182,unknown,0.0,0.0,0.0,0.0,0.0,"{'device': [0, 1, 2, 3]}",4,after_layer1,device,False,2,0.0,0.07622996100690216,-0.3811498050345108,6,9edc9186eba0415e8f9332b9ea933116,27,"{'device_compute': 0.07619938701100182, 'd2e_transport': 0.0, 'edge_queue': 0.0, 'edge_segment_compute': 0.0, 'edge_exit_head_compute': 0.0, 'edge_exit_check': 0.0, 'e2c_transport': 0.0, 'cloud_queue': 0.0, 'cloud_segment_compute': 0.0, 'cloud_exit_head_compute': 0.0, 'cloud_exit_check': 0.0, 'total_latency': 0.07622996100690216, 'unattributed_overhead': 3.057399590034038e-05, 'request_id': '9edc9186eba0415e8f9332b9ea933116', 'user_id': 0, 'prediction': 6, 'exit_id': 'after_layer1', 'exit_boundary_id': 4, 'exit_location': 'device', 'confidence': 0.35444819927215576, 'executed_segments_by_node': {'device': [0, 1, 2, 3]}, 'nodes': [{'node': 'device', 'executed_segments': [0, 1, 2, 3], 'queue_s': 0.0, 'segment_compute_s': 0.07497788401087746, 'exit_head_compute_s': 0.0010071129945572466, 'exit_check_s': 6.205600220710039e-05, 'worker_elapsed_s': 0.07619938701100182}], 'sample_id': 'balanced_002_0007_00008730', 'label': 2, 'correct': False, 'observed_utility': -0.3811498050345108}",balanced_002_0007_00008730,27,8730,14.355917930603027,0.07622996100690216,3.057399590034038e-05,0
0.07891950299381278,0.07891950299381278,0.07895005799946375,0.07891950299381278,1784171367.166837,1784171352.845433,1784171353.095433,0.0,0.0,0.0,0.0,0.28676068782806396,0.0,0.07891950299381278,unknown,0.0,0.0,0.0,0.0,0.0,"{'device': [0, 1, 2, 3]}",4,after_layer1,device,False,2,0.0,0.07895005799946375,-0.39475028999731876,3,ae557c1892cd4cb5bddafbd82800eceb,28,"{'device_compute': 0.07891950299381278, 'd2e_transport': 0.0, 'edge_queue': 0.0, 'edge_segment_compute': 0.0, 'edge_exit_head_compute': 0.0, 'edge_exit_check': 0.0, 'e2c_transport': 0.0, 'cloud_queue': 0.0, 'cloud_segment_compute': 0.0, 'cloud_exit_head_compute': 0.0, 'cloud_exit_check': 0.0, 'total_latency': 0.07895005799946375, 'unattributed_overhead': 3.055500565096736e-05, 'request_id': 'ae557c1892cd4cb5bddafbd82800eceb', 'user_id': 0, 'prediction': 3, 'exit_id': 'after_layer1', 'exit_boundary_id': 4, 'exit_location': 'device', 'confidence': 0.28676068782806396, 'executed_segments_by_node': {'device': [0, 1, 2, 3]}, 'nodes': [{'node': 'device', 'executed_segments': [0, 1, 2, 3], 'queue_s': 0.0, 'segment_compute_s': 0.07769787198049016, 'exit_head_compute_s': 0.001004113000817597, 'exit_check_s': 6.183299410622567e-05, 'worker_elapsed_s': 0.07891950299381278}], 'sample_id': 'balanced_002_0008_00009082', 'label': 2, 'correct': False, 'observed_utility': -0.39475028999731876}",balanced_002_0008_00009082,28,9082,14.071403980255127,0.07895005799946375,3.055500565096736e-05,0
0.07880700299574528,0.07880700299574528,0.07883839200076181,0.07880700299574528,1784171368.0961342,1784171353.7804155,1784171354.0304155,0.0,0.0,0.0,0.0,0.3488982319831848,0.0,0.07880700299574528,unknown,0.0,0.0,0.0,0.0,0.0,"{'device': [0, 1, 2, 3]}",4,after_layer1,device,False,2,0.0,0.07883839200076181,-0.39419196000380907,6,13dc9bd341be4a37830482ff80ad0638,29,"{'device_compute': 0.07880700299574528, 'd2e_transport': 0.0, 'edge_queue': 0.0, 'edge_segment_compute': 0.0, 'edge_exit_head_compute': 0.0, 'edge_exit_check': 0.0, 'e2c_transport': 0.0, 'cloud_queue': 0.0, 'cloud_segment_compute': 0.0, 'cloud_exit_head_compute': 0.0, 'cloud_exit_check': 0.0, 'total_latency': 0.07883839200076181, 'unattributed_overhead': 3.138900501653552e-05, 'request_id': '13dc9bd341be4a37830482ff80ad0638', 'user_id': 0, 'prediction': 6, 'exit_id': 'after_layer1', 'exit_boundary_id': 4, 'exit_location': 'device', 'confidence': 0.3488982319831848, 'executed_segments_by_node': {'device': [0, 1, 2, 3]}, 'nodes': [{'node': 'device', 'executed_segments': [0, 1, 2, 3], 'queue_s': 0.0, 'segment_compute_s': 0.07753712999692652, 'exit_head_compute_s': 0.001026799000101164, 'exit_check_s': 6.081500032451004e-05, 'worker_elapsed_s': 0.07880700299574528}], 'sample_id': 'balanced_002_0009_00009543', 'label': 2, 'correct': False, 'observed_utility': -0.39419196000380907}",balanced_002_0009_00009543,29,9543,14.065718650817871,0.07883839200076181,3.138900501653552e-05,0
0.08587238800828345,0.08587238800828345,0.0859029989951523,0.08587238800828345,1784171369.0228093,1784171354.711783,1784171354.961783,0.0,0.0,0.0,0.0,0.2705949544906616,0.0,0.08587238800828345,unknown,0.0,0.0,0.0,0.0,0.0,"{'device': [0, 1, 2, 3]}",4,after_layer1,device,False,3,0.0,0.0859029989951523,-0.4295149949757615,0,654faf2ed3154a0197f11513d388ac03,30,"{'device_compute': 0.08587238800828345, 'd2e_transport': 0.0, 'edge_queue': 0.0, 'edge_segment_compute': 0.0, 'edge_exit_head_compute': 0.0, 'edge_exit_check': 0.0, 'e2c_transport': 0.0, 'cloud_queue': 0.0, 'cloud_segment_compute': 0.0, 'cloud_exit_head_compute': 0.0, 'cloud_exit_check': 0.0, 'total_latency': 0.0859029989951523, 'unattributed_overhead': 3.061098686885089e-05, 'request_id': '654faf2ed3154a0197f11513d388ac03', 'user_id': 0, 'prediction': 0, 'exit_id': 'after_layer1', 'exit_boundary_id': 4, 'exit_location': 'device', 'confidence': 0.2705949544906616, 'executed_segments_by_node': {'device': [0, 1, 2, 3]}, 'nodes': [{'node': 'device', 'executed_segments': [0, 1, 2, 3], 'queue_s': 0.0, 'segment_compute_s': 0.08448568099993281, 'exit_head_compute_s': 0.0011100209958385676, 'exit_check_s': 6.227800622582436e-05, 'worker_elapsed_s': 0.08587238800828345}], 'sample_id': 'balanced_003_0000_00001173', 'label': 3, 'correct': False, 'observed_utility': -0.4295149949757615}",balanced_003_0000_00001173,30,1173,14.061026334762573,0.0859029989951523,3.061098686885089e-05,0
0.07145945000229403,0.07145945000229403,0.07148952400893904,0.07145945000229403,1784171369.9689023,1784171355.6443334,1784171355.8943334,0.0,0.0,0.0,0.0,0.3114784359931946,0.0,0.07145945000229403,unknown,0.0,0.0,0.0,0.0,0.0,"{'device': [0, 1, 2, 3]}",4,after_layer1,device,False,3,0.0,0.07148952400893904,-0.3574476200446952,6,2cf99b57646c4e22aa6c61c68d7de78b,31,"{'device_compute': 0.07145945000229403, 'd2e_transport': 0.0, 'edge_queue': 0.0, 'edge_segment_compute': 0.0, 'edge_exit_head_compute': 0.0, 'edge_exit_check': 0.0, 'e2c_transport': 0.0, 'cloud_queue': 0.0, 'cloud_segment_compute': 0.0, 'cloud_exit_head_compute': 0.0, 'cloud_exit_check': 0.0, 'total_latency': 0.07148952400893904, 'unattributed_overhead': 3.007400664500892e-05, 'request_id': '2cf99b57646c4e22aa6c61c68d7de78b', 'user_id': 0, 'prediction': 6, 'exit_id': 'after_layer1', 'exit_boundary_id': 4, 'exit_location': 'device', 'confidence': 0.3114784359931946, 'executed_segments_by_node': {'device': [0, 1, 2, 3]}, 'nodes': [{'node': 'device', 'executed_segments': [0, 1, 2, 3], 'queue_s': 0.0, 'segment_compute_s': 0.07023496601323131, 'exit_head_compute_s': 0.0010108169954037294, 'exit_check_s': 5.859301018062979e-05, 'worker_elapsed_s': 0.07145945000229403}], 'sample_id': 'balanced_003_0001_00001883', 'label': 3, 'correct': False, 'observed_utility': -0.3574476200446952}",balanced_003_0001_00001883,31,1883,14.0745689868927,0.07148952400893904,3.007400664500892e-05,0
0.0730021380004473,0.0730021380004473,0.07303365699772257,0.0730021380004473,1784171370.8887558,1784171356.575212,1784171356.825212,0.0,0.0,0.0,0.0,0.29346930980682373,0.0,0.0730021380004473,unknown,0.0,0.0,0.0,0.0,0.0,"{'device': [0, 1, 2, 3]}",4,after_layer1,device,False,3,0.0,0.07303365699772257,-0.36516828498861287,5,be672af394ce44abb13d41517559df99,32,"{'device_compute': 0.0730021380004473, 'd2e_transport': 0.0, 'edge_queue': 0.0, 'edge_segment_compute': 0.0, 'edge_exit_head_compute': 0.0, 'edge_exit_check': 0.0, 'e2c_transport': 0.0, 'cloud_queue': 0.0, 'cloud_segment_compute': 0.0, 'cloud_exit_head_compute': 0.0, 'cloud_exit_check': 0.0, 'total_latency': 0.07303365699772257, 'unattributed_overhead': 3.151899727527052e-05, 'request_id': 'be672af394ce44abb13d41517559df99', 'user_id': 0, 'prediction': 5, 'exit_id': 'after_layer1', 'exit_boundary_id': 4, 'exit_location': 'device', 'confidence': 0.29346930980682373, 'executed_segments_by_node': {'device': [0, 1, 2, 3]}, 'nodes': [{'node': 'device', 'executed_segments': [0, 1, 2, 3], 'queue_s': 0.0, 'segment_compute_s': 0.07173074700403959, 'exit_head_compute_s': 0.0010460210032761097, 'exit_check_s': 6.872299127280712e-05, 'worker_elapsed_s': 0.0730021380004473}], 'sample_id': 'balanced_003_0002_00001964', 'label': 3, 'correct': False, 'observed_utility': -0.36516828498861287}",balanced_003_0002_00001964,32,1964,14.063543796539307,0.07303365699772257,3.151899727527052e-05,0
0.07621692300017457,0.07621692300017457,0.0762510159984231,0.07621692300017457,1784171371.8175068,1784171357.496556,1784171357.746556,0.0,0.0,0.0,0.0,0.24097977578639984,0.0,0.07621692300017457,unknown,0.0,0.0,0.0,0.0,0.0,"{'device': [0, 1, 2, 3]}",4,after_layer1,device,False,3,0.0,0.0762510159984231,-0.3812550799921155,5,111189719a5f424c9e34a5a44d241519,33,"{'device_compute': 0.07621692300017457, 'd2e_transport': 0.0, 'edge_queue': 0.0, 'edge_segment_compute': 0.0, 'edge_exit_head_compute': 0.0, 'edge_exit_check': 0.0, 'e2c_transport': 0.0, 'cloud_queue': 0.0, 'cloud_segment_compute': 0.0, 'cloud_exit_head_compute': 0.0, 'cloud_exit_check': 0.0, 'total_latency': 0.0762510159984231, 'unattributed_overhead': 3.4092998248524964e-05, 'request_id': '111189719a5f424c9e34a5a44d241519', 'user_id': 0, 'prediction': 5, 'exit_id': 'after_layer1', 'exit_boundary_id': 4, 'exit_location': 'device', 'confidence': 0.24097977578639984, 'executed_segments_by_node': {'device': [0, 1, 2, 3]}, 'nodes': [{'node': 'device', 'executed_segments': [0, 1, 2, 3], 'queue_s': 0.0, 'segment_compute_s': 0.07423404901055619, 'exit_head_compute_s': 0.001757521997205913, 'exit_check_s': 6.555599975399673e-05, 'worker_elapsed_s': 0.07621692300017457}], 'sample_id': 'balanced_003_0003_00002230', 'label': 3, 'correct': False, 'observed_utility': -0.3812550799921155}",balanced_003_0003_00002230,33,2230,14.070950746536255,0.0762510159984231,3.4092998248524964e-05,0
0.07137600499845576,0.07137600499845576,0.07140733799315058,0.07137600499845576,1784171373.5743892,1784171359.2530165,1784171359.5030165,0.0,0.0,0.0,0.0,0.2475583255290985,0.0,0.07137600499845576,unknown,0.0,0.0,0.0,0.0,0.0,"{'device': [0, 1, 2, 3]}",4,after_layer1,device,False,3,0.0,0.07140733799315058,-0.3570366899657529,6,bc835ee7ead24fd98c436262cba9c1d2,34,"{'device_compute': 0.07137600499845576, 'd2e_transport': 0.0, 'edge_queue': 0.0, 'edge_segment_compute': 0.0, 'edge_exit_head_compute': 0.0, 'edge_exit_check': 0.0, 'e2c_transport': 0.0, 'cloud_queue': 0.0, 'cloud_segment_compute': 0.0, 'cloud_exit_head_compute': 0.0, 'cloud_exit_check': 0.0, 'total_latency': 0.07140733799315058, 'unattributed_overhead': 3.1332994694821537e-05, 'request_id': 'bc835ee7ead24fd98c436262cba9c1d2', 'user_id': 0, 'prediction': 6, 'exit_id': 'after_layer1', 'exit_boundary_id': 4, 'exit_location': 'device', 'confidence': 0.2475583255290985, 'executed_segments_by_node': {'device': [0, 1, 2, 3]}, 'nodes': [{'node': 'device', 'executed_segments': [0, 1, 2, 3], 'queue_s': 0.0, 'segment_compute_s': 0.07012000097893178, 'exit_head_compute_s': 0.0010271870123688132, 'exit_check_s': 6.811200000811368e-05, 'worker_elapsed_s': 0.07137600499845576}], 'sample_id': 'balanced_003_0004_00005100', 'label': 3, 'correct': False, 'observed_utility': -0.3570366899657529}",balanced_003_0004_00005100,34,5100,14.071372747421265,0.07140733799315058,3.1332994694821537e-05,0
0.08291082599316724,0.08291082599316724,0.08294858600129373,0.08291082599316724,1784171374.5091121,1784171360.1828172,1784171360.4328172,0.0,0.0,0.0,0.0,0.36276164650917053,0.0,0.08291082599316724,unknown,0.0,0.0,0.0,0.0,0.0,"{'device': [0, 1, 2, 3]}",4,after_layer1,device,True,3,1.0,0.08294858600129373,0.5852570699935313,3,138265b73a0a463789315771fb865b12,35,"{'device_compute': 0.08291082599316724, 'd2e_transport': 0.0, 'edge_queue': 0.0, 'edge_segment_compute': 0.0, 'edge_exit_head_compute': 0.0, 'edge_exit_check': 0.0, 'e2c_transport': 0.0, 'cloud_queue': 0.0, 'cloud_segment_compute': 0.0, 'cloud_exit_head_compute': 0.0, 'cloud_exit_check': 0.0, 'total_latency': 0.08294858600129373, 'unattributed_overhead': 3.776000812649727e-05, 'request_id': '138265b73a0a463789315771fb865b12', 'user_id': 0, 'prediction': 3, 'exit_id': 'after_layer1', 'exit_boundary_id': 4, 'exit_location': 'device', 'confidence': 0.36276164650917053, 'executed_segments_by_node': {'device': [0, 1, 2, 3]}, 'nodes': [{'node': 'device', 'executed_segments': [0, 1, 2, 3], 'queue_s': 0.0, 'segment_compute_s': 0.08157589599431958, 'exit_head_compute_s': 0.0010659289982868358, 'exit_check_s': 7.496299804188311e-05, 'worker_elapsed_s': 0.08291082599316724}], 'sample_id': 'balanced_003_0005_00006021', 'label': 3, 'correct': True, 'observed_utility': 0.5852570699935313}",balanced_003_0005_00006021,35,6021,14.076294898986816,0.08294858600129373,3.776000812649727e-05,0
0.08218611999473069,0.08218611999473069,0.08221573100308888,0.08218611999473069,1784171375.447001,1784171361.1310835,1784171361.3810835,0.0,0.0,0.0,0.0,0.2573424279689789,0.0,0.08218611999473069,unknown,0.0,0.0,0.0,0.0,0.0,"{'device': [0, 1, 2, 3]}",4,after_layer1,device,True,3,1.0,0.08221573100308888,0.5889213449845556,3,4b45cb4599814572ae170ee0ee4c2158,36,"{'device_compute': 0.08218611999473069, 'd2e_transport': 0.0, 'edge_queue': 0.0, 'edge_segment_compute': 0.0, 'edge_exit_head_compute': 0.0, 'edge_exit_check': 0.0, 'e2c_transport': 0.0, 'cloud_queue': 0.0, 'cloud_segment_compute': 0.0, 'cloud_exit_head_compute': 0.0, 'cloud_exit_check': 0.0, 'total_latency': 0.08221573100308888, 'unattributed_overhead': 2.9611008358187973e-05, 'request_id': '4b45cb4599814572ae170ee0ee4c2158', 'user_id': 0, 'prediction': 3, 'exit_id': 'after_layer1', 'exit_boundary_id': 4, 'exit_location': 'device', 'confidence': 0.2573424279689789, 'executed_segments_by_node': {'device': [0, 1, 2, 3]}, 'nodes': [{'node': 'device', 'executed_segments': [0, 1, 2, 3], 'queue_s': 0.0, 'segment_compute_s': 0.08096122901770286, 'exit_head_compute_s': 0.001011668995488435, 'exit_check_s': 6.0851991293020546e-05, 'worker_elapsed_s': 0.08218611999473069}], 'sample_id': 'balanced_003_0006_00008012', 'label': 3, 'correct': True, 'observed_utility': 0.5889213449845556}",balanced_003_0006_00008012,36,8012,14.065917491912842,0.08221573100308888,2.9611008358187973e-05,0
0.07747788800043054,0.07747788800043054,0.07750881399260834,0.07747788800043054,1784171376.3735385,1784171362.0614412,1784171362.3114412,0.0,0.0,0.0,0.0,0.28651735186576843,0.0,0.07747788800043054,unknown,0.0,0.0,0.0,0.0,0.0,"{'device': [0, 1, 2, 3]}",4,after_layer1,device,False,3,0.0,0.07750881399260834,-0.3875440699630417,5,3308a8e43ecd4f9c86dacccabc7c35bc,37,"{'device_compute': 0.07747788800043054, 'd2e_transport': 0.0, 'edge_queue': 0.0, 'edge_segment_compute': 0.0, 'edge_exit_head_compute': 0.0, 'edge_exit_check': 0.0, 'e2c_transport': 0.0, 'cloud_queue': 0.0, 'cloud_segment_compute': 0.0, 'cloud_exit_head_compute': 0.0, 'cloud_exit_check': 0.0, 'total_latency': 0.07750881399260834, 'unattributed_overhead': 3.0925992177799344e-05, 'request_id': '3308a8e43ecd4f9c86dacccabc7c35bc', 'user_id': 0, 'prediction': 5, 'exit_id': 'after_layer1', 'exit_boundary_id': 4, 'exit_location': 'device', 'confidence': 0.28651735186576843, 'executed_segments_by_node': {'device': [0, 1, 2, 3]}, 'nodes': [{'node': 'device', 'executed_segments': [0, 1, 2, 3], 'queue_s': 0.0, 'segment_compute_s': 0.07623725598386955, 'exit_head_compute_s': 0.0010253539949189872, 'exit_check_s': 6.251799641177058e-05, 'worker_elapsed_s': 0.07747788800043054}], 'sample_id': 'balanced_003_0007_00008336', 'label': 3, 'correct': False, 'observed_utility': -0.3875440699630417}",balanced_003_0007_00008336,37,8336,14.062097311019897,0.07750881399260834,3.0925992177799344e-05,0
0.08050622801238205,0.08050622801238205,0.08053739400929771,0.08050622801238205,1784171377.3012667,1784171362.983865,1784171363.233865,0.0,0.0,0.0,0.0,0.31873199343681335,0.0,0.08050622801238205,unknown,0.0,0.0,0.0,0.0,0.0,"{'device': [0, 1, 2, 3]}",4,after_layer1,device,True,3,1.0,0.08053739400929771,0.5973130299535114,3,8a88a7a153134e70a43d33f3c1bb0ee6,38,"{'device_compute': 0.08050622801238205, 'd2e_transport': 0.0, 'edge_queue': 0.0, 'edge_segment_compute': 0.0, 'edge_exit_head_compute': 0.0, 'edge_exit_check': 0.0, 'e2c_transport': 0.0, 'cloud_queue': 0.0, 'cloud_segment_compute': 0.0, 'cloud_exit_head_compute': 0.0, 'cloud_exit_check': 0.0, 'total_latency': 0.08053739400929771, 'unattributed_overhead': 3.11659969156608e-05, 'request_id': '8a88a7a153134e70a43d33f3c1bb0ee6', 'user_id': 0, 'prediction': 3, 'exit_id': 'after_layer1', 'exit_boundary_id': 4, 'exit_location': 'device', 'confidence': 0.31873199343681335, 'executed_segments_by_node': {'device': [0, 1, 2, 3]}, 'nodes': [{'node': 'device', 'executed_segments': [0, 1, 2, 3], 'queue_s': 0.0, 'segment_compute_s': 0.07906733598792925, 'exit_head_compute_s': 0.0010407989902887493, 'exit_check_s': 6.936999852769077e-05, 'worker_elapsed_s': 0.08050622801238205}], 'sample_id': 'balanced_003_0008_00008343', 'label': 3, 'correct': True, 'observed_utility': 0.5973130299535114}",balanced_003_0008_00008343,38,8343,14.067401647567749,0.08053739400929771,3.11659969156608e-05,0
0.07138704200042412,0.07138704200042412,0.07141732001036871,0.07138704200042412,1784171378.8886414,1784171364.4382102,1784171364.6882102,0.0,0.0,0.0,0.0,0.3019528388977051,0.0,0.07138704200042412,unknown,0.0,0.0,0.0,0.0,0.0,"{'device': [0, 1, 2, 3]}",4,after_layer1,device,False,3,0.0,0.07141732001036871,-0.35708660005184356,7,45fd249cc16447249a39ec9f70c6d5a0,39,"{'device_compute': 0.07138704200042412, 'd2e_transport': 0.0, 'edge_queue': 0.0, 'edge_segment_compute': 0.0, 'edge_exit_head_compute': 0.0, 'edge_exit_check': 0.0, 'e2c_transport': 0.0, 'cloud_queue': 0.0, 'cloud_segment_compute': 0.0, 'cloud_exit_head_compute': 0.0, 'cloud_exit_check': 0.0, 'total_latency': 0.07141732001036871, 'unattributed_overhead': 3.0278009944595397e-05, 'request_id': '45fd249cc16447249a39ec9f70c6d5a0', 'user_id': 0, 'prediction': 7, 'exit_id': 'after_layer1', 'exit_boundary_id': 4, 'exit_location': 'device', 'confidence': 0.3019528388977051, 'executed_segments_by_node': {'device': [0, 1, 2, 3]}, 'nodes': [{'node': 'device', 'executed_segments': [0, 1, 2, 3], 'queue_s': 0.0, 'segment_compute_s': 0.07016563099750783, 'exit_head_compute_s': 0.0010097060003317893, 'exit_check_s': 6.159298936836421e-05, 'worker_elapsed_s': 0.07138704200042412}], 'sample_id': 'balanced_003_0009_00008557', 'label': 3, 'correct': False, 'observed_utility': -0.35708660005184356}",balanced_003_0009_00008557,39,8557,14.200431108474731,0.07141732001036871,3.0278009944595397e-05,0
0.08782266899652313,0.08782266899652313,0.08786174400302116,0.08782266899652313,1784171379.8119557,1784171365.4964325,1784171365.7464325,0.0,0.0,0.0,0.0,0.3174613118171692,0.0,0.08782266899652313,unknown,0.0,0.0,0.0,0.0,0.0,"{'device': [0, 1, 2, 3]}",4,after_layer1,device,True,4,1.0,0.08786174400302116,0.5606912799848942,4,8b80cf77fdad4e14b3bd30454bf25765,40,"{'device_compute': 0.08782266899652313, 'd2e_transport': 0.0, 'edge_queue': 0.0, 'edge_segment_compute': 0.0, 'edge_exit_head_compute': 0.0, 'edge_exit_check': 0.0, 'e2c_transport': 0.0, 'cloud_queue': 0.0, 'cloud_segment_compute': 0.0, 'cloud_exit_head_compute': 0.0, 'cloud_exit_check': 0.0, 'total_latency': 0.08786174400302116, 'unattributed_overhead': 3.907500649802387e-05, 'request_id': '8b80cf77fdad4e14b3bd30454bf25765', 'user_id': 0, 'prediction': 4, 'exit_id': 'after_layer1', 'exit_boundary_id': 4, 'exit_location': 'device', 'confidence': 0.3174613118171692, 'executed_segments_by_node': {'device': [0, 1, 2, 3]}, 'nodes': [{'node': 'device', 'executed_segments': [0, 1, 2, 3], 'queue_s': 0.0, 'segment_compute_s': 0.0864222589880228, 'exit_head_compute_s': 0.0011158540000906214, 'exit_check_s': 8.570399950258434e-05, 'worker_elapsed_s': 0.08782266899652313}], 'sample_id': 'balanced_004_0000_00000930', 'label': 4, 'correct': True, 'observed_utility': 0.5606912799848942}",balanced_004_0000_00000930,40,930,14.065523147583008,0.08786174400302116,3.907500649802387e-05,0
0.07229882100364193,0.07229882100364193,0.07232913600455504,0.07229882100364193,1784171381.5689363,1784171367.2474024,1784171367.4974024,0.0,0.0,0.0,0.0,0.2931863069534302,0.0,0.07229882100364193,unknown,0.0,0.0,0.0,0.0,0.0,"{'device': [0, 1, 2, 3]}",4,after_layer1,device,False,4,0.0,0.07232913600455504,-0.3616456800227752,6,352620d122114942a1fd96d37446a6ff,41,"{'device_compute': 0.07229882100364193, 'd2e_transport': 0.0, 'edge_queue': 0.0, 'edge_segment_compute': 0.0, 'edge_exit_head_compute': 0.0, 'edge_exit_check': 0.0, 'e2c_transport': 0.0, 'cloud_queue': 0.0, 'cloud_segment_compute': 0.0, 'cloud_exit_head_compute': 0.0, 'cloud_exit_check': 0.0, 'total_latency': 0.07232913600455504, 'unattributed_overhead': 3.0315000913105905e-05, 'request_id': '352620d122114942a1fd96d37446a6ff', 'user_id': 0, 'prediction': 6, 'exit_id': 'after_layer1', 'exit_boundary_id': 4, 'exit_location': 'device', 'confidence': 0.2931863069534302, 'executed_segments_by_node': {'device': [0, 1, 2, 3]}, 'nodes': [{'node': 'device', 'executed_segments': [0, 1, 2, 3], 'queue_s': 0.0, 'segment_compute_s': 0.07109168998431414, 'exit_head_compute_s': 0.0009905949991662055, 'exit_check_s': 6.112900155130774e-05, 'worker_elapsed_s': 0.07229882100364193}], 'sample_id': 'balanced_004_0001_00001529', 'label': 4, 'correct': False, 'observed_utility': -0.3616456800227752}",balanced_004_0001_00001529,41,1529,14.071533918380737,0.07232913600455504,3.0315000913105905e-05,0
0.07433023198973387,0.07433023198973387,0.07436176898772828,0.07433023198973387,1784171382.4859018,1784171368.1715803,1784171368.4215803,0.0,0.0,0.0,0.0,0.23231197893619537,0.0,0.07433023198973387,unknown,0.0,0.0,0.0,0.0,0.0,"{'device': [0, 1, 2, 3]}",4,after_layer1,device,False,4,0.0,0.07436176898772828,-0.3718088449386414,6,587bcd6c60c44f00921d2f3f760a009c,42,"{'device_compute': 0.07433023198973387, 'd2e_transport': 0.0, 'edge_queue': 0.0, 'edge_segment_compute': 0.0, 'edge_exit_head_compute': 0.0, 'edge_exit_check': 0.0, 'e2c_transport': 0.0, 'cloud_queue': 0.0, 'cloud_segment_compute': 0.0, 'cloud_exit_head_compute': 0.0, 'cloud_exit_check': 0.0, 'total_latency': 0.07436176898772828, 'unattributed_overhead': 3.153699799440801e-05, 'request_id': '587bcd6c60c44f00921d2f3f760a009c', 'user_id': 0, 'prediction': 6, 'exit_id': 'after_layer1', 'exit_boundary_id': 4, 'exit_location': 'device', 'confidence': 0.23231197893619537, 'executed_segments_by_node': {'device': [0, 1, 2, 3]}, 'nodes': [{'node': 'device', 'executed_segments': [0, 1, 2, 3], 'queue_s': 0.0, 'segment_compute_s': 0.07305747199279722, 'exit_head_compute_s': 0.0010400390019640326, 'exit_check_s': 6.929600203875452e-05, 'worker_elapsed_s': 0.07433023198973387}], 'sample_id': 'balanced_004_0002_00002981', 'label': 4, 'correct': False, 'observed_utility': -0.3718088449386414}",balanced_004_0002_00002981,42,2981,14.064321517944336,0.07436176898772828,3.153699799440801e-05,0
0.07257324799138587,0.07257324799138587,0.0726029139914317,0.07257324799138587,1784171383.415435,1784171369.0945768,1784171369.3445768,0.0,0.0,0.0,0.0,0.2945069372653961,0.0,0.07257324799138587,unknown,0.0,0.0,0.0,0.0,0.0,"{'device': [0, 1, 2, 3]}",4,after_layer1,device,False,4,0.0,0.0726029139914317,-0.36301456995715853,0,39b78e6b6c2f466faef7ed8ef2bac12c,43,"{'device_compute': 0.07257324799138587, 'd2e_transport': 0.0, 'edge_queue': 0.0, 'edge_segment_compute': 0.0, 'edge_exit_head_compute': 0.0, 'edge_exit_check': 0.0, 'e2c_transport': 0.0, 'cloud_queue': 0.0, 'cloud_segment_compute': 0.0, 'cloud_exit_head_compute': 0.0, 'cloud_exit_check': 0.0, 'total_latency': 0.0726029139914317, 'unattributed_overhead': 2.9666000045835972e-05, 'request_id': '39b78e6b6c2f466faef7ed8ef2bac12c', 'user_id': 0, 'prediction': 0, 'exit_id': 'after_layer1', 'exit_boundary_id': 4, 'exit_location': 'device', 'confidence': 0.2945069372653961, 'executed_segments_by_node': {'device': [0, 1, 2, 3]}, 'nodes': [{'node': 'device', 'executed_segments': [0, 1, 2, 3], 'queue_s': 0.0, 'segment_compute_s': 0.07135263399686664, 'exit_head_compute_s': 0.0010028909891843796, 'exit_check_s': 6.003699672874063e-05, 'worker_elapsed_s': 0.07257324799138587}], 'sample_id': 'balanced_004_0003_00006634', 'label': 4, 'correct': False, 'observed_utility': -0.36301456995715853}",balanced_004_0003_00006634,43,6634,14.070858240127563,0.0726029139914317,2.9666000045835972e-05,0
0.07995320799818728,0.07995320799818728,0.07998455999768339,0.07995320799818728,1784171384.3414717,1784171370.0261602,1784171370.2761602,0.0,0.0,0.0,0.0,0.5105240941047668,0.0,0.07995320799818728,unknown,0.0,0.0,0.0,0.0,0.0,"{'device': [0, 1, 2, 3]}",4,after_layer1,device,False,4,0.0,0.07998455999768339,-0.39992279998841695,3,c74e6779a333410788c08442e2eb8741,44,"{'device_compute': 0.07995320799818728, 'd2e_transport': 0.0, 'edge_queue': 0.0, 'edge_segment_compute': 0.0, 'edge_exit_head_compute': 0.0, 'edge_exit_check': 0.0, 'e2c_transport': 0.0, 'cloud_queue': 0.0, 'cloud_segment_compute': 0.0, 'cloud_exit_head_compute': 0.0, 'cloud_exit_check': 0.0, 'total_latency': 0.07998455999768339, 'unattributed_overhead': 3.1351999496109784e-05, 'request_id': 'c74e6779a333410788c08442e2eb8741', 'user_id': 0, 'prediction': 3, 'exit_id': 'after_layer1', 'exit_boundary_id': 4, 'exit_location': 'device', 'confidence': 0.5105240941047668, 'executed_segments_by_node': {'device': [0, 1, 2, 3]}, 'nodes': [{'node': 'device', 'executed_segments': [0, 1, 2, 3], 'queue_s': 0.0, 'segment_compute_s': 0.07843277900246903, 'exit_head_compute_s': 0.001304650999372825, 'exit_check_s': 6.30009890301153e-05, 'worker_elapsed_s': 0.07995320799818728}], 'sample_id': 'balanced_004_0004_00006941', 'label': 4, 'correct': False, 'observed_utility': -0.39992279998841695}",balanced_004_0004_00006941,44,6941,14.065311431884766,0.07998455999768339,3.1351999496109784e-05,0
0.08850841100502294,0.08850841100502294,0.08853841100062709,0.08850841100502294,1784171385.2768135,1784171370.9557724,1784171371.2057724,0.0,0.0,0.0,0.0,0.3014581501483917,0.0,0.08850841100502294,unknown,0.0,0.0,0.0,0.0,0.0,"{'device': [0, 1, 2, 3]}",4,after_layer1,device,False,4,0.0,0.08853841100062709,-0.44269205500313547,7,dddac69ecd214e66a3a3f830232dc54a,45,"{'device_compute': 0.08850841100502294, 'd2e_transport': 0.0, 'edge_queue': 0.0, 'edge_segment_compute': 0.0, 'edge_exit_head_compute': 0.0, 'edge_exit_check': 0.0, 'e2c_transport': 0.0, 'cloud_queue': 0.0, 'cloud_segment_compute': 0.0, 'cloud_exit_head_compute': 0.0, 'cloud_exit_check': 0.0, 'total_latency': 0.08853841100062709, 'unattributed_overhead': 2.9999995604157448e-05, 'request_id': 'dddac69ecd214e66a3a3f830232dc54a', 'user_id': 0, 'prediction': 7, 'exit_id': 'after_layer1', 'exit_boundary_id': 4, 'exit_location': 'device', 'confidence': 0.3014581501483917, 'executed_segments_by_node': {'device': [0, 1, 2, 3]}, 'nodes': [{'node': 'device', 'executed_segments': [0, 1, 2, 3], 'queue_s': 0.0, 'segment_compute_s': 0.08731438999529928, 'exit_head_compute_s': 0.0009491679957136512, 'exit_check_s': 6.06480025453493e-05, 'worker_elapsed_s': 0.08850841100502294}], 'sample_id': 'balanced_004_0005_00007452', 'label': 4, 'correct': False, 'observed_utility': -0.44269205500313547}",balanced_004_0005_00007452,45,7452,14.071041107177734,0.08853841100062709,2.9999995604157448e-05,0
0.07166083798801992,0.07166083798801992,0.0716922449937556,0.07166083798801992,1784171387.5744054,1784171371.9018927,1784171372.1518927,0.0,0.0,0.0,0.0,0.3598746657371521,0.0,0.07166083798801992,unknown,0.0,0.0,0.0,0.0,0.0,"{'device': [0, 1, 2, 3]}",4,after_layer1,device,True,4,1.0,0.0716922449937556,0.641538775031222,4,659a631e920e482398ede9f6784d188e,46,"{'device_compute': 0.07166083798801992, 'd2e_transport': 0.0, 'edge_queue': 0.0, 'edge_segment_compute': 0.0, 'edge_exit_head_compute': 0.0, 'edge_exit_check': 0.0, 'e2c_transport': 0.0, 'cloud_queue': 0.0, 'cloud_segment_compute': 0.0, 'cloud_exit_head_compute': 0.0, 'cloud_exit_check': 0.0, 'total_latency': 0.0716922449937556, 'unattributed_overhead': 3.140700573567301e-05, 'request_id': '659a631e920e482398ede9f6784d188e', 'user_id': 0, 'prediction': 4, 'exit_id': 'after_layer1', 'exit_boundary_id': 4, 'exit_location': 'device', 'confidence': 0.3598746657371521, 'executed_segments_by_node': {'device': [0, 1, 2, 3]}, 'nodes': [{'node': 'device', 'executed_segments': [0, 1, 2, 3], 'queue_s': 0.0, 'segment_compute_s': 0.07038105698302388, 'exit_head_compute_s': 0.001056410008459352, 'exit_check_s': 6.866600597277284e-05, 'worker_elapsed_s': 0.07166083798801992}], 'sample_id': 'balanced_004_0006_00008452', 'label': 4, 'correct': True, 'observed_utility': 0.641538775031222}",balanced_004_0006_00008452,46,8452,15.422512769699097,0.0716922449937556,3.140700573567301e-05,0
0.07242915401002392,0.07242915401002392,0.07245885800512042,0.07242915401002392,1784171388.4985032,1784171374.1883883,1784171374.4383883,0.0,0.0,0.0,0.0,0.2632506489753723,0.0,0.07242915401002392,unknown,0.0,0.0,0.0,0.0,0.0,"{'device': [0, 1, 2, 3]}",4,after_layer1,device,False,4,0.0,0.07245885800512042,-0.3622942900256021,6,e5931b0d2eb44aa499f554e91ffa02d3,47,"{'device_compute': 0.07242915401002392, 'd2e_transport': 0.0, 'edge_queue': 0.0, 'edge_segment_compute': 0.0, 'edge_exit_head_compute': 0.0, 'edge_exit_check': 0.0, 'e2c_transport': 0.0, 'cloud_queue': 0.0, 'cloud_segment_compute': 0.0, 'cloud_exit_head_compute': 0.0, 'cloud_exit_check': 0.0, 'total_latency': 0.07245885800512042, 'unattributed_overhead': 2.9703995096497238e-05, 'request_id': 'e5931b0d2eb44aa499f554e91ffa02d3', 'user_id': 0, 'prediction': 6, 'exit_id': 'after_layer1', 'exit_boundary_id': 4, 'exit_location': 'device', 'confidence': 0.2632506489753723, 'executed_segments_by_node': {'device': [0, 1, 2, 3]}, 'nodes': [{'node': 'device', 'executed_segments': [0, 1, 2, 3], 'queue_s': 0.0, 'segment_compute_s': 0.07116522600699682, 'exit_head_compute_s': 0.0010445770021760836, 'exit_check_s': 6.55550102237612e-05, 'worker_elapsed_s': 0.07242915401002392}], 'sample_id': 'balanced_004_0007_00008711', 'label': 4, 'correct': False, 'observed_utility': -0.3622942900256021}",balanced_004_0007_00008711,47,8711,14.060114860534668,0.07245885800512042,2.9703995096497238e-05,0
0.07055079800193198,0.07055079800193198,0.07058209400565829,0.07055079800193198,1784171389.4307199,1784171375.1069236,1784171375.3569236,0.0,0.0,0.0,0.0,0.281794935464859,0.0,0.07055079800193198,unknown,0.0,0.0,0.0,0.0,0.0,"{'device': [0, 1, 2, 3]}",4,after_layer1,device,False,4,0.0,0.07058209400565829,-0.35291047002829146,3,84eea35fe0a9426e909186b8e68bfd19,48,"{'device_compute': 0.07055079800193198, 'd2e_transport': 0.0, 'edge_queue': 0.0, 'edge_segment_compute': 0.0, 'edge_exit_head_compute': 0.0, 'edge_exit_check': 0.0, 'e2c_transport': 0.0, 'cloud_queue': 0.0, 'cloud_segment_compute': 0.0, 'cloud_exit_head_compute': 0.0, 'cloud_exit_check': 0.0, 'total_latency': 0.07058209400565829, 'unattributed_overhead': 3.129600372631103e-05, 'request_id': '84eea35fe0a9426e909186b8e68bfd19', 'user_id': 0, 'prediction': 3, 'exit_id': 'after_layer1', 'exit_boundary_id': 4, 'exit_location': 'device', 'confidence': 0.281794935464859, 'executed_segments_by_node': {'device': [0, 1, 2, 3]}, 'nodes': [{'node': 'device', 'executed_segments': [0, 1, 2, 3], 'queue_s': 0.0, 'segment_compute_s': 0.06924388599873055, 'exit_head_compute_s': 0.0010276690009050071, 'exit_check_s': 6.863000453449786e-05, 'worker_elapsed_s': 0.07055079800193198}], 'sample_id': 'balanced_004_0008_00009128', 'label': 4, 'correct': False, 'observed_utility': -0.35291047002829146}",balanced_004_0008_00009128,48,9128,14.073796272277832,0.07058209400565829,3.129600372631103e-05,0
0.08876402200257871,0.08876402200257871,0.0888015410018852,0.08876402200257871,1784171390.3509758,1784171376.034258,1784171376.284258,0.0,0.0,0.0,0.0,0.3108009397983551,0.0,0.08876402200257871,unknown,0.0,0.0,0.0,0.0,0.0,"{'device': [0, 1, 2, 3]}",4,after_layer1,device,False,4,0.0,0.0888015410018852,-0.444007705009426,7,f9a60f24a09743b189e1ec4876183928,49,"{'device_compute': 0.08876402200257871, 'd2e_transport': 0.0, 'edge_queue': 0.0, 'edge_segment_compute': 0.0, 'edge_exit_head_compute': 0.0, 'edge_exit_check': 0.0, 'e2c_transport': 0.0, 'cloud_queue': 0.0, 'cloud_segment_compute': 0.0, 'cloud_exit_head_compute': 0.0, 'cloud_exit_check': 0.0, 'total_latency': 0.0888015410018852, 'unattributed_overhead': 3.751899930648506e-05, 'request_id': 'f9a60f24a09743b189e1ec4876183928', 'user_id': 0, 'prediction': 7, 'exit_id': 'after_layer1', 'exit_boundary_id': 4, 'exit_location': 'device', 'confidence': 0.3108009397983551, 'executed_segments_by_node': {'device': [0, 1, 2, 3]}, 'nodes': [{'node': 'device', 'executed_segments': [0, 1, 2, 3], 'queue_s': 0.0, 'segment_compute_s': 0.0874383519985713, 'exit_head_compute_s': 0.0010520390060264617, 'exit_check_s': 7.69079924793914e-05, 'worker_elapsed_s': 0.08876402200257871}], 'sample_id': 'balanced_004_0009_00009549', 'label': 4, 'correct': False, 'observed_utility': -0.444007705009426}",balanced_004_0009_00009549,49,9549,14.066717863082886,0.0888015410018852,3.751899930648506e-05,0
0.0787334080087021,0.0787334080087021,0.07876531600777525,0.0787334080087021,1784171391.2968915,1784171376.9744976,1784171377.2244976,0.0,0.0,0.0,0.0,0.1614179015159607,0.0,0.0787334080087021,unknown,0.0,0.0,0.0,0.0,0.0,"{'device': [0, 1, 2, 3]}",4,after_layer1,device,False,5,0.0,0.07876531600777525,-0.3938265800388763,2,2325b3dab2fb466ba9a8e40f01cc4dd0,50,"{'device_compute': 0.0787334080087021, 'd2e_transport': 0.0, 'edge_queue': 0.0, 'edge_segment_compute': 0.0, 'edge_exit_head_compute': 0.0, 'edge_exit_check': 0.0, 'e2c_transport': 0.0, 'cloud_queue': 0.0, 'cloud_segment_compute': 0.0, 'cloud_exit_head_compute': 0.0, 'cloud_exit_check': 0.0, 'total_latency': 0.07876531600777525, 'unattributed_overhead': 3.1907999073155224e-05, 'request_id': '2325b3dab2fb466ba9a8e40f01cc4dd0', 'user_id': 0, 'prediction': 2, 'exit_id': 'after_layer1', 'exit_boundary_id': 4, 'exit_location': 'device', 'confidence': 0.1614179015159607, 'executed_segments_by_node': {'device': [0, 1, 2, 3]}, 'nodes': [{'node': 'device', 'executed_segments': [0, 1, 2, 3], 'queue_s': 0.0, 'segment_compute_s': 0.07743675798701588, 'exit_head_compute_s': 0.0010760760051198304, 'exit_check_s': 6.761099211871624e-05, 'worker_elapsed_s': 0.0787334080087021}], 'sample_id': 'balanced_005_0000_00000262', 'label': 5, 'correct': False, 'observed_utility': -0.3938265800388763}",balanced_005_0000_00000262,50,262,14.072393894195557,0.07876531600777525,3.1907999073155224e-05,0
0.0809576160099823,0.0809576160099823,0.08098661599797197,0.0809576160099823,1784171392.8008468,1784171378.4783256,1784171378.7283256,0.0,0.0,0.0,0.0,0.3058786690235138,0.0,0.0809576160099823,unknown,0.0,0.0,0.0,0.0,0.0,"{'device': [0, 1, 2, 3]}",4,after_layer1,device,False,5,0.0,0.08098661599797197,-0.40493307998985983,2,e4046193a8fd429a930b0675fd5e95d9,51,"{'device_compute': 0.0809576160099823, 'd2e_transport': 0.0, 'edge_queue': 0.0, 'edge_segment_compute': 0.0, 'edge_exit_head_compute': 0.0, 'edge_exit_check': 0.0, 'e2c_transport': 0.0, 'cloud_queue': 0.0, 'cloud_segment_compute': 0.0, 'cloud_exit_head_compute': 0.0, 'cloud_exit_check': 0.0, 'total_latency': 0.08098661599797197, 'unattributed_overhead': 2.8999987989664078e-05, 'request_id': 'e4046193a8fd429a930b0675fd5e95d9', 'user_id': 0, 'prediction': 2, 'exit_id': 'after_layer1', 'exit_boundary_id': 4, 'exit_location': 'device', 'confidence': 0.3058786690235138, 'executed_segments_by_node': {'device': [0, 1, 2, 3]}, 'nodes': [{'node': 'device', 'executed_segments': [0, 1, 2, 3], 'queue_s': 0.0, 'segment_compute_s': 0.07973235500685405, 'exit_head_compute_s': 0.0010131870076293126, 'exit_check_s': 6.192599539645016e-05, 'worker_elapsed_s': 0.0809576160099823}], 'sample_id': 'balanced_005_0001_00001337', 'label': 5, 'correct': False, 'observed_utility': -0.40493307998985983}",balanced_005_0001_00001337,51,1337,14.072521209716797,0.08098661599797197,2.8999987989664078e-05,0
0.07189741201000288,0.07189741201000288,0.07192719000158831,0.07189741201000288,1784171393.935469,1784171379.4186833,1784171379.6686833,0.0,0.0,0.0,0.0,0.37280216813087463,0.0,0.07189741201000288,unknown,0.0,0.0,0.0,0.0,0.0,"{'device': [0, 1, 2, 3]}",4,after_layer1,device,False,5,0.0,0.07192719000158831,-0.3596359500079416,9,567e1a28be184bf2a8518fe261904aa2,52,"{'device_compute': 0.07189741201000288, 'd2e_transport': 0.0, 'edge_queue': 0.0, 'edge_segment_compute': 0.0, 'edge_exit_head_compute': 0.0, 'edge_exit_check': 0.0, 'e2c_transport': 0.0, 'cloud_queue': 0.0, 'cloud_segment_compute': 0.0, 'cloud_exit_head_compute': 0.0, 'cloud_exit_check': 0.0, 'total_latency': 0.07192719000158831, 'unattributed_overhead': 2.9777991585433483e-05, 'request_id': '567e1a28be184bf2a8518fe261904aa2', 'user_id': 0, 'prediction': 9, 'exit_id': 'after_layer1', 'exit_boundary_id': 4, 'exit_location': 'device', 'confidence': 0.37280216813087463, 'executed_segments_by_node': {'device': [0, 1, 2, 3]}, 'nodes': [{'node': 'device', 'executed_segments': [0, 1, 2, 3], 'queue_s': 0.0, 'segment_compute_s': 0.07064602003083564, 'exit_head_compute_s': 0.0010355769918533042, 'exit_check_s': 6.120400212239474e-05, 'worker_elapsed_s': 0.07189741201000288}], 'sample_id': 'balanced_005_0002_00001527', 'label': 5, 'correct': False, 'observed_utility': -0.3596359500079416}",balanced_005_0002_00001527,52,1527,14.266785621643066,0.07192719000158831,2.9777991585433483e-05,0
0.07771799800684676,0.07771799800684676,0.07774879501084797,0.07771799800684676,1784171395.0255842,1784171380.7077765,1784171380.9577765,0.0,0.0,0.0,0.0,0.3127228915691376,0.0,0.07771799800684676,unknown,0.0,0.0,0.0,0.0,0.0,"{'device': [0, 1, 2, 3]}",4,after_layer1,device,False,5,0.0,0.07774879501084797,-0.38874397505423985,9,9d47b72d8129492094e5b8d099393ba5,53,"{'device_compute': 0.07771799800684676, 'd2e_transport': 0.0, 'edge_queue': 0.0, 'edge_segment_compute': 0.0, 'edge_exit_head_compute': 0.0, 'edge_exit_check': 0.0, 'e2c_transport': 0.0, 'cloud_queue': 0.0, 'cloud_segment_compute': 0.0, 'cloud_exit_head_compute': 0.0, 'cloud_exit_check': 0.0, 'total_latency': 0.07774879501084797, 'unattributed_overhead': 3.07970040012151e-05, 'request_id': '9d47b72d8129492094e5b8d099393ba5', 'user_id': 0, 'prediction': 9, 'exit_id': 'after_layer1', 'exit_boundary_id': 4, 'exit_location': 'device', 'confidence': 0.3127228915691376, 'executed_segments_by_node': {'device': [0, 1, 2, 3]}, 'nodes': [{'node': 'device', 'executed_segments': [0, 1, 2, 3], 'queue_s': 0.0, 'segment_compute_s': 0.07644336701196153, 'exit_head_compute_s': 0.0010612619953462854, 'exit_check_s': 6.1018989072181284e-05, 'worker_elapsed_s': 0.07771799800684676}], 'sample_id': 'balanced_005_0003_00002154', 'label': 5, 'correct': False, 'observed_utility': -0.38874397505423985}",balanced_005_0003_00002154,53,2154,14.067807674407959,0.07774879501084797,3.07970040012151e-05,0
0.09107209999638144,0.09107209999638144,0.09111041500000283,0.09107209999638144,1784171395.9477992,1784171381.6344862,1784171381.8844862,0.0,0.0,0.0,0.0,0.21044807136058807,0.0,0.09107209999638144,unknown,0.0,0.0,0.0,0.0,0.0,"{'device': [0, 1, 2, 3]}",4,after_layer1,device,True,5,1.0,0.09111041500000283,0.5444479249999858,5,66ce343b8c0943f782c2fb830578ff0c,54,"{'device_compute': 0.09107209999638144, 'd2e_transport': 0.0, 'edge_queue': 0.0, 'edge_segment_compute': 0.0, 'edge_exit_head_compute': 0.0, 'edge_exit_check': 0.0, 'e2c_transport': 0.0, 'cloud_queue': 0.0, 'cloud_segment_compute': 0.0, 'cloud_exit_head_compute': 0.0, 'cloud_exit_check': 0.0, 'total_latency': 0.09111041500000283, 'unattributed_overhead': 3.831500362139195e-05, 'request_id': '66ce343b8c0943f782c2fb830578ff0c', 'user_id': 0, 'prediction': 5, 'exit_id': 'after_layer1', 'exit_boundary_id': 4, 'exit_location': 'device', 'confidence': 0.21044807136058807, 'executed_segments_by_node': {'device': [0, 1, 2, 3]}, 'nodes': [{'node': 'device', 'executed_segments': [0, 1, 2, 3], 'queue_s': 0.0, 'segment_compute_s': 0.08968739499687217, 'exit_head_compute_s': 0.0011137800029246137, 'exit_check_s': 7.955598994158208e-05, 'worker_elapsed_s': 0.09107209999638144}], 'sample_id': 'balanced_005_0004_00004530', 'label': 5, 'correct': True, 'observed_utility': 0.5444479249999858}",balanced_005_0004_00004530,54,4530,14.063313007354736,0.09111041500000283,3.831500362139195e-05,0
0.08292017600615509,0.08292017600615509,0.08295143600844312,0.08292017600615509,1784171396.8868394,1784171382.5788035,1784171382.8288035,0.0,0.0,0.0,0.0,0.28774741291999817,0.0,0.08292017600615509,unknown,0.0,0.0,0.0,0.0,0.0,"{'device': [0, 1, 2, 3]}",4,after_layer1,device,False,5,0.0,0.08295143600844312,-0.4147571800422156,3,2ed9abe8fe414ccea44468ec057f082c,55,"{'device_compute': 0.08292017600615509, 'd2e_transport': 0.0, 'edge_queue': 0.0, 'edge_segment_compute': 0.0, 'edge_exit_head_compute': 0.0, 'edge_exit_check': 0.0, 'e2c_transport': 0.0, 'cloud_queue': 0.0, 'cloud_segment_compute': 0.0, 'cloud_exit_head_compute': 0.0, 'cloud_exit_check': 0.0, 'total_latency': 0.08295143600844312, 'unattributed_overhead': 3.126000228803605e-05, 'request_id': '2ed9abe8fe414ccea44468ec057f082c', 'user_id': 0, 'prediction': 3, 'exit_id': 'after_layer1', 'exit_boundary_id': 4, 'exit_location': 'device', 'confidence': 0.28774741291999817, 'executed_segments_by_node': {'device': [0, 1, 2, 3]}, 'nodes': [{'node': 'device', 'executed_segments': [0, 1, 2, 3], 'queue_s': 0.0, 'segment_compute_s': 0.0816870989947347, 'exit_head_compute_s': 0.0010158540098927915, 'exit_check_s': 6.159298936836421e-05, 'worker_elapsed_s': 0.08292017600615509}], 'sample_id': 'balanced_005_0005_00006183', 'label': 5, 'correct': False, 'observed_utility': -0.4147571800422156}",balanced_005_0005_00006183,55,6183,14.058035850524902,0.08295143600844312,3.126000228803605e-05,0
0.07309889601310715,0.07309889601310715,0.07313087700458709,0.07309889601310715,1784171398.3040287,1784171383.5031495,1784171383.7531495,0.0,0.0,0.0,0.0,0.17418499290943146,0.0,0.07309889601310715,unknown,0.0,0.0,0.0,0.0,0.0,"{'device': [0, 1, 2, 3]}",4,after_layer1,device,False,5,0.0,0.07313087700458709,-0.36565438502293546,1,fc70b1a3eb6c4034b220cb184ecc71e2,56,"{'device_compute': 0.07309889601310715, 'd2e_transport': 0.0, 'edge_queue': 0.0, 'edge_segment_compute': 0.0, 'edge_exit_head_compute': 0.0, 'edge_exit_check': 0.0, 'e2c_transport': 0.0, 'cloud_queue': 0.0, 'cloud_segment_compute': 0.0, 'cloud_exit_head_compute': 0.0, 'cloud_exit_check': 0.0, 'total_latency': 0.07313087700458709, 'unattributed_overhead': 3.198099147994071e-05, 'request_id': 'fc70b1a3eb6c4034b220cb184ecc71e2', 'user_id': 0, 'prediction': 1, 'exit_id': 'after_layer1', 'exit_boundary_id': 4, 'exit_location': 'device', 'confidence': 0.17418499290943146, 'executed_segments_by_node': {'device': [0, 1, 2, 3]}, 'nodes': [{'node': 'device', 'executed_segments': [0, 1, 2, 3], 'queue_s': 0.0, 'segment_compute_s': 0.07174289398244582, 'exit_head_compute_s': 0.0011405950062908232, 'exit_check_s': 6.290800229180604e-05, 'worker_elapsed_s': 0.07309889601310715}], 'sample_id': 'balanced_005_0006_00006646', 'label': 5, 'correct': False, 'observed_utility': -0.36565438502293546}",balanced_005_0006_00006646,56,6646,14.55087924003601,0.07313087700458709,3.198099147994071e-05,0
0.07191857798898127,0.07191857798898127,0.07194950399571098,0.07191857798898127,1784171399.5170076,1784171385.075776,1784171385.325776,0.0,0.0,0.0,0.0,0.30064454674720764,0.0,0.07191857798898127,unknown,0.0,0.0,0.0,0.0,0.0,"{'device': [0, 1, 2, 3]}",4,after_layer1,device,True,5,1.0,0.07194950399571098,0.6402524800214451,5,691f5778469247cba34ea0c24b9fc19c,57,"{'device_compute': 0.07191857798898127, 'd2e_transport': 0.0, 'edge_queue': 0.0, 'edge_segment_compute': 0.0, 'edge_exit_head_compute': 0.0, 'edge_exit_check': 0.0, 'e2c_transport': 0.0, 'cloud_queue': 0.0, 'cloud_segment_compute': 0.0, 'cloud_exit_head_compute': 0.0, 'cloud_exit_check': 0.0, 'total_latency': 0.07194950399571098, 'unattributed_overhead': 3.092600672971457e-05, 'request_id': '691f5778469247cba34ea0c24b9fc19c', 'user_id': 0, 'prediction': 5, 'exit_id': 'after_layer1', 'exit_boundary_id': 4, 'exit_location': 'device', 'confidence': 0.30064454674720764, 'executed_segments_by_node': {'device': [0, 1, 2, 3]}, 'nodes': [{'node': 'device', 'executed_segments': [0, 1, 2, 3], 'queue_s': 0.0, 'segment_compute_s': 0.0706867980043171, 'exit_head_compute_s': 0.0010158730001421645, 'exit_check_s': 6.27410045126453e-05, 'worker_elapsed_s': 0.07191857798898127}], 'sample_id': 'balanced_005_0007_00007331', 'label': 5, 'correct': True, 'observed_utility': 0.6402524800214451}",balanced_005_0007_00007331,57,7331,14.191231489181519,0.07194950399571098,3.092600672971457e-05,0
0.07240791199728847,0.07240791199728847,0.07243839399598073,0.07240791199728847,1784171400.7033308,1784171386.1654572,1784171386.4154572,0.0,0.0,0.0,0.0,0.24505585432052612,0.0,0.07240791199728847,unknown,0.0,0.0,0.0,0.0,0.0,"{'device': [0, 1, 2, 3]}",4,after_layer1,device,False,5,0.0,0.07243839399598073,-0.36219196997990366,3,85b1497de3e244d5b0964247562f6cc6,58,"{'device_compute': 0.07240791199728847, 'd2e_transport': 0.0, 'edge_queue': 0.0, 'edge_segment_compute': 0.0, 'edge_exit_head_compute': 0.0, 'edge_exit_check': 0.0, 'e2c_transport': 0.0, 'cloud_queue': 0.0, 'cloud_segment_compute': 0.0, 'cloud_exit_head_compute': 0.0, 'cloud_exit_check': 0.0, 'total_latency': 0.07243839399598073, 'unattributed_overhead': 3.0481998692266643e-05, 'request_id': '85b1497de3e244d5b0964247562f6cc6', 'user_id': 0, 'prediction': 3, 'exit_id': 'after_layer1', 'exit_boundary_id': 4, 'exit_location': 'device', 'confidence': 0.24505585432052612, 'executed_segments_by_node': {'device': [0, 1, 2, 3]}, 'nodes': [{'node': 'device', 'executed_segments': [0, 1, 2, 3], 'queue_s': 0.0, 'segment_compute_s': 0.0711524649959756, 'exit_head_compute_s': 0.0010391140094725415, 'exit_check_s': 6.061099702492356e-05, 'worker_elapsed_s': 0.07240791199728847}], 'sample_id': 'balanced_005_0008_00007538', 'label': 5, 'correct': False, 'observed_utility': -0.36219196997990366}",balanced_005_0008_00007538,58,7538,14.28787350654602,0.07243839399598073,3.0481998692266643e-05,0
0.08183506301429588,0.08183506301429588,0.0818688590079546,0.08183506301429588,1784171401.6295307,1784171387.3078375,1784171387.5578375,0.0,0.0,0.0,0.0,0.19907864928245544,0.0,0.08183506301429588,unknown,0.0,0.0,0.0,0.0,0.0,"{'device': [0, 1, 2, 3]}",4,after_layer1,device,False,5,0.0,0.0818688590079546,-0.409344295039773,3,31e2505c73af462e936c36ac8075a2dd,59,"{'device_compute': 0.08183506301429588, 'd2e_transport': 0.0, 'edge_queue': 0.0, 'edge_segment_compute': 0.0, 'edge_exit_head_compute': 0.0, 'edge_exit_check': 0.0, 'e2c_transport': 0.0, 'cloud_queue': 0.0, 'cloud_segment_compute': 0.0, 'cloud_exit_head_compute': 0.0, 'cloud_exit_check': 0.0, 'total_latency': 0.0818688590079546, 'unattributed_overhead': 3.3795993658713996e-05, 'request_id': '31e2505c73af462e936c36ac8075a2dd', 'user_id': 0, 'prediction': 3, 'exit_id': 'after_layer1', 'exit_boundary_id': 4, 'exit_location': 'device', 'confidence': 0.19907864928245544, 'executed_segments_by_node': {'device': [0, 1, 2, 3]}, 'nodes': [{'node': 'device', 'executed_segments': [0, 1, 2, 3], 'queue_s': 0.0, 'segment_compute_s': 0.08054200401238631, 'exit_head_compute_s': 0.0010042979993158951, 'exit_check_s': 6.837099499534816e-05, 'worker_elapsed_s': 0.08183506301429588}], 'sample_id': 'balanced_005_0009_00009922', 'label': 5, 'correct': False, 'observed_utility': -0.409344295039773}",balanced_005_0009_00009922,59,9922,14.071693181991577,0.0818688590079546,3.3795993658713996e-05,0
0.08579062600620091,0.08579062600620091,0.08582677399681415,0.08579062600620091,1784171404.0199177,1784171388.2470176,1784171388.4970176,0.0,0.0,0.0,0.0,0.17086850106716156,0.0,0.08579062600620091,unknown,0.0,0.0,0.0,0.0,0.0,"{'device': [0, 1, 2, 3]}",4,after_layer1,device,False,6,0.0,0.08582677399681415,-0.42913386998407077,7,8e8c5916eb644eb8aac8831016029fc3,60,"{'device_compute': 0.08579062600620091, 'd2e_transport': 0.0, 'edge_queue': 0.0, 'edge_segment_compute': 0.0, 'edge_exit_head_compute': 0.0, 'edge_exit_check': 0.0, 'e2c_transport': 0.0, 'cloud_queue': 0.0, 'cloud_segment_compute': 0.0, 'cloud_exit_head_compute': 0.0, 'cloud_exit_check': 0.0, 'total_latency': 0.08582677399681415, 'unattributed_overhead': 3.6147990613244474e-05, 'request_id': '8e8c5916eb644eb8aac8831016029fc3', 'user_id': 0, 'prediction': 7, 'exit_id': 'after_layer1', 'exit_boundary_id': 4, 'exit_location': 'device', 'confidence': 0.17086850106716156, 'executed_segments_by_node': {'device': [0, 1, 2, 3]}, 'nodes': [{'node': 'device', 'executed_segments': [0, 1, 2, 3], 'queue_s': 0.0, 'segment_compute_s': 0.08449429001484532, 'exit_head_compute_s': 0.0010332620004191995, 'exit_check_s': 7.607399311382324e-05, 'worker_elapsed_s': 0.08579062600620091}], 'sample_id': 'balanced_006_0000_00000762', 'label': 6, 'correct': False, 'observed_utility': -0.42913386998407077}",balanced_006_0000_00000762,60,762,15.522900104522705,0.08582677399681415,3.6147990613244474e-05,0
0.0811211899999762,0.0811211899999762,0.08115898600954097,0.0811211899999762,1784171404.9599257,1784171390.6435196,1784171390.8935196,0.0,0.0,0.0,0.0,0.19379062950611115,0.0,0.0811211899999762,unknown,0.0,0.0,0.0,0.0,0.0,"{'device': [0, 1, 2, 3]}",4,after_layer1,device,False,6,0.0,0.08115898600954097,-0.40579493004770484,3,a714021065e64e52ab55fbe8534c9018,61,"{'device_compute': 0.0811211899999762, 'd2e_transport': 0.0, 'edge_queue': 0.0, 'edge_segment_compute': 0.0, 'edge_exit_head_compute': 0.0, 'edge_exit_check': 0.0, 'e2c_transport': 0.0, 'cloud_queue': 0.0, 'cloud_segment_compute': 0.0, 'cloud_exit_head_compute': 0.0, 'cloud_exit_check': 0.0, 'total_latency': 0.08115898600954097, 'unattributed_overhead': 3.779600956477225e-05, 'request_id': 'a714021065e64e52ab55fbe8534c9018', 'user_id': 0, 'prediction': 3, 'exit_id': 'after_layer1', 'exit_boundary_id': 4, 'exit_location': 'device', 'confidence': 0.19379062950611115, 'executed_segments_by_node': {'device': [0, 1, 2, 3]}, 'nodes': [{'node': 'device', 'executed_segments': [0, 1, 2, 3], 'queue_s': 0.0, 'segment_compute_s': 0.07983924199652392, 'exit_head_compute_s': 0.0010151319875149056, 'exit_check_s': 7.381499744951725e-05, 'worker_elapsed_s': 0.0811211899999762}], 'sample_id': 'balanced_006_0001_00000965', 'label': 6, 'correct': False, 'observed_utility': -0.40579493004770484}",balanced_006_0001_00000965,61,965,14.066406011581421,0.08115898600954097,3.779600956477225e-05,0
0.0748721400013892,0.0748721400013892,0.07492769599775784,0.0748721400013892,1784171406.0079105,1784171391.581888,1784171391.831888,0.0,0.0,0.0,0.0,0.22749073803424835,0.0,0.0748721400013892,unknown,0.0,0.0,0.0,0.0,0.0,"{'device': [0, 1, 2, 3]}",4,after_layer1,device,True,6,1.0,0.07492769599775784,0.6253615200112108,6,99165747fad8479580ef578c568b7d97,62,"{'device_compute': 0.0748721400013892, 'd2e_transport': 0.0, 'edge_queue': 0.0, 'edge_segment_compute': 0.0, 'edge_exit_head_compute': 0.0, 'edge_exit_check': 0.0, 'e2c_transport': 0.0, 'cloud_queue': 0.0, 'cloud_segment_compute': 0.0, 'cloud_exit_head_compute': 0.0, 'cloud_exit_check': 0.0, 'total_latency': 0.07492769599775784, 'unattributed_overhead': 5.555599636863917e-05, 'request_id': '99165747fad8479580ef578c568b7d97', 'user_id': 0, 'prediction': 6, 'exit_id': 'after_layer1', 'exit_boundary_id': 4, 'exit_location': 'device', 'confidence': 0.22749073803424835, 'executed_segments_by_node': {'device': [0, 1, 2, 3]}, 'nodes': [{'node': 'device', 'executed_segments': [0, 1, 2, 3], 'queue_s': 0.0, 'segment_compute_s': 0.0736410630051978, 'exit_head_compute_s': 0.0010144650004804134, 'exit_check_s': 6.216698966454715e-05, 'worker_elapsed_s': 0.0748721400013892}], 'sample_id': 'balanced_006_0002_00001572', 'label': 6, 'correct': True, 'observed_utility': 0.6253615200112108}",balanced_006_0002_00001572,62,1572,14.17602252960205,0.07492769599775784,5.555599636863917e-05,0
0.07348904399259482,0.07348904399259482,0.07351821099291556,0.07348904399259482,1784171406.9334345,1784171392.6168208,1784171392.8668208,0.0,0.0,0.0,0.0,0.28401416540145874,0.0,0.07348904399259482,unknown,0.0,0.0,0.0,0.0,0.0,"{'device': [0, 1, 2, 3]}",4,after_layer1,device,False,6,0.0,0.07351821099291556,-0.3675910549645778,1,e866924462f54a0789e6f95e3c354b82,63,"{'device_compute': 0.07348904399259482, 'd2e_transport': 0.0, 'edge_queue': 0.0, 'edge_segment_compute': 0.0, 'edge_exit_head_compute': 0.0, 'edge_exit_check': 0.0, 'e2c_transport': 0.0, 'cloud_queue': 0.0, 'cloud_segment_compute': 0.0, 'cloud_exit_head_compute': 0.0, 'cloud_exit_check': 0.0, 'total_latency': 0.07351821099291556, 'unattributed_overhead': 2.9167000320740044e-05, 'request_id': 'e866924462f54a0789e6f95e3c354b82', 'user_id': 0, 'prediction': 1, 'exit_id': 'after_layer1', 'exit_boundary_id': 4, 'exit_location': 'device', 'confidence': 0.28401416540145874, 'executed_segments_by_node': {'device': [0, 1, 2, 3]}, 'nodes': [{'node': 'device', 'executed_segments': [0, 1, 2, 3], 'queue_s': 0.0, 'segment_compute_s': 0.07223363399680238, 'exit_head_compute_s': 0.0010337800049455836, 'exit_check_s': 6.496299465652555e-05, 'worker_elapsed_s': 0.07348904399259482}], 'sample_id': 'balanced_006_0003_00001975', 'label': 6, 'correct': False, 'observed_utility': -0.3675910549645778}",balanced_006_0003_00001975,63,1975,14.066613674163818,0.07351821099291556,2.9167000320740044e-05,0
0.07824057299876586,0.07824057299876586,0.07827138800348621,0.07824057299876586,1784171408.3903658,1784171394.0664306,1784171394.3164306,0.0,0.0,0.0,0.0,0.707257091999054,0.0,0.07824057299876586,unknown,0.0,0.0,0.0,0.0,0.0,"{'device': [0, 1, 2, 3]}",4,after_layer1,device,True,6,1.0,0.07827138800348621,0.608643059982569,6,dabecf21bf6349278d7d1f04b286d701,64,"{'device_compute': 0.07824057299876586, 'd2e_transport': 0.0, 'edge_queue': 0.0, 'edge_segment_compute': 0.0, 'edge_exit_head_compute': 0.0, 'edge_exit_check': 0.0, 'e2c_transport': 0.0, 'cloud_queue': 0.0, 'cloud_segment_compute': 0.0, 'cloud_exit_head_compute': 0.0, 'cloud_exit_check': 0.0, 'total_latency': 0.07827138800348621, 'unattributed_overhead': 3.081500472035259e-05, 'request_id': 'dabecf21bf6349278d7d1f04b286d701', 'user_id': 0, 'prediction': 6, 'exit_id': 'after_layer1', 'exit_boundary_id': 4, 'exit_location': 'device', 'confidence': 0.707257091999054, 'executed_segments_by_node': {'device': [0, 1, 2, 3]}, 'nodes': [{'node': 'device', 'executed_segments': [0, 1, 2, 3], 'queue_s': 0.0, 'segment_compute_s': 0.07701169898791704, 'exit_head_compute_s': 0.001015428002574481, 'exit_check_s': 6.20929931756109e-05, 'worker_elapsed_s': 0.07824057299876586}], 'sample_id': 'balanced_006_0004_00003212', 'label': 6, 'correct': True, 'observed_utility': 0.608643059982569}",balanced_006_0004_00003212,64,3212,14.073935270309448,0.07827138800348621,3.081500472035259e-05,0
0.07291098800487816,0.07291098800487816,0.07294189500680659,0.07291098800487816,1784171409.3164809,1784171395.002895,1784171395.252895,0.0,0.0,0.0,0.0,0.6083092093467712,0.0,0.07291098800487816,unknown,0.0,0.0,0.0,0.0,0.0,"{'device': [0, 1, 2, 3]}",4,after_layer1,device,True,6,1.0,0.07294189500680659,0.635290524965967,6,42d1e5f00c0b43f188ec2d6d7aceb60f,65,"{'device_compute': 0.07291098800487816, 'd2e_transport': 0.0, 'edge_queue': 0.0, 'edge_segment_compute': 0.0, 'edge_exit_head_compute': 0.0, 'edge_exit_check': 0.0, 'e2c_transport': 0.0, 'cloud_queue': 0.0, 'cloud_segment_compute': 0.0, 'cloud_exit_head_compute': 0.0, 'cloud_exit_check': 0.0, 'total_latency': 0.07294189500680659, 'unattributed_overhead': 3.0907001928426325e-05, 'request_id': '42d1e5f00c0b43f188ec2d6d7aceb60f', 'user_id': 0, 'prediction': 6, 'exit_id': 'after_layer1', 'exit_boundary_id': 4, 'exit_location': 'device', 'confidence': 0.6083092093467712, 'executed_segments_by_node': {'device': [0, 1, 2, 3]}, 'nodes': [{'node': 'device', 'executed_segments': [0, 1, 2, 3], 'queue_s': 0.0, 'segment_compute_s': 0.07169446698389947, 'exit_head_compute_s': 0.0010055769962491468, 'exit_check_s': 6.0981998103670776e-05, 'worker_elapsed_s': 0.07291098800487816}], 'sample_id': 'balanced_006_0005_00005284', 'label': 6, 'correct': True, 'observed_utility': 0.635290524965967}",balanced_006_0005_00005284,65,5284,14.063585758209229,0.07294189500680659,3.0907001928426325e-05,0
0.07970292698882986,0.07970292698882986,0.07973311199748423,0.07970292698882986,1784171410.2488623,1784171395.924725,1784171396.174725,0.0,0.0,0.0,0.0,0.2684886157512665,0.0,0.07970292698882986,unknown,0.0,0.0,0.0,0.0,0.0,"{'device': [0, 1, 2, 3]}",4,after_layer1,device,True,6,1.0,0.07973311199748423,0.6013344400125789,6,9b473b4165c240bbab6b30acd7a6a749,66,"{'device_compute': 0.07970292698882986, 'd2e_transport': 0.0, 'edge_queue': 0.0, 'edge_segment_compute': 0.0, 'edge_exit_head_compute': 0.0, 'edge_exit_check': 0.0, 'e2c_transport': 0.0, 'cloud_queue': 0.0, 'cloud_segment_compute': 0.0, 'cloud_exit_head_compute': 0.0, 'cloud_exit_check': 0.0, 'total_latency': 0.07973311199748423, 'unattributed_overhead': 3.0185008654370904e-05, 'request_id': '9b473b4165c240bbab6b30acd7a6a749', 'user_id': 0, 'prediction': 6, 'exit_id': 'after_layer1', 'exit_boundary_id': 4, 'exit_location': 'device', 'confidence': 0.2684886157512665, 'executed_segments_by_node': {'device': [0, 1, 2, 3]}, 'nodes': [{'node': 'device', 'executed_segments': [0, 1, 2, 3], 'queue_s': 0.0, 'segment_compute_s': 0.07845538700348698, 'exit_head_compute_s': 0.0010121689992956817, 'exit_check_s': 6.114799180068076e-05, 'worker_elapsed_s': 0.07970292698882986}], 'sample_id': 'balanced_006_0006_00005388', 'label': 6, 'correct': True, 'observed_utility': 0.6013344400125789}",balanced_006_0006_00005388,66,5388,14.074137210845947,0.07973311199748423,3.0185008654370904e-05,0
0.07186128100147471,0.07186128100147471,0.0718909290008014,0.07186128100147471,1784171411.17715,1784171396.861457,1784171397.111457,0.0,0.0,0.0,0.0,0.2888548672199249,0.0,0.07186128100147471,unknown,0.0,0.0,0.0,0.0,0.0,"{'device': [0, 1, 2, 3]}",4,after_layer1,device,False,6,0.0,0.0718909290008014,-0.35945464500400703,5,71a019a4f413466d978ec70e9a4872db,67,"{'device_compute': 0.07186128100147471, 'd2e_transport': 0.0, 'edge_queue': 0.0, 'edge_segment_compute': 0.0, 'edge_exit_head_compute': 0.0, 'edge_exit_check': 0.0, 'e2c_transport': 0.0, 'cloud_queue': 0.0, 'cloud_segment_compute': 0.0, 'cloud_exit_head_compute': 0.0, 'cloud_exit_check': 0.0, 'total_latency': 0.0718909290008014, 'unattributed_overhead': 2.9647999326698482e-05, 'request_id': '71a019a4f413466d978ec70e9a4872db', 'user_id': 0, 'prediction': 5, 'exit_id': 'after_layer1', 'exit_boundary_id': 4, 'exit_location': 'device', 'confidence': 0.2888548672199249, 'executed_segments_by_node': {'device': [0, 1, 2, 3]}, 'nodes': [{'node': 'device', 'executed_segments': [0, 1, 2, 3], 'queue_s': 0.0, 'segment_compute_s': 0.07063681598810945, 'exit_head_compute_s': 0.0010105209948960692, 'exit_check_s': 6.109300011303276e-05, 'worker_elapsed_s': 0.07186128100147471}], 'sample_id': 'balanced_006_0007_00006605', 'label': 6, 'correct': False, 'observed_utility': -0.35945464500400703}",balanced_006_0007_00006605,67,6605,14.065692901611328,0.0718909290008014,2.9647999326698482e-05,0
0.08397650999540929,0.08397650999540929,0.08400854699721094,0.08397650999540929,1784171412.0997171,1784171397.7852392,1784171398.0352392,0.0,0.0,0.0,0.0,0.2647753953933716,0.0,0.08397650999540929,unknown,0.0,0.0,0.0,0.0,0.0,"{'device': [0, 1, 2, 3]}",4,after_layer1,device,True,6,1.0,0.08400854699721094,0.5799572650139453,6,445d2052ae7b4240a6cdd71a0e5b4d04,68,"{'device_compute': 0.08397650999540929, 'd2e_transport': 0.0, 'edge_queue': 0.0, 'edge_segment_compute': 0.0, 'edge_exit_head_compute': 0.0, 'edge_exit_check': 0.0, 'e2c_transport': 0.0, 'cloud_queue': 0.0, 'cloud_segment_compute': 0.0, 'cloud_exit_head_compute': 0.0, 'cloud_exit_check': 0.0, 'total_latency': 0.08400854699721094, 'unattributed_overhead': 3.2037001801654696e-05, 'request_id': '445d2052ae7b4240a6cdd71a0e5b4d04', 'user_id': 0, 'prediction': 6, 'exit_id': 'after_layer1', 'exit_boundary_id': 4, 'exit_location': 'device', 'confidence': 0.2647753953933716, 'executed_segments_by_node': {'device': [0, 1, 2, 3]}, 'nodes': [{'node': 'device', 'executed_segments': [0, 1, 2, 3], 'queue_s': 0.0, 'segment_compute_s': 0.08264995299396105, 'exit_head_compute_s': 0.0010966690024361014, 'exit_check_s': 6.855498941149563e-05, 'worker_elapsed_s': 0.08397650999540929}], 'sample_id': 'balanced_006_0008_00006645', 'label': 6, 'correct': True, 'observed_utility': 0.5799572650139453}",balanced_006_0008_00006645,68,6645,14.064477920532227,0.08400854699721094,3.2037001801654696e-05,0
0.07372226699953899,0.07372226699953899,0.07375269298790954,0.07372226699953899,1784171413.2353492,1784171398.7179735,1784171398.9679735,0.0,0.0,0.0,0.0,0.2876449525356293,0.0,0.07372226699953899,unknown,0.0,0.0,0.0,0.0,0.0,"{'device': [0, 1, 2, 3]}",4,after_layer1,device,False,6,0.0,0.07375269298790954,-0.3687634649395477,4,fada718f44b54820b2b2a6ae45a72735,69,"{'device_compute': 0.07372226699953899, 'd2e_transport': 0.0, 'edge_queue': 0.0, 'edge_segment_compute': 0.0, 'edge_exit_head_compute': 0.0, 'edge_exit_check': 0.0, 'e2c_transport': 0.0, 'cloud_queue': 0.0, 'cloud_segment_compute': 0.0, 'cloud_exit_head_compute': 0.0, 'cloud_exit_check': 0.0, 'total_latency': 0.07375269298790954, 'unattributed_overhead': 3.042598837055266e-05, 'request_id': 'fada718f44b54820b2b2a6ae45a72735', 'user_id': 0, 'prediction': 4, 'exit_id': 'after_layer1', 'exit_boundary_id': 4, 'exit_location': 'device', 'confidence': 0.2876449525356293, 'executed_segments_by_node': {'device': [0, 1, 2, 3]}, 'nodes': [{'node': 'device', 'executed_segments': [0, 1, 2, 3], 'queue_s': 0.0, 'segment_compute_s': 0.07248272601282224, 'exit_head_compute_s': 0.0010186130093643442, 'exit_check_s': 6.168500112835318e-05, 'worker_elapsed_s': 0.07372226699953899}], 'sample_id': 'balanced_006_0009_00007337', 'label': 6, 'correct': False, 'observed_utility': -0.3687634649395477}",balanced_006_0009_00007337,69,7337,14.267375707626343,0.07375269298790954,3.042598837055266e-05,0
0.07169309600431006,0.07169309600431006,0.07172359600372147,0.07169309600431006,1784171414.1576416,1784171399.8443027,1784171400.0943027,0.0,0.0,0.0,0.0,0.19633600115776062,0.0,0.07169309600431006,unknown,0.0,0.0,0.0,0.0,0.0,"{'device': [0, 1, 2, 3]}",4,after_layer1,device,False,7,0.0,0.07172359600372147,-0.35861798001860734,3,9cb5fed5ed2745708916a5f0f516d086,70,"{'device_compute': 0.07169309600431006, 'd2e_transport': 0.0, 'edge_queue': 0.0, 'edge_segment_compute': 0.0, 'edge_exit_head_compute': 0.0, 'edge_exit_check': 0.0, 'e2c_transport': 0.0, 'cloud_queue': 0.0, 'cloud_segment_compute': 0.0, 'cloud_exit_head_compute': 0.0, 'cloud_exit_check': 0.0, 'total_latency': 0.07172359600372147, 'unattributed_overhead': 3.0499999411404133e-05, 'request_id': '9cb5fed5ed2745708916a5f0f516d086', 'user_id': 0, 'prediction': 3, 'exit_id': 'after_layer1', 'exit_boundary_id': 4, 'exit_location': 'device', 'confidence': 0.19633600115776062, 'executed_segments_by_node': {'device': [0, 1, 2, 3]}, 'nodes': [{'node': 'device', 'executed_segments': [0, 1, 2, 3], 'queue_s': 0.0, 'segment_compute_s': 0.07041355701221619, 'exit_head_compute_s': 0.001048188001732342, 'exit_check_s': 7.192601333372295e-05, 'worker_elapsed_s': 0.07169309600431006}], 'sample_id': 'balanced_007_0000_00000210', 'label': 7, 'correct': False, 'observed_utility': -0.35861798001860734}",balanced_007_0000_00000210,70,210,14.063338994979858,0.07172359600372147,3.0499999411404133e-05,0
0.07108646500273608,0.07108646500273608,0.07111692799662706,0.07108646500273608,1784171415.0884001,1784171400.767355,1784171401.017355,0.0,0.0,0.0,0.0,0.2625882625579834,0.0,0.07108646500273608,unknown,0.0,0.0,0.0,0.0,0.0,"{'device': [0, 1, 2, 3]}",4,after_layer1,device,True,7,1.0,0.07111692799662706,0.6444153600168647,7,a3cb9f3689c34f2cafe77785221f6eac,71,"{'device_compute': 0.07108646500273608, 'd2e_transport': 0.0, 'edge_queue': 0.0, 'edge_segment_compute': 0.0, 'edge_exit_head_compute': 0.0, 'edge_exit_check': 0.0, 'e2c_transport': 0.0, 'cloud_queue': 0.0, 'cloud_segment_compute': 0.0, 'cloud_exit_head_compute': 0.0, 'cloud_exit_check': 0.0, 'total_latency': 0.07111692799662706, 'unattributed_overhead': 3.0462993890978396e-05, 'request_id': 'a3cb9f3689c34f2cafe77785221f6eac', 'user_id': 0, 'prediction': 7, 'exit_id': 'after_layer1', 'exit_boundary_id': 4, 'exit_location': 'device', 'confidence': 0.2625882625579834, 'executed_segments_by_node': {'device': [0, 1, 2, 3]}, 'nodes': [{'node': 'device', 'executed_segments': [0, 1, 2, 3], 'queue_s': 0.0, 'segment_compute_s': 0.06983003600907978, 'exit_head_compute_s': 0.0010417059966130182, 'exit_check_s': 6.294499326031655e-05, 'worker_elapsed_s': 0.07108646500273608}], 'sample_id': 'balanced_007_0001_00000386', 'label': 7, 'correct': True, 'observed_utility': 0.6444153600168647}",balanced_007_0001_00000386,71,386,14.071045160293579,0.07111692799662706,3.0462993890978396e-05,0
0.09209823000128381,0.09209823000128381,0.09213663799164351,0.09209823000128381,1784171416.0217247,1784171401.6956003,1784171401.9456003,0.0,0.0,0.0,0.0,0.23662537336349487,0.0,0.09209823000128381,unknown,0.0,0.0,0.0,0.0,0.0,"{'device': [0, 1, 2, 3]}",4,after_layer1,device,False,7,0.0,0.09213663799164351,-0.46068318995821755,3,87688a4e715743a790b0fa4f78dac2b1,72,"{'device_compute': 0.09209823000128381, 'd2e_transport': 0.0, 'edge_queue': 0.0, 'edge_segment_compute': 0.0, 'edge_exit_head_compute': 0.0, 'edge_exit_check': 0.0, 'e2c_transport': 0.0, 'cloud_queue': 0.0, 'cloud_segment_compute': 0.0, 'cloud_exit_head_compute': 0.0, 'cloud_exit_check': 0.0, 'total_latency': 0.09213663799164351, 'unattributed_overhead': 3.8407990359701216e-05, 'request_id': '87688a4e715743a790b0fa4f78dac2b1', 'user_id': 0, 'prediction': 3, 'exit_id': 'after_layer1', 'exit_boundary_id': 4, 'exit_location': 'device', 'confidence': 0.23662537336349487, 'executed_segments_by_node': {'device': [0, 1, 2, 3]}, 'nodes': [{'node': 'device', 'executed_segments': [0, 1, 2, 3], 'queue_s': 0.0, 'segment_compute_s': 0.09074431999761146, 'exit_head_compute_s': 0.0010811130050569773, 'exit_check_s': 8.381500083487481e-05, 'worker_elapsed_s': 0.09209823000128381}], 'sample_id': 'balanced_007_0002_00000567', 'label': 7, 'correct': False, 'observed_utility': -0.46068318995821755}",balanced_007_0002_00000567,72,567,14.076124429702759,0.09213663799164351,3.8407990359701216e-05,0
0.07620802999008447,0.07620802999008447,0.07623791899823118,0.07620802999008447,1784171417.484229,1784171403.1577823,1784171403.4077823,0.0,0.0,0.0,0.0,0.2883886396884918,0.0,0.07620802999008447,unknown,0.0,0.0,0.0,0.0,0.0,"{'device': [0, 1, 2, 3]}",4,after_layer1,device,True,7,1.0,0.07623791899823118,0.6188104050088441,7,b7274d5dcd7b477b8fc30dd9c93cffdf,73,"{'device_compute': 0.07620802999008447, 'd2e_transport': 0.0, 'edge_queue': 0.0, 'edge_segment_compute': 0.0, 'edge_exit_head_compute': 0.0, 'edge_exit_check': 0.0, 'e2c_transport': 0.0, 'cloud_queue': 0.0, 'cloud_segment_compute': 0.0, 'cloud_exit_head_compute': 0.0, 'cloud_exit_check': 0.0, 'total_latency': 0.07623791899823118, 'unattributed_overhead': 2.9889008146710694e-05, 'request_id': 'b7274d5dcd7b477b8fc30dd9c93cffdf', 'user_id': 0, 'prediction': 7, 'exit_id': 'after_layer1', 'exit_boundary_id': 4, 'exit_location': 'device', 'confidence': 0.2883886396884918, 'executed_segments_by_node': {'device': [0, 1, 2, 3]}, 'nodes': [{'node': 'device', 'executed_segments': [0, 1, 2, 3], 'queue_s': 0.0, 'segment_compute_s': 0.0749904719996266, 'exit_head_compute_s': 0.001006020000204444, 'exit_check_s': 6.181499338708818e-05, 'worker_elapsed_s': 0.07620802999008447}], 'sample_id': 'balanced_007_0003_00002088', 'label': 7, 'correct': True, 'observed_utility': 0.6188104050088441}",balanced_007_0003_00002088,73,2088,14.076446771621704,0.07623791899823118,2.9889008146710694e-05,0
0.07433306300663389,0.07433306300663389,0.07436515600420535,0.07433306300663389,1784171418.4102955,1784171404.094891,1784171404.344891,0.0,0.0,0.0,0.0,0.24978221952915192,0.0,0.07433306300663389,unknown,0.0,0.0,0.0,0.0,0.0,"{'device': [0, 1, 2, 3]}",4,after_layer1,device,True,7,1.0,0.07436515600420535,0.6281742199789733,7,1255dfa18cae48e086a4166740b1ba03,74,"{'device_compute': 0.07433306300663389, 'd2e_transport': 0.0, 'edge_queue': 0.0, 'edge_segment_compute': 0.0, 'edge_exit_head_compute': 0.0, 'edge_exit_check': 0.0, 'e2c_transport': 0.0, 'cloud_queue': 0.0, 'cloud_segment_compute': 0.0, 'cloud_exit_head_compute': 0.0, 'cloud_exit_check': 0.0, 'total_latency': 0.07436515600420535, 'unattributed_overhead': 3.209299757145345e-05, 'request_id': '1255dfa18cae48e086a4166740b1ba03', 'user_id': 0, 'prediction': 7, 'exit_id': 'after_layer1', 'exit_boundary_id': 4, 'exit_location': 'device', 'confidence': 0.24978221952915192, 'executed_segments_by_node': {'device': [0, 1, 2, 3]}, 'nodes': [{'node': 'device', 'executed_segments': [0, 1, 2, 3], 'queue_s': 0.0, 'segment_compute_s': 0.07303932002105284, 'exit_head_compute_s': 0.0010639469983289018, 'exit_check_s': 6.948100053705275e-05, 'worker_elapsed_s': 0.07433306300663389}], 'sample_id': 'balanced_007_0004_00003879', 'label': 7, 'correct': True, 'observed_utility': 0.6281742199789733}",balanced_007_0004_00003879,74,3879,14.065404415130615,0.07436515600420535,3.209299757145345e-05,0
0.07858381301048212,0.07858381301048212,0.07861514600517694,0.07858381301048212,1784171419.4981942,1784171405.1818595,1784171405.4318595,0.0,0.0,0.0,0.0,0.3275158405303955,0.0,0.07858381301048212,unknown,0.0,0.0,0.0,0.0,0.0,"{'device': [0, 1, 2, 3]}",4,after_layer1,device,False,7,0.0,0.07861514600517694,-0.3930757300258847,2,6440bccbd4b046f8b35f0405113daedf,75,"{'device_compute': 0.07858381301048212, 'd2e_transport': 0.0, 'edge_queue': 0.0, 'edge_segment_compute': 0.0, 'edge_exit_head_compute': 0.0, 'edge_exit_check': 0.0, 'e2c_transport': 0.0, 'cloud_queue': 0.0, 'cloud_segment_compute': 0.0, 'cloud_exit_head_compute': 0.0, 'cloud_exit_check': 0.0, 'total_latency': 0.07861514600517694, 'unattributed_overhead': 3.1332994694821537e-05, 'request_id': '6440bccbd4b046f8b35f0405113daedf', 'user_id': 0, 'prediction': 2, 'exit_id': 'after_layer1', 'exit_boundary_id': 4, 'exit_location': 'device', 'confidence': 0.3275158405303955, 'executed_segments_by_node': {'device': [0, 1, 2, 3]}, 'nodes': [{'node': 'device', 'executed_segments': [0, 1, 2, 3], 'queue_s': 0.0, 'segment_compute_s': 0.07734773700940423, 'exit_head_compute_s': 0.0010220209951512516, 'exit_check_s': 6.146299710962921e-05, 'worker_elapsed_s': 0.07858381301048212}], 'sample_id': 'balanced_007_0005_00005855', 'label': 7, 'correct': False, 'observed_utility': -0.3930757300258847}",balanced_007_0005_00005855,75,5855,14.06633472442627,0.07861514600517694,3.1332994694821537e-05,0
0.07320946900290437,0.07320946900290437,0.07324194999819156,0.07320946900290437,1784171420.4465654,1784171406.1350055,1784171406.3850055,0.0,0.0,0.0,0.0,0.3376399576663971,0.0,0.07320946900290437,unknown,0.0,0.0,0.0,0.0,0.0,"{'device': [0, 1, 2, 3]}",4,after_layer1,device,False,7,0.0,0.07324194999819156,-0.3662097499909578,4,a6792e7498004ccb9a78925ae5921572,76,"{'device_compute': 0.07320946900290437, 'd2e_transport': 0.0, 'edge_queue': 0.0, 'edge_segment_compute': 0.0, 'edge_exit_head_compute': 0.0, 'edge_exit_check': 0.0, 'e2c_transport': 0.0, 'cloud_queue': 0.0, 'cloud_segment_compute': 0.0, 'cloud_exit_head_compute': 0.0, 'cloud_exit_check': 0.0, 'total_latency': 0.07324194999819156, 'unattributed_overhead': 3.24809952871874e-05, 'request_id': 'a6792e7498004ccb9a78925ae5921572', 'user_id': 0, 'prediction': 4, 'exit_id': 'after_layer1', 'exit_boundary_id': 4, 'exit_location': 'device', 'confidence': 0.3376399576663971, 'executed_segments_by_node': {'device': [0, 1, 2, 3]}, 'nodes': [{'node': 'device', 'executed_segments': [0, 1, 2, 3], 'queue_s': 0.0, 'segment_compute_s': 0.07189816799655091, 'exit_head_compute_s': 0.0010760389995994046, 'exit_check_s': 6.999999459367245e-05, 'worker_elapsed_s': 0.07320946900290437}], 'sample_id': 'balanced_007_0006_00006357', 'label': 7, 'correct': False, 'observed_utility': -0.3662097499909578}",balanced_007_0006_00006357,76,6357,14.061559915542603,0.07324194999819156,3.24809952871874e-05,0
0.08169761599856429,0.08169761599856429,0.08172698599810246,0.08169761599856429,1784171421.3778508,1784171407.057338,1784171407.307338,0.0,0.0,0.0,0.0,0.5567560791969299,0.0,0.08169761599856429,unknown,0.0,0.0,0.0,0.0,0.0,"{'device': [0, 1, 2, 3]}",4,after_layer1,device,True,7,1.0,0.08172698599810246,0.5913650700094877,7,2fbbb426fe4d4efc85fa4341b58af8c0,77,"{'device_compute': 0.08169761599856429, 'd2e_transport': 0.0, 'edge_queue': 0.0, 'edge_segment_compute': 0.0, 'edge_exit_head_compute': 0.0, 'edge_exit_check': 0.0, 'e2c_transport': 0.0, 'cloud_queue': 0.0, 'cloud_segment_compute': 0.0, 'cloud_exit_head_compute': 0.0, 'cloud_exit_check': 0.0, 'total_latency': 0.08172698599810246, 'unattributed_overhead': 2.9369999538175762e-05, 'request_id': '2fbbb426fe4d4efc85fa4341b58af8c0', 'user_id': 0, 'prediction': 7, 'exit_id': 'after_layer1', 'exit_boundary_id': 4, 'exit_location': 'device', 'confidence': 0.5567560791969299, 'executed_segments_by_node': {'device': [0, 1, 2, 3]}, 'nodes': [{'node': 'device', 'executed_segments': [0, 1, 2, 3], 'queue_s': 0.0, 'segment_compute_s': 0.08043751899094786, 'exit_head_compute_s': 0.0010170210007345304, 'exit_check_s': 6.077800935599953e-05, 'worker_elapsed_s': 0.08169761599856429}], 'sample_id': 'balanced_007_0007_00007158', 'label': 7, 'correct': True, 'observed_utility': 0.5913650700094877}",balanced_007_0007_00007158,77,7158,14.070512771606445,0.08172698599810246,2.9369999538175762e-05,0
0.07730934700521175,0.07730934700521175,0.07734079100191593,0.07730934700521175,1784171422.333095,1784171408.004897,1784171408.254897,0.0,0.0,0.0,0.0,0.4833020567893982,0.0,0.07730934700521175,unknown,0.0,0.0,0.0,0.0,0.0,"{'device': [0, 1, 2, 3]}",4,after_layer1,device,True,7,1.0,0.07734079100191593,0.6132960449904203,7,f5f79a805c75492182eb3e59dd9bfdf4,78,"{'device_compute': 0.07730934700521175, 'd2e_transport': 0.0, 'edge_queue': 0.0, 'edge_segment_compute': 0.0, 'edge_exit_head_compute': 0.0, 'edge_exit_check': 0.0, 'e2c_transport': 0.0, 'cloud_queue': 0.0, 'cloud_segment_compute': 0.0, 'cloud_exit_head_compute': 0.0, 'cloud_exit_check': 0.0, 'total_latency': 0.07734079100191593, 'unattributed_overhead': 3.144399670418352e-05, 'request_id': 'f5f79a805c75492182eb3e59dd9bfdf4', 'user_id': 0, 'prediction': 7, 'exit_id': 'after_layer1', 'exit_boundary_id': 4, 'exit_location': 'device', 'confidence': 0.4833020567893982, 'executed_segments_by_node': {'device': [0, 1, 2, 3]}, 'nodes': [{'node': 'device', 'executed_segments': [0, 1, 2, 3], 'queue_s': 0.0, 'segment_compute_s': 0.07572652901581023, 'exit_head_compute_s': 0.0013568910071626306, 'exit_check_s': 6.509300146717578e-05, 'worker_elapsed_s': 0.07730934700521175}], 'sample_id': 'balanced_007_0008_00009570', 'label': 7, 'correct': True, 'observed_utility': 0.6132960449904203}",balanced_007_0008_00009570,78,9570,14.078197956085205,0.07734079100191593,3.144399670418352e-05,0
0.08252115399227478,0.08252115399227478,0.08255039498908445,0.08252115399227478,1784171423.2685041,1784171408.9430964,1784171409.1930964,0.0,0.0,0.0,0.0,0.3879334032535553,0.0,0.08252115399227478,unknown,0.0,0.0,0.0,0.0,0.0,"{'device': [0, 1, 2, 3]}",4,after_layer1,device,False,7,0.0,0.08255039498908445,-0.41275197494542226,4,9ab206ad03f74805add37458ccd0f401,79,"{'device_compute': 0.08252115399227478, 'd2e_transport': 0.0, 'edge_queue': 0.0, 'edge_segment_compute': 0.0, 'edge_exit_head_compute': 0.0, 'edge_exit_check': 0.0, 'e2c_transport': 0.0, 'cloud_queue': 0.0, 'cloud_segment_compute': 0.0, 'cloud_exit_head_compute': 0.0, 'cloud_exit_check': 0.0, 'total_latency': 0.08255039498908445, 'unattributed_overhead': 2.924099680967629e-05, 'request_id': '9ab206ad03f74805add37458ccd0f401', 'user_id': 0, 'prediction': 4, 'exit_id': 'after_layer1', 'exit_boundary_id': 4, 'exit_location': 'device', 'confidence': 0.3879334032535553, 'executed_segments_by_node': {'device': [0, 1, 2, 3]}, 'nodes': [{'node': 'device', 'executed_segments': [0, 1, 2, 3], 'queue_s': 0.0, 'segment_compute_s': 0.08126313499815296, 'exit_head_compute_s': 0.0010402799962321296, 'exit_check_s': 6.3314990256913e-05, 'worker_elapsed_s': 0.08252115399227478}], 'sample_id': 'balanced_007_0009_00009850', 'label': 7, 'correct': False, 'observed_utility': -0.41275197494542226}",balanced_007_0009_00009850,79,9850,14.07540774345398,0.08255039498908445,2.924099680967629e-05,0
0.07363483900553547,0.07363483900553547,0.0736673210049048,0.07363483900553547,1784171424.2136405,1784171409.8990376,1784171410.1490376,0.0,0.0,0.0,0.0,0.26266756653785706,0.0,0.07363483900553547,unknown,0.0,0.0,0.0,0.0,0.0,"{'device': [0, 1, 2, 3]}",4,after_layer1,device,False,8,0.0,0.0736673210049048,-0.36833660502452403,9,473d493e7f6b40bb8dcb1cf3e455c237,80,"{'device_compute': 0.07363483900553547, 'd2e_transport': 0.0, 'edge_queue': 0.0, 'edge_segment_compute': 0.0, 'edge_exit_head_compute': 0.0, 'edge_exit_check': 0.0, 'e2c_transport': 0.0, 'cloud_queue': 0.0, 'cloud_segment_compute': 0.0, 'cloud_exit_head_compute': 0.0, 'cloud_exit_check': 0.0, 'total_latency': 0.0736673210049048, 'unattributed_overhead': 3.2481999369338155e-05, 'request_id': '473d493e7f6b40bb8dcb1cf3e455c237', 'user_id': 0, 'prediction': 9, 'exit_id': 'after_layer1', 'exit_boundary_id': 4, 'exit_location': 'device', 'confidence': 0.26266756653785706, 'executed_segments_by_node': {'device': [0, 1, 2, 3]}, 'nodes': [{'node': 'device', 'executed_segments': [0, 1, 2, 3], 'queue_s': 0.0, 'segment_compute_s': 0.07232265100174118, 'exit_head_compute_s': 0.0010826689976966009, 'exit_check_s': 7.157398795243353e-05, 'worker_elapsed_s': 0.07363483900553547}], 'sample_id': 'balanced_008_0000_00000088', 'label': 8, 'correct': False, 'observed_utility': -0.36833660502452403}",balanced_008_0000_00000088,80,88,14.064602851867676,0.0736673210049048,3.2481999369338155e-05,0
0.0726158189936541,0.0726158189936541,0.07264600398775656,0.0726158189936541,1784171425.1433551,1784171410.8190026,1784171411.0690026,0.0,0.0,0.0,0.0,0.49182507395744324,0.0,0.0726158189936541,unknown,0.0,0.0,0.0,0.0,0.0,"{'device': [0, 1, 2, 3]}",4,after_layer1,device,True,8,1.0,0.07264600398775656,0.6367699800612172,8,a01609313f68421cb065c5461eb39c20,81,"{'device_compute': 0.0726158189936541, 'd2e_transport': 0.0, 'edge_queue': 0.0, 'edge_segment_compute': 0.0, 'edge_exit_head_compute': 0.0, 'edge_exit_check': 0.0, 'e2c_transport': 0.0, 'cloud_queue': 0.0, 'cloud_segment_compute': 0.0, 'cloud_exit_head_compute': 0.0, 'cloud_exit_check': 0.0, 'total_latency': 0.07264600398775656, 'unattributed_overhead': 3.0184994102455676e-05, 'request_id': 'a01609313f68421cb065c5461eb39c20', 'user_id': 0, 'prediction': 8, 'exit_id': 'after_layer1', 'exit_boundary_id': 4, 'exit_location': 'device', 'confidence': 0.49182507395744324, 'executed_segments_by_node': {'device': [0, 1, 2, 3]}, 'nodes': [{'node': 'device', 'executed_segments': [0, 1, 2, 3], 'queue_s': 0.0, 'segment_compute_s': 0.07137751900881995, 'exit_head_compute_s': 0.0010213729983661324, 'exit_check_s': 6.3314990256913e-05, 'worker_elapsed_s': 0.0726158189936541}], 'sample_id': 'balanced_008_0001_00001459', 'label': 8, 'correct': True, 'observed_utility': 0.6367699800612172}",balanced_008_0001_00001459,81,1459,14.074352502822876,0.07264600398775656,3.0184994102455676e-05,0
0.07316639400960412,0.07316639400960412,0.0731973390065832,0.07316639400960412,1784171426.2010865,1784171411.7480242,1784171411.9980242,0.0,0.0,0.0,0.0,0.7279309034347534,0.0,0.07316639400960412,unknown,0.0,0.0,0.0,0.0,0.0,"{'device': [0, 1, 2, 3]}",4,after_layer1,device,True,8,1.0,0.0731973390065832,0.634013304967084,8,a405553f0bf84bc4b9b9ee5d81cd8342,82,"{'device_compute': 0.07316639400960412, 'd2e_transport': 0.0, 'edge_queue': 0.0, 'edge_segment_compute': 0.0, 'edge_exit_head_compute': 0.0, 'edge_exit_check': 0.0, 'e2c_transport': 0.0, 'cloud_queue': 0.0, 'cloud_segment_compute': 0.0, 'cloud_exit_head_compute': 0.0, 'cloud_exit_check': 0.0, 'total_latency': 0.0731973390065832, 'unattributed_overhead': 3.094499697908759e-05, 'request_id': 'a405553f0bf84bc4b9b9ee5d81cd8342', 'user_id': 0, 'prediction': 8, 'exit_id': 'after_layer1', 'exit_boundary_id': 4, 'exit_location': 'device', 'confidence': 0.7279309034347534, 'executed_segments_by_node': {'device': [0, 1, 2, 3]}, 'nodes': [{'node': 'device', 'executed_segments': [0, 1, 2, 3], 'queue_s': 0.0, 'segment_compute_s': 0.07190835500659887, 'exit_head_compute_s': 0.0010337060084566474, 'exit_check_s': 6.931500684004277e-05, 'worker_elapsed_s': 0.07316639400960412}], 'sample_id': 'balanced_008_0002_00001866', 'label': 8, 'correct': True, 'observed_utility': 0.634013304967084}",balanced_008_0002_00001866,82,1866,14.203062295913696,0.0731973390065832,3.094499697908759e-05,0
0.08083802099281456,0.08083802099281456,0.08086850300605875,0.08083802099281456,1784171427.2912827,1784171412.9704342,1784171413.2204342,0.0,0.0,0.0,0.0,0.16366030275821686,0.0,0.08083802099281456,unknown,0.0,0.0,0.0,0.0,0.0,"{'device': [0, 1, 2, 3]}",4,after_layer1,device,False,8,0.0,0.08086850300605875,-0.4043425150302937,9,fbdf3cd5ed9745d6b2c27b8f8c776168,83,"{'device_compute': 0.08083802099281456, 'd2e_transport': 0.0, 'edge_queue': 0.0, 'edge_segment_compute': 0.0, 'edge_exit_head_compute': 0.0, 'edge_exit_check': 0.0, 'e2c_transport': 0.0, 'cloud_queue': 0.0, 'cloud_segment_compute': 0.0, 'cloud_exit_head_compute': 0.0, 'cloud_exit_check': 0.0, 'total_latency': 0.08086850300605875, 'unattributed_overhead': 3.048201324418187e-05, 'request_id': 'fbdf3cd5ed9745d6b2c27b8f8c776168', 'user_id': 0, 'prediction': 9, 'exit_id': 'after_layer1', 'exit_boundary_id': 4, 'exit_location': 'device', 'confidence': 0.16366030275821686, 'executed_segments_by_node': {'device': [0, 1, 2, 3]}, 'nodes': [{'node': 'device', 'executed_segments': [0, 1, 2, 3], 'queue_s': 0.0, 'segment_compute_s': 0.07958727701043244, 'exit_head_compute_s': 0.0010111139999935403, 'exit_check_s': 6.27590052317828e-05, 'worker_elapsed_s': 0.08083802099281456}], 'sample_id': 'balanced_008_0003_00001994', 'label': 8, 'correct': False, 'observed_utility': -0.4043425150302937}",balanced_008_0003_00001994,83,1994,14.07084846496582,0.08086850300605875,3.048201324418187e-05,0
0.07331437600078061,0.07331437600078061,0.0733463020005729,0.07331437600078061,1784171428.3160443,1784171413.9044003,1784171414.1544003,0.0,0.0,0.0,0.0,0.17905190587043762,0.0,0.07331437600078061,unknown,0.0,0.0,0.0,0.0,0.0,"{'device': [0, 1, 2, 3]}",4,after_layer1,device,True,8,1.0,0.0733463020005729,0.6332684899971355,8,5cc20d4715e74c19a10032246c144983,84,"{'device_compute': 0.07331437600078061, 'd2e_transport': 0.0, 'edge_queue': 0.0, 'edge_segment_compute': 0.0, 'edge_exit_head_compute': 0.0, 'edge_exit_check': 0.0, 'e2c_transport': 0.0, 'cloud_queue': 0.0, 'cloud_segment_compute': 0.0, 'cloud_exit_head_compute': 0.0, 'cloud_exit_check': 0.0, 'total_latency': 0.0733463020005729, 'unattributed_overhead': 3.1925999792292714e-05, 'request_id': '5cc20d4715e74c19a10032246c144983', 'user_id': 0, 'prediction': 8, 'exit_id': 'after_layer1', 'exit_boundary_id': 4, 'exit_location': 'device', 'confidence': 0.17905190587043762, 'executed_segments_by_node': {'device': [0, 1, 2, 3]}, 'nodes': [{'node': 'device', 'executed_segments': [0, 1, 2, 3], 'queue_s': 0.0, 'segment_compute_s': 0.07203400299476925, 'exit_head_compute_s': 0.0010558540088823065, 'exit_check_s': 6.974099960643798e-05, 'worker_elapsed_s': 0.07331437600078061}], 'sample_id': 'balanced_008_0004_00002437', 'label': 8, 'correct': True, 'observed_utility': 0.6332684899971355}",balanced_008_0004_00002437,84,2437,14.161643981933594,0.0733463020005729,3.1925999792292714e-05,0
0.07771105099527631,0.07771105099527631,0.07774088499718346,0.07771105099527631,1784171429.7493768,1784171414.9237916,1784171415.1737916,0.0,0.0,0.0,0.0,0.4990357458591461,0.0,0.07771105099527631,unknown,0.0,0.0,0.0,0.0,0.0,"{'device': [0, 1, 2, 3]}",4,after_layer1,device,True,8,1.0,0.07774088499718346,0.6112955750140827,8,5d2b8244aa8349bc8cb0b8ba0cc6ff09,85,"{'device_compute': 0.07771105099527631, 'd2e_transport': 0.0, 'edge_queue': 0.0, 'edge_segment_compute': 0.0, 'edge_exit_head_compute': 0.0, 'edge_exit_check': 0.0, 'e2c_transport': 0.0, 'cloud_queue': 0.0, 'cloud_segment_compute': 0.0, 'cloud_exit_head_compute': 0.0, 'cloud_exit_check': 0.0, 'total_latency': 0.07774088499718346, 'unattributed_overhead': 2.9834001907147467e-05, 'request_id': '5d2b8244aa8349bc8cb0b8ba0cc6ff09', 'user_id': 0, 'prediction': 8, 'exit_id': 'after_layer1', 'exit_boundary_id': 4, 'exit_location': 'device', 'confidence': 0.4990357458591461, 'executed_segments_by_node': {'device': [0, 1, 2, 3]}, 'nodes': [{'node': 'device', 'executed_segments': [0, 1, 2, 3], 'queue_s': 0.0, 'segment_compute_s': 0.07644064199121203, 'exit_head_compute_s': 0.0010490209970157593, 'exit_check_s': 6.163000944070518e-05, 'worker_elapsed_s': 0.07771105099527631}], 'sample_id': 'balanced_008_0005_00004444', 'label': 8, 'correct': True, 'observed_utility': 0.6112955750140827}",balanced_008_0005_00004444,85,4444,14.575585126876831,0.07774088499718346,2.9834001907147467e-05,0
0.07186794601147994,0.07186794601147994,0.07190037200052757,0.07186794601147994,1784171431.0257094,1784171416.506823,1784171416.756823,0.0,0.0,0.0,0.0,0.45899665355682373,0.0,0.07186794601147994,unknown,0.0,0.0,0.0,0.0,0.0,"{'device': [0, 1, 2, 3]}",4,after_layer1,device,True,8,1.0,0.07190037200052757,0.6404981399973622,8,3e14e92e8a3447d58781a649992cec3e,86,"{'device_compute': 0.07186794601147994, 'd2e_transport': 0.0, 'edge_queue': 0.0, 'edge_segment_compute': 0.0, 'edge_exit_head_compute': 0.0, 'edge_exit_check': 0.0, 'e2c_transport': 0.0, 'cloud_queue': 0.0, 'cloud_segment_compute': 0.0, 'cloud_exit_head_compute': 0.0, 'cloud_exit_check': 0.0, 'total_latency': 0.07190037200052757, 'unattributed_overhead': 3.242598904762417e-05, 'request_id': '3e14e92e8a3447d58781a649992cec3e', 'user_id': 0, 'prediction': 8, 'exit_id': 'after_layer1', 'exit_boundary_id': 4, 'exit_location': 'device', 'confidence': 0.45899665355682373, 'executed_segments_by_node': {'device': [0, 1, 2, 3]}, 'nodes': [{'node': 'device', 'executed_segments': [0, 1, 2, 3], 'queue_s': 0.0, 'segment_compute_s': 0.0705863129987847, 'exit_head_compute_s': 0.001052687002811581, 'exit_check_s': 6.948199006728828e-05, 'worker_elapsed_s': 0.07186794601147994}], 'sample_id': 'balanced_008_0006_00005990', 'label': 8, 'correct': True, 'observed_utility': 0.6404981399973622}",balanced_008_0006_00005990,86,5990,14.26888632774353,0.07190037200052757,3.242598904762417e-05,0
0.07177222400787286,0.07177222400787286,0.07180266801151447,0.07177222400787286,1784171432.2057855,1784171417.8132858,1784171418.0632858,0.0,0.0,0.0,0.0,0.23620116710662842,0.0,0.07177222400787286,unknown,0.0,0.0,0.0,0.0,0.0,"{'device': [0, 1, 2, 3]}",4,after_layer1,device,False,8,0.0,0.07180266801151447,-0.35901334005757235,3,252b9537cd664b628486271fcfed30c7,87,"{'device_compute': 0.07177222400787286, 'd2e_transport': 0.0, 'edge_queue': 0.0, 'edge_segment_compute': 0.0, 'edge_exit_head_compute': 0.0, 'edge_exit_check': 0.0, 'e2c_transport': 0.0, 'cloud_queue': 0.0, 'cloud_segment_compute': 0.0, 'cloud_exit_head_compute': 0.0, 'cloud_exit_check': 0.0, 'total_latency': 0.07180266801151447, 'unattributed_overhead': 3.0444003641605377e-05, 'request_id': '252b9537cd664b628486271fcfed30c7', 'user_id': 0, 'prediction': 3, 'exit_id': 'after_layer1', 'exit_boundary_id': 4, 'exit_location': 'device', 'confidence': 0.23620116710662842, 'executed_segments_by_node': {'device': [0, 1, 2, 3]}, 'nodes': [{'node': 'device', 'executed_segments': [0, 1, 2, 3], 'queue_s': 0.0, 'segment_compute_s': 0.07057418400654569, 'exit_head_compute_s': 0.0009839280101004988, 'exit_check_s': 6.211099389474839e-05, 'worker_elapsed_s': 0.07177222400787286}], 'sample_id': 'balanced_008_0007_00006466', 'label': 8, 'correct': False, 'observed_utility': -0.35901334005757235}",balanced_008_0007_00006466,87,6466,14.142499685287476,0.07180266801151447,3.0444003641605377e-05,0
0.08088666899129748,0.08088666899129748,0.08091896498808637,0.08088666899129748,1784171433.1418035,1784171418.8194313,1784171419.0694313,0.0,0.0,0.0,0.0,0.4761897325515747,0.0,0.08088666899129748,unknown,0.0,0.0,0.0,0.0,0.0,"{'device': [0, 1, 2, 3]}",4,after_layer1,device,False,8,0.0,0.08091896498808637,-0.40459482494043186,0,c3cee9ec9bcd4fa3a933d856333a8d38,88,"{'device_compute': 0.08088666899129748, 'd2e_transport': 0.0, 'edge_queue': 0.0, 'edge_segment_compute': 0.0, 'edge_exit_head_compute': 0.0, 'edge_exit_check': 0.0, 'e2c_transport': 0.0, 'cloud_queue': 0.0, 'cloud_segment_compute': 0.0, 'cloud_exit_head_compute': 0.0, 'cloud_exit_check': 0.0, 'total_latency': 0.08091896498808637, 'unattributed_overhead': 3.229599678888917e-05, 'request_id': 'c3cee9ec9bcd4fa3a933d856333a8d38', 'user_id': 0, 'prediction': 0, 'exit_id': 'after_layer1', 'exit_boundary_id': 4, 'exit_location': 'device', 'confidence': 0.4761897325515747, 'executed_segments_by_node': {'device': [0, 1, 2, 3]}, 'nodes': [{'node': 'device', 'executed_segments': [0, 1, 2, 3], 'queue_s': 0.0, 'segment_compute_s': 0.07956720198853873, 'exit_head_compute_s': 0.0010712799994507805, 'exit_check_s': 7.109300349839032e-05, 'worker_elapsed_s': 0.08088666899129748}], 'sample_id': 'balanced_008_0008_00008393', 'label': 8, 'correct': False, 'observed_utility': -0.40459482494043186}",balanced_008_0008_00008393,88,8393,14.072372198104858,0.08091896498808637,3.229599678888917e-05,0
0.07560661999741569,0.07560661999741569,0.07563984300941229,0.07560661999741569,1784171434.3865385,1784171420.0723176,1784171420.3223176,0.0,0.0,0.0,0.0,0.4664766192436218,0.0,0.07560661999741569,unknown,0.0,0.0,0.0,0.0,0.0,"{'device': [0, 1, 2, 3]}",4,after_layer1,device,False,8,0.0,0.07563984300941229,-0.37819921504706144,9,e0524ade23014159bb1e053e4a96fa93,89,"{'device_compute': 0.07560661999741569, 'd2e_transport': 0.0, 'edge_queue': 0.0, 'edge_segment_compute': 0.0, 'edge_exit_head_compute': 0.0, 'edge_exit_check': 0.0, 'e2c_transport': 0.0, 'cloud_queue': 0.0, 'cloud_segment_compute': 0.0, 'cloud_exit_head_compute': 0.0, 'cloud_exit_check': 0.0, 'total_latency': 0.07563984300941229, 'unattributed_overhead': 3.322301199659705e-05, 'request_id': 'e0524ade23014159bb1e053e4a96fa93', 'user_id': 0, 'prediction': 9, 'exit_id': 'after_layer1', 'exit_boundary_id': 4, 'exit_location': 'device', 'confidence': 0.4664766192436218, 'executed_segments_by_node': {'device': [0, 1, 2, 3]}, 'nodes': [{'node': 'device', 'executed_segments': [0, 1, 2, 3], 'queue_s': 0.0, 'segment_compute_s': 0.07356200499634724, 'exit_head_compute_s': 0.001795929012587294, 'exit_check_s': 8.331501157954335e-05, 'worker_elapsed_s': 0.07560661999741569}], 'sample_id': 'balanced_008_0009_00008608', 'label': 8, 'correct': False, 'observed_utility': -0.37819921504706144}",balanced_008_0009_00008608,89,8608,14.064220905303955,0.07563984300941229,3.322301199659705e-05,0
0.07131090799521189,0.07131090799521189,0.07134239000151865,0.07131090799521189,1784171435.8430398,1784171421.520846,1784171421.770846,0.0,0.0,0.0,0.0,0.8267561197280884,0.0,0.07131090799521189,unknown,0.0,0.0,0.0,0.0,0.0,"{'device': [0, 1, 2, 3]}",4,after_layer1,device,True,9,1.0,0.07134239000151865,0.6432880499924067,9,f0455ceb3fa349489a8c141371e7e3ab,90,"{'device_compute': 0.07131090799521189, 'd2e_transport': 0.0, 'edge_queue': 0.0, 'edge_segment_compute': 0.0, 'edge_exit_head_compute': 0.0, 'edge_exit_check': 0.0, 'e2c_transport': 0.0, 'cloud_queue': 0.0, 'cloud_segment_compute': 0.0, 'cloud_exit_head_compute': 0.0, 'cloud_exit_check': 0.0, 'total_latency': 0.07134239000151865, 'unattributed_overhead': 3.148200630676001e-05, 'request_id': 'f0455ceb3fa349489a8c141371e7e3ab', 'user_id': 0, 'prediction': 9, 'exit_id': 'after_layer1', 'exit_boundary_id': 4, 'exit_location': 'device', 'confidence': 0.8267561197280884, 'executed_segments_by_node': {'device': [0, 1, 2, 3]}, 'nodes': [{'node': 'device', 'executed_segments': [0, 1, 2, 3], 'queue_s': 0.0, 'segment_compute_s': 0.07002783099596854, 'exit_head_compute_s': 0.0010547799902269617, 'exit_check_s': 7.088900019880384e-05, 'worker_elapsed_s': 0.07131090799521189}], 'sample_id': 'balanced_009_0000_00001359', 'label': 9, 'correct': True, 'observed_utility': 0.6432880499924067}",balanced_009_0000_00001359,90,1359,14.07219386100769,0.07134239000151865,3.148200630676001e-05,0
0.0713509079942014,0.0713509079942014,0.07138000099803321,0.0713509079942014,1784171437.2359886,1784171422.9197805,1784171423.1697805,0.0,0.0,0.0,0.0,0.2568308413028717,0.0,0.0713509079942014,unknown,0.0,0.0,0.0,0.0,0.0,"{'device': [0, 1, 2, 3]}",4,after_layer1,device,False,9,0.0,0.07138000099803321,-0.35690000499016605,8,688c23a7d28f4c56b1896f5a343b5639,91,"{'device_compute': 0.0713509079942014, 'd2e_transport': 0.0, 'edge_queue': 0.0, 'edge_segment_compute': 0.0, 'edge_exit_head_compute': 0.0, 'edge_exit_check': 0.0, 'e2c_transport': 0.0, 'cloud_queue': 0.0, 'cloud_segment_compute': 0.0, 'cloud_exit_head_compute': 0.0, 'cloud_exit_check': 0.0, 'total_latency': 0.07138000099803321, 'unattributed_overhead': 2.90930038318038e-05, 'request_id': '688c23a7d28f4c56b1896f5a343b5639', 'user_id': 0, 'prediction': 8, 'exit_id': 'after_layer1', 'exit_boundary_id': 4, 'exit_location': 'device', 'confidence': 0.2568308413028717, 'executed_segments_by_node': {'device': [0, 1, 2, 3]}, 'nodes': [{'node': 'device', 'executed_segments': [0, 1, 2, 3], 'queue_s': 0.0, 'segment_compute_s': 0.0700952579791192, 'exit_head_compute_s': 0.001042835006956011, 'exit_check_s': 6.022200977895409e-05, 'worker_elapsed_s': 0.0713509079942014}], 'sample_id': 'balanced_009_0001_00001387', 'label': 9, 'correct': False, 'observed_utility': -0.35690000499016605}",balanced_009_0001_00001387,91,1387,14.066208124160767,0.07138000099803321,2.90930038318038e-05,0
0.08506573199701961,0.08506573199701961,0.08510541799478233,0.08506573199701961,1784171438.1619127,1784171423.8399632,1784171424.0899632,0.0,0.0,0.0,0.0,0.44699662923812866,0.0,0.08506573199701961,unknown,0.0,0.0,0.0,0.0,0.0,"{'device': [0, 1, 2, 3]}",4,after_layer1,device,True,9,1.0,0.08510541799478233,0.5744729100260884,9,cc010e076f02442f8edc2a071c38518c,92,"{'device_compute': 0.08506573199701961, 'd2e_transport': 0.0, 'edge_queue': 0.0, 'edge_segment_compute': 0.0, 'edge_exit_head_compute': 0.0, 'edge_exit_check': 0.0, 'e2c_transport': 0.0, 'cloud_queue': 0.0, 'cloud_segment_compute': 0.0, 'cloud_exit_head_compute': 0.0, 'cloud_exit_check': 0.0, 'total_latency': 0.08510541799478233, 'unattributed_overhead': 3.968599776271731e-05, 'request_id': 'cc010e076f02442f8edc2a071c38518c', 'user_id': 0, 'prediction': 9, 'exit_id': 'after_layer1', 'exit_boundary_id': 4, 'exit_location': 'device', 'confidence': 0.44699662923812866, 'executed_segments_by_node': {'device': [0, 1, 2, 3]}, 'nodes': [{'node': 'device', 'executed_segments': [0, 1, 2, 3], 'queue_s': 0.0, 'segment_compute_s': 0.08367663700482808, 'exit_head_compute_s': 0.001116909013944678, 'exit_check_s': 9.242600935976952e-05, 'worker_elapsed_s': 0.08506573199701961}], 'sample_id': 'balanced_009_0002_00001916', 'label': 9, 'correct': True, 'observed_utility': 0.5744729100260884}",balanced_009_0002_00001916,92,1916,14.071949481964111,0.08510541799478233,3.968599776271731e-05,0
0.07620067699463107,0.07620067699463107,0.07623060299374629,0.07620067699463107,1784171439.631805,1784171424.7825787,1784171425.0325787,0.0,0.0,0.0,0.0,0.29785627126693726,0.0,0.07620067699463107,unknown,0.0,0.0,0.0,0.0,0.0,"{'device': [0, 1, 2, 3]}",4,after_layer1,device,True,9,1.0,0.07623060299374629,0.6188469850312686,9,ab6a9b6bb6f34beab962375a2f0504ad,93,"{'device_compute': 0.07620067699463107, 'd2e_transport': 0.0, 'edge_queue': 0.0, 'edge_segment_compute': 0.0, 'edge_exit_head_compute': 0.0, 'edge_exit_check': 0.0, 'e2c_transport': 0.0, 'cloud_queue': 0.0, 'cloud_segment_compute': 0.0, 'cloud_exit_head_compute': 0.0, 'cloud_exit_check': 0.0, 'total_latency': 0.07623060299374629, 'unattributed_overhead': 2.9925999115221202e-05, 'request_id': 'ab6a9b6bb6f34beab962375a2f0504ad', 'user_id': 0, 'prediction': 9, 'exit_id': 'after_layer1', 'exit_boundary_id': 4, 'exit_location': 'device', 'confidence': 0.29785627126693726, 'executed_segments_by_node': {'device': [0, 1, 2, 3]}, 'nodes': [{'node': 'device', 'executed_segments': [0, 1, 2, 3], 'queue_s': 0.0, 'segment_compute_s': 0.07502548902994022, 'exit_head_compute_s': 0.0009629470005165786, 'exit_check_s': 5.976000102236867e-05, 'worker_elapsed_s': 0.07620067699463107}], 'sample_id': 'balanced_009_0003_00004297', 'label': 9, 'correct': True, 'observed_utility': 0.6188469850312686}",balanced_009_0003_00004297,93,4297,14.599226236343384,0.07623060299374629,2.9925999115221202e-05,0
0.07541885999671649,0.07541885999671649,0.07545100800052751,0.07541885999671649,1784171440.5551229,1784171426.2410269,1784171426.4910269,0.0,0.0,0.0,0.0,0.38690802454948425,0.0,0.07541885999671649,unknown,0.0,0.0,0.0,0.0,0.0,"{'device': [0, 1, 2, 3]}",4,after_layer1,device,False,9,0.0,0.07545100800052751,-0.37725504000263754,1,fe0cd503daa54f1096d478941e7175bf,94,"{'device_compute': 0.07541885999671649, 'd2e_transport': 0.0, 'edge_queue': 0.0, 'edge_segment_compute': 0.0, 'edge_exit_head_compute': 0.0, 'edge_exit_check': 0.0, 'e2c_transport': 0.0, 'cloud_queue': 0.0, 'cloud_segment_compute': 0.0, 'cloud_exit_head_compute': 0.0, 'cloud_exit_check': 0.0, 'total_latency': 0.07545100800052751, 'unattributed_overhead': 3.214800381101668e-05, 'request_id': 'fe0cd503daa54f1096d478941e7175bf', 'user_id': 0, 'prediction': 1, 'exit_id': 'after_layer1', 'exit_boundary_id': 4, 'exit_location': 'device', 'confidence': 0.38690802454948425, 'executed_segments_by_node': {'device': [0, 1, 2, 3]}, 'nodes': [{'node': 'device', 'executed_segments': [0, 1, 2, 3], 'queue_s': 0.0, 'segment_compute_s': 0.07260272500570863, 'exit_head_compute_s': 0.0025800610019359738, 'exit_check_s': 7.501800428144634e-05, 'worker_elapsed_s': 0.07541885999671649}], 'sample_id': 'balanced_009_0004_00004779', 'label': 9, 'correct': False, 'observed_utility': -0.37725504000263754}",balanced_009_0004_00004779,94,4779,14.064095973968506,0.07545100800052751,3.214800381101668e-05,0
0.07883912700344808,0.07883912700344808,0.07886860899452586,0.07883912700344808,1784171441.4886663,1784171427.168613,1784171427.418613,0.0,0.0,0.0,0.0,0.20438942313194275,0.0,0.07883912700344808,unknown,0.0,0.0,0.0,0.0,0.0,"{'device': [0, 1, 2, 3]}",4,after_layer1,device,False,9,0.0,0.07886860899452586,-0.3943430449726293,7,c3bc2f79aeab405f83160be0422c4868,95,"{'device_compute': 0.07883912700344808, 'd2e_transport': 0.0, 'edge_queue': 0.0, 'edge_segment_compute': 0.0, 'edge_exit_head_compute': 0.0, 'edge_exit_check': 0.0, 'e2c_transport': 0.0, 'cloud_queue': 0.0, 'cloud_segment_compute': 0.0, 'cloud_exit_head_compute': 0.0, 'cloud_exit_check': 0.0, 'total_latency': 0.07886860899452586, 'unattributed_overhead': 2.9481991077773273e-05, 'request_id': 'c3bc2f79aeab405f83160be0422c4868', 'user_id': 0, 'prediction': 7, 'exit_id': 'after_layer1', 'exit_boundary_id': 4, 'exit_location': 'device', 'confidence': 0.20438942313194275, 'executed_segments_by_node': {'device': [0, 1, 2, 3]}, 'nodes': [{'node': 'device', 'executed_segments': [0, 1, 2, 3], 'queue_s': 0.0, 'segment_compute_s': 0.07758364398614503, 'exit_head_compute_s': 0.0010382250038674101, 'exit_check_s': 6.226000550668687e-05, 'worker_elapsed_s': 0.07883912700344808}], 'sample_id': 'balanced_009_0005_00006198', 'label': 9, 'correct': False, 'observed_utility': -0.3943430449726293}",balanced_009_0005_00006198,95,6198,14.070053339004517,0.07886860899452586,2.9481991077773273e-05,0
0.07922720200440381,0.07922720200440381,0.0792593130026944,0.07922720200440381,1784171442.5437467,1784171428.2221775,1784171428.4721775,0.0,0.0,0.0,0.0,0.3912021219730377,0.0,0.07922720200440381,unknown,0.0,0.0,0.0,0.0,0.0,"{'device': [0, 1, 2, 3]}",4,after_layer1,device,True,9,1.0,0.0792593130026944,0.603703434986528,9,7ace2b8613d34e39a1e1dc93c6c80bfb,96,"{'device_compute': 0.07922720200440381, 'd2e_transport': 0.0, 'edge_queue': 0.0, 'edge_segment_compute': 0.0, 'edge_exit_head_compute': 0.0, 'edge_exit_check': 0.0, 'e2c_transport': 0.0, 'cloud_queue': 0.0, 'cloud_segment_compute': 0.0, 'cloud_exit_head_compute': 0.0, 'cloud_exit_check': 0.0, 'total_latency': 0.0792593130026944, 'unattributed_overhead': 3.211099829059094e-05, 'request_id': '7ace2b8613d34e39a1e1dc93c6c80bfb', 'user_id': 0, 'prediction': 9, 'exit_id': 'after_layer1', 'exit_boundary_id': 4, 'exit_location': 'device', 'confidence': 0.3912021219730377, 'executed_segments_by_node': {'device': [0, 1, 2, 3]}, 'nodes': [{'node': 'device', 'executed_segments': [0, 1, 2, 3], 'queue_s': 0.0, 'segment_compute_s': 0.07791743898997083, 'exit_head_compute_s': 0.0010763539903564379, 'exit_check_s': 7.035199087113142e-05, 'worker_elapsed_s': 0.07922720200440381}], 'sample_id': 'balanced_009_0006_00007639', 'label': 9, 'correct': True, 'observed_utility': 0.603703434986528}",balanced_009_0006_00007639,96,7639,14.071569204330444,0.0792593130026944,3.211099829059094e-05,0
0.0857415849895915,0.0857415849895915,0.08577593699737918,0.0857415849895915,1784171443.4672568,1784171429.1531296,1784171429.4031296,0.0,0.0,0.0,0.0,0.2704513669013977,0.0,0.0857415849895915,unknown,0.0,0.0,0.0,0.0,0.0,"{'device': [0, 1, 2, 3]}",4,after_layer1,device,False,9,0.0,0.08577593699737918,-0.4288796849868959,1,d9a511bcd51046aaa73b975fe9020d5b,97,"{'device_compute': 0.0857415849895915, 'd2e_transport': 0.0, 'edge_queue': 0.0, 'edge_segment_compute': 0.0, 'edge_exit_head_compute': 0.0, 'edge_exit_check': 0.0, 'e2c_transport': 0.0, 'cloud_queue': 0.0, 'cloud_segment_compute': 0.0, 'cloud_exit_head_compute': 0.0, 'cloud_exit_check': 0.0, 'total_latency': 0.08577593699737918, 'unattributed_overhead': 3.4352007787674665e-05, 'request_id': 'd9a511bcd51046aaa73b975fe9020d5b', 'user_id': 0, 'prediction': 1, 'exit_id': 'after_layer1', 'exit_boundary_id': 4, 'exit_location': 'device', 'confidence': 0.2704513669013977, 'executed_segments_by_node': {'device': [0, 1, 2, 3]}, 'nodes': [{'node': 'device', 'executed_segments': [0, 1, 2, 3], 'queue_s': 0.0, 'segment_compute_s': 0.08446565699705388, 'exit_head_compute_s': 0.0010193540074396878, 'exit_check_s': 7.02780089341104e-05, 'worker_elapsed_s': 0.0857415849895915}], 'sample_id': 'balanced_009_0007_00007799', 'label': 9, 'correct': False, 'observed_utility': -0.4288796849868959}",balanced_009_0007_00007799,97,7799,14.064127206802368,0.08577593699737918,3.4352007787674665e-05,0
0.09086902200942859,0.09086902200942859,0.09090652300801594,0.09086902200942859,1784171444.6406567,1784171430.32227,1784171430.57227,0.0,0.0,0.0,0.0,0.39347371459007263,0.0,0.09086902200942859,unknown,0.0,0.0,0.0,0.0,0.0,"{'device': [0, 1, 2, 3]}",4,after_layer1,device,False,9,0.0,0.09090652300801594,-0.4545326150400797,1,8f03eca2f4cc45258ba3b40f66a2f297,98,"{'device_compute': 0.09086902200942859, 'd2e_transport': 0.0, 'edge_queue': 0.0, 'edge_segment_compute': 0.0, 'edge_exit_head_compute': 0.0, 'edge_exit_check': 0.0, 'e2c_transport': 0.0, 'cloud_queue': 0.0, 'cloud_segment_compute': 0.0, 'cloud_exit_head_compute': 0.0, 'cloud_exit_check': 0.0, 'total_latency': 0.09090652300801594, 'unattributed_overhead': 3.750099858734757e-05, 'request_id': '8f03eca2f4cc45258ba3b40f66a2f297', 'user_id': 0, 'prediction': 1, 'exit_id': 'after_layer1', 'exit_boundary_id': 4, 'exit_location': 'device', 'confidence': 0.39347371459007263, 'executed_segments_by_node': {'device': [0, 1, 2, 3]}, 'nodes': [{'node': 'device', 'executed_segments': [0, 1, 2, 3], 'queue_s': 0.0, 'segment_compute_s': 0.08875105401966721, 'exit_head_compute_s': 0.0018442440050421283, 'exit_check_s': 7.914801244623959e-05, 'worker_elapsed_s': 0.09086902200942859}], 'sample_id': 'balanced_009_0008_00008116', 'label': 9, 'correct': False, 'observed_utility': -0.4545326150400797}",balanced_009_0008_00008116,98,8116,14.068386793136597,0.09090652300801594,3.750099858734757e-05,0
0.08212337399891112,0.08212337399891112,0.08215611500781961,0.08212337399891112,1784171445.5910347,1784171431.2663517,1784171431.5163517,0.0,0.0,0.0,0.0,0.2727065086364746,0.0,0.08212337399891112,unknown,0.0,0.0,0.0,0.0,0.0,"{'device': [0, 1, 2, 3]}",4,after_layer1,device,False,9,0.0,0.08215611500781961,-0.41078057503909804,8,39e717be127040a3893288e9a0f97a57,99,"{'device_compute': 0.08212337399891112, 'd2e_transport': 0.0, 'edge_queue': 0.0, 'edge_segment_compute': 0.0, 'edge_exit_head_compute': 0.0, 'edge_exit_check': 0.0, 'e2c_transport': 0.0, 'cloud_queue': 0.0, 'cloud_segment_compute': 0.0, 'cloud_exit_head_compute': 0.0, 'cloud_exit_check': 0.0, 'total_latency': 0.08215611500781961, 'unattributed_overhead': 3.2741008908487856e-05, 'request_id': '39e717be127040a3893288e9a0f97a57', 'user_id': 0, 'prediction': 8, 'exit_id': 'after_layer1', 'exit_boundary_id': 4, 'exit_location': 'device', 'confidence': 0.2727065086364746, 'executed_segments_by_node': {'device': [0, 1, 2, 3]}, 'nodes': [{'node': 'device', 'executed_segments': [0, 1, 2, 3], 'queue_s': 0.0, 'segment_compute_s': 0.08007285202620551, 'exit_head_compute_s': 0.0018147079972550273, 'exit_check_s': 7.733299571555108e-05, 'worker_elapsed_s': 0.08212337399891112}], 'sample_id': 'balanced_009_0009_00008426', 'label': 9, 'correct': False, 'observed_utility': -0.41078057503909804}",balanced_009_0009_00008426,99,8426,14.07468295097351,0.08215611500781961,3.2741008908487856e-05,0
