T_bandwidth_calibration,T_c_compute,T_compute_cloud,T_compute_device,T_compute_edge,T_compute_s,T_d2e,T_d_compute,T_device_edge_roundtrip,T_e2c,T_e_compute,T_edge_cloud_roundtrip,T_node_cloud,T_node_edge,T_queue_s,T_total,T_worker_elapsed_s,actual_start_at_utc,barrier_ready_at_utc,barrier_release_at_utc,cloud_exit_check,cloud_exit_head_compute,cloud_queue,cloud_segment_compute,confidence,d2e_transport,decision_id,decision_version,device_compute,difficulty,e2c_transport,edge_exit_check,edge_exit_head_compute,edge_queue,edge_segment_compute,executed_segments_by_node,exit_boundary_id,exit_id,exit_location,is_correct,label,objective_alpha,objective_beta,observed_accuracy,observed_latency,observed_utility,prediction,request_id,request_seq,request_trace,sample_id,sample_index,source_index,start_skew_s,test_sample_seed,total_latency,unattributed_overhead,user_id
3.338968276977539,0.018750417992123403,0.018750417992123403,4.850098048336804e-05,9.379999983138987e-05,0.018750417992123403,0.30092248598975857,4.850098048336804e-05,0.5280837859900203,0.19998434899980566,9.379999983138987e-05,0.22341370000003735,0.02342935100023169,0.003747600000224338,0.002838319996953942,0.5281594359839801,0.018861225005821325,1784947620.1076965,1784947616.0191813,1784947619.6081495,0.0004234219959471375,0.0009834049851633608,0.002838319996953942,0.01604654494440183,0.9995342493057251,0.30092248598975857,ablate-cloud-only-resnet50-cifar10-pi5-r3-20260725-104648:v1,1,4.850098048336804e-05,unknown,0.19998434899980566,0.0,0.0,0.002505800000108138,0.0,"{'device': [], 'edge': [], 'cloud': [0, 1, 2, 3, 4, 5, 6, 7, 8, 9, 10, 11, 12, 13, 14, 15, 16, 17, 18]}",19,final,cloud,True,6,1.0,5.0,1.0,0.5281594359839801,-1.6407971799199004,6,a0289aa2bc2843bea61845c744a83764,0,"{'device_compute': 4.850098048336804e-05, 'd2e_transport': 0.30092248598975857, 'edge_queue': 0.002505800000108138, 'edge_segment_compute': 0.0, 'edge_exit_head_compute': 0.0, 'edge_exit_check': 0.0, 'e2c_transport': 0.19998434899980566, 'cloud_queue': 0.002838319996953942, 'cloud_segment_compute': 0.01604654494440183, 'cloud_exit_head_compute': 0.0009834049851633608, 'cloud_exit_check': 0.0004234219959471375, 'total_latency': 0.5281594359839801, 'unattributed_overhead': 0.004406608091358066, 'request_id': 'a0289aa2bc2843bea61845c744a83764', 'user_id': 0, 'prediction': 6, 'exit_id': 'final', 'exit_boundary_id': 19, 'exit_location': 'cloud', 'confidence': 0.9995342493057251, 'executed_segments_by_node': {'device': [], 'edge': [], 'cloud': [0, 1, 2, 3, 4, 5, 6, 7, 8, 9, 10, 11, 12, 13, 14, 15, 16, 17, 18]}, 'nodes': [{'node': 'device', 'executed_segments': [], 'queue_s': 0.0, 'segment_compute_s': 0.0, 'exit_head_compute_s': 0.0, 'exit_check_s': 0.0, 'worker_elapsed_s': 4.850098048336804e-05}, {'node': 'edge', 'executed_segments': [], 'queue_s': 0.002505800000108138, 'segment_compute_s': 0.0, 'exit_head_compute_s': 0.0, 'exit_check_s': 0.0, 'worker_elapsed_s': 0.0001876000001175271}, {'node': 'cloud', 'executed_segments': [0, 1, 2, 3, 4, 5, 6, 7, 8, 9, 10, 11, 12, 13, 14, 15, 16, 17, 18], 'queue_s': 0.002838319996953942, 'segment_compute_s': 0.01604654494440183, 'exit_head_compute_s': 0.0009834049851633608, 'exit_check_s': 0.0004234219959471375, 'worker_elapsed_s': 0.018861225005821325}], 'sample_id': 'balanced_006_0673_00006800', 'label': 6, 'correct': True, 'observed_utility': -1.6407971799199004}",balanced_006_0673_00006800,0,6800,0.49954700469970703,2931975627208053355,0.5281594359839801,0.004406608091358066,0
0.0,0.01863106399832759,0.01863106399832759,3.4240976674482226e-05,7.259999983943999e-05,0.01863106399832759,0.2175234260189427,3.4240976674482226e-05,0.40496202601934783,0.16269922600577047,7.259999983943999e-05,0.1853358000003027,0.022636573994532228,0.002102800000102434,0.0023813730076653883,0.4050194529991131,0.01870916099869646,1784947621.636663,1784947620.8425653,1784947621.0925653,0.00042380002560094,0.0010273289954056963,0.0023813730076653883,0.015888393012573943,0.9999997615814209,0.2175234260189427,ablate-cloud-only-resnet50-cifar10-pi5-r3-20260725-104648:v1,1,3.4240976674482226e-05,unknown,0.16269922600577047,0.0,0.0,0.0012734000001728418,0.0,"{'device': [], 'edge': [], 'cloud': [0, 1, 2, 3, 4, 5, 6, 7, 8, 9, 10, 11, 12, 13, 14, 15, 16, 17, 18]}",19,final,cloud,True,2,1.0,5.0,1.0,0.4050194529991131,-1.0250972649955656,2,7342bdc69ded45308050b95418692fd5,1,"{'device_compute': 3.4240976674482226e-05, 'd2e_transport': 0.2175234260189427, 'edge_queue': 0.0012734000001728418, 'edge_segment_compute': 0.0, 'edge_exit_head_compute': 0.0, 'edge_exit_check': 0.0, 'e2c_transport': 0.16269922600577047, 'cloud_queue': 0.0023813730076653883, 'cloud_segment_compute': 0.015888393012573943, 'cloud_exit_head_compute': 0.0010273289954056963, 'cloud_exit_check': 0.00042380002560094, 'total_latency': 0.4050194529991131, 'unattributed_overhead': 0.003768264956306666, 'request_id': '7342bdc69ded45308050b95418692fd5', 'user_id': 0, 'prediction': 2, 'exit_id': 'final', 'exit_boundary_id': 19, 'exit_location': 'cloud', 'confidence': 0.9999997615814209, 'executed_segments_by_node': {'device': [], 'edge': [], 'cloud': [0, 1, 2, 3, 4, 5, 6, 7, 8, 9, 10, 11, 12, 13, 14, 15, 16, 17, 18]}, 'nodes': [{'node': 'device', 'executed_segments': [], 'queue_s': 0.0, 'segment_compute_s': 0.0, 'exit_head_compute_s': 0.0, 'exit_check_s': 0.0, 'worker_elapsed_s': 3.4240976674482226e-05}, {'node': 'edge', 'executed_segments': [], 'queue_s': 0.0012734000001728418, 'segment_compute_s': 0.0, 'exit_head_compute_s': 0.0, 'exit_check_s': 0.0, 'worker_elapsed_s': 0.00014569999984814785}, {'node': 'cloud', 'executed_segments': [0, 1, 2, 3, 4, 5, 6, 7, 8, 9, 10, 11, 12, 13, 14, 15, 16, 17, 18], 'queue_s': 0.0023813730076653883, 'segment_compute_s': 0.015888393012573943, 'exit_head_compute_s': 0.0010273289954056963, 'exit_check_s': 0.00042380002560094, 'worker_elapsed_s': 0.01870916099869646}], 'sample_id': 'balanced_002_0194_00001995', 'label': 2, 'correct': True, 'observed_utility': -1.0250972649955656}",balanced_002_0194_00001995,1,1995,0.5440976619720459,2931975627208053355,0.4050194529991131,0.003768264956306666,0
0.0,0.01839944999665022,0.01839944999665022,3.585297963581979e-05,0.0001021999996737577,0.01839944999665022,0.18070468099404025,3.585297963581979e-05,0.3896921809937339,0.18310960999815507,0.0001021999996737577,0.20544810000001235,0.02233849000185728,0.0035393999996813363,0.0024051990039879456,0.38975175700034015,0.01847083499887958,1784947622.062737,1784947621.3329053,1784947621.5829053,0.0004191730113234371,0.0009919120057020336,0.0024051990039879456,0.015766987984534353,0.9999251365661621,0.18070468099404025,ablate-cloud-only-resnet50-cifar10-pi5-r3-20260725-104648:v1,1,3.585297963581979e-05,unknown,0.18310960999815507,0.0,0.0,0.002259500000036496,0.0,"{'device': [], 'edge': [], 'cloud': [0, 1, 2, 3, 4, 5, 6, 7, 8, 9, 10, 11, 12, 13, 14, 15, 16, 17, 18]}",19,final,cloud,True,4,1.0,5.0,1.0,0.38975175700034015,-0.9487587850017007,4,2723e71aa6704710aef7830bfa42048c,2,"{'device_compute': 3.585297963581979e-05, 'd2e_transport': 0.18070468099404025, 'edge_queue': 0.002259500000036496, 'edge_segment_compute': 0.0, 'edge_exit_head_compute': 0.0, 'edge_exit_check': 0.0, 'e2c_transport': 0.18310960999815507, 'cloud_queue': 0.0024051990039879456, 'cloud_segment_compute': 0.015766987984534353, 'cloud_exit_head_compute': 0.0009919120057020336, 'cloud_exit_check': 0.0004191730113234371, 'total_latency': 0.38975175700034015, 'unattributed_overhead': 0.004058841022924753, 'request_id': '2723e71aa6704710aef7830bfa42048c', 'user_id': 0, 'prediction': 4, 'exit_id': 'final', 'exit_boundary_id': 19, 'exit_location': 'cloud', 'confidence': 0.9999251365661621, 'executed_segments_by_node': {'device': [], 'edge': [], 'cloud': [0, 1, 2, 3, 4, 5, 6, 7, 8, 9, 10, 11, 12, 13, 14, 15, 16, 17, 18]}, 'nodes': [{'node': 'device', 'executed_segments': [], 'queue_s': 0.0, 'segment_compute_s': 0.0, 'exit_head_compute_s': 0.0, 'exit_check_s': 0.0, 'worker_elapsed_s': 3.585297963581979e-05}, {'node': 'edge', 'executed_segments': [], 'queue_s': 0.002259500000036496, 'segment_compute_s': 0.0, 'exit_head_compute_s': 0.0, 'exit_check_s': 0.0, 'worker_elapsed_s': 0.00020499999982348527}, {'node': 'cloud', 'executed_segments': [0, 1, 2, 3, 4, 5, 6, 7, 8, 9, 10, 11, 12, 13, 14, 15, 16, 17, 18], 'queue_s': 0.0024051990039879456, 'segment_compute_s': 0.015766987984534353, 'exit_head_compute_s': 0.0009919120057020336, 'exit_check_s': 0.0004191730113234371, 'worker_elapsed_s': 0.01847083499887958}], 'sample_id': 'balanced_004_0212_00002191', 'label': 4, 'correct': True, 'observed_utility': -0.9487587850017007}",balanced_004_0212_00002191,2,2191,0.4798316955566406,2931975627208053355,0.38975175700034015,0.004058841022924753,0
0.0,0.018384864000836387,0.018384864000836387,3.1723000574856997e-05,0.00012229999992996454,0.018384864000836387,0.1624268449795636,3.1723000574856997e-05,0.2763327449792996,0.08823902900212488,0.00012229999992996454,0.11048970000001646,0.022250670997891575,0.003416199999719538,0.002380195990554057,0.27638698698137887,0.01845503800723236,1784947622.4796946,1784947621.7484355,1784947621.9984355,0.00041069500730372965,0.0009423010051250458,0.002380195990554057,0.015813240970601328,0.999995231628418,0.1624268449795636,ablate-cloud-only-resnet50-cifar10-pi5-r3-20260725-104648:v1,1,3.1723000574856997e-05,unknown,0.08823902900212488,0.0,0.0,0.0020520000002761662,0.0,"{'device': [], 'edge': [], 'cloud': [0, 1, 2, 3, 4, 5, 6, 7, 8, 9, 10, 11, 12, 13, 14, 15, 16, 17, 18]}",19,final,cloud,True,3,1.0,5.0,1.0,0.27638698698137887,-0.38193493490689434,3,459235de4d344917b25e09e181180f97,3,"{'device_compute': 3.1723000574856997e-05, 'd2e_transport': 0.1624268449795636, 'edge_queue': 0.0020520000002761662, 'edge_segment_compute': 0.0, 'edge_exit_head_compute': 0.0, 'edge_exit_check': 0.0, 'e2c_transport': 0.08823902900212488, 'cloud_queue': 0.002380195990554057, 'cloud_segment_compute': 0.015813240970601328, 'cloud_exit_head_compute': 0.0009423010051250458, 'cloud_exit_check': 0.00041069500730372965, 'total_latency': 0.27638698698137887, 'unattributed_overhead': 0.004090957025255193, 'request_id': '459235de4d344917b25e09e181180f97', 'user_id': 0, 'prediction': 3, 'exit_id': 'final', 'exit_boundary_id': 19, 'exit_location': 'cloud', 'confidence': 0.999995231628418, 'executed_segments_by_node': {'device': [], 'edge': [], 'cloud': [0, 1, 2, 3, 4, 5, 6, 7, 8, 9, 10, 11, 12, 13, 14, 15, 16, 17, 18]}, 'nodes': [{'node': 'device', 'executed_segments': [], 'queue_s': 0.0, 'segment_compute_s': 0.0, 'exit_head_compute_s': 0.0, 'exit_check_s': 0.0, 'worker_elapsed_s': 3.1723000574856997e-05}, {'node': 'edge', 'executed_segments': [], 'queue_s': 0.0020520000002761662, 'segment_compute_s': 0.0, 'exit_head_compute_s': 0.0, 'exit_check_s': 0.0, 'worker_elapsed_s': 0.00021999999989930075}, {'node': 'cloud', 'executed_segments': [0, 1, 2, 3, 4, 5, 6, 7, 8, 9, 10, 11, 12, 13, 14, 15, 16, 17, 18], 'queue_s': 0.002380195990554057, 'segment_compute_s': 0.015813240970601328, 'exit_head_compute_s': 0.0009423010051250458, 'exit_check_s': 0.00041069500730372965, 'worker_elapsed_s': 0.01845503800723236}], 'sample_id': 'balanced_003_0851_00008343', 'label': 3, 'correct': True, 'observed_utility': -0.38193493490689434}",balanced_003_0851_00008343,3,8343,0.4812591075897217,2931975627208053355,0.27638698698137887,0.004090957025255193,0
0.0,0.01850367701263167,0.01850367701263167,3.639000351540744e-05,0.000141299999995681,0.01850367701263167,0.178973103991666,3.639000351540744e-05,0.2848434039915446,0.07842701299387045,0.000141299999995681,0.10084409999990385,0.022417087006033398,0.005026199999974779,0.002442469005472958,0.2849026089825202,0.018579397001303732,1784947622.7756839,1784947622.0461965,1784947622.2961965,0.0004207219899399206,0.0009822949941735715,0.002442469005472958,0.015871625029831193,1.0,0.178973103991666,ablate-cloud-only-resnet50-cifar10-pi5-r3-20260725-104648:v1,1,3.639000351540744e-05,unknown,0.07842701299387045,0.0,0.0,0.003323900000395952,0.0,"{'device': [], 'edge': [], 'cloud': [0, 1, 2, 3, 4, 5, 6, 7, 8, 9, 10, 11, 12, 13, 14, 15, 16, 17, 18]}",19,final,cloud,True,5,1.0,5.0,1.0,0.2849026089825202,-0.4245130449126009,5,6b75885f076f46b4a797fa6c8bc9654a,4,"{'device_compute': 3.639000351540744e-05, 'd2e_transport': 0.178973103991666, 'edge_queue': 0.003323900000395952, 'edge_segment_compute': 0.0, 'edge_exit_head_compute': 0.0, 'edge_exit_check': 0.0, 'e2c_transport': 0.07842701299387045, 'cloud_queue': 0.002442469005472958, 'cloud_segment_compute': 0.015871625029831193, 'cloud_exit_head_compute': 0.0009822949941735715, 'cloud_exit_check': 0.0004207219899399206, 'total_latency': 0.2849026089825202, 'unattributed_overhead': 0.004425090973654733, 'request_id': '6b75885f076f46b4a797fa6c8bc9654a', 'user_id': 0, 'prediction': 5, 'exit_id': 'final', 'exit_boundary_id': 19, 'exit_location': 'cloud', 'confidence': 1.0, 'executed_segments_by_node': {'device': [], 'edge': [], 'cloud': [0, 1, 2, 3, 4, 5, 6, 7, 8, 9, 10, 11, 12, 13, 14, 15, 16, 17, 18]}, 'nodes': [{'node': 'device', 'executed_segments': [], 'queue_s': 0.0, 'segment_compute_s': 0.0, 'exit_head_compute_s': 0.0, 'exit_check_s': 0.0, 'worker_elapsed_s': 3.639000351540744e-05}, {'node': 'edge', 'executed_segments': [], 'queue_s': 0.003323900000395952, 'segment_compute_s': 0.0, 'exit_head_compute_s': 0.0, 'exit_check_s': 0.0, 'worker_elapsed_s': 0.0002675999999155465}, {'node': 'cloud', 'executed_segments': [0, 1, 2, 3, 4, 5, 6, 7, 8, 9, 10, 11, 12, 13, 14, 15, 16, 17, 18], 'queue_s': 0.002442469005472958, 'segment_compute_s': 0.015871625029831193, 'exit_head_compute_s': 0.0009822949941735715, 'exit_check_s': 0.0004207219899399206, 'worker_elapsed_s': 0.018579397001303732}], 'sample_id': 'balanced_005_0347_00003535', 'label': 5, 'correct': True, 'observed_utility': -0.4245130449126009}",balanced_005_0347_00003535,4,3535,0.47948741912841797,2931975627208053355,0.2849026089825202,0.004425090973654733,0
0.0,0.018258097989019006,0.018258097989019006,3.129697870463133e-05,0.00011040000026696362,0.018258097989019006,0.15949626999099564,3.129697870463133e-05,0.2836498699907679,0.09836445299652041,0.00011040000026696362,0.12029229999961899,0.021927847003098577,0.0038613000001532782,0.0021964289917377755,0.28370255697518587,0.018326299003092572,1784947623.0844264,1784947622.3547525,1784947622.6047525,0.00040546999662183225,0.0009460339788347483,0.0021964289917377755,0.015624955980456434,0.9986624717712402,0.15949626999099564,ablate-cloud-only-resnet50-cifar10-pi5-r3-20260725-104648:v1,1,3.129697870463133e-05,unknown,0.09836445299652041,0.0,0.0,0.002523900000142021,0.0,"{'device': [], 'edge': [], 'cloud': [0, 1, 2, 3, 4, 5, 6, 7, 8, 9, 10, 11, 12, 13, 14, 15, 16, 17, 18]}",19,final,cloud,True,0,1.0,5.0,1.0,0.28370255697518587,-0.41851278487592936,0,598f8ddd79ea4a9296c22025b86178c2,5,"{'device_compute': 3.129697870463133e-05, 'd2e_transport': 0.15949626999099564, 'edge_queue': 0.002523900000142021, 'edge_segment_compute': 0.0, 'edge_exit_head_compute': 0.0, 'edge_exit_check': 0.0, 'e2c_transport': 0.09836445299652041, 'cloud_queue': 0.0021964289917377755, 'cloud_segment_compute': 0.015624955980456434, 'cloud_exit_head_compute': 0.0009460339788347483, 'cloud_exit_check': 0.00040546999662183225, 'total_latency': 0.28370255697518587, 'unattributed_overhead': 0.004113748061172373, 'request_id': '598f8ddd79ea4a9296c22025b86178c2', 'user_id': 0, 'prediction': 0, 'exit_id': 'final', 'exit_boundary_id': 19, 'exit_location': 'cloud', 'confidence': 0.9986624717712402, 'executed_segments_by_node': {'device': [], 'edge': [], 'cloud': [0, 1, 2, 3, 4, 5, 6, 7, 8, 9, 10, 11, 12, 13, 14, 15, 16, 17, 18]}, 'nodes': [{'node': 'device', 'executed_segments': [], 'queue_s': 0.0, 'segment_compute_s': 0.0, 'exit_head_compute_s': 0.0, 'exit_check_s': 0.0, 'worker_elapsed_s': 3.129697870463133e-05}, {'node': 'edge', 'executed_segments': [], 'queue_s': 0.002523900000142021, 'segment_compute_s': 0.0, 'exit_head_compute_s': 0.0, 'exit_check_s': 0.0, 'worker_elapsed_s': 0.00024899999971239595}, {'node': 'cloud', 'executed_segments': [0, 1, 2, 3, 4, 5, 6, 7, 8, 9, 10, 11, 12, 13, 14, 15, 16, 17, 18], 'queue_s': 0.0021964289917377755, 'segment_compute_s': 0.015624955980456434, 'exit_head_compute_s': 0.0009460339788347483, 'exit_check_s': 0.00040546999662183225, 'worker_elapsed_s': 0.018326299003092572}], 'sample_id': 'balanced_000_0559_00005669', 'label': 0, 'correct': True, 'observed_utility': -0.41851278487592936}",balanced_000_0559_00005669,5,5669,0.4796738624572754,2931975627208053355,0.28370255697518587,0.004113748061172373,0
0.0,0.01857798699347768,0.01857798699347768,3.588898107409477e-05,0.00010250000013911631,0.01857798699347768,0.123014172015246,3.588898107409477e-05,0.2792029720149003,0.1301485070025592,0.00010250000013911631,0.15265869999984716,0.02251019299728796,0.0035300999998071347,0.002401031000772491,0.27926186099648476,0.0186532539955806,1784947623.3933148,1784947622.6622858,1784947622.9122858,0.0004250170022714883,0.0010287309851264581,0.002401031000772491,0.015895079020992853,0.49322447180747986,0.123014172015246,ablate-cloud-only-resnet50-cifar10-pi5-r3-20260725-104648:v1,1,3.588898107409477e-05,unknown,0.1301485070025592,0.0,0.0,0.002272800000355346,0.0,"{'device': [], 'edge': [], 'cloud': [0, 1, 2, 3, 4, 5, 6, 7, 8, 9, 10, 11, 12, 13, 14, 15, 16, 17, 18]}",19,final,cloud,False,4,1.0,5.0,0.0,0.27926186099648476,-1.3963093049824238,3,9e5d2ee0c9e545139cff36f639c3f51f,6,"{'device_compute': 3.588898107409477e-05, 'd2e_transport': 0.123014172015246, 'edge_queue': 0.002272800000355346, 'edge_segment_compute': 0.0, 'edge_exit_head_compute': 0.0, 'edge_exit_check': 0.0, 'e2c_transport': 0.1301485070025592, 'cloud_queue': 0.002401031000772491, 'cloud_segment_compute': 0.015895079020992853, 'cloud_exit_head_compute': 0.0010287309851264581, 'cloud_exit_check': 0.0004250170022714883, 'total_latency': 0.27926186099648476, 'unattributed_overhead': 0.004040634988086822, 'request_id': '9e5d2ee0c9e545139cff36f639c3f51f', 'user_id': 0, 'prediction': 3, 'exit_id': 'final', 'exit_boundary_id': 19, 'exit_location': 'cloud', 'confidence': 0.49322447180747986, 'executed_segments_by_node': {'device': [], 'edge': [], 'cloud': [0, 1, 2, 3, 4, 5, 6, 7, 8, 9, 10, 11, 12, 13, 14, 15, 16, 17, 18]}, 'nodes': [{'node': 'device', 'executed_segments': [], 'queue_s': 0.0, 'segment_compute_s': 0.0, 'exit_head_compute_s': 0.0, 'exit_check_s': 0.0, 'worker_elapsed_s': 3.588898107409477e-05}, {'node': 'edge', 'executed_segments': [], 'queue_s': 0.002272800000355346, 'segment_compute_s': 0.0, 'exit_head_compute_s': 0.0, 'exit_check_s': 0.0, 'worker_elapsed_s': 0.0002044999996542174}, {'node': 'cloud', 'executed_segments': [0, 1, 2, 3, 4, 5, 6, 7, 8, 9, 10, 11, 12, 13, 14, 15, 16, 17, 18], 'queue_s': 0.002401031000772491, 'segment_compute_s': 0.015895079020992853, 'exit_head_compute_s': 0.0010287309851264581, 'exit_check_s': 0.0004250170022714883, 'worker_elapsed_s': 0.0186532539955806}], 'sample_id': 'balanced_004_0798_00007744', 'label': 4, 'correct': False, 'observed_utility': -1.3963093049824238}",balanced_004_0798_00007744,6,7744,0.48102903366088867,2931975627208053355,0.27926186099648476,0.004040634988086822,0
0.0,0.01877490000333637,0.01877490000333637,3.5259989090263844e-05,0.00010369999972681399,0.01877490000333637,0.15837926801805224,3.5259989090263844e-05,0.28057386801810935,0.09603894600149943,0.00010369999972681399,0.11855680000007851,0.022517853998579085,0.003637799999978597,0.002290100004756823,0.28063068399205804,0.018847430997993797,1784947623.698366,1784947622.9681106,1784947623.2181106,0.00043039099546149373,0.0009901720040943474,0.002290100004756823,0.016110967975691892,0.7406585812568665,0.15837926801805224,ablate-cloud-only-resnet50-cifar10-pi5-r3-20260725-104648:v1,1,3.5259989090263844e-05,unknown,0.09603894600149943,0.0,0.0,0.0023306000002776273,0.0,"{'device': [], 'edge': [], 'cloud': [0, 1, 2, 3, 4, 5, 6, 7, 8, 9, 10, 11, 12, 13, 14, 15, 16, 17, 18]}",19,final,cloud,True,3,1.0,5.0,1.0,0.28063068399205804,-0.4031534199602902,3,9abf09470e9942f1ae310bfa10b2a515,7,"{'device_compute': 3.5259989090263844e-05, 'd2e_transport': 0.15837926801805224, 'edge_queue': 0.0023306000002776273, 'edge_segment_compute': 0.0, 'edge_exit_head_compute': 0.0, 'edge_exit_check': 0.0, 'e2c_transport': 0.09603894600149943, 'cloud_queue': 0.002290100004756823, 'cloud_segment_compute': 0.016110967975691892, 'cloud_exit_head_compute': 0.0009901720040943474, 'cloud_exit_check': 0.00043039099546149373, 'total_latency': 0.28063068399205804, 'unattributed_overhead': 0.004024979003133922, 'request_id': '9abf09470e9942f1ae310bfa10b2a515', 'user_id': 0, 'prediction': 3, 'exit_id': 'final', 'exit_boundary_id': 19, 'exit_location': 'cloud', 'confidence': 0.7406585812568665, 'executed_segments_by_node': {'device': [], 'edge': [], 'cloud': [0, 1, 2, 3, 4, 5, 6, 7, 8, 9, 10, 11, 12, 13, 14, 15, 16, 17, 18]}, 'nodes': [{'node': 'device', 'executed_segments': [], 'queue_s': 0.0, 'segment_compute_s': 0.0, 'exit_head_compute_s': 0.0, 'exit_check_s': 0.0, 'worker_elapsed_s': 3.5259989090263844e-05}, {'node': 'edge', 'executed_segments': [], 'queue_s': 0.0023306000002776273, 'segment_compute_s': 0.0, 'exit_head_compute_s': 0.0, 'exit_check_s': 0.0, 'worker_elapsed_s': 0.00020439999980226276}, {'node': 'cloud', 'executed_segments': [0, 1, 2, 3, 4, 5, 6, 7, 8, 9, 10, 11, 12, 13, 14, 15, 16, 17, 18], 'queue_s': 0.002290100004756823, 'segment_compute_s': 0.016110967975691892, 'exit_head_compute_s': 0.0009901720040943474, 'exit_check_s': 0.00043039099546149373, 'worker_elapsed_s': 0.018847430997993797}], 'sample_id': 'balanced_003_0354_00003607', 'label': 3, 'correct': True, 'observed_utility': -0.4031534199602902}",balanced_003_0354_00003607,7,3607,0.4802553653717041,2931975627208053355,0.28063068399205804,0.004024979003133922,0
0.0,0.018371256010141224,0.018371256010141224,3.687100252136588e-05,0.00010380000003351597,0.018371256010141224,0.12788534498395165,3.687100252136588e-05,0.2835687449842226,0.12948117499217915,0.00010380000003351597,0.15168520000042918,0.022204025008250028,0.003998199999841745,0.002366459011682309,0.28362944902619347,0.01843773499422241,1784947623.9996953,1784947623.2697096,1784947623.5197096,0.0004045529931318015,0.0009617580071790144,0.002366459011682309,0.015787624011863954,0.9999183416366577,0.12788534498395165,ablate-cloud-only-resnet50-cifar10-pi5-r3-20260725-104648:v1,1,3.687100252136588e-05,unknown,0.12948117499217915,0.0,0.0,0.0025602999999136955,0.0,"{'device': [], 'edge': [], 'cloud': [0, 1, 2, 3, 4, 5, 6, 7, 8, 9, 10, 11, 12, 13, 14, 15, 16, 17, 18]}",19,final,cloud,True,1,1.0,5.0,1.0,0.28362944902619347,-0.41814724513096735,1,47b946dffadd4e82a857244034d99bbe,8,"{'device_compute': 3.687100252136588e-05, 'd2e_transport': 0.12788534498395165, 'edge_queue': 0.0025602999999136955, 'edge_segment_compute': 0.0, 'edge_exit_head_compute': 0.0, 'edge_exit_check': 0.0, 'e2c_transport': 0.12948117499217915, 'cloud_queue': 0.002366459011682309, 'cloud_segment_compute': 0.015787624011863954, 'cloud_exit_head_compute': 0.0009617580071790144, 'cloud_exit_check': 0.0004045529931318015, 'total_latency': 0.28362944902619347, 'unattributed_overhead': 0.004145364023770526, 'request_id': '47b946dffadd4e82a857244034d99bbe', 'user_id': 0, 'prediction': 1, 'exit_id': 'final', 'exit_boundary_id': 19, 'exit_location': 'cloud', 'confidence': 0.9999183416366577, 'executed_segments_by_node': {'device': [], 'edge': [], 'cloud': [0, 1, 2, 3, 4, 5, 6, 7, 8, 9, 10, 11, 12, 13, 14, 15, 16, 17, 18]}, 'nodes': [{'node': 'device', 'executed_segments': [], 'queue_s': 0.0, 'segment_compute_s': 0.0, 'exit_head_compute_s': 0.0, 'exit_check_s': 0.0, 'worker_elapsed_s': 3.687100252136588e-05}, {'node': 'edge', 'executed_segments': [], 'queue_s': 0.0025602999999136955, 'segment_compute_s': 0.0, 'exit_head_compute_s': 0.0, 'exit_check_s': 0.0, 'worker_elapsed_s': 0.00021289999995133257}, {'node': 'cloud', 'executed_segments': [0, 1, 2, 3, 4, 5, 6, 7, 8, 9, 10, 11, 12, 13, 14, 15, 16, 17, 18], 'queue_s': 0.002366459011682309, 'segment_compute_s': 0.015787624011863954, 'exit_head_compute_s': 0.0009617580071790144, 'exit_check_s': 0.0004045529931318015, 'worker_elapsed_s': 0.01843773499422241}], 'sample_id': 'balanced_001_0839_00008390', 'label': 1, 'correct': True, 'observed_utility': -0.41814724513096735}",balanced_001_0839_00008390,8,8390,0.47998571395874023,2931975627208053355,0.28362944902619347,0.004145364023770526,0
0.0,0.018631460014148615,0.018631460014148615,3.618499613367021e-05,7.470000036846614e-05,0.018631460014148615,0.1765834000052564,3.618499613367021e-05,0.38650540000526235,0.1830697039908955,7.470000036846614e-05,0.20650290000003224,0.023433196009136736,0.003419099999973696,0.002367763008805923,0.3865650849766098,0.018703840003581718,1784947624.3023224,1784947623.5726364,1784947623.8226364,0.0004446679959073663,0.0009934219997376204,0.002367763008805923,0.01593357400270179,0.9999998807907104,0.1765834000052564,ablate-cloud-only-resnet50-cifar10-pi5-r3-20260725-104648:v1,1,3.618499613367021e-05,unknown,0.1830697039908955,0.0,0.0,0.0021905999997215986,0.0,"{'device': [], 'edge': [], 'cloud': [0, 1, 2, 3, 4, 5, 6, 7, 8, 9, 10, 11, 12, 13, 14, 15, 16, 17, 18]}",19,final,cloud,True,9,1.0,5.0,1.0,0.3865650849766098,-0.932825424883049,9,f757879b6de4447f893ee550f175bfdd,9,"{'device_compute': 3.618499613367021e-05, 'd2e_transport': 0.1765834000052564, 'edge_queue': 0.0021905999997215986, 'edge_segment_compute': 0.0, 'edge_exit_head_compute': 0.0, 'edge_exit_check': 0.0, 'e2c_transport': 0.1830697039908955, 'cloud_queue': 0.002367763008805923, 'cloud_segment_compute': 0.01593357400270179, 'cloud_exit_head_compute': 0.0009934219997376204, 'cloud_exit_check': 0.0004446679959073663, 'total_latency': 0.3865650849766098, 'unattributed_overhead': 0.004945768977449916, 'request_id': 'f757879b6de4447f893ee550f175bfdd', 'user_id': 0, 'prediction': 9, 'exit_id': 'final', 'exit_boundary_id': 19, 'exit_location': 'cloud', 'confidence': 0.9999998807907104, 'executed_segments_by_node': {'device': [], 'edge': [], 'cloud': [0, 1, 2, 3, 4, 5, 6, 7, 8, 9, 10, 11, 12, 13, 14, 15, 16, 17, 18]}, 'nodes': [{'node': 'device', 'executed_segments': [], 'queue_s': 0.0, 'segment_compute_s': 0.0, 'exit_head_compute_s': 0.0, 'exit_check_s': 0.0, 'worker_elapsed_s': 3.618499613367021e-05}, {'node': 'edge', 'executed_segments': [], 'queue_s': 0.0021905999997215986, 'segment_compute_s': 0.0, 'exit_head_compute_s': 0.0, 'exit_check_s': 0.0, 'worker_elapsed_s': 0.0001602000002094428}, {'node': 'cloud', 'executed_segments': [0, 1, 2, 3, 4, 5, 6, 7, 8, 9, 10, 11, 12, 13, 14, 15, 16, 17, 18], 'queue_s': 0.002367763008805923, 'segment_compute_s': 0.01593357400270179, 'exit_head_compute_s': 0.0009934219997376204, 'exit_check_s': 0.0004446679959073663, 'worker_elapsed_s': 0.018703840003581718}], 'sample_id': 'balanced_009_0992_00009875', 'label': 9, 'correct': True, 'observed_utility': -0.932825424883049}",balanced_009_0992_00009875,9,9875,0.47968602180480957,2931975627208053355,0.3865650849766098,0.004945768977449916,0
0.0,0.01845482099452056,0.01845482099452056,3.176002064719796e-05,0.00010250000013911631,0.01845482099452056,0.1381910590039297,3.176002064719796e-05,0.38795095900422893,0.22340122099240034,0.00010250000013911631,0.2460961000001589,0.022694879007758573,0.003663800000140327,0.002699057004065253,0.38800425702356733,0.01852709599188529,1784947624.7109313,1784947623.98167,1784947624.23167,0.00041732698446139693,0.0009782179986359552,0.002699057004065253,0.015830062999157235,0.999987006187439,0.1381910590039297,ablate-cloud-only-resnet50-cifar10-pi5-r3-20260725-104648:v1,1,3.176002064719796e-05,unknown,0.22340122099240034,0.0,0.0,0.002437899999677029,0.0,"{'device': [], 'edge': [], 'cloud': [0, 1, 2, 3, 4, 5, 6, 7, 8, 9, 10, 11, 12, 13, 14, 15, 16, 17, 18]}",19,final,cloud,True,6,1.0,5.0,1.0,0.38800425702356733,-0.9400212851178367,6,370fa1b49c0a4932b9318be83b8c81fc,10,"{'device_compute': 3.176002064719796e-05, 'd2e_transport': 0.1381910590039297, 'edge_queue': 0.002437899999677029, 'edge_segment_compute': 0.0, 'edge_exit_head_compute': 0.0, 'edge_exit_check': 0.0, 'e2c_transport': 0.22340122099240034, 'cloud_queue': 0.002699057004065253, 'cloud_segment_compute': 0.015830062999157235, 'cloud_exit_head_compute': 0.0009782179986359552, 'cloud_exit_check': 0.00041732698446139693, 'total_latency': 0.38800425702356733, 'unattributed_overhead': 0.004017652020593232, 'request_id': '370fa1b49c0a4932b9318be83b8c81fc', 'user_id': 0, 'prediction': 6, 'exit_id': 'final', 'exit_boundary_id': 19, 'exit_location': 'cloud', 'confidence': 0.999987006187439, 'executed_segments_by_node': {'device': [], 'edge': [], 'cloud': [0, 1, 2, 3, 4, 5, 6, 7, 8, 9, 10, 11, 12, 13, 14, 15, 16, 17, 18]}, 'nodes': [{'node': 'device', 'executed_segments': [], 'queue_s': 0.0, 'segment_compute_s': 0.0, 'exit_head_compute_s': 0.0, 'exit_check_s': 0.0, 'worker_elapsed_s': 3.176002064719796e-05}, {'node': 'edge', 'executed_segments': [], 'queue_s': 0.002437899999677029, 'segment_compute_s': 0.0, 'exit_head_compute_s': 0.0, 'exit_check_s': 0.0, 'worker_elapsed_s': 0.00020870000025752233}, {'node': 'cloud', 'executed_segments': [0, 1, 2, 3, 4, 5, 6, 7, 8, 9, 10, 11, 12, 13, 14, 15, 16, 17, 18], 'queue_s': 0.002699057004065253, 'segment_compute_s': 0.015830062999157235, 'exit_head_compute_s': 0.0009782179986359552, 'exit_check_s': 0.00041732698446139693, 'worker_elapsed_s': 0.01852709599188529}], 'sample_id': 'balanced_006_0497_00005072', 'label': 6, 'correct': True, 'observed_utility': -0.9400212851178367}",balanced_006_0497_00005072,10,5072,0.4792613983154297,2931975627208053355,0.38800425702356733,0.004017652020593232,0
0.0,0.018695870006922632,0.018695870006922632,3.442601882852614e-05,0.00010370000018156134,0.018695870006922632,0.1539277539923205,3.442601882852614e-05,0.3829355539928656,0.20266485200818352,0.00010370000018156134,0.22520610000037777,0.022541247992194258,0.0038017000001673296,0.002403785998467356,0.38299281502258964,0.01876762500614859,1784947625.125489,1784947624.3936179,1784947624.6436179,0.0004366439825389534,0.0009962259937310591,0.002403785998467356,0.01602918899152428,0.6017484664916992,0.1539277539923205,ablate-cloud-only-resnet50-cifar10-pi5-r3-20260725-104648:v1,1,3.442601882852614e-05,unknown,0.20266485200818352,0.0,0.0,0.0025802000000112457,0.0,"{'device': [], 'edge': [], 'cloud': [0, 1, 2, 3, 4, 5, 6, 7, 8, 9, 10, 11, 12, 13, 14, 15, 16, 17, 18]}",19,final,cloud,False,3,1.0,5.0,0.0,0.38299281502258964,-1.9149640751129482,5,d387d1a7985d42528d7fb0025ab839a0,11,"{'device_compute': 3.442601882852614e-05, 'd2e_transport': 0.1539277539923205, 'edge_queue': 0.0025802000000112457, 'edge_segment_compute': 0.0, 'edge_exit_head_compute': 0.0, 'edge_exit_check': 0.0, 'e2c_transport': 0.20266485200818352, 'cloud_queue': 0.002403785998467356, 'cloud_segment_compute': 0.01602918899152428, 'cloud_exit_head_compute': 0.0009962259937310591, 'cloud_exit_check': 0.0004366439825389534, 'total_latency': 0.38299281502258964, 'unattributed_overhead': 0.003919738036984199, 'request_id': 'd387d1a7985d42528d7fb0025ab839a0', 'user_id': 0, 'prediction': 5, 'exit_id': 'final', 'exit_boundary_id': 19, 'exit_location': 'cloud', 'confidence': 0.6017484664916992, 'executed_segments_by_node': {'device': [], 'edge': [], 'cloud': [0, 1, 2, 3, 4, 5, 6, 7, 8, 9, 10, 11, 12, 13, 14, 15, 16, 17, 18]}, 'nodes': [{'node': 'device', 'executed_segments': [], 'queue_s': 0.0, 'segment_compute_s': 0.0, 'exit_head_compute_s': 0.0, 'exit_check_s': 0.0, 'worker_elapsed_s': 3.442601882852614e-05}, {'node': 'edge', 'executed_segments': [], 'queue_s': 0.0025802000000112457, 'segment_compute_s': 0.0, 'exit_head_compute_s': 0.0, 'exit_check_s': 0.0, 'worker_elapsed_s': 0.00020500000027823262}, {'node': 'cloud', 'executed_segments': [0, 1, 2, 3, 4, 5, 6, 7, 8, 9, 10, 11, 12, 13, 14, 15, 16, 17, 18], 'queue_s': 0.002403785998467356, 'segment_compute_s': 0.01602918899152428, 'exit_head_compute_s': 0.0009962259937310591, 'exit_check_s': 0.0004366439825389534, 'worker_elapsed_s': 0.01876762500614859}], 'sample_id': 'balanced_003_0742_00007400', 'label': 3, 'correct': False, 'observed_utility': -1.9149640751129482}",balanced_003_0742_00007400,11,7400,0.4818711280822754,2931975627208053355,0.38299281502258964,0.003919738036984199,0
0.0,0.018247404994326644,0.018247404994326644,4.4760003220289946e-05,4.540000009001233e-05,0.018247404994326644,0.13222385301696704,4.4760003220289946e-05,0.38268125301692635,0.22570356998812713,4.540000009001233e-05,0.24773719999984678,0.02203363001171965,0.002720200000112527,0.002315096993697807,0.38275460700970143,0.018316765999770723,1784947625.534557,1784947624.8039396,1784947625.0539396,0.0004017100000055507,0.0009351739718113095,0.002315096993697807,0.015699507988756523,0.9999992847442627,0.13222385301696704,ablate-cloud-only-resnet50-cifar10-pi5-r3-20260725-104648:v1,1,4.4760003220289946e-05,unknown,0.22570356998812713,0.0,0.0,0.0019081000000369386,0.0,"{'device': [], 'edge': [], 'cloud': [0, 1, 2, 3, 4, 5, 6, 7, 8, 9, 10, 11, 12, 13, 14, 15, 16, 17, 18]}",19,final,cloud,True,2,1.0,5.0,1.0,0.38275460700970143,-0.9137730350485072,2,f5fa2b05e9d84ace84fa43066b08dbba,12,"{'device_compute': 4.4760003220289946e-05, 'd2e_transport': 0.13222385301696704, 'edge_queue': 0.0019081000000369386, 'edge_segment_compute': 0.0, 'edge_exit_head_compute': 0.0, 'edge_exit_check': 0.0, 'e2c_transport': 0.22570356998812713, 'cloud_queue': 0.002315096993697807, 'cloud_segment_compute': 0.015699507988756523, 'cloud_exit_head_compute': 0.0009351739718113095, 'cloud_exit_check': 0.0004017100000055507, 'total_latency': 0.38275460700970143, 'unattributed_overhead': 0.0035228350470788428, 'request_id': 'f5fa2b05e9d84ace84fa43066b08dbba', 'user_id': 0, 'prediction': 2, 'exit_id': 'final', 'exit_boundary_id': 19, 'exit_location': 'cloud', 'confidence': 0.9999992847442627, 'executed_segments_by_node': {'device': [], 'edge': [], 'cloud': [0, 1, 2, 3, 4, 5, 6, 7, 8, 9, 10, 11, 12, 13, 14, 15, 16, 17, 18]}, 'nodes': [{'node': 'device', 'executed_segments': [], 'queue_s': 0.0, 'segment_compute_s': 0.0, 'exit_head_compute_s': 0.0, 'exit_check_s': 0.0, 'worker_elapsed_s': 4.4760003220289946e-05}, {'node': 'edge', 'executed_segments': [], 'queue_s': 0.0019081000000369386, 'segment_compute_s': 0.0, 'exit_head_compute_s': 0.0, 'exit_check_s': 0.0, 'worker_elapsed_s': 0.00010029999975813553}, {'node': 'cloud', 'executed_segments': [0, 1, 2, 3, 4, 5, 6, 7, 8, 9, 10, 11, 12, 13, 14, 15, 16, 17, 18], 'queue_s': 0.002315096993697807, 'segment_compute_s': 0.015699507988756523, 'exit_head_compute_s': 0.0009351739718113095, 'exit_check_s': 0.0004017100000055507, 'worker_elapsed_s': 0.018316765999770723}], 'sample_id': 'balanced_002_0760_00007586', 'label': 2, 'correct': True, 'observed_utility': -0.9137730350485072}",balanced_002_0760_00007586,12,7586,0.4806175231933594,2931975627208053355,0.38275460700970143,0.0035228350470788428,0
0.0,0.018739888997515664,0.018739888997515664,4.263001028448343e-05,9.950000003300374e-05,0.018739888997515664,0.1266590380209891,4.263001028448343e-05,0.38637243802077137,0.2337960309941991,9.950000003300374e-05,0.2561366999998427,0.022340669005643576,0.003576699999939592,0.002143032004823908,0.3864420870086178,0.01881419200799428,1784947625.9406118,1784947625.2116272,1784947625.4616272,0.0004318569990573451,0.0010324940085411072,0.002143032004823908,0.016034907996072434,0.9665685892105103,0.1266590380209891,ablate-cloud-only-resnet50-cifar10-pi5-r3-20260725-104648:v1,1,4.263001028448343e-05,unknown,0.2337960309941991,0.0,0.0,0.002323200000319048,0.0,"{'device': [], 'edge': [], 'cloud': [0, 1, 2, 3, 4, 5, 6, 7, 8, 9, 10, 11, 12, 13, 14, 15, 16, 17, 18]}",19,final,cloud,True,0,1.0,5.0,1.0,0.3864420870086178,-0.9322104350430891,0,3d4bbb472df1478cb42d7c11e402197f,13,"{'device_compute': 4.263001028448343e-05, 'd2e_transport': 0.1266590380209891, 'edge_queue': 0.002323200000319048, 'edge_segment_compute': 0.0, 'edge_exit_head_compute': 0.0, 'edge_exit_check': 0.0, 'e2c_transport': 0.2337960309941991, 'cloud_queue': 0.002143032004823908, 'cloud_segment_compute': 0.016034907996072434, 'cloud_exit_head_compute': 0.0010324940085411072, 'cloud_exit_check': 0.0004318569990573451, 'total_latency': 0.3864420870086178, 'unattributed_overhead': 0.003978896974331292, 'request_id': '3d4bbb472df1478cb42d7c11e402197f', 'user_id': 0, 'prediction': 0, 'exit_id': 'final', 'exit_boundary_id': 19, 'exit_location': 'cloud', 'confidence': 0.9665685892105103, 'executed_segments_by_node': {'device': [], 'edge': [], 'cloud': [0, 1, 2, 3, 4, 5, 6, 7, 8, 9, 10, 11, 12, 13, 14, 15, 16, 17, 18]}, 'nodes': [{'node': 'device', 'executed_segments': [], 'queue_s': 0.0, 'segment_compute_s': 0.0, 'exit_head_compute_s': 0.0, 'exit_check_s': 0.0, 'worker_elapsed_s': 4.263001028448343e-05}, {'node': 'edge', 'executed_segments': [], 'queue_s': 0.002323200000319048, 'segment_compute_s': 0.0, 'exit_head_compute_s': 0.0, 'exit_check_s': 0.0, 'worker_elapsed_s': 0.00019729999985429458}, {'node': 'cloud', 'executed_segments': [0, 1, 2, 3, 4, 5, 6, 7, 8, 9, 10, 11, 12, 13, 14, 15, 16, 17, 18], 'queue_s': 0.002143032004823908, 'segment_compute_s': 0.016034907996072434, 'exit_head_compute_s': 0.0010324940085411072, 'exit_check_s': 0.0004318569990573451, 'worker_elapsed_s': 0.01881419200799428}], 'sample_id': 'balanced_000_0326_00003294', 'label': 0, 'correct': True, 'observed_utility': -0.9322104350430891}",balanced_000_0326_00003294,13,3294,0.4789845943450928,2931975627208053355,0.3864420870086178,0.003978896974331292,0
0.0,0.021014818994444795,0.021014818994444795,4.6038010623306036e-05,8.66999998834217e-05,0.021014818994444795,0.13415799300855724,4.6038010623306036e-05,0.3743263930082321,0.21131872100386317,8.66999998834217e-05,0.23591170000008788,0.0245929789962247,0.004256699999586999,0.0021127530053490773,0.3744025609921664,0.02108339298865758,1784947626.3622234,1784947625.6323411,1784947625.8823411,0.00046867899072822183,0.000990807980997488,0.0021127530053490773,0.018292544002179056,0.9999842643737793,0.13415799300855724,ablate-cloud-only-resnet50-cifar10-pi5-r3-20260725-104648:v1,1,4.6038010623306036e-05,unknown,0.21131872100386317,0.0,0.0,0.0017652999999882013,0.0,"{'device': [], 'edge': [], 'cloud': [0, 1, 2, 3, 4, 5, 6, 7, 8, 9, 10, 11, 12, 13, 14, 15, 16, 17, 18]}",19,final,cloud,True,8,1.0,5.0,1.0,0.3744025609921664,-0.872012804960832,8,07f43675ae70486ebe6ab2bd73bc8295,14,"{'device_compute': 4.6038010623306036e-05, 'd2e_transport': 0.13415799300855724, 'edge_queue': 0.0017652999999882013, 'edge_segment_compute': 0.0, 'edge_exit_head_compute': 0.0, 'edge_exit_check': 0.0, 'e2c_transport': 0.21131872100386317, 'cloud_queue': 0.0021127530053490773, 'cloud_segment_compute': 0.018292544002179056, 'cloud_exit_head_compute': 0.000990807980997488, 'cloud_exit_check': 0.00046867899072822183, 'total_latency': 0.3744025609921664, 'unattributed_overhead': 0.005249724989880633, 'request_id': '07f43675ae70486ebe6ab2bd73bc8295', 'user_id': 0, 'prediction': 8, 'exit_id': 'final', 'exit_boundary_id': 19, 'exit_location': 'cloud', 'confidence': 0.9999842643737793, 'executed_segments_by_node': {'device': [], 'edge': [], 'cloud': [0, 1, 2, 3, 4, 5, 6, 7, 8, 9, 10, 11, 12, 13, 14, 15, 16, 17, 18]}, 'nodes': [{'node': 'device', 'executed_segments': [], 'queue_s': 0.0, 'segment_compute_s': 0.0, 'exit_head_compute_s': 0.0, 'exit_check_s': 0.0, 'worker_elapsed_s': 4.6038010623306036e-05}, {'node': 'edge', 'executed_segments': [], 'queue_s': 0.0017652999999882013, 'segment_compute_s': 0.0, 'exit_head_compute_s': 0.0, 'exit_check_s': 0.0, 'worker_elapsed_s': 0.0001700000002529123}, {'node': 'cloud', 'executed_segments': [0, 1, 2, 3, 4, 5, 6, 7, 8, 9, 10, 11, 12, 13, 14, 15, 16, 17, 18], 'queue_s': 0.0021127530053490773, 'segment_compute_s': 0.018292544002179056, 'exit_head_compute_s': 0.000990807980997488, 'exit_check_s': 0.00046867899072822183, 'worker_elapsed_s': 0.02108339298865758}], 'sample_id': 'balanced_008_0691_00007055', 'label': 8, 'correct': True, 'observed_utility': -0.872012804960832}",balanced_008_0691_00007055,14,7055,0.47988224029541016,2931975627208053355,0.3744025609921664,0.005249724989880633,0
0.0,0.01950217799458187,0.01950217799458187,4.142697434872389e-05,0.00010380000003351597,0.01950217799458187,0.14052736799249033,4.142697434872389e-05,0.3710257679922506,0.20427704800249558,0.00010380000003351597,0.22736529999974664,0.023088251997251064,0.0031331000000136555,0.002140990996849723,0.37109434299054556,0.019569369993405417,1784947626.778255,1784947626.0470107,1784947626.2970107,0.00041841500205919147,0.001003368030069396,0.002140990996849723,0.01683829101966694,0.9997281432151794,0.14052736799249033,ablate-cloud-only-resnet50-cifar10-pi5-r3-20260725-104648:v1,1,4.142697434872389e-05,unknown,0.20427704800249558,0.0,0.0,0.0018454999999448773,0.0,"{'device': [], 'edge': [], 'cloud': [0, 1, 2, 3, 4, 5, 6, 7, 8, 9, 10, 11, 12, 13, 14, 15, 16, 17, 18]}",19,final,cloud,True,4,1.0,5.0,1.0,0.37109434299054556,-0.8554717149527278,4,a8c5a55e4ef647888923b31c3822bdfc,15,"{'device_compute': 4.142697434872389e-05, 'd2e_transport': 0.14052736799249033, 'edge_queue': 0.0018454999999448773, 'edge_segment_compute': 0.0, 'edge_exit_head_compute': 0.0, 'edge_exit_check': 0.0, 'e2c_transport': 0.20427704800249558, 'cloud_queue': 0.002140990996849723, 'cloud_segment_compute': 0.01683829101966694, 'cloud_exit_head_compute': 0.001003368030069396, 'cloud_exit_check': 0.00041841500205919147, 'total_latency': 0.37109434299054556, 'unattributed_overhead': 0.004001934972620802, 'request_id': 'a8c5a55e4ef647888923b31c3822bdfc', 'user_id': 0, 'prediction': 4, 'exit_id': 'final', 'exit_boundary_id': 19, 'exit_location': 'cloud', 'confidence': 0.9997281432151794, 'executed_segments_by_node': {'device': [], 'edge': [], 'cloud': [0, 1, 2, 3, 4, 5, 6, 7, 8, 9, 10, 11, 12, 13, 14, 15, 16, 17, 18]}, 'nodes': [{'node': 'device', 'executed_segments': [], 'queue_s': 0.0, 'segment_compute_s': 0.0, 'exit_head_compute_s': 0.0, 'exit_check_s': 0.0, 'worker_elapsed_s': 4.142697434872389e-05}, {'node': 'edge', 'executed_segments': [], 'queue_s': 0.0018454999999448773, 'segment_compute_s': 0.0, 'exit_head_compute_s': 0.0, 'exit_check_s': 0.0, 'worker_elapsed_s': 0.00020399999993969686}, {'node': 'cloud', 'executed_segments': [0, 1, 2, 3, 4, 5, 6, 7, 8, 9, 10, 11, 12, 13, 14, 15, 16, 17, 18], 'queue_s': 0.002140990996849723, 'segment_compute_s': 0.01683829101966694, 'exit_head_compute_s': 0.001003368030069396, 'exit_check_s': 0.00041841500205919147, 'worker_elapsed_s': 0.019569369993405417}], 'sample_id': 'balanced_004_0690_00006634', 'label': 4, 'correct': True, 'observed_utility': -0.8554717149527278}",balanced_004_0690_00006634,15,6634,0.4812443256378174,2931975627208053355,0.37109434299054556,0.004001934972620802,0
0.0,0.018764257009024732,0.018764257009024732,4.716799594461918e-05,7.359999972322839e-05,0.018764257009024732,0.10556335000637773,4.716799594461918e-05,0.25938425000640564,0.12934947500889393,7.359999972322839e-05,0.15174999999999272,0.02240052499109879,0.0020709000000351807,0.0021669039997505024,0.25946175199351273,0.018839918993762694,1784947627.1980822,1784947626.4614162,1784947626.7114162,0.0004280590219423175,0.0009960760216927156,0.0021669039997505024,0.016094786013127305,0.99864262342453,0.10556335000637773,ablate-cloud-only-resnet50-cifar10-pi5-r3-20260725-104648:v1,1,4.716799594461918e-05,unknown,0.12934947500889393,0.0,0.0,0.0013559999997596606,0.0,"{'device': [], 'edge': [], 'cloud': [0, 1, 2, 3, 4, 5, 6, 7, 8, 9, 10, 11, 12, 13, 14, 15, 16, 17, 18]}",19,final,cloud,True,4,1.0,5.0,1.0,0.25946175199351273,-0.2973087599675637,4,937fd76e680f4bc29337d2e8a590b95b,16,"{'device_compute': 4.716799594461918e-05, 'd2e_transport': 0.10556335000637773, 'edge_queue': 0.0013559999997596606, 'edge_segment_compute': 0.0, 'edge_exit_head_compute': 0.0, 'edge_exit_check': 0.0, 'e2c_transport': 0.12934947500889393, 'cloud_queue': 0.0021669039997505024, 'cloud_segment_compute': 0.016094786013127305, 'cloud_exit_head_compute': 0.0009960760216927156, 'cloud_exit_check': 0.0004280590219423175, 'total_latency': 0.25946175199351273, 'unattributed_overhead': 0.0034599339260239503, 'request_id': '937fd76e680f4bc29337d2e8a590b95b', 'user_id': 0, 'prediction': 4, 'exit_id': 'final', 'exit_boundary_id': 19, 'exit_location': 'cloud', 'confidence': 0.99864262342453, 'executed_segments_by_node': {'device': [], 'edge': [], 'cloud': [0, 1, 2, 3, 4, 5, 6, 7, 8, 9, 10, 11, 12, 13, 14, 15, 16, 17, 18]}, 'nodes': [{'node': 'device', 'executed_segments': [], 'queue_s': 0.0, 'segment_compute_s': 0.0, 'exit_head_compute_s': 0.0, 'exit_check_s': 0.0, 'worker_elapsed_s': 4.716799594461918e-05}, {'node': 'edge', 'executed_segments': [], 'queue_s': 0.0013559999997596606, 'segment_compute_s': 0.0, 'exit_head_compute_s': 0.0, 'exit_check_s': 0.0, 'worker_elapsed_s': 0.00014349999992191442}, {'node': 'cloud', 'executed_segments': [0, 1, 2, 3, 4, 5, 6, 7, 8, 9, 10, 11, 12, 13, 14, 15, 16, 17, 18], 'queue_s': 0.0021669039997505024, 'segment_compute_s': 0.016094786013127305, 'exit_head_compute_s': 0.0009960760216927156, 'exit_check_s': 0.0004280590219423175, 'worker_elapsed_s': 0.018839918993762694}], 'sample_id': 'balanced_004_0035_00000458', 'label': 4, 'correct': True, 'observed_utility': -0.2973087599675637}",balanced_004_0035_00000458,16,458,0.4866659641265869,2931975627208053355,0.25946175199351273,0.0034599339260239503,0
0.0,0.01862292799341958,0.01862292799341958,4.5890017645433545e-05,7.330000016736449e-05,0.01862292799341958,0.10537414200234707,4.5890017645433545e-05,0.27906834200257435,0.1493659190073231,7.330000016736449e-05,0.17151689999991504,0.02215098099259194,0.0021773000003122434,0.0020985640003345907,0.2791430850047618,0.01869548999820836,1784947627.486175,1784947626.7551858,1784947627.0051858,0.00041325102210976183,0.0010000229958677664,0.0020985640003345907,0.015964873979100958,0.999649167060852,0.10537414200234707,ablate-cloud-only-resnet50-cifar10-pi5-r3-20260725-104648:v1,1,4.5890017645433545e-05,unknown,0.1493659190073231,0.0,0.0,0.001454200000353012,0.0,"{'device': [], 'edge': [], 'cloud': [0, 1, 2, 3, 4, 5, 6, 7, 8, 9, 10, 11, 12, 13, 14, 15, 16, 17, 18]}",19,final,cloud,True,5,1.0,5.0,1.0,0.2791430850047618,-0.3957154250238091,5,0d5ea8154bef45cd92951bda952497e1,17,"{'device_compute': 4.5890017645433545e-05, 'd2e_transport': 0.10537414200234707, 'edge_queue': 0.001454200000353012, 'edge_segment_compute': 0.0, 'edge_exit_head_compute': 0.0, 'edge_exit_check': 0.0, 'e2c_transport': 0.1493659190073231, 'cloud_queue': 0.0020985640003345907, 'cloud_segment_compute': 0.015964873979100958, 'cloud_exit_head_compute': 0.0010000229958677664, 'cloud_exit_check': 0.00041325102210976183, 'total_latency': 0.2791430850047618, 'unattributed_overhead': 0.003426221979680122, 'request_id': '0d5ea8154bef45cd92951bda952497e1', 'user_id': 0, 'prediction': 5, 'exit_id': 'final', 'exit_boundary_id': 19, 'exit_location': 'cloud', 'confidence': 0.999649167060852, 'executed_segments_by_node': {'device': [], 'edge': [], 'cloud': [0, 1, 2, 3, 4, 5, 6, 7, 8, 9, 10, 11, 12, 13, 14, 15, 16, 17, 18]}, 'nodes': [{'node': 'device', 'executed_segments': [], 'queue_s': 0.0, 'segment_compute_s': 0.0, 'exit_head_compute_s': 0.0, 'exit_check_s': 0.0, 'worker_elapsed_s': 4.5890017645433545e-05}, {'node': 'edge', 'executed_segments': [], 'queue_s': 0.001454200000353012, 'segment_compute_s': 0.0, 'exit_head_compute_s': 0.0, 'exit_check_s': 0.0, 'worker_elapsed_s': 0.00015489999987039482}, {'node': 'cloud', 'executed_segments': [0, 1, 2, 3, 4, 5, 6, 7, 8, 9, 10, 11, 12, 13, 14, 15, 16, 17, 18], 'queue_s': 0.0020985640003345907, 'segment_compute_s': 0.015964873979100958, 'exit_head_compute_s': 0.0010000229958677664, 'exit_check_s': 0.00041325102210976183, 'worker_elapsed_s': 0.01869548999820836}], 'sample_id': 'balanced_005_0334_00003420', 'label': 5, 'correct': True, 'observed_utility': -0.3957154250238091}",balanced_005_0334_00003420,17,3420,0.4809892177581787,2931975627208053355,0.2791430850047618,0.003426221979680122,0
0.0,0.018577064998680726,0.018577064998680726,4.618600360117853e-05,9.679999993750243e-05,0.018577064998680726,0.1478292230108309,4.618600360117853e-05,0.3820276230107993,0.20891518100916073,9.679999993750243e-05,0.23106090000010227,0.022145718990941532,0.0031374999998661224,0.0021343559928936884,0.38210275399615057,0.01864978700177744,1784947627.7923799,1784947627.0629845,1784947627.3129845,0.0004061370127601549,0.0009519120067125186,0.0021343559928936884,0.01596242203959264,0.9988001585006714,0.1478292230108309,ablate-cloud-only-resnet50-cifar10-pi5-r3-20260725-104648:v1,1,4.618600360117853e-05,unknown,0.20891518100916073,0.0,0.0,0.0019446000001153152,0.0,"{'device': [], 'edge': [], 'cloud': [0, 1, 2, 3, 4, 5, 6, 7, 8, 9, 10, 11, 12, 13, 14, 15, 16, 17, 18]}",19,final,cloud,True,2,1.0,5.0,1.0,0.38210275399615057,-0.9105137699807528,2,fa6afd061ece4e8f868821158aacbe97,18,"{'device_compute': 4.618600360117853e-05, 'd2e_transport': 0.1478292230108309, 'edge_queue': 0.0019446000001153152, 'edge_segment_compute': 0.0, 'edge_exit_head_compute': 0.0, 'edge_exit_check': 0.0, 'e2c_transport': 0.20891518100916073, 'cloud_queue': 0.0021343559928936884, 'cloud_segment_compute': 0.01596242203959264, 'cloud_exit_head_compute': 0.0009519120067125186, 'cloud_exit_check': 0.0004061370127601549, 'total_latency': 0.38210275399615057, 'unattributed_overhead': 0.0039127369204834395, 'request_id': 'fa6afd061ece4e8f868821158aacbe97', 'user_id': 0, 'prediction': 2, 'exit_id': 'final', 'exit_boundary_id': 19, 'exit_location': 'cloud', 'confidence': 0.9988001585006714, 'executed_segments_by_node': {'device': [], 'edge': [], 'cloud': [0, 1, 2, 3, 4, 5, 6, 7, 8, 9, 10, 11, 12, 13, 14, 15, 16, 17, 18]}, 'nodes': [{'node': 'device', 'executed_segments': [], 'queue_s': 0.0, 'segment_compute_s': 0.0, 'exit_head_compute_s': 0.0, 'exit_check_s': 0.0, 'worker_elapsed_s': 4.618600360117853e-05}, {'node': 'edge', 'executed_segments': [], 'queue_s': 0.0019446000001153152, 'segment_compute_s': 0.0, 'exit_head_compute_s': 0.0, 'exit_check_s': 0.0, 'worker_elapsed_s': 0.00019049999991693767}, {'node': 'cloud', 'executed_segments': [0, 1, 2, 3, 4, 5, 6, 7, 8, 9, 10, 11, 12, 13, 14, 15, 16, 17, 18], 'queue_s': 0.0021343559928936884, 'segment_compute_s': 0.01596242203959264, 'exit_head_compute_s': 0.0009519120067125186, 'exit_check_s': 0.0004061370127601549, 'worker_elapsed_s': 0.01864978700177744}], 'sample_id': 'balanced_002_0965_00009681', 'label': 2, 'correct': True, 'observed_utility': -0.9105137699807528}",balanced_002_0965_00009681,18,9681,0.47939538955688477,2931975627208053355,0.38210275399615057,0.0039127369204834395,0
0.0,0.018535555005655624,0.018535555005655624,4.672299837693572e-05,0.00010049999991679215,0.018535555005655624,0.11149816700071824,4.672299837693572e-05,0.36673706700094044,0.23008645500476632,0.00010049999991679215,0.2521652999998878,0.02207884499512147,0.003073600000334409,0.002112071990268305,0.3668138830107637,0.018607197009259835,1784947628.217396,1784947627.4847198,1784947627.7347198,0.0004435290029505268,0.0009679270006017759,0.002112071990268305,0.015887836998444982,0.9006630182266235,0.11149816700071824,ablate-cloud-only-resnet50-cifar10-pi5-r3-20260725-104648:v1,1,4.672299837693572e-05,unknown,0.23008645500476632,0.0,0.0,0.0017937000002348213,0.0,"{'device': [], 'edge': [], 'cloud': [0, 1, 2, 3, 4, 5, 6, 7, 8, 9, 10, 11, 12, 13, 14, 15, 16, 17, 18]}",19,final,cloud,False,7,1.0,5.0,0.0,0.3668138830107637,-1.8340694150538184,5,ff3c7fdfd84e4ff2b3351229a6ecf64b,19,"{'device_compute': 4.672299837693572e-05, 'd2e_transport': 0.11149816700071824, 'edge_queue': 0.0017937000002348213, 'edge_segment_compute': 0.0, 'edge_exit_head_compute': 0.0, 'edge_exit_check': 0.0, 'e2c_transport': 0.23008645500476632, 'cloud_queue': 0.002112071990268305, 'cloud_segment_compute': 0.015887836998444982, 'cloud_exit_head_compute': 0.0009679270006017759, 'cloud_exit_check': 0.0004435290029505268, 'total_latency': 0.3668138830107637, 'unattributed_overhead': 0.003977473014401767, 'request_id': 'ff3c7fdfd84e4ff2b3351229a6ecf64b', 'user_id': 0, 'prediction': 5, 'exit_id': 'final', 'exit_boundary_id': 19, 'exit_location': 'cloud', 'confidence': 0.9006630182266235, 'executed_segments_by_node': {'device': [], 'edge': [], 'cloud': [0, 1, 2, 3, 4, 5, 6, 7, 8, 9, 10, 11, 12, 13, 14, 15, 16, 17, 18]}, 'nodes': [{'node': 'device', 'executed_segments': [], 'queue_s': 0.0, 'segment_compute_s': 0.0, 'exit_head_compute_s': 0.0, 'exit_check_s': 0.0, 'worker_elapsed_s': 4.672299837693572e-05}, {'node': 'edge', 'executed_segments': [], 'queue_s': 0.0017937000002348213, 'segment_compute_s': 0.0, 'exit_head_compute_s': 0.0, 'exit_check_s': 0.0, 'worker_elapsed_s': 0.00020219999987602932}, {'node': 'cloud', 'executed_segments': [0, 1, 2, 3, 4, 5, 6, 7, 8, 9, 10, 11, 12, 13, 14, 15, 16, 17, 18], 'queue_s': 0.002112071990268305, 'segment_compute_s': 0.015887836998444982, 'exit_head_compute_s': 0.0009679270006017759, 'exit_check_s': 0.0004435290029505268, 'worker_elapsed_s': 0.018607197009259835}], 'sample_id': 'balanced_007_0492_00004990', 'label': 7, 'correct': False, 'observed_utility': -1.8340694150538184}",balanced_007_0492_00004990,19,4990,0.48267626762390137,2931975627208053355,0.3668138830107637,0.003977473014401767,0
0.0,0.018450800998834893,0.018450800998834893,4.850098048336804e-05,8.340000022144523e-05,0.018450800998834893,0.16018691600720558,4.850098048336804e-05,0.3766282160067931,0.19203229799632027,8.340000022144523e-05,0.21383139999988998,0.021799102003569715,0.002609899999697518,0.0018961259920615703,0.37670764297945425,0.018521656005759723,1784947628.616494,1784947627.8867936,1784947628.1367936,0.0004110129957552999,0.0009567489905748516,0.0018961259920615703,0.015859539023949765,0.9999994039535522,0.16018691600720558,ablate-cloud-only-resnet50-cifar10-pi5-r3-20260725-104648:v1,1,4.850098048336804e-05,unknown,0.19203229799632027,0.0,0.0,0.0015078999999786902,0.0,"{'device': [], 'edge': [], 'cloud': [0, 1, 2, 3, 4, 5, 6, 7, 8, 9, 10, 11, 12, 13, 14, 15, 16, 17, 18]}",19,final,cloud,True,0,1.0,5.0,1.0,0.37670764297945425,-0.8835382148972712,0,97c32602239a42afbf8deb2bf046b0d7,20,"{'device_compute': 4.850098048336804e-05, 'd2e_transport': 0.16018691600720558, 'edge_queue': 0.0015078999999786902, 'edge_segment_compute': 0.0, 'edge_exit_head_compute': 0.0, 'edge_exit_check': 0.0, 'e2c_transport': 0.19203229799632027, 'cloud_queue': 0.0018961259920615703, 'cloud_segment_compute': 0.015859539023949765, 'cloud_exit_head_compute': 0.0009567489905748516, 'cloud_exit_check': 0.0004110129957552999, 'total_latency': 0.37670764297945425, 'unattributed_overhead': 0.0038086009931248554, 'request_id': '97c32602239a42afbf8deb2bf046b0d7', 'user_id': 0, 'prediction': 0, 'exit_id': 'final', 'exit_boundary_id': 19, 'exit_location': 'cloud', 'confidence': 0.9999994039535522, 'executed_segments_by_node': {'device': [], 'edge': [], 'cloud': [0, 1, 2, 3, 4, 5, 6, 7, 8, 9, 10, 11, 12, 13, 14, 15, 16, 17, 18]}, 'nodes': [{'node': 'device', 'executed_segments': [], 'queue_s': 0.0, 'segment_compute_s': 0.0, 'exit_head_compute_s': 0.0, 'exit_check_s': 0.0, 'worker_elapsed_s': 4.850098048336804e-05}, {'node': 'edge', 'executed_segments': [], 'queue_s': 0.0015078999999786902, 'segment_compute_s': 0.0, 'exit_head_compute_s': 0.0, 'exit_check_s': 0.0, 'worker_elapsed_s': 0.0001650999997764302}, {'node': 'cloud', 'executed_segments': [0, 1, 2, 3, 4, 5, 6, 7, 8, 9, 10, 11, 12, 13, 14, 15, 16, 17, 18], 'queue_s': 0.0018961259920615703, 'segment_compute_s': 0.015859539023949765, 'exit_head_compute_s': 0.0009567489905748516, 'exit_check_s': 0.0004110129957552999, 'worker_elapsed_s': 0.018521656005759723}], 'sample_id': 'balanced_000_0787_00007836', 'label': 0, 'correct': True, 'observed_utility': -0.8835382148972712}",balanced_000_0787_00007836,20,7836,0.47970032691955566,2931975627208053355,0.37670764297945425,0.0038086009931248554,0
0.0,0.018646187003469095,0.018646187003469095,4.4760003220289946e-05,7.330000016736449e-05,0.018646187003469095,0.15152809400888145,4.4760003220289946e-05,0.37684279400855303,0.20081981799876303,7.330000016736449e-05,0.22311089999993783,0.0222910820011748,0.0022037999997337465,0.002138567011570558,0.37691688802442513,0.01872080699831713,1784947629.0265582,1784947628.2956605,1784947628.5456605,0.00042401601967867464,0.0009899080178001896,0.002138567011570558,0.015979800999048166,0.95379239320755,0.15152809400888145,ablate-cloud-only-resnet50-cifar10-pi5-r3-20260725-104648:v1,1,4.4760003220289946e-05,unknown,0.20081981799876303,0.0,0.0,0.0013122999998813611,0.0,"{'device': [], 'edge': [], 'cloud': [0, 1, 2, 3, 4, 5, 6, 7, 8, 9, 10, 11, 12, 13, 14, 15, 16, 17, 18]}",19,final,cloud,True,3,1.0,5.0,1.0,0.37691688802442513,-0.8845844401221257,3,41454b2e2c7a48e4878fd462f25b9909,21,"{'device_compute': 4.4760003220289946e-05, 'd2e_transport': 0.15152809400888145, 'edge_queue': 0.0013122999998813611, 'edge_segment_compute': 0.0, 'edge_exit_head_compute': 0.0, 'edge_exit_check': 0.0, 'e2c_transport': 0.20081981799876303, 'cloud_queue': 0.002138567011570558, 'cloud_segment_compute': 0.015979800999048166, 'cloud_exit_head_compute': 0.0009899080178001896, 'cloud_exit_check': 0.00042401601967867464, 'total_latency': 0.37691688802442513, 'unattributed_overhead': 0.0036796239655814134, 'request_id': '41454b2e2c7a48e4878fd462f25b9909', 'user_id': 0, 'prediction': 3, 'exit_id': 'final', 'exit_boundary_id': 19, 'exit_location': 'cloud', 'confidence': 0.95379239320755, 'executed_segments_by_node': {'device': [], 'edge': [], 'cloud': [0, 1, 2, 3, 4, 5, 6, 7, 8, 9, 10, 11, 12, 13, 14, 15, 16, 17, 18]}, 'nodes': [{'node': 'device', 'executed_segments': [], 'queue_s': 0.0, 'segment_compute_s': 0.0, 'exit_head_compute_s': 0.0, 'exit_check_s': 0.0, 'worker_elapsed_s': 4.4760003220289946e-05}, {'node': 'edge', 'executed_segments': [], 'queue_s': 0.0013122999998813611, 'segment_compute_s': 0.0, 'exit_head_compute_s': 0.0, 'exit_check_s': 0.0, 'worker_elapsed_s': 0.00014409999994313694}, {'node': 'cloud', 'executed_segments': [0, 1, 2, 3, 4, 5, 6, 7, 8, 9, 10, 11, 12, 13, 14, 15, 16, 17, 18], 'queue_s': 0.002138567011570558, 'segment_compute_s': 0.015979800999048166, 'exit_head_compute_s': 0.0009899080178001896, 'exit_check_s': 0.00042401601967867464, 'worker_elapsed_s': 0.01872080699831713}], 'sample_id': 'balanced_003_0444_00004547', 'label': 3, 'correct': True, 'observed_utility': -0.8845844401221257}",balanced_003_0444_00004547,21,4547,0.4808976650238037,2931975627208053355,0.37691688802442513,0.0036796239655814134,0
0.0,0.01844072599487845,0.01844072599487845,4.3759995605796576e-05,7.430000005115289e-05,0.01844072599487845,0.1468736809811162,4.3759995605796576e-05,0.37377118098083884,0.20227625500592694,7.430000005115289e-05,0.22439699999995355,0.02212074499402661,0.00250049999976909,0.0022230509930523112,0.3738448309886735,0.018506659005652182,1784947629.4396408,1784947628.7062674,1784947628.9562674,0.0004180029936833307,0.0009628440166125074,0.0022230509930523112,0.0158349300181726,0.6246869564056396,0.1468736809811162,ablate-cloud-only-resnet50-cifar10-pi5-r3-20260725-104648:v1,1,4.3759995605796576e-05,unknown,0.20227625500592694,0.0,0.0,0.0016454000001431268,0.0,"{'device': [], 'edge': [], 'cloud': [0, 1, 2, 3, 4, 5, 6, 7, 8, 9, 10, 11, 12, 13, 14, 15, 16, 17, 18]}",19,final,cloud,True,9,1.0,5.0,1.0,0.3738448309886735,-0.8692241549433675,9,fc266dc43b934899bd9263d2afb4db81,22,"{'device_compute': 4.3759995605796576e-05, 'd2e_transport': 0.1468736809811162, 'edge_queue': 0.0016454000001431268, 'edge_segment_compute': 0.0, 'edge_exit_head_compute': 0.0, 'edge_exit_check': 0.0, 'e2c_transport': 0.20227625500592694, 'cloud_queue': 0.0022230509930523112, 'cloud_segment_compute': 0.0158349300181726, 'cloud_exit_head_compute': 0.0009628440166125074, 'cloud_exit_check': 0.0004180029936833307, 'total_latency': 0.3738448309886735, 'unattributed_overhead': 0.003566906984360685, 'request_id': 'fc266dc43b934899bd9263d2afb4db81', 'user_id': 0, 'prediction': 9, 'exit_id': 'final', 'exit_boundary_id': 19, 'exit_location': 'cloud', 'confidence': 0.6246869564056396, 'executed_segments_by_node': {'device': [], 'edge': [], 'cloud': [0, 1, 2, 3, 4, 5, 6, 7, 8, 9, 10, 11, 12, 13, 14, 15, 16, 17, 18]}, 'nodes': [{'node': 'device', 'executed_segments': [], 'queue_s': 0.0, 'segment_compute_s': 0.0, 'exit_head_compute_s': 0.0, 'exit_check_s': 0.0, 'worker_elapsed_s': 4.3759995605796576e-05}, {'node': 'edge', 'executed_segments': [], 'queue_s': 0.0016454000001431268, 'segment_compute_s': 0.0, 'exit_head_compute_s': 0.0, 'exit_check_s': 0.0, 'worker_elapsed_s': 0.00014669999973193626}, {'node': 'cloud', 'executed_segments': [0, 1, 2, 3, 4, 5, 6, 7, 8, 9, 10, 11, 12, 13, 14, 15, 16, 17, 18], 'queue_s': 0.0022230509930523112, 'segment_compute_s': 0.0158349300181726, 'exit_head_compute_s': 0.0009628440166125074, 'exit_check_s': 0.0004180029936833307, 'worker_elapsed_s': 0.018506659005652182}], 'sample_id': 'balanced_009_0712_00007232', 'label': 9, 'correct': True, 'observed_utility': -0.8692241549433675}",balanced_009_0712_00007232,22,7232,0.48337340354919434,2931975627208053355,0.3738448309886735,0.003566906984360685,0
0.0,0.018594189998111688,0.018594189998111688,3.3796997740864754e-05,0.00012409999999363208,0.018594189998111688,0.152860700005931,3.3796997740864754e-05,0.41138400000636466,0.22844599499694596,0.00012409999999363208,0.250597000000198,0.022151005003252067,0.007926300000235642,0.0021088200010126457,0.4114418899989687,0.01865962299052626,1784947629.9139788,1784947629.1357596,1784947629.3857596,0.00043527800880838186,0.0009438809793209657,0.0021088200010126457,0.015999108989490196,0.999862790107727,0.152860700005931,ablate-cloud-only-resnet50-cifar10-pi5-r3-20260725-104648:v1,1,3.3796997740864754e-05,unknown,0.22844599499694596,0.0,0.0,0.0022641999998995743,0.0,"{'device': [], 'edge': [], 'cloud': [0, 1, 2, 3, 4, 5, 6, 7, 8, 9, 10, 11, 12, 13, 14, 15, 16, 17, 18]}",19,final,cloud,True,6,1.0,5.0,1.0,0.4114418899989687,-1.0572094499948435,6,75330d9c505548c2ba4e9d624172b6f5,23,"{'device_compute': 3.3796997740864754e-05, 'd2e_transport': 0.152860700005931, 'edge_queue': 0.0022641999998995743, 'edge_segment_compute': 0.0, 'edge_exit_head_compute': 0.0, 'edge_exit_check': 0.0, 'e2c_transport': 0.22844599499694596, 'cloud_queue': 0.0021088200010126457, 'cloud_segment_compute': 0.015999108989490196, 'cloud_exit_head_compute': 0.0009438809793209657, 'cloud_exit_check': 0.00043527800880838186, 'total_latency': 0.4114418899989687, 'unattributed_overhead': 0.008350110019819112, 'request_id': '75330d9c505548c2ba4e9d624172b6f5', 'user_id': 0, 'prediction': 6, 'exit_id': 'final', 'exit_boundary_id': 19, 'exit_location': 'cloud', 'confidence': 0.999862790107727, 'executed_segments_by_node': {'device': [], 'edge': [], 'cloud': [0, 1, 2, 3, 4, 5, 6, 7, 8, 9, 10, 11, 12, 13, 14, 15, 16, 17, 18]}, 'nodes': [{'node': 'device', 'executed_segments': [], 'queue_s': 0.0, 'segment_compute_s': 0.0, 'exit_head_compute_s': 0.0, 'exit_check_s': 0.0, 'worker_elapsed_s': 3.3796997740864754e-05}, {'node': 'edge', 'executed_segments': [], 'queue_s': 0.0022641999998995743, 'segment_compute_s': 0.0, 'exit_head_compute_s': 0.0, 'exit_check_s': 0.0, 'worker_elapsed_s': 0.00023420000024998444}, {'node': 'cloud', 'executed_segments': [0, 1, 2, 3, 4, 5, 6, 7, 8, 9, 10, 11, 12, 13, 14, 15, 16, 17, 18], 'queue_s': 0.0021088200010126457, 'segment_compute_s': 0.015999108989490196, 'exit_head_compute_s': 0.0009438809793209657, 'exit_check_s': 0.00043527800880838186, 'worker_elapsed_s': 0.01865962299052626}], 'sample_id': 'balanced_006_0449_00004648', 'label': 6, 'correct': True, 'observed_utility': -1.0572094499948435}",balanced_006_0449_00004648,23,4648,0.5282192230224609,2931975627208053355,0.4114418899989687,0.008350110019819112,0
0.0,0.018763330997899175,0.018763330997899175,3.5075005143880844e-05,9.490000002188026e-05,0.018763330997899175,0.14372278699602248,3.5075005143880844e-05,0.47082608699565753,0.30224070499616573,9.490000002188026e-05,0.3246225999996568,0.02238189500349108,0.002480699999978242,0.0022003870108164847,0.4708830140007194,0.018838774994947016,1784947630.366727,1784947629.6309152,1784947629.8809152,0.00042482199205551296,0.0010120540100615472,0.0022003870108164847,0.016046979988459498,0.9999641180038452,0.14372278699602248,ablate-cloud-only-resnet50-cifar10-pi5-r3-20260725-104648:v1,1,3.5075005143880844e-05,unknown,0.30224070499616573,0.0,0.0,0.0016790000004220929,0.0,"{'device': [], 'edge': [], 'cloud': [0, 1, 2, 3, 4, 5, 6, 7, 8, 9, 10, 11, 12, 13, 14, 15, 16, 17, 18]}",19,final,cloud,True,9,1.0,5.0,1.0,0.4708830140007194,-1.354415070003597,9,3a4fb32cabd54c18a14056efaac3b11a,24,"{'device_compute': 3.5075005143880844e-05, 'd2e_transport': 0.14372278699602248, 'edge_queue': 0.0016790000004220929, 'edge_segment_compute': 0.0, 'edge_exit_head_compute': 0.0, 'edge_exit_check': 0.0, 'e2c_transport': 0.30224070499616573, 'cloud_queue': 0.0022003870108164847, 'cloud_segment_compute': 0.016046979988459498, 'cloud_exit_head_compute': 0.0010120540100615472, 'cloud_exit_check': 0.00042482199205551296, 'total_latency': 0.4708830140007194, 'unattributed_overhead': 0.003521204001572187, 'request_id': '3a4fb32cabd54c18a14056efaac3b11a', 'user_id': 0, 'prediction': 9, 'exit_id': 'final', 'exit_boundary_id': 19, 'exit_location': 'cloud', 'confidence': 0.9999641180038452, 'executed_segments_by_node': {'device': [], 'edge': [], 'cloud': [0, 1, 2, 3, 4, 5, 6, 7, 8, 9, 10, 11, 12, 13, 14, 15, 16, 17, 18]}, 'nodes': [{'node': 'device', 'executed_segments': [], 'queue_s': 0.0, 'segment_compute_s': 0.0, 'exit_head_compute_s': 0.0, 'exit_check_s': 0.0, 'worker_elapsed_s': 3.5075005143880844e-05}, {'node': 'edge', 'executed_segments': [], 'queue_s': 0.0016790000004220929, 'segment_compute_s': 0.0, 'exit_head_compute_s': 0.0, 'exit_check_s': 0.0, 'worker_elapsed_s': 0.0001922999999806052}, {'node': 'cloud', 'executed_segments': [0, 1, 2, 3, 4, 5, 6, 7, 8, 9, 10, 11, 12, 13, 14, 15, 16, 17, 18], 'queue_s': 0.0022003870108164847, 'segment_compute_s': 0.016046979988459498, 'exit_head_compute_s': 0.0010120540100615472, 'exit_check_s': 0.00042482199205551296, 'worker_elapsed_s': 0.018838774994947016}], 'sample_id': 'balanced_009_0867_00008864', 'label': 9, 'correct': True, 'observed_utility': -1.354415070003597}",balanced_009_0867_00008864,24,8864,0.4858119487762451,2931975627208053355,0.4708830140007194,0.003521204001572187,0
0.0,0.01834140699065756,0.01834140699065756,4.675998934544623e-05,7.270000014614197e-05,0.01834140699065756,0.11420887697931903,4.675998934544623e-05,0.3855835769791156,0.2469902829975581,7.270000014614197e-05,0.2688709999997627,0.02188071700220462,0.0025037000000338594,0.002123269994626753,0.3856550229829736,0.018410470001981594,1784947630.861323,1784947630.130738,1784947630.380738,0.0004008170071756467,0.0009473289974266663,0.002123269994626753,0.015781441019498743,0.9996620416641235,0.11420887697931903,ablate-cloud-only-resnet50-cifar10-pi5-r3-20260725-104648:v1,1,4.675998934544623e-05,unknown,0.2469902829975581,0.0,0.0,0.0014839000000392844,0.0,"{'device': [], 'edge': [], 'cloud': [0, 1, 2, 3, 4, 5, 6, 7, 8, 9, 10, 11, 12, 13, 14, 15, 16, 17, 18]}",19,final,cloud,True,7,1.0,5.0,1.0,0.3856550229829736,-0.928275114914868,7,463a90cf549f4aa8a054391913694cbb,25,"{'device_compute': 4.675998934544623e-05, 'd2e_transport': 0.11420887697931903, 'edge_queue': 0.0014839000000392844, 'edge_segment_compute': 0.0, 'edge_exit_head_compute': 0.0, 'edge_exit_check': 0.0, 'e2c_transport': 0.2469902829975581, 'cloud_queue': 0.002123269994626753, 'cloud_segment_compute': 0.015781441019498743, 'cloud_exit_head_compute': 0.0009473289974266663, 'cloud_exit_check': 0.0004008170071756467, 'total_latency': 0.3856550229829736, 'unattributed_overhead': 0.003672345997983939, 'request_id': '463a90cf549f4aa8a054391913694cbb', 'user_id': 0, 'prediction': 7, 'exit_id': 'final', 'exit_boundary_id': 19, 'exit_location': 'cloud', 'confidence': 0.9996620416641235, 'executed_segments_by_node': {'device': [], 'edge': [], 'cloud': [0, 1, 2, 3, 4, 5, 6, 7, 8, 9, 10, 11, 12, 13, 14, 15, 16, 17, 18]}, 'nodes': [{'node': 'device', 'executed_segments': [], 'queue_s': 0.0, 'segment_compute_s': 0.0, 'exit_head_compute_s': 0.0, 'exit_check_s': 0.0, 'worker_elapsed_s': 4.675998934544623e-05}, {'node': 'edge', 'executed_segments': [], 'queue_s': 0.0014839000000392844, 'segment_compute_s': 0.0, 'exit_head_compute_s': 0.0, 'exit_check_s': 0.0, 'worker_elapsed_s': 0.00014540000029228395}, {'node': 'cloud', 'executed_segments': [0, 1, 2, 3, 4, 5, 6, 7, 8, 9, 10, 11, 12, 13, 14, 15, 16, 17, 18], 'queue_s': 0.002123269994626753, 'segment_compute_s': 0.015781441019498743, 'exit_head_compute_s': 0.0009473289974266663, 'exit_check_s': 0.0004008170071756467, 'worker_elapsed_s': 0.018410470001981594}], 'sample_id': 'balanced_007_0735_00007288', 'label': 7, 'correct': True, 'observed_utility': -0.928275114914868}",balanced_007_0735_00007288,25,7288,0.48058509826660156,2931975627208053355,0.3856550229829736,0.003672345997983939,0
0.0,0.018584735007607378,0.018584735007607378,3.5648990888148546e-05,8.479999996779952e-05,0.018584735007607378,0.18090506899170578,3.5648990888148546e-05,0.39961686899187043,0.1934747630007223,8.479999996779952e-05,0.21560809999982666,0.022133336999104358,0.0031037000003379944,0.0021217330067884177,0.3996755919943098,0.01866113199503161,1784947631.2819452,1784947630.5508182,1784947630.8008182,0.0004219060065224767,0.001009089988656342,0.0021217330067884177,0.015914557996438816,0.9833294153213501,0.18090506899170578,ablate-cloud-only-resnet50-cifar10-pi5-r3-20260725-104648:v1,1,3.5648990888148546e-05,unknown,0.1934747630007223,0.0,0.0,0.002197599999817612,0.0,"{'device': [], 'edge': [], 'cloud': [0, 1, 2, 3, 4, 5, 6, 7, 8, 9, 10, 11, 12, 13, 14, 15, 16, 17, 18]}",19,final,cloud,False,8,1.0,5.0,0.0,0.3996755919943098,-1.998377959971549,0,194b922b9205431cbc80159195315ef2,26,"{'device_compute': 3.5648990888148546e-05, 'd2e_transport': 0.18090506899170578, 'edge_queue': 0.002197599999817612, 'edge_segment_compute': 0.0, 'edge_exit_head_compute': 0.0, 'edge_exit_check': 0.0, 'e2c_transport': 0.1934747630007223, 'cloud_queue': 0.0021217330067884177, 'cloud_segment_compute': 0.015914557996438816, 'cloud_exit_head_compute': 0.001009089988656342, 'cloud_exit_check': 0.0004219060065224767, 'total_latency': 0.3996755919943098, 'unattributed_overhead': 0.0035952240127699042, 'request_id': '194b922b9205431cbc80159195315ef2', 'user_id': 0, 'prediction': 0, 'exit_id': 'final', 'exit_boundary_id': 19, 'exit_location': 'cloud', 'confidence': 0.9833294153213501, 'executed_segments_by_node': {'device': [], 'edge': [], 'cloud': [0, 1, 2, 3, 4, 5, 6, 7, 8, 9, 10, 11, 12, 13, 14, 15, 16, 17, 18]}, 'nodes': [{'node': 'device', 'executed_segments': [], 'queue_s': 0.0, 'segment_compute_s': 0.0, 'exit_head_compute_s': 0.0, 'exit_check_s': 0.0, 'worker_elapsed_s': 3.5648990888148546e-05}, {'node': 'edge', 'executed_segments': [], 'queue_s': 0.002197599999817612, 'segment_compute_s': 0.0, 'exit_head_compute_s': 0.0, 'exit_check_s': 0.0, 'worker_elapsed_s': 0.00016210000012506498}, {'node': 'cloud', 'executed_segments': [0, 1, 2, 3, 4, 5, 6, 7, 8, 9, 10, 11, 12, 13, 14, 15, 16, 17, 18], 'queue_s': 0.0021217330067884177, 'segment_compute_s': 0.015914557996438816, 'exit_head_compute_s': 0.001009089988656342, 'exit_check_s': 0.0004219060065224767, 'worker_elapsed_s': 0.01866113199503161}], 'sample_id': 'balanced_008_0462_00004494', 'label': 8, 'correct': False, 'observed_utility': -1.998377959971549}",balanced_008_0462_00004494,26,4494,0.4811270236968994,2931975627208053355,0.3996755919943098,0.0035952240127699042,0
0.0,0.018496133998269215,0.018496133998269215,3.6129989894106984e-05,0.00010229999998045969,0.018496133998269215,0.15553613498605046,3.6129989894106984e-05,0.2645743349858094,0.08343754999123121,0.00010229999998045969,0.1053913000000648,0.021953750008833595,0.003646899999694142,0.002010548996622674,0.26463383599184453,0.01856446301098913,1784947631.7044518,1784947630.9727807,1784947631.2227807,0.000402612000470981,0.0009563740313751623,0.002010548996622674,0.01588949401048012,0.9999905824661255,0.15553613498605046,ablate-cloud-only-resnet50-cifar10-pi5-r3-20260725-104648:v1,1,3.6129989894106984e-05,unknown,0.08343754999123121,0.0,0.0,0.002269899999646441,0.0,"{'device': [], 'edge': [], 'cloud': [0, 1, 2, 3, 4, 5, 6, 7, 8, 9, 10, 11, 12, 13, 14, 15, 16, 17, 18]}",19,final,cloud,True,9,1.0,5.0,1.0,0.26463383599184453,-0.3231691799592227,9,e38aa0ea5d904ee1aaa753128d351b7b,27,"{'device_compute': 3.6129989894106984e-05, 'd2e_transport': 0.15553613498605046, 'edge_queue': 0.002269899999646441, 'edge_segment_compute': 0.0, 'edge_exit_head_compute': 0.0, 'edge_exit_check': 0.0, 'e2c_transport': 0.08343754999123121, 'cloud_queue': 0.002010548996622674, 'cloud_segment_compute': 0.01588949401048012, 'cloud_exit_head_compute': 0.0009563740313751623, 'cloud_exit_check': 0.000402612000470981, 'total_latency': 0.26463383599184453, 'unattributed_overhead': 0.004095091986073385, 'request_id': 'e38aa0ea5d904ee1aaa753128d351b7b', 'user_id': 0, 'prediction': 9, 'exit_id': 'final', 'exit_boundary_id': 19, 'exit_location': 'cloud', 'confidence': 0.9999905824661255, 'executed_segments_by_node': {'device': [], 'edge': [], 'cloud': [0, 1, 2, 3, 4, 5, 6, 7, 8, 9, 10, 11, 12, 13, 14, 15, 16, 17, 18]}, 'nodes': [{'node': 'device', 'executed_segments': [], 'queue_s': 0.0, 'segment_compute_s': 0.0, 'exit_head_compute_s': 0.0, 'exit_check_s': 0.0, 'worker_elapsed_s': 3.6129989894106984e-05}, {'node': 'edge', 'executed_segments': [], 'queue_s': 0.002269899999646441, 'segment_compute_s': 0.0, 'exit_head_compute_s': 0.0, 'exit_check_s': 0.0, 'worker_elapsed_s': 0.00024980000034702243}, {'node': 'cloud', 'executed_segments': [0, 1, 2, 3, 4, 5, 6, 7, 8, 9, 10, 11, 12, 13, 14, 15, 16, 17, 18], 'queue_s': 0.002010548996622674, 'segment_compute_s': 0.01588949401048012, 'exit_head_compute_s': 0.0009563740313751623, 'exit_check_s': 0.000402612000470981, 'worker_elapsed_s': 0.01856446301098913}], 'sample_id': 'balanced_009_0066_00000568', 'label': 9, 'correct': True, 'observed_utility': -0.3231691799592227}",balanced_009_0066_00000568,27,568,0.4816710948944092,2931975627208053355,0.26463383599184453,0.004095091986073385,0
0.0,0.018685009999899194,0.018685009999899194,3.3907999750226736e-05,7.389999973383965e-05,0.018685009999899194,0.12258161900990672,3.3907999750226736e-05,0.3736362190102227,0.22527269500460534,7.389999973383965e-05,0.24751060000016878,0.02223790499556344,0.003544000000147207,0.002116181989549659,0.37369322098675184,0.01875734700297471,1784947631.9979053,1784947631.2682803,1784947631.5182803,0.00042146799387410283,0.0009841949940891936,0.002116181989549659,0.016039248992456123,0.9969678521156311,0.12258161900990672,ablate-cloud-only-resnet50-cifar10-pi5-r3-20260725-104648:v1,1,3.3907999750226736e-05,unknown,0.22527269500460534,0.0,0.0,0.002320699999927456,0.0,"{'device': [], 'edge': [], 'cloud': [0, 1, 2, 3, 4, 5, 6, 7, 8, 9, 10, 11, 12, 13, 14, 15, 16, 17, 18]}",19,final,cloud,True,7,1.0,5.0,1.0,0.37369322098675184,-0.8684661049337592,7,72b65e055d844e748bb6dd4dcda156c4,28,"{'device_compute': 3.3907999750226736e-05, 'd2e_transport': 0.12258161900990672, 'edge_queue': 0.002320699999927456, 'edge_segment_compute': 0.0, 'edge_exit_head_compute': 0.0, 'edge_exit_check': 0.0, 'e2c_transport': 0.22527269500460534, 'cloud_queue': 0.002116181989549659, 'cloud_segment_compute': 0.016039248992456123, 'cloud_exit_head_compute': 0.0009841949940891936, 'cloud_exit_check': 0.00042146799387410283, 'total_latency': 0.37369322098675184, 'unattributed_overhead': 0.003923205002593022, 'request_id': '72b65e055d844e748bb6dd4dcda156c4', 'user_id': 0, 'prediction': 7, 'exit_id': 'final', 'exit_boundary_id': 19, 'exit_location': 'cloud', 'confidence': 0.9969678521156311, 'executed_segments_by_node': {'device': [], 'edge': [], 'cloud': [0, 1, 2, 3, 4, 5, 6, 7, 8, 9, 10, 11, 12, 13, 14, 15, 16, 17, 18]}, 'nodes': [{'node': 'device', 'executed_segments': [], 'queue_s': 0.0, 'segment_compute_s': 0.0, 'exit_head_compute_s': 0.0, 'exit_check_s': 0.0, 'worker_elapsed_s': 3.3907999750226736e-05}, {'node': 'edge', 'executed_segments': [], 'queue_s': 0.002320699999927456, 'segment_compute_s': 0.0, 'exit_head_compute_s': 0.0, 'exit_check_s': 0.0, 'worker_elapsed_s': 0.0001594999998815183}, {'node': 'cloud', 'executed_segments': [0, 1, 2, 3, 4, 5, 6, 7, 8, 9, 10, 11, 12, 13, 14, 15, 16, 17, 18], 'queue_s': 0.002116181989549659, 'segment_compute_s': 0.016039248992456123, 'exit_head_compute_s': 0.0009841949940891936, 'exit_check_s': 0.00042146799387410283, 'worker_elapsed_s': 0.01875734700297471}], 'sample_id': 'balanced_007_0870_00008737', 'label': 7, 'correct': True, 'observed_utility': -0.8684661049337592}",balanced_007_0870_00008737,28,8737,0.47962498664855957,2931975627208053355,0.37369322098675184,0.003923205002593022,0
0.0,0.01836879100301303,0.01836879100301303,4.425999941304326e-05,7.909999976618565e-05,0.01836879100301303,0.11817955199558128,4.425999941304326e-05,0.30739195199566893,0.16487098499510466,7.909999976618565e-05,0.1867818000000625,0.02191081500495784,0.0024306000000251515,0.00209207899752073,0.3074625449953601,0.01843616100086365,1784947632.398186,1784947631.668893,1784947631.918893,0.00040124500810634345,0.0009861520084086806,0.00209207899752073,0.015769309029565193,0.9999995231628418,0.11817955199558128,ablate-cloud-only-resnet50-cifar10-pi5-r3-20260725-104648:v1,1,4.425999941304326e-05,unknown,0.16487098499510466,0.0,0.0,0.0015064999997775885,0.0,"{'device': [], 'edge': [], 'cloud': [0, 1, 2, 3, 4, 5, 6, 7, 8, 9, 10, 11, 12, 13, 14, 15, 16, 17, 18]}",19,final,cloud,True,2,1.0,5.0,1.0,0.3074625449953601,-0.5373127249768004,2,5d830acd75b4478081721ba691cf3acf,29,"{'device_compute': 4.425999941304326e-05, 'd2e_transport': 0.11817955199558128, 'edge_queue': 0.0015064999997775885, 'edge_segment_compute': 0.0, 'edge_exit_head_compute': 0.0, 'edge_exit_check': 0.0, 'e2c_transport': 0.16487098499510466, 'cloud_queue': 0.00209207899752073, 'cloud_segment_compute': 0.015769309029565193, 'cloud_exit_head_compute': 0.0009861520084086806, 'cloud_exit_check': 0.00040124500810634345, 'total_latency': 0.3074625449953601, 'unattributed_overhead': 0.0036124629618825566, 'request_id': '5d830acd75b4478081721ba691cf3acf', 'user_id': 0, 'prediction': 2, 'exit_id': 'final', 'exit_boundary_id': 19, 'exit_location': 'cloud', 'confidence': 0.9999995231628418, 'executed_segments_by_node': {'device': [], 'edge': [], 'cloud': [0, 1, 2, 3, 4, 5, 6, 7, 8, 9, 10, 11, 12, 13, 14, 15, 16, 17, 18]}, 'nodes': [{'node': 'device', 'executed_segments': [], 'queue_s': 0.0, 'segment_compute_s': 0.0, 'exit_head_compute_s': 0.0, 'exit_check_s': 0.0, 'worker_elapsed_s': 4.425999941304326e-05}, {'node': 'edge', 'executed_segments': [], 'queue_s': 0.0015064999997775885, 'segment_compute_s': 0.0, 'exit_head_compute_s': 0.0, 'exit_check_s': 0.0, 'worker_elapsed_s': 0.00015990000019883155}, {'node': 'cloud', 'executed_segments': [0, 1, 2, 3, 4, 5, 6, 7, 8, 9, 10, 11, 12, 13, 14, 15, 16, 17, 18], 'queue_s': 0.00209207899752073, 'segment_compute_s': 0.015769309029565193, 'exit_head_compute_s': 0.0009861520084086806, 'exit_check_s': 0.00040124500810634345, 'worker_elapsed_s': 0.01843616100086365}], 'sample_id': 'balanced_002_0377_00003598', 'label': 2, 'correct': True, 'observed_utility': -0.5373127249768004}",balanced_002_0377_00003598,29,3598,0.4792928695678711,2931975627208053355,0.3074625449953601,0.0036124629618825566,0
0.0,0.018585523997899145,0.018585523997899145,3.4814991522580385e-05,0.00011740000036297715,0.018585523997899145,0.1592363149902667,3.4814991522580385e-05,0.36682851499062963,0.18021083900657686,0.00011740000036297715,0.20248160000028292,0.022270760993706062,0.005110600000080012,0.0022392930113710463,0.3668871450063307,0.018662647999008186,1784947632.7286549,1784947631.9984453,1784947632.2484453,0.00042780399962794036,0.0010233890207018703,0.0022392930113710463,0.015871155992499553,0.9999783039093018,0.1592363149902667,ablate-cloud-only-resnet50-cifar10-pi5-r3-20260725-104648:v1,1,3.4814991522580385e-05,unknown,0.18021083900657686,0.0,0.0,0.0036439999998947314,0.0,"{'device': [], 'edge': [], 'cloud': [0, 1, 2, 3, 4, 5, 6, 7, 8, 9, 10, 11, 12, 13, 14, 15, 16, 17, 18]}",19,final,cloud,True,7,1.0,5.0,1.0,0.3668871450063307,-0.8344357250316534,7,5a1da6aca0f74a39b5b748395d0a1f7e,30,"{'device_compute': 3.4814991522580385e-05, 'd2e_transport': 0.1592363149902667, 'edge_queue': 0.0036439999998947314, 'edge_segment_compute': 0.0, 'edge_exit_head_compute': 0.0, 'edge_exit_check': 0.0, 'e2c_transport': 0.18021083900657686, 'cloud_queue': 0.0022392930113710463, 'cloud_segment_compute': 0.015871155992499553, 'cloud_exit_head_compute': 0.0010233890207018703, 'cloud_exit_check': 0.00042780399962794036, 'total_latency': 0.3668871450063307, 'unattributed_overhead': 0.004199533993869409, 'request_id': '5a1da6aca0f74a39b5b748395d0a1f7e', 'user_id': 0, 'prediction': 7, 'exit_id': 'final', 'exit_boundary_id': 19, 'exit_location': 'cloud', 'confidence': 0.9999783039093018, 'executed_segments_by_node': {'device': [], 'edge': [], 'cloud': [0, 1, 2, 3, 4, 5, 6, 7, 8, 9, 10, 11, 12, 13, 14, 15, 16, 17, 18]}, 'nodes': [{'node': 'device', 'executed_segments': [], 'queue_s': 0.0, 'segment_compute_s': 0.0, 'exit_head_compute_s': 0.0, 'exit_check_s': 0.0, 'worker_elapsed_s': 3.4814991522580385e-05}, {'node': 'edge', 'executed_segments': [], 'queue_s': 0.0036439999998947314, 'segment_compute_s': 0.0, 'exit_head_compute_s': 0.0, 'exit_check_s': 0.0, 'worker_elapsed_s': 0.0002293000002282497}, {'node': 'cloud', 'executed_segments': [0, 1, 2, 3, 4, 5, 6, 7, 8, 9, 10, 11, 12, 13, 14, 15, 16, 17, 18], 'queue_s': 0.0022392930113710463, 'segment_compute_s': 0.015871155992499553, 'exit_head_compute_s': 0.0010233890207018703, 'exit_check_s': 0.00042780399962794036, 'worker_elapsed_s': 0.018662647999008186}], 'sample_id': 'balanced_007_0270_00002824', 'label': 7, 'correct': True, 'observed_utility': -0.8344357250316534}",balanced_007_0270_00002824,30,2824,0.4802095890045166,2931975627208053355,0.3668871450063307,0.004199533993869409,0
0.0,0.018600046998471953,0.018600046998471953,3.7240999517962337e-05,0.0001274000001103559,0.018600046998471953,0.21899639301273055,3.7240999517962337e-05,0.36811219301307574,0.12495012600811606,0.0001274000001103559,0.14707420000013371,0.022124073992017657,0.0020416000002114743,0.0021043839951744303,0.36817291600164026,0.018673307000426576,1784947633.1370094,1784947632.4051914,1784947632.6551914,0.0004447779938345775,0.0010080810025101528,0.0021043839951744303,0.015901984021184035,0.9845090508460999,0.21899639301273055,ablate-cloud-only-resnet50-cifar10-pi5-r3-20260725-104648:v1,1,3.7240999517962337e-05,unknown,0.12495012600811606,0.0,0.0,0.001290900000185502,0.0,"{'device': [], 'edge': [], 'cloud': [0, 1, 2, 3, 4, 5, 6, 7, 8, 9, 10, 11, 12, 13, 14, 15, 16, 17, 18]}",19,final,cloud,True,3,1.0,5.0,1.0,0.36817291600164026,-0.8408645800082013,3,b4b71860a2fb43b28340c116b7c4c9b9,31,"{'device_compute': 3.7240999517962337e-05, 'd2e_transport': 0.21899639301273055, 'edge_queue': 0.001290900000185502, 'edge_segment_compute': 0.0, 'edge_exit_head_compute': 0.0, 'edge_exit_check': 0.0, 'e2c_transport': 0.12495012600811606, 'cloud_queue': 0.0021043839951744303, 'cloud_segment_compute': 0.015901984021184035, 'cloud_exit_head_compute': 0.0010080810025101528, 'cloud_exit_check': 0.0004447779938345775, 'total_latency': 0.36817291600164026, 'unattributed_overhead': 0.0034390289683869923, 'request_id': 'b4b71860a2fb43b28340c116b7c4c9b9', 'user_id': 0, 'prediction': 3, 'exit_id': 'final', 'exit_boundary_id': 19, 'exit_location': 'cloud', 'confidence': 0.9845090508460999, 'executed_segments_by_node': {'device': [], 'edge': [], 'cloud': [0, 1, 2, 3, 4, 5, 6, 7, 8, 9, 10, 11, 12, 13, 14, 15, 16, 17, 18]}, 'nodes': [{'node': 'device', 'executed_segments': [], 'queue_s': 0.0, 'segment_compute_s': 0.0, 'exit_head_compute_s': 0.0, 'exit_check_s': 0.0, 'worker_elapsed_s': 3.7240999517962337e-05}, {'node': 'edge', 'executed_segments': [], 'queue_s': 0.001290900000185502, 'segment_compute_s': 0.0, 'exit_head_compute_s': 0.0, 'exit_check_s': 0.0, 'worker_elapsed_s': 0.00020319999975981773}, {'node': 'cloud', 'executed_segments': [0, 1, 2, 3, 4, 5, 6, 7, 8, 9, 10, 11, 12, 13, 14, 15, 16, 17, 18], 'queue_s': 0.0021043839951744303, 'segment_compute_s': 0.015901984021184035, 'exit_head_compute_s': 0.0010080810025101528, 'exit_check_s': 0.0004447779938345775, 'worker_elapsed_s': 0.018673307000426576}], 'sample_id': 'balanced_003_0881_00008632', 'label': 3, 'correct': True, 'observed_utility': -0.8408645800082013}",balanced_003_0881_00008632,31,8632,0.48181796073913574,2931975627208053355,0.36817291600164026,0.0034390289683869923,0
0.0,0.01850812099291943,0.01850812099291943,3.0260009225457907e-05,7.330000016736449e-05,0.01850812099291943,0.16284960799703185,3.0260009225457907e-05,0.282220007997239,0.0946571149893316,7.330000016736449e-05,0.11692300000004252,0.022265885010710917,0.0024474000001646345,0.0022979509958531708,0.2822718239913229,0.018580240997835062,1784947633.5269747,1784947632.797066,1784947633.047066,0.00040894298581406474,0.0009650710126152262,0.0022979509958531708,0.015907426015473902,0.9999971389770508,0.16284960799703185,ablate-cloud-only-resnet50-cifar10-pi5-r3-20260725-104648:v1,1,3.0260009225457907e-05,unknown,0.0946571149893316,0.0,0.0,0.0013328999998520885,0.0,"{'device': [], 'edge': [], 'cloud': [0, 1, 2, 3, 4, 5, 6, 7, 8, 9, 10, 11, 12, 13, 14, 15, 16, 17, 18]}",19,final,cloud,True,8,1.0,5.0,1.0,0.2822718239913229,-0.41135911995661445,8,6ce53efb4a73492e912b6f332aece862,32,"{'device_compute': 3.0260009225457907e-05, 'd2e_transport': 0.16284960799703185, 'edge_queue': 0.0013328999998520885, 'edge_segment_compute': 0.0, 'edge_exit_head_compute': 0.0, 'edge_exit_check': 0.0, 'e2c_transport': 0.0946571149893316, 'cloud_queue': 0.0022979509958531708, 'cloud_segment_compute': 0.015907426015473902, 'cloud_exit_head_compute': 0.0009650710126152262, 'cloud_exit_check': 0.00040894298581406474, 'total_latency': 0.2822718239913229, 'unattributed_overhead': 0.003822549986125523, 'request_id': '6ce53efb4a73492e912b6f332aece862', 'user_id': 0, 'prediction': 8, 'exit_id': 'final', 'exit_boundary_id': 19, 'exit_location': 'cloud', 'confidence': 0.9999971389770508, 'executed_segments_by_node': {'device': [], 'edge': [], 'cloud': [0, 1, 2, 3, 4, 5, 6, 7, 8, 9, 10, 11, 12, 13, 14, 15, 16, 17, 18]}, 'nodes': [{'node': 'device', 'executed_segments': [], 'queue_s': 0.0, 'segment_compute_s': 0.0, 'exit_head_compute_s': 0.0, 'exit_check_s': 0.0, 'worker_elapsed_s': 3.0260009225457907e-05}, {'node': 'edge', 'executed_segments': [], 'queue_s': 0.0013328999998520885, 'segment_compute_s': 0.0, 'exit_head_compute_s': 0.0, 'exit_check_s': 0.0, 'worker_elapsed_s': 0.0001502000000073167}, {'node': 'cloud', 'executed_segments': [0, 1, 2, 3, 4, 5, 6, 7, 8, 9, 10, 11, 12, 13, 14, 15, 16, 17, 18], 'queue_s': 0.0022979509958531708, 'segment_compute_s': 0.015907426015473902, 'exit_head_compute_s': 0.0009650710126152262, 'exit_check_s': 0.00040894298581406474, 'worker_elapsed_s': 0.018580240997835062}], 'sample_id': 'balanced_008_0535_00005457', 'label': 8, 'correct': True, 'observed_utility': -0.41135911995661445}",balanced_008_0535_00005457,32,5457,0.47990870475769043,2931975627208053355,0.2822718239913229,0.003822549986125523,0
0.0,0.01848945599340368,0.01848945599340368,3.546400694176555e-05,8.729999990464421e-05,0.01848945599340368,0.1460148860001027,3.546400694176555e-05,0.2822894860000815,0.11088379100692691,8.729999990464421e-05,0.13310199999978067,0.02221820899285376,0.0031726000001981447,0.002237356995465234,0.2823482459934894,0.01856159399903845,1784947633.833152,1784947633.1010048,1784947633.3510048,0.0004191650077700615,0.0009760120155988261,0.002237356995465234,0.01586501902784221,0.999977707862854,0.1460148860001027,ablate-cloud-only-resnet50-cifar10-pi5-r3-20260725-104648:v1,1,3.546400694176555e-05,unknown,0.11088379100692691,0.0,0.0,0.002079099999718892,0.0,"{'device': [], 'edge': [], 'cloud': [0, 1, 2, 3, 4, 5, 6, 7, 8, 9, 10, 11, 12, 13, 14, 15, 16, 17, 18]}",19,final,cloud,True,6,1.0,5.0,1.0,0.2823482459934894,-0.411741229967447,6,988aa3ff511f4838865169b6a37536af,33,"{'device_compute': 3.546400694176555e-05, 'd2e_transport': 0.1460148860001027, 'edge_queue': 0.002079099999718892, 'edge_segment_compute': 0.0, 'edge_exit_head_compute': 0.0, 'edge_exit_check': 0.0, 'e2c_transport': 0.11088379100692691, 'cloud_queue': 0.002237356995465234, 'cloud_segment_compute': 0.01586501902784221, 'cloud_exit_head_compute': 0.0009760120155988261, 'cloud_exit_check': 0.0004191650077700615, 'total_latency': 0.2823482459934894, 'unattributed_overhead': 0.003837451933122793, 'request_id': '988aa3ff511f4838865169b6a37536af', 'user_id': 0, 'prediction': 6, 'exit_id': 'final', 'exit_boundary_id': 19, 'exit_location': 'cloud', 'confidence': 0.999977707862854, 'executed_segments_by_node': {'device': [], 'edge': [], 'cloud': [0, 1, 2, 3, 4, 5, 6, 7, 8, 9, 10, 11, 12, 13, 14, 15, 16, 17, 18]}, 'nodes': [{'node': 'device', 'executed_segments': [], 'queue_s': 0.0, 'segment_compute_s': 0.0, 'exit_head_compute_s': 0.0, 'exit_check_s': 0.0, 'worker_elapsed_s': 3.546400694176555e-05}, {'node': 'edge', 'executed_segments': [], 'queue_s': 0.002079099999718892, 'segment_compute_s': 0.0, 'exit_head_compute_s': 0.0, 'exit_check_s': 0.0, 'worker_elapsed_s': 0.0001806999998734682}, {'node': 'cloud', 'executed_segments': [0, 1, 2, 3, 4, 5, 6, 7, 8, 9, 10, 11, 12, 13, 14, 15, 16, 17, 18], 'queue_s': 0.002237356995465234, 'segment_compute_s': 0.01586501902784221, 'exit_head_compute_s': 0.0009760120155988261, 'exit_check_s': 0.0004191650077700615, 'worker_elapsed_s': 0.01856159399903845}], 'sample_id': 'balanced_006_0294_00002830', 'label': 6, 'correct': True, 'observed_utility': -0.411741229967447}",balanced_006_0294_00002830,33,2830,0.482147216796875,2931975627208053355,0.2823482459934894,0.003837451933122793,0
0.0,0.01852452999446541,0.01852452999446541,3.809397458098829e-05,0.00010149999980058055,0.01852452999446541,0.11251447298536732,3.809397458098829e-05,0.284475072985515,0.1461371160071394,0.00010149999980058055,0.16837059999988924,0.022233483992749825,0.003590000000258442,0.002246536998427473,0.2845378339989111,0.018597453003167175,1784947634.1382325,1784947633.405308,1784947633.655308,0.00041283099562861025,0.0009754649800015613,0.002246536998427473,0.015911133988993242,0.9999995231628418,0.11251447298536732,ablate-cloud-only-resnet50-cifar10-pi5-r3-20260725-104648:v1,1,3.809397458098829e-05,unknown,0.1461371160071394,0.0,0.0,0.00240860000030807,0.0,"{'device': [], 'edge': [], 'cloud': [0, 1, 2, 3, 4, 5, 6, 7, 8, 9, 10, 11, 12, 13, 14, 15, 16, 17, 18]}",19,final,cloud,True,5,1.0,5.0,1.0,0.2845378339989111,-0.4226891699945554,5,ce77dee25f914c8ba7840705c19e15b0,34,"{'device_compute': 3.809397458098829e-05, 'd2e_transport': 0.11251447298536732, 'edge_queue': 0.00240860000030807, 'edge_segment_compute': 0.0, 'edge_exit_head_compute': 0.0, 'edge_exit_check': 0.0, 'e2c_transport': 0.1461371160071394, 'cloud_queue': 0.002246536998427473, 'cloud_segment_compute': 0.015911133988993242, 'cloud_exit_head_compute': 0.0009754649800015613, 'cloud_exit_check': 0.00041283099562861025, 'total_latency': 0.2845378339989111, 'unattributed_overhead': 0.0038935840684644063, 'request_id': 'ce77dee25f914c8ba7840705c19e15b0', 'user_id': 0, 'prediction': 5, 'exit_id': 'final', 'exit_boundary_id': 19, 'exit_location': 'cloud', 'confidence': 0.9999995231628418, 'executed_segments_by_node': {'device': [], 'edge': [], 'cloud': [0, 1, 2, 3, 4, 5, 6, 7, 8, 9, 10, 11, 12, 13, 14, 15, 16, 17, 18]}, 'nodes': [{'node': 'device', 'executed_segments': [], 'queue_s': 0.0, 'segment_compute_s': 0.0, 'exit_head_compute_s': 0.0, 'exit_check_s': 0.0, 'worker_elapsed_s': 3.809397458098829e-05}, {'node': 'edge', 'executed_segments': [], 'queue_s': 0.00240860000030807, 'segment_compute_s': 0.0, 'exit_head_compute_s': 0.0, 'exit_check_s': 0.0, 'worker_elapsed_s': 0.00020649999987654155}, {'node': 'cloud', 'executed_segments': [0, 1, 2, 3, 4, 5, 6, 7, 8, 9, 10, 11, 12, 13, 14, 15, 16, 17, 18], 'queue_s': 0.002246536998427473, 'segment_compute_s': 0.015911133988993242, 'exit_head_compute_s': 0.0009754649800015613, 'exit_check_s': 0.00041283099562861025, 'worker_elapsed_s': 0.018597453003167175}], 'sample_id': 'balanced_005_0096_00001117', 'label': 5, 'correct': True, 'observed_utility': -0.4226891699945554}",balanced_005_0096_00001117,34,1117,0.4829244613647461,2931975627208053355,0.2845378339989111,0.0038935840684644063,0
0.0,0.01840892300242558,0.01840892300242558,3.746399306692183e-05,9.920000002239249e-05,0.01840892300242558,0.1332458969854997,3.746399306692183e-05,0.2859643969859462,0.12743877400771453,9.920000002239249e-05,0.14936880000004749,0.021930025992332958,0.003349700000399025,0.0020608080085366964,0.28602623200276867,0.018479962993296795,1784947634.4410908,1784947633.7105508,1784947633.9605508,0.0004083589738002047,0.0009638300107326359,0.0020608080085366964,0.015829950978513807,0.6483122110366821,0.1332458969854997,ablate-cloud-only-resnet50-cifar10-pi5-r3-20260725-104648:v1,1,3.746399306692183e-05,unknown,0.12743877400771453,0.0,0.0,0.0020341999997981475,0.0,"{'device': [], 'edge': [], 'cloud': [0, 1, 2, 3, 4, 5, 6, 7, 8, 9, 10, 11, 12, 13, 14, 15, 16, 17, 18]}",19,final,cloud,True,9,1.0,5.0,1.0,0.28602623200276867,-0.43013116001384333,9,d68438fb39654fba982c6e75ae706ca1,35,"{'device_compute': 3.746399306692183e-05, 'd2e_transport': 0.1332458969854997, 'edge_queue': 0.0020341999997981475, 'edge_segment_compute': 0.0, 'edge_exit_head_compute': 0.0, 'edge_exit_check': 0.0, 'e2c_transport': 0.12743877400771453, 'cloud_queue': 0.0020608080085366964, 'cloud_segment_compute': 0.015829950978513807, 'cloud_exit_head_compute': 0.0009638300107326359, 'cloud_exit_check': 0.0004083589738002047, 'total_latency': 0.28602623200276867, 'unattributed_overhead': 0.004006949045106012, 'request_id': 'd68438fb39654fba982c6e75ae706ca1', 'user_id': 0, 'prediction': 9, 'exit_id': 'final', 'exit_boundary_id': 19, 'exit_location': 'cloud', 'confidence': 0.6483122110366821, 'executed_segments_by_node': {'device': [], 'edge': [], 'cloud': [0, 1, 2, 3, 4, 5, 6, 7, 8, 9, 10, 11, 12, 13, 14, 15, 16, 17, 18]}, 'nodes': [{'node': 'device', 'executed_segments': [], 'queue_s': 0.0, 'segment_compute_s': 0.0, 'exit_head_compute_s': 0.0, 'exit_check_s': 0.0, 'worker_elapsed_s': 3.746399306692183e-05}, {'node': 'edge', 'executed_segments': [], 'queue_s': 0.0020341999997981475, 'segment_compute_s': 0.0, 'exit_head_compute_s': 0.0, 'exit_check_s': 0.0, 'worker_elapsed_s': 0.00019830000019283034}, {'node': 'cloud', 'executed_segments': [0, 1, 2, 3, 4, 5, 6, 7, 8, 9, 10, 11, 12, 13, 14, 15, 16, 17, 18], 'queue_s': 0.0020608080085366964, 'segment_compute_s': 0.015829950978513807, 'exit_head_compute_s': 0.0009638300107326359, 'exit_check_s': 0.0004083589738002047, 'worker_elapsed_s': 0.018479962993296795}], 'sample_id': 'balanced_009_0768_00007792', 'label': 9, 'correct': True, 'observed_utility': -0.43013116001384333}",balanced_009_0768_00007792,35,7792,0.48054003715515137,2931975627208053355,0.28602623200276867,0.004006949045106012,0
0.0,0.018535808005253784,0.018535808005253784,3.6056997487321496e-05,7.21999999768741e-05,0.018535808005253784,0.15053929799387333,3.6056997487321496e-05,0.38609979799366556,0.21117835999621093,7.21999999768741e-05,0.2332934999999452,0.022115140003734268,0.0022669999998470303,0.0021297130006132647,0.3861592070024926,0.018604105993290432,1784947634.7531357,1784947634.0196974,1784947634.2696974,0.00041516900819260627,0.0009839669946813956,0.0021297130006132647,0.015896594035439193,0.9999982118606567,0.15053929799387333,ablate-cloud-only-resnet50-cifar10-pi5-r3-20260725-104648:v1,1,3.6056997487321496e-05,unknown,0.21117835999621093,0.0,0.0,0.0014363999998749932,0.0,"{'device': [], 'edge': [], 'cloud': [0, 1, 2, 3, 4, 5, 6, 7, 8, 9, 10, 11, 12, 13, 14, 15, 16, 17, 18]}",19,final,cloud,True,1,1.0,5.0,1.0,0.3861592070024926,-0.9307960350124631,1,9481c261dc824d108fec6c095fa999a9,36,"{'device_compute': 3.6056997487321496e-05, 'd2e_transport': 0.15053929799387333, 'edge_queue': 0.0014363999998749932, 'edge_segment_compute': 0.0, 'edge_exit_head_compute': 0.0, 'edge_exit_check': 0.0, 'e2c_transport': 0.21117835999621093, 'cloud_queue': 0.0021297130006132647, 'cloud_segment_compute': 0.015896594035439193, 'cloud_exit_head_compute': 0.0009839669946813956, 'cloud_exit_check': 0.00041516900819260627, 'total_latency': 0.3861592070024926, 'unattributed_overhead': 0.0035436489761195844, 'request_id': '9481c261dc824d108fec6c095fa999a9', 'user_id': 0, 'prediction': 1, 'exit_id': 'final', 'exit_boundary_id': 19, 'exit_location': 'cloud', 'confidence': 0.9999982118606567, 'executed_segments_by_node': {'device': [], 'edge': [], 'cloud': [0, 1, 2, 3, 4, 5, 6, 7, 8, 9, 10, 11, 12, 13, 14, 15, 16, 17, 18]}, 'nodes': [{'node': 'device', 'executed_segments': [], 'queue_s': 0.0, 'segment_compute_s': 0.0, 'exit_head_compute_s': 0.0, 'exit_check_s': 0.0, 'worker_elapsed_s': 3.6056997487321496e-05}, {'node': 'edge', 'executed_segments': [], 'queue_s': 0.0014363999998749932, 'segment_compute_s': 0.0, 'exit_head_compute_s': 0.0, 'exit_check_s': 0.0, 'worker_elapsed_s': 0.00014490000012301607}, {'node': 'cloud', 'executed_segments': [0, 1, 2, 3, 4, 5, 6, 7, 8, 9, 10, 11, 12, 13, 14, 15, 16, 17, 18], 'queue_s': 0.0021297130006132647, 'segment_compute_s': 0.015896594035439193, 'exit_head_compute_s': 0.0009839669946813956, 'exit_check_s': 0.00041516900819260627, 'worker_elapsed_s': 0.018604105993290432}], 'sample_id': 'balanced_001_0887_00008772', 'label': 1, 'correct': True, 'observed_utility': -0.9307960350124631}",balanced_001_0887_00008772,36,8772,0.48343825340270996,2931975627208053355,0.3861592070024926,0.0035436489761195844,0
0.0,0.018547359999502078,0.018547359999502078,4.9816007958725095e-05,7.279999999809661e-05,0.018547359999502078,0.13855821699326043,4.9816007958725095e-05,0.3725075169932097,0.20936886700383184,7.279999999809661e-05,0.23155940000015107,0.022190532996319234,0.0023898999997982173,0.002194573011365719,0.37258833399391733,0.018619040987687185,1784947635.170038,1784947634.4381137,1784947634.6881137,0.0004207839956507087,0.0009831380302784964,0.002194573011365719,0.015904578016488813,0.9995338916778564,0.13855821699326043,ablate-cloud-only-resnet50-cifar10-pi5-r3-20260725-104648:v1,1,4.9816007958725095e-05,unknown,0.20936886700383184,0.0,0.0,0.0013877000001230044,0.0,"{'device': [], 'edge': [], 'cloud': [0, 1, 2, 3, 4, 5, 6, 7, 8, 9, 10, 11, 12, 13, 14, 15, 16, 17, 18]}",19,final,cloud,True,4,1.0,5.0,1.0,0.37258833399391733,-0.8629416699695867,4,e83642112a9c487a9517f64f438deb42,37,"{'device_compute': 4.9816007958725095e-05, 'd2e_transport': 0.13855821699326043, 'edge_queue': 0.0013877000001230044, 'edge_segment_compute': 0.0, 'edge_exit_head_compute': 0.0, 'edge_exit_check': 0.0, 'e2c_transport': 0.20936886700383184, 'cloud_queue': 0.002194573011365719, 'cloud_segment_compute': 0.015904578016488813, 'cloud_exit_head_compute': 0.0009831380302784964, 'cloud_exit_check': 0.0004207839956507087, 'total_latency': 0.37258833399391733, 'unattributed_overhead': 0.0037206609349595965, 'request_id': 'e83642112a9c487a9517f64f438deb42', 'user_id': 0, 'prediction': 4, 'exit_id': 'final', 'exit_boundary_id': 19, 'exit_location': 'cloud', 'confidence': 0.9995338916778564, 'executed_segments_by_node': {'device': [], 'edge': [], 'cloud': [0, 1, 2, 3, 4, 5, 6, 7, 8, 9, 10, 11, 12, 13, 14, 15, 16, 17, 18]}, 'nodes': [{'node': 'device', 'executed_segments': [], 'queue_s': 0.0, 'segment_compute_s': 0.0, 'exit_head_compute_s': 0.0, 'exit_check_s': 0.0, 'worker_elapsed_s': 4.9816007958725095e-05}, {'node': 'edge', 'executed_segments': [], 'queue_s': 0.0013877000001230044, 'segment_compute_s': 0.0, 'exit_head_compute_s': 0.0, 'exit_check_s': 0.0, 'worker_elapsed_s': 0.00016619999996692059}, {'node': 'cloud', 'executed_segments': [0, 1, 2, 3, 4, 5, 6, 7, 8, 9, 10, 11, 12, 13, 14, 15, 16, 17, 18], 'queue_s': 0.002194573011365719, 'segment_compute_s': 0.015904578016488813, 'exit_head_compute_s': 0.0009831380302784964, 'exit_check_s': 0.0004207839956507087, 'worker_elapsed_s': 0.018619040987687185}], 'sample_id': 'balanced_004_0169_00001710', 'label': 4, 'correct': True, 'observed_utility': -0.8629416699695867}",balanced_004_0169_00001710,37,1710,0.48192429542541504,2931975627208053355,0.37258833399391733,0.0037206609349595965,0
0.0,0.016312670995830558,0.016312670995830558,4.266799078322947e-05,9.799999997994746e-05,0.016312670995830558,0.1492265409801803,4.266799078322947e-05,0.3796327409800142,0.20743547000392937,9.799999997994746e-05,0.22733999999991283,0.019904529995983467,0.003066199999921082,0.0021393740025814623,0.3797037799959071,0.016379373002564535,1784947635.5771403,1784947634.8453786,1784947635.0953786,0.0003694379993248731,0.0008823629759717733,0.0021393740025814623,0.013938571035396308,0.9996696710586548,0.1492265409801803,ablate-cloud-only-resnet50-cifar10-pi5-r3-20260725-104648:v1,1,4.266799078322947e-05,unknown,0.20743547000392937,0.0,0.0,0.0018294999999852735,0.0,"{'device': [], 'edge': [], 'cloud': [0, 1, 2, 3, 4, 5, 6, 7, 8, 9, 10, 11, 12, 13, 14, 15, 16, 17, 18]}",19,final,cloud,True,3,1.0,5.0,1.0,0.3797037799959071,-0.8985188999795355,3,83168593a507485f961022bc6fa3099c,38,"{'device_compute': 4.266799078322947e-05, 'd2e_transport': 0.1492265409801803, 'edge_queue': 0.0018294999999852735, 'edge_segment_compute': 0.0, 'edge_exit_head_compute': 0.0, 'edge_exit_check': 0.0, 'e2c_transport': 0.20743547000392937, 'cloud_queue': 0.0021393740025814623, 'cloud_segment_compute': 0.013938571035396308, 'cloud_exit_head_compute': 0.0008823629759717733, 'cloud_exit_check': 0.0003694379993248731, 'total_latency': 0.3797037799959071, 'unattributed_overhead': 0.0038398550077545224, 'request_id': '83168593a507485f961022bc6fa3099c', 'user_id': 0, 'prediction': 3, 'exit_id': 'final', 'exit_boundary_id': 19, 'exit_location': 'cloud', 'confidence': 0.9996696710586548, 'executed_segments_by_node': {'device': [], 'edge': [], 'cloud': [0, 1, 2, 3, 4, 5, 6, 7, 8, 9, 10, 11, 12, 13, 14, 15, 16, 17, 18]}, 'nodes': [{'node': 'device', 'executed_segments': [], 'queue_s': 0.0, 'segment_compute_s': 0.0, 'exit_head_compute_s': 0.0, 'exit_check_s': 0.0, 'worker_elapsed_s': 4.266799078322947e-05}, {'node': 'edge', 'executed_segments': [], 'queue_s': 0.0018294999999852735, 'segment_compute_s': 0.0, 'exit_head_compute_s': 0.0, 'exit_check_s': 0.0, 'worker_elapsed_s': 0.00018890000001192675}, {'node': 'cloud', 'executed_segments': [0, 1, 2, 3, 4, 5, 6, 7, 8, 9, 10, 11, 12, 13, 14, 15, 16, 17, 18], 'queue_s': 0.0021393740025814623, 'segment_compute_s': 0.013938571035396308, 'exit_head_compute_s': 0.0008823629759717733, 'exit_check_s': 0.0003694379993248731, 'worker_elapsed_s': 0.016379373002564535}], 'sample_id': 'balanced_003_0550_00005525', 'label': 3, 'correct': True, 'observed_utility': -0.8985188999795355}",balanced_003_0550_00005525,38,5525,0.4817616939544678,2931975627208053355,0.3797037799959071,0.0038398550077545224,0
0.0,0.018292966997250915,0.018292966997250915,3.54450021404773e-05,7.230000028357608e-05,0.018292966997250915,0.15406026300206577,3.54450021404773e-05,0.3799105630023405,0.201327121003942,7.230000028357608e-05,0.22337259999994785,0.02204547899600584,0.0024777000003268768,0.0022591079905396327,0.37997160098166205,0.018363752998993732,1784947635.9875364,1784947635.2569742,1784947635.5069742,0.0004074229800608009,0.0009450389916310087,0.0022591079905396327,0.015710463951108977,0.9998524188995361,0.15406026300206577,ablate-cloud-only-resnet50-cifar10-pi5-r3-20260725-104648:v1,1,3.54450021404773e-05,unknown,0.201327121003942,0.0,0.0,0.0015165999998316693,0.0,"{'device': [], 'edge': [], 'cloud': [0, 1, 2, 3, 4, 5, 6, 7, 8, 9, 10, 11, 12, 13, 14, 15, 16, 17, 18]}",19,final,cloud,True,4,1.0,5.0,1.0,0.37997160098166205,-0.8998580049083102,4,d70ab5418b07488ebb6dc7d691cc796d,39,"{'device_compute': 3.54450021404773e-05, 'd2e_transport': 0.15406026300206577, 'edge_queue': 0.0015165999998316693, 'edge_segment_compute': 0.0, 'edge_exit_head_compute': 0.0, 'edge_exit_check': 0.0, 'e2c_transport': 0.201327121003942, 'cloud_queue': 0.0022591079905396327, 'cloud_segment_compute': 0.015710463951108977, 'cloud_exit_head_compute': 0.0009450389916310087, 'cloud_exit_check': 0.0004074229800608009, 'total_latency': 0.37997160098166205, 'unattributed_overhead': 0.0037101380603417056, 'request_id': 'd70ab5418b07488ebb6dc7d691cc796d', 'user_id': 0, 'prediction': 4, 'exit_id': 'final', 'exit_boundary_id': 19, 'exit_location': 'cloud', 'confidence': 0.9998524188995361, 'executed_segments_by_node': {'device': [], 'edge': [], 'cloud': [0, 1, 2, 3, 4, 5, 6, 7, 8, 9, 10, 11, 12, 13, 14, 15, 16, 17, 18]}, 'nodes': [{'node': 'device', 'executed_segments': [], 'queue_s': 0.0, 'segment_compute_s': 0.0, 'exit_head_compute_s': 0.0, 'exit_check_s': 0.0, 'worker_elapsed_s': 3.54450021404773e-05}, {'node': 'edge', 'executed_segments': [], 'queue_s': 0.0015165999998316693, 'segment_compute_s': 0.0, 'exit_head_compute_s': 0.0, 'exit_check_s': 0.0, 'worker_elapsed_s': 0.00014290000035543926}, {'node': 'cloud', 'executed_segments': [0, 1, 2, 3, 4, 5, 6, 7, 8, 9, 10, 11, 12, 13, 14, 15, 16, 17, 18], 'queue_s': 0.0022591079905396327, 'segment_compute_s': 0.015710463951108977, 'exit_head_compute_s': 0.0009450389916310087, 'exit_check_s': 0.0004074229800608009, 'worker_elapsed_s': 0.018363752998993732}], 'sample_id': 'balanced_004_0161_00001624', 'label': 4, 'correct': True, 'observed_utility': -0.8998580049083102}",balanced_004_0161_00001624,39,1624,0.4805622100830078,2931975627208053355,0.37997160098166205,0.0037101380603417056,0
0.0,0.018625059994519688,0.018625059994519688,3.190801362507045e-05,4.55999997939216e-05,0.018625059994519688,0.15514257801032727,3.190801362507045e-05,0.3829708780103829,0.19784143300284995,4.55999997939216e-05,0.22009610000031898,0.02225466699746903,0.007732199999736622,0.0021806350123370066,0.3830243600241374,0.018698126994422637,1784947636.3934507,1784947635.6602013,1784947635.9102013,0.0004246520111337304,0.000984260012046434,0.0021806350123370066,0.015961966986651532,1.0,0.15514257801032727,ablate-cloud-only-resnet50-cifar10-pi5-r3-20260725-104648:v1,1,3.190801362507045e-05,unknown,0.19784143300284995,0.0,0.0,0.006956899999750021,0.0,"{'device': [], 'edge': [], 'cloud': [0, 1, 2, 3, 4, 5, 6, 7, 8, 9, 10, 11, 12, 13, 14, 15, 16, 17, 18]}",19,final,cloud,True,2,1.0,5.0,1.0,0.3830243600241374,-0.9151218001206871,2,1f67a665a7d14284b83627f2610edb1f,40,"{'device_compute': 3.190801362507045e-05, 'd2e_transport': 0.15514257801032727, 'edge_queue': 0.006956899999750021, 'edge_segment_compute': 0.0, 'edge_exit_head_compute': 0.0, 'edge_exit_check': 0.0, 'e2c_transport': 0.19784143300284995, 'cloud_queue': 0.0021806350123370066, 'cloud_segment_compute': 0.015961966986651532, 'cloud_exit_head_compute': 0.000984260012046434, 'cloud_exit_check': 0.0004246520111337304, 'total_latency': 0.3830243600241374, 'unattributed_overhead': 0.0035000269754164037, 'request_id': '1f67a665a7d14284b83627f2610edb1f', 'user_id': 0, 'prediction': 2, 'exit_id': 'final', 'exit_boundary_id': 19, 'exit_location': 'cloud', 'confidence': 1.0, 'executed_segments_by_node': {'device': [], 'edge': [], 'cloud': [0, 1, 2, 3, 4, 5, 6, 7, 8, 9, 10, 11, 12, 13, 14, 15, 16, 17, 18]}, 'nodes': [{'node': 'device', 'executed_segments': [], 'queue_s': 0.0, 'segment_compute_s': 0.0, 'exit_head_compute_s': 0.0, 'exit_check_s': 0.0, 'worker_elapsed_s': 3.190801362507045e-05}, {'node': 'edge', 'executed_segments': [], 'queue_s': 0.006956899999750021, 'segment_compute_s': 0.0, 'exit_head_compute_s': 0.0, 'exit_check_s': 0.0, 'worker_elapsed_s': 9.950000003300374e-05}, {'node': 'cloud', 'executed_segments': [0, 1, 2, 3, 4, 5, 6, 7, 8, 9, 10, 11, 12, 13, 14, 15, 16, 17, 18], 'queue_s': 0.0021806350123370066, 'segment_compute_s': 0.015961966986651532, 'exit_head_compute_s': 0.000984260012046434, 'exit_check_s': 0.0004246520111337304, 'worker_elapsed_s': 0.018698126994422637}], 'sample_id': 'balanced_002_0083_00000832', 'label': 2, 'correct': True, 'observed_utility': -0.9151218001206871}",balanced_002_0083_00000832,40,832,0.4832494258880615,2931975627208053355,0.3830243600241374,0.0035000269754164037,0
0.0,0.018228802990051918,0.018228802990051918,3.453801036812365e-05,0.00012300000025788904,0.018228802990051918,0.13731073401913818,3.453801036812365e-05,0.39112533401930705,0.22681720500258962,0.00012300000025788904,0.24886770000011893,0.022050494997529313,0.004946900000049936,0.00238369801081717,0.3911818719934672,0.01829611900029704,1784947636.7955978,1784947636.065115,1784947636.315115,0.0004050679999636486,0.0009405209857504815,0.00238369801081717,0.015640776968211867,0.9999284744262695,0.13731073401913818,ablate-cloud-only-resnet50-cifar10-pi5-r3-20260725-104648:v1,1,3.453801036812365e-05,unknown,0.22681720500258962,0.0,0.0,0.0034335999998802436,0.0,"{'device': [], 'edge': [], 'cloud': [0, 1, 2, 3, 4, 5, 6, 7, 8, 9, 10, 11, 12, 13, 14, 15, 16, 17, 18]}",19,final,cloud,False,5,1.0,5.0,0.0,0.3911818719934672,-1.955909359967336,3,30bb04580304414fb7cfc75fc061e258,41,"{'device_compute': 3.453801036812365e-05, 'd2e_transport': 0.13731073401913818, 'edge_queue': 0.0034335999998802436, 'edge_segment_compute': 0.0, 'edge_exit_head_compute': 0.0, 'edge_exit_check': 0.0, 'e2c_transport': 0.22681720500258962, 'cloud_queue': 0.00238369801081717, 'cloud_segment_compute': 0.015640776968211867, 'cloud_exit_head_compute': 0.0009405209857504815, 'cloud_exit_check': 0.0004050679999636486, 'total_latency': 0.3911818719934672, 'unattributed_overhead': 0.0042157309967478795, 'request_id': '30bb04580304414fb7cfc75fc061e258', 'user_id': 0, 'prediction': 3, 'exit_id': 'final', 'exit_boundary_id': 19, 'exit_location': 'cloud', 'confidence': 0.9999284744262695, 'executed_segments_by_node': {'device': [], 'edge': [], 'cloud': [0, 1, 2, 3, 4, 5, 6, 7, 8, 9, 10, 11, 12, 13, 14, 15, 16, 17, 18]}, 'nodes': [{'node': 'device', 'executed_segments': [], 'queue_s': 0.0, 'segment_compute_s': 0.0, 'exit_head_compute_s': 0.0, 'exit_check_s': 0.0, 'worker_elapsed_s': 3.453801036812365e-05}, {'node': 'edge', 'executed_segments': [], 'queue_s': 0.0034335999998802436, 'segment_compute_s': 0.0, 'exit_head_compute_s': 0.0, 'exit_check_s': 0.0, 'worker_elapsed_s': 0.00024919999987105257}, {'node': 'cloud', 'executed_segments': [0, 1, 2, 3, 4, 5, 6, 7, 8, 9, 10, 11, 12, 13, 14, 15, 16, 17, 18], 'queue_s': 0.00238369801081717, 'segment_compute_s': 0.015640776968211867, 'exit_head_compute_s': 0.0009405209857504815, 'exit_check_s': 0.0004050679999636486, 'worker_elapsed_s': 0.01829611900029704}], 'sample_id': 'balanced_005_0456_00004740', 'label': 5, 'correct': False, 'observed_utility': -1.955909359967336}",balanced_005_0456_00004740,41,4740,0.480482816696167,2931975627208053355,0.3911818719934672,0.0042157309967478795,0
0.0,0.01851454899588134,0.01851454899588134,3.0112016247585416e-05,9.479999971517827e-05,0.01851454899588134,0.12434502900987354,3.0112016247585416e-05,0.27351312901009806,0.12437663600439919,9.479999971517827e-05,0.14665560000003097,0.022278963995631784,0.0025125000001935405,0.0022827150096418336,0.27356518601300195,0.018624588003149256,1784947637.2201922,1784947636.489405,1784947636.739405,0.00042353899334557354,0.0009843610023381189,0.0022827150096418336,0.015876151956035756,0.9999963045120239,0.12434502900987354,ablate-cloud-only-resnet50-cifar10-pi5-r3-20260725-104648:v1,1,3.0112016247585416e-05,unknown,0.12437663600439919,0.0,0.0,0.001442100000076607,0.0,"{'device': [], 'edge': [], 'cloud': [0, 1, 2, 3, 4, 5, 6, 7, 8, 9, 10, 11, 12, 13, 14, 15, 16, 17, 18]}",19,final,cloud,True,6,1.0,5.0,1.0,0.27356518601300195,-0.36782593006500974,6,eba58df95af04ede88fe5f7edb3cd0bf,42,"{'device_compute': 3.0112016247585416e-05, 'd2e_transport': 0.12434502900987354, 'edge_queue': 0.001442100000076607, 'edge_segment_compute': 0.0, 'edge_exit_head_compute': 0.0, 'edge_exit_check': 0.0, 'e2c_transport': 0.12437663600439919, 'cloud_queue': 0.0022827150096418336, 'cloud_segment_compute': 0.015876151956035756, 'cloud_exit_head_compute': 0.0009843610023381189, 'cloud_exit_check': 0.00042353899334557354, 'total_latency': 0.27356518601300195, 'unattributed_overhead': 0.003804542021043744, 'request_id': 'eba58df95af04ede88fe5f7edb3cd0bf', 'user_id': 0, 'prediction': 6, 'exit_id': 'final', 'exit_boundary_id': 19, 'exit_location': 'cloud', 'confidence': 0.9999963045120239, 'executed_segments_by_node': {'device': [], 'edge': [], 'cloud': [0, 1, 2, 3, 4, 5, 6, 7, 8, 9, 10, 11, 12, 13, 14, 15, 16, 17, 18]}, 'nodes': [{'node': 'device', 'executed_segments': [], 'queue_s': 0.0, 'segment_compute_s': 0.0, 'exit_head_compute_s': 0.0, 'exit_check_s': 0.0, 'worker_elapsed_s': 3.0112016247585416e-05}, {'node': 'edge', 'executed_segments': [], 'queue_s': 0.001442100000076607, 'segment_compute_s': 0.0, 'exit_head_compute_s': 0.0, 'exit_check_s': 0.0, 'worker_elapsed_s': 0.00018279999994774698}, {'node': 'cloud', 'executed_segments': [0, 1, 2, 3, 4, 5, 6, 7, 8, 9, 10, 11, 12, 13, 14, 15, 16, 17, 18], 'queue_s': 0.0022827150096418336, 'segment_compute_s': 0.015876151956035756, 'exit_head_compute_s': 0.0009843610023381189, 'exit_check_s': 0.00042353899334557354, 'worker_elapsed_s': 0.018624588003149256}], 'sample_id': 'balanced_006_0055_00000511', 'label': 6, 'correct': True, 'observed_utility': -0.36782593006500974}",balanced_006_0055_00000511,42,511,0.4807872772216797,2931975627208053355,0.27356518601300195,0.003804542021043744,0
0.0,0.018590958003187552,0.018590958003187552,3.922299947589636e-05,0.00010410000004412723,0.018590958003187552,0.14788213999690925,3.922299947589636e-05,0.28479803999653086,0.11095725900213438,0.00010410000004412723,0.13316279999980907,0.02220554099767469,0.003753099999812548,0.002189567996538244,0.28486159699968994,0.01866211100423243,1784947637.5162683,1784947636.7817605,1784947637.0317605,0.00041908999264705926,0.00100276198645588,0.002189567996538244,0.015931251968140714,0.7690903544425964,0.14788213999690925,ablate-cloud-only-resnet50-cifar10-pi5-r3-20260725-104648:v1,1,3.922299947589636e-05,unknown,0.11095725900213438,0.0,0.0,0.002366600000186736,0.0,"{'device': [], 'edge': [], 'cloud': [0, 1, 2, 3, 4, 5, 6, 7, 8, 9, 10, 11, 12, 13, 14, 15, 16, 17, 18]}",19,final,cloud,True,8,1.0,5.0,1.0,0.28486159699968994,-0.4243079849984497,8,9a107abfcb5c4f8aaeba61e2d7c4f3db,43,"{'device_compute': 3.922299947589636e-05, 'd2e_transport': 0.14788213999690925, 'edge_queue': 0.002366600000186736, 'edge_segment_compute': 0.0, 'edge_exit_head_compute': 0.0, 'edge_exit_check': 0.0, 'e2c_transport': 0.11095725900213438, 'cloud_queue': 0.002189567996538244, 'cloud_segment_compute': 0.015931251968140714, 'cloud_exit_head_compute': 0.00100276198645588, 'cloud_exit_check': 0.00041908999264705926, 'total_latency': 0.28486159699968994, 'unattributed_overhead': 0.004073703057201783, 'request_id': '9a107abfcb5c4f8aaeba61e2d7c4f3db', 'user_id': 0, 'prediction': 8, 'exit_id': 'final', 'exit_boundary_id': 19, 'exit_location': 'cloud', 'confidence': 0.7690903544425964, 'executed_segments_by_node': {'device': [], 'edge': [], 'cloud': [0, 1, 2, 3, 4, 5, 6, 7, 8, 9, 10, 11, 12, 13, 14, 15, 16, 17, 18]}, 'nodes': [{'node': 'device', 'executed_segments': [], 'queue_s': 0.0, 'segment_compute_s': 0.0, 'exit_head_compute_s': 0.0, 'exit_check_s': 0.0, 'worker_elapsed_s': 3.922299947589636e-05}, {'node': 'edge', 'executed_segments': [], 'queue_s': 0.002366600000186736, 'segment_compute_s': 0.0, 'exit_head_compute_s': 0.0, 'exit_check_s': 0.0, 'worker_elapsed_s': 0.00020729999960167333}, {'node': 'cloud', 'executed_segments': [0, 1, 2, 3, 4, 5, 6, 7, 8, 9, 10, 11, 12, 13, 14, 15, 16, 17, 18], 'queue_s': 0.002189567996538244, 'segment_compute_s': 0.015931251968140714, 'exit_head_compute_s': 0.00100276198645588, 'exit_check_s': 0.00041908999264705926, 'worker_elapsed_s': 0.01866211100423243}], 'sample_id': 'balanced_008_0474_00004599', 'label': 8, 'correct': True, 'observed_utility': -0.4243079849984497}",balanced_008_0474_00004599,43,4599,0.48450779914855957,2931975627208053355,0.28486159699968994,0.004073703057201783,0
0.0,0.02258888199867215,0.02258888199867215,3.4352997317910194e-05,0.00011670000003505265,0.02258888199867215,0.13552768499903323,3.4352997317910194e-05,0.38946528499946,0.22297167899796477,0.00011670000003505265,0.24960310000005848,0.026631421002093703,0.00433450000036828,0.0021455800015246496,0.3895216929959133,0.02266638098808471,1784947637.8213158,1784947637.0896754,1784947637.3396754,0.0005035269859945402,0.00429795500531327,0.0021455800015246496,0.01652177002688404,0.999882698059082,0.13552768499903323,ablate-cloud-only-resnet50-cifar10-pi5-r3-20260725-104648:v1,1,3.4352997317910194e-05,unknown,0.22297167899796477,0.0,0.0,0.002969800000300893,0.0,"{'device': [], 'edge': [], 'cloud': [0, 1, 2, 3, 4, 5, 6, 7, 8, 9, 10, 11, 12, 13, 14, 15, 16, 17, 18]}",19,final,cloud,True,8,1.0,5.0,1.0,0.3895216929959133,-0.9476084649795666,8,91e06463f2d44505a3d059e1f40a2f6e,44,"{'device_compute': 3.4352997317910194e-05, 'd2e_transport': 0.13552768499903323, 'edge_queue': 0.002969800000300893, 'edge_segment_compute': 0.0, 'edge_exit_head_compute': 0.0, 'edge_exit_check': 0.0, 'e2c_transport': 0.22297167899796477, 'cloud_queue': 0.0021455800015246496, 'cloud_segment_compute': 0.01652177002688404, 'cloud_exit_head_compute': 0.00429795500531327, 'cloud_exit_check': 0.0005035269859945402, 'total_latency': 0.3895216929959133, 'unattributed_overhead': 0.004549343981580023, 'request_id': '91e06463f2d44505a3d059e1f40a2f6e', 'user_id': 0, 'prediction': 8, 'exit_id': 'final', 'exit_boundary_id': 19, 'exit_location': 'cloud', 'confidence': 0.999882698059082, 'executed_segments_by_node': {'device': [], 'edge': [], 'cloud': [0, 1, 2, 3, 4, 5, 6, 7, 8, 9, 10, 11, 12, 13, 14, 15, 16, 17, 18]}, 'nodes': [{'node': 'device', 'executed_segments': [], 'queue_s': 0.0, 'segment_compute_s': 0.0, 'exit_head_compute_s': 0.0, 'exit_check_s': 0.0, 'worker_elapsed_s': 3.4352997317910194e-05}, {'node': 'edge', 'executed_segments': [], 'queue_s': 0.002969800000300893, 'segment_compute_s': 0.0, 'exit_head_compute_s': 0.0, 'exit_check_s': 0.0, 'worker_elapsed_s': 0.00022889999991093646}, {'node': 'cloud', 'executed_segments': [0, 1, 2, 3, 4, 5, 6, 7, 8, 9, 10, 11, 12, 13, 14, 15, 16, 17, 18], 'queue_s': 0.0021455800015246496, 'segment_compute_s': 0.01652177002688404, 'exit_head_compute_s': 0.00429795500531327, 'exit_check_s': 0.0005035269859945402, 'worker_elapsed_s': 0.02266638098808471}], 'sample_id': 'balanced_008_0174_00001632', 'label': 8, 'correct': True, 'observed_utility': -0.9476084649795666}",balanced_008_0174_00001632,44,1632,0.4816403388977051,2931975627208053355,0.3895216929959133,0.004549343981580023,0
0.0,0.019041805993765593,0.019041805993765593,3.429700154811144e-05,0.00011559999984456226,0.019041805993765593,0.15254101499158423,3.429700154811144e-05,0.3903655149915721,0.21058666499675383,0.00011559999984456226,0.2336369999998169,0.023050335003063083,0.004187500000170985,0.0025817789864959195,0.39042270102072507,0.019115098999463953,1784947638.2301679,1784947637.4997194,1784947637.7497194,0.00042861899419222027,0.0010056700120912865,0.0025817789864959195,0.016330332015058957,0.9990984201431274,0.15254101499158423,ablate-cloud-only-resnet50-cifar10-pi5-r3-20260725-104648:v1,1,3.429700154811144e-05,unknown,0.21058666499675383,0.0,0.0,0.002774399999907473,0.0,"{'device': [], 'edge': [], 'cloud': [0, 1, 2, 3, 4, 5, 6, 7, 8, 9, 10, 11, 12, 13, 14, 15, 16, 17, 18]}",19,final,cloud,True,2,1.0,5.0,1.0,0.39042270102072507,-0.9521135051036254,2,9c791ce1d28e48148882921dd8e0edee,45,"{'device_compute': 3.429700154811144e-05, 'd2e_transport': 0.15254101499158423, 'edge_queue': 0.002774399999907473, 'edge_segment_compute': 0.0, 'edge_exit_head_compute': 0.0, 'edge_exit_check': 0.0, 'e2c_transport': 0.21058666499675383, 'cloud_queue': 0.0025817789864959195, 'cloud_segment_compute': 0.016330332015058957, 'cloud_exit_head_compute': 0.0010056700120912865, 'cloud_exit_check': 0.00042861899419222027, 'total_latency': 0.39042270102072507, 'unattributed_overhead': 0.0041399240230930445, 'request_id': '9c791ce1d28e48148882921dd8e0edee', 'user_id': 0, 'prediction': 2, 'exit_id': 'final', 'exit_boundary_id': 19, 'exit_location': 'cloud', 'confidence': 0.9990984201431274, 'executed_segments_by_node': {'device': [], 'edge': [], 'cloud': [0, 1, 2, 3, 4, 5, 6, 7, 8, 9, 10, 11, 12, 13, 14, 15, 16, 17, 18]}, 'nodes': [{'node': 'device', 'executed_segments': [], 'queue_s': 0.0, 'segment_compute_s': 0.0, 'exit_head_compute_s': 0.0, 'exit_check_s': 0.0, 'worker_elapsed_s': 3.429700154811144e-05}, {'node': 'edge', 'executed_segments': [], 'queue_s': 0.002774399999907473, 'segment_compute_s': 0.0, 'exit_head_compute_s': 0.0, 'exit_check_s': 0.0, 'worker_elapsed_s': 0.00023559999999633874}, {'node': 'cloud', 'executed_segments': [0, 1, 2, 3, 4, 5, 6, 7, 8, 9, 10, 11, 12, 13, 14, 15, 16, 17, 18], 'queue_s': 0.0025817789864959195, 'segment_compute_s': 0.016330332015058957, 'exit_head_compute_s': 0.0010056700120912865, 'exit_check_s': 0.00042861899419222027, 'worker_elapsed_s': 0.019115098999463953}], 'sample_id': 'balanced_002_0879_00008765', 'label': 2, 'correct': True, 'observed_utility': -0.9521135051036254}",balanced_002_0879_00008765,45,8765,0.48044848442077637,2931975627208053355,0.39042270102072507,0.0041399240230930445,0
0.0,0.018362339003942907,0.018362339003942907,3.329699393361807e-05,7.659999982934096e-05,0.018362339003942907,0.17180976698136874,3.329699393361807e-05,0.3027629669813905,0.10611868200203389,7.659999982934096e-05,0.12820849999980055,0.02208981799776666,0.0027447000002212008,0.00224135399912484,0.30281989398645237,0.018433367004035972,1784947638.6470776,1784947637.9170825,1784947638.1670825,0.00042740500066429377,0.000963788028457202,0.00224135399912484,0.015744530988740735,0.9999992847442627,0.17180976698136874,ablate-cloud-only-resnet50-cifar10-pi5-r3-20260725-104648:v1,1,3.329699393361807e-05,unknown,0.10611868200203389,0.0,0.0,0.0017072999999072636,0.0,"{'device': [], 'edge': [], 'cloud': [0, 1, 2, 3, 4, 5, 6, 7, 8, 9, 10, 11, 12, 13, 14, 15, 16, 17, 18]}",19,final,cloud,True,9,1.0,5.0,1.0,0.30281989398645237,-0.5140994699322619,9,2d57ba4f1aca4bce8c6283467e6695a7,46,"{'device_compute': 3.329699393361807e-05, 'd2e_transport': 0.17180976698136874, 'edge_queue': 0.0017072999999072636, 'edge_segment_compute': 0.0, 'edge_exit_head_compute': 0.0, 'edge_exit_check': 0.0, 'e2c_transport': 0.10611868200203389, 'cloud_queue': 0.00224135399912484, 'cloud_segment_compute': 0.015744530988740735, 'cloud_exit_head_compute': 0.000963788028457202, 'cloud_exit_check': 0.00042740500066429377, 'total_latency': 0.30281989398645237, 'unattributed_overhead': 0.003773769992221787, 'request_id': '2d57ba4f1aca4bce8c6283467e6695a7', 'user_id': 0, 'prediction': 9, 'exit_id': 'final', 'exit_boundary_id': 19, 'exit_location': 'cloud', 'confidence': 0.9999992847442627, 'executed_segments_by_node': {'device': [], 'edge': [], 'cloud': [0, 1, 2, 3, 4, 5, 6, 7, 8, 9, 10, 11, 12, 13, 14, 15, 16, 17, 18]}, 'nodes': [{'node': 'device', 'executed_segments': [], 'queue_s': 0.0, 'segment_compute_s': 0.0, 'exit_head_compute_s': 0.0, 'exit_check_s': 0.0, 'worker_elapsed_s': 3.329699393361807e-05}, {'node': 'edge', 'executed_segments': [], 'queue_s': 0.0017072999999072636, 'segment_compute_s': 0.0, 'exit_head_compute_s': 0.0, 'exit_check_s': 0.0, 'worker_elapsed_s': 0.00016629999981887522}, {'node': 'cloud', 'executed_segments': [0, 1, 2, 3, 4, 5, 6, 7, 8, 9, 10, 11, 12, 13, 14, 15, 16, 17, 18], 'queue_s': 0.00224135399912484, 'segment_compute_s': 0.015744530988740735, 'exit_head_compute_s': 0.000963788028457202, 'exit_check_s': 0.00042740500066429377, 'worker_elapsed_s': 0.018433367004035972}], 'sample_id': 'balanced_009_0753_00007642', 'label': 9, 'correct': True, 'observed_utility': -0.5140994699322619}",balanced_009_0753_00007642,46,7642,0.4799950122833252,2931975627208053355,0.30281989398645237,0.003773769992221787,0
0.0,0.018543265003245324,0.018543265003245324,3.048201324418187e-05,7.260000029418734e-05,0.018543265003245324,0.22463269498348382,3.048201324418187e-05,0.3664483949833084,0.11652650198811898,7.260000029418734e-05,0.13873590000002878,0.022209398011909798,0.003079799999795796,0.002223713992862031,0.3665003030037042,0.01861673200619407,1784947638.9748726,1784947638.2407322,1784947638.4907322,0.0004276300023775548,0.0010144599946215749,0.002223713992862031,0.01585340306337457,0.9999980926513672,0.22463269498348382,ablate-cloud-only-resnet50-cifar10-pi5-r3-20260725-104648:v1,1,3.048201324418187e-05,unknown,0.11652650198811898,0.0,0.0,0.0018911000001935463,0.0,"{'device': [], 'edge': [], 'cloud': [0, 1, 2, 3, 4, 5, 6, 7, 8, 9, 10, 11, 12, 13, 14, 15, 16, 17, 18]}",19,final,cloud,True,5,1.0,5.0,1.0,0.3665003030037042,-0.8325015150185209,5,c78753ccb730408690dea190e865290a,47,"{'device_compute': 3.048201324418187e-05, 'd2e_transport': 0.22463269498348382, 'edge_queue': 0.0018911000001935463, 'edge_segment_compute': 0.0, 'edge_exit_head_compute': 0.0, 'edge_exit_check': 0.0, 'e2c_transport': 0.11652650198811898, 'cloud_queue': 0.002223713992862031, 'cloud_segment_compute': 0.01585340306337457, 'cloud_exit_head_compute': 0.0010144599946215749, 'cloud_exit_check': 0.0004276300023775548, 'total_latency': 0.3665003030037042, 'unattributed_overhead': 0.003900316965427919, 'request_id': 'c78753ccb730408690dea190e865290a', 'user_id': 0, 'prediction': 5, 'exit_id': 'final', 'exit_boundary_id': 19, 'exit_location': 'cloud', 'confidence': 0.9999980926513672, 'executed_segments_by_node': {'device': [], 'edge': [], 'cloud': [0, 1, 2, 3, 4, 5, 6, 7, 8, 9, 10, 11, 12, 13, 14, 15, 16, 17, 18]}, 'nodes': [{'node': 'device', 'executed_segments': [], 'queue_s': 0.0, 'segment_compute_s': 0.0, 'exit_head_compute_s': 0.0, 'exit_check_s': 0.0, 'worker_elapsed_s': 3.048201324418187e-05}, {'node': 'edge', 'executed_segments': [], 'queue_s': 0.0018911000001935463, 'segment_compute_s': 0.0, 'exit_head_compute_s': 0.0, 'exit_check_s': 0.0, 'worker_elapsed_s': 0.00015450000000782893}, {'node': 'cloud', 'executed_segments': [0, 1, 2, 3, 4, 5, 6, 7, 8, 9, 10, 11, 12, 13, 14, 15, 16, 17, 18], 'queue_s': 0.002223713992862031, 'segment_compute_s': 0.01585340306337457, 'exit_head_compute_s': 0.0010144599946215749, 'exit_check_s': 0.0004276300023775548, 'worker_elapsed_s': 0.01861673200619407}], 'sample_id': 'balanced_005_0971_00009712', 'label': 5, 'correct': True, 'observed_utility': -0.8325015150185209}",balanced_005_0971_00009712,47,9712,0.48414039611816406,2931975627208053355,0.3665003030037042,0.003900316965427919,0
0.0,0.018286945996806026,0.018286945996806026,3.672300954349339e-05,7.719999985056347e-05,0.018286945996806026,0.16885896599978878,3.672300954349339e-05,0.3854526659997646,0.1920111390004422,7.719999985056347e-05,0.2141010999998798,0.022089960999437608,0.0024926000000959903,0.0023161919962149113,0.385513223009184,0.01835574999859091,1784947639.360194,1784947638.6290174,1784947638.8790174,0.0004054859891766682,0.0009447140037082136,0.0023161919962149113,0.01572028196824249,0.9999853372573853,0.16885896599978878,ablate-cloud-only-resnet50-cifar10-pi5-r3-20260725-104648:v1,1,3.672300954349339e-05,unknown,0.1920111390004422,0.0,0.0,0.001549900000100024,0.0,"{'device': [], 'edge': [], 'cloud': [0, 1, 2, 3, 4, 5, 6, 7, 8, 9, 10, 11, 12, 13, 14, 15, 16, 17, 18]}",19,final,cloud,True,1,1.0,5.0,1.0,0.385513223009184,-0.92756611504592,1,5588eefe7acf4f4e91b407f2b80164d6,48,"{'device_compute': 3.672300954349339e-05, 'd2e_transport': 0.16885896599978878, 'edge_queue': 0.001549900000100024, 'edge_segment_compute': 0.0, 'edge_exit_head_compute': 0.0, 'edge_exit_check': 0.0, 'e2c_transport': 0.1920111390004422, 'cloud_queue': 0.0023161919962149113, 'cloud_segment_compute': 0.01572028196824249, 'cloud_exit_head_compute': 0.0009447140037082136, 'cloud_exit_check': 0.0004054859891766682, 'total_latency': 0.385513223009184, 'unattributed_overhead': 0.003669821041967225, 'request_id': '5588eefe7acf4f4e91b407f2b80164d6', 'user_id': 0, 'prediction': 1, 'exit_id': 'final', 'exit_boundary_id': 19, 'exit_location': 'cloud', 'confidence': 0.9999853372573853, 'executed_segments_by_node': {'device': [], 'edge': [], 'cloud': [0, 1, 2, 3, 4, 5, 6, 7, 8, 9, 10, 11, 12, 13, 14, 15, 16, 17, 18]}, 'nodes': [{'node': 'device', 'executed_segments': [], 'queue_s': 0.0, 'segment_compute_s': 0.0, 'exit_head_compute_s': 0.0, 'exit_check_s': 0.0, 'worker_elapsed_s': 3.672300954349339e-05}, {'node': 'edge', 'executed_segments': [], 'queue_s': 0.001549900000100024, 'segment_compute_s': 0.0, 'exit_head_compute_s': 0.0, 'exit_check_s': 0.0, 'worker_elapsed_s': 0.00015350000012404053}, {'node': 'cloud', 'executed_segments': [0, 1, 2, 3, 4, 5, 6, 7, 8, 9, 10, 11, 12, 13, 14, 15, 16, 17, 18], 'queue_s': 0.0023161919962149113, 'segment_compute_s': 0.01572028196824249, 'exit_head_compute_s': 0.0009447140037082136, 'exit_check_s': 0.0004054859891766682, 'worker_elapsed_s': 0.01835574999859091}], 'sample_id': 'balanced_001_0648_00006585', 'label': 1, 'correct': True, 'observed_utility': -0.92756611504592}",balanced_001_0648_00006585,48,6585,0.48117661476135254,2931975627208053355,0.385513223009184,0.003669821041967225,0
0.0,0.018589660990983248,0.018589660990983248,3.166700480505824e-05,9.680000039224979e-05,0.018589660990983248,0.09190955600433881,3.166700480505824e-05,0.28678945600404404,0.16934091599569,9.680000039224979e-05,0.19162370000003648,0.022282784004346468,0.003256199999668752,0.0022444950009230524,0.2868429380177986,0.018662559989024885,1784947639.7664254,1784947639.035546,1784947639.285546,0.0004250030033290386,0.0009939979936461896,0.0022444950009230524,0.015885050015640445,0.9999986886978149,0.09190955600433881,ablate-cloud-only-resnet50-cifar10-pi5-r3-20260725-104648:v1,1,3.166700480505824e-05,unknown,0.16934091599569,0.0,0.0,0.0020377999999254826,0.0,"{'device': [], 'edge': [], 'cloud': [0, 1, 2, 3, 4, 5, 6, 7, 8, 9, 10, 11, 12, 13, 14, 15, 16, 17, 18]}",19,final,cloud,True,1,1.0,5.0,1.0,0.2868429380177986,-0.43421469008899294,1,5e07b3e20f974083a3be7a6715354467,49,"{'device_compute': 3.166700480505824e-05, 'd2e_transport': 0.09190955600433881, 'edge_queue': 0.0020377999999254826, 'edge_segment_compute': 0.0, 'edge_exit_head_compute': 0.0, 'edge_exit_check': 0.0, 'e2c_transport': 0.16934091599569, 'cloud_queue': 0.0022444950009230524, 'cloud_segment_compute': 0.015885050015640445, 'cloud_exit_head_compute': 0.0009939979936461896, 'cloud_exit_check': 0.0004250030033290386, 'total_latency': 0.2868429380177986, 'unattributed_overhead': 0.0039744529995005, 'request_id': '5e07b3e20f974083a3be7a6715354467', 'user_id': 0, 'prediction': 1, 'exit_id': 'final', 'exit_boundary_id': 19, 'exit_location': 'cloud', 'confidence': 0.9999986886978149, 'executed_segments_by_node': {'device': [], 'edge': [], 'cloud': [0, 1, 2, 3, 4, 5, 6, 7, 8, 9, 10, 11, 12, 13, 14, 15, 16, 17, 18]}, 'nodes': [{'node': 'device', 'executed_segments': [], 'queue_s': 0.0, 'segment_compute_s': 0.0, 'exit_head_compute_s': 0.0, 'exit_check_s': 0.0, 'worker_elapsed_s': 3.166700480505824e-05}, {'node': 'edge', 'executed_segments': [], 'queue_s': 0.0020377999999254826, 'segment_compute_s': 0.0, 'exit_head_compute_s': 0.0, 'exit_check_s': 0.0, 'worker_elapsed_s': 0.00019449999990683864}, {'node': 'cloud', 'executed_segments': [0, 1, 2, 3, 4, 5, 6, 7, 8, 9, 10, 11, 12, 13, 14, 15, 16, 17, 18], 'queue_s': 0.0022444950009230524, 'segment_compute_s': 0.015885050015640445, 'exit_head_compute_s': 0.0009939979936461896, 'exit_check_s': 0.0004250030033290386, 'worker_elapsed_s': 0.018662559989024885}], 'sample_id': 'balanced_001_0313_00003239', 'label': 1, 'correct': True, 'observed_utility': -0.43421469008899294}",balanced_001_0313_00003239,49,3239,0.4808793067932129,2931975627208053355,0.2868429380177986,0.0039744529995005,0
0.0,0.018569816995295696,0.018569816995295696,3.344498691149056e-05,6.0599999869737076e-05,0.018569816995295696,0.13355750799792077,3.344498691149056e-05,0.3823684079980012,0.2239724509986445,6.0599999869737076e-05,0.24695199999996476,0.022979549001320265,0.001858900000115682,0.002943304003565572,0.3824254449864384,0.018641083996044472,1784947640.0771708,1784947639.3425019,1784947639.5925019,0.0004164730053162202,0.0009952200198313221,0.002943304003565572,0.01592303098004777,0.9733138084411621,0.13355750799792077,ablate-cloud-only-resnet50-cifar10-pi5-r3-20260725-104648:v1,1,3.344498691149056e-05,unknown,0.2239724509986445,0.0,0.0,0.0012612000000444823,0.0,"{'device': [], 'edge': [], 'cloud': [0, 1, 2, 3, 4, 5, 6, 7, 8, 9, 10, 11, 12, 13, 14, 15, 16, 17, 18]}",19,final,cloud,True,0,1.0,5.0,1.0,0.3824254449864384,-0.9121272249321919,0,2abee0faee474d738ac25f0d5809c3b7,50,"{'device_compute': 3.344498691149056e-05, 'd2e_transport': 0.13355750799792077, 'edge_queue': 0.0012612000000444823, 'edge_segment_compute': 0.0, 'edge_exit_head_compute': 0.0, 'edge_exit_check': 0.0, 'e2c_transport': 0.2239724509986445, 'cloud_queue': 0.002943304003565572, 'cloud_segment_compute': 0.01592303098004777, 'cloud_exit_head_compute': 0.0009952200198313221, 'cloud_exit_check': 0.0004164730053162202, 'total_latency': 0.3824254449864384, 'unattributed_overhead': 0.0033228129941562656, 'request_id': '2abee0faee474d738ac25f0d5809c3b7', 'user_id': 0, 'prediction': 0, 'exit_id': 'final', 'exit_boundary_id': 19, 'exit_location': 'cloud', 'confidence': 0.9733138084411621, 'executed_segments_by_node': {'device': [], 'edge': [], 'cloud': [0, 1, 2, 3, 4, 5, 6, 7, 8, 9, 10, 11, 12, 13, 14, 15, 16, 17, 18]}, 'nodes': [{'node': 'device', 'executed_segments': [], 'queue_s': 0.0, 'segment_compute_s': 0.0, 'exit_head_compute_s': 0.0, 'exit_check_s': 0.0, 'worker_elapsed_s': 3.344498691149056e-05}, {'node': 'edge', 'executed_segments': [], 'queue_s': 0.0012612000000444823, 'segment_compute_s': 0.0, 'exit_head_compute_s': 0.0, 'exit_check_s': 0.0, 'worker_elapsed_s': 0.00012429999969754135}, {'node': 'cloud', 'executed_segments': [0, 1, 2, 3, 4, 5, 6, 7, 8, 9, 10, 11, 12, 13, 14, 15, 16, 17, 18], 'queue_s': 0.002943304003565572, 'segment_compute_s': 0.01592303098004777, 'exit_head_compute_s': 0.0009952200198313221, 'exit_check_s': 0.0004164730053162202, 'worker_elapsed_s': 0.018641083996044472}], 'sample_id': 'balanced_000_0939_00009495', 'label': 0, 'correct': True, 'observed_utility': -0.9121272249321919}",balanced_000_0939_00009495,50,9495,0.4846689701080322,2931975627208053355,0.3824254449864384,0.0033228129941562656,0
0.0,0.018771693998132832,0.018771693998132832,3.0278024496510625e-05,5.48999996681232e-05,0.018771693998132832,0.11924789198428698,3.0278024496510625e-05,0.2837060919846408,0.13977492599951802,5.48999996681232e-05,0.16232820000004722,0.0225532740005292,0.002130000000306609,0.0023697690048720688,0.2837588890106417,0.018846170001779683,1784947640.486176,1784947639.7558167,1784947640.0058167,0.00043013200047425926,0.0009844329906627536,0.0023697690048720688,0.01612162301898934,0.9999915361404419,0.11924789198428698,ablate-cloud-only-resnet50-cifar10-pi5-r3-20260725-104648:v1,1,3.0278024496510625e-05,unknown,0.13977492599951802,0.0,0.0,0.0013524999999390275,0.0,"{'device': [], 'edge': [], 'cloud': [0, 1, 2, 3, 4, 5, 6, 7, 8, 9, 10, 11, 12, 13, 14, 15, 16, 17, 18]}",19,final,cloud,True,4,1.0,5.0,1.0,0.2837588890106417,-0.4187944450532086,4,99951768009943be917db0450041de99,51,"{'device_compute': 3.0278024496510625e-05, 'd2e_transport': 0.11924789198428698, 'edge_queue': 0.0013524999999390275, 'edge_segment_compute': 0.0, 'edge_exit_head_compute': 0.0, 'edge_exit_check': 0.0, 'e2c_transport': 0.13977492599951802, 'cloud_queue': 0.0023697690048720688, 'cloud_segment_compute': 0.01612162301898934, 'cloud_exit_head_compute': 0.0009844329906627536, 'cloud_exit_check': 0.00043013200047425926, 'total_latency': 0.2837588890106417, 'unattributed_overhead': 0.0034473359874027665, 'request_id': '99951768009943be917db0450041de99', 'user_id': 0, 'prediction': 4, 'exit_id': 'final', 'exit_boundary_id': 19, 'exit_location': 'cloud', 'confidence': 0.9999915361404419, 'executed_segments_by_node': {'device': [], 'edge': [], 'cloud': [0, 1, 2, 3, 4, 5, 6, 7, 8, 9, 10, 11, 12, 13, 14, 15, 16, 17, 18]}, 'nodes': [{'node': 'device', 'executed_segments': [], 'queue_s': 0.0, 'segment_compute_s': 0.0, 'exit_head_compute_s': 0.0, 'exit_check_s': 0.0, 'worker_elapsed_s': 3.0278024496510625e-05}, {'node': 'edge', 'executed_segments': [], 'queue_s': 0.0013524999999390275, 'segment_compute_s': 0.0, 'exit_head_compute_s': 0.0, 'exit_check_s': 0.0, 'worker_elapsed_s': 0.00011549999999260763}, {'node': 'cloud', 'executed_segments': [0, 1, 2, 3, 4, 5, 6, 7, 8, 9, 10, 11, 12, 13, 14, 15, 16, 17, 18], 'queue_s': 0.0023697690048720688, 'segment_compute_s': 0.01612162301898934, 'exit_head_compute_s': 0.0009844329906627536, 'exit_check_s': 0.00043013200047425926, 'worker_elapsed_s': 0.018846170001779683}], 'sample_id': 'balanced_004_0889_00008836', 'label': 4, 'correct': True, 'observed_utility': -0.4187944450532086}",balanced_004_0889_00008836,51,8836,0.4803593158721924,2931975627208053355,0.2837588890106417,0.0034473359874027665,0
0.0,0.018318809001357295,0.018318809001357295,4.1018996853381395e-05,7.210000012491946e-05,0.018318809001357295,0.1473179899940078,4.1018996853381395e-05,0.38856178999412805,0.2170022400086964,7.210000012491946e-05,0.2391489999999976,0.022146759991301224,0.002094800000122632,0.0023251310049090534,0.3886306989879813,0.018388117998256348,1784947640.7950537,1784947640.0623312,1784947640.3123312,0.00040932501724455506,0.0009559610043652356,0.0023251310049090534,0.015720545969088562,0.9999982118606567,0.1473179899940078,ablate-cloud-only-resnet50-cifar10-pi5-r3-20260725-104648:v1,1,4.1018996853381395e-05,unknown,0.2170022400086964,0.0,0.0,0.0013405999998212792,0.0,"{'device': [], 'edge': [], 'cloud': [0, 1, 2, 3, 4, 5, 6, 7, 8, 9, 10, 11, 12, 13, 14, 15, 16, 17, 18]}",19,final,cloud,True,6,1.0,5.0,1.0,0.3886306989879813,-0.9431534949399065,6,8636f57dbeed45a38230e1a403d8fe3a,52,"{'device_compute': 4.1018996853381395e-05, 'd2e_transport': 0.1473179899940078, 'edge_queue': 0.0013405999998212792, 'edge_segment_compute': 0.0, 'edge_exit_head_compute': 0.0, 'edge_exit_check': 0.0, 'e2c_transport': 0.2170022400086964, 'cloud_queue': 0.0023251310049090534, 'cloud_segment_compute': 0.015720545969088562, 'cloud_exit_head_compute': 0.0009559610043652356, 'cloud_exit_check': 0.00040932501724455506, 'total_latency': 0.3886306989879813, 'unattributed_overhead': 0.003517886992995045, 'request_id': '8636f57dbeed45a38230e1a403d8fe3a', 'user_id': 0, 'prediction': 6, 'exit_id': 'final', 'exit_boundary_id': 19, 'exit_location': 'cloud', 'confidence': 0.9999982118606567, 'executed_segments_by_node': {'device': [], 'edge': [], 'cloud': [0, 1, 2, 3, 4, 5, 6, 7, 8, 9, 10, 11, 12, 13, 14, 15, 16, 17, 18]}, 'nodes': [{'node': 'device', 'executed_segments': [], 'queue_s': 0.0, 'segment_compute_s': 0.0, 'exit_head_compute_s': 0.0, 'exit_check_s': 0.0, 'worker_elapsed_s': 4.1018996853381395e-05}, {'node': 'edge', 'executed_segments': [], 'queue_s': 0.0013405999998212792, 'segment_compute_s': 0.0, 'exit_head_compute_s': 0.0, 'exit_check_s': 0.0, 'worker_elapsed_s': 0.00014430000010179356}, {'node': 'cloud', 'executed_segments': [0, 1, 2, 3, 4, 5, 6, 7, 8, 9, 10, 11, 12, 13, 14, 15, 16, 17, 18], 'queue_s': 0.0023251310049090534, 'segment_compute_s': 0.015720545969088562, 'exit_head_compute_s': 0.0009559610043652356, 'exit_check_s': 0.00040932501724455506, 'worker_elapsed_s': 0.018388117998256348}], 'sample_id': 'balanced_006_0606_00006020', 'label': 6, 'correct': True, 'observed_utility': -0.9431534949399065}",balanced_006_0606_00006020,52,6020,0.48272252082824707,2931975627208053355,0.3886306989879813,0.003517886992995045,0
0.0,0.01848218700615689,0.01848218700615689,5.7389988796785474e-05,7.349999987127376e-05,0.01848218700615689,0.11582568300627827,5.7389988796785474e-05,0.2782231830060482,0.13777159999381183,7.349999987127376e-05,0.16006900000002133,0.0222974000062095,0.002328499999748601,0.0023017689964035526,0.27831029598019086,0.018550013002823107,1784947641.2100499,1784947640.477221,1784947640.727221,0.0004068950074724853,0.0009591559937689453,0.0023017689964035526,0.015898678029770963,0.9999130964279175,0.11582568300627827,ablate-cloud-only-resnet50-cifar10-pi5-r3-20260725-104648:v1,1,5.7389988796785474e-05,unknown,0.13777159999381183,0.0,0.0,0.0016347000000678236,0.0,"{'device': [], 'edge': [], 'cloud': [0, 1, 2, 3, 4, 5, 6, 7, 8, 9, 10, 11, 12, 13, 14, 15, 16, 17, 18]}",19,final,cloud,True,7,1.0,5.0,1.0,0.27831029598019086,-0.3915514799009543,7,8784d598a01a4b109d928165de2bcb47,53,"{'device_compute': 5.7389988796785474e-05, 'd2e_transport': 0.11582568300627827, 'edge_queue': 0.0016347000000678236, 'edge_segment_compute': 0.0, 'edge_exit_head_compute': 0.0, 'edge_exit_check': 0.0, 'e2c_transport': 0.13777159999381183, 'cloud_queue': 0.0023017689964035526, 'cloud_segment_compute': 0.015898678029770963, 'cloud_exit_head_compute': 0.0009591559937689453, 'cloud_exit_check': 0.0004068950074724853, 'total_latency': 0.27831029598019086, 'unattributed_overhead': 0.003454424963820202, 'request_id': '8784d598a01a4b109d928165de2bcb47', 'user_id': 0, 'prediction': 7, 'exit_id': 'final', 'exit_boundary_id': 19, 'exit_location': 'cloud', 'confidence': 0.9999130964279175, 'executed_segments_by_node': {'device': [], 'edge': [], 'cloud': [0, 1, 2, 3, 4, 5, 6, 7, 8, 9, 10, 11, 12, 13, 14, 15, 16, 17, 18]}, 'nodes': [{'node': 'device', 'executed_segments': [], 'queue_s': 0.0, 'segment_compute_s': 0.0, 'exit_head_compute_s': 0.0, 'exit_check_s': 0.0, 'worker_elapsed_s': 5.7389988796785474e-05}, {'node': 'edge', 'executed_segments': [], 'queue_s': 0.0016347000000678236, 'segment_compute_s': 0.0, 'exit_head_compute_s': 0.0, 'exit_check_s': 0.0, 'worker_elapsed_s': 0.00014989999999670545}, {'node': 'cloud', 'executed_segments': [0, 1, 2, 3, 4, 5, 6, 7, 8, 9, 10, 11, 12, 13, 14, 15, 16, 17, 18], 'queue_s': 0.0023017689964035526, 'segment_compute_s': 0.015898678029770963, 'exit_head_compute_s': 0.0009591559937689453, 'exit_check_s': 0.0004068950074724853, 'worker_elapsed_s': 0.018550013002823107}], 'sample_id': 'balanced_007_0537_00005351', 'label': 7, 'correct': True, 'observed_utility': -0.3915514799009543}",balanced_007_0537_00005351,53,5351,0.48282885551452637,2931975627208053355,0.27831029598019086,0.003454424963820202,0
0.0,0.01857542200013995,0.01857542200013995,4.4927000999450684e-05,0.0001005000003715395,0.01857542200013995,0.1494978499949866,4.4927000999450684e-05,0.3764899499947205,0.2008986739933789,0.0001005000003715395,0.22381670000004306,0.02291802600666415,0.0031753999996908533,0.0028671289910562336,0.37656408100156114,0.018653115010238253,1784947641.5195286,1784947640.7889087,1784947641.0389087,0.00045170800876803696,0.0009972510015359148,0.0028671289910562336,0.015901038961601444,0.9999852180480957,0.1494978499949866,ablate-cloud-only-resnet50-cifar10-pi5-r3-20260725-104648:v1,1,4.4927000999450684e-05,unknown,0.2008986739933789,0.0,0.0,0.0019213999999010412,0.0,"{'device': [], 'edge': [], 'cloud': [0, 1, 2, 3, 4, 5, 6, 7, 8, 9, 10, 11, 12, 13, 14, 15, 16, 17, 18]}",19,final,cloud,True,0,1.0,5.0,1.0,0.37656408100156114,-0.8828204050078057,0,de66b3e43b034326ad61dee8df4cb02f,54,"{'device_compute': 4.4927000999450684e-05, 'd2e_transport': 0.1494978499949866, 'edge_queue': 0.0019213999999010412, 'edge_segment_compute': 0.0, 'edge_exit_head_compute': 0.0, 'edge_exit_check': 0.0, 'e2c_transport': 0.2008986739933789, 'cloud_queue': 0.0028671289910562336, 'cloud_segment_compute': 0.015901038961601444, 'cloud_exit_head_compute': 0.0009972510015359148, 'cloud_exit_check': 0.00045170800876803696, 'total_latency': 0.37656408100156114, 'unattributed_overhead': 0.003984103049333498, 'request_id': 'de66b3e43b034326ad61dee8df4cb02f', 'user_id': 0, 'prediction': 0, 'exit_id': 'final', 'exit_boundary_id': 19, 'exit_location': 'cloud', 'confidence': 0.9999852180480957, 'executed_segments_by_node': {'device': [], 'edge': [], 'cloud': [0, 1, 2, 3, 4, 5, 6, 7, 8, 9, 10, 11, 12, 13, 14, 15, 16, 17, 18]}, 'nodes': [{'node': 'device', 'executed_segments': [], 'queue_s': 0.0, 'segment_compute_s': 0.0, 'exit_head_compute_s': 0.0, 'exit_check_s': 0.0, 'worker_elapsed_s': 4.4927000999450684e-05}, {'node': 'edge', 'executed_segments': [], 'queue_s': 0.0019213999999010412, 'segment_compute_s': 0.0, 'exit_head_compute_s': 0.0, 'exit_check_s': 0.0, 'worker_elapsed_s': 0.00020020000010845251}, {'node': 'cloud', 'executed_segments': [0, 1, 2, 3, 4, 5, 6, 7, 8, 9, 10, 11, 12, 13, 14, 15, 16, 17, 18], 'queue_s': 0.0028671289910562336, 'segment_compute_s': 0.015901038961601444, 'exit_head_compute_s': 0.0009972510015359148, 'exit_check_s': 0.00045170800876803696, 'worker_elapsed_s': 0.018653115010238253}], 'sample_id': 'balanced_000_0556_00005626', 'label': 0, 'correct': True, 'observed_utility': -0.8828204050078057}",balanced_000_0556_00005626,54,5626,0.4806199073791504,2931975627208053355,0.37656408100156114,0.003984103049333498,0
0.0,0.018711782002355903,0.018711782002355903,4.81489987578243e-05,9.59999997576233e-05,0.018711782002355903,0.14447233299188156,4.81489987578243e-05,0.3830823329917621,0.2109245259985073,9.59999997576233e-05,0.2351901999995789,0.024265674001071602,0.0034198000003016205,0.0022761129948776215,0.38316222399589606,0.018781688006129116,1784947641.9220774,1784947641.1922495,1784947641.4422495,0.0004104930121684447,0.0009837580000748858,0.0022761129948776215,0.01608421595301479,0.9999845027923584,0.14447233299188156,ablate-cloud-only-resnet50-cifar10-pi5-r3-20260725-104648:v1,1,4.81489987578243e-05,unknown,0.2109245259985073,0.0,0.0,0.0021603000000141037,0.0,"{'device': [], 'edge': [], 'cloud': [0, 1, 2, 3, 4, 5, 6, 7, 8, 9, 10, 11, 12, 13, 14, 15, 16, 17, 18]}",19,final,cloud,True,0,1.0,5.0,1.0,0.38316222399589606,-0.9158111199794803,0,d26b8245fcd14340909b1cedbef984f3,55,"{'device_compute': 4.81489987578243e-05, 'd2e_transport': 0.14447233299188156, 'edge_queue': 0.0021603000000141037, 'edge_segment_compute': 0.0, 'edge_exit_head_compute': 0.0, 'edge_exit_check': 0.0, 'e2c_transport': 0.2109245259985073, 'cloud_queue': 0.0022761129948776215, 'cloud_segment_compute': 0.01608421595301479, 'cloud_exit_head_compute': 0.0009837580000748858, 'cloud_exit_check': 0.0004104930121684447, 'total_latency': 0.38316222399589606, 'unattributed_overhead': 0.005802336046599521, 'request_id': 'd26b8245fcd14340909b1cedbef984f3', 'user_id': 0, 'prediction': 0, 'exit_id': 'final', 'exit_boundary_id': 19, 'exit_location': 'cloud', 'confidence': 0.9999845027923584, 'executed_segments_by_node': {'device': [], 'edge': [], 'cloud': [0, 1, 2, 3, 4, 5, 6, 7, 8, 9, 10, 11, 12, 13, 14, 15, 16, 17, 18]}, 'nodes': [{'node': 'device', 'executed_segments': [], 'queue_s': 0.0, 'segment_compute_s': 0.0, 'exit_head_compute_s': 0.0, 'exit_check_s': 0.0, 'worker_elapsed_s': 4.81489987578243e-05}, {'node': 'edge', 'executed_segments': [], 'queue_s': 0.0021603000000141037, 'segment_compute_s': 0.0, 'exit_head_compute_s': 0.0, 'exit_check_s': 0.0, 'worker_elapsed_s': 0.0001947999999174499}, {'node': 'cloud', 'executed_segments': [0, 1, 2, 3, 4, 5, 6, 7, 8, 9, 10, 11, 12, 13, 14, 15, 16, 17, 18], 'queue_s': 0.0022761129948776215, 'segment_compute_s': 0.01608421595301479, 'exit_head_compute_s': 0.0009837580000748858, 'exit_check_s': 0.0004104930121684447, 'worker_elapsed_s': 0.018781688006129116}], 'sample_id': 'balanced_000_0206_00002102', 'label': 0, 'correct': True, 'observed_utility': -0.9158111199794803}",balanced_000_0206_00002102,55,2102,0.479827880859375,2931975627208053355,0.38316222399589606,0.005802336046599521,0
0.0,0.0184157859912375,0.0184157859912375,4.109300789423287e-05,4.7199999698932515e-05,0.0184157859912375,0.10438641199152698,4.109300789423287e-05,0.2800806119921617,0.15045796201320627,4.7199999698932515e-05,0.1731950000003053,0.02273703798709903,0.002499200000329438,0.0028121670038672164,0.28015044701169245,0.018485149994376116,1784947642.3329878,1784947641.602989,1784947641.852989,0.00041582300036679953,0.0009552310220897198,0.0028121670038672164,0.01582693902309984,0.9998462200164795,0.10438641199152698,ablate-cloud-only-resnet50-cifar10-pi5-r3-20260725-104648:v1,1,4.109300789423287e-05,unknown,0.15045796201320627,0.0,0.0,0.0017395999998370826,0.0,"{'device': [], 'edge': [], 'cloud': [0, 1, 2, 3, 4, 5, 6, 7, 8, 9, 10, 11, 12, 13, 14, 15, 16, 17, 18]}",19,final,cloud,True,8,1.0,5.0,1.0,0.28015044701169245,-0.40075223505846225,8,9fcabeca004a475bbccf45394633c77a,56,"{'device_compute': 4.109300789423287e-05, 'd2e_transport': 0.10438641199152698, 'edge_queue': 0.0017395999998370826, 'edge_segment_compute': 0.0, 'edge_exit_head_compute': 0.0, 'edge_exit_check': 0.0, 'e2c_transport': 0.15045796201320627, 'cloud_queue': 0.0028121670038672164, 'cloud_segment_compute': 0.01582693902309984, 'cloud_exit_head_compute': 0.0009552310220897198, 'cloud_exit_check': 0.00041582300036679953, 'total_latency': 0.28015044701169245, 'unattributed_overhead': 0.0035152199498043046, 'request_id': '9fcabeca004a475bbccf45394633c77a', 'user_id': 0, 'prediction': 8, 'exit_id': 'final', 'exit_boundary_id': 19, 'exit_location': 'cloud', 'confidence': 0.9998462200164795, 'executed_segments_by_node': {'device': [], 'edge': [], 'cloud': [0, 1, 2, 3, 4, 5, 6, 7, 8, 9, 10, 11, 12, 13, 14, 15, 16, 17, 18]}, 'nodes': [{'node': 'device', 'executed_segments': [], 'queue_s': 0.0, 'segment_compute_s': 0.0, 'exit_head_compute_s': 0.0, 'exit_check_s': 0.0, 'worker_elapsed_s': 4.109300789423287e-05}, {'node': 'edge', 'executed_segments': [], 'queue_s': 0.0017395999998370826, 'segment_compute_s': 0.0, 'exit_head_compute_s': 0.0, 'exit_check_s': 0.0, 'worker_elapsed_s': 0.00010250000013911631}, {'node': 'cloud', 'executed_segments': [0, 1, 2, 3, 4, 5, 6, 7, 8, 9, 10, 11, 12, 13, 14, 15, 16, 17, 18], 'queue_s': 0.0028121670038672164, 'segment_compute_s': 0.01582693902309984, 'exit_head_compute_s': 0.0009552310220897198, 'exit_check_s': 0.00041582300036679953, 'worker_elapsed_s': 0.018485149994376116}], 'sample_id': 'balanced_008_0261_00002451', 'label': 8, 'correct': True, 'observed_utility': -0.40075223505846225}",balanced_008_0261_00002451,56,2451,0.4799988269805908,2931975627208053355,0.28015044701169245,0.0035152199498043046,0
0.0,0.018647976001375355,0.018647976001375355,4.464900121092796e-05,4.2300000131945126e-05,0.018647976001375355,0.13175870399345513,4.464900121092796e-05,0.3757576039934065,0.2196198609917701,4.2300000131945126e-05,0.2421316999998453,0.022511839008075185,0.001867200000106095,0.0023451470042346045,0.3758306239906233,0.01872059599554632,1784947642.6473346,1784947641.9139457,1784947642.1639457,0.00042861601104959846,0.00098652602173388,0.0023451470042346045,0.015996349000488408,0.9998503923416138,0.13175870399345513,ablate-cloud-only-resnet50-cifar10-pi5-r3-20260725-104648:v1,1,4.464900121092796e-05,unknown,0.2196198609917701,0.0,0.0,0.0011447000001680863,0.0,"{'device': [], 'edge': [], 'cloud': [0, 1, 2, 3, 4, 5, 6, 7, 8, 9, 10, 11, 12, 13, 14, 15, 16, 17, 18]}",19,final,cloud,True,1,1.0,5.0,1.0,0.3758306239906233,-0.8791531199531164,1,7866199b55f04bcab7e972008f317c94,57,"{'device_compute': 4.464900121092796e-05, 'd2e_transport': 0.13175870399345513, 'edge_queue': 0.0011447000001680863, 'edge_segment_compute': 0.0, 'edge_exit_head_compute': 0.0, 'edge_exit_check': 0.0, 'e2c_transport': 0.2196198609917701, 'cloud_queue': 0.0023451470042346045, 'cloud_segment_compute': 0.015996349000488408, 'cloud_exit_head_compute': 0.00098652602173388, 'cloud_exit_check': 0.00042861601104959846, 'total_latency': 0.3758306239906233, 'unattributed_overhead': 0.003506071966512536, 'request_id': '7866199b55f04bcab7e972008f317c94', 'user_id': 0, 'prediction': 1, 'exit_id': 'final', 'exit_boundary_id': 19, 'exit_location': 'cloud', 'confidence': 0.9998503923416138, 'executed_segments_by_node': {'device': [], 'edge': [], 'cloud': [0, 1, 2, 3, 4, 5, 6, 7, 8, 9, 10, 11, 12, 13, 14, 15, 16, 17, 18]}, 'nodes': [{'node': 'device', 'executed_segments': [], 'queue_s': 0.0, 'segment_compute_s': 0.0, 'exit_head_compute_s': 0.0, 'exit_check_s': 0.0, 'worker_elapsed_s': 4.464900121092796e-05}, {'node': 'edge', 'executed_segments': [], 'queue_s': 0.0011447000001680863, 'segment_compute_s': 0.0, 'exit_head_compute_s': 0.0, 'exit_check_s': 0.0, 'worker_elapsed_s': 9.969999973691301e-05}, {'node': 'cloud', 'executed_segments': [0, 1, 2, 3, 4, 5, 6, 7, 8, 9, 10, 11, 12, 13, 14, 15, 16, 17, 18], 'queue_s': 0.0023451470042346045, 'segment_compute_s': 0.015996349000488408, 'exit_head_compute_s': 0.00098652602173388, 'exit_check_s': 0.00042861601104959846, 'worker_elapsed_s': 0.01872059599554632}], 'sample_id': 'balanced_001_0768_00007734', 'label': 1, 'correct': True, 'observed_utility': -0.8791531199531164}",balanced_001_0768_00007734,57,7734,0.48338890075683594,2931975627208053355,0.3758306239906233,0.003506071966512536,0
0.0,0.018355720007093623,0.018355720007093623,5.683500785380602e-05,8.739999975659885e-05,0.018355720007093623,0.19384447399988858,5.683500785380602e-05,0.37872897399938665,0.160345221998341,8.739999975659885e-05,0.18250469999975394,0.022159478001412936,0.0023797999997441366,0.002340581006137654,0.3788160690164659,0.018425871996441856,1784947643.0538683,1784947642.3231611,1784947642.5731611,0.00043374400411266834,0.0009548239759169519,0.002340581006137654,0.015720296956715174,0.8188530802726746,0.19384447399988858,ablate-cloud-only-resnet50-cifar10-pi5-r3-20260725-104648:v1,1,5.683500785380602e-05,unknown,0.160345221998341,0.0,0.0,0.0015501000002586807,0.0,"{'device': [], 'edge': [], 'cloud': [0, 1, 2, 3, 4, 5, 6, 7, 8, 9, 10, 11, 12, 13, 14, 15, 16, 17, 18]}",19,final,cloud,True,5,1.0,5.0,1.0,0.3788160690164659,-0.8940803450823296,5,375e9e90cc0a4014b20d825cd6a62a13,58,"{'device_compute': 5.683500785380602e-05, 'd2e_transport': 0.19384447399988858, 'edge_queue': 0.0015501000002586807, 'edge_segment_compute': 0.0, 'edge_exit_head_compute': 0.0, 'edge_exit_check': 0.0, 'e2c_transport': 0.160345221998341, 'cloud_queue': 0.002340581006137654, 'cloud_segment_compute': 0.015720296956715174, 'cloud_exit_head_compute': 0.0009548239759169519, 'cloud_exit_check': 0.00043374400411266834, 'total_latency': 0.3788160690164659, 'unattributed_overhead': 0.003569992067241401, 'request_id': '375e9e90cc0a4014b20d825cd6a62a13', 'user_id': 0, 'prediction': 5, 'exit_id': 'final', 'exit_boundary_id': 19, 'exit_location': 'cloud', 'confidence': 0.8188530802726746, 'executed_segments_by_node': {'device': [], 'edge': [], 'cloud': [0, 1, 2, 3, 4, 5, 6, 7, 8, 9, 10, 11, 12, 13, 14, 15, 16, 17, 18]}, 'nodes': [{'node': 'device', 'executed_segments': [], 'queue_s': 0.0, 'segment_compute_s': 0.0, 'exit_head_compute_s': 0.0, 'exit_check_s': 0.0, 'worker_elapsed_s': 5.683500785380602e-05}, {'node': 'edge', 'executed_segments': [], 'queue_s': 0.0015501000002586807, 'segment_compute_s': 0.0, 'exit_head_compute_s': 0.0, 'exit_check_s': 0.0, 'worker_elapsed_s': 0.0001785999997991894}, {'node': 'cloud', 'executed_segments': [0, 1, 2, 3, 4, 5, 6, 7, 8, 9, 10, 11, 12, 13, 14, 15, 16, 17, 18], 'queue_s': 0.002340581006137654, 'segment_compute_s': 0.015720296956715174, 'exit_head_compute_s': 0.0009548239759169519, 'exit_check_s': 0.00043374400411266834, 'worker_elapsed_s': 0.018425871996441856}], 'sample_id': 'balanced_005_0564_00005694', 'label': 5, 'correct': True, 'observed_utility': -0.8940803450823296}",balanced_005_0564_00005694,58,5694,0.48070716857910156,2931975627208053355,0.3788160690164659,0.003569992067241401,0
0.0,0.018560194002930075,0.018560194002930075,5.0853006541728973e-05,0.0001088000003619527,0.018560194002930075,0.23100424198992187,5.0853006541728973e-05,0.47878604198922403,0.21986656599528942,0.0001088000003619527,0.24221049999960087,0.02234393400431145,0.005571299999701296,0.002286043993080966,0.4788696000177879,0.01863519700418692,1784947643.4601805,1784947642.726663,1784947642.976663,0.0004214710061205551,0.000999510011752136,0.002286043993080966,0.015890752023551613,0.9839925169944763,0.23100424198992187,ablate-cloud-only-resnet50-cifar10-pi5-r3-20260725-104648:v1,1,5.0853006541728973e-05,unknown,0.21986656599528942,0.0,0.0,0.0040675000000192085,0.0,"{'device': [], 'edge': [], 'cloud': [0, 1, 2, 3, 4, 5, 6, 7, 8, 9, 10, 11, 12, 13, 14, 15, 16, 17, 18]}",19,final,cloud,False,9,1.0,5.0,0.0,0.4788696000177879,-2.3943480000889394,1,eac09d16c0f443398dc75cbd83cc6039,59,"{'device_compute': 5.0853006541728973e-05, 'd2e_transport': 0.23100424198992187, 'edge_queue': 0.0040675000000192085, 'edge_segment_compute': 0.0, 'edge_exit_head_compute': 0.0, 'edge_exit_check': 0.0, 'e2c_transport': 0.21986656599528942, 'cloud_queue': 0.002286043993080966, 'cloud_segment_compute': 0.015890752023551613, 'cloud_exit_head_compute': 0.000999510011752136, 'cloud_exit_check': 0.0004214710061205551, 'total_latency': 0.4788696000177879, 'unattributed_overhead': 0.004282661991510395, 'request_id': 'eac09d16c0f443398dc75cbd83cc6039', 'user_id': 0, 'prediction': 1, 'exit_id': 'final', 'exit_boundary_id': 19, 'exit_location': 'cloud', 'confidence': 0.9839925169944763, 'executed_segments_by_node': {'device': [], 'edge': [], 'cloud': [0, 1, 2, 3, 4, 5, 6, 7, 8, 9, 10, 11, 12, 13, 14, 15, 16, 17, 18]}, 'nodes': [{'node': 'device', 'executed_segments': [], 'queue_s': 0.0, 'segment_compute_s': 0.0, 'exit_head_compute_s': 0.0, 'exit_check_s': 0.0, 'worker_elapsed_s': 5.0853006541728973e-05}, {'node': 'edge', 'executed_segments': [], 'queue_s': 0.0040675000000192085, 'segment_compute_s': 0.0, 'exit_head_compute_s': 0.0, 'exit_check_s': 0.0, 'worker_elapsed_s': 0.00021829999968758784}, {'node': 'cloud', 'executed_segments': [0, 1, 2, 3, 4, 5, 6, 7, 8, 9, 10, 11, 12, 13, 14, 15, 16, 17, 18], 'queue_s': 0.002286043993080966, 'segment_compute_s': 0.015890752023551613, 'exit_head_compute_s': 0.000999510011752136, 'exit_check_s': 0.0004214710061205551, 'worker_elapsed_s': 0.01863519700418692}], 'sample_id': 'balanced_009_0969_00009689', 'label': 9, 'correct': False, 'observed_utility': -2.3943480000889394}",balanced_009_0969_00009689,59,9689,0.4835174083709717,2931975627208053355,0.4788696000177879,0.004282661991510395,0
0.0,0.01860455500718672,0.01860455500718672,4.405598156154156e-05,7.330000016736449e-05,0.01860455500718672,0.12013268101372887,4.405598156154156e-05,0.37053818101412617,0.2252845010089004,7.330000016736449e-05,0.2475843000001987,0.022299798991298303,0.002821200000198587,0.0022298440017038956,0.37061171999084763,0.01867362500343006,1784947643.9781258,1784947643.2428455,1784947643.4928455,0.00041356201109010726,0.0010130769951501861,0.0022298440017038956,0.01593539498571772,0.9999994039535522,0.12013268101372887,ablate-cloud-only-resnet50-cifar10-pi5-r3-20260725-104648:v1,1,4.405598156154156e-05,unknown,0.2252845010089004,0.0,0.0,0.0018045000001620792,0.0,"{'device': [], 'edge': [], 'cloud': [0, 1, 2, 3, 4, 5, 6, 7, 8, 9, 10, 11, 12, 13, 14, 15, 16, 17, 18]}",19,final,cloud,True,7,1.0,5.0,1.0,0.37061171999084763,-0.8530585999542382,7,2144adda848f4a22973e437eab2e21ff,60,"{'device_compute': 4.405598156154156e-05, 'd2e_transport': 0.12013268101372887, 'edge_queue': 0.0018045000001620792, 'edge_segment_compute': 0.0, 'edge_exit_head_compute': 0.0, 'edge_exit_check': 0.0, 'e2c_transport': 0.2252845010089004, 'cloud_queue': 0.0022298440017038956, 'cloud_segment_compute': 0.01593539498571772, 'cloud_exit_head_compute': 0.0010130769951501861, 'cloud_exit_check': 0.00041356201109010726, 'total_latency': 0.37061171999084763, 'unattributed_overhead': 0.0037541039928328246, 'request_id': '2144adda848f4a22973e437eab2e21ff', 'user_id': 0, 'prediction': 7, 'exit_id': 'final', 'exit_boundary_id': 19, 'exit_location': 'cloud', 'confidence': 0.9999994039535522, 'executed_segments_by_node': {'device': [], 'edge': [], 'cloud': [0, 1, 2, 3, 4, 5, 6, 7, 8, 9, 10, 11, 12, 13, 14, 15, 16, 17, 18]}, 'nodes': [{'node': 'device', 'executed_segments': [], 'queue_s': 0.0, 'segment_compute_s': 0.0, 'exit_head_compute_s': 0.0, 'exit_check_s': 0.0, 'worker_elapsed_s': 4.405598156154156e-05}, {'node': 'edge', 'executed_segments': [], 'queue_s': 0.0018045000001620792, 'segment_compute_s': 0.0, 'exit_head_compute_s': 0.0, 'exit_check_s': 0.0, 'worker_elapsed_s': 0.00014629999986937037}, {'node': 'cloud', 'executed_segments': [0, 1, 2, 3, 4, 5, 6, 7, 8, 9, 10, 11, 12, 13, 14, 15, 16, 17, 18], 'queue_s': 0.0022298440017038956, 'segment_compute_s': 0.01593539498571772, 'exit_head_compute_s': 0.0010130769951501861, 'exit_check_s': 0.00041356201109010726, 'worker_elapsed_s': 0.01867362500343006}], 'sample_id': 'balanced_007_0780_00007762', 'label': 7, 'correct': True, 'observed_utility': -0.8530585999542382}",balanced_007_0780_00007762,60,7762,0.48528027534484863,2931975627208053355,0.37061171999084763,0.0037541039928328246,0
0.0,0.01845093299925793,0.01845093299925793,4.6259985538199544e-05,7.150000010369695e-05,0.01845093299925793,0.13506130297309937,4.6259985538199544e-05,0.37691170297330245,0.21635204799804342,7.150000010369695e-05,0.23860960000001796,0.022257552001974545,0.003240800000185118,0.002205110009526834,0.37698862998513505,0.01856432599015534,1784947644.3801982,1784947643.64924,1784947643.89924,0.0004199910181341693,0.0009731729951454327,0.002205110009526834,0.015822329005459324,0.9999939203262329,0.13506130297309937,ablate-cloud-only-resnet50-cifar10-pi5-r3-20260725-104648:v1,1,4.6259985538199544e-05,unknown,0.21635204799804342,0.0,0.0,0.002303799999936018,0.0,"{'device': [], 'edge': [], 'cloud': [0, 1, 2, 3, 4, 5, 6, 7, 8, 9, 10, 11, 12, 13, 14, 15, 16, 17, 18]}",19,final,cloud,True,1,1.0,5.0,1.0,0.37698862998513505,-0.8849431499256752,1,691fb8d085a44ab597972edd9f1da638,61,"{'device_compute': 4.6259985538199544e-05, 'd2e_transport': 0.13506130297309937, 'edge_queue': 0.002303799999936018, 'edge_segment_compute': 0.0, 'edge_exit_head_compute': 0.0, 'edge_exit_check': 0.0, 'e2c_transport': 0.21635204799804342, 'cloud_queue': 0.002205110009526834, 'cloud_segment_compute': 0.015822329005459324, 'cloud_exit_head_compute': 0.0009731729951454327, 'cloud_exit_check': 0.0004199910181341693, 'total_latency': 0.37698862998513505, 'unattributed_overhead': 0.003804616000252281, 'request_id': '691fb8d085a44ab597972edd9f1da638', 'user_id': 0, 'prediction': 1, 'exit_id': 'final', 'exit_boundary_id': 19, 'exit_location': 'cloud', 'confidence': 0.9999939203262329, 'executed_segments_by_node': {'device': [], 'edge': [], 'cloud': [0, 1, 2, 3, 4, 5, 6, 7, 8, 9, 10, 11, 12, 13, 14, 15, 16, 17, 18]}, 'nodes': [{'node': 'device', 'executed_segments': [], 'queue_s': 0.0, 'segment_compute_s': 0.0, 'exit_head_compute_s': 0.0, 'exit_check_s': 0.0, 'worker_elapsed_s': 4.6259985538199544e-05}, {'node': 'edge', 'executed_segments': [], 'queue_s': 0.002303799999936018, 'segment_compute_s': 0.0, 'exit_head_compute_s': 0.0, 'exit_check_s': 0.0, 'worker_elapsed_s': 0.00014170000031299423}, {'node': 'cloud', 'executed_segments': [0, 1, 2, 3, 4, 5, 6, 7, 8, 9, 10, 11, 12, 13, 14, 15, 16, 17, 18], 'queue_s': 0.002205110009526834, 'segment_compute_s': 0.015822329005459324, 'exit_head_compute_s': 0.0009731729951454327, 'exit_check_s': 0.0004199910181341693, 'worker_elapsed_s': 0.01856432599015534}], 'sample_id': 'balanced_001_0728_00007359', 'label': 1, 'correct': True, 'observed_utility': -0.8849431499256752}",balanced_001_0728_00007359,61,7359,0.4809582233428955,2931975627208053355,0.37698862998513505,0.003804616000252281,0
0.0,0.018241124009364285,0.018241124009364285,4.298199201002717e-05,7.310000000870787e-05,0.018241124009364285,0.14040903800969318,4.298199201002717e-05,0.38254503800999373,0.21777765800425186,7.310000000870787e-05,0.2399595000001682,0.02218184199591633,0.0021765000001323642,0.0025290300109190866,0.3826154829876032,0.01830925399553962,1784947644.785414,1784947644.0532413,1784947644.3032413,0.0004037069884361699,0.0009401809948030859,0.0025290300109190866,0.015690490006818436,0.9795895218849182,0.14040903800969318,ablate-cloud-only-resnet50-cifar10-pi5-r3-20260725-104648:v1,1,4.298199201002717e-05,unknown,0.21777765800425186,0.0,0.0,0.0012708999997812498,0.0,"{'device': [], 'edge': [], 'cloud': [0, 1, 2, 3, 4, 5, 6, 7, 8, 9, 10, 11, 12, 13, 14, 15, 16, 17, 18]}",19,final,cloud,True,2,1.0,5.0,1.0,0.3826154829876032,-0.9130774149380159,2,ea0d87c04bea4f60bef3761e8deeccbd,62,"{'device_compute': 4.298199201002717e-05, 'd2e_transport': 0.14040903800969318, 'edge_queue': 0.0012708999997812498, 'edge_segment_compute': 0.0, 'edge_exit_head_compute': 0.0, 'edge_exit_check': 0.0, 'e2c_transport': 0.21777765800425186, 'cloud_queue': 0.0025290300109190866, 'cloud_segment_compute': 0.015690490006818436, 'cloud_exit_head_compute': 0.0009401809948030859, 'cloud_exit_check': 0.0004037069884361699, 'total_latency': 0.3826154829876032, 'unattributed_overhead': 0.0035514969808900787, 'request_id': 'ea0d87c04bea4f60bef3761e8deeccbd', 'user_id': 0, 'prediction': 2, 'exit_id': 'final', 'exit_boundary_id': 19, 'exit_location': 'cloud', 'confidence': 0.9795895218849182, 'executed_segments_by_node': {'device': [], 'edge': [], 'cloud': [0, 1, 2, 3, 4, 5, 6, 7, 8, 9, 10, 11, 12, 13, 14, 15, 16, 17, 18]}, 'nodes': [{'node': 'device', 'executed_segments': [], 'queue_s': 0.0, 'segment_compute_s': 0.0, 'exit_head_compute_s': 0.0, 'exit_check_s': 0.0, 'worker_elapsed_s': 4.298199201002717e-05}, {'node': 'edge', 'executed_segments': [], 'queue_s': 0.0012708999997812498, 'segment_compute_s': 0.0, 'exit_head_compute_s': 0.0, 'exit_check_s': 0.0, 'worker_elapsed_s': 0.00014620000001741573}, {'node': 'cloud', 'executed_segments': [0, 1, 2, 3, 4, 5, 6, 7, 8, 9, 10, 11, 12, 13, 14, 15, 16, 17, 18], 'queue_s': 0.0025290300109190866, 'segment_compute_s': 0.015690490006818436, 'exit_head_compute_s': 0.0009401809948030859, 'exit_check_s': 0.0004037069884361699, 'worker_elapsed_s': 0.01830925399553962}], 'sample_id': 'balanced_002_0355_00003428', 'label': 2, 'correct': True, 'observed_utility': -0.9130774149380159}",balanced_002_0355_00003428,62,3428,0.48217272758483887,2931975627208053355,0.3826154829876032,0.0035514969808900787,0
0.0,0.018547902000136673,0.018547902000136673,4.15929825976491e-05,7.289999985005124e-05,0.018547902000136673,0.15395312099417424,4.15929825976491e-05,0.385271520994138,0.20634204200814565,7.289999985005124e-05,0.22870400000010704,0.02236195799196139,0.002614399999856687,0.002364899992244318,0.38534103997517377,0.01862008700845763,1784947645.1943696,1784947644.4624152,1784947644.7124152,0.00042271899292245507,0.0009907479834510013,0.002364899992244318,0.015877973986789584,0.9999262094497681,0.15395312099417424,ablate-cloud-only-resnet50-cifar10-pi5-r3-20260725-104648:v2,2,4.15929825976491e-05,unknown,0.20634204200814565,0.0,0.0,0.0013359000004129484,0.0,"{'device': [], 'edge': [], 'cloud': [0, 1, 2, 3, 4, 5, 6, 7, 8, 9, 10, 11, 12, 13, 14, 15, 16, 17, 18]}",19,final,cloud,True,1,1.0,5.0,1.0,0.38534103997517377,-0.9267051998758689,1,cc98b3ddd9a84284863a5d59a33956d4,63,"{'device_compute': 4.15929825976491e-05, 'd2e_transport': 0.15395312099417424, 'edge_queue': 0.0013359000004129484, 'edge_segment_compute': 0.0, 'edge_exit_head_compute': 0.0, 'edge_exit_check': 0.0, 'e2c_transport': 0.20634204200814565, 'cloud_queue': 0.002364899992244318, 'cloud_segment_compute': 0.015877973986789584, 'cloud_exit_head_compute': 0.0009907479834510013, 'cloud_exit_check': 0.00042271899292245507, 'total_latency': 0.38534103997517377, 'unattributed_overhead': 0.004012043034435919, 'request_id': 'cc98b3ddd9a84284863a5d59a33956d4', 'user_id': 0, 'prediction': 1, 'exit_id': 'final', 'exit_boundary_id': 19, 'exit_location': 'cloud', 'confidence': 0.9999262094497681, 'executed_segments_by_node': {'device': [], 'edge': [], 'cloud': [0, 1, 2, 3, 4, 5, 6, 7, 8, 9, 10, 11, 12, 13, 14, 15, 16, 17, 18]}, 'nodes': [{'node': 'device', 'executed_segments': [], 'queue_s': 0.0, 'segment_compute_s': 0.0, 'exit_head_compute_s': 0.0, 'exit_check_s': 0.0, 'worker_elapsed_s': 4.15929825976491e-05}, {'node': 'edge', 'executed_segments': [], 'queue_s': 0.0013359000004129484, 'segment_compute_s': 0.0, 'exit_head_compute_s': 0.0, 'exit_check_s': 0.0, 'worker_elapsed_s': 0.00014409999994313694}, {'node': 'cloud', 'executed_segments': [0, 1, 2, 3, 4, 5, 6, 7, 8, 9, 10, 11, 12, 13, 14, 15, 16, 17, 18], 'queue_s': 0.002364899992244318, 'segment_compute_s': 0.015877973986789584, 'exit_head_compute_s': 0.0009907479834510013, 'exit_check_s': 0.00042271899292245507, 'worker_elapsed_s': 0.01862008700845763}], 'sample_id': 'balanced_001_0458_00004613', 'label': 1, 'correct': True, 'observed_utility': -0.9267051998758689}",balanced_001_0458_00004613,63,4613,0.48195433616638184,2931975627208053355,0.38534103997517377,0.004012043034435919,0
0.0,0.016207774009671994,0.016207774009671994,4.6685978304594755e-05,9.020000015880214e-05,0.016207774009671994,0.16921114699380269,4.6685978304594755e-05,0.376864146994194,0.1846046570026374,9.020000015880214e-05,0.20444320000024163,0.019838542997604236,0.0032098000001496985,0.002209714992204681,0.3769415559945628,0.016276900001685135,1784947645.6137772,1784947644.883239,1784947645.133239,0.00036111800000071526,0.00086998101323843,0.002209714992204681,0.013897336015361361,0.9993284940719604,0.16921114699380269,ablate-cloud-only-resnet50-cifar10-pi5-r3-20260725-104648:v2,2,4.6685978304594755e-05,unknown,0.1846046570026374,0.0,0.0,0.0020459000002119865,0.0,"{'device': [], 'edge': [], 'cloud': [0, 1, 2, 3, 4, 5, 6, 7, 8, 9, 10, 11, 12, 13, 14, 15, 16, 17, 18]}",19,final,cloud,True,6,1.0,5.0,1.0,0.3769415559945628,-0.884707779972814,6,060443485e2a49f69a8ec27097719d1d,64,"{'device_compute': 4.6685978304594755e-05, 'd2e_transport': 0.16921114699380269, 'edge_queue': 0.0020459000002119865, 'edge_segment_compute': 0.0, 'edge_exit_head_compute': 0.0, 'edge_exit_check': 0.0, 'e2c_transport': 0.1846046570026374, 'cloud_queue': 0.002209714992204681, 'cloud_segment_compute': 0.013897336015361361, 'cloud_exit_head_compute': 0.00086998101323843, 'cloud_exit_check': 0.00036111800000071526, 'total_latency': 0.3769415559945628, 'unattributed_overhead': 0.0036950159988009545, 'request_id': '060443485e2a49f69a8ec27097719d1d', 'user_id': 0, 'prediction': 6, 'exit_id': 'final', 'exit_boundary_id': 19, 'exit_location': 'cloud', 'confidence': 0.9993284940719604, 'executed_segments_by_node': {'device': [], 'edge': [], 'cloud': [0, 1, 2, 3, 4, 5, 6, 7, 8, 9, 10, 11, 12, 13, 14, 15, 16, 17, 18]}, 'nodes': [{'node': 'device', 'executed_segments': [], 'queue_s': 0.0, 'segment_compute_s': 0.0, 'exit_head_compute_s': 0.0, 'exit_check_s': 0.0, 'worker_elapsed_s': 4.6685978304594755e-05}, {'node': 'edge', 'executed_segments': [], 'queue_s': 0.0020459000002119865, 'segment_compute_s': 0.0, 'exit_head_compute_s': 0.0, 'exit_check_s': 0.0, 'worker_elapsed_s': 0.00019190000011803932}, {'node': 'cloud', 'executed_segments': [0, 1, 2, 3, 4, 5, 6, 7, 8, 9, 10, 11, 12, 13, 14, 15, 16, 17, 18], 'queue_s': 0.002209714992204681, 'segment_compute_s': 0.013897336015361361, 'exit_head_compute_s': 0.00086998101323843, 'exit_check_s': 0.00036111800000071526, 'worker_elapsed_s': 0.016276900001685135}], 'sample_id': 'balanced_006_0180_00001663', 'label': 6, 'correct': True, 'observed_utility': -0.884707779972814}",balanced_006_0180_00001663,64,1663,0.48053812980651855,2931975627208053355,0.3769415559945628,0.0036950159988009545,0
0.0,0.01855324399366509,0.01855324399366509,4.438997711986303e-05,8.639999987281044e-05,0.01855324399366509,0.1647665440154924,4.438997711986303e-05,0.3844345440156758,0.19386514600182636,8.639999987281044e-05,0.21597590000010314,0.022110753998276778,0.003692100000080245,0.002151188993593678,0.38450808299239725,0.01862553000682965,1784947646.0164583,1784947645.2853565,1784947645.5353565,0.0004225449956720695,0.0010086630063597113,0.002151188993593678,0.015879675003816374,0.9806610345840454,0.1647665440154924,ablate-cloud-only-resnet50-cifar10-pi5-r3-20260725-104648:v2,2,4.438997711986303e-05,unknown,0.19386514600182636,0.0,0.0,0.0027460000001156004,0.0,"{'device': [], 'edge': [], 'cloud': [0, 1, 2, 3, 4, 5, 6, 7, 8, 9, 10, 11, 12, 13, 14, 15, 16, 17, 18]}",19,final,cloud,True,0,1.0,5.0,1.0,0.38450808299239725,-0.9225404149619862,0,543bc720785945eeb0a0e35784bff8cc,65,"{'device_compute': 4.438997711986303e-05, 'd2e_transport': 0.1647665440154924, 'edge_queue': 0.0027460000001156004, 'edge_segment_compute': 0.0, 'edge_exit_head_compute': 0.0, 'edge_exit_check': 0.0, 'e2c_transport': 0.19386514600182636, 'cloud_queue': 0.002151188993593678, 'cloud_segment_compute': 0.015879675003816374, 'cloud_exit_head_compute': 0.0010086630063597113, 'cloud_exit_check': 0.0004225449956720695, 'total_latency': 0.38450808299239725, 'unattributed_overhead': 0.0036239309984011925, 'request_id': '543bc720785945eeb0a0e35784bff8cc', 'user_id': 0, 'prediction': 0, 'exit_id': 'final', 'exit_boundary_id': 19, 'exit_location': 'cloud', 'confidence': 0.9806610345840454, 'executed_segments_by_node': {'device': [], 'edge': [], 'cloud': [0, 1, 2, 3, 4, 5, 6, 7, 8, 9, 10, 11, 12, 13, 14, 15, 16, 17, 18]}, 'nodes': [{'node': 'device', 'executed_segments': [], 'queue_s': 0.0, 'segment_compute_s': 0.0, 'exit_head_compute_s': 0.0, 'exit_check_s': 0.0, 'worker_elapsed_s': 4.438997711986303e-05}, {'node': 'edge', 'executed_segments': [], 'queue_s': 0.0027460000001156004, 'segment_compute_s': 0.0, 'exit_head_compute_s': 0.0, 'exit_check_s': 0.0, 'worker_elapsed_s': 0.0001708999998299987}, {'node': 'cloud', 'executed_segments': [0, 1, 2, 3, 4, 5, 6, 7, 8, 9, 10, 11, 12, 13, 14, 15, 16, 17, 18], 'queue_s': 0.002151188993593678, 'segment_compute_s': 0.015879675003816374, 'exit_head_compute_s': 0.0010086630063597113, 'exit_check_s': 0.0004225449956720695, 'worker_elapsed_s': 0.01862553000682965}], 'sample_id': 'balanced_000_0560_00005679', 'label': 0, 'correct': True, 'observed_utility': -0.9225404149619862}",balanced_000_0560_00005679,65,5679,0.48110175132751465,2931975627208053355,0.38450808299239725,0.0036239309984011925,0
0.0,0.0186748499982059,0.0186748499982059,4.7205016016960144e-05,7.31999998606625e-05,0.0186748499982059,0.07925761700107614,4.7205016016960144e-05,0.23032031700131483,0.12649308400023074,7.31999998606625e-05,0.1487314000000879,0.02223831599985715,0.0023313000001508044,0.0021264269889798015,0.23039835502277128,0.018748166010482237,1784947646.5055187,1784947645.7143545,1784947645.9643545,0.0004206480080028996,0.001005112993880175,0.0021264269889798015,0.01598056401417125,0.9999977350234985,0.07925761700107614,ablate-cloud-only-resnet50-cifar10-pi5-r3-20260725-104648:v2,2,4.7205016016960144e-05,unknown,0.12649308400023074,0.0,0.0,0.001352700000097684,0.0,"{'device': [], 'edge': [], 'cloud': [0, 1, 2, 3, 4, 5, 6, 7, 8, 9, 10, 11, 12, 13, 14, 15, 16, 17, 18]}",19,final,cloud,True,7,1.0,5.0,1.0,0.23039835502277128,-0.15199177511385642,7,c8ec27d3101649d195165273763f5f4a,66,"{'device_compute': 4.7205016016960144e-05, 'd2e_transport': 0.07925761700107614, 'edge_queue': 0.001352700000097684, 'edge_segment_compute': 0.0, 'edge_exit_head_compute': 0.0, 'edge_exit_check': 0.0, 'e2c_transport': 0.12649308400023074, 'cloud_queue': 0.0021264269889798015, 'cloud_segment_compute': 0.01598056401417125, 'cloud_exit_head_compute': 0.001005112993880175, 'cloud_exit_check': 0.0004206480080028996, 'total_latency': 0.23039835502277128, 'unattributed_overhead': 0.003714997000315634, 'request_id': 'c8ec27d3101649d195165273763f5f4a', 'user_id': 0, 'prediction': 7, 'exit_id': 'final', 'exit_boundary_id': 19, 'exit_location': 'cloud', 'confidence': 0.9999977350234985, 'executed_segments_by_node': {'device': [], 'edge': [], 'cloud': [0, 1, 2, 3, 4, 5, 6, 7, 8, 9, 10, 11, 12, 13, 14, 15, 16, 17, 18]}, 'nodes': [{'node': 'device', 'executed_segments': [], 'queue_s': 0.0, 'segment_compute_s': 0.0, 'exit_head_compute_s': 0.0, 'exit_check_s': 0.0, 'worker_elapsed_s': 4.7205016016960144e-05}, {'node': 'edge', 'executed_segments': [], 'queue_s': 0.001352700000097684, 'segment_compute_s': 0.0, 'exit_head_compute_s': 0.0, 'exit_check_s': 0.0, 'worker_elapsed_s': 0.0001495999999860942}, {'node': 'cloud', 'executed_segments': [0, 1, 2, 3, 4, 5, 6, 7, 8, 9, 10, 11, 12, 13, 14, 15, 16, 17, 18], 'queue_s': 0.0021264269889798015, 'segment_compute_s': 0.01598056401417125, 'exit_head_compute_s': 0.001005112993880175, 'exit_check_s': 0.0004206480080028996, 'worker_elapsed_s': 0.018748166010482237}], 'sample_id': 'balanced_007_0655_00006420', 'label': 7, 'correct': True, 'observed_utility': -0.15199177511385642}",balanced_007_0655_00006420,66,6420,0.5411641597747803,2931975627208053355,0.23039835502277128,0.003714997000315634,0
0.0,0.01837956698727794,0.01837956698727794,4.585299757309258e-05,7.159999995565158e-05,0.01837956698727794,0.09681075299886288,4.585299757309258e-05,0.30865125299897045,0.1878365530010342,7.159999995565158e-05,0.20970459999989544,0.021868046998861246,0.002135900000212132,0.0020536850061034784,0.3087279769824818,0.01844568399246782,1784947646.814352,1784947646.0352142,1784947646.2852142,0.00041374699503649026,0.0009555539872962981,0.0020536850061034784,0.01578050803800579,0.9971091151237488,0.09681075299886288,ablate-cloud-only-resnet50-cifar10-pi5-r3-20260725-104648:v2,2,4.585299757309258e-05,unknown,0.1878365530010342,0.0,0.0,0.00124660000028598,0.0,"{'device': [], 'edge': [], 'cloud': [0, 1, 2, 3, 4, 5, 6, 7, 8, 9, 10, 11, 12, 13, 14, 15, 16, 17, 18]}",19,final,cloud,True,7,1.0,5.0,1.0,0.3087279769824818,-0.5436398849124089,7,57ba58d9e9cd4c7d9b4bc195e6a4aaa8,67,"{'device_compute': 4.585299757309258e-05, 'd2e_transport': 0.09681075299886288, 'edge_queue': 0.00124660000028598, 'edge_segment_compute': 0.0, 'edge_exit_head_compute': 0.0, 'edge_exit_check': 0.0, 'e2c_transport': 0.1878365530010342, 'cloud_queue': 0.0020536850061034784, 'cloud_segment_compute': 0.01578050803800579, 'cloud_exit_head_compute': 0.0009555539872962981, 'cloud_exit_check': 0.00041374699503649026, 'total_latency': 0.3087279769824818, 'unattributed_overhead': 0.0035847239582835755, 'request_id': '57ba58d9e9cd4c7d9b4bc195e6a4aaa8', 'user_id': 0, 'prediction': 7, 'exit_id': 'final', 'exit_boundary_id': 19, 'exit_location': 'cloud', 'confidence': 0.9971091151237488, 'executed_segments_by_node': {'device': [], 'edge': [], 'cloud': [0, 1, 2, 3, 4, 5, 6, 7, 8, 9, 10, 11, 12, 13, 14, 15, 16, 17, 18]}, 'nodes': [{'node': 'device', 'executed_segments': [], 'queue_s': 0.0, 'segment_compute_s': 0.0, 'exit_head_compute_s': 0.0, 'exit_check_s': 0.0, 'worker_elapsed_s': 4.585299757309258e-05}, {'node': 'edge', 'executed_segments': [], 'queue_s': 0.00124660000028598, 'segment_compute_s': 0.0, 'exit_head_compute_s': 0.0, 'exit_check_s': 0.0, 'worker_elapsed_s': 0.00014099999998506973}, {'node': 'cloud', 'executed_segments': [0, 1, 2, 3, 4, 5, 6, 7, 8, 9, 10, 11, 12, 13, 14, 15, 16, 17, 18], 'queue_s': 0.0020536850061034784, 'segment_compute_s': 0.01578050803800579, 'exit_head_compute_s': 0.0009555539872962981, 'exit_check_s': 0.00041374699503649026, 'worker_elapsed_s': 0.01844568399246782}], 'sample_id': 'balanced_007_0456_00004634', 'label': 7, 'correct': True, 'observed_utility': -0.5436398849124089}",balanced_007_0456_00004634,67,4634,0.5291378498077393,2931975627208053355,0.3087279769824818,0.0035847239582835755,0
0.0,0.01869118098693434,0.01869118098693434,4.987200372852385e-05,9.739999995872495e-05,0.01869118098693434,0.1681451029899108,4.987200372852385e-05,0.4105909029894974,0.21572424099485943,9.739999995872495e-05,0.23841989999982616,0.02269565900496673,0.0040258999997604406,0.002469604994985275,0.4106729780032765,0.01878572399436962,1784947647.224987,1784947646.4465826,1784947646.6965826,0.0004231649945722893,0.0009871210058918223,0.002469604994985275,0.016033165986300446,0.9999995231628418,0.1681451029899108,ablate-cloud-only-resnet50-cifar10-pi5-r3-20260725-104648:v2,2,4.987200372852385e-05,unknown,0.21572424099485943,0.0,0.0,0.0028035000000272703,0.0,"{'device': [], 'edge': [], 'cloud': [0, 1, 2, 3, 4, 5, 6, 7, 8, 9, 10, 11, 12, 13, 14, 15, 16, 17, 18]}",19,final,cloud,True,0,1.0,5.0,1.0,0.4106729780032765,-1.0533648900163826,0,f137ad0ce4664903a73f630f08f60ec2,68,"{'device_compute': 4.987200372852385e-05, 'd2e_transport': 0.1681451029899108, 'edge_queue': 0.0028035000000272703, 'edge_segment_compute': 0.0, 'edge_exit_head_compute': 0.0, 'edge_exit_check': 0.0, 'e2c_transport': 0.21572424099485943, 'cloud_queue': 0.002469604994985275, 'cloud_segment_compute': 0.016033165986300446, 'cloud_exit_head_compute': 0.0009871210058918223, 'cloud_exit_check': 0.0004231649945722893, 'total_latency': 0.4106729780032765, 'unattributed_overhead': 0.004037205033000646, 'request_id': 'f137ad0ce4664903a73f630f08f60ec2', 'user_id': 0, 'prediction': 0, 'exit_id': 'final', 'exit_boundary_id': 19, 'exit_location': 'cloud', 'confidence': 0.9999995231628418, 'executed_segments_by_node': {'device': [], 'edge': [], 'cloud': [0, 1, 2, 3, 4, 5, 6, 7, 8, 9, 10, 11, 12, 13, 14, 15, 16, 17, 18]}, 'nodes': [{'node': 'device', 'executed_segments': [], 'queue_s': 0.0, 'segment_compute_s': 0.0, 'exit_head_compute_s': 0.0, 'exit_check_s': 0.0, 'worker_elapsed_s': 4.987200372852385e-05}, {'node': 'edge', 'executed_segments': [], 'queue_s': 0.0028035000000272703, 'segment_compute_s': 0.0, 'exit_head_compute_s': 0.0, 'exit_check_s': 0.0, 'worker_elapsed_s': 0.00019670000028781942}, {'node': 'cloud', 'executed_segments': [0, 1, 2, 3, 4, 5, 6, 7, 8, 9, 10, 11, 12, 13, 14, 15, 16, 17, 18], 'queue_s': 0.002469604994985275, 'segment_compute_s': 0.016033165986300446, 'exit_head_compute_s': 0.0009871210058918223, 'exit_check_s': 0.0004231649945722893, 'worker_elapsed_s': 0.01878572399436962}], 'sample_id': 'balanced_000_0276_00002782', 'label': 0, 'correct': True, 'observed_utility': -1.0533648900163826}",balanced_000_0276_00002782,68,2782,0.5284044742584229,2931975627208053355,0.4106729780032765,0.004037205033000646,0
0.0,0.018577269001980312,0.018577269001980312,3.668601857498288e-05,8.660000003146706e-05,0.018577269001980312,0.2593071129949749,3.668601857498288e-05,0.4651476129947696,0.18073204800521125,8.660000003146706e-05,0.20294659999990472,0.022214551994693466,0.0028938999998899817,0.00219842599472031,0.46520739200059325,0.018647344011696987,1784947647.6824973,1784947646.9515164,1784947647.2015164,0.00041586901352275163,0.000998350980808027,0.00219842599472031,0.015929613000480458,0.6266449093818665,0.2593071129949749,ablate-cloud-only-resnet50-cifar10-pi5-r3-20260725-104648:v2,2,3.668601857498288e-05,unknown,0.18073204800521125,0.0,0.0,0.0017994999998336425,0.0,"{'device': [], 'edge': [], 'cloud': [0, 1, 2, 3, 4, 5, 6, 7, 8, 9, 10, 11, 12, 13, 14, 15, 16, 17, 18]}",19,final,cloud,False,2,1.0,5.0,0.0,0.46520739200059325,-2.3260369600029662,6,96ae3952824c45ecac1fff850d2d6d58,69,"{'device_compute': 3.668601857498288e-05, 'd2e_transport': 0.2593071129949749, 'edge_queue': 0.0017994999998336425, 'edge_segment_compute': 0.0, 'edge_exit_head_compute': 0.0, 'edge_exit_check': 0.0, 'e2c_transport': 0.18073204800521125, 'cloud_queue': 0.00219842599472031, 'cloud_segment_compute': 0.015929613000480458, 'cloud_exit_head_compute': 0.000998350980808027, 'cloud_exit_check': 0.00041586901352275163, 'total_latency': 0.46520739200059325, 'unattributed_overhead': 0.003789785992466932, 'request_id': '96ae3952824c45ecac1fff850d2d6d58', 'user_id': 0, 'prediction': 6, 'exit_id': 'final', 'exit_boundary_id': 19, 'exit_location': 'cloud', 'confidence': 0.6266449093818665, 'executed_segments_by_node': {'device': [], 'edge': [], 'cloud': [0, 1, 2, 3, 4, 5, 6, 7, 8, 9, 10, 11, 12, 13, 14, 15, 16, 17, 18]}, 'nodes': [{'node': 'device', 'executed_segments': [], 'queue_s': 0.0, 'segment_compute_s': 0.0, 'exit_head_compute_s': 0.0, 'exit_check_s': 0.0, 'worker_elapsed_s': 3.668601857498288e-05}, {'node': 'edge', 'executed_segments': [], 'queue_s': 0.0017994999998336425, 'segment_compute_s': 0.0, 'exit_head_compute_s': 0.0, 'exit_check_s': 0.0, 'worker_elapsed_s': 0.00017380000008415664}, {'node': 'cloud', 'executed_segments': [0, 1, 2, 3, 4, 5, 6, 7, 8, 9, 10, 11, 12, 13, 14, 15, 16, 17, 18], 'queue_s': 0.00219842599472031, 'segment_compute_s': 0.015929613000480458, 'exit_head_compute_s': 0.000998350980808027, 'exit_check_s': 0.00041586901352275163, 'worker_elapsed_s': 0.018647344011696987}], 'sample_id': 'balanced_002_0758_00007561', 'label': 2, 'correct': False, 'observed_utility': -2.3260369600029662}",balanced_002_0758_00007561,69,7561,0.48098087310791016,2931975627208053355,0.46520739200059325,0.003789785992466932,0
0.0,0.01864397201279644,0.01864397201279644,3.218601341359317e-05,7.10999997863837e-05,0.01864397201279644,0.23146346200064727,3.218601341359317e-05,0.4783029620011803,0.2223358539936271,7.10999997863837e-05,0.244608700000299,0.022272846006671898,0.0022308000002340123,0.0022118060005595908,0.47835796399158426,0.018715950005571358,1784947648.181056,1784947647.4473822,1784947647.6973822,0.00042764897807501256,0.0009805309964576736,0.0022118060005595908,0.015972149994922802,0.9347479939460754,0.23146346200064727,ablate-cloud-only-resnet50-cifar10-pi5-r3-20260725-104648:v2,2,3.218601341359317e-05,unknown,0.2223358539936271,0.0,0.0,0.001402599999892118,0.0,"{'device': [], 'edge': [], 'cloud': [0, 1, 2, 3, 4, 5, 6, 7, 8, 9, 10, 11, 12, 13, 14, 15, 16, 17, 18]}",19,final,cloud,True,3,1.0,5.0,1.0,0.47835796399158426,-1.3917898199579213,3,185b6e2c6a224ecdbea96ac0b51ed141,70,"{'device_compute': 3.218601341359317e-05, 'd2e_transport': 0.23146346200064727, 'edge_queue': 0.001402599999892118, 'edge_segment_compute': 0.0, 'edge_exit_head_compute': 0.0, 'edge_exit_check': 0.0, 'e2c_transport': 0.2223358539936271, 'cloud_queue': 0.0022118060005595908, 'cloud_segment_compute': 0.015972149994922802, 'cloud_exit_head_compute': 0.0009805309964576736, 'cloud_exit_check': 0.00042764897807501256, 'total_latency': 0.47835796399158426, 'unattributed_overhead': 0.0035317260139891005, 'request_id': '185b6e2c6a224ecdbea96ac0b51ed141', 'user_id': 0, 'prediction': 3, 'exit_id': 'final', 'exit_boundary_id': 19, 'exit_location': 'cloud', 'confidence': 0.9347479939460754, 'executed_segments_by_node': {'device': [], 'edge': [], 'cloud': [0, 1, 2, 3, 4, 5, 6, 7, 8, 9, 10, 11, 12, 13, 14, 15, 16, 17, 18]}, 'nodes': [{'node': 'device', 'executed_segments': [], 'queue_s': 0.0, 'segment_compute_s': 0.0, 'exit_head_compute_s': 0.0, 'exit_check_s': 0.0, 'worker_elapsed_s': 3.218601341359317e-05}, {'node': 'edge', 'executed_segments': [], 'queue_s': 0.001402599999892118, 'segment_compute_s': 0.0, 'exit_head_compute_s': 0.0, 'exit_check_s': 0.0, 'worker_elapsed_s': 0.00014210000017556013}, {'node': 'cloud', 'executed_segments': [0, 1, 2, 3, 4, 5, 6, 7, 8, 9, 10, 11, 12, 13, 14, 15, 16, 17, 18], 'queue_s': 0.0022118060005595908, 'segment_compute_s': 0.015972149994922802, 'exit_head_compute_s': 0.0009805309964576736, 'exit_check_s': 0.00042764897807501256, 'worker_elapsed_s': 0.018715950005571358}], 'sample_id': 'balanced_003_0619_00006168', 'label': 3, 'correct': True, 'observed_utility': -1.3917898199579213}",balanced_003_0619_00006168,70,6168,0.4836738109588623,2931975627208053355,0.47835796399158426,0.0035317260139891005,0
0.0,0.018231940004625358,0.018231940004625358,3.4038006560876966e-05,0.00010239999983241432,0.018231940004625358,0.14144300698217194,3.4038006560876966e-05,0.36326940698199905,0.1957063899917557,0.00010239999983241432,0.21763370000007853,0.02192731000832282,0.004192699999748584,0.00223444499715697,0.36332614900311455,0.018299471004866064,1784947648.700518,1784947647.9682248,1784947648.2182248,0.00040484400233253837,0.0009467679919907823,0.00223444499715697,0.015664885999285616,0.9999984502792358,0.14144300698217194,ablate-cloud-only-resnet50-cifar10-pi5-r3-20260725-104648:v2,2,3.4038006560876966e-05,unknown,0.1957063899917557,0.0,0.0,0.00298689999999624,0.0,"{'device': [], 'edge': [], 'cloud': [0, 1, 2, 3, 4, 5, 6, 7, 8, 9, 10, 11, 12, 13, 14, 15, 16, 17, 18]}",19,final,cloud,True,6,1.0,5.0,1.0,0.36332614900311455,-0.8166307450155728,6,a12bb893df3f40eebd80e5f82e931a00,71,"{'device_compute': 3.4038006560876966e-05, 'd2e_transport': 0.14144300698217194, 'edge_queue': 0.00298689999999624, 'edge_segment_compute': 0.0, 'edge_exit_head_compute': 0.0, 'edge_exit_check': 0.0, 'e2c_transport': 0.1957063899917557, 'cloud_queue': 0.00223444499715697, 'cloud_segment_compute': 0.015664885999285616, 'cloud_exit_head_compute': 0.0009467679919907823, 'cloud_exit_check': 0.00040484400233253837, 'total_latency': 0.36332614900311455, 'unattributed_overhead': 0.003904871031863877, 'request_id': 'a12bb893df3f40eebd80e5f82e931a00', 'user_id': 0, 'prediction': 6, 'exit_id': 'final', 'exit_boundary_id': 19, 'exit_location': 'cloud', 'confidence': 0.9999984502792358, 'executed_segments_by_node': {'device': [], 'edge': [], 'cloud': [0, 1, 2, 3, 4, 5, 6, 7, 8, 9, 10, 11, 12, 13, 14, 15, 16, 17, 18]}, 'nodes': [{'node': 'device', 'executed_segments': [], 'queue_s': 0.0, 'segment_compute_s': 0.0, 'exit_head_compute_s': 0.0, 'exit_check_s': 0.0, 'worker_elapsed_s': 3.4038006560876966e-05}, {'node': 'edge', 'executed_segments': [], 'queue_s': 0.00298689999999624, 'segment_compute_s': 0.0, 'exit_head_compute_s': 0.0, 'exit_check_s': 0.0, 'worker_elapsed_s': 0.00020869999980277498}, {'node': 'cloud', 'executed_segments': [0, 1, 2, 3, 4, 5, 6, 7, 8, 9, 10, 11, 12, 13, 14, 15, 16, 17, 18], 'queue_s': 0.00223444499715697, 'segment_compute_s': 0.015664885999285616, 'exit_head_compute_s': 0.0009467679919907823, 'exit_check_s': 0.00040484400233253837, 'worker_elapsed_s': 0.018299471004866064}], 'sample_id': 'balanced_006_0674_00006801', 'label': 6, 'correct': True, 'observed_utility': -0.8166307450155728}",balanced_006_0674_00006801,71,6801,0.48229312896728516,2931975627208053355,0.36332614900311455,0.003904871031863877,0
0.0,0.01847850700141862,0.01847850700141862,3.094499697908759e-05,0.00011279999989710632,0.01847850700141862,0.14904893101947891,3.094499697908759e-05,0.38120273101958446,0.20586523900283282,0.00011279999989710632,0.2279433999997309,0.022078160996898077,0.004210400000374648,0.0021564750059042126,0.38125552801648155,0.01855461800005287,1784947649.0923035,1784947648.361835,1784947648.611835,0.00042424800631124526,0.0009755080245668069,0.0021564750059042126,0.015841240048757754,0.9056292176246643,0.14904893101947891,ablate-cloud-only-resnet50-cifar10-pi5-r3-20260725-104648:v2,2,3.094499697908759e-05,unknown,0.20586523900283282,0.0,0.0,0.0028526000000965723,0.0,"{'device': [], 'edge': [], 'cloud': [0, 1, 2, 3, 4, 5, 6, 7, 8, 9, 10, 11, 12, 13, 14, 15, 16, 17, 18]}",19,final,cloud,True,7,1.0,5.0,1.0,0.38125552801648155,-0.9062776400824077,7,dc02a0d119c94084b46226ee21f25e4e,72,"{'device_compute': 3.094499697908759e-05, 'd2e_transport': 0.14904893101947891, 'edge_queue': 0.0028526000000965723, 'edge_segment_compute': 0.0, 'edge_exit_head_compute': 0.0, 'edge_exit_check': 0.0, 'e2c_transport': 0.20586523900283282, 'cloud_queue': 0.0021564750059042126, 'cloud_segment_compute': 0.015841240048757754, 'cloud_exit_head_compute': 0.0009755080245668069, 'cloud_exit_check': 0.00042424800631124526, 'total_latency': 0.38125552801648155, 'unattributed_overhead': 0.004060341911554133, 'request_id': 'dc02a0d119c94084b46226ee21f25e4e', 'user_id': 0, 'prediction': 7, 'exit_id': 'final', 'exit_boundary_id': 19, 'exit_location': 'cloud', 'confidence': 0.9056292176246643, 'executed_segments_by_node': {'device': [], 'edge': [], 'cloud': [0, 1, 2, 3, 4, 5, 6, 7, 8, 9, 10, 11, 12, 13, 14, 15, 16, 17, 18]}, 'nodes': [{'node': 'device', 'executed_segments': [], 'queue_s': 0.0, 'segment_compute_s': 0.0, 'exit_head_compute_s': 0.0, 'exit_check_s': 0.0, 'worker_elapsed_s': 3.094499697908759e-05}, {'node': 'edge', 'executed_segments': [], 'queue_s': 0.0028526000000965723, 'segment_compute_s': 0.0, 'exit_head_compute_s': 0.0, 'exit_check_s': 0.0, 'worker_elapsed_s': 0.0002243999997517676}, {'node': 'cloud', 'executed_segments': [0, 1, 2, 3, 4, 5, 6, 7, 8, 9, 10, 11, 12, 13, 14, 15, 16, 17, 18], 'queue_s': 0.0021564750059042126, 'segment_compute_s': 0.015841240048757754, 'exit_head_compute_s': 0.0009755080245668069, 'exit_check_s': 0.00042424800631124526, 'worker_elapsed_s': 0.01855461800005287}], 'sample_id': 'balanced_007_0291_00003044', 'label': 7, 'correct': True, 'observed_utility': -0.9062776400824077}",balanced_007_0291_00003044,72,3044,0.4804685115814209,2931975627208053355,0.38125552801648155,0.004060341911554133,0
0.0,0.01846366199606564,0.01846366199606564,3.1889008823782206e-05,7.359999972322839e-05,0.01846366199606564,0.1663731499916139,3.1889008823782206e-05,0.40309174999129027,0.21259624400681787,7.359999972322839e-05,0.23462689999996655,0.022030655993148685,0.0020916999997098173,0.0021573260019067675,0.40314593599759974,0.018536096991738304,1784947649.5042062,1784947648.7670822,1784947649.0170822,0.00042160501470789313,0.0009838050173129886,0.0021573260019067675,0.015803311980562285,0.9999997615814209,0.1663731499916139,ablate-cloud-only-resnet50-cifar10-pi5-r3-20260725-104648:v2,2,3.1889008823782206e-05,unknown,0.21259624400681787,0.0,0.0,0.001241299999946932,0.0,"{'device': [], 'edge': [], 'cloud': [0, 1, 2, 3, 4, 5, 6, 7, 8, 9, 10, 11, 12, 13, 14, 15, 16, 17, 18]}",19,final,cloud,True,2,1.0,5.0,1.0,0.40314593599759974,-1.0157296799879987,2,2cfd069fb83c429bbbb52702398f3ec8,73,"{'device_compute': 3.1889008823782206e-05, 'd2e_transport': 0.1663731499916139, 'edge_queue': 0.001241299999946932, 'edge_segment_compute': 0.0, 'edge_exit_head_compute': 0.0, 'edge_exit_check': 0.0, 'e2c_transport': 0.21259624400681787, 'cloud_queue': 0.0021573260019067675, 'cloud_segment_compute': 0.015803311980562285, 'cloud_exit_head_compute': 0.0009838050173129886, 'cloud_exit_check': 0.00042160501470789313, 'total_latency': 0.40314593599759974, 'unattributed_overhead': 0.0035373049759073183, 'request_id': '2cfd069fb83c429bbbb52702398f3ec8', 'user_id': 0, 'prediction': 2, 'exit_id': 'final', 'exit_boundary_id': 19, 'exit_location': 'cloud', 'confidence': 0.9999997615814209, 'executed_segments_by_node': {'device': [], 'edge': [], 'cloud': [0, 1, 2, 3, 4, 5, 6, 7, 8, 9, 10, 11, 12, 13, 14, 15, 16, 17, 18]}, 'nodes': [{'node': 'device', 'executed_segments': [], 'queue_s': 0.0, 'segment_compute_s': 0.0, 'exit_head_compute_s': 0.0, 'exit_check_s': 0.0, 'worker_elapsed_s': 3.1889008823782206e-05}, {'node': 'edge', 'executed_segments': [], 'queue_s': 0.001241299999946932, 'segment_compute_s': 0.0, 'exit_head_compute_s': 0.0, 'exit_check_s': 0.0, 'worker_elapsed_s': 0.00014740000005986076}, {'node': 'cloud', 'executed_segments': [0, 1, 2, 3, 4, 5, 6, 7, 8, 9, 10, 11, 12, 13, 14, 15, 16, 17, 18], 'queue_s': 0.0021573260019067675, 'segment_compute_s': 0.015803311980562285, 'exit_head_compute_s': 0.0009838050173129886, 'exit_check_s': 0.00042160501470789313, 'worker_elapsed_s': 0.018536096991738304}], 'sample_id': 'balanced_002_0239_00002332', 'label': 2, 'correct': True, 'observed_utility': -1.0157296799879987}",balanced_002_0239_00002332,73,2332,0.487123966217041,2931975627208053355,0.40314593599759974,0.0035373049759073183,0
0.0,0.016869034996489063,0.016869034996489063,2.9907998396083713e-05,8.819999993647798e-05,0.016869034996489063,0.140941389013733,2.9907998396083713e-05,0.36333678901428357,0.19592562399157032,8.819999993647798e-05,0.21711820000018633,0.021192576008616015,0.005277200000364246,0.002184907003538683,0.3633880669949576,0.016938757005846128,1784947649.9342825,1784947649.1989205,1784947649.4489205,0.00038305699126794934,0.0008614179969299585,0.002184907003538683,0.014505639977869578,0.9999728202819824,0.140941389013733,ablate-cloud-only-resnet50-cifar10-pi5-r3-20260725-104648:v2,2,2.9907998396083713e-05,unknown,0.19592562399157032,0.0,0.0,0.003346500000134256,0.0,"{'device': [], 'edge': [], 'cloud': [0, 1, 2, 3, 4, 5, 6, 7, 8, 9, 10, 11, 12, 13, 14, 15, 16, 17, 18]}",19,final,cloud,True,7,1.0,5.0,1.0,0.3633880669949576,-0.8169403349747881,7,555e883f8fce4bdb9c02647b54ac8168,74,"{'device_compute': 2.9907998396083713e-05, 'd2e_transport': 0.140941389013733, 'edge_queue': 0.003346500000134256, 'edge_segment_compute': 0.0, 'edge_exit_head_compute': 0.0, 'edge_exit_check': 0.0, 'e2c_transport': 0.19592562399157032, 'cloud_queue': 0.002184907003538683, 'cloud_segment_compute': 0.014505639977869578, 'cloud_exit_head_compute': 0.0008614179969299585, 'cloud_exit_check': 0.00038305699126794934, 'total_latency': 0.3633880669949576, 'unattributed_overhead': 0.005209624021517811, 'request_id': '555e883f8fce4bdb9c02647b54ac8168', 'user_id': 0, 'prediction': 7, 'exit_id': 'final', 'exit_boundary_id': 19, 'exit_location': 'cloud', 'confidence': 0.9999728202819824, 'executed_segments_by_node': {'device': [], 'edge': [], 'cloud': [0, 1, 2, 3, 4, 5, 6, 7, 8, 9, 10, 11, 12, 13, 14, 15, 16, 17, 18]}, 'nodes': [{'node': 'device', 'executed_segments': [], 'queue_s': 0.0, 'segment_compute_s': 0.0, 'exit_head_compute_s': 0.0, 'exit_check_s': 0.0, 'worker_elapsed_s': 2.9907998396083713e-05}, {'node': 'edge', 'executed_segments': [], 'queue_s': 0.003346500000134256, 'segment_compute_s': 0.0, 'exit_head_compute_s': 0.0, 'exit_check_s': 0.0, 'worker_elapsed_s': 0.00017280000020036823}, {'node': 'cloud', 'executed_segments': [0, 1, 2, 3, 4, 5, 6, 7, 8, 9, 10, 11, 12, 13, 14, 15, 16, 17, 18], 'queue_s': 0.002184907003538683, 'segment_compute_s': 0.014505639977869578, 'exit_head_compute_s': 0.0008614179969299585, 'exit_check_s': 0.00038305699126794934, 'worker_elapsed_s': 0.016938757005846128}], 'sample_id': 'balanced_007_0176_00001828', 'label': 7, 'correct': True, 'observed_utility': -0.8169403349747881}",balanced_007_0176_00001828,74,1828,0.48536205291748047,2931975627208053355,0.3633880669949576,0.005209624021517811,0
0.0,0.016534597001736984,0.016534597001736984,3.322301199659705e-05,8.190000016838894e-05,0.016534597001736984,0.16641518898813956,3.322301199659705e-05,0.3887430889881216,0.1978585059937359,8.190000016838894e-05,0.21870480000006864,0.020846294006332755,0.003623099999913393,0.0028207510040374473,0.3887982930173166,0.016657380998367444,1784947650.3187442,1784947649.5881293,1784947649.8381293,0.000377108997781761,0.0009137059823842719,0.0028207510040374473,0.014154036965919659,0.9999932050704956,0.16641518898813956,ablate-cloud-only-resnet50-cifar10-pi5-r3-20260725-104648:v2,2,3.322301199659705e-05,unknown,0.1978585059937359,0.0,0.0,0.0023118999997677747,0.0,"{'device': [], 'edge': [], 'cloud': [0, 1, 2, 3, 4, 5, 6, 7, 8, 9, 10, 11, 12, 13, 14, 15, 16, 17, 18]}",19,final,cloud,True,8,1.0,5.0,1.0,0.3887982930173166,-0.943991465086583,8,74a44cfc16c348c784a10afdf8b42201,75,"{'device_compute': 3.322301199659705e-05, 'd2e_transport': 0.16641518898813956, 'edge_queue': 0.0023118999997677747, 'edge_segment_compute': 0.0, 'edge_exit_head_compute': 0.0, 'edge_exit_check': 0.0, 'e2c_transport': 0.1978585059937359, 'cloud_queue': 0.0028207510040374473, 'cloud_segment_compute': 0.014154036965919659, 'cloud_exit_head_compute': 0.0009137059823842719, 'cloud_exit_check': 0.000377108997781761, 'total_latency': 0.3887982930173166, 'unattributed_overhead': 0.003913872073553648, 'request_id': '74a44cfc16c348c784a10afdf8b42201', 'user_id': 0, 'prediction': 8, 'exit_id': 'final', 'exit_boundary_id': 19, 'exit_location': 'cloud', 'confidence': 0.9999932050704956, 'executed_segments_by_node': {'device': [], 'edge': [], 'cloud': [0, 1, 2, 3, 4, 5, 6, 7, 8, 9, 10, 11, 12, 13, 14, 15, 16, 17, 18]}, 'nodes': [{'node': 'device', 'executed_segments': [], 'queue_s': 0.0, 'segment_compute_s': 0.0, 'exit_head_compute_s': 0.0, 'exit_check_s': 0.0, 'worker_elapsed_s': 3.322301199659705e-05}, {'node': 'edge', 'executed_segments': [], 'queue_s': 0.0023118999997677747, 'segment_compute_s': 0.0, 'exit_head_compute_s': 0.0, 'exit_check_s': 0.0, 'worker_elapsed_s': 0.00016249999998763087}, {'node': 'cloud', 'executed_segments': [0, 1, 2, 3, 4, 5, 6, 7, 8, 9, 10, 11, 12, 13, 14, 15, 16, 17, 18], 'queue_s': 0.0028207510040374473, 'segment_compute_s': 0.014154036965919659, 'exit_head_compute_s': 0.0009137059823842719, 'exit_check_s': 0.000377108997781761, 'worker_elapsed_s': 0.016657380998367444}], 'sample_id': 'balanced_008_0148_00001349', 'label': 8, 'correct': True, 'observed_utility': -0.943991465086583}",balanced_008_0148_00001349,75,1349,0.48061490058898926,2931975627208053355,0.3887982930173166,0.003913872073553648,0
0.0,0.016227815998718143,0.016227815998718143,5.027902079746127e-05,7.129999994504033e-05,0.016227815998718143,0.17021121699917785,5.027902079746127e-05,0.38038191699888557,0.18779805498843416,7.129999994504033e-05,0.20765259999961927,0.01985454501118511,0.0025181000000884524,0.002209475002018735,0.38045430701458827,0.016299833994708024,1784947650.7368107,1784947649.9993155,1784947650.2493155,0.00038004599628038704,0.000901273000636138,0.002209475002018735,0.013848608999978751,0.9999043941497803,0.17021121699917785,ablate-cloud-only-resnet50-cifar10-pi5-r3-20260725-104648:v2,2,5.027902079746127e-05,unknown,0.18779805498843416,0.0,0.0,0.0014722999999321473,0.0,"{'device': [], 'edge': [], 'cloud': [0, 1, 2, 3, 4, 5, 6, 7, 8, 9, 10, 11, 12, 13, 14, 15, 16, 17, 18]}",19,final,cloud,True,9,1.0,5.0,1.0,0.38045430701458827,-0.9022715350729413,9,41557d37f04d4109981f74233c8c1293,76,"{'device_compute': 5.027902079746127e-05, 'd2e_transport': 0.17021121699917785, 'edge_queue': 0.0014722999999321473, 'edge_segment_compute': 0.0, 'edge_exit_head_compute': 0.0, 'edge_exit_check': 0.0, 'e2c_transport': 0.18779805498843416, 'cloud_queue': 0.002209475002018735, 'cloud_segment_compute': 0.013848608999978751, 'cloud_exit_head_compute': 0.000901273000636138, 'cloud_exit_check': 0.00038004599628038704, 'total_latency': 0.38045430701458827, 'unattributed_overhead': 0.003583053007332637, 'request_id': '41557d37f04d4109981f74233c8c1293', 'user_id': 0, 'prediction': 9, 'exit_id': 'final', 'exit_boundary_id': 19, 'exit_location': 'cloud', 'confidence': 0.9999043941497803, 'executed_segments_by_node': {'device': [], 'edge': [], 'cloud': [0, 1, 2, 3, 4, 5, 6, 7, 8, 9, 10, 11, 12, 13, 14, 15, 16, 17, 18]}, 'nodes': [{'node': 'device', 'executed_segments': [], 'queue_s': 0.0, 'segment_compute_s': 0.0, 'exit_head_compute_s': 0.0, 'exit_check_s': 0.0, 'worker_elapsed_s': 5.027902079746127e-05}, {'node': 'edge', 'executed_segments': [], 'queue_s': 0.0014722999999321473, 'segment_compute_s': 0.0, 'exit_head_compute_s': 0.0, 'exit_check_s': 0.0, 'worker_elapsed_s': 0.00014139999984763563}, {'node': 'cloud', 'executed_segments': [0, 1, 2, 3, 4, 5, 6, 7, 8, 9, 10, 11, 12, 13, 14, 15, 16, 17, 18], 'queue_s': 0.002209475002018735, 'segment_compute_s': 0.013848608999978751, 'exit_head_compute_s': 0.000901273000636138, 'exit_check_s': 0.00038004599628038704, 'worker_elapsed_s': 0.016299833994708024}], 'sample_id': 'balanced_009_0689_00006963', 'label': 9, 'correct': True, 'observed_utility': -0.9022715350729413}",balanced_009_0689_00006963,76,6963,0.48749518394470215,2931975627208053355,0.38045430701458827,0.003583053007332637,0
0.0,0.015980247990228236,0.015980247990228236,3.0037015676498413e-05,7.230000028357608e-05,0.015980247990228236,0.14609027000233255,3.0037015676498413e-05,0.3719165700022131,0.20380867000721992,7.230000028357608e-05,0.2234032000001207,0.01959452999290079,0.00242309999975987,0.002217588000348769,0.371968570019817,0.016044089003116824,1784947651.1551125,1784947650.4179971,1784947650.6679971,0.0003639070055214688,0.0008943510183598846,0.002217588000348769,0.013665494989254512,0.9716266989707947,0.14609027000233255,ablate-cloud-only-resnet50-cifar10-pi5-r3-20260725-104648:v2,2,3.0037015676498413e-05,unknown,0.20380867000721992,0.0,0.0,0.0012725999999929627,0.0,"{'device': [], 'edge': [], 'cloud': [0, 1, 2, 3, 4, 5, 6, 7, 8, 9, 10, 11, 12, 13, 14, 15, 16, 17, 18]}",19,final,cloud,True,0,1.0,5.0,1.0,0.371968570019817,-0.8598428500990849,0,35f75689b77b4ef59469504042cca354,77,"{'device_compute': 3.0037015676498413e-05, 'd2e_transport': 0.14609027000233255, 'edge_queue': 0.0012725999999929627, 'edge_segment_compute': 0.0, 'edge_exit_head_compute': 0.0, 'edge_exit_check': 0.0, 'e2c_transport': 0.20380867000721992, 'cloud_queue': 0.002217588000348769, 'cloud_segment_compute': 0.013665494989254512, 'cloud_exit_head_compute': 0.0008943510183598846, 'cloud_exit_check': 0.0003639070055214688, 'total_latency': 0.371968570019817, 'unattributed_overhead': 0.0036256519811104226, 'request_id': '35f75689b77b4ef59469504042cca354', 'user_id': 0, 'prediction': 0, 'exit_id': 'final', 'exit_boundary_id': 19, 'exit_location': 'cloud', 'confidence': 0.9716266989707947, 'executed_segments_by_node': {'device': [], 'edge': [], 'cloud': [0, 1, 2, 3, 4, 5, 6, 7, 8, 9, 10, 11, 12, 13, 14, 15, 16, 17, 18]}, 'nodes': [{'node': 'device', 'executed_segments': [], 'queue_s': 0.0, 'segment_compute_s': 0.0, 'exit_head_compute_s': 0.0, 'exit_check_s': 0.0, 'worker_elapsed_s': 3.0037015676498413e-05}, {'node': 'edge', 'executed_segments': [], 'queue_s': 0.0012725999999929627, 'segment_compute_s': 0.0, 'exit_head_compute_s': 0.0, 'exit_check_s': 0.0, 'worker_elapsed_s': 0.00014550000014423858}, {'node': 'cloud', 'executed_segments': [0, 1, 2, 3, 4, 5, 6, 7, 8, 9, 10, 11, 12, 13, 14, 15, 16, 17, 18], 'queue_s': 0.002217588000348769, 'segment_compute_s': 0.013665494989254512, 'exit_head_compute_s': 0.0008943510183598846, 'exit_check_s': 0.0003639070055214688, 'worker_elapsed_s': 0.016044089003116824}], 'sample_id': 'balanced_000_0013_00000153', 'label': 0, 'correct': True, 'observed_utility': -0.8598428500990849}",balanced_000_0013_00000153,77,153,0.48711538314819336,2931975627208053355,0.371968570019817,0.0036256519811104226,0
0.0,0.016254424990620464,0.016254424990620464,3.1889008823782206e-05,7.199999981821747e-05,0.016254424990620464,0.191594157018244,3.1889008823782206e-05,0.4746252570184879,0.2604112459953285,7.199999981821747e-05,0.28025250000018787,0.019841254004859366,0.0027786000000560307,0.0021532699902309105,0.4746789619966876,0.016322702009347267,1784947651.5601864,1784947650.8212998,1784947651.0712998,0.00038072500319685787,0.0008939969993662089,0.0021532699902309105,0.013910765992477536,0.9981619715690613,0.191594157018244,ablate-cloud-only-resnet50-cifar10-pi5-r3-20260725-104648:v2,2,3.1889008823782206e-05,unknown,0.2604112459953285,0.0,0.0,0.0015389000000141095,0.0,"{'device': [], 'edge': [], 'cloud': [0, 1, 2, 3, 4, 5, 6, 7, 8, 9, 10, 11, 12, 13, 14, 15, 16, 17, 18]}",19,final,cloud,True,3,1.0,5.0,1.0,0.4746789619966876,-1.3733948099834379,3,190b652535b44c928a51f285e8acd3e5,78,"{'device_compute': 3.1889008823782206e-05, 'd2e_transport': 0.191594157018244, 'edge_queue': 0.0015389000000141095, 'edge_segment_compute': 0.0, 'edge_exit_head_compute': 0.0, 'edge_exit_check': 0.0, 'e2c_transport': 0.2604112459953285, 'cloud_queue': 0.0021532699902309105, 'cloud_segment_compute': 0.013910765992477536, 'cloud_exit_head_compute': 0.0008939969993662089, 'cloud_exit_check': 0.00038072500319685787, 'total_latency': 0.4746789619966876, 'unattributed_overhead': 0.0037640119890056667, 'request_id': '190b652535b44c928a51f285e8acd3e5', 'user_id': 0, 'prediction': 3, 'exit_id': 'final', 'exit_boundary_id': 19, 'exit_location': 'cloud', 'confidence': 0.9981619715690613, 'executed_segments_by_node': {'device': [], 'edge': [], 'cloud': [0, 1, 2, 3, 4, 5, 6, 7, 8, 9, 10, 11, 12, 13, 14, 15, 16, 17, 18]}, 'nodes': [{'node': 'device', 'executed_segments': [], 'queue_s': 0.0, 'segment_compute_s': 0.0, 'exit_head_compute_s': 0.0, 'exit_check_s': 0.0, 'worker_elapsed_s': 3.1889008823782206e-05}, {'node': 'edge', 'executed_segments': [], 'queue_s': 0.0015389000000141095, 'segment_compute_s': 0.0, 'exit_head_compute_s': 0.0, 'exit_check_s': 0.0, 'worker_elapsed_s': 0.00014609999971071375}, {'node': 'cloud', 'executed_segments': [0, 1, 2, 3, 4, 5, 6, 7, 8, 9, 10, 11, 12, 13, 14, 15, 16, 17, 18], 'queue_s': 0.0021532699902309105, 'segment_compute_s': 0.013910765992477536, 'exit_head_compute_s': 0.0008939969993662089, 'exit_check_s': 0.00038072500319685787, 'worker_elapsed_s': 0.016322702009347267}], 'sample_id': 'balanced_003_0002_00000046', 'label': 3, 'correct': True, 'observed_utility': -1.3733948099834379}",balanced_003_0002_00000046,78,46,0.48888659477233887,2931975627208053355,0.4746789619966876,0.0037640119890056667,0
0.0,0.015604847008944489,0.015604847008944489,3.375997766852379e-05,0.00010070000007544877,0.015604847008944489,0.12907192099919484,3.375997766852379e-05,0.4047155209991615,0.2534414149886288,0.00010070000007544877,0.2723955000001297,0.018954085011500865,0.0032480999998369953,0.0020197459962219,0.4047733369807247,0.015663389000110328,1784947652.0630279,1784947651.3297193,1784947651.5797193,0.0003438889980316162,0.0008256139844888821,0.0020197459962219,0.013379155047005042,0.9999943971633911,0.12907192099919484,ablate-cloud-only-resnet50-cifar10-pi5-r3-20260725-104648:v2,2,3.375997766852379e-05,unknown,0.2534414149886288,0.0,0.0,0.0020104000000173983,0.0,"{'device': [], 'edge': [], 'cloud': [0, 1, 2, 3, 4, 5, 6, 7, 8, 9, 10, 11, 12, 13, 14, 15, 16, 17, 18]}",19,final,cloud,True,4,1.0,5.0,1.0,0.4047733369807247,-1.0238666849036235,4,1efa72a26ebe4b17b82658b42ba8f251,79,"{'device_compute': 3.375997766852379e-05, 'd2e_transport': 0.12907192099919484, 'edge_queue': 0.0020104000000173983, 'edge_segment_compute': 0.0, 'edge_exit_head_compute': 0.0, 'edge_exit_check': 0.0, 'e2c_transport': 0.2534414149886288, 'cloud_queue': 0.0020197459962219, 'cloud_segment_compute': 0.013379155047005042, 'cloud_exit_head_compute': 0.0008256139844888821, 'cloud_exit_check': 0.0003438889980316162, 'total_latency': 0.4047733369807247, 'unattributed_overhead': 0.0036474369894676784, 'request_id': '1efa72a26ebe4b17b82658b42ba8f251', 'user_id': 0, 'prediction': 4, 'exit_id': 'final', 'exit_boundary_id': 19, 'exit_location': 'cloud', 'confidence': 0.9999943971633911, 'executed_segments_by_node': {'device': [], 'edge': [], 'cloud': [0, 1, 2, 3, 4, 5, 6, 7, 8, 9, 10, 11, 12, 13, 14, 15, 16, 17, 18]}, 'nodes': [{'node': 'device', 'executed_segments': [], 'queue_s': 0.0, 'segment_compute_s': 0.0, 'exit_head_compute_s': 0.0, 'exit_check_s': 0.0, 'worker_elapsed_s': 3.375997766852379e-05}, {'node': 'edge', 'executed_segments': [], 'queue_s': 0.0020104000000173983, 'segment_compute_s': 0.0, 'exit_head_compute_s': 0.0, 'exit_check_s': 0.0, 'worker_elapsed_s': 0.00019359999987500487}, {'node': 'cloud', 'executed_segments': [0, 1, 2, 3, 4, 5, 6, 7, 8, 9, 10, 11, 12, 13, 14, 15, 16, 17, 18], 'queue_s': 0.0020197459962219, 'segment_compute_s': 0.013379155047005042, 'exit_head_compute_s': 0.0008256139844888821, 'exit_check_s': 0.0003438889980316162, 'worker_elapsed_s': 0.015663389000110328}], 'sample_id': 'balanced_004_0067_00000769', 'label': 4, 'correct': True, 'observed_utility': -1.0238666849036235}",balanced_004_0067_00000769,79,769,0.4833085536956787,2931975627208053355,0.4047733369807247,0.0036474369894676784,0
0.0,0.019374201001483016,0.019374201001483016,4.887100658379495e-05,7.099999993442907e-05,0.019374201001483016,0.17386549099546755,4.887100658379495e-05,0.38645729099516757,0.1874611039947922,7.099999993442907e-05,0.21040069999980915,0.022939596005016938,0.0021910999998908665,0.0020556250092340633,0.386538904014742,0.0194442979991436,1784947652.5748985,1784947651.8371727,1784947652.0871727,0.0004231169878039509,0.0010614509956212714,0.0020556250092340633,0.01674779600580223,0.9999880790710449,0.17386549099546755,ablate-cloud-only-resnet50-cifar10-pi5-r3-20260725-104648:v2,2,4.887100658379495e-05,unknown,0.1874611039947922,0.0,0.0,0.0013742999999521999,0.0,"{'device': [], 'edge': [], 'cloud': [0, 1, 2, 3, 4, 5, 6, 7, 8, 9, 10, 11, 12, 13, 14, 15, 16, 17, 18]}",19,final,cloud,True,1,1.0,5.0,1.0,0.386538904014742,-0.93269452007371,1,88a7a70db31a44389e3e97986b394212,80,"{'device_compute': 4.887100658379495e-05, 'd2e_transport': 0.17386549099546755, 'edge_queue': 0.0013742999999521999, 'edge_segment_compute': 0.0, 'edge_exit_head_compute': 0.0, 'edge_exit_check': 0.0, 'e2c_transport': 0.1874611039947922, 'cloud_queue': 0.0020556250092340633, 'cloud_segment_compute': 0.01674779600580223, 'cloud_exit_head_compute': 0.0010614509956212714, 'cloud_exit_check': 0.0004231169878039509, 'total_latency': 0.386538904014742, 'unattributed_overhead': 0.0035011490194847283, 'request_id': '88a7a70db31a44389e3e97986b394212', 'user_id': 0, 'prediction': 1, 'exit_id': 'final', 'exit_boundary_id': 19, 'exit_location': 'cloud', 'confidence': 0.9999880790710449, 'executed_segments_by_node': {'device': [], 'edge': [], 'cloud': [0, 1, 2, 3, 4, 5, 6, 7, 8, 9, 10, 11, 12, 13, 14, 15, 16, 17, 18]}, 'nodes': [{'node': 'device', 'executed_segments': [], 'queue_s': 0.0, 'segment_compute_s': 0.0, 'exit_head_compute_s': 0.0, 'exit_check_s': 0.0, 'worker_elapsed_s': 4.887100658379495e-05}, {'node': 'edge', 'executed_segments': [], 'queue_s': 0.0013742999999521999, 'segment_compute_s': 0.0, 'exit_head_compute_s': 0.0, 'exit_check_s': 0.0, 'worker_elapsed_s': 0.0001420000003236055}, {'node': 'cloud', 'executed_segments': [0, 1, 2, 3, 4, 5, 6, 7, 8, 9, 10, 11, 12, 13, 14, 15, 16, 17, 18], 'queue_s': 0.0020556250092340633, 'segment_compute_s': 0.01674779600580223, 'exit_head_compute_s': 0.0010614509956212714, 'exit_check_s': 0.0004231169878039509, 'worker_elapsed_s': 0.0194442979991436}], 'sample_id': 'balanced_001_0074_00000894', 'label': 1, 'correct': True, 'observed_utility': -0.93269452007371}",balanced_001_0074_00000894,80,894,0.48772573471069336,2931975627208053355,0.386538904014742,0.0035011490194847283,0
0.0,0.016325799995684065,0.016325799995684065,4.224097938276827e-05,0.00014239999973142403,0.016325799995684065,0.21890483999004573,4.224097938276827e-05,0.3626355399901513,0.11851124900158538,0.00014239999973142403,0.13845069999979387,0.019939450998208486,0.005280000000311702,0.002191214996855706,0.362707688997034,0.016398181003751233,1784947653.0093315,1784947652.276836,1784947652.526836,0.0003761830012081191,0.0009007459884742275,0.002191214996855706,0.013973808992886916,0.9984851479530334,0.21890483999004573,ablate-cloud-only-resnet50-cifar10-pi5-r3-20260725-104648:v2,2,4.224097938276827e-05,unknown,0.11851124900158538,0.0,0.0,0.0038267999998424784,0.0,"{'device': [], 'edge': [], 'cloud': [0, 1, 2, 3, 4, 5, 6, 7, 8, 9, 10, 11, 12, 13, 14, 15, 16, 17, 18]}",19,final,cloud,True,5,1.0,5.0,1.0,0.362707688997034,-0.8135384449851699,5,48dcaa4349d3435d8fda252067f8c2f8,81,"{'device_compute': 4.224097938276827e-05, 'd2e_transport': 0.21890483999004573, 'edge_queue': 0.0038267999998424784, 'edge_segment_compute': 0.0, 'edge_exit_head_compute': 0.0, 'edge_exit_check': 0.0, 'e2c_transport': 0.11851124900158538, 'cloud_queue': 0.002191214996855706, 'cloud_segment_compute': 0.013973808992886916, 'cloud_exit_head_compute': 0.0009007459884742275, 'cloud_exit_check': 0.0003761830012081191, 'total_latency': 0.362707688997034, 'unattributed_overhead': 0.003980606046752655, 'request_id': '48dcaa4349d3435d8fda252067f8c2f8', 'user_id': 0, 'prediction': 5, 'exit_id': 'final', 'exit_boundary_id': 19, 'exit_location': 'cloud', 'confidence': 0.9984851479530334, 'executed_segments_by_node': {'device': [], 'edge': [], 'cloud': [0, 1, 2, 3, 4, 5, 6, 7, 8, 9, 10, 11, 12, 13, 14, 15, 16, 17, 18]}, 'nodes': [{'node': 'device', 'executed_segments': [], 'queue_s': 0.0, 'segment_compute_s': 0.0, 'exit_head_compute_s': 0.0, 'exit_check_s': 0.0, 'worker_elapsed_s': 4.224097938276827e-05}, {'node': 'edge', 'executed_segments': [], 'queue_s': 0.0038267999998424784, 'segment_compute_s': 0.0, 'exit_head_compute_s': 0.0, 'exit_check_s': 0.0, 'worker_elapsed_s': 0.0002640000002429588}, {'node': 'cloud', 'executed_segments': [0, 1, 2, 3, 4, 5, 6, 7, 8, 9, 10, 11, 12, 13, 14, 15, 16, 17, 18], 'queue_s': 0.002191214996855706, 'segment_compute_s': 0.013973808992886916, 'exit_head_compute_s': 0.0009007459884742275, 'exit_check_s': 0.0003761830012081191, 'worker_elapsed_s': 0.016398181003751233}], 'sample_id': 'balanced_005_0057_00000550', 'label': 5, 'correct': True, 'observed_utility': -0.8135384449851699}",balanced_005_0057_00000550,81,550,0.4824955463409424,2931975627208053355,0.362707688997034,0.003980606046752655,0
0.0,0.016154255004948936,0.016154255004948936,4.6908011427149177e-05,0.00011050000011891825,0.016154255004948936,0.19790349601362323,4.6908011427149177e-05,0.3801599960133899,0.1589701369989598,0.00011050000011891825,0.17872579999993832,0.01975566300097853,0.0035306999998283572,0.002194221000536345,0.3802374610095285,0.016220866004005075,1784947653.3971288,1784947652.666765,1784947652.916765,0.00037463000626303256,0.0008964110020315275,0.002194221000536345,0.013820178006426431,0.9881237149238586,0.19790349601362323,ablate-cloud-only-resnet50-cifar10-pi5-r3-20260725-104648:v2,2,4.6908011427149177e-05,unknown,0.1589701369989598,0.0,0.0,0.002220800000031886,0.0,"{'device': [], 'edge': [], 'cloud': [0, 1, 2, 3, 4, 5, 6, 7, 8, 9, 10, 11, 12, 13, 14, 15, 16, 17, 18]}",19,final,cloud,True,5,1.0,5.0,1.0,0.3802374610095285,-0.9011873050476424,5,e80d7797775b475dad17baf01555e69e,82,"{'device_compute': 4.6908011427149177e-05, 'd2e_transport': 0.19790349601362323, 'edge_queue': 0.002220800000031886, 'edge_segment_compute': 0.0, 'edge_exit_head_compute': 0.0, 'edge_exit_check': 0.0, 'e2c_transport': 0.1589701369989598, 'cloud_queue': 0.002194221000536345, 'cloud_segment_compute': 0.013820178006426431, 'cloud_exit_head_compute': 0.0008964110020315275, 'cloud_exit_check': 0.00037463000626303256, 'total_latency': 0.3802374610095285, 'unattributed_overhead': 0.0038106799702291028, 'request_id': 'e80d7797775b475dad17baf01555e69e', 'user_id': 0, 'prediction': 5, 'exit_id': 'final', 'exit_boundary_id': 19, 'exit_location': 'cloud', 'confidence': 0.9881237149238586, 'executed_segments_by_node': {'device': [], 'edge': [], 'cloud': [0, 1, 2, 3, 4, 5, 6, 7, 8, 9, 10, 11, 12, 13, 14, 15, 16, 17, 18]}, 'nodes': [{'node': 'device', 'executed_segments': [], 'queue_s': 0.0, 'segment_compute_s': 0.0, 'exit_head_compute_s': 0.0, 'exit_check_s': 0.0, 'worker_elapsed_s': 4.6908011427149177e-05}, {'node': 'edge', 'executed_segments': [], 'queue_s': 0.002220800000031886, 'segment_compute_s': 0.0, 'exit_head_compute_s': 0.0, 'exit_check_s': 0.0, 'worker_elapsed_s': 0.00021379999998316634}, {'node': 'cloud', 'executed_segments': [0, 1, 2, 3, 4, 5, 6, 7, 8, 9, 10, 11, 12, 13, 14, 15, 16, 17, 18], 'queue_s': 0.002194221000536345, 'segment_compute_s': 0.013820178006426431, 'exit_head_compute_s': 0.0008964110020315275, 'exit_check_s': 0.00037463000626303256, 'worker_elapsed_s': 0.016220866004005075}], 'sample_id': 'balanced_005_0649_00006513', 'label': 5, 'correct': True, 'observed_utility': -0.9011873050476424}",balanced_005_0649_00006513,82,6513,0.4803638458251953,2931975627208053355,0.3802374610095285,0.0038106799702291028,0
0.0,0.01634890100103803,0.01634890100103803,4.661100683733821e-05,5.939999982729205e-05,0.01634890100103803,0.1385427620093651,4.661100683733821e-05,0.3667083620093763,0.2057878819978214,5.939999982729205e-05,0.22565949999989243,0.019871618002071045,0.0025061000001187494,0.002130678985849954,0.36678482600837015,0.016419987005065195,1784947653.8138719,1784947653.0814476,1784947653.3314476,0.00039846700383350253,0.0009025900071719661,0.002130678985849954,0.013972694025142118,0.9986656904220581,0.1385427620093651,ablate-cloud-only-resnet50-cifar10-pi5-r3-20260725-104648:v2,2,4.661100683733821e-05,unknown,0.2057878819978214,0.0,0.0,0.0015428000001520559,0.0,"{'device': [], 'edge': [], 'cloud': [0, 1, 2, 3, 4, 5, 6, 7, 8, 9, 10, 11, 12, 13, 14, 15, 16, 17, 18]}",19,final,cloud,True,1,1.0,5.0,1.0,0.36678482600837015,-0.8339241300418507,1,362950fb734940e38512c50c0e24c8b6,83,"{'device_compute': 4.661100683733821e-05, 'd2e_transport': 0.1385427620093651, 'edge_queue': 0.0015428000001520559, 'edge_segment_compute': 0.0, 'edge_exit_head_compute': 0.0, 'edge_exit_check': 0.0, 'e2c_transport': 0.2057878819978214, 'cloud_queue': 0.002130678985849954, 'cloud_segment_compute': 0.013972694025142118, 'cloud_exit_head_compute': 0.0009025900071719661, 'cloud_exit_check': 0.00039846700383350253, 'total_latency': 0.36678482600837015, 'unattributed_overhead': 0.003460340972196718, 'request_id': '362950fb734940e38512c50c0e24c8b6', 'user_id': 0, 'prediction': 1, 'exit_id': 'final', 'exit_boundary_id': 19, 'exit_location': 'cloud', 'confidence': 0.9986656904220581, 'executed_segments_by_node': {'device': [], 'edge': [], 'cloud': [0, 1, 2, 3, 4, 5, 6, 7, 8, 9, 10, 11, 12, 13, 14, 15, 16, 17, 18]}, 'nodes': [{'node': 'device', 'executed_segments': [], 'queue_s': 0.0, 'segment_compute_s': 0.0, 'exit_head_compute_s': 0.0, 'exit_check_s': 0.0, 'worker_elapsed_s': 4.661100683733821e-05}, {'node': 'edge', 'executed_segments': [], 'queue_s': 0.0015428000001520559, 'segment_compute_s': 0.0, 'exit_head_compute_s': 0.0, 'exit_check_s': 0.0, 'worker_elapsed_s': 0.00013230000013209064}, {'node': 'cloud', 'executed_segments': [0, 1, 2, 3, 4, 5, 6, 7, 8, 9, 10, 11, 12, 13, 14, 15, 16, 17, 18], 'queue_s': 0.002130678985849954, 'segment_compute_s': 0.013972694025142118, 'exit_head_compute_s': 0.0009025900071719661, 'exit_check_s': 0.00039846700383350253, 'worker_elapsed_s': 0.016419987005065195}], 'sample_id': 'balanced_001_0883_00008741', 'label': 1, 'correct': True, 'observed_utility': -0.8339241300418507}",balanced_001_0883_00008741,83,8741,0.482424259185791,2931975627208053355,0.36678482600837015,0.003460340972196718,0
0.0,0.016043616997194476,0.016043616997194476,4.3167005060240626e-05,0.00033140000005005277,0.016043616997194476,0.12734711899747708,4.3167005060240626e-05,0.28422271899762563,0.13296797999555565,0.00033140000005005277,0.15243180000015855,0.019463820004602894,0.004443799999990006,0.002029897994361818,0.2842956460081041,0.016106909009977244,1784947654.204407,1784947653.4727888,1784947653.7227888,0.0003635010070865974,0.0008574139937991276,0.002029897994361818,0.013770724035566673,0.999525785446167,0.12734711899747708,ablate-cloud-only-resnet50-cifar10-pi5-r3-20260725-104648:v2,2,4.3167005060240626e-05,unknown,0.13296797999555565,0.0,0.0,0.0026916000001619977,0.0,"{'device': [], 'edge': [], 'cloud': [0, 1, 2, 3, 4, 5, 6, 7, 8, 9, 10, 11, 12, 13, 14, 15, 16, 17, 18]}",19,final,cloud,True,3,1.0,5.0,1.0,0.2842956460081041,-0.42147823004052043,3,f3c38e440cde48f2951b8b4832d2ea62,84,"{'device_compute': 4.3167005060240626e-05, 'd2e_transport': 0.12734711899747708, 'edge_queue': 0.0026916000001619977, 'edge_segment_compute': 0.0, 'edge_exit_head_compute': 0.0, 'edge_exit_check': 0.0, 'e2c_transport': 0.13296797999555565, 'cloud_queue': 0.002029897994361818, 'cloud_segment_compute': 0.013770724035566673, 'cloud_exit_head_compute': 0.0008574139937991276, 'cloud_exit_check': 0.0003635010070865974, 'total_latency': 0.2842956460081041, 'unattributed_overhead': 0.004224242979034898, 'request_id': 'f3c38e440cde48f2951b8b4832d2ea62', 'user_id': 0, 'prediction': 3, 'exit_id': 'final', 'exit_boundary_id': 19, 'exit_location': 'cloud', 'confidence': 0.999525785446167, 'executed_segments_by_node': {'device': [], 'edge': [], 'cloud': [0, 1, 2, 3, 4, 5, 6, 7, 8, 9, 10, 11, 12, 13, 14, 15, 16, 17, 18]}, 'nodes': [{'node': 'device', 'executed_segments': [], 'queue_s': 0.0, 'segment_compute_s': 0.0, 'exit_head_compute_s': 0.0, 'exit_check_s': 0.0, 'worker_elapsed_s': 4.3167005060240626e-05}, {'node': 'edge', 'executed_segments': [], 'queue_s': 0.0026916000001619977, 'segment_compute_s': 0.0, 'exit_head_compute_s': 0.0, 'exit_check_s': 0.0, 'worker_elapsed_s': 0.0004590999997162726}, {'node': 'cloud', 'executed_segments': [0, 1, 2, 3, 4, 5, 6, 7, 8, 9, 10, 11, 12, 13, 14, 15, 16, 17, 18], 'queue_s': 0.002029897994361818, 'segment_compute_s': 0.013770724035566673, 'exit_head_compute_s': 0.0008574139937991276, 'exit_check_s': 0.0003635010070865974, 'worker_elapsed_s': 0.016106909009977244}], 'sample_id': 'balanced_003_0190_00001933', 'label': 3, 'correct': True, 'observed_utility': -0.42147823004052043}",balanced_003_0190_00001933,84,1933,0.48161816596984863,2931975627208053355,0.2842956460081041,0.004224242979034898,0
0.0,0.016292303000227548,0.016292303000227548,4.992599133402109e-05,6.650000023000757e-05,0.016292303000227548,0.12850928101170211,4.992599133402109e-05,0.48786678101168945,0.3364232929970967,6.650000023000757e-05,0.3561786000000211,0.019755307002924383,0.0031788999999662337,0.0020742360065924004,0.487948151974706,0.01636044699989725,1784947654.513221,1784947653.7817678,1784947654.0317678,0.0003774449724005535,0.0008938509854488075,0.0020742360065924004,0.013946635037427768,0.9995317459106445,0.12850928101170211,ablate-cloud-only-resnet50-cifar10-pi5-r3-20260725-104648:v2,2,4.992599133402109e-05,unknown,0.3364232929970967,0.0,0.0,0.002196200000071258,0.0,"{'device': [], 'edge': [], 'cloud': [0, 1, 2, 3, 4, 5, 6, 7, 8, 9, 10, 11, 12, 13, 14, 15, 16, 17, 18]}",19,final,cloud,True,2,1.0,5.0,1.0,0.487948151974706,-1.43974075987353,2,1e67d497173a46c9acfb399870ecdf56,85,"{'device_compute': 4.992599133402109e-05, 'd2e_transport': 0.12850928101170211, 'edge_queue': 0.002196200000071258, 'edge_segment_compute': 0.0, 'edge_exit_head_compute': 0.0, 'edge_exit_check': 0.0, 'e2c_transport': 0.3364232929970967, 'cloud_queue': 0.0020742360065924004, 'cloud_segment_compute': 0.013946635037427768, 'cloud_exit_head_compute': 0.0008938509854488075, 'cloud_exit_check': 0.0003774449724005535, 'total_latency': 0.487948151974706, 'unattributed_overhead': 0.003477284972632333, 'request_id': '1e67d497173a46c9acfb399870ecdf56', 'user_id': 0, 'prediction': 2, 'exit_id': 'final', 'exit_boundary_id': 19, 'exit_location': 'cloud', 'confidence': 0.9995317459106445, 'executed_segments_by_node': {'device': [], 'edge': [], 'cloud': [0, 1, 2, 3, 4, 5, 6, 7, 8, 9, 10, 11, 12, 13, 14, 15, 16, 17, 18]}, 'nodes': [{'node': 'device', 'executed_segments': [], 'queue_s': 0.0, 'segment_compute_s': 0.0, 'exit_head_compute_s': 0.0, 'exit_check_s': 0.0, 'worker_elapsed_s': 4.992599133402109e-05}, {'node': 'edge', 'executed_segments': [], 'queue_s': 0.002196200000071258, 'segment_compute_s': 0.0, 'exit_head_compute_s': 0.0, 'exit_check_s': 0.0, 'worker_elapsed_s': 0.00014760000021851738}, {'node': 'cloud', 'executed_segments': [0, 1, 2, 3, 4, 5, 6, 7, 8, 9, 10, 11, 12, 13, 14, 15, 16, 17, 18], 'queue_s': 0.0020742360065924004, 'segment_compute_s': 0.013946635037427768, 'exit_head_compute_s': 0.0008938509854488075, 'exit_check_s': 0.0003774449724005535, 'worker_elapsed_s': 0.01636044699989725}], 'sample_id': 'balanced_002_0237_00002321', 'label': 2, 'correct': True, 'observed_utility': -1.43974075987353}",balanced_002_0237_00002321,85,2321,0.48145318031311035,2931975627208053355,0.487948151974706,0.003477284972632333,0
0.0,0.016015101995435543,0.016015101995435543,4.6890025259926915e-05,9.279999994760146e-05,0.016015101995435543,0.13504794000573384,4.6890025259926915e-05,0.38795934000518173,0.2301817519883116,9.279999994760146e-05,0.2497537999997803,0.019572048011468723,0.003157599999667582,0.002137385992682539,0.388036397023825,0.01607778499601409,1784947655.0240576,1784947654.2938638,1784947654.5438638,0.00036375800846144557,0.0008928900060709566,0.002137385992682539,0.013702245021704584,0.9999969005584717,0.13504794000573384,ablate-cloud-only-resnet50-cifar10-pi5-r3-20260725-104648:v2,2,4.6890025259926915e-05,unknown,0.2301817519883116,0.0,0.0,0.0018810999999914202,0.0,"{'device': [], 'edge': [], 'cloud': [0, 1, 2, 3, 4, 5, 6, 7, 8, 9, 10, 11, 12, 13, 14, 15, 16, 17, 18]}",19,final,cloud,True,8,1.0,5.0,1.0,0.388036397023825,-0.9401819851191249,8,917dfabee0444c4b99a225bb59a595dc,86,"{'device_compute': 4.6890025259926915e-05, 'd2e_transport': 0.13504794000573384, 'edge_queue': 0.0018810999999914202, 'edge_segment_compute': 0.0, 'edge_exit_head_compute': 0.0, 'edge_exit_check': 0.0, 'e2c_transport': 0.2301817519883116, 'cloud_queue': 0.002137385992682539, 'cloud_segment_compute': 0.013702245021704584, 'cloud_exit_head_compute': 0.0008928900060709566, 'cloud_exit_check': 0.00036375800846144557, 'total_latency': 0.388036397023825, 'unattributed_overhead': 0.003782435975608678, 'request_id': '917dfabee0444c4b99a225bb59a595dc', 'user_id': 0, 'prediction': 8, 'exit_id': 'final', 'exit_boundary_id': 19, 'exit_location': 'cloud', 'confidence': 0.9999969005584717, 'executed_segments_by_node': {'device': [], 'edge': [], 'cloud': [0, 1, 2, 3, 4, 5, 6, 7, 8, 9, 10, 11, 12, 13, 14, 15, 16, 17, 18]}, 'nodes': [{'node': 'device', 'executed_segments': [], 'queue_s': 0.0, 'segment_compute_s': 0.0, 'exit_head_compute_s': 0.0, 'exit_check_s': 0.0, 'worker_elapsed_s': 4.6890025259926915e-05}, {'node': 'edge', 'executed_segments': [], 'queue_s': 0.0018810999999914202, 'segment_compute_s': 0.0, 'exit_head_compute_s': 0.0, 'exit_check_s': 0.0, 'worker_elapsed_s': 0.0001855000000432483}, {'node': 'cloud', 'executed_segments': [0, 1, 2, 3, 4, 5, 6, 7, 8, 9, 10, 11, 12, 13, 14, 15, 16, 17, 18], 'queue_s': 0.002137385992682539, 'segment_compute_s': 0.013702245021704584, 'exit_head_compute_s': 0.0008928900060709566, 'exit_check_s': 0.00036375800846144557, 'worker_elapsed_s': 0.01607778499601409}], 'sample_id': 'balanced_008_0705_00007247', 'label': 8, 'correct': True, 'observed_utility': -0.9401819851191249}",balanced_008_0705_00007247,86,7247,0.4801938533782959,2931975627208053355,0.388036397023825,0.003782435975608678,0
0.0,0.016351459998986684,0.016351459998986684,4.2019004467874765e-05,8.340000022144523e-05,0.016351459998986684,0.1122162889964784,4.2019004467874765e-05,0.279827888996806,0.14508996999757073,8.340000022144523e-05,0.16492850000031467,0.019838530002743937,0.002683100000012928,0.0020471769967116416,0.27989768600673415,0.016421445994637907,1784947655.439066,1784947654.707489,1784947654.957489,0.00040459699812345207,0.0008865910058375448,0.0020471769967116416,0.013983173019369133,0.9999922513961792,0.1122162889964784,ablate-cloud-only-resnet50-cifar10-pi5-r3-20260725-104648:v2,2,4.2019004467874765e-05,unknown,0.14508996999757073,0.0,0.0,0.0015776000000187196,0.0,"{'device': [], 'edge': [], 'cloud': [0, 1, 2, 3, 4, 5, 6, 7, 8, 9, 10, 11, 12, 13, 14, 15, 16, 17, 18]}",19,final,cloud,True,9,1.0,5.0,1.0,0.27989768600673415,-0.39948843003367074,9,34246650ba4748b595ec7a7697198deb,87,"{'device_compute': 4.2019004467874765e-05, 'd2e_transport': 0.1122162889964784, 'edge_queue': 0.0015776000000187196, 'edge_segment_compute': 0.0, 'edge_exit_head_compute': 0.0, 'edge_exit_check': 0.0, 'e2c_transport': 0.14508996999757073, 'cloud_queue': 0.0020471769967116416, 'cloud_segment_compute': 0.013983173019369133, 'cloud_exit_head_compute': 0.0008865910058375448, 'cloud_exit_check': 0.00040459699812345207, 'total_latency': 0.27989768600673415, 'unattributed_overhead': 0.0036502699881566514, 'request_id': '34246650ba4748b595ec7a7697198deb', 'user_id': 0, 'prediction': 9, 'exit_id': 'final', 'exit_boundary_id': 19, 'exit_location': 'cloud', 'confidence': 0.9999922513961792, 'executed_segments_by_node': {'device': [], 'edge': [], 'cloud': [0, 1, 2, 3, 4, 5, 6, 7, 8, 9, 10, 11, 12, 13, 14, 15, 16, 17, 18]}, 'nodes': [{'node': 'device', 'executed_segments': [], 'queue_s': 0.0, 'segment_compute_s': 0.0, 'exit_head_compute_s': 0.0, 'exit_check_s': 0.0, 'worker_elapsed_s': 4.2019004467874765e-05}, {'node': 'edge', 'executed_segments': [], 'queue_s': 0.0015776000000187196, 'segment_compute_s': 0.0, 'exit_head_compute_s': 0.0, 'exit_check_s': 0.0, 'worker_elapsed_s': 0.00016599999980826396}, {'node': 'cloud', 'executed_segments': [0, 1, 2, 3, 4, 5, 6, 7, 8, 9, 10, 11, 12, 13, 14, 15, 16, 17, 18], 'queue_s': 0.0020471769967116416, 'segment_compute_s': 0.013983173019369133, 'exit_head_compute_s': 0.0008865910058375448, 'exit_check_s': 0.00040459699812345207, 'worker_elapsed_s': 0.016421445994637907}], 'sample_id': 'balanced_009_0686_00006936', 'label': 9, 'correct': True, 'observed_utility': -0.39948843003367074}",balanced_009_0686_00006936,87,6936,0.48157691955566406,2931975627208053355,0.27989768600673415,0.0036502699881566514,0
0.0,0.015957020004861988,0.015957020004861988,4.533398896455765e-05,7.709999999860884e-05,0.015957020004861988,0.15459987699341582,4.533398896455765e-05,0.3872518769931048,0.21060511900850543,7.709999999860884e-05,0.23004599999967468,0.01944088099116925,0.002606000000014319,0.002057306992355734,0.3873262119886931,0.01602023899613414,1784947655.746596,1784947655.015105,1784947655.265105,0.00037548797263298184,0.0008758400072110817,0.002057306992355734,0.013633176975417882,0.9998347759246826,0.15459987699341582,ablate-cloud-only-resnet50-cifar10-pi5-r3-20260725-104648:v2,2,4.533398896455765e-05,unknown,0.21060511900850543,0.0,0.0,0.0016558000002078188,0.0,"{'device': [], 'edge': [], 'cloud': [0, 1, 2, 3, 4, 5, 6, 7, 8, 9, 10, 11, 12, 13, 14, 15, 16, 17, 18]}",19,final,cloud,True,4,1.0,5.0,1.0,0.3873262119886931,-0.9366310599434655,4,a78de9a162a74d57adb64114c8cfc098,88,"{'device_compute': 4.533398896455765e-05, 'd2e_transport': 0.15459987699341582, 'edge_queue': 0.0016558000002078188, 'edge_segment_compute': 0.0, 'edge_exit_head_compute': 0.0, 'edge_exit_check': 0.0, 'e2c_transport': 0.21060511900850543, 'cloud_queue': 0.002057306992355734, 'cloud_segment_compute': 0.013633176975417882, 'cloud_exit_head_compute': 0.0008758400072110817, 'cloud_exit_check': 0.00037548797263298184, 'total_latency': 0.3873262119886931, 'unattributed_overhead': 0.003478270049981802, 'request_id': 'a78de9a162a74d57adb64114c8cfc098', 'user_id': 0, 'prediction': 4, 'exit_id': 'final', 'exit_boundary_id': 19, 'exit_location': 'cloud', 'confidence': 0.9998347759246826, 'executed_segments_by_node': {'device': [], 'edge': [], 'cloud': [0, 1, 2, 3, 4, 5, 6, 7, 8, 9, 10, 11, 12, 13, 14, 15, 16, 17, 18]}, 'nodes': [{'node': 'device', 'executed_segments': [], 'queue_s': 0.0, 'segment_compute_s': 0.0, 'exit_head_compute_s': 0.0, 'exit_check_s': 0.0, 'worker_elapsed_s': 4.533398896455765e-05}, {'node': 'edge', 'executed_segments': [], 'queue_s': 0.0016558000002078188, 'segment_compute_s': 0.0, 'exit_head_compute_s': 0.0, 'exit_check_s': 0.0, 'worker_elapsed_s': 0.0001542999998491723}, {'node': 'cloud', 'executed_segments': [0, 1, 2, 3, 4, 5, 6, 7, 8, 9, 10, 11, 12, 13, 14, 15, 16, 17, 18], 'queue_s': 0.002057306992355734, 'segment_compute_s': 0.013633176975417882, 'exit_head_compute_s': 0.0008758400072110817, 'exit_check_s': 0.00037548797263298184, 'worker_elapsed_s': 0.01602023899613414}], 'sample_id': 'balanced_004_0585_00005742', 'label': 4, 'correct': True, 'observed_utility': -0.9366310599434655}",balanced_004_0585_00005742,88,5742,0.4814910888671875,2931975627208053355,0.3873262119886931,0.003478270049981802,0
0.0,0.016317112007527612,0.016317112007527612,4.198201349936426e-05,7.090000008247443e-05,0.016317112007527612,0.11595906999946237,4.198201349936426e-05,0.274603969999589,0.13655374800146092,7.090000008247443e-05,0.1565176000003703,0.019963851998909377,0.00212729999975636,0.002194442000472918,0.2746745079930406,0.016386425006203353,1784947656.1668386,1784947655.434626,1784947655.684626,0.0003837810072582215,0.0008972610085038468,0.002194442000472918,0.013943585974629968,0.9999924898147583,0.11595906999946237,ablate-cloud-only-resnet50-cifar10-pi5-r3-20260725-104648:v2,2,4.198201349936426e-05,unknown,0.13655374800146092,0.0,0.0,0.0012253999998392828,0.0,"{'device': [], 'edge': [], 'cloud': [0, 1, 2, 3, 4, 5, 6, 7, 8, 9, 10, 11, 12, 13, 14, 15, 16, 17, 18]}",19,final,cloud,True,8,1.0,5.0,1.0,0.2746745079930406,-0.37337253996520303,8,9c276fbadc7447a9a0c74700136fc6e3,89,"{'device_compute': 4.198201349936426e-05, 'd2e_transport': 0.11595906999946237, 'edge_queue': 0.0012253999998392828, 'edge_segment_compute': 0.0, 'edge_exit_head_compute': 0.0, 'edge_exit_check': 0.0, 'e2c_transport': 0.13655374800146092, 'cloud_queue': 0.002194442000472918, 'cloud_segment_compute': 0.013943585974629968, 'cloud_exit_head_compute': 0.0008972610085038468, 'cloud_exit_check': 0.0003837810072582215, 'total_latency': 0.2746745079930406, 'unattributed_overhead': 0.003475237987913715, 'request_id': '9c276fbadc7447a9a0c74700136fc6e3', 'user_id': 0, 'prediction': 8, 'exit_id': 'final', 'exit_boundary_id': 19, 'exit_location': 'cloud', 'confidence': 0.9999924898147583, 'executed_segments_by_node': {'device': [], 'edge': [], 'cloud': [0, 1, 2, 3, 4, 5, 6, 7, 8, 9, 10, 11, 12, 13, 14, 15, 16, 17, 18]}, 'nodes': [{'node': 'device', 'executed_segments': [], 'queue_s': 0.0, 'segment_compute_s': 0.0, 'exit_head_compute_s': 0.0, 'exit_check_s': 0.0, 'worker_elapsed_s': 4.198201349936426e-05}, {'node': 'edge', 'executed_segments': [], 'queue_s': 0.0012253999998392828, 'segment_compute_s': 0.0, 'exit_head_compute_s': 0.0, 'exit_check_s': 0.0, 'worker_elapsed_s': 0.00014310000005934853}, {'node': 'cloud', 'executed_segments': [0, 1, 2, 3, 4, 5, 6, 7, 8, 9, 10, 11, 12, 13, 14, 15, 16, 17, 18], 'queue_s': 0.002194442000472918, 'segment_compute_s': 0.013943585974629968, 'exit_head_compute_s': 0.0008972610085038468, 'exit_check_s': 0.0003837810072582215, 'worker_elapsed_s': 0.016386425006203353}], 'sample_id': 'balanced_008_0616_00006379', 'label': 8, 'correct': True, 'observed_utility': -0.37337253996520303}",balanced_008_0616_00006379,89,6379,0.48221254348754883,2931975627208053355,0.2746745079930406,0.003475237987913715,0
0.0,0.01601247400685679,0.01601247400685679,4.335300764068961e-05,7.259999983943999e-05,0.01601247400685679,0.14915051500793197,4.335300764068961e-05,0.37799531500786543,0.2066256060024898,7.259999983943999e-05,0.22623999999996158,0.01961439399747178,0.002604799999971874,0.0022053130087442696,0.37806644701049663,0.016075745996204205,1784947656.4684424,1784947655.736939,1784947655.986939,0.000367468994227238,0.0008730359986657277,0.0022053130087442696,0.013711733030504547,0.9999594688415527,0.14915051500793197,ablate-cloud-only-resnet50-cifar10-pi5-r3-20260725-104648:v2,2,4.335300764068961e-05,unknown,0.2066256060024898,0.0,0.0,0.0016239999999925203,0.0,"{'device': [], 'edge': [], 'cloud': [0, 1, 2, 3, 4, 5, 6, 7, 8, 9, 10, 11, 12, 13, 14, 15, 16, 17, 18]}",19,final,cloud,True,8,1.0,5.0,1.0,0.37806644701049663,-0.8903322350524832,8,29e079d9ad8e42ac832f4b601cfe93f3,90,"{'device_compute': 4.335300764068961e-05, 'd2e_transport': 0.14915051500793197, 'edge_queue': 0.0016239999999925203, 'edge_segment_compute': 0.0, 'edge_exit_head_compute': 0.0, 'edge_exit_check': 0.0, 'e2c_transport': 0.2066256060024898, 'cloud_queue': 0.0022053130087442696, 'cloud_segment_compute': 0.013711733030504547, 'cloud_exit_head_compute': 0.0008730359986657277, 'cloud_exit_check': 0.000367468994227238, 'total_latency': 0.37806644701049663, 'unattributed_overhead': 0.0034654219602998637, 'request_id': '29e079d9ad8e42ac832f4b601cfe93f3', 'user_id': 0, 'prediction': 8, 'exit_id': 'final', 'exit_boundary_id': 19, 'exit_location': 'cloud', 'confidence': 0.9999594688415527, 'executed_segments_by_node': {'device': [], 'edge': [], 'cloud': [0, 1, 2, 3, 4, 5, 6, 7, 8, 9, 10, 11, 12, 13, 14, 15, 16, 17, 18]}, 'nodes': [{'node': 'device', 'executed_segments': [], 'queue_s': 0.0, 'segment_compute_s': 0.0, 'exit_head_compute_s': 0.0, 'exit_check_s': 0.0, 'worker_elapsed_s': 4.335300764068961e-05}, {'node': 'edge', 'executed_segments': [], 'queue_s': 0.0016239999999925203, 'segment_compute_s': 0.0, 'exit_head_compute_s': 0.0, 'exit_check_s': 0.0, 'worker_elapsed_s': 0.0001526999999441614}, {'node': 'cloud', 'executed_segments': [0, 1, 2, 3, 4, 5, 6, 7, 8, 9, 10, 11, 12, 13, 14, 15, 16, 17, 18], 'queue_s': 0.0022053130087442696, 'segment_compute_s': 0.013711733030504547, 'exit_head_compute_s': 0.0008730359986657277, 'exit_check_s': 0.000367468994227238, 'worker_elapsed_s': 0.016075745996204205}], 'sample_id': 'balanced_008_0450_00004370', 'label': 8, 'correct': True, 'observed_utility': -0.8903322350524832}",balanced_008_0450_00004370,90,4370,0.4815034866333008,2931975627208053355,0.37806644701049663,0.0034654219602998637,0
0.0,0.01894785500189755,0.01894785500189755,4.80199814774096e-05,7.200000027296483e-05,0.01894785500189755,0.19187585697636678,4.80199814774096e-05,0.4568734569766093,0.23961560799079962,7.200000027296483e-05,0.2624221999999463,0.022806592009146698,0.002575400000296213,0.0023958649981068447,0.45695216199965216,0.01907575599034317,1784947656.9015749,1784947656.1711035,1784947656.4211035,0.00042722899524960667,0.0009978809976018965,0.0023958649981068447,0.01620290799473878,0.9999901056289673,0.19187585697636678,ablate-cloud-only-resnet50-cifar10-pi5-r3-20260725-104648:v2,2,4.80199814774096e-05,unknown,0.23961560799079962,0.0,0.0,0.00165919999972175,0.0,"{'device': [], 'edge': [], 'cloud': [0, 1, 2, 3, 4, 5, 6, 7, 8, 9, 10, 11, 12, 13, 14, 15, 16, 17, 18]}",19,final,cloud,True,9,1.0,5.0,1.0,0.45695216199965216,-1.2847608099982608,9,f8c6f3b8d94243a4b28a15a86bdbecbf,91,"{'device_compute': 4.80199814774096e-05, 'd2e_transport': 0.19187585697636678, 'edge_queue': 0.00165919999972175, 'edge_segment_compute': 0.0, 'edge_exit_head_compute': 0.0, 'edge_exit_check': 0.0, 'e2c_transport': 0.23961560799079962, 'cloud_queue': 0.0023958649981068447, 'cloud_segment_compute': 0.01620290799473878, 'cloud_exit_head_compute': 0.0009978809976018965, 'cloud_exit_check': 0.00042722899524960667, 'total_latency': 0.45695216199965216, 'unattributed_overhead': 0.003729594065589481, 'request_id': 'f8c6f3b8d94243a4b28a15a86bdbecbf', 'user_id': 0, 'prediction': 9, 'exit_id': 'final', 'exit_boundary_id': 19, 'exit_location': 'cloud', 'confidence': 0.9999901056289673, 'executed_segments_by_node': {'device': [], 'edge': [], 'cloud': [0, 1, 2, 3, 4, 5, 6, 7, 8, 9, 10, 11, 12, 13, 14, 15, 16, 17, 18]}, 'nodes': [{'node': 'device', 'executed_segments': [], 'queue_s': 0.0, 'segment_compute_s': 0.0, 'exit_head_compute_s': 0.0, 'exit_check_s': 0.0, 'worker_elapsed_s': 4.80199814774096e-05}, {'node': 'edge', 'executed_segments': [], 'queue_s': 0.00165919999972175, 'segment_compute_s': 0.0, 'exit_head_compute_s': 0.0, 'exit_check_s': 0.0, 'worker_elapsed_s': 0.0001451000002816727}, {'node': 'cloud', 'executed_segments': [0, 1, 2, 3, 4, 5, 6, 7, 8, 9, 10, 11, 12, 13, 14, 15, 16, 17, 18], 'queue_s': 0.0023958649981068447, 'segment_compute_s': 0.01620290799473878, 'exit_head_compute_s': 0.0009978809976018965, 'exit_check_s': 0.00042722899524960667, 'worker_elapsed_s': 0.01907575599034317}], 'sample_id': 'balanced_009_0886_00008998', 'label': 9, 'correct': True, 'observed_utility': -1.2847608099982608}",balanced_009_0886_00008998,91,8998,0.4804713726043701,2931975627208053355,0.45695216199965216,0.003729594065589481,0
0.0,0.018544498991104774,0.018544498991104774,4.250102210789919e-05,0.00010820000034073018,0.018544498991104774,0.14315307099559504,4.250102210789919e-05,0.3870337709959131,0.213931966995915,0.00010820000034073018,0.23632420000012644,0.022392233004211448,0.0075565000001915905,0.0024065030011115596,0.38710560600156896,0.018631819999427535,1784947657.384674,1784947656.6527054,1784947656.9027054,0.0004199419927317649,0.000978672003839165,0.0024065030011115596,0.0159104229969671,0.9999963045120239,0.14315307099559504,ablate-cloud-only-resnet50-cifar10-pi5-r3-20260725-104648:v2,2,4.250102210789919e-05,unknown,0.213931966995915,0.0,0.0,0.006193100000018603,0.0,"{'device': [], 'edge': [], 'cloud': [0, 1, 2, 3, 4, 5, 6, 7, 8, 9, 10, 11, 12, 13, 14, 15, 16, 17, 18]}",19,final,cloud,True,6,1.0,5.0,1.0,0.38710560600156896,-0.9355280300078448,6,c94d747dcc374ff68fb87d83e1227b08,92,"{'device_compute': 4.250102210789919e-05, 'd2e_transport': 0.14315307099559504, 'edge_queue': 0.006193100000018603, 'edge_segment_compute': 0.0, 'edge_exit_head_compute': 0.0, 'edge_exit_check': 0.0, 'e2c_transport': 0.213931966995915, 'cloud_queue': 0.0024065030011115596, 'cloud_segment_compute': 0.0159104229969671, 'cloud_exit_head_compute': 0.000978672003839165, 'cloud_exit_check': 0.0004199419927317649, 'total_latency': 0.38710560600156896, 'unattributed_overhead': 0.004069426993282832, 'request_id': 'c94d747dcc374ff68fb87d83e1227b08', 'user_id': 0, 'prediction': 6, 'exit_id': 'final', 'exit_boundary_id': 19, 'exit_location': 'cloud', 'confidence': 0.9999963045120239, 'executed_segments_by_node': {'device': [], 'edge': [], 'cloud': [0, 1, 2, 3, 4, 5, 6, 7, 8, 9, 10, 11, 12, 13, 14, 15, 16, 17, 18]}, 'nodes': [{'node': 'device', 'executed_segments': [], 'queue_s': 0.0, 'segment_compute_s': 0.0, 'exit_head_compute_s': 0.0, 'exit_check_s': 0.0, 'worker_elapsed_s': 4.250102210789919e-05}, {'node': 'edge', 'executed_segments': [], 'queue_s': 0.006193100000018603, 'segment_compute_s': 0.0, 'exit_head_compute_s': 0.0, 'exit_check_s': 0.0, 'worker_elapsed_s': 0.00021569999989878852}, {'node': 'cloud', 'executed_segments': [0, 1, 2, 3, 4, 5, 6, 7, 8, 9, 10, 11, 12, 13, 14, 15, 16, 17, 18], 'queue_s': 0.0024065030011115596, 'segment_compute_s': 0.0159104229969671, 'exit_head_compute_s': 0.000978672003839165, 'exit_check_s': 0.0004199419927317649, 'worker_elapsed_s': 0.018631819999427535}], 'sample_id': 'balanced_006_0970_00009636', 'label': 6, 'correct': True, 'observed_utility': -0.9355280300078448}",balanced_006_0970_00009636,92,9636,0.48196864128112793,2931975627208053355,0.38710560600156896,0.004069426993282832,0
0.0,0.018485484004486352,0.018485484004486352,4.475997411645949e-05,8.859999979904387e-05,0.018485484004486352,0.23087127101098304,4.475997411645949e-05,0.4698963710106909,0.21342312800152285,8.859999979904387e-05,0.23565039999994042,0.022227271998417564,0.003374699999767472,0.0022455260041169822,0.4699704649974592,0.01857825499610044,1784947657.8179138,1784947657.0867357,1784947657.3367357,0.00041366198274772614,0.0009952169784810394,0.0022455260041169822,0.015845143017941155,0.9983541965484619,0.23087127101098304,ablate-cloud-only-resnet50-cifar10-pi5-r3-20260725-104648:v2,2,4.475997411645949e-05,unknown,0.21342312800152285,0.0,0.0,0.002248799999961193,0.0,"{'device': [], 'edge': [], 'cloud': [0, 1, 2, 3, 4, 5, 6, 7, 8, 9, 10, 11, 12, 13, 14, 15, 16, 17, 18]}",19,final,cloud,True,5,1.0,5.0,1.0,0.4699704649974592,-1.349852324987296,5,a9d686481c4540748583a037c67d1f5d,93,"{'device_compute': 4.475997411645949e-05, 'd2e_transport': 0.23087127101098304, 'edge_queue': 0.002248799999961193, 'edge_segment_compute': 0.0, 'edge_exit_head_compute': 0.0, 'edge_exit_check': 0.0, 'e2c_transport': 0.21342312800152285, 'cloud_queue': 0.0022455260041169822, 'cloud_segment_compute': 0.015845143017941155, 'cloud_exit_head_compute': 0.0009952169784810394, 'cloud_exit_check': 0.00041366198274772614, 'total_latency': 0.4699704649974592, 'unattributed_overhead': 0.0038829580275887565, 'request_id': 'a9d686481c4540748583a037c67d1f5d', 'user_id': 0, 'prediction': 5, 'exit_id': 'final', 'exit_boundary_id': 19, 'exit_location': 'cloud', 'confidence': 0.9983541965484619, 'executed_segments_by_node': {'device': [], 'edge': [], 'cloud': [0, 1, 2, 3, 4, 5, 6, 7, 8, 9, 10, 11, 12, 13, 14, 15, 16, 17, 18]}, 'nodes': [{'node': 'device', 'executed_segments': [], 'queue_s': 0.0, 'segment_compute_s': 0.0, 'exit_head_compute_s': 0.0, 'exit_check_s': 0.0, 'worker_elapsed_s': 4.475997411645949e-05}, {'node': 'edge', 'executed_segments': [], 'queue_s': 0.002248799999961193, 'segment_compute_s': 0.0, 'exit_head_compute_s': 0.0, 'exit_check_s': 0.0, 'worker_elapsed_s': 0.00017440000010537915}, {'node': 'cloud', 'executed_segments': [0, 1, 2, 3, 4, 5, 6, 7, 8, 9, 10, 11, 12, 13, 14, 15, 16, 17, 18], 'queue_s': 0.0022455260041169822, 'segment_compute_s': 0.015845143017941155, 'exit_head_compute_s': 0.0009952169784810394, 'exit_check_s': 0.00041366198274772614, 'worker_elapsed_s': 0.01857825499610044}], 'sample_id': 'balanced_005_0365_00003748', 'label': 5, 'correct': True, 'observed_utility': -1.349852324987296}",balanced_005_0365_00003748,93,3748,0.48117804527282715,2931975627208053355,0.4699704649974592,0.0038829580275887565,0
0.0,0.018240659992443398,0.018240659992443398,4.270399222150445e-05,7.000000005064066e-05,0.018240659992443398,0.16633814399392577,4.270399222150445e-05,0.27837434399407357,0.08768488601026547,7.000000005064066e-05,0.1096535000001495,0.021968613989884034,0.0023826999999982945,0.002251895988592878,0.27844575300696306,0.018374306004261598,1784947658.317537,1784947657.5844073,1784947657.8344073,0.0004001900088042021,0.0009351369953947142,0.002251895988592878,0.015687723978771828,0.5862672924995422,0.16633814399392577,ablate-cloud-only-resnet50-cifar10-pi5-r3-20260725-104648:v2,2,4.270399222150445e-05,unknown,0.08768488601026547,0.0,0.0,0.0013914999999542488,0.0,"{'device': [], 'edge': [], 'cloud': [0, 1, 2, 3, 4, 5, 6, 7, 8, 9, 10, 11, 12, 13, 14, 15, 16, 17, 18]}",19,final,cloud,True,0,1.0,5.0,1.0,0.27844575300696306,-0.3922287650348153,0,3357033f970b48ceb66929088dd43de6,94,"{'device_compute': 4.270399222150445e-05, 'd2e_transport': 0.16633814399392577, 'edge_queue': 0.0013914999999542488, 'edge_segment_compute': 0.0, 'edge_exit_head_compute': 0.0, 'edge_exit_check': 0.0, 'e2c_transport': 0.08768488601026547, 'cloud_queue': 0.002251895988592878, 'cloud_segment_compute': 0.015687723978771828, 'cloud_exit_head_compute': 0.0009351369953947142, 'cloud_exit_check': 0.0004001900088042021, 'total_latency': 0.27844575300696306, 'unattributed_overhead': 0.0037135720390324423, 'request_id': '3357033f970b48ceb66929088dd43de6', 'user_id': 0, 'prediction': 0, 'exit_id': 'final', 'exit_boundary_id': 19, 'exit_location': 'cloud', 'confidence': 0.5862672924995422, 'executed_segments_by_node': {'device': [], 'edge': [], 'cloud': [0, 1, 2, 3, 4, 5, 6, 7, 8, 9, 10, 11, 12, 13, 14, 15, 16, 17, 18]}, 'nodes': [{'node': 'device', 'executed_segments': [], 'queue_s': 0.0, 'segment_compute_s': 0.0, 'exit_head_compute_s': 0.0, 'exit_check_s': 0.0, 'worker_elapsed_s': 4.270399222150445e-05}, {'node': 'edge', 'executed_segments': [], 'queue_s': 0.0013914999999542488, 'segment_compute_s': 0.0, 'exit_head_compute_s': 0.0, 'exit_check_s': 0.0, 'worker_elapsed_s': 0.00014099999998506973}, {'node': 'cloud', 'executed_segments': [0, 1, 2, 3, 4, 5, 6, 7, 8, 9, 10, 11, 12, 13, 14, 15, 16, 17, 18], 'queue_s': 0.002251895988592878, 'segment_compute_s': 0.015687723978771828, 'exit_head_compute_s': 0.0009351369953947142, 'exit_check_s': 0.0004001900088042021, 'worker_elapsed_s': 0.018374306004261598}], 'sample_id': 'balanced_000_0327_00003299', 'label': 0, 'correct': True, 'observed_utility': -0.3922287650348153}",balanced_000_0327_00003299,94,3299,0.48312973976135254,2931975627208053355,0.27844575300696306,0.0037135720390324423,0
0.0,0.018555918999481946,0.018555918999481946,4.268600605428219e-05,7.779999987178599e-05,0.018555918999481946,0.17458564901335194,4.268600605428219e-05,0.38611134901293553,0.1861118059950968,7.779999987178599e-05,0.2084274999997433,0.022315694004646502,0.00309819999984029,0.0022749130002921447,0.38618260898510925,0.018640777008840814,1784947658.6191466,1784947657.8881083,1784947658.1381083,0.0004197329835733399,0.0009820929844863713,0.0022749130002921447,0.015888936977717094,0.9437270164489746,0.17458564901335194,ablate-cloud-only-resnet50-cifar10-pi5-r3-20260725-104648:v2,2,4.268600605428219e-05,unknown,0.1861118059950968,0.0,0.0,0.0019528000002537738,0.0,"{'device': [], 'edge': [], 'cloud': [0, 1, 2, 3, 4, 5, 6, 7, 8, 9, 10, 11, 12, 13, 14, 15, 16, 17, 18]}",19,final,cloud,True,3,1.0,5.0,1.0,0.38618260898510925,-0.9309130449255463,3,cdd7de951f524f75a3b1e73e19efba66,95,"{'device_compute': 4.268600605428219e-05, 'd2e_transport': 0.17458564901335194, 'edge_queue': 0.0019528000002537738, 'edge_segment_compute': 0.0, 'edge_exit_head_compute': 0.0, 'edge_exit_check': 0.0, 'e2c_transport': 0.1861118059950968, 'cloud_queue': 0.0022749130002921447, 'cloud_segment_compute': 0.015888936977717094, 'cloud_exit_head_compute': 0.0009820929844863713, 'cloud_exit_check': 0.0004197329835733399, 'total_latency': 0.38618260898510925, 'unattributed_overhead': 0.003923992024283507, 'request_id': 'cdd7de951f524f75a3b1e73e19efba66', 'user_id': 0, 'prediction': 3, 'exit_id': 'final', 'exit_boundary_id': 19, 'exit_location': 'cloud', 'confidence': 0.9437270164489746, 'executed_segments_by_node': {'device': [], 'edge': [], 'cloud': [0, 1, 2, 3, 4, 5, 6, 7, 8, 9, 10, 11, 12, 13, 14, 15, 16, 17, 18]}, 'nodes': [{'node': 'device', 'executed_segments': [], 'queue_s': 0.0, 'segment_compute_s': 0.0, 'exit_head_compute_s': 0.0, 'exit_check_s': 0.0, 'worker_elapsed_s': 4.268600605428219e-05}, {'node': 'edge', 'executed_segments': [], 'queue_s': 0.0019528000002537738, 'segment_compute_s': 0.0, 'exit_head_compute_s': 0.0, 'exit_check_s': 0.0, 'worker_elapsed_s': 0.00016800000003058813}, {'node': 'cloud', 'executed_segments': [0, 1, 2, 3, 4, 5, 6, 7, 8, 9, 10, 11, 12, 13, 14, 15, 16, 17, 18], 'queue_s': 0.0022749130002921447, 'segment_compute_s': 0.015888936977717094, 'exit_head_compute_s': 0.0009820929844863713, 'exit_check_s': 0.0004197329835733399, 'worker_elapsed_s': 0.018640777008840814}], 'sample_id': 'balanced_003_0817_00008174', 'label': 3, 'correct': True, 'observed_utility': -0.9309130449255463}",balanced_003_0817_00008174,95,8174,0.48103833198547363,2931975627208053355,0.38618260898510925,0.003923992024283507,0
0.0,0.018486564003978856,0.018486564003978856,4.464900121092796e-05,7.299999970200588e-05,0.018486564003978856,0.14449138199506706,4.464900121092796e-05,0.3678576819947921,0.1990738609906657,7.299999970200588e-05,0.22116349999987506,0.02208963900920935,0.002202799999849958,0.0021541369933402166,0.36793153500184417,0.018564338010037318,1784947659.0413125,1784947658.3110187,1784947658.5610187,0.00044181800330989063,0.0009693449974292889,0.0021541369933402166,0.0158440320083173,0.9999524354934692,0.14449138199506706,ablate-cloud-only-resnet50-cifar10-pi5-r3-20260725-104648:v2,2,4.464900121092796e-05,unknown,0.1990738609906657,0.0,0.0,0.0013119000000187953,0.0,"{'device': [], 'edge': [], 'cloud': [0, 1, 2, 3, 4, 5, 6, 7, 8, 9, 10, 11, 12, 13, 14, 15, 16, 17, 18]}",19,final,cloud,True,4,1.0,5.0,1.0,0.36793153500184417,-0.8396576750092208,4,65e2391d769542fdaa65f743a9fc0cd6,96,"{'device_compute': 4.464900121092796e-05, 'd2e_transport': 0.14449138199506706, 'edge_queue': 0.0013119000000187953, 'edge_segment_compute': 0.0, 'edge_exit_head_compute': 0.0, 'edge_exit_check': 0.0, 'e2c_transport': 0.1990738609906657, 'cloud_queue': 0.0021541369933402166, 'cloud_segment_compute': 0.0158440320083173, 'cloud_exit_head_compute': 0.0009693449974292889, 'cloud_exit_check': 0.00044181800330989063, 'total_latency': 0.36793153500184417, 'unattributed_overhead': 0.003600411012484983, 'request_id': '65e2391d769542fdaa65f743a9fc0cd6', 'user_id': 0, 'prediction': 4, 'exit_id': 'final', 'exit_boundary_id': 19, 'exit_location': 'cloud', 'confidence': 0.9999524354934692, 'executed_segments_by_node': {'device': [], 'edge': [], 'cloud': [0, 1, 2, 3, 4, 5, 6, 7, 8, 9, 10, 11, 12, 13, 14, 15, 16, 17, 18]}, 'nodes': [{'node': 'device', 'executed_segments': [], 'queue_s': 0.0, 'segment_compute_s': 0.0, 'exit_head_compute_s': 0.0, 'exit_check_s': 0.0, 'worker_elapsed_s': 4.464900121092796e-05}, {'node': 'edge', 'executed_segments': [], 'queue_s': 0.0013119000000187953, 'segment_compute_s': 0.0, 'exit_head_compute_s': 0.0, 'exit_check_s': 0.0, 'worker_elapsed_s': 0.00014319999991130317}, {'node': 'cloud', 'executed_segments': [0, 1, 2, 3, 4, 5, 6, 7, 8, 9, 10, 11, 12, 13, 14, 15, 16, 17, 18], 'queue_s': 0.0021541369933402166, 'segment_compute_s': 0.0158440320083173, 'exit_head_compute_s': 0.0009693449974292889, 'exit_check_s': 0.00044181800330989063, 'worker_elapsed_s': 0.018564338010037318}], 'sample_id': 'balanced_004_0987_00009895', 'label': 4, 'correct': True, 'observed_utility': -0.8396576750092208}",balanced_004_0987_00009895,96,9895,0.48029375076293945,2931975627208053355,0.36793153500184417,0.003600411012484983,0
0.0,0.018269220003276132,0.018269220003276132,4.303801688365638e-05,7.920000007288763e-05,0.018269220003276132,0.13053583998134854,4.303801688365638e-05,0.29801683998084627,0.14230229800341476,7.920000007288763e-05,0.16417689999980212,0.021874601996387355,0.003304099999695609,0.002170039006159641,0.29808819299796596,0.0183414140046807,1784947659.4429183,1784947658.711733,1784947658.961733,0.00040988498949445784,0.0009928799845511094,0.002170039006159641,0.015648849948775023,0.9999980926513672,0.13053583998134854,ablate-cloud-only-resnet50-cifar10-pi5-r3-20260725-104648:v2,2,4.303801688365638e-05,unknown,0.14230229800341476,0.0,0.0,0.0018598999999994703,0.0,"{'device': [], 'edge': [], 'cloud': [0, 1, 2, 3, 4, 5, 6, 7, 8, 9, 10, 11, 12, 13, 14, 15, 16, 17, 18]}",19,final,cloud,True,1,1.0,5.0,1.0,0.29808819299796596,-0.4904409649898298,1,33c4d8a5634c47619c0b5cd0aee488ef,97,"{'device_compute': 4.303801688365638e-05, 'd2e_transport': 0.13053583998134854, 'edge_queue': 0.0018598999999994703, 'edge_segment_compute': 0.0, 'edge_exit_head_compute': 0.0, 'edge_exit_check': 0.0, 'e2c_transport': 0.14230229800341476, 'cloud_queue': 0.002170039006159641, 'cloud_segment_compute': 0.015648849948775023, 'cloud_exit_head_compute': 0.0009928799845511094, 'cloud_exit_check': 0.00040988498949445784, 'total_latency': 0.29808819299796596, 'unattributed_overhead': 0.004125463067339297, 'request_id': '33c4d8a5634c47619c0b5cd0aee488ef', 'user_id': 0, 'prediction': 1, 'exit_id': 'final', 'exit_boundary_id': 19, 'exit_location': 'cloud', 'confidence': 0.9999980926513672, 'executed_segments_by_node': {'device': [], 'edge': [], 'cloud': [0, 1, 2, 3, 4, 5, 6, 7, 8, 9, 10, 11, 12, 13, 14, 15, 16, 17, 18]}, 'nodes': [{'node': 'device', 'executed_segments': [], 'queue_s': 0.0, 'segment_compute_s': 0.0, 'exit_head_compute_s': 0.0, 'exit_check_s': 0.0, 'worker_elapsed_s': 4.303801688365638e-05}, {'node': 'edge', 'executed_segments': [], 'queue_s': 0.0018598999999994703, 'segment_compute_s': 0.0, 'exit_head_compute_s': 0.0, 'exit_check_s': 0.0, 'worker_elapsed_s': 0.00015959999973347294}, {'node': 'cloud', 'executed_segments': [0, 1, 2, 3, 4, 5, 6, 7, 8, 9, 10, 11, 12, 13, 14, 15, 16, 17, 18], 'queue_s': 0.002170039006159641, 'segment_compute_s': 0.015648849948775023, 'exit_head_compute_s': 0.0009928799845511094, 'exit_check_s': 0.00040988498949445784, 'worker_elapsed_s': 0.0183414140046807}], 'sample_id': 'balanced_001_0103_00001141', 'label': 1, 'correct': True, 'observed_utility': -0.4904409649898298}",balanced_001_0103_00001141,97,1141,0.4811851978302002,2931975627208053355,0.29808819299796596,0.004125463067339297,0
0.0,0.018448097005602904,0.018448097005602904,4.268600605428219e-05,0.00010209999982180307,0.018448097005602904,0.1411667340189524,4.268600605428219e-05,0.2597919340187218,0.09283968900126638,0.00010209999982180307,0.11483399999997346,0.02199431099870708,0.0037911999997959356,0.002127943007508293,0.25986334300250746,0.018526241998188198,1784947659.7694569,1784947659.038427,1784947659.288427,0.0004261209978722036,0.0009961679752450436,0.002127943007508293,0.015788364980835468,0.9979053735733032,0.1411667340189524,ablate-cloud-only-resnet50-cifar10-pi5-r3-20260725-104648:v2,2,4.268600605428219e-05,unknown,0.09283968900126638,0.0,0.0,0.0026244999999107677,0.0,"{'device': [], 'edge': [], 'cloud': [0, 1, 2, 3, 4, 5, 6, 7, 8, 9, 10, 11, 12, 13, 14, 15, 16, 17, 18]}",19,final,cloud,True,5,1.0,5.0,1.0,0.25986334300250746,-0.2993167150125373,5,9794c9fb353844ab8d29b08b017ac1db,98,"{'device_compute': 4.268600605428219e-05, 'd2e_transport': 0.1411667340189524, 'edge_queue': 0.0026244999999107677, 'edge_segment_compute': 0.0, 'edge_exit_head_compute': 0.0, 'edge_exit_check': 0.0, 'e2c_transport': 0.09283968900126638, 'cloud_queue': 0.002127943007508293, 'cloud_segment_compute': 0.015788364980835468, 'cloud_exit_head_compute': 0.0009961679752450436, 'cloud_exit_check': 0.0004261209978722036, 'total_latency': 0.25986334300250746, 'unattributed_overhead': 0.0038511370148626156, 'request_id': '9794c9fb353844ab8d29b08b017ac1db', 'user_id': 0, 'prediction': 5, 'exit_id': 'final', 'exit_boundary_id': 19, 'exit_location': 'cloud', 'confidence': 0.9979053735733032, 'executed_segments_by_node': {'device': [], 'edge': [], 'cloud': [0, 1, 2, 3, 4, 5, 6, 7, 8, 9, 10, 11, 12, 13, 14, 15, 16, 17, 18]}, 'nodes': [{'node': 'device', 'executed_segments': [], 'queue_s': 0.0, 'segment_compute_s': 0.0, 'exit_head_compute_s': 0.0, 'exit_check_s': 0.0, 'worker_elapsed_s': 4.268600605428219e-05}, {'node': 'edge', 'executed_segments': [], 'queue_s': 0.0026244999999107677, 'segment_compute_s': 0.0, 'exit_head_compute_s': 0.0, 'exit_check_s': 0.0, 'worker_elapsed_s': 0.00020390000008774223}, {'node': 'cloud', 'executed_segments': [0, 1, 2, 3, 4, 5, 6, 7, 8, 9, 10, 11, 12, 13, 14, 15, 16, 17, 18], 'queue_s': 0.002127943007508293, 'segment_compute_s': 0.015788364980835468, 'exit_head_compute_s': 0.0009961679752450436, 'exit_check_s': 0.0004261209978722036, 'worker_elapsed_s': 0.018526241998188198}], 'sample_id': 'balanced_005_0880_00008776', 'label': 5, 'correct': True, 'observed_utility': -0.2993167150125373}",balanced_005_0880_00008776,98,8776,0.481029748916626,2931975627208053355,0.25986334300250746,0.0038511370148626156,0
0.0,0.018361373993684538,0.018361373993684538,6.207497790455818e-05,9.67000000855478e-05,0.018361373993684538,0.1612600209991797,6.207497790455818e-05,0.2843747209990397,0.09798694599885494,9.67000000855478e-05,0.12015919999976177,0.022172254000906833,0.0029555000000982545,0.002378559991484508,0.2844664809817914,0.018429285002639517,1784947660.0521965,1784947659.3215184,1784947659.5715184,0.0004103859973838553,0.0009765370050445199,0.002378559991484508,0.015755568994791247,0.9996159076690674,0.1612600209991797,ablate-cloud-only-resnet50-cifar10-pi5-r3-20260725-104648:v2,2,6.207497790455818e-05,unknown,0.09798694599885494,0.0,0.0,0.0017672000003585708,0.0,"{'device': [], 'edge': [], 'cloud': [0, 1, 2, 3, 4, 5, 6, 7, 8, 9, 10, 11, 12, 13, 14, 15, 16, 17, 18]}",19,final,cloud,True,6,1.0,5.0,1.0,0.2844664809817914,-0.42233240490895696,6,3eca4bc32352480aac74776f506dc973,99,"{'device_compute': 6.207497790455818e-05, 'd2e_transport': 0.1612600209991797, 'edge_queue': 0.0017672000003585708, 'edge_segment_compute': 0.0, 'edge_exit_head_compute': 0.0, 'edge_exit_check': 0.0, 'e2c_transport': 0.09798694599885494, 'cloud_queue': 0.002378559991484508, 'cloud_segment_compute': 0.015755568994791247, 'cloud_exit_head_compute': 0.0009765370050445199, 'cloud_exit_check': 0.0004103859973838553, 'total_latency': 0.2844664809817914, 'unattributed_overhead': 0.0038691870167895104, 'request_id': '3eca4bc32352480aac74776f506dc973', 'user_id': 0, 'prediction': 6, 'exit_id': 'final', 'exit_boundary_id': 19, 'exit_location': 'cloud', 'confidence': 0.9996159076690674, 'executed_segments_by_node': {'device': [], 'edge': [], 'cloud': [0, 1, 2, 3, 4, 5, 6, 7, 8, 9, 10, 11, 12, 13, 14, 15, 16, 17, 18]}, 'nodes': [{'node': 'device', 'executed_segments': [], 'queue_s': 0.0, 'segment_compute_s': 0.0, 'exit_head_compute_s': 0.0, 'exit_check_s': 0.0, 'worker_elapsed_s': 6.207497790455818e-05}, {'node': 'edge', 'executed_segments': [], 'queue_s': 0.0017672000003585708, 'segment_compute_s': 0.0, 'exit_head_compute_s': 0.0, 'exit_check_s': 0.0, 'worker_elapsed_s': 0.00018829999999070424}, {'node': 'cloud', 'executed_segments': [0, 1, 2, 3, 4, 5, 6, 7, 8, 9, 10, 11, 12, 13, 14, 15, 16, 17, 18], 'queue_s': 0.002378559991484508, 'segment_compute_s': 0.015755568994791247, 'exit_head_compute_s': 0.0009765370050445199, 'exit_check_s': 0.0004103859973838553, 'worker_elapsed_s': 0.018429285002639517}], 'sample_id': 'balanced_006_0675_00006803', 'label': 6, 'correct': True, 'observed_utility': -0.42233240490895696}",balanced_006_0675_00006803,99,6803,0.48067808151245117,2931975627208053355,0.2844664809817914,0.0038691870167895104,0
