T_bandwidth_calibration,T_c_compute,T_compute_cloud,T_compute_device,T_compute_edge,T_compute_s,T_d2e,T_d_compute,T_device_edge_roundtrip,T_e2c,T_e_compute,T_edge_cloud_roundtrip,T_node_cloud,T_node_edge,T_queue_s,T_total,T_worker_elapsed_s,actual_start_at_utc,barrier_ready_at_utc,barrier_release_at_utc,cloud_exit_check,cloud_exit_head_compute,cloud_queue,cloud_segment_compute,confidence,d2e_transport,decision_id,decision_version,device_compute,difficulty,e2c_transport,edge_exit_check,edge_exit_head_compute,edge_queue,edge_segment_compute,executed_segments_by_node,exit_boundary_id,exit_id,exit_location,is_correct,label,objective_alpha,objective_beta,observed_accuracy,observed_latency,observed_utility,prediction,request_id,request_seq,request_trace,sample_id,sample_index,source_index,start_skew_s,test_sample_seed,total_latency,unattributed_overhead,user_id
0.0,2.0368233490007697,2.0368233490007697,4.948297282680869e-05,5.9499999679246685e-05,2.0368233490007697,2.37084816899187,4.948297282680869e-05,14.849217868992127,4.33475146698629,5.9499999679246685e-05,8.361534699999993,4.026783233013703,4.116835000000265,1.6962302079919027,14.849294482992264,2.0368851160019403,1784947495.7025912,1784947494.9783046,1784947495.2283046,0.1274314750044141,0.1562455250095809,1.6962302079919027,1.7416562600119505,0.999929666519165,2.37084816899187,ablate-cloud-only-resnet50-cifar10-pi5-r1-20260725-104447:v1,1,4.948297282680869e-05,unknown,4.33475146698629,0.0,0.0,4.116075599999931,0.0,"{'device': [], 'edge': [], 'cloud': [0, 1, 2, 3, 4, 5, 6, 7, 8, 9, 10, 11, 12, 13, 14, 15, 16, 17, 18]}",19,final,cloud,True,7,1.0,5.0,1.0,14.849294482992264,-73.24647241496132,7,15d42bbb527a417ca10215d5352fbb26,0,"{'device_compute': 4.948297282680869e-05, 'd2e_transport': 2.37084816899187, 'edge_queue': 4.116075599999931, 'edge_segment_compute': 0.0, 'edge_exit_head_compute': 0.0, 'edge_exit_check': 0.0, 'e2c_transport': 4.33475146698629, 'cloud_queue': 1.6962302079919027, 'cloud_segment_compute': 1.7416562600119505, 'cloud_exit_head_compute': 0.1562455250095809, 'cloud_exit_check': 0.1274314750044141, 'total_latency': 14.849294482992264, 'unattributed_overhead': 0.30600629602349727, 'request_id': '15d42bbb527a417ca10215d5352fbb26', 'user_id': 0, 'prediction': 7, 'exit_id': 'final', 'exit_boundary_id': 19, 'exit_location': 'cloud', 'confidence': 0.999929666519165, 'executed_segments_by_node': {'device': [], 'edge': [], 'cloud': [0, 1, 2, 3, 4, 5, 6, 7, 8, 9, 10, 11, 12, 13, 14, 15, 16, 17, 18]}, 'nodes': [{'node': 'device', 'executed_segments': [], 'queue_s': 0.0, 'segment_compute_s': 0.0, 'exit_head_compute_s': 0.0, 'exit_check_s': 0.0, 'worker_elapsed_s': 4.948297282680869e-05}, {'node': 'edge', 'executed_segments': [], 'queue_s': 4.116075599999931, 'segment_compute_s': 0.0, 'exit_head_compute_s': 0.0, 'exit_check_s': 0.0, 'worker_elapsed_s': 0.00012409999999363208}, {'node': 'cloud', 'executed_segments': [0, 1, 2, 3, 4, 5, 6, 7, 8, 9, 10, 11, 12, 13, 14, 15, 16, 17, 18], 'queue_s': 1.6962302079919027, 'segment_compute_s': 1.7416562600119505, 'exit_head_compute_s': 0.1562455250095809, 'exit_check_s': 0.1274314750044141, 'worker_elapsed_s': 2.0368851160019403}], 'sample_id': 'balanced_007_0807_00008078', 'label': 7, 'correct': True, 'observed_utility': -73.24647241496132}",balanced_007_0807_00008078,0,8078,0.4742865562438965,5950408010011599576,14.849294482992264,0.30600629602349727,0
0.0,0.018954965999000706,0.018954965999000706,4.814998828805983e-05,7.289999985005124e-05,0.018954965999000706,0.1102685069877225,4.814998828805983e-05,0.35760190698783845,0.2208722349960226,7.289999985005124e-05,0.24513930000011896,0.024267065004096366,0.002194099999996979,0.003531752008711919,0.3576791689847596,0.019055746000958607,1784947511.4847898,1784947510.7577477,1784947511.0077477,0.00041233000229112804,0.0010133699979633093,0.003531752008711919,0.0162393820064608,0.9999958276748657,0.1102685069877225,ablate-cloud-only-resnet50-cifar10-pi5-r1-20260725-104447:v1,1,4.814998828805983e-05,unknown,0.2208722349960226,0.0,0.0,0.0014422999997805164,0.0,"{'device': [], 'edge': [], 'cloud': [0, 1, 2, 3, 4, 5, 6, 7, 8, 9, 10, 11, 12, 13, 14, 15, 16, 17, 18]}",19,final,cloud,True,6,1.0,5.0,1.0,0.3576791689847596,-0.788395844923798,6,f2dc81a398c74e7096822938124644a2,1,"{'device_compute': 4.814998828805983e-05, 'd2e_transport': 0.1102685069877225, 'edge_queue': 0.0014422999997805164, 'edge_segment_compute': 0.0, 'edge_exit_head_compute': 0.0, 'edge_exit_check': 0.0, 'e2c_transport': 0.2208722349960226, 'cloud_queue': 0.003531752008711919, 'cloud_segment_compute': 0.0162393820064608, 'cloud_exit_head_compute': 0.0010133699979633093, 'cloud_exit_check': 0.00041233000229112804, 'total_latency': 0.3576791689847596, 'unattributed_overhead': 0.003851142997518764, 'request_id': 'f2dc81a398c74e7096822938124644a2', 'user_id': 0, 'prediction': 6, 'exit_id': 'final', 'exit_boundary_id': 19, 'exit_location': 'cloud', 'confidence': 0.9999958276748657, 'executed_segments_by_node': {'device': [], 'edge': [], 'cloud': [0, 1, 2, 3, 4, 5, 6, 7, 8, 9, 10, 11, 12, 13, 14, 15, 16, 17, 18]}, 'nodes': [{'node': 'device', 'executed_segments': [], 'queue_s': 0.0, 'segment_compute_s': 0.0, 'exit_head_compute_s': 0.0, 'exit_check_s': 0.0, 'worker_elapsed_s': 4.814998828805983e-05}, {'node': 'edge', 'executed_segments': [], 'queue_s': 0.0014422999997805164, 'segment_compute_s': 0.0, 'exit_head_compute_s': 0.0, 'exit_check_s': 0.0, 'worker_elapsed_s': 0.00014830000009169453}, {'node': 'cloud', 'executed_segments': [0, 1, 2, 3, 4, 5, 6, 7, 8, 9, 10, 11, 12, 13, 14, 15, 16, 17, 18], 'queue_s': 0.003531752008711919, 'segment_compute_s': 0.0162393820064608, 'exit_head_compute_s': 0.0010133699979633093, 'exit_check_s': 0.00041233000229112804, 'worker_elapsed_s': 0.019055746000958607}], 'sample_id': 'balanced_006_0723_00007305', 'label': 6, 'correct': True, 'observed_utility': -0.788395844923798}",balanced_006_0723_00007305,1,7305,0.47704219818115234,5950408010011599576,0.3576791689847596,0.003851142997518764,0
0.0,0.018887532001826912,0.018887532001826912,4.326002090238035e-05,0.0001316000002589135,0.018887532001826912,0.11641245598912064,4.326002090238035e-05,0.27096755598904565,0.1283170200040331,0.0001316000002589135,0.15126969999982975,0.022952679995796643,0.003285400000095251,0.002507529003196396,0.2710388350242283,0.01896685299288947,1784947511.8705688,1784947511.1443558,1784947511.3943558,0.0004259400157025084,0.0009881080040941015,0.002507529003196396,0.016156892976141535,0.9984925985336304,0.11641245598912064,ablate-cloud-only-resnet50-cifar10-pi5-r1-20260725-104447:v1,1,4.326002090238035e-05,unknown,0.1283170200040331,0.0,0.0,0.00158659999988231,0.0,"{'device': [], 'edge': [], 'cloud': [0, 1, 2, 3, 4, 5, 6, 7, 8, 9, 10, 11, 12, 13, 14, 15, 16, 17, 18]}",19,final,cloud,True,9,1.0,5.0,1.0,0.2710388350242283,-0.3551941751211416,9,a576240b9019473fb6b11049ac82681a,2,"{'device_compute': 4.326002090238035e-05, 'd2e_transport': 0.11641245598912064, 'edge_queue': 0.00158659999988231, 'edge_segment_compute': 0.0, 'edge_exit_head_compute': 0.0, 'edge_exit_check': 0.0, 'e2c_transport': 0.1283170200040331, 'cloud_queue': 0.002507529003196396, 'cloud_segment_compute': 0.016156892976141535, 'cloud_exit_head_compute': 0.0009881080040941015, 'cloud_exit_check': 0.0004259400157025084, 'total_latency': 0.2710388350242283, 'unattributed_overhead': 0.004601029011155333, 'request_id': 'a576240b9019473fb6b11049ac82681a', 'user_id': 0, 'prediction': 9, 'exit_id': 'final', 'exit_boundary_id': 19, 'exit_location': 'cloud', 'confidence': 0.9984925985336304, 'executed_segments_by_node': {'device': [], 'edge': [], 'cloud': [0, 1, 2, 3, 4, 5, 6, 7, 8, 9, 10, 11, 12, 13, 14, 15, 16, 17, 18]}, 'nodes': [{'node': 'device', 'executed_segments': [], 'queue_s': 0.0, 'segment_compute_s': 0.0, 'exit_head_compute_s': 0.0, 'exit_check_s': 0.0, 'worker_elapsed_s': 4.326002090238035e-05}, {'node': 'edge', 'executed_segments': [], 'queue_s': 0.00158659999988231, 'segment_compute_s': 0.0, 'exit_head_compute_s': 0.0, 'exit_check_s': 0.0, 'worker_elapsed_s': 0.00024400000029345392}, {'node': 'cloud', 'executed_segments': [0, 1, 2, 3, 4, 5, 6, 7, 8, 9, 10, 11, 12, 13, 14, 15, 16, 17, 18], 'queue_s': 0.002507529003196396, 'segment_compute_s': 0.016156892976141535, 'exit_head_compute_s': 0.0009881080040941015, 'exit_check_s': 0.0004259400157025084, 'worker_elapsed_s': 0.01896685299288947}], 'sample_id': 'balanced_009_0169_00001689', 'label': 9, 'correct': True, 'observed_utility': -0.3551941751211416}",balanced_009_0169_00001689,2,1689,0.4762129783630371,5950408010011599576,0.2710388350242283,0.004601029011155333,0
0.0,0.018548729989561252,0.018548729989561252,4.227898898534477e-05,8.889999980965513e-05,0.018548729989561252,0.15333286400391444,4.227898898534477e-05,0.4160162640037015,0.23647925299337658,8.889999980965513e-05,0.2588777000000846,0.02239844700670801,0.003805699999702483,0.002302808003150858,0.4160871180065442,0.018626599994604476,1784947512.1652074,1784947511.4390564,1784947511.6890564,0.0004174860077910125,0.000997881987132132,0.002302808003150858,0.015852425989578478,0.9985785484313965,0.15333286400391444,ablate-cloud-only-resnet50-cifar10-pi5-r1-20260725-104447:v1,1,4.227898898534477e-05,unknown,0.23647925299337658,0.0,0.0,0.0026413000000502507,0.0,"{'device': [], 'edge': [], 'cloud': [0, 1, 2, 3, 4, 5, 6, 7, 8, 9, 10, 11, 12, 13, 14, 15, 16, 17, 18]}",19,final,cloud,True,9,1.0,5.0,1.0,0.4160871180065442,-1.080435590032721,9,6a8d94df57744cc896ea9684c9d18d73,3,"{'device_compute': 4.227898898534477e-05, 'd2e_transport': 0.15333286400391444, 'edge_queue': 0.0026413000000502507, 'edge_segment_compute': 0.0, 'edge_exit_head_compute': 0.0, 'edge_exit_check': 0.0, 'e2c_transport': 0.23647925299337658, 'cloud_queue': 0.002302808003150858, 'cloud_segment_compute': 0.015852425989578478, 'cloud_exit_head_compute': 0.000997881987132132, 'cloud_exit_check': 0.0004174860077910125, 'total_latency': 0.4160871180065442, 'unattributed_overhead': 0.004020820032565098, 'request_id': '6a8d94df57744cc896ea9684c9d18d73', 'user_id': 0, 'prediction': 9, 'exit_id': 'final', 'exit_boundary_id': 19, 'exit_location': 'cloud', 'confidence': 0.9985785484313965, 'executed_segments_by_node': {'device': [], 'edge': [], 'cloud': [0, 1, 2, 3, 4, 5, 6, 7, 8, 9, 10, 11, 12, 13, 14, 15, 16, 17, 18]}, 'nodes': [{'node': 'device', 'executed_segments': [], 'queue_s': 0.0, 'segment_compute_s': 0.0, 'exit_head_compute_s': 0.0, 'exit_check_s': 0.0, 'worker_elapsed_s': 4.227898898534477e-05}, {'node': 'edge', 'executed_segments': [], 'queue_s': 0.0026413000000502507, 'segment_compute_s': 0.0, 'exit_head_compute_s': 0.0, 'exit_check_s': 0.0, 'worker_elapsed_s': 0.00018060000002151355}, {'node': 'cloud', 'executed_segments': [0, 1, 2, 3, 4, 5, 6, 7, 8, 9, 10, 11, 12, 13, 14, 15, 16, 17, 18], 'queue_s': 0.002302808003150858, 'segment_compute_s': 0.015852425989578478, 'exit_head_compute_s': 0.000997881987132132, 'exit_check_s': 0.0004174860077910125, 'worker_elapsed_s': 0.018626599994604476}], 'sample_id': 'balanced_009_0903_00009143', 'label': 9, 'correct': True, 'observed_utility': -1.080435590032721}",balanced_009_0903_00009143,3,9143,0.4761509895324707,5950408010011599576,0.4160871180065442,0.004020820032565098,0
0.0,0.018540008008130826,0.018540008008130826,4.276001709513366e-05,0.00010220000012850505,0.018540008008130826,0.15090714100142577,4.276001709513366e-05,0.3620344410010148,0.1855486849999579,0.00010220000012850505,0.20779709999987972,0.022248414999921806,0.0033301999997092935,0.0022060689952922985,0.36210512701654807,0.018610612009069882,1784947512.606944,1784947511.879862,1784947512.129862,0.0004338610015111044,0.0009326669969595969,0.0022060689952922985,0.015925407031318173,0.9958171248435974,0.15090714100142577,ablate-cloud-only-resnet50-cifar10-pi5-r1-20260725-104447:v1,1,4.276001709513366e-05,unknown,0.1855486849999579,0.0,0.0,0.001971000000139611,0.0,"{'device': [], 'edge': [], 'cloud': [0, 1, 2, 3, 4, 5, 6, 7, 8, 9, 10, 11, 12, 13, 14, 15, 16, 17, 18]}",19,final,cloud,False,5,1.0,5.0,0.0,0.36210512701654807,-1.8105256350827403,4,6c3a0e2c2792447f818a6958c9ee9dcf,4,"{'device_compute': 4.276001709513366e-05, 'd2e_transport': 0.15090714100142577, 'edge_queue': 0.001971000000139611, 'edge_segment_compute': 0.0, 'edge_exit_head_compute': 0.0, 'edge_exit_check': 0.0, 'e2c_transport': 0.1855486849999579, 'cloud_queue': 0.0022060689952922985, 'cloud_segment_compute': 0.015925407031318173, 'cloud_exit_head_compute': 0.0009326669969595969, 'cloud_exit_check': 0.0004338610015111044, 'total_latency': 0.36210512701654807, 'unattributed_overhead': 0.004137536972848466, 'request_id': '6c3a0e2c2792447f818a6958c9ee9dcf', 'user_id': 0, 'prediction': 4, 'exit_id': 'final', 'exit_boundary_id': 19, 'exit_location': 'cloud', 'confidence': 0.9958171248435974, 'executed_segments_by_node': {'device': [], 'edge': [], 'cloud': [0, 1, 2, 3, 4, 5, 6, 7, 8, 9, 10, 11, 12, 13, 14, 15, 16, 17, 18]}, 'nodes': [{'node': 'device', 'executed_segments': [], 'queue_s': 0.0, 'segment_compute_s': 0.0, 'exit_head_compute_s': 0.0, 'exit_check_s': 0.0, 'worker_elapsed_s': 4.276001709513366e-05}, {'node': 'edge', 'executed_segments': [], 'queue_s': 0.001971000000139611, 'segment_compute_s': 0.0, 'exit_head_compute_s': 0.0, 'exit_check_s': 0.0, 'worker_elapsed_s': 0.00020169999970676145}, {'node': 'cloud', 'executed_segments': [0, 1, 2, 3, 4, 5, 6, 7, 8, 9, 10, 11, 12, 13, 14, 15, 16, 17, 18], 'queue_s': 0.0022060689952922985, 'segment_compute_s': 0.015925407031318173, 'exit_head_compute_s': 0.0009326669969595969, 'exit_check_s': 0.0004338610015111044, 'worker_elapsed_s': 0.018610612009069882}], 'sample_id': 'balanced_005_0804_00007941', 'label': 5, 'correct': False, 'observed_utility': -1.8105256350827403}",balanced_005_0804_00007941,4,7941,0.4770820140838623,5950408010011599576,0.36210512701654807,0.004137536972848466,0
0.0,0.01853410800686106,0.01853410800686106,4.283399903215468e-05,8.109999998850981e-05,0.01853410800686106,0.15405770498819038,4.283399903215468e-05,0.2744978049886413,0.09511865200101965,8.109999998850981e-05,0.11755570000013904,0.022437047999119386,0.002884400000311871,0.002251009995234199,0.27456889901077375,0.01861189299961552,1784947513.0017397,1784947512.275022,1784947512.525022,0.00041840200719889253,0.000981332006631419,0.002251009995234199,0.015869829992880113,0.9999703168869019,0.15405770498819038,ablate-cloud-only-resnet50-cifar10-pi5-r1-20260725-104447:v1,1,4.283399903215468e-05,unknown,0.09511865200101965,0.0,0.0,0.0018699000002015964,0.0,"{'device': [], 'edge': [], 'cloud': [0, 1, 2, 3, 4, 5, 6, 7, 8, 9, 10, 11, 12, 13, 14, 15, 16, 17, 18]}",19,final,cloud,True,3,1.0,5.0,1.0,0.27456889901077375,-0.37284449505386874,3,671572cb20f24ab7a42f7d666efa98d0,5,"{'device_compute': 4.283399903215468e-05, 'd2e_transport': 0.15405770498819038, 'edge_queue': 0.0018699000002015964, 'edge_segment_compute': 0.0, 'edge_exit_head_compute': 0.0, 'edge_exit_check': 0.0, 'e2c_transport': 0.09511865200101965, 'cloud_queue': 0.002251009995234199, 'cloud_segment_compute': 0.015869829992880113, 'cloud_exit_head_compute': 0.000981332006631419, 'cloud_exit_check': 0.00041840200719889253, 'total_latency': 0.27456889901077375, 'unattributed_overhead': 0.003959234020385338, 'request_id': '671572cb20f24ab7a42f7d666efa98d0', 'user_id': 0, 'prediction': 3, 'exit_id': 'final', 'exit_boundary_id': 19, 'exit_location': 'cloud', 'confidence': 0.9999703168869019, 'executed_segments_by_node': {'device': [], 'edge': [], 'cloud': [0, 1, 2, 3, 4, 5, 6, 7, 8, 9, 10, 11, 12, 13, 14, 15, 16, 17, 18]}, 'nodes': [{'node': 'device', 'executed_segments': [], 'queue_s': 0.0, 'segment_compute_s': 0.0, 'exit_head_compute_s': 0.0, 'exit_check_s': 0.0, 'worker_elapsed_s': 4.283399903215468e-05}, {'node': 'edge', 'executed_segments': [], 'queue_s': 0.0018699000002015964, 'segment_compute_s': 0.0, 'exit_head_compute_s': 0.0, 'exit_check_s': 0.0, 'worker_elapsed_s': 0.00015969999958542758}, {'node': 'cloud', 'executed_segments': [0, 1, 2, 3, 4, 5, 6, 7, 8, 9, 10, 11, 12, 13, 14, 15, 16, 17, 18], 'queue_s': 0.002251009995234199, 'segment_compute_s': 0.015869829992880113, 'exit_head_compute_s': 0.000981332006631419, 'exit_check_s': 0.00041840200719889253, 'worker_elapsed_s': 0.01861189299961552}], 'sample_id': 'balanced_003_0937_00009250', 'label': 3, 'correct': True, 'observed_utility': -0.37284449505386874}",balanced_003_0937_00009250,5,9250,0.4767177104949951,5950408010011599576,0.27456889901077375,0.003959234020385338,0
0.0,0.018331006009248085,0.018331006009248085,4.209400503896177e-05,8.189999971364159e-05,0.018331006009248085,0.13918105901666422,4.209400503896177e-05,0.38451645901659504,0.21971339200081275,8.189999971364159e-05,0.24180109999997512,0.022087707999162376,0.0035342999999556923,0.00221099000191316,0.3845861080044415,0.018401260997052304,1784947513.3022308,1784947512.5762486,1784947512.8262486,0.00040343300497625023,0.0009401220013387501,0.00221099000191316,0.015708575971075334,0.9998722076416016,0.13918105901666422,ablate-cloud-only-resnet50-cifar10-pi5-r1-20260725-104447:v1,1,4.209400503896177e-05,unknown,0.21971339200081275,0.0,0.0,0.002460599999722035,0.0,"{'device': [], 'edge': [], 'cloud': [0, 1, 2, 3, 4, 5, 6, 7, 8, 9, 10, 11, 12, 13, 14, 15, 16, 17, 18]}",19,final,cloud,True,7,1.0,5.0,1.0,0.3845861080044415,-0.9229305400222074,7,9fedb569ca714abea4c7c217e45de1e4,6,"{'device_compute': 4.209400503896177e-05, 'd2e_transport': 0.13918105901666422, 'edge_queue': 0.002460599999722035, 'edge_segment_compute': 0.0, 'edge_exit_head_compute': 0.0, 'edge_exit_check': 0.0, 'e2c_transport': 0.21971339200081275, 'cloud_queue': 0.00221099000191316, 'cloud_segment_compute': 0.015708575971075334, 'cloud_exit_head_compute': 0.0009401220013387501, 'cloud_exit_check': 0.00040343300497625023, 'total_latency': 0.3845861080044415, 'unattributed_overhead': 0.003925842002900026, 'request_id': '9fedb569ca714abea4c7c217e45de1e4', 'user_id': 0, 'prediction': 7, 'exit_id': 'final', 'exit_boundary_id': 19, 'exit_location': 'cloud', 'confidence': 0.9998722076416016, 'executed_segments_by_node': {'device': [], 'edge': [], 'cloud': [0, 1, 2, 3, 4, 5, 6, 7, 8, 9, 10, 11, 12, 13, 14, 15, 16, 17, 18]}, 'nodes': [{'node': 'device', 'executed_segments': [], 'queue_s': 0.0, 'segment_compute_s': 0.0, 'exit_head_compute_s': 0.0, 'exit_check_s': 0.0, 'worker_elapsed_s': 4.209400503896177e-05}, {'node': 'edge', 'executed_segments': [], 'queue_s': 0.002460599999722035, 'segment_compute_s': 0.0, 'exit_head_compute_s': 0.0, 'exit_check_s': 0.0, 'worker_elapsed_s': 0.00017220000017914572}, {'node': 'cloud', 'executed_segments': [0, 1, 2, 3, 4, 5, 6, 7, 8, 9, 10, 11, 12, 13, 14, 15, 16, 17, 18], 'queue_s': 0.00221099000191316, 'segment_compute_s': 0.015708575971075334, 'exit_head_compute_s': 0.0009401220013387501, 'exit_check_s': 0.00040343300497625023, 'worker_elapsed_s': 0.018401260997052304}], 'sample_id': 'balanced_007_0610_00005981', 'label': 7, 'correct': True, 'observed_utility': -0.9229305400222074}",balanced_007_0610_00005981,6,5981,0.4759821891784668,5950408010011599576,0.3845861080044415,0.003925842002900026,0
0.0,0.018587318001664244,0.018587318001664244,4.324197652749717e-05,8.029999980863067e-05,0.018587318001664244,0.12843043398424925,4.324197652749717e-05,0.27374593398417346,0.11939909999409792,8.029999980863067e-05,0.14156839999986914,0.02216930000577122,0.0037471000000550703,0.0021404709987109527,0.2738176029815804,0.01865502499276772,1784947513.7193367,1784947512.9925475,1784947513.2425475,0.0004211189952911809,0.0009658100025262684,0.0021404709987109527,0.015917372031253763,0.9999988079071045,0.12843043398424925,ablate-cloud-only-resnet50-cifar10-pi5-r1-20260725-104447:v1,1,4.324197652749717e-05,unknown,0.11939909999409792,0.0,0.0,0.0027744999997594277,0.0,"{'device': [], 'edge': [], 'cloud': [0, 1, 2, 3, 4, 5, 6, 7, 8, 9, 10, 11, 12, 13, 14, 15, 16, 17, 18]}",19,final,cloud,True,2,1.0,5.0,1.0,0.2738176029815804,-0.3690880149079021,2,f8f4a92ea127471f99b6bd40110ada43,7,"{'device_compute': 4.324197652749717e-05, 'd2e_transport': 0.12843043398424925, 'edge_queue': 0.0027744999997594277, 'edge_segment_compute': 0.0, 'edge_exit_head_compute': 0.0, 'edge_exit_check': 0.0, 'e2c_transport': 0.11939909999409792, 'cloud_queue': 0.0021404709987109527, 'cloud_segment_compute': 0.015917372031253763, 'cloud_exit_head_compute': 0.0009658100025262684, 'cloud_exit_check': 0.0004211189952911809, 'total_latency': 0.2738176029815804, 'unattributed_overhead': 0.00372555499916416, 'request_id': 'f8f4a92ea127471f99b6bd40110ada43', 'user_id': 0, 'prediction': 2, 'exit_id': 'final', 'exit_boundary_id': 19, 'exit_location': 'cloud', 'confidence': 0.9999988079071045, 'executed_segments_by_node': {'device': [], 'edge': [], 'cloud': [0, 1, 2, 3, 4, 5, 6, 7, 8, 9, 10, 11, 12, 13, 14, 15, 16, 17, 18]}, 'nodes': [{'node': 'device', 'executed_segments': [], 'queue_s': 0.0, 'segment_compute_s': 0.0, 'exit_head_compute_s': 0.0, 'exit_check_s': 0.0, 'worker_elapsed_s': 4.324197652749717e-05}, {'node': 'edge', 'executed_segments': [], 'queue_s': 0.0027744999997594277, 'segment_compute_s': 0.0, 'exit_head_compute_s': 0.0, 'exit_check_s': 0.0, 'worker_elapsed_s': 0.000158100000135164}, {'node': 'cloud', 'executed_segments': [0, 1, 2, 3, 4, 5, 6, 7, 8, 9, 10, 11, 12, 13, 14, 15, 16, 17, 18], 'queue_s': 0.0021404709987109527, 'segment_compute_s': 0.015917372031253763, 'exit_head_compute_s': 0.0009658100025262684, 'exit_check_s': 0.0004211189952911809, 'worker_elapsed_s': 0.01865502499276772}], 'sample_id': 'balanced_002_0824_00008129', 'label': 2, 'correct': True, 'observed_utility': -0.3690880149079021}",balanced_002_0824_00008129,7,8129,0.4767892360687256,5950408010011599576,0.2738176029815804,0.00372555499916416,0
0.0,0.018482230996596627,0.018482230996596627,4.412999260239303e-05,7.379999988188501e-05,0.018482230996596627,0.12531212200656228,4.412999260239303e-05,0.2759951220068615,0.12618042100893945,7.379999988188501e-05,0.14833610000005137,0.022155678991111927,0.0023469000002478424,0.0021962619939586148,0.2760672529984731,0.018560080003226176,1784947514.0189614,1784947513.2930713,1784947513.5430713,0.00041807199886534363,0.0009767000010469928,0.0021962619939586148,0.015826475006178953,0.9999717473983765,0.12531212200656228,ablate-cloud-only-resnet50-cifar10-pi5-r1-20260725-104447:v1,1,4.412999260239303e-05,unknown,0.12618042100893945,0.0,0.0,0.0014184999999997672,0.0,"{'device': [], 'edge': [], 'cloud': [0, 1, 2, 3, 4, 5, 6, 7, 8, 9, 10, 11, 12, 13, 14, 15, 16, 17, 18]}",19,final,cloud,True,9,1.0,5.0,1.0,0.2760672529984731,-0.3803362649923656,9,4214f27e7c084af8800b43337f6748d7,8,"{'device_compute': 4.412999260239303e-05, 'd2e_transport': 0.12531212200656228, 'edge_queue': 0.0014184999999997672, 'edge_segment_compute': 0.0, 'edge_exit_head_compute': 0.0, 'edge_exit_check': 0.0, 'e2c_transport': 0.12618042100893945, 'cloud_queue': 0.0021962619939586148, 'cloud_segment_compute': 0.015826475006178953, 'cloud_exit_head_compute': 0.0009767000010469928, 'cloud_exit_check': 0.00041807199886534363, 'total_latency': 0.2760672529984731, 'unattributed_overhead': 0.0036945709903193347, 'request_id': '4214f27e7c084af8800b43337f6748d7', 'user_id': 0, 'prediction': 9, 'exit_id': 'final', 'exit_boundary_id': 19, 'exit_location': 'cloud', 'confidence': 0.9999717473983765, 'executed_segments_by_node': {'device': [], 'edge': [], 'cloud': [0, 1, 2, 3, 4, 5, 6, 7, 8, 9, 10, 11, 12, 13, 14, 15, 16, 17, 18]}, 'nodes': [{'node': 'device', 'executed_segments': [], 'queue_s': 0.0, 'segment_compute_s': 0.0, 'exit_head_compute_s': 0.0, 'exit_check_s': 0.0, 'worker_elapsed_s': 4.412999260239303e-05}, {'node': 'edge', 'executed_segments': [], 'queue_s': 0.0014184999999997672, 'segment_compute_s': 0.0, 'exit_head_compute_s': 0.0, 'exit_check_s': 0.0, 'worker_elapsed_s': 0.00014950000013413955}, {'node': 'cloud', 'executed_segments': [0, 1, 2, 3, 4, 5, 6, 7, 8, 9, 10, 11, 12, 13, 14, 15, 16, 17, 18], 'queue_s': 0.0021962619939586148, 'segment_compute_s': 0.015826475006178953, 'exit_head_compute_s': 0.0009767000010469928, 'exit_check_s': 0.00041807199886534363, 'worker_elapsed_s': 0.018560080003226176}], 'sample_id': 'balanced_009_0368_00003638', 'label': 9, 'correct': True, 'observed_utility': -0.3803362649923656}",balanced_009_0368_00003638,8,3638,0.4758901596069336,5950408010011599576,0.2760672529984731,0.0036945709903193347,0
0.0,0.01841533900005743,0.01841533900005743,4.352000541985035e-05,8.429999979853164e-05,0.01841533900005743,0.11664122399088228,4.352000541985035e-05,0.3125968239910435,0.1701538019869986,8.429999979853164e-05,0.192235299999993,0.022081498012994416,0.0037203000001682085,0.002204986012657173,0.3126671400095802,0.018486786997527815,1784947514.316724,1784947513.5904574,1784947513.8404574,0.00041099899681285024,0.0009592529822839424,0.002204986012657173,0.015785316965775564,0.9999964237213135,0.11664122399088228,ablate-cloud-only-resnet50-cifar10-pi5-r1-20260725-104447:v1,1,4.352000541985035e-05,unknown,0.1701538019869986,0.0,0.0,0.002522899999803485,0.0,"{'device': [], 'edge': [], 'cloud': [0, 1, 2, 3, 4, 5, 6, 7, 8, 9, 10, 11, 12, 13, 14, 15, 16, 17, 18]}",19,final,cloud,True,1,1.0,5.0,1.0,0.3126671400095802,-0.5633357000479009,1,e32fd4733f6f4837b17f7dc26459a987,9,"{'device_compute': 4.352000541985035e-05, 'd2e_transport': 0.11664122399088228, 'edge_queue': 0.002522899999803485, 'edge_segment_compute': 0.0, 'edge_exit_head_compute': 0.0, 'edge_exit_check': 0.0, 'e2c_transport': 0.1701538019869986, 'cloud_queue': 0.002204986012657173, 'cloud_segment_compute': 0.015785316965775564, 'cloud_exit_head_compute': 0.0009592529822839424, 'cloud_exit_check': 0.00041099899681285024, 'total_latency': 0.3126671400095802, 'unattributed_overhead': 0.003945139068946446, 'request_id': 'e32fd4733f6f4837b17f7dc26459a987', 'user_id': 0, 'prediction': 1, 'exit_id': 'final', 'exit_boundary_id': 19, 'exit_location': 'cloud', 'confidence': 0.9999964237213135, 'executed_segments_by_node': {'device': [], 'edge': [], 'cloud': [0, 1, 2, 3, 4, 5, 6, 7, 8, 9, 10, 11, 12, 13, 14, 15, 16, 17, 18]}, 'nodes': [{'node': 'device', 'executed_segments': [], 'queue_s': 0.0, 'segment_compute_s': 0.0, 'exit_head_compute_s': 0.0, 'exit_check_s': 0.0, 'worker_elapsed_s': 4.352000541985035e-05}, {'node': 'edge', 'executed_segments': [], 'queue_s': 0.002522899999803485, 'segment_compute_s': 0.0, 'exit_head_compute_s': 0.0, 'exit_check_s': 0.0, 'worker_elapsed_s': 0.00017490000027464703}, {'node': 'cloud', 'executed_segments': [0, 1, 2, 3, 4, 5, 6, 7, 8, 9, 10, 11, 12, 13, 14, 15, 16, 17, 18], 'queue_s': 0.002204986012657173, 'segment_compute_s': 0.015785316965775564, 'exit_head_compute_s': 0.0009592529822839424, 'exit_check_s': 0.00041099899681285024, 'worker_elapsed_s': 0.018486786997527815}], 'sample_id': 'balanced_001_0993_00009907', 'label': 1, 'correct': True, 'observed_utility': -0.5633357000479009}",balanced_001_0993_00009907,9,9907,0.47626662254333496,5950408010011599576,0.3126671400095802,0.003945139068946446,0
0.0,0.01837253499252256,0.01837253499252256,4.8057001549750566e-05,0.00010380000003351597,0.01837253499252256,0.15284472797748094,4.8057001549750566e-05,0.36507502797758207,0.18653043400081515,0.00010380000003351597,0.20848579999983485,0.021955365999019705,0.003744500000266271,0.0021525210031541064,0.3651550119975582,0.01843902000109665,1784947514.6507797,1784947513.9250286,1784947514.1750286,0.00043019499571528286,0.0009452119847992435,0.0021525210031541064,0.015750867984024808,0.9999996423721313,0.15284472797748094,ablate-cloud-only-resnet50-cifar10-pi5-r1-20260725-104447:v1,1,4.8057001549750566e-05,unknown,0.18653043400081515,0.0,0.0,0.0025192000002789428,0.0,"{'device': [], 'edge': [], 'cloud': [0, 1, 2, 3, 4, 5, 6, 7, 8, 9, 10, 11, 12, 13, 14, 15, 16, 17, 18]}",19,final,cloud,True,1,1.0,5.0,1.0,0.3651550119975582,-0.8257750599877909,1,6fb967c1b8c74632b05f8c8e3acbb062,10,"{'device_compute': 4.8057001549750566e-05, 'd2e_transport': 0.15284472797748094, 'edge_queue': 0.0025192000002789428, 'edge_segment_compute': 0.0, 'edge_exit_head_compute': 0.0, 'edge_exit_check': 0.0, 'e2c_transport': 0.18653043400081515, 'cloud_queue': 0.0021525210031541064, 'cloud_segment_compute': 0.015750867984024808, 'cloud_exit_head_compute': 0.0009452119847992435, 'cloud_exit_check': 0.00043019499571528286, 'total_latency': 0.3651550119975582, 'unattributed_overhead': 0.003933797049739951, 'request_id': '6fb967c1b8c74632b05f8c8e3acbb062', 'user_id': 0, 'prediction': 1, 'exit_id': 'final', 'exit_boundary_id': 19, 'exit_location': 'cloud', 'confidence': 0.9999996423721313, 'executed_segments_by_node': {'device': [], 'edge': [], 'cloud': [0, 1, 2, 3, 4, 5, 6, 7, 8, 9, 10, 11, 12, 13, 14, 15, 16, 17, 18]}, 'nodes': [{'node': 'device', 'executed_segments': [], 'queue_s': 0.0, 'segment_compute_s': 0.0, 'exit_head_compute_s': 0.0, 'exit_check_s': 0.0, 'worker_elapsed_s': 4.8057001549750566e-05}, {'node': 'edge', 'executed_segments': [], 'queue_s': 0.0025192000002789428, 'segment_compute_s': 0.0, 'exit_head_compute_s': 0.0, 'exit_check_s': 0.0, 'worker_elapsed_s': 0.00020739999990837532}, {'node': 'cloud', 'executed_segments': [0, 1, 2, 3, 4, 5, 6, 7, 8, 9, 10, 11, 12, 13, 14, 15, 16, 17, 18], 'queue_s': 0.0021525210031541064, 'segment_compute_s': 0.015750867984024808, 'exit_head_compute_s': 0.0009452119847992435, 'exit_check_s': 0.00043019499571528286, 'worker_elapsed_s': 0.01843902000109665}], 'sample_id': 'balanced_001_0139_00001410', 'label': 1, 'correct': True, 'observed_utility': -0.8257750599877909}",balanced_001_0139_00001410,10,1410,0.4757511615753174,5950408010011599576,0.3651550119975582,0.003933797049739951,0
0.0,0.018470374998287298,0.018470374998287298,4.3629988795146346e-05,4.890000036539277e-05,0.018470374998287298,0.125317499007906,4.3629988795146346e-05,0.27946859900839627,0.12966639999604013,4.890000036539277e-05,0.15176670000028025,0.022100300004240125,0.0023844000002100074,0.002161590993637219,0.27954035997390747,0.018544110003858805,1784947515.0396643,1784947514.3131628,1784947514.5631628,0.00041174699435941875,0.0009693030151538551,0.002161590993637219,0.01583009902969934,0.9667559266090393,0.125317499007906,ablate-cloud-only-resnet50-cifar10-pi5-r1-20260725-104447:v1,1,4.3629988795146346e-05,unknown,0.12966639999604013,0.0,0.0,0.001463400000375259,0.0,"{'device': [], 'edge': [], 'cloud': [0, 1, 2, 3, 4, 5, 6, 7, 8, 9, 10, 11, 12, 13, 14, 15, 16, 17, 18]}",19,final,cloud,True,4,1.0,5.0,1.0,0.27954035997390747,-0.39770179986953735,4,c4006e9dde19472b9f31927d28ab0eca,11,"{'device_compute': 4.3629988795146346e-05, 'd2e_transport': 0.125317499007906, 'edge_queue': 0.001463400000375259, 'edge_segment_compute': 0.0, 'edge_exit_head_compute': 0.0, 'edge_exit_check': 0.0, 'e2c_transport': 0.12966639999604013, 'cloud_queue': 0.002161590993637219, 'cloud_segment_compute': 0.01583009902969934, 'cloud_exit_head_compute': 0.0009693030151538551, 'cloud_exit_check': 0.00041174699435941875, 'total_latency': 0.27954035997390747, 'unattributed_overhead': 0.003676690947941097, 'request_id': 'c4006e9dde19472b9f31927d28ab0eca', 'user_id': 0, 'prediction': 4, 'exit_id': 'final', 'exit_boundary_id': 19, 'exit_location': 'cloud', 'confidence': 0.9667559266090393, 'executed_segments_by_node': {'device': [], 'edge': [], 'cloud': [0, 1, 2, 3, 4, 5, 6, 7, 8, 9, 10, 11, 12, 13, 14, 15, 16, 17, 18]}, 'nodes': [{'node': 'device', 'executed_segments': [], 'queue_s': 0.0, 'segment_compute_s': 0.0, 'exit_head_compute_s': 0.0, 'exit_check_s': 0.0, 'worker_elapsed_s': 4.3629988795146346e-05}, {'node': 'edge', 'executed_segments': [], 'queue_s': 0.001463400000375259, 'segment_compute_s': 0.0, 'exit_head_compute_s': 0.0, 'exit_check_s': 0.0, 'worker_elapsed_s': 0.0001121999998758838}, {'node': 'cloud', 'executed_segments': [0, 1, 2, 3, 4, 5, 6, 7, 8, 9, 10, 11, 12, 13, 14, 15, 16, 17, 18], 'queue_s': 0.002161590993637219, 'segment_compute_s': 0.01583009902969934, 'exit_head_compute_s': 0.0009693030151538551, 'exit_check_s': 0.00041174699435941875, 'worker_elapsed_s': 0.018544110003858805}], 'sample_id': 'balanced_004_0271_00002762', 'label': 4, 'correct': True, 'observed_utility': -0.39770179986953735}",balanced_004_0271_00002762,11,2762,0.47650146484375,5950408010011599576,0.27954035997390747,0.003676690947941097,0
0.0,0.01824297600251157,0.01824297600251157,3.99639829993248e-05,9.950000003300374e-05,0.01824297600251157,0.14843958198389373,3.99639829993248e-05,0.3868370819836855,0.21359192800946403,9.950000003300374e-05,0.23546649999980218,0.021874571990338154,0.002930999999989581,0.0021858580003026873,0.38690439899801277,0.0183102559967665,1784947515.3419745,1784947514.6167624,1784947514.8667624,0.0003946519864257425,0.0009357119997730479,0.0021858580003026873,0.015649881039280444,0.999207079410553,0.14843958198389373,ablate-cloud-only-resnet50-cifar10-pi5-r1-20260725-104447:v1,1,3.99639829993248e-05,unknown,0.21359192800946403,0.0,0.0,0.0016798000001472246,0.0,"{'device': [], 'edge': [], 'cloud': [0, 1, 2, 3, 4, 5, 6, 7, 8, 9, 10, 11, 12, 13, 14, 15, 16, 17, 18]}",19,final,cloud,True,8,1.0,5.0,1.0,0.38690439899801277,-0.9345219949900638,8,7610dcebbb4f4fad8e19614bc9eb1f22,12,"{'device_compute': 3.99639829993248e-05, 'd2e_transport': 0.14843958198389373, 'edge_queue': 0.0016798000001472246, 'edge_segment_compute': 0.0, 'edge_exit_head_compute': 0.0, 'edge_exit_check': 0.0, 'e2c_transport': 0.21359192800946403, 'cloud_queue': 0.0021858580003026873, 'cloud_segment_compute': 0.015649881039280444, 'cloud_exit_head_compute': 0.0009357119997730479, 'cloud_exit_check': 0.0003946519864257425, 'total_latency': 0.38690439899801277, 'unattributed_overhead': 0.003987021995726536, 'request_id': '7610dcebbb4f4fad8e19614bc9eb1f22', 'user_id': 0, 'prediction': 8, 'exit_id': 'final', 'exit_boundary_id': 19, 'exit_location': 'cloud', 'confidence': 0.999207079410553, 'executed_segments_by_node': {'device': [], 'edge': [], 'cloud': [0, 1, 2, 3, 4, 5, 6, 7, 8, 9, 10, 11, 12, 13, 14, 15, 16, 17, 18]}, 'nodes': [{'node': 'device', 'executed_segments': [], 'queue_s': 0.0, 'segment_compute_s': 0.0, 'exit_head_compute_s': 0.0, 'exit_check_s': 0.0, 'worker_elapsed_s': 3.99639829993248e-05}, {'node': 'edge', 'executed_segments': [], 'queue_s': 0.0016798000001472246, 'segment_compute_s': 0.0, 'exit_head_compute_s': 0.0, 'exit_check_s': 0.0, 'worker_elapsed_s': 0.00019429999974818202}, {'node': 'cloud', 'executed_segments': [0, 1, 2, 3, 4, 5, 6, 7, 8, 9, 10, 11, 12, 13, 14, 15, 16, 17, 18], 'queue_s': 0.0021858580003026873, 'segment_compute_s': 0.015649881039280444, 'exit_head_compute_s': 0.0009357119997730479, 'exit_check_s': 0.0003946519864257425, 'worker_elapsed_s': 0.0183102559967665}], 'sample_id': 'balanced_008_0350_00003350', 'label': 8, 'correct': True, 'observed_utility': -0.9345219949900638}",balanced_008_0350_00003350,12,3350,0.47521209716796875,5950408010011599576,0.38690439899801277,0.003987021995726536,0
0.0,0.01712751500599552,0.01712751500599552,4.203800926916301e-05,7.41999997444509e-05,0.01712751500599552,0.14911909402417223,4.203800926916301e-05,0.38086959402426146,0.20700454799316503,7.41999997444509e-05,0.22800910000023578,0.021004552007070743,0.0037413999998534564,0.0023831349972169846,0.38093911300529726,0.017267086004721932,1784947515.7564032,1784947515.030102,1784947515.280102,0.0003986859956057742,0.0009632430010242388,0.0023831349972169846,0.014599542002542876,0.7250051498413086,0.14911909402417223,ablate-cloud-only-resnet50-cifar10-pi5-r1-20260725-104447:v1,1,4.203800926916301e-05,unknown,0.20700454799316503,0.0,0.0,0.0027552000001378474,0.0,"{'device': [], 'edge': [], 'cloud': [0, 1, 2, 3, 4, 5, 6, 7, 8, 9, 10, 11, 12, 13, 14, 15, 16, 17, 18]}",19,final,cloud,True,2,1.0,5.0,1.0,0.38093911300529726,-0.9046955650264863,2,79fd087f6bcd43e8bddc49821d0bb720,13,"{'device_compute': 4.203800926916301e-05, 'd2e_transport': 0.14911909402417223, 'edge_queue': 0.0027552000001378474, 'edge_segment_compute': 0.0, 'edge_exit_head_compute': 0.0, 'edge_exit_check': 0.0, 'e2c_transport': 0.20700454799316503, 'cloud_queue': 0.0023831349972169846, 'cloud_segment_compute': 0.014599542002542876, 'cloud_exit_head_compute': 0.0009632430010242388, 'cloud_exit_check': 0.0003986859956057742, 'total_latency': 0.38093911300529726, 'unattributed_overhead': 0.003673626982163114, 'request_id': '79fd087f6bcd43e8bddc49821d0bb720', 'user_id': 0, 'prediction': 2, 'exit_id': 'final', 'exit_boundary_id': 19, 'exit_location': 'cloud', 'confidence': 0.7250051498413086, 'executed_segments_by_node': {'device': [], 'edge': [], 'cloud': [0, 1, 2, 3, 4, 5, 6, 7, 8, 9, 10, 11, 12, 13, 14, 15, 16, 17, 18]}, 'nodes': [{'node': 'device', 'executed_segments': [], 'queue_s': 0.0, 'segment_compute_s': 0.0, 'exit_head_compute_s': 0.0, 'exit_check_s': 0.0, 'worker_elapsed_s': 4.203800926916301e-05}, {'node': 'edge', 'executed_segments': [], 'queue_s': 0.0027552000001378474, 'segment_compute_s': 0.0, 'exit_head_compute_s': 0.0, 'exit_check_s': 0.0, 'worker_elapsed_s': 0.0001474999999118154}, {'node': 'cloud', 'executed_segments': [0, 1, 2, 3, 4, 5, 6, 7, 8, 9, 10, 11, 12, 13, 14, 15, 16, 17, 18], 'queue_s': 0.0023831349972169846, 'segment_compute_s': 0.014599542002542876, 'exit_head_compute_s': 0.0009632430010242388, 'exit_check_s': 0.0003986859956057742, 'worker_elapsed_s': 0.017267086004721932}], 'sample_id': 'balanced_002_0275_00002629', 'label': 2, 'correct': True, 'observed_utility': -0.9046955650264863}",balanced_002_0275_00002629,13,2629,0.4763011932373047,5950408010011599576,0.38093911300529726,0.003673626982163114,0
0.0,0.01605637300235685,0.01605637300235685,4.135299241170287e-05,0.00010440000005473848,0.01605637300235685,0.12923738900462922,4.135299241170287e-05,0.4793916890048422,0.3271437400067043,0.00010440000005473848,0.3466917000000649,0.019547959993360564,0.003462600000148086,0.002129522996256128,0.4794609689852223,0.01612444399506785,1784947516.1712525,1784947515.4428983,1784947515.6928983,0.0003589970147004351,0.0008595530089223757,0.002129522996256128,0.013749382007517852,0.7632426023483276,0.12923738900462922,ablate-cloud-only-resnet50-cifar10-pi5-r1-20260725-104447:v1,1,4.135299241170287e-05,unknown,0.3271437400067043,0.0,0.0,0.0021631999998135143,0.0,"{'device': [], 'edge': [], 'cloud': [0, 1, 2, 3, 4, 5, 6, 7, 8, 9, 10, 11, 12, 13, 14, 15, 16, 17, 18]}",19,final,cloud,True,3,1.0,5.0,1.0,0.4794609689852223,-1.3973048449261114,3,a89a34da5a4c47bb907524e9e808844d,14,"{'device_compute': 4.135299241170287e-05, 'd2e_transport': 0.12923738900462922, 'edge_queue': 0.0021631999998135143, 'edge_segment_compute': 0.0, 'edge_exit_head_compute': 0.0, 'edge_exit_check': 0.0, 'e2c_transport': 0.3271437400067043, 'cloud_queue': 0.002129522996256128, 'cloud_segment_compute': 0.013749382007517852, 'cloud_exit_head_compute': 0.0008595530089223757, 'cloud_exit_check': 0.0003589970147004351, 'total_latency': 0.4794609689852223, 'unattributed_overhead': 0.0037778319542667305, 'request_id': 'a89a34da5a4c47bb907524e9e808844d', 'user_id': 0, 'prediction': 3, 'exit_id': 'final', 'exit_boundary_id': 19, 'exit_location': 'cloud', 'confidence': 0.7632426023483276, 'executed_segments_by_node': {'device': [], 'edge': [], 'cloud': [0, 1, 2, 3, 4, 5, 6, 7, 8, 9, 10, 11, 12, 13, 14, 15, 16, 17, 18]}, 'nodes': [{'node': 'device', 'executed_segments': [], 'queue_s': 0.0, 'segment_compute_s': 0.0, 'exit_head_compute_s': 0.0, 'exit_check_s': 0.0, 'worker_elapsed_s': 4.135299241170287e-05}, {'node': 'edge', 'executed_segments': [], 'queue_s': 0.0021631999998135143, 'segment_compute_s': 0.0, 'exit_head_compute_s': 0.0, 'exit_check_s': 0.0, 'worker_elapsed_s': 0.00020839999979216373}, {'node': 'cloud', 'executed_segments': [0, 1, 2, 3, 4, 5, 6, 7, 8, 9, 10, 11, 12, 13, 14, 15, 16, 17, 18], 'queue_s': 0.002129522996256128, 'segment_compute_s': 0.013749382007517852, 'exit_head_compute_s': 0.0008595530089223757, 'exit_check_s': 0.0003589970147004351, 'worker_elapsed_s': 0.01612444399506785}], 'sample_id': 'balanced_003_0864_00008490', 'label': 3, 'correct': True, 'observed_utility': -1.3973048449261114}",balanced_003_0864_00008490,14,8490,0.47835421562194824,5950408010011599576,0.4794609689852223,0.0037778319542667305,0
0.0,0.0162530939996941,0.0162530939996941,4.409399116411805e-05,9.449999970456702e-05,0.0162530939996941,0.1284357389986326,4.409399116411805e-05,0.38376423899899237,0.23225407199288384,9.449999970456702e-05,0.2520521999999801,0.01979812800709624,0.003276300000379706,0.0021577430015895516,0.3838377039937768,0.016323281000950374,1784947516.676218,1784947515.9503012,1784947516.2003012,0.0003713220066856593,0.0008889469900168478,0.0021577430015895516,0.0138679230294656,0.9996938705444336,0.1284357389986326,ablate-cloud-only-resnet50-cifar10-pi5-r1-20260725-104447:v1,1,4.409399116411805e-05,unknown,0.23225407199288384,0.0,0.0,0.0021218000001681503,0.0,"{'device': [], 'edge': [], 'cloud': [0, 1, 2, 3, 4, 5, 6, 7, 8, 9, 10, 11, 12, 13, 14, 15, 16, 17, 18]}",19,final,cloud,True,8,1.0,5.0,1.0,0.3838377039937768,-0.9191885199688841,8,a27901bee49943cab308a625af73ca76,15,"{'device_compute': 4.409399116411805e-05, 'd2e_transport': 0.1284357389986326, 'edge_queue': 0.0021218000001681503, 'edge_segment_compute': 0.0, 'edge_exit_head_compute': 0.0, 'edge_exit_check': 0.0, 'e2c_transport': 0.23225407199288384, 'cloud_queue': 0.0021577430015895516, 'cloud_segment_compute': 0.0138679230294656, 'cloud_exit_head_compute': 0.0008889469900168478, 'cloud_exit_check': 0.0003713220066856593, 'total_latency': 0.3838377039937768, 'unattributed_overhead': 0.003696063983170461, 'request_id': 'a27901bee49943cab308a625af73ca76', 'user_id': 0, 'prediction': 8, 'exit_id': 'final', 'exit_boundary_id': 19, 'exit_location': 'cloud', 'confidence': 0.9996938705444336, 'executed_segments_by_node': {'device': [], 'edge': [], 'cloud': [0, 1, 2, 3, 4, 5, 6, 7, 8, 9, 10, 11, 12, 13, 14, 15, 16, 17, 18]}, 'nodes': [{'node': 'device', 'executed_segments': [], 'queue_s': 0.0, 'segment_compute_s': 0.0, 'exit_head_compute_s': 0.0, 'exit_check_s': 0.0, 'worker_elapsed_s': 4.409399116411805e-05}, {'node': 'edge', 'executed_segments': [], 'queue_s': 0.0021218000001681503, 'segment_compute_s': 0.0, 'exit_head_compute_s': 0.0, 'exit_check_s': 0.0, 'worker_elapsed_s': 0.00018950000003314926}, {'node': 'cloud', 'executed_segments': [0, 1, 2, 3, 4, 5, 6, 7, 8, 9, 10, 11, 12, 13, 14, 15, 16, 17, 18], 'queue_s': 0.0021577430015895516, 'segment_compute_s': 0.0138679230294656, 'exit_head_compute_s': 0.0008889469900168478, 'exit_check_s': 0.0003713220066856593, 'worker_elapsed_s': 0.016323281000950374}], 'sample_id': 'balanced_008_0711_00007307', 'label': 8, 'correct': True, 'observed_utility': -0.9191885199688841}",balanced_008_0711_00007307,15,7307,0.47591686248779297,5950408010011599576,0.3838377039937768,0.003696063983170461,0
0.0,0.015982262004399672,0.015982262004399672,4.301898297853768e-05,8.569999999963329e-05,0.015982262004399672,0.13115492600309153,4.301898297853768e-05,0.3847597260028124,0.23142370500227116,8.569999999963329e-05,0.25080249999973603,0.019378794997464865,0.0028022999999848253,0.0020534490031423047,0.38482994999503717,0.01604727399535477,1784947517.084653,1784947516.3576038,1784947516.6076038,0.00035780700272880495,0.0008572510123485699,0.0020534490031423047,0.013691535001271404,0.9999920129776001,0.13115492600309153,ablate-cloud-only-resnet50-cifar10-pi5-r1-20260725-104447:v1,1,4.301898297853768e-05,unknown,0.23142370500227116,0.0,0.0,0.0015581000002384826,0.0,"{'device': [], 'edge': [], 'cloud': [0, 1, 2, 3, 4, 5, 6, 7, 8, 9, 10, 11, 12, 13, 14, 15, 16, 17, 18]}",19,final,cloud,True,6,1.0,5.0,1.0,0.38482994999503717,-0.9241497499751858,6,7b459ea60ff34cfa978c32a6cee32570,16,"{'device_compute': 4.301898297853768e-05, 'd2e_transport': 0.13115492600309153, 'edge_queue': 0.0015581000002384826, 'edge_segment_compute': 0.0, 'edge_exit_head_compute': 0.0, 'edge_exit_check': 0.0, 'e2c_transport': 0.23142370500227116, 'cloud_queue': 0.0020534490031423047, 'cloud_segment_compute': 0.013691535001271404, 'cloud_exit_head_compute': 0.0008572510123485699, 'cloud_exit_check': 0.00035780700272880495, 'total_latency': 0.38482994999503717, 'unattributed_overhead': 0.003690157986966369, 'request_id': '7b459ea60ff34cfa978c32a6cee32570', 'user_id': 0, 'prediction': 6, 'exit_id': 'final', 'exit_boundary_id': 19, 'exit_location': 'cloud', 'confidence': 0.9999920129776001, 'executed_segments_by_node': {'device': [], 'edge': [], 'cloud': [0, 1, 2, 3, 4, 5, 6, 7, 8, 9, 10, 11, 12, 13, 14, 15, 16, 17, 18]}, 'nodes': [{'node': 'device', 'executed_segments': [], 'queue_s': 0.0, 'segment_compute_s': 0.0, 'exit_head_compute_s': 0.0, 'exit_check_s': 0.0, 'worker_elapsed_s': 4.301898297853768e-05}, {'node': 'edge', 'executed_segments': [], 'queue_s': 0.0015581000002384826, 'segment_compute_s': 0.0, 'exit_head_compute_s': 0.0, 'exit_check_s': 0.0, 'worker_elapsed_s': 0.00016869999990376527}, {'node': 'cloud', 'executed_segments': [0, 1, 2, 3, 4, 5, 6, 7, 8, 9, 10, 11, 12, 13, 14, 15, 16, 17, 18], 'queue_s': 0.0020534490031423047, 'segment_compute_s': 0.013691535001271404, 'exit_head_compute_s': 0.0008572510123485699, 'exit_check_s': 0.00035780700272880495, 'worker_elapsed_s': 0.01604727399535477}], 'sample_id': 'balanced_006_0011_00000064', 'label': 6, 'correct': True, 'observed_utility': -0.9241497499751858}",balanced_006_0011_00000064,16,64,0.4770491123199463,5950408010011599576,0.38482994999503717,0.003690157986966369,0
0.0,0.01638607299537398,0.01638607299537398,4.0871003875508904e-05,7.809999988239724e-05,0.01638607299537398,0.11387120000154027,4.0871003875508904e-05,0.37164820000180043,0.23543446700386994,7.809999988239724e-05,0.2554368000000977,0.02000233299622778,0.00234020000016244,0.002200528993853368,0.3717173880140763,0.01647631500964053,1784947517.5078092,1784947516.775576,1784947517.025576,0.00037809899367857724,0.0009020760044222698,0.002200528993853368,0.013993579996167682,0.8582011461257935,0.11387120000154027,ablate-cloud-only-resnet50-cifar10-pi5-r1-20260725-104447:v1,1,4.0871003875508904e-05,unknown,0.23543446700386994,0.0,0.0,0.0013910000002397283,0.0,"{'device': [], 'edge': [], 'cloud': [0, 1, 2, 3, 4, 5, 6, 7, 8, 9, 10, 11, 12, 13, 14, 15, 16, 17, 18]}",19,final,cloud,True,3,1.0,5.0,1.0,0.3717173880140763,-0.8585869400703814,3,5ddfa8595392440f874da357ccd60433,17,"{'device_compute': 4.0871003875508904e-05, 'd2e_transport': 0.11387120000154027, 'edge_queue': 0.0013910000002397283, 'edge_segment_compute': 0.0, 'edge_exit_head_compute': 0.0, 'edge_exit_check': 0.0, 'e2c_transport': 0.23543446700386994, 'cloud_queue': 0.002200528993853368, 'cloud_segment_compute': 0.013993579996167682, 'cloud_exit_head_compute': 0.0009020760044222698, 'cloud_exit_check': 0.00037809899367857724, 'total_latency': 0.3717173880140763, 'unattributed_overhead': 0.0035055660164289293, 'request_id': '5ddfa8595392440f874da357ccd60433', 'user_id': 0, 'prediction': 3, 'exit_id': 'final', 'exit_boundary_id': 19, 'exit_location': 'cloud', 'confidence': 0.8582011461257935, 'executed_segments_by_node': {'device': [], 'edge': [], 'cloud': [0, 1, 2, 3, 4, 5, 6, 7, 8, 9, 10, 11, 12, 13, 14, 15, 16, 17, 18]}, 'nodes': [{'node': 'device', 'executed_segments': [], 'queue_s': 0.0, 'segment_compute_s': 0.0, 'exit_head_compute_s': 0.0, 'exit_check_s': 0.0, 'worker_elapsed_s': 4.0871003875508904e-05}, {'node': 'edge', 'executed_segments': [], 'queue_s': 0.0013910000002397283, 'segment_compute_s': 0.0, 'exit_head_compute_s': 0.0, 'exit_check_s': 0.0, 'worker_elapsed_s': 0.00015279999979611603}, {'node': 'cloud', 'executed_segments': [0, 1, 2, 3, 4, 5, 6, 7, 8, 9, 10, 11, 12, 13, 14, 15, 16, 17, 18], 'queue_s': 0.002200528993853368, 'segment_compute_s': 0.013993579996167682, 'exit_head_compute_s': 0.0009020760044222698, 'exit_check_s': 0.00037809899367857724, 'worker_elapsed_s': 0.01647631500964053}], 'sample_id': 'balanced_003_0661_00006680', 'label': 3, 'correct': True, 'observed_utility': -0.8585869400703814}",balanced_003_0661_00006680,17,6680,0.48223304748535156,5950408010011599576,0.3717173880140763,0.0035055660164289293,0
0.0,0.01627228601137176,0.01627228601137176,4.196399822831154e-05,0.000309599999582133,0.01627228601137176,0.1323369130109313,4.196399822831154e-05,0.3793116130109411,0.22418879898941668,0.000309599999582133,0.2444070000001375,0.020218201010720804,0.002567699999872275,0.002437858987832442,0.379382262006402,0.01633951700932812,1784947517.9139054,1784947517.187861,1784947517.437861,0.0003728949959622696,0.0008774609887041152,0.002437858987832442,0.013940016011474654,0.9999971389770508,0.1323369130109313,ablate-cloud-only-resnet50-cifar10-pi5-r1-20260725-104447:v1,1,4.196399822831154e-05,unknown,0.22418879898941668,0.0,0.0,0.001342400000339694,0.0,"{'device': [], 'edge': [], 'cloud': [0, 1, 2, 3, 4, 5, 6, 7, 8, 9, 10, 11, 12, 13, 14, 15, 16, 17, 18]}",19,final,cloud,True,8,1.0,5.0,1.0,0.379382262006402,-0.8969113100320101,8,3b642305292d4fb2b6ad63d99a9c517d,18,"{'device_compute': 4.196399822831154e-05, 'd2e_transport': 0.1323369130109313, 'edge_queue': 0.001342400000339694, 'edge_segment_compute': 0.0, 'edge_exit_head_compute': 0.0, 'edge_exit_check': 0.0, 'e2c_transport': 0.22418879898941668, 'cloud_queue': 0.002437858987832442, 'cloud_segment_compute': 0.013940016011474654, 'cloud_exit_head_compute': 0.0008774609887041152, 'cloud_exit_check': 0.0003728949959622696, 'total_latency': 0.379382262006402, 'unattributed_overhead': 0.0038439550235125353, 'request_id': '3b642305292d4fb2b6ad63d99a9c517d', 'user_id': 0, 'prediction': 8, 'exit_id': 'final', 'exit_boundary_id': 19, 'exit_location': 'cloud', 'confidence': 0.9999971389770508, 'executed_segments_by_node': {'device': [], 'edge': [], 'cloud': [0, 1, 2, 3, 4, 5, 6, 7, 8, 9, 10, 11, 12, 13, 14, 15, 16, 17, 18]}, 'nodes': [{'node': 'device', 'executed_segments': [], 'queue_s': 0.0, 'segment_compute_s': 0.0, 'exit_head_compute_s': 0.0, 'exit_check_s': 0.0, 'worker_elapsed_s': 4.196399822831154e-05}, {'node': 'edge', 'executed_segments': [], 'queue_s': 0.001342400000339694, 'segment_compute_s': 0.0, 'exit_head_compute_s': 0.0, 'exit_check_s': 0.0, 'worker_elapsed_s': 0.00038270000004558824}, {'node': 'cloud', 'executed_segments': [0, 1, 2, 3, 4, 5, 6, 7, 8, 9, 10, 11, 12, 13, 14, 15, 16, 17, 18], 'queue_s': 0.002437858987832442, 'segment_compute_s': 0.013940016011474654, 'exit_head_compute_s': 0.0008774609887041152, 'exit_check_s': 0.0003728949959622696, 'worker_elapsed_s': 0.01633951700932812}], 'sample_id': 'balanced_008_0442_00004296', 'label': 8, 'correct': True, 'observed_utility': -0.8969113100320101}",balanced_008_0442_00004296,18,4296,0.4760444164276123,5950408010011599576,0.379382262006402,0.0038439550235125353,0
0.0,0.016068761004135013,0.016068761004135013,5.5796990636736155e-05,0.00015149999990171636,0.016068761004135013,0.13761087301554653,5.5796990636736155e-05,0.2825182730157394,0.12048434301277666,0.00015149999990171636,0.1401534999999967,0.01966915698722005,0.004753900000196154,0.002122546997270547,0.28260449701338075,0.016131076001329347,1784947518.32009,1784947517.5937777,1784947517.8437777,0.0003517699951771647,0.0008695059950696304,0.002122546997270547,0.01378314800967928,0.9998944997787476,0.13761087301554653,ablate-cloud-only-resnet50-cifar10-pi5-r1-20260725-104447:v1,1,5.5796990636736155e-05,unknown,0.12048434301277666,0.0,0.0,0.0028702999998131418,0.0,"{'device': [], 'edge': [], 'cloud': [0, 1, 2, 3, 4, 5, 6, 7, 8, 9, 10, 11, 12, 13, 14, 15, 16, 17, 18]}",19,final,cloud,True,1,1.0,5.0,1.0,0.28260449701338075,-0.41302248506690376,1,f919f8d346184b5792ce48214f309344,19,"{'device_compute': 5.5796990636736155e-05, 'd2e_transport': 0.13761087301554653, 'edge_queue': 0.0028702999998131418, 'edge_segment_compute': 0.0, 'edge_exit_head_compute': 0.0, 'edge_exit_check': 0.0, 'e2c_transport': 0.12048434301277666, 'cloud_queue': 0.002122546997270547, 'cloud_segment_compute': 0.01378314800967928, 'cloud_exit_head_compute': 0.0008695059950696304, 'cloud_exit_check': 0.0003517699951771647, 'total_latency': 0.28260449701338075, 'unattributed_overhead': 0.004456212997411058, 'request_id': 'f919f8d346184b5792ce48214f309344', 'user_id': 0, 'prediction': 1, 'exit_id': 'final', 'exit_boundary_id': 19, 'exit_location': 'cloud', 'confidence': 0.9998944997787476, 'executed_segments_by_node': {'device': [], 'edge': [], 'cloud': [0, 1, 2, 3, 4, 5, 6, 7, 8, 9, 10, 11, 12, 13, 14, 15, 16, 17, 18]}, 'nodes': [{'node': 'device', 'executed_segments': [], 'queue_s': 0.0, 'segment_compute_s': 0.0, 'exit_head_compute_s': 0.0, 'exit_check_s': 0.0, 'worker_elapsed_s': 5.5796990636736155e-05}, {'node': 'edge', 'executed_segments': [], 'queue_s': 0.0028702999998131418, 'segment_compute_s': 0.0, 'exit_head_compute_s': 0.0, 'exit_check_s': 0.0, 'worker_elapsed_s': 0.00028170000041427556}, {'node': 'cloud', 'executed_segments': [0, 1, 2, 3, 4, 5, 6, 7, 8, 9, 10, 11, 12, 13, 14, 15, 16, 17, 18], 'queue_s': 0.002122546997270547, 'segment_compute_s': 0.01378314800967928, 'exit_head_compute_s': 0.0008695059950696304, 'exit_check_s': 0.0003517699951771647, 'worker_elapsed_s': 0.016131076001329347}], 'sample_id': 'balanced_001_0044_00000572', 'label': 1, 'correct': True, 'observed_utility': -0.41302248506690376}",balanced_001_0044_00000572,19,572,0.47631239891052246,5950408010011599576,0.28260449701338075,0.004456212997411058,0
0.0,0.01630884899350349,0.01630884899350349,4.1390012484043837e-05,9.969999973691301e-05,0.01630884899350349,0.14323089999925287,4.1390012484043837e-05,0.3772014999995008,0.21068216500452763,9.969999973691301e-05,0.23050560000001497,0.019823434995487332,0.003465000000232976,0.002113755006575957,0.37727079799515195,0.016377535997889936,1784947518.62559,1784947517.8992662,1784947518.1492662,0.0003746720030903816,0.0008984829910332337,0.002113755006575957,0.013944478967459872,0.7213587164878845,0.14323089999925287,ablate-cloud-only-resnet50-cifar10-pi5-r1-20260725-104447:v1,1,4.1390012484043837e-05,unknown,0.21068216500452763,0.0,0.0,0.0022496999999930267,0.0,"{'device': [], 'edge': [], 'cloud': [0, 1, 2, 3, 4, 5, 6, 7, 8, 9, 10, 11, 12, 13, 14, 15, 16, 17, 18]}",19,final,cloud,False,1,1.0,5.0,0.0,0.37727079799515195,-1.8863539899757598,9,6c9b80974ecc42d5bf3132a4ab51db48,20,"{'device_compute': 4.1390012484043837e-05, 'd2e_transport': 0.14323089999925287, 'edge_queue': 0.0022496999999930267, 'edge_segment_compute': 0.0, 'edge_exit_head_compute': 0.0, 'edge_exit_check': 0.0, 'e2c_transport': 0.21068216500452763, 'cloud_queue': 0.002113755006575957, 'cloud_segment_compute': 0.013944478967459872, 'cloud_exit_head_compute': 0.0008984829910332337, 'cloud_exit_check': 0.0003746720030903816, 'total_latency': 0.37727079799515195, 'unattributed_overhead': 0.003735254010734934, 'request_id': '6c9b80974ecc42d5bf3132a4ab51db48', 'user_id': 0, 'prediction': 9, 'exit_id': 'final', 'exit_boundary_id': 19, 'exit_location': 'cloud', 'confidence': 0.7213587164878845, 'executed_segments_by_node': {'device': [], 'edge': [], 'cloud': [0, 1, 2, 3, 4, 5, 6, 7, 8, 9, 10, 11, 12, 13, 14, 15, 16, 17, 18]}, 'nodes': [{'node': 'device', 'executed_segments': [], 'queue_s': 0.0, 'segment_compute_s': 0.0, 'exit_head_compute_s': 0.0, 'exit_check_s': 0.0, 'worker_elapsed_s': 4.1390012484043837e-05}, {'node': 'edge', 'executed_segments': [], 'queue_s': 0.0022496999999930267, 'segment_compute_s': 0.0, 'exit_head_compute_s': 0.0, 'exit_check_s': 0.0, 'worker_elapsed_s': 0.00018890000001192675}, {'node': 'cloud', 'executed_segments': [0, 1, 2, 3, 4, 5, 6, 7, 8, 9, 10, 11, 12, 13, 14, 15, 16, 17, 18], 'queue_s': 0.002113755006575957, 'segment_compute_s': 0.013944478967459872, 'exit_head_compute_s': 0.0008984829910332337, 'exit_check_s': 0.0003746720030903816, 'worker_elapsed_s': 0.016377535997889936}], 'sample_id': 'balanced_001_0364_00003730', 'label': 1, 'correct': False, 'observed_utility': -1.8863539899757598}",balanced_001_0364_00003730,20,3730,0.47632384300231934,5950408010011599576,0.37727079799515195,0.003735254010734934,0
0.0,0.015967470986652188,0.015967470986652188,4.400100442580879e-05,0.00010329999986424809,0.015967470986652188,0.14431332599588131,4.400100442580879e-05,0.3769998259958811,0.20954368498860276,0.00010329999986424809,0.2290683999999601,0.01952471501135733,0.0036181000000397034,0.0021453790104715154,0.3770728640083689,0.016027727993787266,1784947519.0354774,1784947518.308323,1784947518.558323,0.00035443199158180505,0.0008452719775959849,0.0021453790104715154,0.013704270008020103,0.9999334812164307,0.14431332599588131,ablate-cloud-only-resnet50-cifar10-pi5-r1-20260725-104447:v1,1,4.400100442580879e-05,unknown,0.20954368498860276,0.0,0.0,0.0023832000001675624,0.0,"{'device': [], 'edge': [], 'cloud': [0, 1, 2, 3, 4, 5, 6, 7, 8, 9, 10, 11, 12, 13, 14, 15, 16, 17, 18]}",19,final,cloud,True,8,1.0,5.0,1.0,0.3770728640083689,-0.8853643200418446,8,15d4803af4594de8bc229e2047777312,21,"{'device_compute': 4.400100442580879e-05, 'd2e_transport': 0.14431332599588131, 'edge_queue': 0.0023832000001675624, 'edge_segment_compute': 0.0, 'edge_exit_head_compute': 0.0, 'edge_exit_check': 0.0, 'e2c_transport': 0.20954368498860276, 'cloud_queue': 0.0021453790104715154, 'cloud_segment_compute': 0.013704270008020103, 'cloud_exit_head_compute': 0.0008452719775959849, 'cloud_exit_check': 0.00035443199158180505, 'total_latency': 0.3770728640083689, 'unattributed_overhead': 0.0037392990316220676, 'request_id': '15d4803af4594de8bc229e2047777312', 'user_id': 0, 'prediction': 8, 'exit_id': 'final', 'exit_boundary_id': 19, 'exit_location': 'cloud', 'confidence': 0.9999334812164307, 'executed_segments_by_node': {'device': [], 'edge': [], 'cloud': [0, 1, 2, 3, 4, 5, 6, 7, 8, 9, 10, 11, 12, 13, 14, 15, 16, 17, 18]}, 'nodes': [{'node': 'device', 'executed_segments': [], 'queue_s': 0.0, 'segment_compute_s': 0.0, 'exit_head_compute_s': 0.0, 'exit_check_s': 0.0, 'worker_elapsed_s': 4.400100442580879e-05}, {'node': 'edge', 'executed_segments': [], 'queue_s': 0.0023832000001675624, 'segment_compute_s': 0.0, 'exit_head_compute_s': 0.0, 'exit_check_s': 0.0, 'worker_elapsed_s': 0.00020559999984470778}, {'node': 'cloud', 'executed_segments': [0, 1, 2, 3, 4, 5, 6, 7, 8, 9, 10, 11, 12, 13, 14, 15, 16, 17, 18], 'queue_s': 0.0021453790104715154, 'segment_compute_s': 0.013704270008020103, 'exit_head_compute_s': 0.0008452719775959849, 'exit_check_s': 0.00035443199158180505, 'worker_elapsed_s': 0.016027727993787266}], 'sample_id': 'balanced_008_0857_00008653', 'label': 8, 'correct': True, 'observed_utility': -0.8853643200418446}",balanced_008_0857_00008653,21,8653,0.4771544933319092,5950408010011599576,0.3770728640083689,0.0037392990316220676,0
0.0,0.01635616400744766,0.01635616400744766,4.079699283465743e-05,0.0001098000002457411,0.01635616400744766,0.15758851701320964,4.079699283465743e-05,0.41273071701289155,0.23133694301077412,0.0001098000002457411,0.2511878999998771,0.019850956989102997,0.003954299999804789,0.002139114003512077,0.412799070996698,0.016423872992163524,1784947519.4395525,1784947518.7121263,1784947518.9621263,0.00037428598443511873,0.0009018339915201068,0.002139114003512077,0.013999891962157562,1.0,0.15758851701320964,ablate-cloud-only-resnet50-cifar10-pi5-r1-20260725-104447:v1,1,4.079699283465743e-05,unknown,0.23133694301077412,0.0,0.0,0.0026092000002790883,0.0,"{'device': [], 'edge': [], 'cloud': [0, 1, 2, 3, 4, 5, 6, 7, 8, 9, 10, 11, 12, 13, 14, 15, 16, 17, 18]}",19,final,cloud,True,2,1.0,5.0,1.0,0.412799070996698,-1.06399535498349,2,78ac4a86661e4d97b9b10a0c410d85e9,22,"{'device_compute': 4.079699283465743e-05, 'd2e_transport': 0.15758851701320964, 'edge_queue': 0.0026092000002790883, 'edge_segment_compute': 0.0, 'edge_exit_head_compute': 0.0, 'edge_exit_check': 0.0, 'e2c_transport': 0.23133694301077412, 'cloud_queue': 0.002139114003512077, 'cloud_segment_compute': 0.013999891962157562, 'cloud_exit_head_compute': 0.0009018339915201068, 'cloud_exit_check': 0.00037428598443511873, 'total_latency': 0.412799070996698, 'unattributed_overhead': 0.0038084880379756214, 'request_id': '78ac4a86661e4d97b9b10a0c410d85e9', 'user_id': 0, 'prediction': 2, 'exit_id': 'final', 'exit_boundary_id': 19, 'exit_location': 'cloud', 'confidence': 1.0, 'executed_segments_by_node': {'device': [], 'edge': [], 'cloud': [0, 1, 2, 3, 4, 5, 6, 7, 8, 9, 10, 11, 12, 13, 14, 15, 16, 17, 18]}, 'nodes': [{'node': 'device', 'executed_segments': [], 'queue_s': 0.0, 'segment_compute_s': 0.0, 'exit_head_compute_s': 0.0, 'exit_check_s': 0.0, 'worker_elapsed_s': 4.079699283465743e-05}, {'node': 'edge', 'executed_segments': [], 'queue_s': 0.0026092000002790883, 'segment_compute_s': 0.0, 'exit_head_compute_s': 0.0, 'exit_check_s': 0.0, 'worker_elapsed_s': 0.00021960000003673485}, {'node': 'cloud', 'executed_segments': [0, 1, 2, 3, 4, 5, 6, 7, 8, 9, 10, 11, 12, 13, 14, 15, 16, 17, 18], 'queue_s': 0.002139114003512077, 'segment_compute_s': 0.013999891962157562, 'exit_head_compute_s': 0.0009018339915201068, 'exit_check_s': 0.00037428598443511873, 'worker_elapsed_s': 0.016423872992163524}], 'sample_id': 'balanced_002_0896_00008974', 'label': 2, 'correct': True, 'observed_utility': -1.06399535498349}",balanced_002_0896_00008974,22,8974,0.47742629051208496,5950408010011599576,0.412799070996698,0.0038084880379756214,0
0.0,0.01620369599550031,0.01620369599550031,3.9870996261015534e-05,0.00010539999993852689,0.01620369599550031,0.20112511199022265,3.9870996261015534e-05,0.45651521199033596,0.23216153599150857,0.00010539999993852689,0.2518927999999505,0.01973126400844194,0.003497300000162795,0.0021103259932715446,0.45658275100868195,0.016270218999125063,1784947519.882714,1784947519.1562862,1784947519.4062862,0.00036308397829998285,0.0008730389963602647,0.0021103259932715446,0.013859305006917566,0.9999749660491943,0.20112511199022265,ablate-cloud-only-resnet50-cifar10-pi5-r1-20260725-104447:v1,1,3.9870996261015534e-05,unknown,0.23216153599150857,0.0,0.0,0.0022441999999500695,0.0,"{'device': [], 'edge': [], 'cloud': [0, 1, 2, 3, 4, 5, 6, 7, 8, 9, 10, 11, 12, 13, 14, 15, 16, 17, 18]}",19,final,cloud,True,0,1.0,5.0,1.0,0.45658275100868195,-1.2829137550434098,0,1eee2559ae9c48b4a60cc89dd0a4d32b,23,"{'device_compute': 3.9870996261015534e-05, 'd2e_transport': 0.20112511199022265, 'edge_queue': 0.0022441999999500695, 'edge_segment_compute': 0.0, 'edge_exit_head_compute': 0.0, 'edge_exit_check': 0.0, 'e2c_transport': 0.23216153599150857, 'cloud_queue': 0.0021103259932715446, 'cloud_segment_compute': 0.013859305006917566, 'cloud_exit_head_compute': 0.0008730389963602647, 'cloud_exit_check': 0.00036308397829998285, 'total_latency': 0.45658275100868195, 'unattributed_overhead': 0.0038062780558902887, 'request_id': '1eee2559ae9c48b4a60cc89dd0a4d32b', 'user_id': 0, 'prediction': 0, 'exit_id': 'final', 'exit_boundary_id': 19, 'exit_location': 'cloud', 'confidence': 0.9999749660491943, 'executed_segments_by_node': {'device': [], 'edge': [], 'cloud': [0, 1, 2, 3, 4, 5, 6, 7, 8, 9, 10, 11, 12, 13, 14, 15, 16, 17, 18]}, 'nodes': [{'node': 'device', 'executed_segments': [], 'queue_s': 0.0, 'segment_compute_s': 0.0, 'exit_head_compute_s': 0.0, 'exit_check_s': 0.0, 'worker_elapsed_s': 3.9870996261015534e-05}, {'node': 'edge', 'executed_segments': [], 'queue_s': 0.0022441999999500695, 'segment_compute_s': 0.0, 'exit_head_compute_s': 0.0, 'exit_check_s': 0.0, 'worker_elapsed_s': 0.00020979999999326537}, {'node': 'cloud', 'executed_segments': [0, 1, 2, 3, 4, 5, 6, 7, 8, 9, 10, 11, 12, 13, 14, 15, 16, 17, 18], 'queue_s': 0.0021103259932715446, 'segment_compute_s': 0.013859305006917566, 'exit_head_compute_s': 0.0008730389963602647, 'exit_check_s': 0.00036308397829998285, 'worker_elapsed_s': 0.016270218999125063}], 'sample_id': 'balanced_000_0424_00004308', 'label': 0, 'correct': True, 'observed_utility': -1.2829137550434098}",balanced_000_0424_00004308,23,4308,0.4764277935028076,5950408010011599576,0.45658275100868195,0.0038062780558902887,0
0.0,0.016008435006369837,0.016008435006369837,4.224199801683426e-05,0.00012610000021595624,0.016008435006369837,0.16508075201954853,4.224199801683426e-05,0.37925945202005096,0.19002250599487525,0.00012610000021595624,0.2095462000002044,0.019523694005329162,0.004632500000298023,0.0021409430046333,0.37932976798038,0.016070908997789957,1784947520.3700166,1784947519.642138,1784947519.892138,0.00035324899363331497,0.0008433829934801906,0.0021409430046333,0.013758930988842621,0.9998767375946045,0.16508075201954853,ablate-cloud-only-resnet50-cifar10-pi5-r1-20260725-104447:v1,1,4.224199801683426e-05,unknown,0.19002250599487525,0.0,0.0,0.003099000000020169,0.0,"{'device': [], 'edge': [], 'cloud': [0, 1, 2, 3, 4, 5, 6, 7, 8, 9, 10, 11, 12, 13, 14, 15, 16, 17, 18]}",19,final,cloud,True,9,1.0,5.0,1.0,0.37932976798038,-0.8966488399018999,9,f0973003252f4d5787b888536affbe51,24,"{'device_compute': 4.224199801683426e-05, 'd2e_transport': 0.16508075201954853, 'edge_queue': 0.003099000000020169, 'edge_segment_compute': 0.0, 'edge_exit_head_compute': 0.0, 'edge_exit_check': 0.0, 'e2c_transport': 0.19002250599487525, 'cloud_queue': 0.0021409430046333, 'cloud_segment_compute': 0.013758930988842621, 'cloud_exit_head_compute': 0.0008433829934801906, 'cloud_exit_check': 0.00035324899363331497, 'total_latency': 0.37932976798038, 'unattributed_overhead': 0.003988761987329781, 'request_id': 'f0973003252f4d5787b888536affbe51', 'user_id': 0, 'prediction': 9, 'exit_id': 'final', 'exit_boundary_id': 19, 'exit_location': 'cloud', 'confidence': 0.9998767375946045, 'executed_segments_by_node': {'device': [], 'edge': [], 'cloud': [0, 1, 2, 3, 4, 5, 6, 7, 8, 9, 10, 11, 12, 13, 14, 15, 16, 17, 18]}, 'nodes': [{'node': 'device', 'executed_segments': [], 'queue_s': 0.0, 'segment_compute_s': 0.0, 'exit_head_compute_s': 0.0, 'exit_check_s': 0.0, 'worker_elapsed_s': 4.224199801683426e-05}, {'node': 'edge', 'executed_segments': [], 'queue_s': 0.003099000000020169, 'segment_compute_s': 0.0, 'exit_head_compute_s': 0.0, 'exit_check_s': 0.0, 'worker_elapsed_s': 0.0002549999999246211}, {'node': 'cloud', 'executed_segments': [0, 1, 2, 3, 4, 5, 6, 7, 8, 9, 10, 11, 12, 13, 14, 15, 16, 17, 18], 'queue_s': 0.0021409430046333, 'segment_compute_s': 0.013758930988842621, 'exit_head_compute_s': 0.0008433829934801906, 'exit_check_s': 0.00035324899363331497, 'worker_elapsed_s': 0.016070908997789957}], 'sample_id': 'balanced_009_0112_00001066', 'label': 9, 'correct': True, 'observed_utility': -0.8966488399018999}",balanced_009_0112_00001066,24,1066,0.4778785705566406,5950408010011599576,0.37932976798038,0.003988761987329781,0
0.0,0.016270883003016934,0.016270883003016934,4.611199256032705e-05,9.890000001178123e-05,0.016270883003016934,0.21061192098341053,4.611199256032705e-05,0.4737187209830154,0.2397183139992194,9.890000001178123e-05,0.25954379999984667,0.01982548600062728,0.0035629999997581763,0.002159184994525276,0.4737948339898139,0.01633906300412491,1784947520.787064,1784947520.0552077,1784947520.3052077,0.00037425100163090974,0.0008875600178726017,0.002159184994525276,0.01393132598605007,0.6741823554039001,0.21061192098341053,ablate-cloud-only-resnet50-cifar10-pi5-r1-20260725-104447:v1,1,4.611199256032705e-05,unknown,0.2397183139992194,0.0,0.0,0.0022488999998131476,0.0,"{'device': [], 'edge': [], 'cloud': [0, 1, 2, 3, 4, 5, 6, 7, 8, 9, 10, 11, 12, 13, 14, 15, 16, 17, 18]}",19,final,cloud,True,4,1.0,5.0,1.0,0.4737948339898139,-1.3689741699490696,4,334849bc4d8947eeb97f2fbf0599c4fd,25,"{'device_compute': 4.611199256032705e-05, 'd2e_transport': 0.21061192098341053, 'edge_queue': 0.0022488999998131476, 'edge_segment_compute': 0.0, 'edge_exit_head_compute': 0.0, 'edge_exit_check': 0.0, 'e2c_transport': 0.2397183139992194, 'cloud_queue': 0.002159184994525276, 'cloud_segment_compute': 0.01393132598605007, 'cloud_exit_head_compute': 0.0008875600178726017, 'cloud_exit_check': 0.00037425100163090974, 'total_latency': 0.4737948339898139, 'unattributed_overhead': 0.0038172650147316745, 'request_id': '334849bc4d8947eeb97f2fbf0599c4fd', 'user_id': 0, 'prediction': 4, 'exit_id': 'final', 'exit_boundary_id': 19, 'exit_location': 'cloud', 'confidence': 0.6741823554039001, 'executed_segments_by_node': {'device': [], 'edge': [], 'cloud': [0, 1, 2, 3, 4, 5, 6, 7, 8, 9, 10, 11, 12, 13, 14, 15, 16, 17, 18]}, 'nodes': [{'node': 'device', 'executed_segments': [], 'queue_s': 0.0, 'segment_compute_s': 0.0, 'exit_head_compute_s': 0.0, 'exit_check_s': 0.0, 'worker_elapsed_s': 4.611199256032705e-05}, {'node': 'edge', 'executed_segments': [], 'queue_s': 0.0022488999998131476, 'segment_compute_s': 0.0, 'exit_head_compute_s': 0.0, 'exit_check_s': 0.0, 'worker_elapsed_s': 0.00020020000010845251}, {'node': 'cloud', 'executed_segments': [0, 1, 2, 3, 4, 5, 6, 7, 8, 9, 10, 11, 12, 13, 14, 15, 16, 17, 18], 'queue_s': 0.002159184994525276, 'segment_compute_s': 0.01393132598605007, 'exit_head_compute_s': 0.0008875600178726017, 'exit_check_s': 0.00037425100163090974, 'worker_elapsed_s': 0.01633906300412491}], 'sample_id': 'balanced_004_0275_00002785', 'label': 4, 'correct': True, 'observed_utility': -1.3689741699490696}",balanced_004_0275_00002785,25,2785,0.4818563461303711,5950408010011599576,0.4737948339898139,0.0038172650147316745,0
0.0,0.016044377989601344,0.016044377989601344,4.0279002860188484e-05,0.00010359999987485935,0.016044377989601344,0.13090834998547507,4.0279002860188484e-05,0.27598874998511747,0.1221564459988258,0.00010359999987485935,0.14161879999983285,0.019462354001007043,0.0034615999998095504,0.0020619389979401603,0.2760570859827567,0.016108397001517005,1784947521.2915874,1784947520.5623996,1784947520.8123996,0.00035633498919196427,0.0008618839929113165,0.0020619389979401603,0.013772398990113288,0.9999972581863403,0.13090834998547507,ablate-cloud-only-resnet50-cifar10-pi5-r1-20260725-104447:v1,1,4.0279002860188484e-05,unknown,0.1221564459988258,0.0,0.0,0.002151400000002468,0.0,"{'device': [], 'edge': [], 'cloud': [0, 1, 2, 3, 4, 5, 6, 7, 8, 9, 10, 11, 12, 13, 14, 15, 16, 17, 18]}",19,final,cloud,True,4,1.0,5.0,1.0,0.2760570859827567,-0.38028542991378345,4,f0da71e7f0f4460880796449708aea2c,26,"{'device_compute': 4.0279002860188484e-05, 'd2e_transport': 0.13090834998547507, 'edge_queue': 0.002151400000002468, 'edge_segment_compute': 0.0, 'edge_exit_head_compute': 0.0, 'edge_exit_check': 0.0, 'e2c_transport': 0.1221564459988258, 'cloud_queue': 0.0020619389979401603, 'cloud_segment_compute': 0.013772398990113288, 'cloud_exit_head_compute': 0.0008618839929113165, 'cloud_exit_check': 0.00035633498919196427, 'total_latency': 0.2760570859827567, 'unattributed_overhead': 0.0037480540254364314, 'request_id': 'f0da71e7f0f4460880796449708aea2c', 'user_id': 0, 'prediction': 4, 'exit_id': 'final', 'exit_boundary_id': 19, 'exit_location': 'cloud', 'confidence': 0.9999972581863403, 'executed_segments_by_node': {'device': [], 'edge': [], 'cloud': [0, 1, 2, 3, 4, 5, 6, 7, 8, 9, 10, 11, 12, 13, 14, 15, 16, 17, 18]}, 'nodes': [{'node': 'device', 'executed_segments': [], 'queue_s': 0.0, 'segment_compute_s': 0.0, 'exit_head_compute_s': 0.0, 'exit_check_s': 0.0, 'worker_elapsed_s': 4.0279002860188484e-05}, {'node': 'edge', 'executed_segments': [], 'queue_s': 0.002151400000002468, 'segment_compute_s': 0.0, 'exit_head_compute_s': 0.0, 'exit_check_s': 0.0, 'worker_elapsed_s': 0.00020730000005642069}, {'node': 'cloud', 'executed_segments': [0, 1, 2, 3, 4, 5, 6, 7, 8, 9, 10, 11, 12, 13, 14, 15, 16, 17, 18], 'queue_s': 0.0020619389979401603, 'segment_compute_s': 0.013772398990113288, 'exit_head_compute_s': 0.0008618839929113165, 'exit_check_s': 0.00035633498919196427, 'worker_elapsed_s': 0.016108397001517005}], 'sample_id': 'balanced_004_0595_00005848', 'label': 4, 'correct': True, 'observed_utility': -0.38028542991378345}",balanced_004_0595_00005848,26,5848,0.4791877269744873,5950408010011599576,0.2760570859827567,0.0037480540254364314,0
0.0,0.016152889002114534,0.016152889002114534,4.061200888827443e-05,9.890000001178123e-05,0.016152889002114534,0.1674163130096531,4.061200888827443e-05,0.3784056130098179,0.18808184299905406,9.890000001178123e-05,0.20775090000006458,0.019669057001010515,0.0032384000001002278,0.002156855000066571,0.37847465099184774,0.01622290200612042,1784947521.598919,1784947520.8730264,1784947521.1230264,0.00039518799167126417,0.0009061049786396325,0.002156855000066571,0.01377849600976333,0.9994315505027771,0.1674163130096531,ablate-cloud-only-resnet50-cifar10-pi5-r1-20260725-104447:v1,1,4.061200888827443e-05,unknown,0.18808184299905406,0.0,0.0,0.002058699999906821,0.0,"{'device': [], 'edge': [], 'cloud': [0, 1, 2, 3, 4, 5, 6, 7, 8, 9, 10, 11, 12, 13, 14, 15, 16, 17, 18]}",19,final,cloud,True,2,1.0,5.0,1.0,0.37847465099184774,-0.8923732549592387,2,819ca8d4f47c4510a73505bb293c935a,27,"{'device_compute': 4.061200888827443e-05, 'd2e_transport': 0.1674163130096531, 'edge_queue': 0.002058699999906821, 'edge_segment_compute': 0.0, 'edge_exit_head_compute': 0.0, 'edge_exit_check': 0.0, 'e2c_transport': 0.18808184299905406, 'cloud_queue': 0.002156855000066571, 'cloud_segment_compute': 0.01377849600976333, 'cloud_exit_head_compute': 0.0009061049786396325, 'cloud_exit_check': 0.00039518799167126417, 'total_latency': 0.37847465099184774, 'unattributed_overhead': 0.0036405389942046895, 'request_id': '819ca8d4f47c4510a73505bb293c935a', 'user_id': 0, 'prediction': 2, 'exit_id': 'final', 'exit_boundary_id': 19, 'exit_location': 'cloud', 'confidence': 0.9994315505027771, 'executed_segments_by_node': {'device': [], 'edge': [], 'cloud': [0, 1, 2, 3, 4, 5, 6, 7, 8, 9, 10, 11, 12, 13, 14, 15, 16, 17, 18]}, 'nodes': [{'node': 'device', 'executed_segments': [], 'queue_s': 0.0, 'segment_compute_s': 0.0, 'exit_head_compute_s': 0.0, 'exit_check_s': 0.0, 'worker_elapsed_s': 4.061200888827443e-05}, {'node': 'edge', 'executed_segments': [], 'queue_s': 0.002058699999906821, 'segment_compute_s': 0.0, 'exit_head_compute_s': 0.0, 'exit_check_s': 0.0, 'worker_elapsed_s': 0.00019770000017160783}, {'node': 'cloud', 'executed_segments': [0, 1, 2, 3, 4, 5, 6, 7, 8, 9, 10, 11, 12, 13, 14, 15, 16, 17, 18], 'queue_s': 0.002156855000066571, 'segment_compute_s': 0.01377849600976333, 'exit_head_compute_s': 0.0009061049786396325, 'exit_check_s': 0.00039518799167126417, 'worker_elapsed_s': 0.01622290200612042}], 'sample_id': 'balanced_002_0996_00009965', 'label': 2, 'correct': True, 'observed_utility': -0.8923732549592387}",balanced_002_0996_00009965,27,9965,0.4758925437927246,5950408010011599576,0.37847465099184774,0.0036405389942046895,0
0.0,0.015981575998011976,0.015981575998011976,4.6945991925895214e-05,0.00010720000000219443,0.015981575998011976,0.2051226720154773,4.6945991925895214e-05,0.4579158720152918,0.22962309299464323,0.00010720000000219443,0.24908249999998588,0.019459407005342655,0.0037106999998286483,0.002137775009032339,0.45800396701088175,0.016045165990362875,1784947522.031201,1784947521.2895124,1784947521.5395124,0.0003851100045721978,0.0008976560202427208,0.002137775009032339,0.013639016018714756,0.9477853178977966,0.2051226720154773,ablate-cloud-only-resnet50-cifar10-pi5-r1-20260725-104447:v1,1,4.6945991925895214e-05,unknown,0.22962309299464323,0.0,0.0,0.0023318999997172796,0.0,"{'device': [], 'edge': [], 'cloud': [0, 1, 2, 3, 4, 5, 6, 7, 8, 9, 10, 11, 12, 13, 14, 15, 16, 17, 18]}",19,final,cloud,True,0,1.0,5.0,1.0,0.45800396701088175,-1.2900198350544088,0,86c05d6088784a079ff2cdccdcd798da,28,"{'device_compute': 4.6945991925895214e-05, 'd2e_transport': 0.2051226720154773, 'edge_queue': 0.0023318999997172796, 'edge_segment_compute': 0.0, 'edge_exit_head_compute': 0.0, 'edge_exit_check': 0.0, 'e2c_transport': 0.22962309299464323, 'cloud_queue': 0.002137775009032339, 'cloud_segment_compute': 0.013639016018714756, 'cloud_exit_head_compute': 0.0008976560202427208, 'cloud_exit_check': 0.0003851100045721978, 'total_latency': 0.45800396701088175, 'unattributed_overhead': 0.003819798956556042, 'request_id': '86c05d6088784a079ff2cdccdcd798da', 'user_id': 0, 'prediction': 0, 'exit_id': 'final', 'exit_boundary_id': 19, 'exit_location': 'cloud', 'confidence': 0.9477853178977966, 'executed_segments_by_node': {'device': [], 'edge': [], 'cloud': [0, 1, 2, 3, 4, 5, 6, 7, 8, 9, 10, 11, 12, 13, 14, 15, 16, 17, 18]}, 'nodes': [{'node': 'device', 'executed_segments': [], 'queue_s': 0.0, 'segment_compute_s': 0.0, 'exit_head_compute_s': 0.0, 'exit_check_s': 0.0, 'worker_elapsed_s': 4.6945991925895214e-05}, {'node': 'edge', 'executed_segments': [], 'queue_s': 0.0023318999997172796, 'segment_compute_s': 0.0, 'exit_head_compute_s': 0.0, 'exit_check_s': 0.0, 'worker_elapsed_s': 0.00021530000003622263}, {'node': 'cloud', 'executed_segments': [0, 1, 2, 3, 4, 5, 6, 7, 8, 9, 10, 11, 12, 13, 14, 15, 16, 17, 18], 'queue_s': 0.002137775009032339, 'segment_compute_s': 0.013639016018714756, 'exit_head_compute_s': 0.0008976560202427208, 'exit_check_s': 0.0003851100045721978, 'worker_elapsed_s': 0.016045165990362875}], 'sample_id': 'balanced_000_0375_00003820', 'label': 0, 'correct': True, 'observed_utility': -1.2900198350544088}",balanced_000_0375_00003820,28,3820,0.49168848991394043,5950408010011599576,0.45800396701088175,0.003819798956556042,0
0.0,0.023439472992322408,0.023439472992322408,4.2575004044920206e-05,8.76999997672101e-05,0.023439472992322408,0.2335332509805994,4.2575004044920206e-05,0.47701615098048933,0.2131430339968574,8.76999997672101e-05,0.24054549999982555,0.02740246600296814,0.002937400000064372,0.0023345950030488893,0.477086393017089,0.023566789997857995,1784947522.5277739,1784947521.7999763,1784947522.0499763,0.0004952799790771678,0.0010470510023878887,0.0023345950030488893,0.020546192026813515,0.9999997615814209,0.2335332509805994,ablate-cloud-only-resnet50-cifar10-pi5-r1-20260725-104447:v1,1,4.2575004044920206e-05,unknown,0.2131430339968574,0.0,0.0,0.0018062000003737921,0.0,"{'device': [], 'edge': [], 'cloud': [0, 1, 2, 3, 4, 5, 6, 7, 8, 9, 10, 11, 12, 13, 14, 15, 16, 17, 18]}",19,final,cloud,True,2,1.0,5.0,1.0,0.477086393017089,-1.385431965085445,2,a54da96d104348d886f1f6fb6e2f7519,29,"{'device_compute': 4.2575004044920206e-05, 'd2e_transport': 0.2335332509805994, 'edge_queue': 0.0018062000003737921, 'edge_segment_compute': 0.0, 'edge_exit_head_compute': 0.0, 'edge_exit_check': 0.0, 'e2c_transport': 0.2131430339968574, 'cloud_queue': 0.0023345950030488893, 'cloud_segment_compute': 0.020546192026813515, 'cloud_exit_head_compute': 0.0010470510023878887, 'cloud_exit_check': 0.0004952799790771678, 'total_latency': 0.477086393017089, 'unattributed_overhead': 0.004138215023886005, 'request_id': 'a54da96d104348d886f1f6fb6e2f7519', 'user_id': 0, 'prediction': 2, 'exit_id': 'final', 'exit_boundary_id': 19, 'exit_location': 'cloud', 'confidence': 0.9999997615814209, 'executed_segments_by_node': {'device': [], 'edge': [], 'cloud': [0, 1, 2, 3, 4, 5, 6, 7, 8, 9, 10, 11, 12, 13, 14, 15, 16, 17, 18]}, 'nodes': [{'node': 'device', 'executed_segments': [], 'queue_s': 0.0, 'segment_compute_s': 0.0, 'exit_head_compute_s': 0.0, 'exit_check_s': 0.0, 'worker_elapsed_s': 4.2575004044920206e-05}, {'node': 'edge', 'executed_segments': [], 'queue_s': 0.0018062000003737921, 'segment_compute_s': 0.0, 'exit_head_compute_s': 0.0, 'exit_check_s': 0.0, 'worker_elapsed_s': 0.0001750999999785563}, {'node': 'cloud', 'executed_segments': [0, 1, 2, 3, 4, 5, 6, 7, 8, 9, 10, 11, 12, 13, 14, 15, 16, 17, 18], 'queue_s': 0.0023345950030488893, 'segment_compute_s': 0.020546192026813515, 'exit_head_compute_s': 0.0010470510023878887, 'exit_check_s': 0.0004952799790771678, 'worker_elapsed_s': 0.023566789997857995}], 'sample_id': 'balanced_002_0313_00002977', 'label': 2, 'correct': True, 'observed_utility': -1.385431965085445}",balanced_002_0313_00002977,29,2977,0.4777975082397461,5950408010011599576,0.477086393017089,0.004138215023886005,0
0.0,0.019222160000936128,0.019222160000936128,4.025999805890024e-05,9.180000006381306e-05,0.019222160000936128,0.30625477800094814,4.025999805890024e-05,0.5572831780009437,0.22462269300285698,9.180000006381306e-05,0.2477177999999185,0.02309510699706152,0.003310600000077102,0.0022340430004987866,0.5573511979891919,0.019299218998639844,1784947523.0511022,1784947522.3182855,1784947522.5682855,0.00041176700324285775,0.0010000819893321022,0.0022340430004987866,0.016570188978221267,0.9999997615814209,0.30625477800094814,ablate-cloud-only-resnet50-cifar10-pi5-r1-20260725-104447:v1,1,4.025999805890024e-05,unknown,0.22462269300285698,0.0,0.0,0.002205599999797414,0.0,"{'device': [], 'edge': [], 'cloud': [0, 1, 2, 3, 4, 5, 6, 7, 8, 9, 10, 11, 12, 13, 14, 15, 16, 17, 18]}",19,final,cloud,True,8,1.0,5.0,1.0,0.5573511979891919,-1.7867559899459593,8,8eb0ccac753f4eb1a058b6a43216a1aa,30,"{'device_compute': 4.025999805890024e-05, 'd2e_transport': 0.30625477800094814, 'edge_queue': 0.002205599999797414, 'edge_segment_compute': 0.0, 'edge_exit_head_compute': 0.0, 'edge_exit_check': 0.0, 'e2c_transport': 0.22462269300285698, 'cloud_queue': 0.0022340430004987866, 'cloud_segment_compute': 0.016570188978221267, 'cloud_exit_head_compute': 0.0010000819893321022, 'cloud_exit_check': 0.00041176700324285775, 'total_latency': 0.5573511979891919, 'unattributed_overhead': 0.004011786016235419, 'request_id': '8eb0ccac753f4eb1a058b6a43216a1aa', 'user_id': 0, 'prediction': 8, 'exit_id': 'final', 'exit_boundary_id': 19, 'exit_location': 'cloud', 'confidence': 0.9999997615814209, 'executed_segments_by_node': {'device': [], 'edge': [], 'cloud': [0, 1, 2, 3, 4, 5, 6, 7, 8, 9, 10, 11, 12, 13, 14, 15, 16, 17, 18]}, 'nodes': [{'node': 'device', 'executed_segments': [], 'queue_s': 0.0, 'segment_compute_s': 0.0, 'exit_head_compute_s': 0.0, 'exit_check_s': 0.0, 'worker_elapsed_s': 4.025999805890024e-05}, {'node': 'edge', 'executed_segments': [], 'queue_s': 0.002205599999797414, 'segment_compute_s': 0.0, 'exit_head_compute_s': 0.0, 'exit_check_s': 0.0, 'worker_elapsed_s': 0.0001826000002438377}, {'node': 'cloud', 'executed_segments': [0, 1, 2, 3, 4, 5, 6, 7, 8, 9, 10, 11, 12, 13, 14, 15, 16, 17, 18], 'queue_s': 0.0022340430004987866, 'segment_compute_s': 0.016570188978221267, 'exit_head_compute_s': 0.0010000819893321022, 'exit_check_s': 0.00041176700324285775, 'worker_elapsed_s': 0.019299218998639844}], 'sample_id': 'balanced_008_0094_00000909', 'label': 8, 'correct': True, 'observed_utility': -1.7867559899459593}",balanced_008_0094_00000909,30,909,0.4828166961669922,5950408010011599576,0.5573511979891919,0.004011786016235419,0
0.0,0.018540126009611413,0.018540126009611413,4.6353001380339265e-05,7.209999967017211e-05,0.018540126009611413,0.16225888897588447,4.6353001380339265e-05,0.3953957889752928,0.20874895100860158,7.209999967017211e-05,0.23106209999968996,0.022313148991088383,0.0020747999997183797,0.0022113669983809814,0.3954718830063939,0.01862135299597867,1784947523.7249634,1784947522.9931498,1784947523.2431498,0.0004248950135661289,0.0009729150042403489,0.0022113669983809814,0.015870869014179334,0.9999597072601318,0.16225888897588447,ablate-cloud-only-resnet50-cifar10-pi5-r1-20260725-104447:v1,1,4.6353001380339265e-05,unknown,0.20874895100860158,0.0,0.0,0.0013519999997697596,0.0,"{'device': [], 'edge': [], 'cloud': [0, 1, 2, 3, 4, 5, 6, 7, 8, 9, 10, 11, 12, 13, 14, 15, 16, 17, 18]}",19,final,cloud,True,0,1.0,5.0,1.0,0.3954718830063939,-0.9773594150319695,0,7c365d2b4d51451d809f2b7e0b9c2e85,31,"{'device_compute': 4.6353001380339265e-05, 'd2e_transport': 0.16225888897588447, 'edge_queue': 0.0013519999997697596, 'edge_segment_compute': 0.0, 'edge_exit_head_compute': 0.0, 'edge_exit_check': 0.0, 'e2c_transport': 0.20874895100860158, 'cloud_queue': 0.0022113669983809814, 'cloud_segment_compute': 0.015870869014179334, 'cloud_exit_head_compute': 0.0009729150042403489, 'cloud_exit_check': 0.0004248950135661289, 'total_latency': 0.3954718830063939, 'unattributed_overhead': 0.003585643990390963, 'request_id': '7c365d2b4d51451d809f2b7e0b9c2e85', 'user_id': 0, 'prediction': 0, 'exit_id': 'final', 'exit_boundary_id': 19, 'exit_location': 'cloud', 'confidence': 0.9999597072601318, 'executed_segments_by_node': {'device': [], 'edge': [], 'cloud': [0, 1, 2, 3, 4, 5, 6, 7, 8, 9, 10, 11, 12, 13, 14, 15, 16, 17, 18]}, 'nodes': [{'node': 'device', 'executed_segments': [], 'queue_s': 0.0, 'segment_compute_s': 0.0, 'exit_head_compute_s': 0.0, 'exit_check_s': 0.0, 'worker_elapsed_s': 4.6353001380339265e-05}, {'node': 'edge', 'executed_segments': [], 'queue_s': 0.0013519999997697596, 'segment_compute_s': 0.0, 'exit_head_compute_s': 0.0, 'exit_check_s': 0.0, 'worker_elapsed_s': 0.000142600000344828}, {'node': 'cloud', 'executed_segments': [0, 1, 2, 3, 4, 5, 6, 7, 8, 9, 10, 11, 12, 13, 14, 15, 16, 17, 18], 'queue_s': 0.0022113669983809814, 'segment_compute_s': 0.015870869014179334, 'exit_head_compute_s': 0.0009729150042403489, 'exit_check_s': 0.0004248950135661289, 'worker_elapsed_s': 0.01862135299597867}], 'sample_id': 'balanced_000_0076_00000774', 'label': 0, 'correct': True, 'observed_utility': -0.9773594150319695}",balanced_000_0076_00000774,31,774,0.4818136692047119,5950408010011599576,0.3954718830063939,0.003585643990390963,0
0.0,0.018301951000466943,0.018301951000466943,2.8889015084132552e-05,8.460000026389025e-05,0.018301951000466943,0.2409324919908613,2.8889015084132552e-05,0.45341469199047424,0.18708733100447716,8.460000026389025e-05,0.20898899999974674,0.021901668995269574,0.0034931999998661922,0.002139967997209169,0.45346482301829383,0.01837432399042882,1784947524.179111,1784947523.4498932,1784947523.6998932,0.00040925099165178835,0.0009533820120850578,0.002139967997209169,0.015700349991675466,0.9967043995857239,0.2409324919908613,ablate-cloud-only-resnet50-cifar10-pi5-r1-20260725-104447:v2,2,2.8889015084132552e-05,unknown,0.18708733100447716,0.0,0.0,0.002414000000044325,0.0,"{'device': [], 'edge': [], 'cloud': [0, 1, 2, 3, 4, 5, 6, 7, 8, 9, 10, 11, 12, 13, 14, 15, 16, 17, 18]}",19,final,cloud,True,0,1.0,5.0,1.0,0.45346482301829383,-1.2673241150914691,0,5fd38d4b81724bf2aea270ea4c8f439f,32,"{'device_compute': 2.8889015084132552e-05, 'd2e_transport': 0.2409324919908613, 'edge_queue': 0.002414000000044325, 'edge_segment_compute': 0.0, 'edge_exit_head_compute': 0.0, 'edge_exit_check': 0.0, 'e2c_transport': 0.18708733100447716, 'cloud_queue': 0.002139967997209169, 'cloud_segment_compute': 0.015700349991675466, 'cloud_exit_head_compute': 0.0009533820120850578, 'cloud_exit_check': 0.00040925099165178835, 'total_latency': 0.45346482301829383, 'unattributed_overhead': 0.003799160015205416, 'request_id': '5fd38d4b81724bf2aea270ea4c8f439f', 'user_id': 0, 'prediction': 0, 'exit_id': 'final', 'exit_boundary_id': 19, 'exit_location': 'cloud', 'confidence': 0.9967043995857239, 'executed_segments_by_node': {'device': [], 'edge': [], 'cloud': [0, 1, 2, 3, 4, 5, 6, 7, 8, 9, 10, 11, 12, 13, 14, 15, 16, 17, 18]}, 'nodes': [{'node': 'device', 'executed_segments': [], 'queue_s': 0.0, 'segment_compute_s': 0.0, 'exit_head_compute_s': 0.0, 'exit_check_s': 0.0, 'worker_elapsed_s': 2.8889015084132552e-05}, {'node': 'edge', 'executed_segments': [], 'queue_s': 0.002414000000044325, 'segment_compute_s': 0.0, 'exit_head_compute_s': 0.0, 'exit_check_s': 0.0, 'worker_elapsed_s': 0.00019509999992806115}, {'node': 'cloud', 'executed_segments': [0, 1, 2, 3, 4, 5, 6, 7, 8, 9, 10, 11, 12, 13, 14, 15, 16, 17, 18], 'queue_s': 0.002139967997209169, 'segment_compute_s': 0.015700349991675466, 'exit_head_compute_s': 0.0009533820120850578, 'exit_check_s': 0.00040925099165178835, 'worker_elapsed_s': 0.01837432399042882}], 'sample_id': 'balanced_000_0601_00006082', 'label': 0, 'correct': True, 'observed_utility': -1.2673241150914691}",balanced_000_0601_00006082,32,6082,0.4792177677154541,5950408010011599576,0.45346482301829383,0.003799160015205416,0
0.0,0.01825583000027109,0.01825583000027109,3.068600199185312e-05,7.279999999809661e-05,0.01825583000027109,0.14843447300427215,3.068600199185312e-05,0.3760336730047129,0.2031879360010862,7.279999999809661e-05,0.22507370000039373,0.021885763999307528,0.002525500000047032,0.0022312329965643585,0.37608635899960063,0.018326028002775274,1784947524.6716878,1784947523.9366443,1784947524.1866443,0.00039806897984817624,0.0009348149906145409,0.0022312329965643585,0.015702265984145924,0.9980688691139221,0.14843447300427215,ablate-cloud-only-resnet50-cifar10-pi5-r1-20260725-104447:v2,2,3.068600199185312e-05,unknown,0.2031879360010862,0.0,0.0,0.001430399999662768,0.0,"{'device': [], 'edge': [], 'cloud': [0, 1, 2, 3, 4, 5, 6, 7, 8, 9, 10, 11, 12, 13, 14, 15, 16, 17, 18]}",19,final,cloud,True,6,1.0,5.0,1.0,0.37608635899960063,-0.8804317949980032,6,2fe597687e7a4274871df0c9874ebc5a,33,"{'device_compute': 3.068600199185312e-05, 'd2e_transport': 0.14843447300427215, 'edge_queue': 0.001430399999662768, 'edge_segment_compute': 0.0, 'edge_exit_head_compute': 0.0, 'edge_exit_check': 0.0, 'e2c_transport': 0.2031879360010862, 'cloud_queue': 0.0022312329965643585, 'cloud_segment_compute': 0.015702265984145924, 'cloud_exit_head_compute': 0.0009348149906145409, 'cloud_exit_check': 0.00039806897984817624, 'total_latency': 0.37608635899960063, 'unattributed_overhead': 0.003736481041414663, 'request_id': '2fe597687e7a4274871df0c9874ebc5a', 'user_id': 0, 'prediction': 6, 'exit_id': 'final', 'exit_boundary_id': 19, 'exit_location': 'cloud', 'confidence': 0.9980688691139221, 'executed_segments_by_node': {'device': [], 'edge': [], 'cloud': [0, 1, 2, 3, 4, 5, 6, 7, 8, 9, 10, 11, 12, 13, 14, 15, 16, 17, 18]}, 'nodes': [{'node': 'device', 'executed_segments': [], 'queue_s': 0.0, 'segment_compute_s': 0.0, 'exit_head_compute_s': 0.0, 'exit_check_s': 0.0, 'worker_elapsed_s': 3.068600199185312e-05}, {'node': 'edge', 'executed_segments': [], 'queue_s': 0.001430399999662768, 'segment_compute_s': 0.0, 'exit_head_compute_s': 0.0, 'exit_check_s': 0.0, 'worker_elapsed_s': 0.00014450000026045018}, {'node': 'cloud', 'executed_segments': [0, 1, 2, 3, 4, 5, 6, 7, 8, 9, 10, 11, 12, 13, 14, 15, 16, 17, 18], 'queue_s': 0.0022312329965643585, 'segment_compute_s': 0.015702265984145924, 'exit_head_compute_s': 0.0009348149906145409, 'exit_check_s': 0.00039806897984817624, 'worker_elapsed_s': 0.018326028002775274}], 'sample_id': 'balanced_006_0691_00006921', 'label': 6, 'correct': True, 'observed_utility': -0.8804317949980032}",balanced_006_0691_00006921,33,6921,0.4850435256958008,5950408010011599576,0.37608635899960063,0.003736481041414663,0
0.0,0.018536917996243574,0.018536917996243574,2.983398735523224e-05,8.100000013655517e-05,0.018536917996243574,0.23934271000644003,2.983398735523224e-05,0.46827921000658534,0.2022855569980493,8.100000013655517e-05,0.22452879999991637,0.022243243001867086,0.004407700000228942,0.0022620659874519333,0.4683299520111177,0.018616656001540832,1784947525.0921066,1784947524.3631074,1784947524.6131074,0.00042077299440279603,0.0010143709951080382,0.0022620659874519333,0.015849517032620497,0.9999634027481079,0.23934271000644003,ablate-cloud-only-resnet50-cifar10-pi5-r1-20260725-104447:v2,2,2.983398735523224e-05,unknown,0.2022855569980493,0.0,0.0,0.003436999999848922,0.0,"{'device': [], 'edge': [], 'cloud': [0, 1, 2, 3, 4, 5, 6, 7, 8, 9, 10, 11, 12, 13, 14, 15, 16, 17, 18]}",19,final,cloud,True,5,1.0,5.0,1.0,0.4683299520111177,-1.3416497600555886,5,8e3e7e43caa045a281c89cddec4d5d3a,34,"{'device_compute': 2.983398735523224e-05, 'd2e_transport': 0.23934271000644003, 'edge_queue': 0.003436999999848922, 'edge_segment_compute': 0.0, 'edge_exit_head_compute': 0.0, 'edge_exit_check': 0.0, 'e2c_transport': 0.2022855569980493, 'cloud_queue': 0.0022620659874519333, 'cloud_segment_compute': 0.015849517032620497, 'cloud_exit_head_compute': 0.0010143709951080382, 'cloud_exit_check': 0.00042077299440279603, 'total_latency': 0.4683299520111177, 'unattributed_overhead': 0.003688124009840976, 'request_id': '8e3e7e43caa045a281c89cddec4d5d3a', 'user_id': 0, 'prediction': 5, 'exit_id': 'final', 'exit_boundary_id': 19, 'exit_location': 'cloud', 'confidence': 0.9999634027481079, 'executed_segments_by_node': {'device': [], 'edge': [], 'cloud': [0, 1, 2, 3, 4, 5, 6, 7, 8, 9, 10, 11, 12, 13, 14, 15, 16, 17, 18]}, 'nodes': [{'node': 'device', 'executed_segments': [], 'queue_s': 0.0, 'segment_compute_s': 0.0, 'exit_head_compute_s': 0.0, 'exit_check_s': 0.0, 'worker_elapsed_s': 2.983398735523224e-05}, {'node': 'edge', 'executed_segments': [], 'queue_s': 0.003436999999848922, 'segment_compute_s': 0.0, 'exit_head_compute_s': 0.0, 'exit_check_s': 0.0, 'worker_elapsed_s': 0.0001606000000720087}, {'node': 'cloud', 'executed_segments': [0, 1, 2, 3, 4, 5, 6, 7, 8, 9, 10, 11, 12, 13, 14, 15, 16, 17, 18], 'queue_s': 0.0022620659874519333, 'segment_compute_s': 0.015849517032620497, 'exit_head_compute_s': 0.0010143709951080382, 'exit_check_s': 0.00042077299440279603, 'worker_elapsed_s': 0.018616656001540832}], 'sample_id': 'balanced_005_0890_00008873', 'label': 5, 'correct': True, 'observed_utility': -1.3416497600555886}",balanced_005_0890_00008873,34,8873,0.47899913787841797,5950408010011599576,0.4683299520111177,0.003688124009840976,0
0.0,0.01860039400344249,0.01860039400344249,3.2890005968511105e-05,9.170000021185842e-05,0.01860039400344249,0.21568986400279755,3.2890005968511105e-05,0.47913526400225237,0.2380719769944335,9.170000021185842e-05,0.2602441999997609,0.022172223005327396,0.0032011999996939267,0.0021420990087790415,0.4791907839826308,0.01867523099645041,1784947525.5932646,1784947524.8666718,1784947525.1166718,0.00041650702769402415,0.0009950550011126325,0.0021420990087790415,0.01588027598336339,0.9999932050704956,0.21568986400279755,ablate-cloud-only-resnet50-cifar10-pi5-r1-20260725-104447:v2,2,3.2890005968511105e-05,unknown,0.2380719769944335,0.0,0.0,0.0020277999997233564,0.0,"{'device': [], 'edge': [], 'cloud': [0, 1, 2, 3, 4, 5, 6, 7, 8, 9, 10, 11, 12, 13, 14, 15, 16, 17, 18]}",19,final,cloud,True,3,1.0,5.0,1.0,0.4791907839826308,-1.395953919913154,3,b4c80ef280844d3a9e98c3467b9da357,35,"{'device_compute': 3.2890005968511105e-05, 'd2e_transport': 0.21568986400279755, 'edge_queue': 0.0020277999997233564, 'edge_segment_compute': 0.0, 'edge_exit_head_compute': 0.0, 'edge_exit_check': 0.0, 'e2c_transport': 0.2380719769944335, 'cloud_queue': 0.0021420990087790415, 'cloud_segment_compute': 0.01588027598336339, 'cloud_exit_head_compute': 0.0009950550011126325, 'cloud_exit_check': 0.00041650702769402415, 'total_latency': 0.4791907839826308, 'unattributed_overhead': 0.003934315958758816, 'request_id': 'b4c80ef280844d3a9e98c3467b9da357', 'user_id': 0, 'prediction': 3, 'exit_id': 'final', 'exit_boundary_id': 19, 'exit_location': 'cloud', 'confidence': 0.9999932050704956, 'executed_segments_by_node': {'device': [], 'edge': [], 'cloud': [0, 1, 2, 3, 4, 5, 6, 7, 8, 9, 10, 11, 12, 13, 14, 15, 16, 17, 18]}, 'nodes': [{'node': 'device', 'executed_segments': [], 'queue_s': 0.0, 'segment_compute_s': 0.0, 'exit_head_compute_s': 0.0, 'exit_check_s': 0.0, 'worker_elapsed_s': 3.2890005968511105e-05}, {'node': 'edge', 'executed_segments': [], 'queue_s': 0.0020277999997233564, 'segment_compute_s': 0.0, 'exit_head_compute_s': 0.0, 'exit_check_s': 0.0, 'worker_elapsed_s': 0.00018360000012762612}, {'node': 'cloud', 'executed_segments': [0, 1, 2, 3, 4, 5, 6, 7, 8, 9, 10, 11, 12, 13, 14, 15, 16, 17, 18], 'queue_s': 0.0021420990087790415, 'segment_compute_s': 0.01588027598336339, 'exit_head_compute_s': 0.0009950550011126325, 'exit_check_s': 0.00041650702769402415, 'worker_elapsed_s': 0.01867523099645041}], 'sample_id': 'balanced_003_0843_00008302', 'label': 3, 'correct': True, 'observed_utility': -1.395953919913154}",balanced_003_0843_00008302,35,8302,0.4765927791595459,5950408010011599576,0.4791907839826308,0.003934315958758816,0
0.0,0.01854325400199741,0.01854325400199741,3.340799594298005e-05,9.240000008503557e-05,0.01854325400199741,0.15742842797817502,3.340799594298005e-05,0.3673761279787868,0.18452526099963507,9.240000008503557e-05,0.20665200000030381,0.02212673900066875,0.0032957000003079884,0.0021816060034325346,0.36743170299450867,0.01861775599536486,1784947526.1141746,1784947525.3810296,1784947525.6310296,0.0004207860038150102,0.0009850200003711507,0.0021816060034325346,0.015800415014382452,0.9999955892562866,0.15742842797817502,ablate-cloud-only-resnet50-cifar10-pi5-r1-20260725-104447:v2,2,3.340799594298005e-05,unknown,0.18452526099963507,0.0,0.0,0.002252000000225962,0.0,"{'device': [], 'edge': [], 'cloud': [0, 1, 2, 3, 4, 5, 6, 7, 8, 9, 10, 11, 12, 13, 14, 15, 16, 17, 18]}",19,final,cloud,True,2,1.0,5.0,1.0,0.36743170299450867,-0.8371585149725433,2,e313818f250e46ef954079f907a04c04,36,"{'device_compute': 3.340799594298005e-05, 'd2e_transport': 0.15742842797817502, 'edge_queue': 0.002252000000225962, 'edge_segment_compute': 0.0, 'edge_exit_head_compute': 0.0, 'edge_exit_check': 0.0, 'e2c_transport': 0.18452526099963507, 'cloud_queue': 0.0021816060034325346, 'cloud_segment_compute': 0.015800415014382452, 'cloud_exit_head_compute': 0.0009850200003711507, 'cloud_exit_check': 0.0004207860038150102, 'total_latency': 0.36743170299450867, 'unattributed_overhead': 0.0038047789985284908, 'request_id': 'e313818f250e46ef954079f907a04c04', 'user_id': 0, 'prediction': 2, 'exit_id': 'final', 'exit_boundary_id': 19, 'exit_location': 'cloud', 'confidence': 0.9999955892562866, 'executed_segments_by_node': {'device': [], 'edge': [], 'cloud': [0, 1, 2, 3, 4, 5, 6, 7, 8, 9, 10, 11, 12, 13, 14, 15, 16, 17, 18]}, 'nodes': [{'node': 'device', 'executed_segments': [], 'queue_s': 0.0, 'segment_compute_s': 0.0, 'exit_head_compute_s': 0.0, 'exit_check_s': 0.0, 'worker_elapsed_s': 3.340799594298005e-05}, {'node': 'edge', 'executed_segments': [], 'queue_s': 0.002252000000225962, 'segment_compute_s': 0.0, 'exit_head_compute_s': 0.0, 'exit_check_s': 0.0, 'worker_elapsed_s': 0.00018580000005385955}, {'node': 'cloud', 'executed_segments': [0, 1, 2, 3, 4, 5, 6, 7, 8, 9, 10, 11, 12, 13, 14, 15, 16, 17, 18], 'queue_s': 0.0021816060034325346, 'segment_compute_s': 0.015800415014382452, 'exit_head_compute_s': 0.0009850200003711507, 'exit_check_s': 0.0004207860038150102, 'worker_elapsed_s': 0.01861775599536486}], 'sample_id': 'balanced_002_0970_00009731', 'label': 2, 'correct': True, 'observed_utility': -0.8371585149725433}",balanced_002_0970_00009731,36,9731,0.48314499855041504,5950408010011599576,0.36743170299450867,0.0038047789985284908,0
0.0,0.018293931003427133,0.018293931003427133,2.9741000616922975e-05,0.00010439999959999113,0.018293931003427133,0.12817156898654503,2.9741000616922975e-05,0.4735635689867195,0.3200461169981281,0.00010439999959999113,0.34189340000011725,0.021847283001989126,0.003498600000057195,0.002142552999430336,0.4736143480113242,0.018362093993346207,1784947526.5200937,1784947525.7918022,1784947526.0418022,0.00041124600102193654,0.0009484890033490956,0.002142552999430336,0.015652525995392352,0.9975247979164124,0.12817156898654503,ablate-cloud-only-resnet50-cifar10-pi5-r1-20260725-104447:v2,2,2.9741000616922975e-05,unknown,0.3200461169981281,0.0,0.0,0.002259500000036496,0.0,"{'device': [], 'edge': [], 'cloud': [0, 1, 2, 3, 4, 5, 6, 7, 8, 9, 10, 11, 12, 13, 14, 15, 16, 17, 18]}",19,final,cloud,True,5,1.0,5.0,1.0,0.4736143480113242,-1.368071740056621,5,31d09a6e5df941158480dbe655dfd397,37,"{'device_compute': 2.9741000616922975e-05, 'd2e_transport': 0.12817156898654503, 'edge_queue': 0.002259500000036496, 'edge_segment_compute': 0.0, 'edge_exit_head_compute': 0.0, 'edge_exit_check': 0.0, 'e2c_transport': 0.3200461169981281, 'cloud_queue': 0.002142552999430336, 'cloud_segment_compute': 0.015652525995392352, 'cloud_exit_head_compute': 0.0009484890033490956, 'cloud_exit_check': 0.00041124600102193654, 'total_latency': 0.4736143480113242, 'unattributed_overhead': 0.003952607026803889, 'request_id': '31d09a6e5df941158480dbe655dfd397', 'user_id': 0, 'prediction': 5, 'exit_id': 'final', 'exit_boundary_id': 19, 'exit_location': 'cloud', 'confidence': 0.9975247979164124, 'executed_segments_by_node': {'device': [], 'edge': [], 'cloud': [0, 1, 2, 3, 4, 5, 6, 7, 8, 9, 10, 11, 12, 13, 14, 15, 16, 17, 18]}, 'nodes': [{'node': 'device', 'executed_segments': [], 'queue_s': 0.0, 'segment_compute_s': 0.0, 'exit_head_compute_s': 0.0, 'exit_check_s': 0.0, 'worker_elapsed_s': 2.9741000616922975e-05}, {'node': 'edge', 'executed_segments': [], 'queue_s': 0.002259500000036496, 'segment_compute_s': 0.0, 'exit_head_compute_s': 0.0, 'exit_check_s': 0.0, 'worker_elapsed_s': 0.00020880000010947697}, {'node': 'cloud', 'executed_segments': [0, 1, 2, 3, 4, 5, 6, 7, 8, 9, 10, 11, 12, 13, 14, 15, 16, 17, 18], 'queue_s': 0.002142552999430336, 'segment_compute_s': 0.015652525995392352, 'exit_head_compute_s': 0.0009484890033490956, 'exit_check_s': 0.00041124600102193654, 'worker_elapsed_s': 0.018362093993346207}], 'sample_id': 'balanced_005_0134_00001571', 'label': 5, 'correct': True, 'observed_utility': -1.368071740056621}",balanced_005_0134_00001571,37,1571,0.47829151153564453,5950408010011599576,0.4736143480113242,0.003952607026803889,0
0.0,0.018716195001616143,0.018716195001616143,3.0889001209288836e-05,8.109999998850981e-05,0.018716195001616143,0.15762922698513648,3.0889001209288836e-05,0.3719048269849736,0.18815716699282348,8.109999998850981e-05,0.21075999999993655,0.022602833007113077,0.003515599999900587,0.0024526420020265505,0.3719581240147818,0.01880305500526447,1784947527.0293596,1784947526.3022492,1784947526.5522492,0.00041233000229112804,0.0009917139977915213,0.0024526420020265505,0.016067816017311998,0.6142197251319885,0.15762922698513648,ablate-cloud-only-resnet50-cifar10-pi5-r1-20260725-104447:v2,2,3.0889001209288836e-05,unknown,0.18815716699282348,0.0,0.0,0.0025234999998247076,0.0,"{'device': [], 'edge': [], 'cloud': [0, 1, 2, 3, 4, 5, 6, 7, 8, 9, 10, 11, 12, 13, 14, 15, 16, 17, 18]}",19,final,cloud,True,4,1.0,5.0,1.0,0.3719581240147818,-0.8597906200739089,4,489429e7e49641769ac40985bcdd1009,38,"{'device_compute': 3.0889001209288836e-05, 'd2e_transport': 0.15762922698513648, 'edge_queue': 0.0025234999998247076, 'edge_segment_compute': 0.0, 'edge_exit_head_compute': 0.0, 'edge_exit_check': 0.0, 'e2c_transport': 0.18815716699282348, 'cloud_queue': 0.0024526420020265505, 'cloud_segment_compute': 0.016067816017311998, 'cloud_exit_head_compute': 0.0009917139977915213, 'cloud_exit_check': 0.00041233000229112804, 'total_latency': 0.3719581240147818, 'unattributed_overhead': 0.0036928390163666336, 'request_id': '489429e7e49641769ac40985bcdd1009', 'user_id': 0, 'prediction': 4, 'exit_id': 'final', 'exit_boundary_id': 19, 'exit_location': 'cloud', 'confidence': 0.6142197251319885, 'executed_segments_by_node': {'device': [], 'edge': [], 'cloud': [0, 1, 2, 3, 4, 5, 6, 7, 8, 9, 10, 11, 12, 13, 14, 15, 16, 17, 18]}, 'nodes': [{'node': 'device', 'executed_segments': [], 'queue_s': 0.0, 'segment_compute_s': 0.0, 'exit_head_compute_s': 0.0, 'exit_check_s': 0.0, 'worker_elapsed_s': 3.0889001209288836e-05}, {'node': 'edge', 'executed_segments': [], 'queue_s': 0.0025234999998247076, 'segment_compute_s': 0.0, 'exit_head_compute_s': 0.0, 'exit_check_s': 0.0, 'worker_elapsed_s': 0.00016660000028423383}, {'node': 'cloud', 'executed_segments': [0, 1, 2, 3, 4, 5, 6, 7, 8, 9, 10, 11, 12, 13, 14, 15, 16, 17, 18], 'queue_s': 0.0024526420020265505, 'segment_compute_s': 0.016067816017311998, 'exit_head_compute_s': 0.0009917139977915213, 'exit_check_s': 0.00041233000229112804, 'worker_elapsed_s': 0.01880305500526447}], 'sample_id': 'balanced_004_0362_00003600', 'label': 4, 'correct': True, 'observed_utility': -0.8597906200739089}",balanced_004_0362_00003600,38,3600,0.4771103858947754,5950408010011599576,0.3719581240147818,0.0036928390163666336,0
0.0,0.018552491994341835,0.018552491994341835,2.9593997169286013e-05,7.499999992433004e-05,0.018552491994341835,0.17928268699961336,2.9593997169286013e-05,0.6954474869999103,0.4908524040051816,7.499999992433004e-05,0.5133397000004152,0.02248729599523358,0.002825099999881786,0.0022281700075836852,0.695499043999007,0.01862944199820049,1784947527.424184,1784947526.6968305,1784947526.9468305,0.00042358500650152564,0.0009930310043273494,0.0022281700075836852,0.015890635026153177,0.7233951687812805,0.17928268699961336,ablate-cloud-only-resnet50-cifar10-pi5-r1-20260725-104447:v2,2,2.9593997169286013e-05,unknown,0.4908524040051816,0.0,0.0,0.0013902000000598491,0.0,"{'device': [], 'edge': [], 'cloud': [0, 1, 2, 3, 4, 5, 6, 7, 8, 9, 10, 11, 12, 13, 14, 15, 16, 17, 18]}",19,final,cloud,True,7,1.0,5.0,1.0,0.695499043999007,-2.477495219995035,7,ebf830e0d0524990b5e5330b3b218f93,39,"{'device_compute': 2.9593997169286013e-05, 'd2e_transport': 0.17928268699961336, 'edge_queue': 0.0013902000000598491, 'edge_segment_compute': 0.0, 'edge_exit_head_compute': 0.0, 'edge_exit_check': 0.0, 'e2c_transport': 0.4908524040051816, 'cloud_queue': 0.0022281700075836852, 'cloud_segment_compute': 0.015890635026153177, 'cloud_exit_head_compute': 0.0009930310043273494, 'cloud_exit_check': 0.00042358500650152564, 'total_latency': 0.695499043999007, 'unattributed_overhead': 0.004408737952417141, 'request_id': 'ebf830e0d0524990b5e5330b3b218f93', 'user_id': 0, 'prediction': 7, 'exit_id': 'final', 'exit_boundary_id': 19, 'exit_location': 'cloud', 'confidence': 0.7233951687812805, 'executed_segments_by_node': {'device': [], 'edge': [], 'cloud': [0, 1, 2, 3, 4, 5, 6, 7, 8, 9, 10, 11, 12, 13, 14, 15, 16, 17, 18]}, 'nodes': [{'node': 'device', 'executed_segments': [], 'queue_s': 0.0, 'segment_compute_s': 0.0, 'exit_head_compute_s': 0.0, 'exit_check_s': 0.0, 'worker_elapsed_s': 2.9593997169286013e-05}, {'node': 'edge', 'executed_segments': [], 'queue_s': 0.0013902000000598491, 'segment_compute_s': 0.0, 'exit_head_compute_s': 0.0, 'exit_check_s': 0.0, 'worker_elapsed_s': 0.0001498000001447508}, {'node': 'cloud', 'executed_segments': [0, 1, 2, 3, 4, 5, 6, 7, 8, 9, 10, 11, 12, 13, 14, 15, 16, 17, 18], 'queue_s': 0.0022281700075836852, 'segment_compute_s': 0.015890635026153177, 'exit_head_compute_s': 0.0009930310043273494, 'exit_check_s': 0.00042358500650152564, 'worker_elapsed_s': 0.01862944199820049}], 'sample_id': 'balanced_007_0805_00008074', 'label': 7, 'correct': True, 'observed_utility': -2.477495219995035}",balanced_007_0805_00008074,39,8074,0.477353572845459,5950408010011599576,0.695499043999007,0.004408737952417141,0
0.0,0.018449487994075753,0.018449487994075753,3.053800901398063e-05,8.590000015828991e-05,0.018449487994075753,0.10697805801009963,3.053800901398063e-05,0.27765045801061206,0.1454976509971857,8.590000015828991e-05,0.16785250000020824,0.022354849003022537,0.0028199000003041874,0.0023594219965161756,0.27770286600571126,0.018525414998293854,1784947528.1500244,1784947527.4233809,1784947527.6733809,0.000422286000684835,0.0009584770014043897,0.0023594219965161756,0.015789582015713677,0.9999978542327881,0.10697805801009963,ablate-cloud-only-resnet50-cifar10-pi5-r1-20260725-104447:v2,2,3.053800901398063e-05,unknown,0.1454976509971857,0.0,0.0,0.0016218999999182415,0.0,"{'device': [], 'edge': [], 'cloud': [0, 1, 2, 3, 4, 5, 6, 7, 8, 9, 10, 11, 12, 13, 14, 15, 16, 17, 18]}",19,final,cloud,True,1,1.0,5.0,1.0,0.27770286600571126,-0.3885143300285563,1,8d077aad717f4eb399eca20e3affdf5a,40,"{'device_compute': 3.053800901398063e-05, 'd2e_transport': 0.10697805801009963, 'edge_queue': 0.0016218999999182415, 'edge_segment_compute': 0.0, 'edge_exit_head_compute': 0.0, 'edge_exit_check': 0.0, 'e2c_transport': 0.1454976509971857, 'cloud_queue': 0.0023594219965161756, 'cloud_segment_compute': 0.015789582015713677, 'cloud_exit_head_compute': 0.0009584770014043897, 'cloud_exit_check': 0.000422286000684835, 'total_latency': 0.27770286600571126, 'unattributed_overhead': 0.004044951975174627, 'request_id': '8d077aad717f4eb399eca20e3affdf5a', 'user_id': 0, 'prediction': 1, 'exit_id': 'final', 'exit_boundary_id': 19, 'exit_location': 'cloud', 'confidence': 0.9999978542327881, 'executed_segments_by_node': {'device': [], 'edge': [], 'cloud': [0, 1, 2, 3, 4, 5, 6, 7, 8, 9, 10, 11, 12, 13, 14, 15, 16, 17, 18]}, 'nodes': [{'node': 'device', 'executed_segments': [], 'queue_s': 0.0, 'segment_compute_s': 0.0, 'exit_head_compute_s': 0.0, 'exit_check_s': 0.0, 'worker_elapsed_s': 3.053800901398063e-05}, {'node': 'edge', 'executed_segments': [], 'queue_s': 0.0016218999999182415, 'segment_compute_s': 0.0, 'exit_head_compute_s': 0.0, 'exit_check_s': 0.0, 'worker_elapsed_s': 0.0001718999997137871}, {'node': 'cloud', 'executed_segments': [0, 1, 2, 3, 4, 5, 6, 7, 8, 9, 10, 11, 12, 13, 14, 15, 16, 17, 18], 'queue_s': 0.0023594219965161756, 'segment_compute_s': 0.015789582015713677, 'exit_head_compute_s': 0.0009584770014043897, 'exit_check_s': 0.000422286000684835, 'worker_elapsed_s': 0.018525414998293854}], 'sample_id': 'balanced_001_0104_00001144', 'label': 1, 'correct': True, 'observed_utility': -0.3885143300285563}",balanced_001_0104_00001144,40,1144,0.47664356231689453,5950408010011599576,0.27770286600571126,0.004044951975174627,0
0.0,0.018242189995362423,0.018242189995362423,3.1167000997811556e-05,4.8299999889422907e-05,0.018242189995362423,0.15259324300450317,3.1167000997811556e-05,0.3776664430042729,0.20096612399765945,4.8299999889422907e-05,0.22282289999975546,0.021856776002096012,0.0022503000000142492,0.002155292997485958,0.37772044399753213,0.018313071006559767,1784947528.4522333,1784947527.7261806,1784947527.9761806,0.00040457298746332526,0.0009650890133343637,0.002155292997485958,0.01564465202682186,0.9999117851257324,0.15259324300450317,ablate-cloud-only-resnet50-cifar10-pi5-r1-20260725-104447:v2,2,3.1167000997811556e-05,unknown,0.20096612399765945,0.0,0.0,0.0015005999998720654,0.0,"{'device': [], 'edge': [], 'cloud': [0, 1, 2, 3, 4, 5, 6, 7, 8, 9, 10, 11, 12, 13, 14, 15, 16, 17, 18]}",19,final,cloud,True,1,1.0,5.0,1.0,0.37772044399753213,-0.8886022199876606,1,ef4445d00b774c43825cb39f151a36cc,41,"{'device_compute': 3.1167000997811556e-05, 'd2e_transport': 0.15259324300450317, 'edge_queue': 0.0015005999998720654, 'edge_segment_compute': 0.0, 'edge_exit_head_compute': 0.0, 'edge_exit_check': 0.0, 'e2c_transport': 0.20096612399765945, 'cloud_queue': 0.002155292997485958, 'cloud_segment_compute': 0.01564465202682186, 'cloud_exit_head_compute': 0.0009650890133343637, 'cloud_exit_check': 0.00040457298746332526, 'total_latency': 0.37772044399753213, 'unattributed_overhead': 0.0034597029693941295, 'request_id': 'ef4445d00b774c43825cb39f151a36cc', 'user_id': 0, 'prediction': 1, 'exit_id': 'final', 'exit_boundary_id': 19, 'exit_location': 'cloud', 'confidence': 0.9999117851257324, 'executed_segments_by_node': {'device': [], 'edge': [], 'cloud': [0, 1, 2, 3, 4, 5, 6, 7, 8, 9, 10, 11, 12, 13, 14, 15, 16, 17, 18]}, 'nodes': [{'node': 'device', 'executed_segments': [], 'queue_s': 0.0, 'segment_compute_s': 0.0, 'exit_head_compute_s': 0.0, 'exit_check_s': 0.0, 'worker_elapsed_s': 3.1167000997811556e-05}, {'node': 'edge', 'executed_segments': [], 'queue_s': 0.0015005999998720654, 'segment_compute_s': 0.0, 'exit_head_compute_s': 0.0, 'exit_check_s': 0.0, 'worker_elapsed_s': 0.00010860000020329608}, {'node': 'cloud', 'executed_segments': [0, 1, 2, 3, 4, 5, 6, 7, 8, 9, 10, 11, 12, 13, 14, 15, 16, 17, 18], 'queue_s': 0.002155292997485958, 'segment_compute_s': 0.01564465202682186, 'exit_head_compute_s': 0.0009650890133343637, 'exit_check_s': 0.00040457298746332526, 'worker_elapsed_s': 0.018313071006559767}], 'sample_id': 'balanced_001_0703_00007133', 'label': 1, 'correct': True, 'observed_utility': -0.8886022199876606}",balanced_001_0703_00007133,41,7133,0.47605276107788086,5950408010011599576,0.37772044399753213,0.0034597029693941295,0
0.0,0.01854899199679494,0.01854899199679494,4.1390012484043837e-05,0.00010399999973742524,0.01854899199679494,0.13206800001125885,4.1390012484043837e-05,0.38553160001174547,0.22772250200750932,0.00010399999973742524,0.2498128000001998,0.022090297992690466,0.0036508000002868357,0.0021214010048424825,0.3856010269955732,0.018627078999998048,1784947528.8556378,1784947528.1283963,1784947528.3783963,0.00042121099249925464,0.0009839840058702976,0.0021214010048424825,0.015898870027740486,0.9978673458099365,0.13206800001125885,ablate-cloud-only-resnet50-cifar10-pi5-r1-20260725-104447:v2,2,4.1390012484043837e-05,unknown,0.22772250200750932,0.0,0.0,0.002329500000087137,0.0,"{'device': [], 'edge': [], 'cloud': [0, 1, 2, 3, 4, 5, 6, 7, 8, 9, 10, 11, 12, 13, 14, 15, 16, 17, 18]}",19,final,cloud,True,3,1.0,5.0,1.0,0.3856010269955732,-0.928005134977866,3,0f6df660e90b4f3dbf420f512b42ae49,42,"{'device_compute': 4.1390012484043837e-05, 'd2e_transport': 0.13206800001125885, 'edge_queue': 0.002329500000087137, 'edge_segment_compute': 0.0, 'edge_exit_head_compute': 0.0, 'edge_exit_check': 0.0, 'e2c_transport': 0.22772250200750932, 'cloud_queue': 0.0021214010048424825, 'cloud_segment_compute': 0.015898870027740486, 'cloud_exit_head_compute': 0.0009839840058702976, 'cloud_exit_check': 0.00042121099249925464, 'total_latency': 0.3856010269955732, 'unattributed_overhead': 0.004014168933281326, 'request_id': '0f6df660e90b4f3dbf420f512b42ae49', 'user_id': 0, 'prediction': 3, 'exit_id': 'final', 'exit_boundary_id': 19, 'exit_location': 'cloud', 'confidence': 0.9978673458099365, 'executed_segments_by_node': {'device': [], 'edge': [], 'cloud': [0, 1, 2, 3, 4, 5, 6, 7, 8, 9, 10, 11, 12, 13, 14, 15, 16, 17, 18]}, 'nodes': [{'node': 'device', 'executed_segments': [], 'queue_s': 0.0, 'segment_compute_s': 0.0, 'exit_head_compute_s': 0.0, 'exit_check_s': 0.0, 'worker_elapsed_s': 4.1390012484043837e-05}, {'node': 'edge', 'executed_segments': [], 'queue_s': 0.002329500000087137, 'segment_compute_s': 0.0, 'exit_head_compute_s': 0.0, 'exit_check_s': 0.0, 'worker_elapsed_s': 0.00020959999983460875}, {'node': 'cloud', 'executed_segments': [0, 1, 2, 3, 4, 5, 6, 7, 8, 9, 10, 11, 12, 13, 14, 15, 16, 17, 18], 'queue_s': 0.0021214010048424825, 'segment_compute_s': 0.015898870027740486, 'exit_head_compute_s': 0.0009839840058702976, 'exit_check_s': 0.00042121099249925464, 'worker_elapsed_s': 0.018627078999998048}], 'sample_id': 'balanced_003_0242_00002506', 'label': 3, 'correct': True, 'observed_utility': -0.928005134977866}",balanced_003_0242_00002506,42,2506,0.47724151611328125,5950408010011599576,0.3856010269955732,0.004014168933281326,0
0.0,0.018367273994954303,0.018367273994954303,5.366801633499563e-05,0.00010560000009718351,0.018367273994954303,0.12403575499274666,5.366801633499563e-05,0.3740848549932707,0.2244756960021732,0.00010560000009718351,0.24649280000039653,0.02201710399822332,0.0035563000001275213,0.002188042999478057,0.37417243199888617,0.018440804997226223,1784947529.2789555,1784947528.5405715,1784947528.7905715,0.0004089279973413795,0.0009506770002190024,0.002188042999478057,0.01576091698370874,0.9999878406524658,0.12403575499274666,ablate-cloud-only-resnet50-cifar10-pi5-r1-20260725-104447:v2,2,5.366801633499563e-05,unknown,0.2244756960021732,0.0,0.0,0.0021191999999246036,0.0,"{'device': [], 'edge': [], 'cloud': [0, 1, 2, 3, 4, 5, 6, 7, 8, 9, 10, 11, 12, 13, 14, 15, 16, 17, 18]}",19,final,cloud,True,5,1.0,5.0,1.0,0.37417243199888617,-0.8708621599944308,5,64db48c4ac634409b6950af63890768c,43,"{'device_compute': 5.366801633499563e-05, 'd2e_transport': 0.12403575499274666, 'edge_queue': 0.0021191999999246036, 'edge_segment_compute': 0.0, 'edge_exit_head_compute': 0.0, 'edge_exit_check': 0.0, 'e2c_transport': 0.2244756960021732, 'cloud_queue': 0.002188042999478057, 'cloud_segment_compute': 0.01576091698370874, 'cloud_exit_head_compute': 0.0009506770002190024, 'cloud_exit_check': 0.0004089279973413795, 'total_latency': 0.37417243199888617, 'unattributed_overhead': 0.0041795480069595214, 'request_id': '64db48c4ac634409b6950af63890768c', 'user_id': 0, 'prediction': 5, 'exit_id': 'final', 'exit_boundary_id': 19, 'exit_location': 'cloud', 'confidence': 0.9999878406524658, 'executed_segments_by_node': {'device': [], 'edge': [], 'cloud': [0, 1, 2, 3, 4, 5, 6, 7, 8, 9, 10, 11, 12, 13, 14, 15, 16, 17, 18]}, 'nodes': [{'node': 'device', 'executed_segments': [], 'queue_s': 0.0, 'segment_compute_s': 0.0, 'exit_head_compute_s': 0.0, 'exit_check_s': 0.0, 'worker_elapsed_s': 5.366801633499563e-05}, {'node': 'edge', 'executed_segments': [], 'queue_s': 0.0021191999999246036, 'segment_compute_s': 0.0, 'exit_head_compute_s': 0.0, 'exit_check_s': 0.0, 'worker_elapsed_s': 0.00020410000024639885}, {'node': 'cloud', 'executed_segments': [0, 1, 2, 3, 4, 5, 6, 7, 8, 9, 10, 11, 12, 13, 14, 15, 16, 17, 18], 'queue_s': 0.002188042999478057, 'segment_compute_s': 0.01576091698370874, 'exit_head_compute_s': 0.0009506770002190024, 'exit_check_s': 0.0004089279973413795, 'worker_elapsed_s': 0.018440804997226223}], 'sample_id': 'balanced_005_0721_00007157', 'label': 5, 'correct': True, 'observed_utility': -0.8708621599944308}",balanced_005_0721_00007157,43,7157,0.4883840084075928,5950408010011599576,0.37417243199888617,0.0041795480069595214,0
0.0,0.018614763001096435,0.018614763001096435,4.103800165466964e-05,7.920000007288763e-05,0.018614763001096435,0.15660086798652628,4.103800165466964e-05,0.3845477679860778,0.2029588630066428,7.920000007288763e-05,0.22515829999974812,0.022199436993105337,0.0027885999998034094,0.002189578997786157,0.3846173440106213,0.018687731004320085,1784947529.678759,1784947528.9504535,1784947529.2004535,0.0004367100045783445,0.0009789320029085502,0.002189578997786157,0.01593867997871712,0.9992470741271973,0.15660086798652628,ablate-cloud-only-resnet50-cifar10-pi5-r1-20260725-104447:v2,2,4.103800165466964e-05,unknown,0.2029588630066428,0.0,0.0,0.0017475999998168845,0.0,"{'device': [], 'edge': [], 'cloud': [0, 1, 2, 3, 4, 5, 6, 7, 8, 9, 10, 11, 12, 13, 14, 15, 16, 17, 18]}",19,final,cloud,True,6,1.0,5.0,1.0,0.3846173440106213,-0.9230867200531065,6,10edced2e3044dfb864a2cb1ad7bae00,44,"{'device_compute': 4.103800165466964e-05, 'd2e_transport': 0.15660086798652628, 'edge_queue': 0.0017475999998168845, 'edge_segment_compute': 0.0, 'edge_exit_head_compute': 0.0, 'edge_exit_check': 0.0, 'e2c_transport': 0.2029588630066428, 'cloud_queue': 0.002189578997786157, 'cloud_segment_compute': 0.01593867997871712, 'cloud_exit_head_compute': 0.0009789320029085502, 'cloud_exit_check': 0.0004367100045783445, 'total_latency': 0.3846173440106213, 'unattributed_overhead': 0.0037250740319905162, 'request_id': '10edced2e3044dfb864a2cb1ad7bae00', 'user_id': 0, 'prediction': 6, 'exit_id': 'final', 'exit_boundary_id': 19, 'exit_location': 'cloud', 'confidence': 0.9992470741271973, 'executed_segments_by_node': {'device': [], 'edge': [], 'cloud': [0, 1, 2, 3, 4, 5, 6, 7, 8, 9, 10, 11, 12, 13, 14, 15, 16, 17, 18]}, 'nodes': [{'node': 'device', 'executed_segments': [], 'queue_s': 0.0, 'segment_compute_s': 0.0, 'exit_head_compute_s': 0.0, 'exit_check_s': 0.0, 'worker_elapsed_s': 4.103800165466964e-05}, {'node': 'edge', 'executed_segments': [], 'queue_s': 0.0017475999998168845, 'segment_compute_s': 0.0, 'exit_head_compute_s': 0.0, 'exit_check_s': 0.0, 'worker_elapsed_s': 0.00016140000025188783}, {'node': 'cloud', 'executed_segments': [0, 1, 2, 3, 4, 5, 6, 7, 8, 9, 10, 11, 12, 13, 14, 15, 16, 17, 18], 'queue_s': 0.002189578997786157, 'segment_compute_s': 0.01593867997871712, 'exit_head_compute_s': 0.0009789320029085502, 'exit_check_s': 0.0004367100045783445, 'worker_elapsed_s': 0.018687731004320085}], 'sample_id': 'balanced_006_0785_00007983', 'label': 6, 'correct': True, 'observed_utility': -0.9230867200531065}",balanced_006_0785_00007983,44,7983,0.4783055782318115,5950408010011599576,0.3846173440106213,0.0037250740319905162,0
0.0,0.018517210992285982,0.018517210992285982,4.2019004467874765e-05,0.00011349999977028347,0.018517210992285982,0.14465916599692719,4.2019004467874765e-05,0.3729805659968406,0.2022224650058888,0.00011349999977028347,0.2245244000000639,0.0223019349941751,0.003796999999849504,0.00234749200171791,0.37305090099107474,0.018592332999105565,1784947530.0975027,1784947529.367504,1784947529.617504,0.0004150059976382181,0.0009928639919962734,0.00234749200171791,0.015870094997808337,0.9875184893608093,0.14465916599692719,ablate-cloud-only-resnet50-cifar10-pi5-r1-20260725-104447:v2,2,4.2019004467874765e-05,unknown,0.2022224650058888,0.0,0.0,0.0023533000003226334,0.0,"{'device': [], 'edge': [], 'cloud': [0, 1, 2, 3, 4, 5, 6, 7, 8, 9, 10, 11, 12, 13, 14, 15, 16, 17, 18]}",19,final,cloud,True,0,1.0,5.0,1.0,0.37305090099107474,-0.8652545049553737,0,d0127fbd18eb4c919f1937fd8c617e65,45,"{'device_compute': 4.2019004467874765e-05, 'd2e_transport': 0.14465916599692719, 'edge_queue': 0.0023533000003226334, 'edge_segment_compute': 0.0, 'edge_exit_head_compute': 0.0, 'edge_exit_check': 0.0, 'e2c_transport': 0.2022224650058888, 'cloud_queue': 0.00234749200171791, 'cloud_segment_compute': 0.015870094997808337, 'cloud_exit_head_compute': 0.0009928639919962734, 'cloud_exit_check': 0.0004150059976382181, 'total_latency': 0.37305090099107474, 'unattributed_overhead': 0.0041484939943075005, 'request_id': 'd0127fbd18eb4c919f1937fd8c617e65', 'user_id': 0, 'prediction': 0, 'exit_id': 'final', 'exit_boundary_id': 19, 'exit_location': 'cloud', 'confidence': 0.9875184893608093, 'executed_segments_by_node': {'device': [], 'edge': [], 'cloud': [0, 1, 2, 3, 4, 5, 6, 7, 8, 9, 10, 11, 12, 13, 14, 15, 16, 17, 18]}, 'nodes': [{'node': 'device', 'executed_segments': [], 'queue_s': 0.0, 'segment_compute_s': 0.0, 'exit_head_compute_s': 0.0, 'exit_check_s': 0.0, 'worker_elapsed_s': 4.2019004467874765e-05}, {'node': 'edge', 'executed_segments': [], 'queue_s': 0.0023533000003226334, 'segment_compute_s': 0.0, 'exit_head_compute_s': 0.0, 'exit_check_s': 0.0, 'worker_elapsed_s': 0.0002620000000206346}, {'node': 'cloud', 'executed_segments': [0, 1, 2, 3, 4, 5, 6, 7, 8, 9, 10, 11, 12, 13, 14, 15, 16, 17, 18], 'queue_s': 0.00234749200171791, 'segment_compute_s': 0.015870094997808337, 'exit_head_compute_s': 0.0009928639919962734, 'exit_check_s': 0.0004150059976382181, 'worker_elapsed_s': 0.018592332999105565}], 'sample_id': 'balanced_000_0801_00007929', 'label': 0, 'correct': True, 'observed_utility': -0.8652545049553737}",balanced_000_0801_00007929,45,7929,0.4799988269805908,5950408010011599576,0.37305090099107474,0.0041484939943075005,0
0.0,0.01843677800206933,0.01843677800206933,4.5020016841590405e-05,0.00011270000004515168,0.01843677800206933,0.16239651298883473,4.5020016841590405e-05,0.37180961298872717,0.18379644799460948,0.00011270000004515168,0.20592450000003737,0.02212805200542789,0.0034885999998550687,0.0022695090010529384,0.3718846150150057,0.01851233899651561,1784947530.5105505,1784947529.774989,1784947530.024989,0.0004279879794921726,0.0009646169928601012,0.0022695090010529384,0.015799715984030627,0.9541638493537903,0.16239651298883473,ablate-cloud-only-resnet50-cifar10-pi5-r1-20260725-104447:v2,2,4.5020016841590405e-05,unknown,0.18379644799460948,0.0,0.0,0.0021068999999442894,0.0,"{'device': [], 'edge': [], 'cloud': [0, 1, 2, 3, 4, 5, 6, 7, 8, 9, 10, 11, 12, 13, 14, 15, 16, 17, 18]}",19,final,cloud,False,6,1.0,5.0,0.0,0.3718846150150057,-1.8594230750750285,8,fbdbdfaf966c4d3fa45e992eb5199656,46,"{'device_compute': 4.5020016841590405e-05, 'd2e_transport': 0.16239651298883473, 'edge_queue': 0.0021068999999442894, 'edge_segment_compute': 0.0, 'edge_exit_head_compute': 0.0, 'edge_exit_check': 0.0, 'e2c_transport': 0.18379644799460948, 'cloud_queue': 0.0022695090010529384, 'cloud_segment_compute': 0.015799715984030627, 'cloud_exit_head_compute': 0.0009646169928601012, 'cloud_exit_check': 0.0004279879794921726, 'total_latency': 0.3718846150150057, 'unattributed_overhead': 0.004077904057339765, 'request_id': 'fbdbdfaf966c4d3fa45e992eb5199656', 'user_id': 0, 'prediction': 8, 'exit_id': 'final', 'exit_boundary_id': 19, 'exit_location': 'cloud', 'confidence': 0.9541638493537903, 'executed_segments_by_node': {'device': [], 'edge': [], 'cloud': [0, 1, 2, 3, 4, 5, 6, 7, 8, 9, 10, 11, 12, 13, 14, 15, 16, 17, 18]}, 'nodes': [{'node': 'device', 'executed_segments': [], 'queue_s': 0.0, 'segment_compute_s': 0.0, 'exit_head_compute_s': 0.0, 'exit_check_s': 0.0, 'worker_elapsed_s': 4.5020016841590405e-05}, {'node': 'edge', 'executed_segments': [], 'queue_s': 0.0021068999999442894, 'segment_compute_s': 0.0, 'exit_head_compute_s': 0.0, 'exit_check_s': 0.0, 'worker_elapsed_s': 0.00022440000020651496}, {'node': 'cloud', 'executed_segments': [0, 1, 2, 3, 4, 5, 6, 7, 8, 9, 10, 11, 12, 13, 14, 15, 16, 17, 18], 'queue_s': 0.0022695090010529384, 'segment_compute_s': 0.015799715984030627, 'exit_head_compute_s': 0.0009646169928601012, 'exit_check_s': 0.0004279879794921726, 'worker_elapsed_s': 0.01851233899651561}], 'sample_id': 'balanced_006_0988_00009801', 'label': 6, 'correct': False, 'observed_utility': -1.8594230750750285}",balanced_006_0988_00009801,46,9801,0.4855616092681885,5950408010011599576,0.3718846150150057,0.004077904057339765,0
0.0,0.018344376992899925,0.018344376992899925,4.263001028448343e-05,7.289999985005124e-05,0.018344376992899925,0.16326815099091618,4.263001028448343e-05,0.38327135099098086,0.1960106489991631,7.289999985005124e-05,0.2179246000000603,0.021913951000897214,0.0020786000000043714,0.002156628994271159,0.38334225901053287,0.018414569000015035,1784947530.9094362,1784947530.1809013,1784947530.4309013,0.00040824999450705945,0.000941045000217855,0.002156628994271159,0.0157686909660697,0.9999005794525146,0.16326815099091618,ablate-cloud-only-resnet50-cifar10-pi5-r1-20260725-104447:v2,2,4.263001028448343e-05,unknown,0.1960106489991631,0.0,0.0,0.0012645000001612061,0.0,"{'device': [], 'edge': [], 'cloud': [0, 1, 2, 3, 4, 5, 6, 7, 8, 9, 10, 11, 12, 13, 14, 15, 16, 17, 18]}",19,final,cloud,True,4,1.0,5.0,1.0,0.38334225901053287,-0.9167112950526644,4,8a594f3baebb4c7baa2518bc4a2d9dc2,47,"{'device_compute': 4.263001028448343e-05, 'd2e_transport': 0.16326815099091618, 'edge_queue': 0.0012645000001612061, 'edge_segment_compute': 0.0, 'edge_exit_head_compute': 0.0, 'edge_exit_check': 0.0, 'e2c_transport': 0.1960106489991631, 'cloud_queue': 0.002156628994271159, 'cloud_segment_compute': 0.0157686909660697, 'cloud_exit_head_compute': 0.000941045000217855, 'cloud_exit_check': 0.00040824999450705945, 'total_latency': 0.38334225901053287, 'unattributed_overhead': 0.003481714054942131, 'request_id': '8a594f3baebb4c7baa2518bc4a2d9dc2', 'user_id': 0, 'prediction': 4, 'exit_id': 'final', 'exit_boundary_id': 19, 'exit_location': 'cloud', 'confidence': 0.9999005794525146, 'executed_segments_by_node': {'device': [], 'edge': [], 'cloud': [0, 1, 2, 3, 4, 5, 6, 7, 8, 9, 10, 11, 12, 13, 14, 15, 16, 17, 18]}, 'nodes': [{'node': 'device', 'executed_segments': [], 'queue_s': 0.0, 'segment_compute_s': 0.0, 'exit_head_compute_s': 0.0, 'exit_check_s': 0.0, 'worker_elapsed_s': 4.263001028448343e-05}, {'node': 'edge', 'executed_segments': [], 'queue_s': 0.0012645000001612061, 'segment_compute_s': 0.0, 'exit_head_compute_s': 0.0, 'exit_check_s': 0.0, 'worker_elapsed_s': 0.00014549999968949123}, {'node': 'cloud', 'executed_segments': [0, 1, 2, 3, 4, 5, 6, 7, 8, 9, 10, 11, 12, 13, 14, 15, 16, 17, 18], 'queue_s': 0.002156628994271159, 'segment_compute_s': 0.0157686909660697, 'exit_head_compute_s': 0.000941045000217855, 'exit_check_s': 0.00040824999450705945, 'worker_elapsed_s': 0.018414569000015035}], 'sample_id': 'balanced_004_0481_00004679', 'label': 4, 'correct': True, 'observed_utility': -0.9167112950526644}",balanced_004_0481_00004679,47,4679,0.4785349369049072,5950408010011599576,0.38334225901053287,0.003481714054942131,0
0.0,0.018588038001325913,0.018588038001325913,4.0798011468723416e-05,7.430000005115289e-05,0.018588038001325913,0.1877274439948451,4.0798011468723416e-05,0.40145194399519823,0.1894708569998329,7.430000005115289e-05,0.2115419000001566,0.022071043000323698,0.002182600000196544,0.0021044980094302446,0.4015208719938528,0.018663840994122438,1784947531.3300622,1784947530.602023,1784947530.852023,0.0004481130017666146,0.0010088190028909594,0.0021044980094302446,0.015871523981331848,0.7907153367996216,0.1877274439948451,ablate-cloud-only-resnet50-cifar10-pi5-r1-20260725-104447:v2,2,4.0798011468723416e-05,unknown,0.1894708569998329,0.0,0.0,0.0013163999997232168,0.0,"{'device': [], 'edge': [], 'cloud': [0, 1, 2, 3, 4, 5, 6, 7, 8, 9, 10, 11, 12, 13, 14, 15, 16, 17, 18]}",19,final,cloud,False,5,1.0,5.0,0.0,0.4015208719938528,-2.007604359969264,6,ab5061ddd47c43328d2d49727c2b3fa4,48,"{'device_compute': 4.0798011468723416e-05, 'd2e_transport': 0.1877274439948451, 'edge_queue': 0.0013163999997232168, 'edge_segment_compute': 0.0, 'edge_exit_head_compute': 0.0, 'edge_exit_check': 0.0, 'e2c_transport': 0.1894708569998329, 'cloud_queue': 0.0021044980094302446, 'cloud_segment_compute': 0.015871523981331848, 'cloud_exit_head_compute': 0.0010088190028909594, 'cloud_exit_check': 0.0004481130017666146, 'total_latency': 0.4015208719938528, 'unattributed_overhead': 0.00353241899256318, 'request_id': 'ab5061ddd47c43328d2d49727c2b3fa4', 'user_id': 0, 'prediction': 6, 'exit_id': 'final', 'exit_boundary_id': 19, 'exit_location': 'cloud', 'confidence': 0.7907153367996216, 'executed_segments_by_node': {'device': [], 'edge': [], 'cloud': [0, 1, 2, 3, 4, 5, 6, 7, 8, 9, 10, 11, 12, 13, 14, 15, 16, 17, 18]}, 'nodes': [{'node': 'device', 'executed_segments': [], 'queue_s': 0.0, 'segment_compute_s': 0.0, 'exit_head_compute_s': 0.0, 'exit_check_s': 0.0, 'worker_elapsed_s': 4.0798011468723416e-05}, {'node': 'edge', 'executed_segments': [], 'queue_s': 0.0013163999997232168, 'segment_compute_s': 0.0, 'exit_head_compute_s': 0.0, 'exit_check_s': 0.0, 'worker_elapsed_s': 0.00014890000011291704}, {'node': 'cloud', 'executed_segments': [0, 1, 2, 3, 4, 5, 6, 7, 8, 9, 10, 11, 12, 13, 14, 15, 16, 17, 18], 'queue_s': 0.0021044980094302446, 'segment_compute_s': 0.015871523981331848, 'exit_head_compute_s': 0.0010088190028909594, 'exit_check_s': 0.0004481130017666146, 'worker_elapsed_s': 0.018663840994122438}], 'sample_id': 'balanced_005_0734_00007267', 'label': 5, 'correct': False, 'observed_utility': -2.007604359969264}",balanced_005_0734_00007267,48,7267,0.4780392646789551,5950408010011599576,0.4015208719938528,0.00353241899256318,0
0.0,0.018546356994193047,0.018546356994193047,4.1834020521491766e-05,7.820000018909923e-05,0.018546356994193047,0.17413338802225553,4.1834020521491766e-05,0.3030189880228136,0.1042528880025202,7.820000018909923e-05,0.12629050000032294,0.022037611997802742,0.0025951000002351066,0.002094576004310511,0.30308789701666683,0.018621989991515875,1784947531.8130443,1784947531.0869415,1784947531.3369415,0.00044874999730382115,0.0009719169756863266,0.002094576004310511,0.015860638028243557,0.999946117401123,0.17413338802225553,ablate-cloud-only-resnet50-cifar10-pi5-r1-20260725-104447:v2,2,4.1834020521491766e-05,unknown,0.1042528880025202,0.0,0.0,0.0016734999999243882,0.0,"{'device': [], 'edge': [], 'cloud': [0, 1, 2, 3, 4, 5, 6, 7, 8, 9, 10, 11, 12, 13, 14, 15, 16, 17, 18]}",19,final,cloud,True,5,1.0,5.0,1.0,0.30308789701666683,-0.5154394850833341,5,1bd19aae313347dfaa371dacfc7b728c,49,"{'device_compute': 4.1834020521491766e-05, 'd2e_transport': 0.17413338802225553, 'edge_queue': 0.0016734999999243882, 'edge_segment_compute': 0.0, 'edge_exit_head_compute': 0.0, 'edge_exit_check': 0.0, 'e2c_transport': 0.1042528880025202, 'cloud_queue': 0.002094576004310511, 'cloud_segment_compute': 0.015860638028243557, 'cloud_exit_head_compute': 0.0009719169756863266, 'cloud_exit_check': 0.00044874999730382115, 'total_latency': 0.30308789701666683, 'unattributed_overhead': 0.003610405965901009, 'request_id': '1bd19aae313347dfaa371dacfc7b728c', 'user_id': 0, 'prediction': 5, 'exit_id': 'final', 'exit_boundary_id': 19, 'exit_location': 'cloud', 'confidence': 0.999946117401123, 'executed_segments_by_node': {'device': [], 'edge': [], 'cloud': [0, 1, 2, 3, 4, 5, 6, 7, 8, 9, 10, 11, 12, 13, 14, 15, 16, 17, 18]}, 'nodes': [{'node': 'device', 'executed_segments': [], 'queue_s': 0.0, 'segment_compute_s': 0.0, 'exit_head_compute_s': 0.0, 'exit_check_s': 0.0, 'worker_elapsed_s': 4.1834020521491766e-05}, {'node': 'edge', 'executed_segments': [], 'queue_s': 0.0016734999999243882, 'segment_compute_s': 0.0, 'exit_head_compute_s': 0.0, 'exit_check_s': 0.0, 'worker_elapsed_s': 0.00015630000007149647}, {'node': 'cloud', 'executed_segments': [0, 1, 2, 3, 4, 5, 6, 7, 8, 9, 10, 11, 12, 13, 14, 15, 16, 17, 18], 'queue_s': 0.002094576004310511, 'segment_compute_s': 0.015860638028243557, 'exit_head_compute_s': 0.0009719169756863266, 'exit_check_s': 0.00044874999730382115, 'worker_elapsed_s': 0.018621989991515875}], 'sample_id': 'balanced_005_0594_00005969', 'label': 5, 'correct': True, 'observed_utility': -0.5154394850833341}",balanced_005_0594_00005969,49,5969,0.4761028289794922,5950408010011599576,0.30308789701666683,0.003610405965901009,0
0.0,0.018211557005997747,0.018211557005997747,4.0242011891677976e-05,7.80000000304426e-05,0.018211557005997747,0.15754774000333782,4.0242011891677976e-05,0.3773717400035821,0.19561238800542924,7.80000000304426e-05,0.21733810000023368,0.021725711994804442,0.002485900000010588,0.002138891999493353,0.3774390190083068,0.018282650999026373,1784947532.143247,1784947531.4151914,1784947531.6651914,0.00040909898234531283,0.0009480680018896237,0.002138891999493353,0.01561404499807395,0.9998446702957153,0.15754774000333782,ablate-cloud-only-resnet50-cifar10-pi5-r1-20260725-104447:v2,2,4.0242011891677976e-05,unknown,0.19561238800542924,0.0,0.0,0.0013533999999708612,0.0,"{'device': [], 'edge': [], 'cloud': [0, 1, 2, 3, 4, 5, 6, 7, 8, 9, 10, 11, 12, 13, 14, 15, 16, 17, 18]}",19,final,cloud,True,8,1.0,5.0,1.0,0.3774390190083068,-0.8871950950415339,8,f1c44edda3fe429094ae261dff4e495b,50,"{'device_compute': 4.0242011891677976e-05, 'd2e_transport': 0.15754774000333782, 'edge_queue': 0.0013533999999708612, 'edge_segment_compute': 0.0, 'edge_exit_head_compute': 0.0, 'edge_exit_check': 0.0, 'e2c_transport': 0.19561238800542924, 'cloud_queue': 0.002138891999493353, 'cloud_segment_compute': 0.01561404499807395, 'cloud_exit_head_compute': 0.0009480680018896237, 'cloud_exit_check': 0.00040909898234531283, 'total_latency': 0.3774390190083068, 'unattributed_overhead': 0.003775145005874947, 'request_id': 'f1c44edda3fe429094ae261dff4e495b', 'user_id': 0, 'prediction': 8, 'exit_id': 'final', 'exit_boundary_id': 19, 'exit_location': 'cloud', 'confidence': 0.9998446702957153, 'executed_segments_by_node': {'device': [], 'edge': [], 'cloud': [0, 1, 2, 3, 4, 5, 6, 7, 8, 9, 10, 11, 12, 13, 14, 15, 16, 17, 18]}, 'nodes': [{'node': 'device', 'executed_segments': [], 'queue_s': 0.0, 'segment_compute_s': 0.0, 'exit_head_compute_s': 0.0, 'exit_check_s': 0.0, 'worker_elapsed_s': 4.0242011891677976e-05}, {'node': 'edge', 'executed_segments': [], 'queue_s': 0.0013533999999708612, 'segment_compute_s': 0.0, 'exit_head_compute_s': 0.0, 'exit_check_s': 0.0, 'worker_elapsed_s': 0.00013179999996282277}, {'node': 'cloud', 'executed_segments': [0, 1, 2, 3, 4, 5, 6, 7, 8, 9, 10, 11, 12, 13, 14, 15, 16, 17, 18], 'queue_s': 0.002138891999493353, 'segment_compute_s': 0.01561404499807395, 'exit_head_compute_s': 0.0009480680018896237, 'exit_check_s': 0.00040909898234531283, 'worker_elapsed_s': 0.018282650999026373}], 'sample_id': 'balanced_008_0042_00000348', 'label': 8, 'correct': True, 'observed_utility': -0.8871950950415339}",balanced_008_0042_00000348,50,348,0.478055477142334,5950408010011599576,0.3774390190083068,0.003775145005874947,0
0.0,0.019266662988229655,0.019266662988229655,4.022399662062526e-05,7.689999983995222e-05,0.019266662988229655,0.1331035170146606,4.022399662062526e-05,0.3752966170141008,0.2156820389927816,7.689999983995222e-05,0.23998219999975845,0.02430016100697685,0.0022108999996817147,0.002149755004211329,0.37536461898707785,0.019342257000971586,1784947532.554577,1784947531.8236923,1784947532.0736923,0.0004274200036888942,0.0009911560191540048,0.002149755004211329,0.016581162039074115,0.9969670176506042,0.1331035170146606,ablate-cloud-only-resnet50-cifar10-pi5-r1-20260725-104447:v2,2,4.022399662062526e-05,unknown,0.2156820389927816,0.0,0.0,0.0013576999999713735,0.0,"{'device': [], 'edge': [], 'cloud': [0, 1, 2, 3, 4, 5, 6, 7, 8, 9, 10, 11, 12, 13, 14, 15, 16, 17, 18]}",19,final,cloud,True,6,1.0,5.0,1.0,0.37536461898707785,-0.8768230949353892,6,c8c9f19c798b43f78f7a23c4bc3cd649,51,"{'device_compute': 4.022399662062526e-05, 'd2e_transport': 0.1331035170146606, 'edge_queue': 0.0013576999999713735, 'edge_segment_compute': 0.0, 'edge_exit_head_compute': 0.0, 'edge_exit_check': 0.0, 'e2c_transport': 0.2156820389927816, 'cloud_queue': 0.002149755004211329, 'cloud_segment_compute': 0.016581162039074115, 'cloud_exit_head_compute': 0.0009911560191540048, 'cloud_exit_check': 0.0004274200036888942, 'total_latency': 0.37536461898707785, 'unattributed_overhead': 0.005031645916915295, 'request_id': 'c8c9f19c798b43f78f7a23c4bc3cd649', 'user_id': 0, 'prediction': 6, 'exit_id': 'final', 'exit_boundary_id': 19, 'exit_location': 'cloud', 'confidence': 0.9969670176506042, 'executed_segments_by_node': {'device': [], 'edge': [], 'cloud': [0, 1, 2, 3, 4, 5, 6, 7, 8, 9, 10, 11, 12, 13, 14, 15, 16, 17, 18]}, 'nodes': [{'node': 'device', 'executed_segments': [], 'queue_s': 0.0, 'segment_compute_s': 0.0, 'exit_head_compute_s': 0.0, 'exit_check_s': 0.0, 'worker_elapsed_s': 4.022399662062526e-05}, {'node': 'edge', 'executed_segments': [], 'queue_s': 0.0013576999999713735, 'segment_compute_s': 0.0, 'exit_head_compute_s': 0.0, 'exit_check_s': 0.0, 'worker_elapsed_s': 0.00015280000025086338}, {'node': 'cloud', 'executed_segments': [0, 1, 2, 3, 4, 5, 6, 7, 8, 9, 10, 11, 12, 13, 14, 15, 16, 17, 18], 'queue_s': 0.002149755004211329, 'segment_compute_s': 0.016581162039074115, 'exit_head_compute_s': 0.0009911560191540048, 'exit_check_s': 0.0004274200036888942, 'worker_elapsed_s': 0.019342257000971586}], 'sample_id': 'balanced_006_0118_00001034', 'label': 6, 'correct': True, 'observed_utility': -0.8768230949353892}",balanced_006_0118_00001034,51,1034,0.4808847904205322,5950408010011599576,0.37536461898707785,0.005031645916915295,0
0.0,0.01819174700358417,0.01819174700358417,4.874201840721071e-05,7.640000012543169e-05,0.01819174700358417,0.14440486099647387,4.874201840721071e-05,0.3861027609964367,0.21669215500560313,7.640000012543169e-05,0.23917800000026546,0.02248584499466233,0.0025198999996973726,0.002632678995723836,0.38618307700380683,0.018265391991008073,1784947532.953605,1784947532.223465,1784947532.473465,0.0004019680054625496,0.0009380959963891655,0.002632678995723836,0.015626226959284395,0.9999947547912598,0.14440486099647387,ablate-cloud-only-resnet50-cifar10-pi5-r1-20260725-104447:v2,2,4.874201840721071e-05,unknown,0.21669215500560313,0.0,0.0,0.0015869999997448758,0.0,"{'device': [], 'edge': [], 'cloud': [0, 1, 2, 3, 4, 5, 6, 7, 8, 9, 10, 11, 12, 13, 14, 15, 16, 17, 18]}",19,final,cloud,True,3,1.0,5.0,1.0,0.38618307700380683,-0.9309153850190341,3,d5b344ca6e1c403faa1c3b7d3e5846c2,52,"{'device_compute': 4.874201840721071e-05, 'd2e_transport': 0.14440486099647387, 'edge_queue': 0.0015869999997448758, 'edge_segment_compute': 0.0, 'edge_exit_head_compute': 0.0, 'edge_exit_check': 0.0, 'e2c_transport': 0.21669215500560313, 'cloud_queue': 0.002632678995723836, 'cloud_segment_compute': 0.015626226959284395, 'cloud_exit_head_compute': 0.0009380959963891655, 'cloud_exit_check': 0.0004019680054625496, 'total_latency': 0.38618307700380683, 'unattributed_overhead': 0.0038513490267177986, 'request_id': 'd5b344ca6e1c403faa1c3b7d3e5846c2', 'user_id': 0, 'prediction': 3, 'exit_id': 'final', 'exit_boundary_id': 19, 'exit_location': 'cloud', 'confidence': 0.9999947547912598, 'executed_segments_by_node': {'device': [], 'edge': [], 'cloud': [0, 1, 2, 3, 4, 5, 6, 7, 8, 9, 10, 11, 12, 13, 14, 15, 16, 17, 18]}, 'nodes': [{'node': 'device', 'executed_segments': [], 'queue_s': 0.0, 'segment_compute_s': 0.0, 'exit_head_compute_s': 0.0, 'exit_check_s': 0.0, 'worker_elapsed_s': 4.874201840721071e-05}, {'node': 'edge', 'executed_segments': [], 'queue_s': 0.0015869999997448758, 'segment_compute_s': 0.0, 'exit_head_compute_s': 0.0, 'exit_check_s': 0.0, 'worker_elapsed_s': 0.00015239999993355013}, {'node': 'cloud', 'executed_segments': [0, 1, 2, 3, 4, 5, 6, 7, 8, 9, 10, 11, 12, 13, 14, 15, 16, 17, 18], 'queue_s': 0.002632678995723836, 'segment_compute_s': 0.015626226959284395, 'exit_head_compute_s': 0.0009380959963891655, 'exit_check_s': 0.0004019680054625496, 'worker_elapsed_s': 0.018265391991008073}], 'sample_id': 'balanced_003_0439_00004526', 'label': 3, 'correct': True, 'observed_utility': -0.9309153850190341}",balanced_003_0439_00004526,52,4526,0.48013997077941895,5950408010011599576,0.38618307700380683,0.0038513490267177986,0
0.0,0.01851703399734106,0.01851703399734106,4.035301390103996e-05,7.539999978689593e-05,0.01851703399734106,0.14359086598551585,4.035301390103996e-05,0.3794232659856789,0.21100157499722627,7.539999978689593e-05,0.23335780000024897,0.0223562250030227,0.002474599999914062,0.0023450600128853694,0.37949236200074665,0.018595748988445848,1784947533.3698447,1784947532.6430247,1784947532.8930247,0.00042074201337527484,0.0009820960112847388,0.0023450600128853694,0.01583683505305089,0.9970525503158569,0.14359086598551585,ablate-cloud-only-resnet50-cifar10-pi5-r1-20260725-104447:v2,2,4.035301390103996e-05,unknown,0.21100157499722627,0.0,0.0,0.0015844999998080311,0.0,"{'device': [], 'edge': [], 'cloud': [0, 1, 2, 3, 4, 5, 6, 7, 8, 9, 10, 11, 12, 13, 14, 15, 16, 17, 18]}",19,final,cloud,True,7,1.0,5.0,1.0,0.37949236200074665,-0.8974618100037333,7,23b8b516c5484e5da1a58d7c1768b6d8,53,"{'device_compute': 4.035301390103996e-05, 'd2e_transport': 0.14359086598551585, 'edge_queue': 0.0015844999998080311, 'edge_segment_compute': 0.0, 'edge_exit_head_compute': 0.0, 'edge_exit_check': 0.0, 'e2c_transport': 0.21100157499722627, 'cloud_queue': 0.0023450600128853694, 'cloud_segment_compute': 0.01583683505305089, 'cloud_exit_head_compute': 0.0009820960112847388, 'cloud_exit_check': 0.00042074201337527484, 'total_latency': 0.37949236200074665, 'unattributed_overhead': 0.003690334913699189, 'request_id': '23b8b516c5484e5da1a58d7c1768b6d8', 'user_id': 0, 'prediction': 7, 'exit_id': 'final', 'exit_boundary_id': 19, 'exit_location': 'cloud', 'confidence': 0.9970525503158569, 'executed_segments_by_node': {'device': [], 'edge': [], 'cloud': [0, 1, 2, 3, 4, 5, 6, 7, 8, 9, 10, 11, 12, 13, 14, 15, 16, 17, 18]}, 'nodes': [{'node': 'device', 'executed_segments': [], 'queue_s': 0.0, 'segment_compute_s': 0.0, 'exit_head_compute_s': 0.0, 'exit_check_s': 0.0, 'worker_elapsed_s': 4.035301390103996e-05}, {'node': 'edge', 'executed_segments': [], 'queue_s': 0.0015844999998080311, 'segment_compute_s': 0.0, 'exit_head_compute_s': 0.0, 'exit_check_s': 0.0, 'worker_elapsed_s': 0.0001467000001866836}, {'node': 'cloud', 'executed_segments': [0, 1, 2, 3, 4, 5, 6, 7, 8, 9, 10, 11, 12, 13, 14, 15, 16, 17, 18], 'queue_s': 0.0023450600128853694, 'segment_compute_s': 0.01583683505305089, 'exit_head_compute_s': 0.0009820960112847388, 'exit_check_s': 0.00042074201337527484, 'worker_elapsed_s': 0.018595748988445848}], 'sample_id': 'balanced_007_0605_00005928', 'label': 7, 'correct': True, 'observed_utility': -0.8974618100037333}",balanced_007_0605_00005928,53,5928,0.4768199920654297,5950408010011599576,0.37949236200074665,0.003690334913699189,0
0.0,0.018689956996240653,0.018689956996240653,4.455697489902377e-05,9.409999984200113e-05,0.018689956996240653,0.19899206699028582,4.455697489902377e-05,0.4616590669902507,0.23735033899083646,9.409999984200113e-05,0.25998619999973016,0.0226358610088937,0.00268080000023474,0.0023608210030943155,0.46173192097921856,0.018866771992179565,1784947533.7996418,1784947533.069075,1784947533.319075,0.00042196699359919876,0.001003195982775651,0.0023608210030943155,0.016017380956327543,0.9999998807907104,0.19899206699028582,ablate-cloud-only-resnet50-cifar10-pi5-r1-20260725-104447:v2,2,4.455697489902377e-05,unknown,0.23735033899083646,0.0,0.0,0.0014513999999508087,0.0,"{'device': [], 'edge': [], 'cloud': [0, 1, 2, 3, 4, 5, 6, 7, 8, 9, 10, 11, 12, 13, 14, 15, 16, 17, 18]}",19,final,cloud,True,1,1.0,5.0,1.0,0.46173192097921856,-1.3086596048960928,1,8c82d15e37f841ae910020ed7c72c8a3,54,"{'device_compute': 4.455697489902377e-05, 'd2e_transport': 0.19899206699028582, 'edge_queue': 0.0014513999999508087, 'edge_segment_compute': 0.0, 'edge_exit_head_compute': 0.0, 'edge_exit_check': 0.0, 'e2c_transport': 0.23735033899083646, 'cloud_queue': 0.0023608210030943155, 'cloud_segment_compute': 0.016017380956327543, 'cloud_exit_head_compute': 0.001003195982775651, 'cloud_exit_check': 0.00042196699359919876, 'total_latency': 0.46173192097921856, 'unattributed_overhead': 0.004090193087449734, 'request_id': '8c82d15e37f841ae910020ed7c72c8a3', 'user_id': 0, 'prediction': 1, 'exit_id': 'final', 'exit_boundary_id': 19, 'exit_location': 'cloud', 'confidence': 0.9999998807907104, 'executed_segments_by_node': {'device': [], 'edge': [], 'cloud': [0, 1, 2, 3, 4, 5, 6, 7, 8, 9, 10, 11, 12, 13, 14, 15, 16, 17, 18]}, 'nodes': [{'node': 'device', 'executed_segments': [], 'queue_s': 0.0, 'segment_compute_s': 0.0, 'exit_head_compute_s': 0.0, 'exit_check_s': 0.0, 'worker_elapsed_s': 4.455697489902377e-05}, {'node': 'edge', 'executed_segments': [], 'queue_s': 0.0014513999999508087, 'segment_compute_s': 0.0, 'exit_head_compute_s': 0.0, 'exit_check_s': 0.0, 'worker_elapsed_s': 0.0001833999999689695}, {'node': 'cloud', 'executed_segments': [0, 1, 2, 3, 4, 5, 6, 7, 8, 9, 10, 11, 12, 13, 14, 15, 16, 17, 18], 'queue_s': 0.0023608210030943155, 'segment_compute_s': 0.016017380956327543, 'exit_head_compute_s': 0.001003195982775651, 'exit_check_s': 0.00042196699359919876, 'worker_elapsed_s': 0.018866771992179565}], 'sample_id': 'balanced_001_0867_00008593', 'label': 1, 'correct': True, 'observed_utility': -1.3086596048960928}",balanced_001_0867_00008593,54,8593,0.48056674003601074,5950408010011599576,0.46173192097921856,0.004090193087449734,0
0.0,0.018543580998084508,0.018543580998084508,4.727899795398116e-05,6.98000003467314e-05,0.018543580998084508,0.1488254219952978,4.727899795398116e-05,0.3739938219951,0.1999842739946871,6.98000003467314e-05,0.2221702000001642,0.022185926005477086,0.002998199999638018,0.002223953008069657,0.37406980400555767,0.018622371993842535,1784947534.297176,1784947533.5694997,1784947533.8194997,0.00042091797513421625,0.000995957016129978,0.002223953008069657,0.0158228519721888,0.9999961853027344,0.1488254219952978,ablate-cloud-only-resnet50-cifar10-pi5-r1-20260725-104447:v2,2,4.727899795398116e-05,unknown,0.1999842739946871,0.0,0.0,0.0019326000001456123,0.0,"{'device': [], 'edge': [], 'cloud': [0, 1, 2, 3, 4, 5, 6, 7, 8, 9, 10, 11, 12, 13, 14, 15, 16, 17, 18]}",19,final,cloud,True,7,1.0,5.0,1.0,0.37406980400555767,-0.8703490200277884,7,697bd0b98add45d68e27296385e232cc,55,"{'device_compute': 4.727899795398116e-05, 'd2e_transport': 0.1488254219952978, 'edge_queue': 0.0019326000001456123, 'edge_segment_compute': 0.0, 'edge_exit_head_compute': 0.0, 'edge_exit_check': 0.0, 'e2c_transport': 0.1999842739946871, 'cloud_queue': 0.002223953008069657, 'cloud_segment_compute': 0.0158228519721888, 'cloud_exit_head_compute': 0.000995957016129978, 'cloud_exit_check': 0.00042091797513421625, 'total_latency': 0.37406980400555767, 'unattributed_overhead': 0.0038165490459505236, 'request_id': '697bd0b98add45d68e27296385e232cc', 'user_id': 0, 'prediction': 7, 'exit_id': 'final', 'exit_boundary_id': 19, 'exit_location': 'cloud', 'confidence': 0.9999961853027344, 'executed_segments_by_node': {'device': [], 'edge': [], 'cloud': [0, 1, 2, 3, 4, 5, 6, 7, 8, 9, 10, 11, 12, 13, 14, 15, 16, 17, 18]}, 'nodes': [{'node': 'device', 'executed_segments': [], 'queue_s': 0.0, 'segment_compute_s': 0.0, 'exit_head_compute_s': 0.0, 'exit_check_s': 0.0, 'worker_elapsed_s': 4.727899795398116e-05}, {'node': 'edge', 'executed_segments': [], 'queue_s': 0.0019326000001456123, 'segment_compute_s': 0.0, 'exit_head_compute_s': 0.0, 'exit_check_s': 0.0, 'worker_elapsed_s': 0.0001467999995838909}, {'node': 'cloud', 'executed_segments': [0, 1, 2, 3, 4, 5, 6, 7, 8, 9, 10, 11, 12, 13, 14, 15, 16, 17, 18], 'queue_s': 0.002223953008069657, 'segment_compute_s': 0.0158228519721888, 'exit_head_compute_s': 0.000995957016129978, 'exit_check_s': 0.00042091797513421625, 'worker_elapsed_s': 0.018622371993842535}], 'sample_id': 'balanced_007_0199_00002084', 'label': 7, 'correct': True, 'observed_utility': -0.8703490200277884}",balanced_007_0199_00002084,55,2084,0.4776761531829834,5950408010011599576,0.37406980400555767,0.0038165490459505236,0
0.0,0.01871528300398495,0.01871528300398495,4.6092987759038806e-05,0.00010220000012850505,0.01871528300398495,0.13304790101847175,4.6092987759038806e-05,0.36922850101836957,0.21047355600057926,0.00010220000012850505,0.2327943000000232,0.02232074399944395,0.003386299999874609,0.002163895987905562,0.36930448398925364,0.0187914090056438,1784947534.7063835,1784947533.976635,1784947534.226635,0.00041907701233867556,0.000989137013675645,0.002163895987905562,0.01604174598469399,0.9999997615814209,0.13304790101847175,ablate-cloud-only-resnet50-cifar10-pi5-r1-20260725-104447:v2,2,4.6092987759038806e-05,unknown,0.21047355600057926,0.0,0.0,0.002102700000250479,0.0,"{'device': [], 'edge': [], 'cloud': [0, 1, 2, 3, 4, 5, 6, 7, 8, 9, 10, 11, 12, 13, 14, 15, 16, 17, 18]}",19,final,cloud,True,2,1.0,5.0,1.0,0.36930448398925364,-0.8465224199462682,2,2c20d3b794764290ad24dd92103d27fa,56,"{'device_compute': 4.6092987759038806e-05, 'd2e_transport': 0.13304790101847175, 'edge_queue': 0.002102700000250479, 'edge_segment_compute': 0.0, 'edge_exit_head_compute': 0.0, 'edge_exit_check': 0.0, 'e2c_transport': 0.21047355600057926, 'cloud_queue': 0.002163895987905562, 'cloud_segment_compute': 0.01604174598469399, 'cloud_exit_head_compute': 0.000989137013675645, 'cloud_exit_check': 0.00041907701233867556, 'total_latency': 0.36930448398925364, 'unattributed_overhead': 0.0040203779835792375, 'request_id': '2c20d3b794764290ad24dd92103d27fa', 'user_id': 0, 'prediction': 2, 'exit_id': 'final', 'exit_boundary_id': 19, 'exit_location': 'cloud', 'confidence': 0.9999997615814209, 'executed_segments_by_node': {'device': [], 'edge': [], 'cloud': [0, 1, 2, 3, 4, 5, 6, 7, 8, 9, 10, 11, 12, 13, 14, 15, 16, 17, 18]}, 'nodes': [{'node': 'device', 'executed_segments': [], 'queue_s': 0.0, 'segment_compute_s': 0.0, 'exit_head_compute_s': 0.0, 'exit_check_s': 0.0, 'worker_elapsed_s': 4.6092987759038806e-05}, {'node': 'edge', 'executed_segments': [], 'queue_s': 0.002102700000250479, 'segment_compute_s': 0.0, 'exit_head_compute_s': 0.0, 'exit_check_s': 0.0, 'worker_elapsed_s': 0.00020880000010947697}, {'node': 'cloud', 'executed_segments': [0, 1, 2, 3, 4, 5, 6, 7, 8, 9, 10, 11, 12, 13, 14, 15, 16, 17, 18], 'queue_s': 0.002163895987905562, 'segment_compute_s': 0.01604174598469399, 'exit_head_compute_s': 0.000989137013675645, 'exit_check_s': 0.00041907701233867556, 'worker_elapsed_s': 0.0187914090056438}], 'sample_id': 'balanced_002_0417_00003934', 'label': 2, 'correct': True, 'observed_utility': -0.8465224199462682}",balanced_002_0417_00003934,56,3934,0.4797484874725342,5950408010011599576,0.36930448398925364,0.0040203779835792375,0
0.0,0.018477474004612304,0.018477474004612304,4.553899634629488e-05,9.839999984251335e-05,0.018477474004612304,0.13977831201236768,4.553899634629488e-05,0.370523312012665,0.2051680789936654,9.839999984251335e-05,0.22738740000022517,0.022219321006559767,0.003357600000072125,0.002312109005288221,0.37059931401745416,0.01855057998909615,1784947535.1200967,1784947534.3936276,1784947534.6436276,0.00042092699732165784,0.0009961849864339456,0.002312109005288221,0.015811501987627707,0.9999990463256836,0.13977831201236768,ablate-cloud-only-resnet50-cifar10-pi5-r1-20260725-104447:v2,2,4.553899634629488e-05,unknown,0.2051680789936654,0.0,0.0,0.0020523000002867775,0.0,"{'device': [], 'edge': [], 'cloud': [0, 1, 2, 3, 4, 5, 6, 7, 8, 9, 10, 11, 12, 13, 14, 15, 16, 17, 18]}",19,final,cloud,True,8,1.0,5.0,1.0,0.37059931401745416,-0.8529965700872708,8,87c5fe8ba4ef4a008bcf39442041ea90,57,"{'device_compute': 4.553899634629488e-05, 'd2e_transport': 0.13977831201236768, 'edge_queue': 0.0020523000002867775, 'edge_segment_compute': 0.0, 'edge_exit_head_compute': 0.0, 'edge_exit_check': 0.0, 'e2c_transport': 0.2051680789936654, 'cloud_queue': 0.002312109005288221, 'cloud_segment_compute': 0.015811501987627707, 'cloud_exit_head_compute': 0.0009961849864339456, 'cloud_exit_check': 0.00042092699732165784, 'total_latency': 0.37059931401745416, 'unattributed_overhead': 0.004014361038116476, 'request_id': '87c5fe8ba4ef4a008bcf39442041ea90', 'user_id': 0, 'prediction': 8, 'exit_id': 'final', 'exit_boundary_id': 19, 'exit_location': 'cloud', 'confidence': 0.9999990463256836, 'executed_segments_by_node': {'device': [], 'edge': [], 'cloud': [0, 1, 2, 3, 4, 5, 6, 7, 8, 9, 10, 11, 12, 13, 14, 15, 16, 17, 18]}, 'nodes': [{'node': 'device', 'executed_segments': [], 'queue_s': 0.0, 'segment_compute_s': 0.0, 'exit_head_compute_s': 0.0, 'exit_check_s': 0.0, 'worker_elapsed_s': 4.553899634629488e-05}, {'node': 'edge', 'executed_segments': [], 'queue_s': 0.0020523000002867775, 'segment_compute_s': 0.0, 'exit_head_compute_s': 0.0, 'exit_check_s': 0.0, 'worker_elapsed_s': 0.0001936999997269595}, {'node': 'cloud', 'executed_segments': [0, 1, 2, 3, 4, 5, 6, 7, 8, 9, 10, 11, 12, 13, 14, 15, 16, 17, 18], 'queue_s': 0.002312109005288221, 'segment_compute_s': 0.015811501987627707, 'exit_head_compute_s': 0.0009961849864339456, 'exit_check_s': 0.00042092699732165784, 'worker_elapsed_s': 0.01855057998909615}], 'sample_id': 'balanced_008_0286_00002687', 'label': 8, 'correct': True, 'observed_utility': -0.8529965700872708}",balanced_008_0286_00002687,57,2687,0.4764690399169922,5950408010011599576,0.37059931401745416,0.004014361038116476,0
0.0,0.018361252994509414,0.018361252994509414,4.294500104151666e-05,0.00010610000026645139,0.018361252994509414,0.11441563402377142,4.294500104151666e-05,0.26269353402312845,0.12263702300833756,0.00010610000026645139,0.14462179999964064,0.02198477699130308,0.003656099999716389,0.0021499769936781377,0.26276551600312814,0.018431750999297947,1784947535.535844,1784947534.809418,1784947535.059418,0.00042516902612987906,0.0009436620166525245,0.0021499769936781377,0.01576993598428089,0.9999977350234985,0.11441563402377142,ablate-cloud-only-resnet50-cifar10-pi5-r1-20260725-104447:v2,2,4.294500104151666e-05,unknown,0.12263702300833756,0.0,0.0,0.0022754000001441455,0.0,"{'device': [], 'edge': [], 'cloud': [0, 1, 2, 3, 4, 5, 6, 7, 8, 9, 10, 11, 12, 13, 14, 15, 16, 17, 18]}",19,final,cloud,True,4,1.0,5.0,1.0,0.26276551600312814,-0.3138275800156407,4,9e668ed287aa4664a963add378530686,58,"{'device_compute': 4.294500104151666e-05, 'd2e_transport': 0.11441563402377142, 'edge_queue': 0.0022754000001441455, 'edge_segment_compute': 0.0, 'edge_exit_head_compute': 0.0, 'edge_exit_check': 0.0, 'e2c_transport': 0.12263702300833756, 'cloud_queue': 0.0021499769936781377, 'cloud_segment_compute': 0.01576993598428089, 'cloud_exit_head_compute': 0.0009436620166525245, 'cloud_exit_check': 0.00042516902612987906, 'total_latency': 0.26276551600312814, 'unattributed_overhead': 0.004105769949092064, 'request_id': '9e668ed287aa4664a963add378530686', 'user_id': 0, 'prediction': 4, 'exit_id': 'final', 'exit_boundary_id': 19, 'exit_location': 'cloud', 'confidence': 0.9999977350234985, 'executed_segments_by_node': {'device': [], 'edge': [], 'cloud': [0, 1, 2, 3, 4, 5, 6, 7, 8, 9, 10, 11, 12, 13, 14, 15, 16, 17, 18]}, 'nodes': [{'node': 'device', 'executed_segments': [], 'queue_s': 0.0, 'segment_compute_s': 0.0, 'exit_head_compute_s': 0.0, 'exit_check_s': 0.0, 'worker_elapsed_s': 4.294500104151666e-05}, {'node': 'edge', 'executed_segments': [], 'queue_s': 0.0022754000001441455, 'segment_compute_s': 0.0, 'exit_head_compute_s': 0.0, 'exit_check_s': 0.0, 'worker_elapsed_s': 0.00021639999977196567}, {'node': 'cloud', 'executed_segments': [0, 1, 2, 3, 4, 5, 6, 7, 8, 9, 10, 11, 12, 13, 14, 15, 16, 17, 18], 'queue_s': 0.0021499769936781377, 'segment_compute_s': 0.01576993598428089, 'exit_head_compute_s': 0.0009436620166525245, 'exit_check_s': 0.00042516902612987906, 'worker_elapsed_s': 0.018431750999297947}], 'sample_id': 'balanced_004_0006_00000094', 'label': 4, 'correct': True, 'observed_utility': -0.3138275800156407}",balanced_004_0006_00000094,58,94,0.4764261245727539,5950408010011599576,0.26276551600312814,0.004105769949092064,0
0.0,0.018656829997780733,0.018656829997780733,4.099999205209315e-05,7.259999983943999e-05,0.018656829997780733,0.15590797198319706,4.099999205209315e-05,0.38604357198346406,0.20364309999649777,7.259999983943999e-05,0.227342900000167,0.023699800003669225,0.0027927000001000124,0.0021394930081442,0.386113109998405,0.018730436990153976,1784947535.822169,1784947535.095794,1784947535.345794,0.0004221150011289865,0.0009764170099515468,0.0021394930081442,0.015977226983522996,0.9999908208847046,0.15590797198319706,ablate-cloud-only-resnet50-cifar10-pi5-r1-20260725-104447:v2,2,4.099999205209315e-05,unknown,0.20364309999649777,0.0,0.0,0.0016664999998283747,0.0,"{'device': [], 'edge': [], 'cloud': [0, 1, 2, 3, 4, 5, 6, 7, 8, 9, 10, 11, 12, 13, 14, 15, 16, 17, 18]}",19,final,cloud,True,7,1.0,5.0,1.0,0.386113109998405,-0.9305655499920249,7,791fccc32310481a9ba9ab8416fcf2d4,59,"{'device_compute': 4.099999205209315e-05, 'd2e_transport': 0.15590797198319706, 'edge_queue': 0.0016664999998283747, 'edge_segment_compute': 0.0, 'edge_exit_head_compute': 0.0, 'edge_exit_check': 0.0, 'e2c_transport': 0.20364309999649777, 'cloud_queue': 0.0021394930081442, 'cloud_segment_compute': 0.015977226983522996, 'cloud_exit_head_compute': 0.0009764170099515468, 'cloud_exit_check': 0.0004221150011289865, 'total_latency': 0.386113109998405, 'unattributed_overhead': 0.005339286024081957, 'request_id': '791fccc32310481a9ba9ab8416fcf2d4', 'user_id': 0, 'prediction': 7, 'exit_id': 'final', 'exit_boundary_id': 19, 'exit_location': 'cloud', 'confidence': 0.9999908208847046, 'executed_segments_by_node': {'device': [], 'edge': [], 'cloud': [0, 1, 2, 3, 4, 5, 6, 7, 8, 9, 10, 11, 12, 13, 14, 15, 16, 17, 18]}, 'nodes': [{'node': 'device', 'executed_segments': [], 'queue_s': 0.0, 'segment_compute_s': 0.0, 'exit_head_compute_s': 0.0, 'exit_check_s': 0.0, 'worker_elapsed_s': 4.099999205209315e-05}, {'node': 'edge', 'executed_segments': [], 'queue_s': 0.0016664999998283747, 'segment_compute_s': 0.0, 'exit_head_compute_s': 0.0, 'exit_check_s': 0.0, 'worker_elapsed_s': 0.0001436000002286164}, {'node': 'cloud', 'executed_segments': [0, 1, 2, 3, 4, 5, 6, 7, 8, 9, 10, 11, 12, 13, 14, 15, 16, 17, 18], 'queue_s': 0.0021394930081442, 'segment_compute_s': 0.015977226983522996, 'exit_head_compute_s': 0.0009764170099515468, 'exit_check_s': 0.0004221150011289865, 'worker_elapsed_s': 0.018730436990153976}], 'sample_id': 'balanced_007_0079_00000803', 'label': 7, 'correct': True, 'observed_utility': -0.9305655499920249}",balanced_007_0079_00000803,59,803,0.47637510299682617,5950408010011599576,0.386113109998405,0.005339286024081957,0
0.0,0.018548672000179067,0.018548672000179067,4.00930002797395e-05,9.710000040286104e-05,0.018548672000179067,0.24815721499953725,4.00930002797395e-05,0.5832864149997476,0.3079113080057141,9.710000040286104e-05,0.3313981999999669,0.0234868919942528,0.0037310000002435117,0.0029651959921466187,0.5833543979970273,0.018619888011016883,1784947536.2357748,1784947535.508648,1784947535.758648,0.0004186890146229416,0.0009753379999892786,0.0029651959921466187,0.015900531987426803,0.9999481439590454,0.24815721499953725,ablate-cloud-only-resnet50-cifar10-pi5-r1-20260725-104447:v2,2,4.00930002797395e-05,unknown,0.3079113080057141,0.0,0.0,0.0025661999998192186,0.0,"{'device': [], 'edge': [], 'cloud': [0, 1, 2, 3, 4, 5, 6, 7, 8, 9, 10, 11, 12, 13, 14, 15, 16, 17, 18]}",19,final,cloud,True,0,1.0,5.0,1.0,0.5833543979970273,-1.9167719899851363,0,dac0c32469ab46ac99ff46f8b8b0a89c,60,"{'device_compute': 4.00930002797395e-05, 'd2e_transport': 0.24815721499953725, 'edge_queue': 0.0025661999998192186, 'edge_segment_compute': 0.0, 'edge_exit_head_compute': 0.0, 'edge_exit_check': 0.0, 'e2c_transport': 0.3079113080057141, 'cloud_queue': 0.0029651959921466187, 'cloud_segment_compute': 0.015900531987426803, 'cloud_exit_head_compute': 0.0009753379999892786, 'cloud_exit_check': 0.0004186890146229416, 'total_latency': 0.5833543979970273, 'unattributed_overhead': 0.004419826997491327, 'request_id': 'dac0c32469ab46ac99ff46f8b8b0a89c', 'user_id': 0, 'prediction': 0, 'exit_id': 'final', 'exit_boundary_id': 19, 'exit_location': 'cloud', 'confidence': 0.9999481439590454, 'executed_segments_by_node': {'device': [], 'edge': [], 'cloud': [0, 1, 2, 3, 4, 5, 6, 7, 8, 9, 10, 11, 12, 13, 14, 15, 16, 17, 18]}, 'nodes': [{'node': 'device', 'executed_segments': [], 'queue_s': 0.0, 'segment_compute_s': 0.0, 'exit_head_compute_s': 0.0, 'exit_check_s': 0.0, 'worker_elapsed_s': 4.00930002797395e-05}, {'node': 'edge', 'executed_segments': [], 'queue_s': 0.0025661999998192186, 'segment_compute_s': 0.0, 'exit_head_compute_s': 0.0, 'exit_check_s': 0.0, 'worker_elapsed_s': 0.0001963999998224608}, {'node': 'cloud', 'executed_segments': [0, 1, 2, 3, 4, 5, 6, 7, 8, 9, 10, 11, 12, 13, 14, 15, 16, 17, 18], 'queue_s': 0.0029651959921466187, 'segment_compute_s': 0.015900531987426803, 'exit_head_compute_s': 0.0009753379999892786, 'exit_check_s': 0.0004186890146229416, 'worker_elapsed_s': 0.018619888011016883}], 'sample_id': 'balanced_000_0725_00007182', 'label': 0, 'correct': True, 'observed_utility': -1.9167719899851363}",balanced_000_0725_00007182,60,7182,0.4771268367767334,5950408010011599576,0.5833543979970273,0.004419826997491327,0
0.0,0.018297285001608543,0.018297285001608543,4.626100417226553e-05,0.0001081000000340282,0.018297285001608543,0.13253434800026298,4.626100417226553e-05,0.3828250480000861,0.22452286199632,0.0001081000000340282,0.2468684000000394,0.022345538003719412,0.003422299999783718,0.0023498319933423772,0.3829026610183064,0.018368560005910695,1784947536.8467355,1784947536.1186776,1784947536.3686776,0.00040914998680818826,0.0009584109939169139,0.0023498319933423772,0.01570634398376569,0.9999837875366211,0.13253434800026298,ablate-cloud-only-resnet50-cifar10-pi5-r1-20260725-104447:v2,2,4.626100417226553e-05,unknown,0.22452286199632,0.0,0.0,0.002083899999888672,0.0,"{'device': [], 'edge': [], 'cloud': [0, 1, 2, 3, 4, 5, 6, 7, 8, 9, 10, 11, 12, 13, 14, 15, 16, 17, 18]}",19,final,cloud,True,2,1.0,5.0,1.0,0.3829026610183064,-0.914513305091532,2,daaaeb11dc4a4deb9eca62896514b8f6,61,"{'device_compute': 4.626100417226553e-05, 'd2e_transport': 0.13253434800026298, 'edge_queue': 0.002083899999888672, 'edge_segment_compute': 0.0, 'edge_exit_head_compute': 0.0, 'edge_exit_check': 0.0, 'e2c_transport': 0.22452286199632, 'cloud_queue': 0.0023498319933423772, 'cloud_segment_compute': 0.01570634398376569, 'cloud_exit_head_compute': 0.0009584109939169139, 'cloud_exit_check': 0.00040914998680818826, 'total_latency': 0.3829026610183064, 'unattributed_overhead': 0.004291553059829312, 'request_id': 'daaaeb11dc4a4deb9eca62896514b8f6', 'user_id': 0, 'prediction': 2, 'exit_id': 'final', 'exit_boundary_id': 19, 'exit_location': 'cloud', 'confidence': 0.9999837875366211, 'executed_segments_by_node': {'device': [], 'edge': [], 'cloud': [0, 1, 2, 3, 4, 5, 6, 7, 8, 9, 10, 11, 12, 13, 14, 15, 16, 17, 18]}, 'nodes': [{'node': 'device', 'executed_segments': [], 'queue_s': 0.0, 'segment_compute_s': 0.0, 'exit_head_compute_s': 0.0, 'exit_check_s': 0.0, 'worker_elapsed_s': 4.626100417226553e-05}, {'node': 'edge', 'executed_segments': [], 'queue_s': 0.002083899999888672, 'segment_compute_s': 0.0, 'exit_head_compute_s': 0.0, 'exit_check_s': 0.0, 'worker_elapsed_s': 0.00021629999992001103}, {'node': 'cloud', 'executed_segments': [0, 1, 2, 3, 4, 5, 6, 7, 8, 9, 10, 11, 12, 13, 14, 15, 16, 17, 18], 'queue_s': 0.0023498319933423772, 'segment_compute_s': 0.01570634398376569, 'exit_head_compute_s': 0.0009584109939169139, 'exit_check_s': 0.00040914998680818826, 'worker_elapsed_s': 0.018368560005910695}], 'sample_id': 'balanced_002_0871_00008716', 'label': 2, 'correct': True, 'observed_utility': -0.914513305091532}",balanced_002_0871_00008716,61,8716,0.478057861328125,5950408010011599576,0.3829026610183064,0.004291553059829312,0
0.0,0.02313405399036128,0.02313405399036128,4.850098048336804e-05,0.00010359999987485935,0.02313405399036128,0.125139625013162,4.850098048336804e-05,0.3812777250132058,0.2244791820021419,0.00010359999987485935,0.2526329000002079,0.028153717998065986,0.003505199999835895,0.002930440998170525,0.3813573569932487,0.023218535003252327,1784947537.2599695,1784947536.5281093,1784947536.7781093,0.0036929619673173875,0.0012249309802427888,0.002930440998170525,0.016538859985303134,0.9917927384376526,0.125139625013162,ablate-cloud-only-resnet50-cifar10-pi5-r1-20260725-104447:v2,2,4.850098048336804e-05,unknown,0.2244791820021419,0.0,0.0,0.002177800000026764,0.0,"{'device': [], 'edge': [], 'cloud': [0, 1, 2, 3, 4, 5, 6, 7, 8, 9, 10, 11, 12, 13, 14, 15, 16, 17, 18]}",19,final,cloud,True,9,1.0,5.0,1.0,0.3813573569932487,-0.9067867849662434,9,0663c023376b434080df8145c8dcd060,62,"{'device_compute': 4.850098048336804e-05, 'd2e_transport': 0.125139625013162, 'edge_queue': 0.002177800000026764, 'edge_segment_compute': 0.0, 'edge_exit_head_compute': 0.0, 'edge_exit_check': 0.0, 'e2c_transport': 0.2244791820021419, 'cloud_queue': 0.002930440998170525, 'cloud_segment_compute': 0.016538859985303134, 'cloud_exit_head_compute': 0.0012249309802427888, 'cloud_exit_check': 0.0036929619673173875, 'total_latency': 0.3813573569932487, 'unattributed_overhead': 0.005125055066400819, 'request_id': '0663c023376b434080df8145c8dcd060', 'user_id': 0, 'prediction': 9, 'exit_id': 'final', 'exit_boundary_id': 19, 'exit_location': 'cloud', 'confidence': 0.9917927384376526, 'executed_segments_by_node': {'device': [], 'edge': [], 'cloud': [0, 1, 2, 3, 4, 5, 6, 7, 8, 9, 10, 11, 12, 13, 14, 15, 16, 17, 18]}, 'nodes': [{'node': 'device', 'executed_segments': [], 'queue_s': 0.0, 'segment_compute_s': 0.0, 'exit_head_compute_s': 0.0, 'exit_check_s': 0.0, 'worker_elapsed_s': 4.850098048336804e-05}, {'node': 'edge', 'executed_segments': [], 'queue_s': 0.002177800000026764, 'segment_compute_s': 0.0, 'exit_head_compute_s': 0.0, 'exit_check_s': 0.0, 'worker_elapsed_s': 0.0002077999997709412}, {'node': 'cloud', 'executed_segments': [0, 1, 2, 3, 4, 5, 6, 7, 8, 9, 10, 11, 12, 13, 14, 15, 16, 17, 18], 'queue_s': 0.002930440998170525, 'segment_compute_s': 0.016538859985303134, 'exit_head_compute_s': 0.0012249309802427888, 'exit_check_s': 0.0036929619673173875, 'worker_elapsed_s': 0.023218535003252327}], 'sample_id': 'balanced_009_0904_00009147', 'label': 9, 'correct': True, 'observed_utility': -0.9067867849662434}",balanced_009_0904_00009147,62,9147,0.4818601608276367,5950408010011599576,0.3813573569932487,0.005125055066400819,0
0.0,0.018958405999001116,0.018958405999001116,4.050100687891245e-05,0.00010350000002290471,0.018958405999001116,0.14251016098432956,4.050100687891245e-05,0.3848398609843571,0.21586666200391846,0.00010350000002290471,0.23895080000011149,0.02308413799619302,0.0033788999999160296,0.002633159005199559,0.38490812201052904,0.019038632002775557,1784947537.670342,1784947536.9434793,1784947537.1934793,0.0004507839912548661,0.0010095090110553429,0.002633159005199559,0.01622430195857305,0.9999964237213135,0.14251016098432956,ablate-cloud-only-resnet50-cifar10-pi5-r1-20260725-104447:v2,2,4.050100687891245e-05,unknown,0.21586666200391846,0.0,0.0,0.0020560999996632745,0.0,"{'device': [], 'edge': [], 'cloud': [0, 1, 2, 3, 4, 5, 6, 7, 8, 9, 10, 11, 12, 13, 14, 15, 16, 17, 18]}",19,final,cloud,True,6,1.0,5.0,1.0,0.38490812201052904,-0.9245406100526452,6,20e26c6541b9425cab00d0a6d06f057a,63,"{'device_compute': 4.050100687891245e-05, 'd2e_transport': 0.14251016098432956, 'edge_queue': 0.0020560999996632745, 'edge_segment_compute': 0.0, 'edge_exit_head_compute': 0.0, 'edge_exit_check': 0.0, 'e2c_transport': 0.21586666200391846, 'cloud_queue': 0.002633159005199559, 'cloud_segment_compute': 0.01622430195857305, 'cloud_exit_head_compute': 0.0010095090110553429, 'cloud_exit_check': 0.0004507839912548661, 'total_latency': 0.38490812201052904, 'unattributed_overhead': 0.004116944049656013, 'request_id': '20e26c6541b9425cab00d0a6d06f057a', 'user_id': 0, 'prediction': 6, 'exit_id': 'final', 'exit_boundary_id': 19, 'exit_location': 'cloud', 'confidence': 0.9999964237213135, 'executed_segments_by_node': {'device': [], 'edge': [], 'cloud': [0, 1, 2, 3, 4, 5, 6, 7, 8, 9, 10, 11, 12, 13, 14, 15, 16, 17, 18]}, 'nodes': [{'node': 'device', 'executed_segments': [], 'queue_s': 0.0, 'segment_compute_s': 0.0, 'exit_head_compute_s': 0.0, 'exit_check_s': 0.0, 'worker_elapsed_s': 4.050100687891245e-05}, {'node': 'edge', 'executed_segments': [], 'queue_s': 0.0020560999996632745, 'segment_compute_s': 0.0, 'exit_head_compute_s': 0.0, 'exit_check_s': 0.0, 'worker_elapsed_s': 0.00020910000012008823}, {'node': 'cloud', 'executed_segments': [0, 1, 2, 3, 4, 5, 6, 7, 8, 9, 10, 11, 12, 13, 14, 15, 16, 17, 18], 'queue_s': 0.002633159005199559, 'segment_compute_s': 0.01622430195857305, 'exit_head_compute_s': 0.0010095090110553429, 'exit_check_s': 0.0004507839912548661, 'worker_elapsed_s': 0.019038632002775557}], 'sample_id': 'balanced_006_0253_00002428', 'label': 6, 'correct': True, 'observed_utility': -0.9245406100526452}",balanced_006_0253_00002428,63,2428,0.47686266899108887,5950408010011599576,0.38490812201052904,0.004116944049656013,0
0.0,0.018411911005387083,0.018411911005387083,4.559301305562258e-05,8.949999983087764e-05,0.018411911005387083,0.15418914399879213,4.559301305562258e-05,0.4803609439986758,0.3012337959994511,8.949999983087764e-05,0.3232683999999608,0.022034604000509717,0.00290339999992284,0.002188961996580474,0.48043692801729776,0.01848137500928715,1784947538.0844502,1784947537.355939,1784947537.605939,0.00041169898759108037,0.0009847699984675273,0.002188961996580474,0.015768559038406238,0.9998636245727539,0.15418914399879213,ablate-cloud-only-resnet50-cifar10-pi5-r1-20260725-104447:v2,2,4.559301305562258e-05,unknown,0.3012337959994511,0.0,0.0,0.0018448000000717002,0.0,"{'device': [], 'edge': [], 'cloud': [0, 1, 2, 3, 4, 5, 6, 7, 8, 9, 10, 11, 12, 13, 14, 15, 16, 17, 18]}",19,final,cloud,True,1,1.0,5.0,1.0,0.48043692801729776,-1.4021846400864888,1,5d2032f9c23c4f95bc58f1017ce9ec7f,64,"{'device_compute': 4.559301305562258e-05, 'd2e_transport': 0.15418914399879213, 'edge_queue': 0.0018448000000717002, 'edge_segment_compute': 0.0, 'edge_exit_head_compute': 0.0, 'edge_exit_check': 0.0, 'e2c_transport': 0.3012337959994511, 'cloud_queue': 0.002188961996580474, 'cloud_segment_compute': 0.015768559038406238, 'cloud_exit_head_compute': 0.0009847699984675273, 'cloud_exit_check': 0.00041169898759108037, 'total_latency': 0.48043692801729776, 'unattributed_overhead': 0.0037696049848818802, 'request_id': '5d2032f9c23c4f95bc58f1017ce9ec7f', 'user_id': 0, 'prediction': 1, 'exit_id': 'final', 'exit_boundary_id': 19, 'exit_location': 'cloud', 'confidence': 0.9998636245727539, 'executed_segments_by_node': {'device': [], 'edge': [], 'cloud': [0, 1, 2, 3, 4, 5, 6, 7, 8, 9, 10, 11, 12, 13, 14, 15, 16, 17, 18]}, 'nodes': [{'node': 'device', 'executed_segments': [], 'queue_s': 0.0, 'segment_compute_s': 0.0, 'exit_head_compute_s': 0.0, 'exit_check_s': 0.0, 'worker_elapsed_s': 4.559301305562258e-05}, {'node': 'edge', 'executed_segments': [], 'queue_s': 0.0018448000000717002, 'segment_compute_s': 0.0, 'exit_head_compute_s': 0.0, 'exit_check_s': 0.0, 'worker_elapsed_s': 0.00017769999976735562}, {'node': 'cloud', 'executed_segments': [0, 1, 2, 3, 4, 5, 6, 7, 8, 9, 10, 11, 12, 13, 14, 15, 16, 17, 18], 'queue_s': 0.002188961996580474, 'segment_compute_s': 0.015768559038406238, 'exit_head_compute_s': 0.0009847699984675273, 'exit_check_s': 0.00041169898759108037, 'worker_elapsed_s': 0.01848137500928715}], 'sample_id': 'balanced_001_0949_00009542', 'label': 1, 'correct': True, 'observed_utility': -1.4021846400864888}",balanced_001_0949_00009542,64,9542,0.47851133346557617,5950408010011599576,0.48043692801729776,0.0037696049848818802,0
0.0,0.018629379002959467,0.018629379002959467,4.176000948064029e-05,7.259999983943999e-05,0.018629379002959467,0.12694260098123777,4.176000948064029e-05,0.2663845009810757,0.11512837699183365,7.259999983943999e-05,0.13747680000005857,0.022348423008224927,0.0019650999997793406,0.0022484789951704443,0.26645437299157493,0.018701942011830397,1784947538.608272,1784947537.8799543,1784947538.1299543,0.00042150098306592554,0.0009917589923134074,0.0022484789951704443,0.015987199964001775,0.9999884366989136,0.12694260098123777,ablate-cloud-only-resnet50-cifar10-pi5-r1-20260725-104447:v2,2,4.176000948064029e-05,unknown,0.11512837699183365,0.0,0.0,0.0012796000000889762,0.0,"{'device': [], 'edge': [], 'cloud': [0, 1, 2, 3, 4, 5, 6, 7, 8, 9, 10, 11, 12, 13, 14, 15, 16, 17, 18]}",19,final,cloud,True,0,1.0,5.0,1.0,0.26645437299157493,-0.33227186495787464,0,2cdd332961c043af846213d32962070a,65,"{'device_compute': 4.176000948064029e-05, 'd2e_transport': 0.12694260098123777, 'edge_queue': 0.0012796000000889762, 'edge_segment_compute': 0.0, 'edge_exit_head_compute': 0.0, 'edge_exit_check': 0.0, 'e2c_transport': 0.11512837699183365, 'cloud_queue': 0.0022484789951704443, 'cloud_segment_compute': 0.015987199964001775, 'cloud_exit_head_compute': 0.0009917589923134074, 'cloud_exit_check': 0.00042150098306592554, 'total_latency': 0.26645437299157493, 'unattributed_overhead': 0.003413096074382338, 'request_id': '2cdd332961c043af846213d32962070a', 'user_id': 0, 'prediction': 0, 'exit_id': 'final', 'exit_boundary_id': 19, 'exit_location': 'cloud', 'confidence': 0.9999884366989136, 'executed_segments_by_node': {'device': [], 'edge': [], 'cloud': [0, 1, 2, 3, 4, 5, 6, 7, 8, 9, 10, 11, 12, 13, 14, 15, 16, 17, 18]}, 'nodes': [{'node': 'device', 'executed_segments': [], 'queue_s': 0.0, 'segment_compute_s': 0.0, 'exit_head_compute_s': 0.0, 'exit_check_s': 0.0, 'worker_elapsed_s': 4.176000948064029e-05}, {'node': 'edge', 'executed_segments': [], 'queue_s': 0.0012796000000889762, 'segment_compute_s': 0.0, 'exit_head_compute_s': 0.0, 'exit_check_s': 0.0, 'worker_elapsed_s': 0.00014489999966826872}, {'node': 'cloud', 'executed_segments': [0, 1, 2, 3, 4, 5, 6, 7, 8, 9, 10, 11, 12, 13, 14, 15, 16, 17, 18], 'queue_s': 0.0022484789951704443, 'segment_compute_s': 0.015987199964001775, 'exit_head_compute_s': 0.0009917589923134074, 'exit_check_s': 0.00042150098306592554, 'worker_elapsed_s': 0.018701942011830397}], 'sample_id': 'balanced_000_0753_00007541', 'label': 0, 'correct': True, 'observed_utility': -0.33227186495787464}",balanced_000_0753_00007541,65,7541,0.4783177375793457,5950408010011599576,0.26645437299157493,0.003413096074382338,0
0.0,0.018602526004542597,0.018602526004542597,4.779800656251609e-05,9.259999978894484e-05,0.018602526004542597,0.23568944099633882,4.779800656251609e-05,0.48572664099629037,0.22474863000297773,9.259999978894484e-05,0.2470284000000902,0.022279769997112453,0.003008799999861367,0.00222672701056581,0.4858062730054371,0.018676603998756036,1784947538.901333,1784947538.1744425,1784947538.4244425,0.0004224839940434322,0.0009879410063149408,0.00222672701056581,0.01591244501469191,0.9999843835830688,0.23568944099633882,ablate-cloud-only-resnet50-cifar10-pi5-r1-20260725-104447:v2,2,4.779800656251609e-05,unknown,0.22474863000297773,0.0,0.0,0.0018558000001576147,0.0,"{'device': [], 'edge': [], 'cloud': [0, 1, 2, 3, 4, 5, 6, 7, 8, 9, 10, 11, 12, 13, 14, 15, 16, 17, 18]}",19,final,cloud,True,4,1.0,5.0,1.0,0.4858062730054371,-1.4290313650271855,4,7e43857508734fbfa04fb05c7bf82245,66,"{'device_compute': 4.779800656251609e-05, 'd2e_transport': 0.23568944099633882, 'edge_queue': 0.0018558000001576147, 'edge_segment_compute': 0.0, 'edge_exit_head_compute': 0.0, 'edge_exit_check': 0.0, 'e2c_transport': 0.22474863000297773, 'cloud_queue': 0.00222672701056581, 'cloud_segment_compute': 0.01591244501469191, 'cloud_exit_head_compute': 0.0009879410063149408, 'cloud_exit_check': 0.0004224839940434322, 'total_latency': 0.4858062730054371, 'unattributed_overhead': 0.00391500697378433, 'request_id': '7e43857508734fbfa04fb05c7bf82245', 'user_id': 0, 'prediction': 4, 'exit_id': 'final', 'exit_boundary_id': 19, 'exit_location': 'cloud', 'confidence': 0.9999843835830688, 'executed_segments_by_node': {'device': [], 'edge': [], 'cloud': [0, 1, 2, 3, 4, 5, 6, 7, 8, 9, 10, 11, 12, 13, 14, 15, 16, 17, 18]}, 'nodes': [{'node': 'device', 'executed_segments': [], 'queue_s': 0.0, 'segment_compute_s': 0.0, 'exit_head_compute_s': 0.0, 'exit_check_s': 0.0, 'worker_elapsed_s': 4.779800656251609e-05}, {'node': 'edge', 'executed_segments': [], 'queue_s': 0.0018558000001576147, 'segment_compute_s': 0.0, 'exit_head_compute_s': 0.0, 'exit_check_s': 0.0, 'worker_elapsed_s': 0.00018659999977899133}, {'node': 'cloud', 'executed_segments': [0, 1, 2, 3, 4, 5, 6, 7, 8, 9, 10, 11, 12, 13, 14, 15, 16, 17, 18], 'queue_s': 0.00222672701056581, 'segment_compute_s': 0.01591244501469191, 'exit_head_compute_s': 0.0009879410063149408, 'exit_check_s': 0.0004224839940434322, 'worker_elapsed_s': 0.018676603998756036}], 'sample_id': 'balanced_004_0109_00001267', 'label': 4, 'correct': True, 'observed_utility': -1.4290313650271855}",balanced_004_0109_00001267,66,1267,0.47689056396484375,5950408010011599576,0.4858062730054371,0.00391500697378433,0
0.0,0.01848181799869053,0.01848181799869053,4.263001028448343e-05,0.00010950000023512985,0.01848181799869053,0.1676372270135289,4.263001028448343e-05,0.37380052701337263,0.18005605000189462,0.00010950000023512985,0.2021804000000884,0.022124349998193793,0.003982899999755318,0.002170055013266392,0.37387176899937913,0.01855255098780617,1784947539.4235466,1784947538.6969173,1784947538.9469173,0.00040599401108920574,0.000959352997597307,0.002170055013266392,0.015896836019237526,0.9999651908874512,0.1676372270135289,ablate-cloud-only-resnet50-cifar10-pi5-r1-20260725-104447:v2,2,4.263001028448343e-05,unknown,0.18005605000189462,0.0,0.0,0.0027225000003454625,0.0,"{'device': [], 'edge': [], 'cloud': [0, 1, 2, 3, 4, 5, 6, 7, 8, 9, 10, 11, 12, 13, 14, 15, 16, 17, 18]}",19,final,cloud,True,9,1.0,5.0,1.0,0.37387176899937913,-0.8693588449968956,9,b807510f20aa475794bf5ead376efaca,67,"{'device_compute': 4.263001028448343e-05, 'd2e_transport': 0.1676372270135289, 'edge_queue': 0.0027225000003454625, 'edge_segment_compute': 0.0, 'edge_exit_head_compute': 0.0, 'edge_exit_check': 0.0, 'e2c_transport': 0.18005605000189462, 'cloud_queue': 0.002170055013266392, 'cloud_segment_compute': 0.015896836019237526, 'cloud_exit_head_compute': 0.000959352997597307, 'cloud_exit_check': 0.00040599401108920574, 'total_latency': 0.37387176899937913, 'unattributed_overhead': 0.003981123932135233, 'request_id': 'b807510f20aa475794bf5ead376efaca', 'user_id': 0, 'prediction': 9, 'exit_id': 'final', 'exit_boundary_id': 19, 'exit_location': 'cloud', 'confidence': 0.9999651908874512, 'executed_segments_by_node': {'device': [], 'edge': [], 'cloud': [0, 1, 2, 3, 4, 5, 6, 7, 8, 9, 10, 11, 12, 13, 14, 15, 16, 17, 18]}, 'nodes': [{'node': 'device', 'executed_segments': [], 'queue_s': 0.0, 'segment_compute_s': 0.0, 'exit_head_compute_s': 0.0, 'exit_check_s': 0.0, 'worker_elapsed_s': 4.263001028448343e-05}, {'node': 'edge', 'executed_segments': [], 'queue_s': 0.0027225000003454625, 'segment_compute_s': 0.0, 'exit_head_compute_s': 0.0, 'exit_check_s': 0.0, 'worker_elapsed_s': 0.00022769999986849143}, {'node': 'cloud', 'executed_segments': [0, 1, 2, 3, 4, 5, 6, 7, 8, 9, 10, 11, 12, 13, 14, 15, 16, 17, 18], 'queue_s': 0.002170055013266392, 'segment_compute_s': 0.015896836019237526, 'exit_head_compute_s': 0.000959352997597307, 'exit_check_s': 0.00040599401108920574, 'worker_elapsed_s': 0.01855255098780617}], 'sample_id': 'balanced_009_0906_00009174', 'label': 9, 'correct': True, 'observed_utility': -0.8693588449968956}",balanced_009_0906_00009174,67,9174,0.47662925720214844,5950408010011599576,0.37387176899937913,0.003981123932135233,0
0.0,0.018535038994741626,0.018535038994741626,4.085301770828664e-05,9.950000003300374e-05,0.018535038994741626,0.15036344300597193,4.085301770828664e-05,0.3680118430056609,0.19177016200774233,9.950000003300374e-05,0.21399190000011004,0.022221737992367707,0.003656499999578955,0.002202713003498502,0.3680802900053095,0.018608115991810337,1784947539.8381612,1784947539.096787,1784947539.346787,0.00042342799133621156,0.0009822440042626113,0.002202713003498502,0.015892980038188398,0.9999916553497314,0.15036344300597193,ablate-cloud-only-resnet50-cifar10-pi5-r1-20260725-104447:v2,2,4.085301770828664e-05,unknown,0.19177016200774233,0.0,0.0,0.0024096999995890656,0.0,"{'device': [], 'edge': [], 'cloud': [0, 1, 2, 3, 4, 5, 6, 7, 8, 9, 10, 11, 12, 13, 14, 15, 16, 17, 18]}",19,final,cloud,True,6,1.0,5.0,1.0,0.3680802900053095,-0.8404014500265475,6,d8d0fa775714403e96f60535806632e2,68,"{'device_compute': 4.085301770828664e-05, 'd2e_transport': 0.15036344300597193, 'edge_queue': 0.0024096999995890656, 'edge_segment_compute': 0.0, 'edge_exit_head_compute': 0.0, 'edge_exit_check': 0.0, 'e2c_transport': 0.19177016200774233, 'cloud_queue': 0.002202713003498502, 'cloud_segment_compute': 0.015892980038188398, 'cloud_exit_head_compute': 0.0009822440042626113, 'cloud_exit_check': 0.00042342799133621156, 'total_latency': 0.3680802900053095, 'unattributed_overhead': 0.003994766937012173, 'request_id': 'd8d0fa775714403e96f60535806632e2', 'user_id': 0, 'prediction': 6, 'exit_id': 'final', 'exit_boundary_id': 19, 'exit_location': 'cloud', 'confidence': 0.9999916553497314, 'executed_segments_by_node': {'device': [], 'edge': [], 'cloud': [0, 1, 2, 3, 4, 5, 6, 7, 8, 9, 10, 11, 12, 13, 14, 15, 16, 17, 18]}, 'nodes': [{'node': 'device', 'executed_segments': [], 'queue_s': 0.0, 'segment_compute_s': 0.0, 'exit_head_compute_s': 0.0, 'exit_check_s': 0.0, 'worker_elapsed_s': 4.085301770828664e-05}, {'node': 'edge', 'executed_segments': [], 'queue_s': 0.0024096999995890656, 'segment_compute_s': 0.0, 'exit_head_compute_s': 0.0, 'exit_check_s': 0.0, 'worker_elapsed_s': 0.0002220000001216249}, {'node': 'cloud', 'executed_segments': [0, 1, 2, 3, 4, 5, 6, 7, 8, 9, 10, 11, 12, 13, 14, 15, 16, 17, 18], 'queue_s': 0.002202713003498502, 'segment_compute_s': 0.015892980038188398, 'exit_head_compute_s': 0.0009822440042626113, 'exit_check_s': 0.00042342799133621156, 'worker_elapsed_s': 0.018608115991810337}], 'sample_id': 'balanced_006_0000_00000004', 'label': 6, 'correct': True, 'observed_utility': -0.8404014500265475}",balanced_006_0000_00000004,68,4,0.49137425422668457,5950408010011599576,0.3680802900053095,0.003994766937012173,0
0.0,0.018443438995745964,0.018443438995745964,4.094501491636038e-05,9.099999988393392e-05,0.018443438995745964,0.15227574399432342,4.094501491636038e-05,0.4824511439946946,0.3050582839937306,9.099999988393392e-05,0.3270452000001569,0.021986916006426327,0.003130200000214245,0.002108707994921133,0.4825199600018095,0.018512515001930296,1784947540.2359393,1784947539.5089796,1784947539.7589796,0.0004031249845866114,0.000960851990384981,0.002108707994921133,0.015862971034948714,0.9999837875366211,0.15227574399432342,ablate-cloud-only-resnet50-cifar10-pi5-r1-20260725-104447:v2,2,4.094501491636038e-05,unknown,0.3050582839937306,0.0,0.0,0.0016762000000198896,0.0,"{'device': [], 'edge': [], 'cloud': [0, 1, 2, 3, 4, 5, 6, 7, 8, 9, 10, 11, 12, 13, 14, 15, 16, 17, 18]}",19,final,cloud,True,2,1.0,5.0,1.0,0.4825199600018095,-1.4125998000090476,2,6336403a60bc474fa3fec15b61c366b7,69,"{'device_compute': 4.094501491636038e-05, 'd2e_transport': 0.15227574399432342, 'edge_queue': 0.0016762000000198896, 'edge_segment_compute': 0.0, 'edge_exit_head_compute': 0.0, 'edge_exit_check': 0.0, 'e2c_transport': 0.3050582839937306, 'cloud_queue': 0.002108707994921133, 'cloud_segment_compute': 0.015862971034948714, 'cloud_exit_head_compute': 0.000960851990384981, 'cloud_exit_check': 0.0004031249845866114, 'total_latency': 0.4825199600018095, 'unattributed_overhead': 0.004133130993977829, 'request_id': '6336403a60bc474fa3fec15b61c366b7', 'user_id': 0, 'prediction': 2, 'exit_id': 'final', 'exit_boundary_id': 19, 'exit_location': 'cloud', 'confidence': 0.9999837875366211, 'executed_segments_by_node': {'device': [], 'edge': [], 'cloud': [0, 1, 2, 3, 4, 5, 6, 7, 8, 9, 10, 11, 12, 13, 14, 15, 16, 17, 18]}, 'nodes': [{'node': 'device', 'executed_segments': [], 'queue_s': 0.0, 'segment_compute_s': 0.0, 'exit_head_compute_s': 0.0, 'exit_check_s': 0.0, 'worker_elapsed_s': 4.094501491636038e-05}, {'node': 'edge', 'executed_segments': [], 'queue_s': 0.0016762000000198896, 'segment_compute_s': 0.0, 'exit_head_compute_s': 0.0, 'exit_check_s': 0.0, 'worker_elapsed_s': 0.00018159999990530196}, {'node': 'cloud', 'executed_segments': [0, 1, 2, 3, 4, 5, 6, 7, 8, 9, 10, 11, 12, 13, 14, 15, 16, 17, 18], 'queue_s': 0.002108707994921133, 'segment_compute_s': 0.015862971034948714, 'exit_head_compute_s': 0.000960851990384981, 'exit_check_s': 0.0004031249845866114, 'worker_elapsed_s': 0.018512515001930296}], 'sample_id': 'balanced_002_0315_00002984', 'label': 2, 'correct': True, 'observed_utility': -1.4125998000090476}",balanced_002_0315_00002984,69,2984,0.4769597053527832,5950408010011599576,0.4825199600018095,0.004133130993977829,0
0.0,0.018570826010545716,0.018570826010545716,4.1741994209587574e-05,0.00010310000016033882,0.018570826010545716,0.12551759701455012,4.1741994209587574e-05,0.2756597970146686,0.12467561501034652,0.00010310000016033882,0.1468088000001444,0.022133184989797883,0.0033333999999740627,0.0021411819907370955,0.27573083600145765,0.018644561001565307,1784947540.746905,1784947540.014791,1784947540.264791,0.0004286259936634451,0.0010300509893568233,0.0021411819907370955,0.0158649540389888,0.6329188942909241,0.12551759701455012,ablate-cloud-only-resnet50-cifar10-pi5-r1-20260725-104447:v2,2,4.1741994209587574e-05,unknown,0.12467561501034652,0.0,0.0,0.002134200000000419,0.0,"{'device': [], 'edge': [], 'cloud': [0, 1, 2, 3, 4, 5, 6, 7, 8, 9, 10, 11, 12, 13, 14, 15, 16, 17, 18]}",19,final,cloud,True,3,1.0,5.0,1.0,0.27573083600145765,-0.37865418000728823,3,d42c8aea94384081a1789704674f4dc0,70,"{'device_compute': 4.1741994209587574e-05, 'd2e_transport': 0.12551759701455012, 'edge_queue': 0.002134200000000419, 'edge_segment_compute': 0.0, 'edge_exit_head_compute': 0.0, 'edge_exit_check': 0.0, 'e2c_transport': 0.12467561501034652, 'cloud_queue': 0.0021411819907370955, 'cloud_segment_compute': 0.0158649540389888, 'cloud_exit_head_compute': 0.0010300509893568233, 'cloud_exit_check': 0.0004286259936634451, 'total_latency': 0.27573083600145765, 'unattributed_overhead': 0.0038968689696048386, 'request_id': 'd42c8aea94384081a1789704674f4dc0', 'user_id': 0, 'prediction': 3, 'exit_id': 'final', 'exit_boundary_id': 19, 'exit_location': 'cloud', 'confidence': 0.6329188942909241, 'executed_segments_by_node': {'device': [], 'edge': [], 'cloud': [0, 1, 2, 3, 4, 5, 6, 7, 8, 9, 10, 11, 12, 13, 14, 15, 16, 17, 18]}, 'nodes': [{'node': 'device', 'executed_segments': [], 'queue_s': 0.0, 'segment_compute_s': 0.0, 'exit_head_compute_s': 0.0, 'exit_check_s': 0.0, 'worker_elapsed_s': 4.1741994209587574e-05}, {'node': 'edge', 'executed_segments': [], 'queue_s': 0.002134200000000419, 'segment_compute_s': 0.0, 'exit_head_compute_s': 0.0, 'exit_check_s': 0.0, 'worker_elapsed_s': 0.0002036999999290856}, {'node': 'cloud', 'executed_segments': [0, 1, 2, 3, 4, 5, 6, 7, 8, 9, 10, 11, 12, 13, 14, 15, 16, 17, 18], 'queue_s': 0.0021411819907370955, 'segment_compute_s': 0.0158649540389888, 'exit_head_compute_s': 0.0010300509893568233, 'exit_check_s': 0.0004286259936634451, 'worker_elapsed_s': 0.018644561001565307}], 'sample_id': 'balanced_003_0753_00007509', 'label': 3, 'correct': True, 'observed_utility': -0.37865418000728823}",balanced_003_0753_00007509,70,7509,0.4821140766143799,5950408010011599576,0.27573083600145765,0.0038968689696048386,0
0.0,0.018684919996303506,0.018684919996303506,4.064998938702047e-05,9.279999994760146e-05,0.018684919996303506,0.1824522060014715,4.064998938702047e-05,0.3927089060016442,0.18493257300315236,9.279999994760146e-05,0.20722770000020319,0.02229512699705083,0.0030289999999695283,0.0021633110009133816,0.3927770929876715,0.018759828992187977,1784947541.043902,1784947540.3148565,1784947540.5648565,0.000431325999670662,0.0010203620186075568,0.0021633110009133816,0.015975244969013147,0.9999672174453735,0.1824522060014715,ablate-cloud-only-resnet50-cifar10-pi5-r1-20260725-104447:v2,2,4.064998938702047e-05,unknown,0.18493257300315236,0.0,0.0,0.0018319999999221181,0.0,"{'device': [], 'edge': [], 'cloud': [0, 1, 2, 3, 4, 5, 6, 7, 8, 9, 10, 11, 12, 13, 14, 15, 16, 17, 18]}",19,final,cloud,True,1,1.0,5.0,1.0,0.3927770929876715,-0.9638854649383575,1,355356ba902e4ce48741fbce86213efd,71,"{'device_compute': 4.064998938702047e-05, 'd2e_transport': 0.1824522060014715, 'edge_queue': 0.0018319999999221181, 'edge_segment_compute': 0.0, 'edge_exit_head_compute': 0.0, 'edge_exit_check': 0.0, 'e2c_transport': 0.18493257300315236, 'cloud_queue': 0.0021633110009133816, 'cloud_segment_compute': 0.015975244969013147, 'cloud_exit_head_compute': 0.0010203620186075568, 'cloud_exit_check': 0.000431325999670662, 'total_latency': 0.3927770929876715, 'unattributed_overhead': 0.003929420005533757, 'request_id': '355356ba902e4ce48741fbce86213efd', 'user_id': 0, 'prediction': 1, 'exit_id': 'final', 'exit_boundary_id': 19, 'exit_location': 'cloud', 'confidence': 0.9999672174453735, 'executed_segments_by_node': {'device': [], 'edge': [], 'cloud': [0, 1, 2, 3, 4, 5, 6, 7, 8, 9, 10, 11, 12, 13, 14, 15, 16, 17, 18]}, 'nodes': [{'node': 'device', 'executed_segments': [], 'queue_s': 0.0, 'segment_compute_s': 0.0, 'exit_head_compute_s': 0.0, 'exit_check_s': 0.0, 'worker_elapsed_s': 4.064998938702047e-05}, {'node': 'edge', 'executed_segments': [], 'queue_s': 0.0018319999999221181, 'segment_compute_s': 0.0, 'exit_head_compute_s': 0.0, 'exit_check_s': 0.0, 'worker_elapsed_s': 0.00018109999973603408}, {'node': 'cloud', 'executed_segments': [0, 1, 2, 3, 4, 5, 6, 7, 8, 9, 10, 11, 12, 13, 14, 15, 16, 17, 18], 'queue_s': 0.0021633110009133816, 'segment_compute_s': 0.015975244969013147, 'exit_head_compute_s': 0.0010203620186075568, 'exit_check_s': 0.000431325999670662, 'worker_elapsed_s': 0.018759828992187977}], 'sample_id': 'balanced_001_0435_00004401', 'label': 1, 'correct': True, 'observed_utility': -0.9638854649383575}",balanced_001_0435_00004401,71,4401,0.47904539108276367,5950408010011599576,0.3927770929876715,0.003929420005533757,0
0.0,0.018379329005256295,0.018379329005256295,4.109297879040241e-05,9.789999967324547e-05,0.018379329005256295,0.14060070098321376,4.109297879040241e-05,0.3717694009828847,0.20602458499934073,9.789999967324547e-05,0.22791000000006534,0.021885415000724606,0.0032586999996055965,0.002115183000569232,0.37183751398697495,0.018447941009071656,1784947541.467087,1784947540.739604,1784947540.989604,0.00039762801316101104,0.0009522600012132898,0.002115183000569232,0.01582511796732433,0.9998291730880737,0.14060070098321376,ablate-cloud-only-resnet50-cifar10-pi5-r1-20260725-104447:v2,2,4.109297879040241e-05,unknown,0.20602458499934073,0.0,0.0,0.0019883999998455693,0.0,"{'device': [], 'edge': [], 'cloud': [0, 1, 2, 3, 4, 5, 6, 7, 8, 9, 10, 11, 12, 13, 14, 15, 16, 17, 18]}",19,final,cloud,True,0,1.0,5.0,1.0,0.37183751398697495,-0.8591875699348748,0,9ae3bf29caf04d8ea741cf94cc76b026,72,"{'device_compute': 4.109297879040241e-05, 'd2e_transport': 0.14060070098321376, 'edge_queue': 0.0019883999998455693, 'edge_segment_compute': 0.0, 'edge_exit_head_compute': 0.0, 'edge_exit_check': 0.0, 'e2c_transport': 0.20602458499934073, 'cloud_queue': 0.002115183000569232, 'cloud_segment_compute': 0.01582511796732433, 'cloud_exit_head_compute': 0.0009522600012132898, 'cloud_exit_check': 0.00039762801316101104, 'total_latency': 0.37183751398697495, 'unattributed_overhead': 0.0038925460435166315, 'request_id': '9ae3bf29caf04d8ea741cf94cc76b026', 'user_id': 0, 'prediction': 0, 'exit_id': 'final', 'exit_boundary_id': 19, 'exit_location': 'cloud', 'confidence': 0.9998291730880737, 'executed_segments_by_node': {'device': [], 'edge': [], 'cloud': [0, 1, 2, 3, 4, 5, 6, 7, 8, 9, 10, 11, 12, 13, 14, 15, 16, 17, 18]}, 'nodes': [{'node': 'device', 'executed_segments': [], 'queue_s': 0.0, 'segment_compute_s': 0.0, 'exit_head_compute_s': 0.0, 'exit_check_s': 0.0, 'worker_elapsed_s': 4.109297879040241e-05}, {'node': 'edge', 'executed_segments': [], 'queue_s': 0.0019883999998455693, 'segment_compute_s': 0.0, 'exit_head_compute_s': 0.0, 'exit_check_s': 0.0, 'worker_elapsed_s': 0.00019430000020292937}, {'node': 'cloud', 'executed_segments': [0, 1, 2, 3, 4, 5, 6, 7, 8, 9, 10, 11, 12, 13, 14, 15, 16, 17, 18], 'queue_s': 0.002115183000569232, 'segment_compute_s': 0.01582511796732433, 'exit_head_compute_s': 0.0009522600012132898, 'exit_check_s': 0.00039762801316101104, 'worker_elapsed_s': 0.018447941009071656}], 'sample_id': 'balanced_000_0818_00008073', 'label': 0, 'correct': True, 'observed_utility': -0.8591875699348748}",balanced_000_0818_00008073,72,8073,0.47748303413391113,5950408010011599576,0.37183751398697495,0.0038925460435166315,0
0.0,0.019732818007469177,0.019732818007469177,4.761299351230264e-05,9.790000012799283e-05,0.019732818007469177,0.16368771700217621,4.761299351230264e-05,0.39647741700173356,0.20607951299598426,9.790000012799283e-05,0.22935629999983576,0.023276787003851496,0.003433399999721587,0.002157305003493093,0.3965559390198905,0.01981950800109189,1784947541.9608235,1784947541.2299242,1784947541.4799242,0.0004554320184979588,0.0009876140102278441,0.002157305003493093,0.016986694987281226,0.9999960660934448,0.16368771700217621,ablate-cloud-only-resnet50-cifar10-pi5-r1-20260725-104447:v2,2,4.761299351230264e-05,unknown,0.20607951299598426,0.0,0.0,0.0022287000001597335,0.0,"{'device': [], 'edge': [], 'cloud': [0, 1, 2, 3, 4, 5, 6, 7, 8, 9, 10, 11, 12, 13, 14, 15, 16, 17, 18]}",19,final,cloud,True,9,1.0,5.0,1.0,0.3965559390198905,-0.9827796950994525,9,593f8b2576074593b892a1da10a821cb,73,"{'device_compute': 4.761299351230264e-05, 'd2e_transport': 0.16368771700217621, 'edge_queue': 0.0022287000001597335, 'edge_segment_compute': 0.0, 'edge_exit_head_compute': 0.0, 'edge_exit_check': 0.0, 'e2c_transport': 0.20607951299598426, 'cloud_queue': 0.002157305003493093, 'cloud_segment_compute': 0.016986694987281226, 'cloud_exit_head_compute': 0.0009876140102278441, 'cloud_exit_check': 0.0004554320184979588, 'total_latency': 0.3965559390198905, 'unattributed_overhead': 0.003925350008557871, 'request_id': '593f8b2576074593b892a1da10a821cb', 'user_id': 0, 'prediction': 9, 'exit_id': 'final', 'exit_boundary_id': 19, 'exit_location': 'cloud', 'confidence': 0.9999960660934448, 'executed_segments_by_node': {'device': [], 'edge': [], 'cloud': [0, 1, 2, 3, 4, 5, 6, 7, 8, 9, 10, 11, 12, 13, 14, 15, 16, 17, 18]}, 'nodes': [{'node': 'device', 'executed_segments': [], 'queue_s': 0.0, 'segment_compute_s': 0.0, 'exit_head_compute_s': 0.0, 'exit_check_s': 0.0, 'worker_elapsed_s': 4.761299351230264e-05}, {'node': 'edge', 'executed_segments': [], 'queue_s': 0.0022287000001597335, 'segment_compute_s': 0.0, 'exit_head_compute_s': 0.0, 'exit_check_s': 0.0, 'worker_elapsed_s': 0.0002067999998871528}, {'node': 'cloud', 'executed_segments': [0, 1, 2, 3, 4, 5, 6, 7, 8, 9, 10, 11, 12, 13, 14, 15, 16, 17, 18], 'queue_s': 0.002157305003493093, 'segment_compute_s': 0.016986694987281226, 'exit_head_compute_s': 0.0009876140102278441, 'exit_check_s': 0.0004554320184979588, 'worker_elapsed_s': 0.01981950800109189}], 'sample_id': 'balanced_009_0110_00001060', 'label': 9, 'correct': True, 'observed_utility': -0.9827796950994525}",balanced_009_0110_00001060,73,1060,0.4808993339538574,5950408010011599576,0.3965559390198905,0.003925350008557871,0
0.0,0.018949924007756636,0.018949924007756636,4.155599162913859e-05,0.00010849999989659409,0.018949924007756636,0.34250021000934794,4.155599162913859e-05,0.5723264100088272,0.20377280800175868,0.00010849999989659409,0.22644799999989118,0.022675191998132505,0.003378199999588105,0.0022758800041629,0.5723961529729422,0.019055024997214787,1784947542.3929684,1784947541.665955,1784947541.915955,0.00042478099931031466,0.00101451798400376,0.0022758800041629,0.016238102965871803,0.6173612475395203,0.34250021000934794,ablate-cloud-only-resnet50-cifar10-pi5-r1-20260725-104447:v2,2,4.155599162913859e-05,unknown,0.20377280800175868,0.0,0.0,0.0019909000002371613,0.0,"{'device': [], 'edge': [], 'cloud': [0, 1, 2, 3, 4, 5, 6, 7, 8, 9, 10, 11, 12, 13, 14, 15, 16, 17, 18]}",19,final,cloud,False,3,1.0,5.0,0.0,0.5723961529729422,-2.861980764864711,5,d27b7c9c6c4744a0a57b5647743c5423,74,"{'device_compute': 4.155599162913859e-05, 'd2e_transport': 0.34250021000934794, 'edge_queue': 0.0019909000002371613, 'edge_segment_compute': 0.0, 'edge_exit_head_compute': 0.0, 'edge_exit_check': 0.0, 'e2c_transport': 0.20377280800175868, 'cloud_queue': 0.0022758800041629, 'cloud_segment_compute': 0.016238102965871803, 'cloud_exit_head_compute': 0.00101451798400376, 'cloud_exit_check': 0.00042478099931031466, 'total_latency': 0.5723961529729422, 'unattributed_overhead': 0.004137397016620525, 'request_id': 'd27b7c9c6c4744a0a57b5647743c5423', 'user_id': 0, 'prediction': 5, 'exit_id': 'final', 'exit_boundary_id': 19, 'exit_location': 'cloud', 'confidence': 0.6173612475395203, 'executed_segments_by_node': {'device': [], 'edge': [], 'cloud': [0, 1, 2, 3, 4, 5, 6, 7, 8, 9, 10, 11, 12, 13, 14, 15, 16, 17, 18]}, 'nodes': [{'node': 'device', 'executed_segments': [], 'queue_s': 0.0, 'segment_compute_s': 0.0, 'exit_head_compute_s': 0.0, 'exit_check_s': 0.0, 'worker_elapsed_s': 4.155599162913859e-05}, {'node': 'edge', 'executed_segments': [], 'queue_s': 0.0019909000002371613, 'segment_compute_s': 0.0, 'exit_head_compute_s': 0.0, 'exit_check_s': 0.0, 'worker_elapsed_s': 0.00021579999975074315}, {'node': 'cloud', 'executed_segments': [0, 1, 2, 3, 4, 5, 6, 7, 8, 9, 10, 11, 12, 13, 14, 15, 16, 17, 18], 'queue_s': 0.0022758800041629, 'segment_compute_s': 0.016238102965871803, 'exit_head_compute_s': 0.00101451798400376, 'exit_check_s': 0.00042478099931031466, 'worker_elapsed_s': 0.019055024997214787}], 'sample_id': 'balanced_003_0039_00000418', 'label': 3, 'correct': False, 'observed_utility': -2.861980764864711}",balanced_003_0039_00000418,74,418,0.47701334953308105,5950408010011599576,0.5723961529729422,0.004137397016620525,0
0.0,0.01857771100185346,0.01857771100185346,4.1852996218949556e-05,8.230000003095483e-05,0.01857771100185346,0.12892966598155908,4.1852996218949556e-05,0.3798240659816656,0.22593809200043324,8.230000003095483e-05,0.24816920000012033,0.022231107999687083,0.0027251999999862164,0.0021786560100736097,0.3798944739974104,0.018657565000467002,1784947542.9953508,1784947542.2686718,1784947542.5186718,0.00041614999645389616,0.0009881699952529743,0.0021786560100736097,0.015915847005089745,0.9996063113212585,0.12892966598155908,ablate-cloud-only-resnet50-cifar10-pi5-r1-20260725-104447:v2,2,4.1852996218949556e-05,unknown,0.22593809200043324,0.0,0.0,0.001435800000308518,0.0,"{'device': [], 'edge': [], 'cloud': [0, 1, 2, 3, 4, 5, 6, 7, 8, 9, 10, 11, 12, 13, 14, 15, 16, 17, 18]}",19,final,cloud,True,0,1.0,5.0,1.0,0.3798944739974104,-0.8994723699870519,0,6c9d72fcee4b4166bcb18a0fa03e852e,75,"{'device_compute': 4.1852996218949556e-05, 'd2e_transport': 0.12892966598155908, 'edge_queue': 0.001435800000308518, 'edge_segment_compute': 0.0, 'edge_exit_head_compute': 0.0, 'edge_exit_check': 0.0, 'e2c_transport': 0.22593809200043324, 'cloud_queue': 0.0021786560100736097, 'cloud_segment_compute': 0.015915847005089745, 'cloud_exit_head_compute': 0.0009881699952529743, 'cloud_exit_check': 0.00041614999645389616, 'total_latency': 0.3798944739974104, 'unattributed_overhead': 0.004050240012020367, 'request_id': '6c9d72fcee4b4166bcb18a0fa03e852e', 'user_id': 0, 'prediction': 0, 'exit_id': 'final', 'exit_boundary_id': 19, 'exit_location': 'cloud', 'confidence': 0.9996063113212585, 'executed_segments_by_node': {'device': [], 'edge': [], 'cloud': [0, 1, 2, 3, 4, 5, 6, 7, 8, 9, 10, 11, 12, 13, 14, 15, 16, 17, 18]}, 'nodes': [{'node': 'device', 'executed_segments': [], 'queue_s': 0.0, 'segment_compute_s': 0.0, 'exit_head_compute_s': 0.0, 'exit_check_s': 0.0, 'worker_elapsed_s': 4.1852996218949556e-05}, {'node': 'edge', 'executed_segments': [], 'queue_s': 0.001435800000308518, 'segment_compute_s': 0.0, 'exit_head_compute_s': 0.0, 'exit_check_s': 0.0, 'worker_elapsed_s': 0.00016529999993508682}, {'node': 'cloud', 'executed_segments': [0, 1, 2, 3, 4, 5, 6, 7, 8, 9, 10, 11, 12, 13, 14, 15, 16, 17, 18], 'queue_s': 0.0021786560100736097, 'segment_compute_s': 0.015915847005089745, 'exit_head_compute_s': 0.0009881699952529743, 'exit_check_s': 0.00041614999645389616, 'worker_elapsed_s': 0.018657565000467002}], 'sample_id': 'balanced_000_0031_00000281', 'label': 0, 'correct': True, 'observed_utility': -0.8994723699870519}",balanced_000_0031_00000281,75,281,0.47667908668518066,5950408010011599576,0.3798944739974104,0.004050240012020367,0
0.0,0.018259628006489947,0.018259628006489947,4.48159989900887e-05,0.00010350000002290471,0.018259628006489947,0.1313418379736504,4.48159989900887e-05,0.3839659379736986,0.22721827599798416,0.00010350000002290471,0.24907230000007985,0.021854024002095684,0.0035517999999683525,0.0021465539903147146,0.3840408660180401,0.01833433700085152,1784947543.4046407,1784947542.676673,1784947542.926673,0.00040126199019141495,0.001018947979900986,0.0021465539903147146,0.01562432300124783,0.9802829027175903,0.1313418379736504,ablate-cloud-only-resnet50-cifar10-pi5-r1-20260725-104447:v2,2,4.48159989900887e-05,unknown,0.22721827599798416,0.0,0.0,0.0022985000000517175,0.0,"{'device': [], 'edge': [], 'cloud': [0, 1, 2, 3, 4, 5, 6, 7, 8, 9, 10, 11, 12, 13, 14, 15, 16, 17, 18]}",19,final,cloud,True,3,1.0,5.0,1.0,0.3840408660180401,-0.9202043300902005,3,f4ea4d1ef34e488a866342af21849ed2,76,"{'device_compute': 4.48159989900887e-05, 'd2e_transport': 0.1313418379736504, 'edge_queue': 0.0022985000000517175, 'edge_segment_compute': 0.0, 'edge_exit_head_compute': 0.0, 'edge_exit_check': 0.0, 'e2c_transport': 0.22721827599798416, 'cloud_queue': 0.0021465539903147146, 'cloud_segment_compute': 0.01562432300124783, 'cloud_exit_head_compute': 0.001018947979900986, 'cloud_exit_check': 0.00040126199019141495, 'total_latency': 0.3840408660180401, 'unattributed_overhead': 0.003946349085708789, 'request_id': 'f4ea4d1ef34e488a866342af21849ed2', 'user_id': 0, 'prediction': 3, 'exit_id': 'final', 'exit_boundary_id': 19, 'exit_location': 'cloud', 'confidence': 0.9802829027175903, 'executed_segments_by_node': {'device': [], 'edge': [], 'cloud': [0, 1, 2, 3, 4, 5, 6, 7, 8, 9, 10, 11, 12, 13, 14, 15, 16, 17, 18]}, 'nodes': [{'node': 'device', 'executed_segments': [], 'queue_s': 0.0, 'segment_compute_s': 0.0, 'exit_head_compute_s': 0.0, 'exit_check_s': 0.0, 'worker_elapsed_s': 4.48159989900887e-05}, {'node': 'edge', 'executed_segments': [], 'queue_s': 0.0022985000000517175, 'segment_compute_s': 0.0, 'exit_head_compute_s': 0.0, 'exit_check_s': 0.0, 'worker_elapsed_s': 0.00020959999983460875}, {'node': 'cloud', 'executed_segments': [0, 1, 2, 3, 4, 5, 6, 7, 8, 9, 10, 11, 12, 13, 14, 15, 16, 17, 18], 'queue_s': 0.0021465539903147146, 'segment_compute_s': 0.01562432300124783, 'exit_head_compute_s': 0.001018947979900986, 'exit_check_s': 0.00040126199019141495, 'worker_elapsed_s': 0.01833433700085152}], 'sample_id': 'balanced_003_0110_00001056', 'label': 3, 'correct': True, 'observed_utility': -0.9202043300902005}",balanced_003_0110_00001056,76,1056,0.4779677391052246,5950408010011599576,0.3840408660180401,0.003946349085708789,0
0.0,0.013381829994614236,0.013381829994614236,4.050097777508199e-05,7.749999986117473e-05,0.013381829994614236,0.1425818400175558,4.050097777508199e-05,0.2782496400177479,0.11587338200524755,7.749999986117473e-05,0.1327704000000267,0.016897017994779162,0.002897400000165362,0.002155750000383705,0.27831871598027647,0.013465545009239577,1784947543.8184857,1784947543.0909147,1784947543.3409147,0.00030744897958356887,0.0007616170187247917,0.002155750000383705,0.011458669032435864,0.9994680285453796,0.1425818400175558,ablate-cloud-only-resnet50-cifar10-pi5-r1-20260725-104447:v2,2,4.050097777508199e-05,unknown,0.11587338200524755,0.0,0.0,0.0019744000001082895,0.0,"{'device': [], 'edge': [], 'cloud': [0, 1, 2, 3, 4, 5, 6, 7, 8, 9, 10, 11, 12, 13, 14, 15, 16, 17, 18]}",19,final,cloud,True,4,1.0,5.0,1.0,0.27831871598027647,-0.3915935799013823,4,e5683c80043d403b863d69bd619229f1,77,"{'device_compute': 4.050097777508199e-05, 'd2e_transport': 0.1425818400175558, 'edge_queue': 0.0019744000001082895, 'edge_segment_compute': 0.0, 'edge_exit_head_compute': 0.0, 'edge_exit_check': 0.0, 'e2c_transport': 0.11587338200524755, 'cloud_queue': 0.002155750000383705, 'cloud_segment_compute': 0.011458669032435864, 'cloud_exit_head_compute': 0.0007616170187247917, 'cloud_exit_check': 0.00030744897958356887, 'total_latency': 0.27831871598027647, 'unattributed_overhead': 0.0031651079484618094, 'request_id': 'e5683c80043d403b863d69bd619229f1', 'user_id': 0, 'prediction': 4, 'exit_id': 'final', 'exit_boundary_id': 19, 'exit_location': 'cloud', 'confidence': 0.9994680285453796, 'executed_segments_by_node': {'device': [], 'edge': [], 'cloud': [0, 1, 2, 3, 4, 5, 6, 7, 8, 9, 10, 11, 12, 13, 14, 15, 16, 17, 18]}, 'nodes': [{'node': 'device', 'executed_segments': [], 'queue_s': 0.0, 'segment_compute_s': 0.0, 'exit_head_compute_s': 0.0, 'exit_check_s': 0.0, 'worker_elapsed_s': 4.050097777508199e-05}, {'node': 'edge', 'executed_segments': [], 'queue_s': 0.0019744000001082895, 'segment_compute_s': 0.0, 'exit_head_compute_s': 0.0, 'exit_check_s': 0.0, 'worker_elapsed_s': 0.00015309999980672728}, {'node': 'cloud', 'executed_segments': [0, 1, 2, 3, 4, 5, 6, 7, 8, 9, 10, 11, 12, 13, 14, 15, 16, 17, 18], 'queue_s': 0.002155750000383705, 'segment_compute_s': 0.011458669032435864, 'exit_head_compute_s': 0.0007616170187247917, 'exit_check_s': 0.00030744897958356887, 'worker_elapsed_s': 0.013465545009239577}], 'sample_id': 'balanced_004_0253_00002588', 'label': 4, 'correct': True, 'observed_utility': -0.3915935799013823}",balanced_004_0253_00002588,77,2588,0.4775710105895996,5950408010011599576,0.27831871598027647,0.0031651079484618094,0
0.0,0.01848068699473515,0.01848068699473515,4.053799784742296e-05,8.230000003095483e-05,0.01848068699473515,0.21622942999692896,4.053799784742296e-05,0.4564070299966261,0.21559590299830234,8.230000003095483e-05,0.23748339999974633,0.02188749700144399,0.002694199999950797,0.001955269995960407,0.4564766240073368,0.018569810999906622,1784947544.1473234,1784947543.4169183,1784947543.6669183,0.0004209589824313298,0.0009923689940478653,0.001955269995960407,0.015822018001927063,0.9997031092643738,0.21622942999692896,ablate-cloud-only-resnet50-cifar10-pi5-r1-20260725-104447:v2,2,4.053799784742296e-05,unknown,0.21559590299830234,0.0,0.0,0.0017227000003003923,0.0,"{'device': [], 'edge': [], 'cloud': [0, 1, 2, 3, 4, 5, 6, 7, 8, 9, 10, 11, 12, 13, 14, 15, 16, 17, 18]}",19,final,cloud,True,1,1.0,5.0,1.0,0.4564766240073368,-1.282383120036684,1,b666f1b87c7a42c19ab9312e2a1fd21a,78,"{'device_compute': 4.053799784742296e-05, 'd2e_transport': 0.21622942999692896, 'edge_queue': 0.0017227000003003923, 'edge_segment_compute': 0.0, 'edge_exit_head_compute': 0.0, 'edge_exit_check': 0.0, 'e2c_transport': 0.21559590299830234, 'cloud_queue': 0.001955269995960407, 'cloud_segment_compute': 0.015822018001927063, 'cloud_exit_head_compute': 0.0009923689940478653, 'cloud_exit_check': 0.0004209589824313298, 'total_latency': 0.4564766240073368, 'unattributed_overhead': 0.0036974370395910228, 'request_id': 'b666f1b87c7a42c19ab9312e2a1fd21a', 'user_id': 0, 'prediction': 1, 'exit_id': 'final', 'exit_boundary_id': 19, 'exit_location': 'cloud', 'confidence': 0.9997031092643738, 'executed_segments_by_node': {'device': [], 'edge': [], 'cloud': [0, 1, 2, 3, 4, 5, 6, 7, 8, 9, 10, 11, 12, 13, 14, 15, 16, 17, 18]}, 'nodes': [{'node': 'device', 'executed_segments': [], 'queue_s': 0.0, 'segment_compute_s': 0.0, 'exit_head_compute_s': 0.0, 'exit_check_s': 0.0, 'worker_elapsed_s': 4.053799784742296e-05}, {'node': 'edge', 'executed_segments': [], 'queue_s': 0.0017227000003003923, 'segment_compute_s': 0.0, 'exit_head_compute_s': 0.0, 'exit_check_s': 0.0, 'worker_elapsed_s': 0.00016119999963848386}, {'node': 'cloud', 'executed_segments': [0, 1, 2, 3, 4, 5, 6, 7, 8, 9, 10, 11, 12, 13, 14, 15, 16, 17, 18], 'queue_s': 0.001955269995960407, 'segment_compute_s': 0.015822018001927063, 'exit_head_compute_s': 0.0009923689940478653, 'exit_check_s': 0.0004209589824313298, 'worker_elapsed_s': 0.018569810999906622}], 'sample_id': 'balanced_001_0381_00003904', 'label': 1, 'correct': True, 'observed_utility': -1.282383120036684}",balanced_001_0381_00003904,78,3904,0.4804050922393799,5950408010011599576,0.4564766240073368,0.0036974370395910228,0
0.0,0.01844108100340236,0.01844108100340236,4.6316010411828756e-05,7.520000008298666e-05,0.01844108100340236,0.12860343800548435,4.6316010411828756e-05,0.38329743800568394,0.2300562759892273,7.520000008298666e-05,0.2520032000002175,0.021946924010990188,0.0026907999999821186,0.0021202240022830665,0.38337384699843824,0.018516852011089213,1784947544.6298602,1784947543.9023838,1784947544.1523838,0.00041602199780754745,0.0009870649955701083,0.0021202240022830665,0.01580121400183998,0.9999934434890747,0.12860343800548435,ablate-cloud-only-resnet50-cifar10-pi5-r1-20260725-104447:v2,2,4.6316010411828756e-05,unknown,0.2300562759892273,0.0,0.0,0.0018107999999301683,0.0,"{'device': [], 'edge': [], 'cloud': [0, 1, 2, 3, 4, 5, 6, 7, 8, 9, 10, 11, 12, 13, 14, 15, 16, 17, 18]}",19,final,cloud,True,9,1.0,5.0,1.0,0.38337384699843824,-0.9168692349921912,9,b78597c0779b406699ec8a7e2e2174c5,79,"{'device_compute': 4.6316010411828756e-05, 'd2e_transport': 0.12860343800548435, 'edge_queue': 0.0018107999999301683, 'edge_segment_compute': 0.0, 'edge_exit_head_compute': 0.0, 'edge_exit_check': 0.0, 'e2c_transport': 0.2300562759892273, 'cloud_queue': 0.0021202240022830665, 'cloud_segment_compute': 0.01580121400183998, 'cloud_exit_head_compute': 0.0009870649955701083, 'cloud_exit_check': 0.00041602199780754745, 'total_latency': 0.38337384699843824, 'unattributed_overhead': 0.003532491995883902, 'request_id': 'b78597c0779b406699ec8a7e2e2174c5', 'user_id': 0, 'prediction': 9, 'exit_id': 'final', 'exit_boundary_id': 19, 'exit_location': 'cloud', 'confidence': 0.9999934434890747, 'executed_segments_by_node': {'device': [], 'edge': [], 'cloud': [0, 1, 2, 3, 4, 5, 6, 7, 8, 9, 10, 11, 12, 13, 14, 15, 16, 17, 18]}, 'nodes': [{'node': 'device', 'executed_segments': [], 'queue_s': 0.0, 'segment_compute_s': 0.0, 'exit_head_compute_s': 0.0, 'exit_check_s': 0.0, 'worker_elapsed_s': 4.6316010411828756e-05}, {'node': 'edge', 'executed_segments': [], 'queue_s': 0.0018107999999301683, 'segment_compute_s': 0.0, 'exit_head_compute_s': 0.0, 'exit_check_s': 0.0, 'worker_elapsed_s': 0.00014689999989059288}, {'node': 'cloud', 'executed_segments': [0, 1, 2, 3, 4, 5, 6, 7, 8, 9, 10, 11, 12, 13, 14, 15, 16, 17, 18], 'queue_s': 0.0021202240022830665, 'segment_compute_s': 0.01580121400183998, 'exit_head_compute_s': 0.0009870649955701083, 'exit_check_s': 0.00041602199780754745, 'worker_elapsed_s': 0.018516852011089213}], 'sample_id': 'balanced_009_0434_00004293', 'label': 9, 'correct': True, 'observed_utility': -0.9168692349921912}",balanced_009_0434_00004293,79,4293,0.4774763584136963,5950408010011599576,0.38337384699843824,0.003532491995883902,0
0.0,0.0184668299916666,0.0184668299916666,3.985301009379327e-05,7.169999980760622e-05,0.0184668299916666,0.16089362497814363,3.985301009379327e-05,0.39040052497875877,0.2055577890096174,7.169999980760622e-05,0.22762750000038068,0.02206971099076327,0.0018794000002344546,0.0021408340107882395,0.39046808300190605,0.018547094994573854,1784947545.0383444,1784947544.3117216,1784947544.5617216,0.0004190480103716254,0.0009921050077537075,0.0021408340107882395,0.015808305994141847,0.9999936819076538,0.16089362497814363,ablate-cloud-only-resnet50-cifar10-pi5-r1-20260725-104447:v2,2,3.985301009379327e-05,unknown,0.2055577890096174,0.0,0.0,0.001048200000241195,0.0,"{'device': [], 'edge': [], 'cloud': [0, 1, 2, 3, 4, 5, 6, 7, 8, 9, 10, 11, 12, 13, 14, 15, 16, 17, 18]}",19,final,cloud,True,8,1.0,5.0,1.0,0.39046808300190605,-0.9523404150095303,8,fc15185f2f8e429fb12b24119e33f025,80,"{'device_compute': 3.985301009379327e-05, 'd2e_transport': 0.16089362497814363, 'edge_queue': 0.001048200000241195, 'edge_segment_compute': 0.0, 'edge_exit_head_compute': 0.0, 'edge_exit_check': 0.0, 'e2c_transport': 0.2055577890096174, 'cloud_queue': 0.0021408340107882395, 'cloud_segment_compute': 0.015808305994141847, 'cloud_exit_head_compute': 0.0009921050077537075, 'cloud_exit_check': 0.0004190480103716254, 'total_latency': 0.39046808300190605, 'unattributed_overhead': 0.0035683229807546013, 'request_id': 'fc15185f2f8e429fb12b24119e33f025', 'user_id': 0, 'prediction': 8, 'exit_id': 'final', 'exit_boundary_id': 19, 'exit_location': 'cloud', 'confidence': 0.9999936819076538, 'executed_segments_by_node': {'device': [], 'edge': [], 'cloud': [0, 1, 2, 3, 4, 5, 6, 7, 8, 9, 10, 11, 12, 13, 14, 15, 16, 17, 18]}, 'nodes': [{'node': 'device', 'executed_segments': [], 'queue_s': 0.0, 'segment_compute_s': 0.0, 'exit_head_compute_s': 0.0, 'exit_check_s': 0.0, 'worker_elapsed_s': 3.985301009379327e-05}, {'node': 'edge', 'executed_segments': [], 'queue_s': 0.001048200000241195, 'segment_compute_s': 0.0, 'exit_head_compute_s': 0.0, 'exit_check_s': 0.0, 'worker_elapsed_s': 0.00014099999998506973}, {'node': 'cloud', 'executed_segments': [0, 1, 2, 3, 4, 5, 6, 7, 8, 9, 10, 11, 12, 13, 14, 15, 16, 17, 18], 'queue_s': 0.0021408340107882395, 'segment_compute_s': 0.015808305994141847, 'exit_head_compute_s': 0.0009921050077537075, 'exit_check_s': 0.0004190480103716254, 'worker_elapsed_s': 0.018547094994573854}], 'sample_id': 'balanced_008_0071_00000694', 'label': 8, 'correct': True, 'observed_utility': -0.9523404150095303}",balanced_008_0071_00000694,80,694,0.4766228199005127,5950408010011599576,0.39046808300190605,0.0035683229807546013,0
0.0,0.0185445789975347,0.0185445789975347,4.372402327135205e-05,3.910000032192329e-05,0.0185445789975347,0.16419629300298766,4.372402327135205e-05,0.41010879300301895,0.22208259100352734,3.910000032192329e-05,0.24427449999984674,0.0221919089963194,0.0016380000001845474,0.0021655800082953647,0.41018155400524847,0.01862514099047985,1784947545.4536798,1784947544.7258937,1784947544.9758937,0.0004234200023347512,0.0010202650009887293,0.0021655800082953647,0.015834824997000396,0.9999856948852539,0.16419629300298766,ablate-cloud-only-resnet50-cifar10-pi5-r1-20260725-104447:v2,2,4.372402327135205e-05,unknown,0.22208259100352734,0.0,0.0,0.0008997999998427986,0.0,"{'device': [], 'edge': [], 'cloud': [0, 1, 2, 3, 4, 5, 6, 7, 8, 9, 10, 11, 12, 13, 14, 15, 16, 17, 18]}",19,final,cloud,True,7,1.0,5.0,1.0,0.41018155400524847,-1.0509077700262424,7,6a7f7494db374a81b0a761a02531686b,81,"{'device_compute': 4.372402327135205e-05, 'd2e_transport': 0.16419629300298766, 'edge_queue': 0.0008997999998427986, 'edge_segment_compute': 0.0, 'edge_exit_head_compute': 0.0, 'edge_exit_check': 0.0, 'e2c_transport': 0.22208259100352734, 'cloud_queue': 0.0021655800082953647, 'cloud_segment_compute': 0.015834824997000396, 'cloud_exit_head_compute': 0.0010202650009887293, 'cloud_exit_check': 0.0004234200023347512, 'total_latency': 0.41018155400524847, 'unattributed_overhead': 0.0035150559670000803, 'request_id': '6a7f7494db374a81b0a761a02531686b', 'user_id': 0, 'prediction': 7, 'exit_id': 'final', 'exit_boundary_id': 19, 'exit_location': 'cloud', 'confidence': 0.9999856948852539, 'executed_segments_by_node': {'device': [], 'edge': [], 'cloud': [0, 1, 2, 3, 4, 5, 6, 7, 8, 9, 10, 11, 12, 13, 14, 15, 16, 17, 18]}, 'nodes': [{'node': 'device', 'executed_segments': [], 'queue_s': 0.0, 'segment_compute_s': 0.0, 'exit_head_compute_s': 0.0, 'exit_check_s': 0.0, 'worker_elapsed_s': 4.372402327135205e-05}, {'node': 'edge', 'executed_segments': [], 'queue_s': 0.0008997999998427986, 'segment_compute_s': 0.0, 'exit_head_compute_s': 0.0, 'exit_check_s': 0.0, 'worker_elapsed_s': 8.479999996779952e-05}, {'node': 'cloud', 'executed_segments': [0, 1, 2, 3, 4, 5, 6, 7, 8, 9, 10, 11, 12, 13, 14, 15, 16, 17, 18], 'queue_s': 0.0021655800082953647, 'segment_compute_s': 0.015834824997000396, 'exit_head_compute_s': 0.0010202650009887293, 'exit_check_s': 0.0004234200023347512, 'worker_elapsed_s': 0.01862514099047985}], 'sample_id': 'balanced_007_0069_00000741', 'label': 7, 'correct': True, 'observed_utility': -1.0509077700262424}",balanced_007_0069_00000741,81,741,0.4777860641479492,5950408010011599576,0.41018155400524847,0.0035150559670000803,0
0.0,0.01836423900385853,0.01836423900385853,4.237200482748449e-05,7.230000028357608e-05,0.01836423900385853,0.23865890898559883,4.237200482748449e-05,0.3656576089852024,0.10294159700151795,7.230000028357608e-05,0.12496499999997468,0.02202340299845673,0.0020336999996288796,0.002247222000733018,0.3657296299934387,0.01845481200143695,1784947545.8907676,1784947545.158922,1784947545.408922,0.0004124089900869876,0.0009744069975567982,0.002247222000733018,0.015741988972877152,0.9747437834739685,0.23865890898559883,ablate-cloud-only-resnet50-cifar10-pi5-r1-20260725-104447:v2,2,4.237200482748449e-05,unknown,0.10294159700151795,0.0,0.0,0.001135200000135228,0.0,"{'device': [], 'edge': [], 'cloud': [0, 1, 2, 3, 4, 5, 6, 7, 8, 9, 10, 11, 12, 13, 14, 15, 16, 17, 18]}",19,final,cloud,True,3,1.0,5.0,1.0,0.3657296299934387,-0.8286481499671936,3,a7eb02ab719743e0bcf90ae8a5953961,82,"{'device_compute': 4.237200482748449e-05, 'd2e_transport': 0.23865890898559883, 'edge_queue': 0.001135200000135228, 'edge_segment_compute': 0.0, 'edge_exit_head_compute': 0.0, 'edge_exit_check': 0.0, 'e2c_transport': 0.10294159700151795, 'cloud_queue': 0.002247222000733018, 'cloud_segment_compute': 0.015741988972877152, 'cloud_exit_head_compute': 0.0009744069975567982, 'cloud_exit_check': 0.0004124089900869876, 'total_latency': 0.3657296299934387, 'unattributed_overhead': 0.0035755250401052763, 'request_id': 'a7eb02ab719743e0bcf90ae8a5953961', 'user_id': 0, 'prediction': 3, 'exit_id': 'final', 'exit_boundary_id': 19, 'exit_location': 'cloud', 'confidence': 0.9747437834739685, 'executed_segments_by_node': {'device': [], 'edge': [], 'cloud': [0, 1, 2, 3, 4, 5, 6, 7, 8, 9, 10, 11, 12, 13, 14, 15, 16, 17, 18]}, 'nodes': [{'node': 'device', 'executed_segments': [], 'queue_s': 0.0, 'segment_compute_s': 0.0, 'exit_head_compute_s': 0.0, 'exit_check_s': 0.0, 'worker_elapsed_s': 4.237200482748449e-05}, {'node': 'edge', 'executed_segments': [], 'queue_s': 0.001135200000135228, 'segment_compute_s': 0.0, 'exit_head_compute_s': 0.0, 'exit_check_s': 0.0, 'worker_elapsed_s': 0.0001395999997839681}, {'node': 'cloud', 'executed_segments': [0, 1, 2, 3, 4, 5, 6, 7, 8, 9, 10, 11, 12, 13, 14, 15, 16, 17, 18], 'queue_s': 0.002247222000733018, 'segment_compute_s': 0.015741988972877152, 'exit_head_compute_s': 0.0009744069975567982, 'exit_check_s': 0.0004124089900869876, 'worker_elapsed_s': 0.01845481200143695}], 'sample_id': 'balanced_003_0429_00004457', 'label': 3, 'correct': True, 'observed_utility': -0.8286481499671936}",balanced_003_0429_00004457,82,4457,0.4818456172943115,5950408010011599576,0.3657296299934387,0.0035755250401052763,0
0.0,0.018497208002372645,0.018497208002372645,4.2853003833442926e-05,3.1800000215298496e-05,0.018497208002372645,0.16035072400291028,4.2853003833442926e-05,0.28218152400222607,0.09801904100140746,3.1800000215298496e-05,0.12012329999970461,0.022104258998297155,0.0017074999996111728,0.0021964619954815134,0.2822525060037151,0.018572018001577817,1784947546.2815459,1784947545.5547357,1784947545.8047357,0.00041936100751627237,0.0009856229880824685,0.0021964619954815134,0.015850838986807503,0.9999985694885254,0.16035072400291028,ablate-cloud-only-resnet50-cifar10-pi5-r1-20260725-104447:v2,2,4.2853003833442926e-05,unknown,0.09801904100140746,0.0,0.0,0.0013119999998707499,0.0,"{'device': [], 'edge': [], 'cloud': [0, 1, 2, 3, 4, 5, 6, 7, 8, 9, 10, 11, 12, 13, 14, 15, 16, 17, 18]}",19,final,cloud,True,5,1.0,5.0,1.0,0.2822525060037151,-0.4112625300185755,5,3c82c40cee0748e3bc580aa39128e4b3,83,"{'device_compute': 4.2853003833442926e-05, 'd2e_transport': 0.16035072400291028, 'edge_queue': 0.0013119999998707499, 'edge_segment_compute': 0.0, 'edge_exit_head_compute': 0.0, 'edge_exit_check': 0.0, 'e2c_transport': 0.09801904100140746, 'cloud_queue': 0.0021964619954815134, 'cloud_segment_compute': 0.015850838986807503, 'cloud_exit_head_compute': 0.0009856229880824685, 'cloud_exit_check': 0.00041936100751627237, 'total_latency': 0.2822525060037151, 'unattributed_overhead': 0.003075603017805406, 'request_id': '3c82c40cee0748e3bc580aa39128e4b3', 'user_id': 0, 'prediction': 5, 'exit_id': 'final', 'exit_boundary_id': 19, 'exit_location': 'cloud', 'confidence': 0.9999985694885254, 'executed_segments_by_node': {'device': [], 'edge': [], 'cloud': [0, 1, 2, 3, 4, 5, 6, 7, 8, 9, 10, 11, 12, 13, 14, 15, 16, 17, 18]}, 'nodes': [{'node': 'device', 'executed_segments': [], 'queue_s': 0.0, 'segment_compute_s': 0.0, 'exit_head_compute_s': 0.0, 'exit_check_s': 0.0, 'worker_elapsed_s': 4.2853003833442926e-05}, {'node': 'edge', 'executed_segments': [], 'queue_s': 0.0013119999998707499, 'segment_compute_s': 0.0, 'exit_head_compute_s': 0.0, 'exit_check_s': 0.0, 'worker_elapsed_s': 7.170000026235357e-05}, {'node': 'cloud', 'executed_segments': [0, 1, 2, 3, 4, 5, 6, 7, 8, 9, 10, 11, 12, 13, 14, 15, 16, 17, 18], 'queue_s': 0.0021964619954815134, 'segment_compute_s': 0.015850838986807503, 'exit_head_compute_s': 0.0009856229880824685, 'exit_check_s': 0.00041936100751627237, 'worker_elapsed_s': 0.018572018001577817}], 'sample_id': 'balanced_005_0415_00004259', 'label': 5, 'correct': True, 'observed_utility': -0.4112625300185755}",balanced_005_0415_00004259,83,4259,0.4768102169036865,5950408010011599576,0.2822525060037151,0.003075603017805406,0
0.0,0.018445196998072788,0.018445196998072788,4.337099380791187e-05,7.199999981821747e-05,0.018445196998072788,0.1260855400046239,4.337099380791187e-05,0.27531244000419974,0.12518013000817518,7.199999981821747e-05,0.14723749999984648,0.022057369991671294,0.0019893999997293577,0.00214646800304763,0.2753838489879854,0.018523789010941982,1784947546.5956702,1784947545.8604317,1784947546.1104317,0.0004237340181134641,0.0009736419888213277,0.00214646800304763,0.015811990000656806,0.9999998807907104,0.1260855400046239,ablate-cloud-only-resnet50-cifar10-pi5-r1-20260725-104447:v2,2,4.337099380791187e-05,unknown,0.12518013000817518,0.0,0.0,0.0011202999999113672,0.0,"{'device': [], 'edge': [], 'cloud': [0, 1, 2, 3, 4, 5, 6, 7, 8, 9, 10, 11, 12, 13, 14, 15, 16, 17, 18]}",19,final,cloud,True,2,1.0,5.0,1.0,0.2753838489879854,-0.376919244939927,2,05cb6968ba0849bda43839acf9e31ba7,84,"{'device_compute': 4.337099380791187e-05, 'd2e_transport': 0.1260855400046239, 'edge_queue': 0.0011202999999113672, 'edge_segment_compute': 0.0, 'edge_exit_head_compute': 0.0, 'edge_exit_check': 0.0, 'e2c_transport': 0.12518013000817518, 'cloud_queue': 0.00214646800304763, 'cloud_segment_compute': 0.015811990000656806, 'cloud_exit_head_compute': 0.0009736419888213277, 'cloud_exit_check': 0.0004237340181134641, 'total_latency': 0.2753838489879854, 'unattributed_overhead': 0.0035986739708278037, 'request_id': '05cb6968ba0849bda43839acf9e31ba7', 'user_id': 0, 'prediction': 2, 'exit_id': 'final', 'exit_boundary_id': 19, 'exit_location': 'cloud', 'confidence': 0.9999998807907104, 'executed_segments_by_node': {'device': [], 'edge': [], 'cloud': [0, 1, 2, 3, 4, 5, 6, 7, 8, 9, 10, 11, 12, 13, 14, 15, 16, 17, 18]}, 'nodes': [{'node': 'device', 'executed_segments': [], 'queue_s': 0.0, 'segment_compute_s': 0.0, 'exit_head_compute_s': 0.0, 'exit_check_s': 0.0, 'worker_elapsed_s': 4.337099380791187e-05}, {'node': 'edge', 'executed_segments': [], 'queue_s': 0.0011202999999113672, 'segment_compute_s': 0.0, 'exit_head_compute_s': 0.0, 'exit_check_s': 0.0, 'worker_elapsed_s': 0.00014069999997445848}, {'node': 'cloud', 'executed_segments': [0, 1, 2, 3, 4, 5, 6, 7, 8, 9, 10, 11, 12, 13, 14, 15, 16, 17, 18], 'queue_s': 0.00214646800304763, 'segment_compute_s': 0.015811990000656806, 'exit_head_compute_s': 0.0009736419888213277, 'exit_check_s': 0.0004237340181134641, 'worker_elapsed_s': 0.018523789010941982}], 'sample_id': 'balanced_002_0487_00004653', 'label': 2, 'correct': True, 'observed_utility': -0.376919244939927}",balanced_002_0487_00004653,84,4653,0.48523855209350586,5950408010011599576,0.2753838489879854,0.0035986739708278037,0
0.0,0.02250929400906898,0.02250929400906898,4.035301390103996e-05,7.809999988239724e-05,0.02250929400906898,0.21654890899117163,4.035301390103996e-05,0.4649352089909371,0.21915343700811718,7.809999988239724e-05,0.24632859999974244,0.027175162991625257,0.0020577000000230328,0.0022221269900910556,0.46500367400585674,0.02258927900402341,1784947546.9182854,1784947546.1911936,1784947546.4411936,0.0004793940024683252,0.0011499710089992732,0.0022221269900910556,0.0195864750421606,0.9999785423278809,0.21654890899117163,ablate-cloud-only-resnet50-cifar10-pi5-r1-20260725-104447:v2,2,4.035301390103996e-05,unknown,0.21915343700811718,0.0,0.0,0.0012031999999635445,0.0,"{'device': [], 'edge': [], 'cloud': [0, 1, 2, 3, 4, 5, 6, 7, 8, 9, 10, 11, 12, 13, 14, 15, 16, 17, 18]}",19,final,cloud,True,9,1.0,5.0,1.0,0.46500367400585674,-1.3250183700292837,9,e18e2bb091c14ee29faf86c3bb28bf55,85,"{'device_compute': 4.035301390103996e-05, 'd2e_transport': 0.21654890899117163, 'edge_queue': 0.0012031999999635445, 'edge_segment_compute': 0.0, 'edge_exit_head_compute': 0.0, 'edge_exit_check': 0.0, 'e2c_transport': 0.21915343700811718, 'cloud_queue': 0.0022221269900910556, 'cloud_segment_compute': 0.0195864750421606, 'cloud_exit_head_compute': 0.0011499710089992732, 'cloud_exit_check': 0.0004793940024683252, 'total_latency': 0.46500367400585674, 'unattributed_overhead': 0.004619807948984089, 'request_id': 'e18e2bb091c14ee29faf86c3bb28bf55', 'user_id': 0, 'prediction': 9, 'exit_id': 'final', 'exit_boundary_id': 19, 'exit_location': 'cloud', 'confidence': 0.9999785423278809, 'executed_segments_by_node': {'device': [], 'edge': [], 'cloud': [0, 1, 2, 3, 4, 5, 6, 7, 8, 9, 10, 11, 12, 13, 14, 15, 16, 17, 18]}, 'nodes': [{'node': 'device', 'executed_segments': [], 'queue_s': 0.0, 'segment_compute_s': 0.0, 'exit_head_compute_s': 0.0, 'exit_check_s': 0.0, 'worker_elapsed_s': 4.035301390103996e-05}, {'node': 'edge', 'executed_segments': [], 'queue_s': 0.0012031999999635445, 'segment_compute_s': 0.0, 'exit_head_compute_s': 0.0, 'exit_check_s': 0.0, 'worker_elapsed_s': 0.0001492000001235283}, {'node': 'cloud', 'executed_segments': [0, 1, 2, 3, 4, 5, 6, 7, 8, 9, 10, 11, 12, 13, 14, 15, 16, 17, 18], 'queue_s': 0.0022221269900910556, 'segment_compute_s': 0.0195864750421606, 'exit_head_compute_s': 0.0011499710089992732, 'exit_check_s': 0.0004793940024683252, 'worker_elapsed_s': 0.02258927900402341}], 'sample_id': 'balanced_009_0339_00003307', 'label': 9, 'correct': True, 'observed_utility': -1.3250183700292837}",balanced_009_0339_00003307,85,3307,0.47709178924560547,5950408010011599576,0.46500367400585674,0.004619807948984089,0
0.0,0.018844046993763186,0.018844046993763186,4.405700019560754e-05,7.279999999809661e-05,0.018844046993763186,0.15834890198630092,4.405700019560754e-05,0.38417030198615976,0.2007540469930973,7.279999999809661e-05,0.22384489999967627,0.023090853006578982,0.0019765000001825683,0.002742109994869679,0.38424226801726036,0.018920426999102347,1784947547.4083357,1784947546.6808746,1784947546.9308746,0.0004214890068396926,0.0010022460046457127,0.002742109994869679,0.016147088972502388,0.9999997615814209,0.15834890198630092,ablate-cloud-only-resnet50-cifar10-pi5-r1-20260725-104447:v2,2,4.405700019560754e-05,unknown,0.2007540469930973,0.0,0.0,0.0011153000000376778,0.0,"{'device': [], 'edge': [], 'cloud': [0, 1, 2, 3, 4, 5, 6, 7, 8, 9, 10, 11, 12, 13, 14, 15, 16, 17, 18]}",19,final,cloud,True,6,1.0,5.0,1.0,0.38424226801726036,-0.9212113400863018,6,c4c24d43c9c14af7ba645f3b8f74d8b4,86,"{'device_compute': 4.405700019560754e-05, 'd2e_transport': 0.15834890198630092, 'edge_queue': 0.0011153000000376778, 'edge_segment_compute': 0.0, 'edge_exit_head_compute': 0.0, 'edge_exit_check': 0.0, 'e2c_transport': 0.2007540469930973, 'cloud_queue': 0.002742109994869679, 'cloud_segment_compute': 0.016147088972502388, 'cloud_exit_head_compute': 0.0010022460046457127, 'cloud_exit_check': 0.0004214890068396926, 'total_latency': 0.38424226801726036, 'unattributed_overhead': 0.0036670280587713933, 'request_id': 'c4c24d43c9c14af7ba645f3b8f74d8b4', 'user_id': 0, 'prediction': 6, 'exit_id': 'final', 'exit_boundary_id': 19, 'exit_location': 'cloud', 'confidence': 0.9999997615814209, 'executed_segments_by_node': {'device': [], 'edge': [], 'cloud': [0, 1, 2, 3, 4, 5, 6, 7, 8, 9, 10, 11, 12, 13, 14, 15, 16, 17, 18]}, 'nodes': [{'node': 'device', 'executed_segments': [], 'queue_s': 0.0, 'segment_compute_s': 0.0, 'exit_head_compute_s': 0.0, 'exit_check_s': 0.0, 'worker_elapsed_s': 4.405700019560754e-05}, {'node': 'edge', 'executed_segments': [], 'queue_s': 0.0011153000000376778, 'segment_compute_s': 0.0, 'exit_head_compute_s': 0.0, 'exit_check_s': 0.0, 'worker_elapsed_s': 0.00014160000000629225}, {'node': 'cloud', 'executed_segments': [0, 1, 2, 3, 4, 5, 6, 7, 8, 9, 10, 11, 12, 13, 14, 15, 16, 17, 18], 'queue_s': 0.002742109994869679, 'segment_compute_s': 0.016147088972502388, 'exit_head_compute_s': 0.0010022460046457127, 'exit_check_s': 0.0004214890068396926, 'worker_elapsed_s': 0.018920426999102347}], 'sample_id': 'balanced_006_0695_00006956', 'label': 6, 'correct': True, 'observed_utility': -0.9212113400863018}",balanced_006_0695_00006956,86,6956,0.4774610996246338,5950408010011599576,0.38424226801726036,0.0036670280587713933,0
0.0,0.01662242600286845,0.01662242600286845,4.118599463254213e-05,9.240000008503557e-05,0.01662242600286845,0.3548003879877797,4.118599463254213e-05,0.49569718798738904,0.11704084199254794,9.240000008503557e-05,0.13752429999976812,0.02048345800722018,0.0033724999998412386,0.0024265190004371107,0.4957661700027529,0.016723914988688193,1784947547.816743,1784947547.0884008,1784947547.3384008,0.00039205201028380543,0.0009233849996235222,0.0024265190004371107,0.014205864994437434,0.9423125982284546,0.3548003879877797,ablate-cloud-only-resnet50-cifar10-pi5-r1-20260725-104447:v2,2,4.118599463254213e-05,unknown,0.11704084199254794,0.0,0.0,0.0021578999999292137,0.0,"{'device': [], 'edge': [], 'cloud': [0, 1, 2, 3, 4, 5, 6, 7, 8, 9, 10, 11, 12, 13, 14, 15, 16, 17, 18]}",19,final,cloud,True,9,1.0,5.0,1.0,0.4957661700027529,-1.4788308500137646,9,81a67150b5364b589fc49645b5afdbca,87,"{'device_compute': 4.118599463254213e-05, 'd2e_transport': 0.3548003879877797, 'edge_queue': 0.0021578999999292137, 'edge_segment_compute': 0.0, 'edge_exit_head_compute': 0.0, 'edge_exit_check': 0.0, 'e2c_transport': 0.11704084199254794, 'cloud_queue': 0.0024265190004371107, 'cloud_segment_compute': 0.014205864994437434, 'cloud_exit_head_compute': 0.0009233849996235222, 'cloud_exit_check': 0.00039205201028380543, 'total_latency': 0.4957661700027529, 'unattributed_overhead': 0.0037780330230816617, 'request_id': '81a67150b5364b589fc49645b5afdbca', 'user_id': 0, 'prediction': 9, 'exit_id': 'final', 'exit_boundary_id': 19, 'exit_location': 'cloud', 'confidence': 0.9423125982284546, 'executed_segments_by_node': {'device': [], 'edge': [], 'cloud': [0, 1, 2, 3, 4, 5, 6, 7, 8, 9, 10, 11, 12, 13, 14, 15, 16, 17, 18]}, 'nodes': [{'node': 'device', 'executed_segments': [], 'queue_s': 0.0, 'segment_compute_s': 0.0, 'exit_head_compute_s': 0.0, 'exit_check_s': 0.0, 'worker_elapsed_s': 4.118599463254213e-05}, {'node': 'edge', 'executed_segments': [], 'queue_s': 0.0021578999999292137, 'segment_compute_s': 0.0, 'exit_head_compute_s': 0.0, 'exit_check_s': 0.0, 'worker_elapsed_s': 0.0001895999998851039}, {'node': 'cloud', 'executed_segments': [0, 1, 2, 3, 4, 5, 6, 7, 8, 9, 10, 11, 12, 13, 14, 15, 16, 17, 18], 'queue_s': 0.0024265190004371107, 'segment_compute_s': 0.014205864994437434, 'exit_head_compute_s': 0.0009233849996235222, 'exit_check_s': 0.00039205201028380543, 'worker_elapsed_s': 0.016723914988688193}], 'sample_id': 'balanced_009_0820_00008312', 'label': 9, 'correct': True, 'observed_utility': -1.4788308500137646}",balanced_009_0820_00008312,87,8312,0.47834205627441406,5950408010011599576,0.4957661700027529,0.0037780330230816617,0
0.0,0.018465656001353636,0.018465656001353636,4.370399983599782e-05,6.950000033612014e-05,0.018465656001353636,0.13222353399942222,4.370399983599782e-05,0.2838537339994218,0.12631110300071668,6.950000033612014e-05,0.1487277000001086,0.022416596999391913,0.002902499999891006,0.002535635998356156,0.2839266619994305,0.018539166005211882,1784947548.3364098,1784947547.6067688,1784947547.8567688,0.000425851991167292,0.0009900959848891944,0.002535635998356156,0.015809430988156237,0.9999995231628418,0.13222353399942222,ablate-cloud-only-resnet50-cifar10-pi5-r1-20260725-104447:v2,2,4.370399983599782e-05,unknown,0.12631110300071668,0.0,0.0,0.0019597000000430853,0.0,"{'device': [], 'edge': [], 'cloud': [0, 1, 2, 3, 4, 5, 6, 7, 8, 9, 10, 11, 12, 13, 14, 15, 16, 17, 18]}",19,final,cloud,True,5,1.0,5.0,1.0,0.2839266619994305,-0.41963330999715254,5,89176698b6ae440a825d7abd88af9a18,88,"{'device_compute': 4.370399983599782e-05, 'd2e_transport': 0.13222353399942222, 'edge_queue': 0.0019597000000430853, 'edge_segment_compute': 0.0, 'edge_exit_head_compute': 0.0, 'edge_exit_check': 0.0, 'e2c_transport': 0.12631110300071668, 'cloud_queue': 0.002535635998356156, 'cloud_segment_compute': 0.015809430988156237, 'cloud_exit_head_compute': 0.0009900959848891944, 'cloud_exit_check': 0.000425851991167292, 'total_latency': 0.2839266619994305, 'unattributed_overhead': 0.0036276060368436447, 'request_id': '89176698b6ae440a825d7abd88af9a18', 'user_id': 0, 'prediction': 5, 'exit_id': 'final', 'exit_boundary_id': 19, 'exit_location': 'cloud', 'confidence': 0.9999995231628418, 'executed_segments_by_node': {'device': [], 'edge': [], 'cloud': [0, 1, 2, 3, 4, 5, 6, 7, 8, 9, 10, 11, 12, 13, 14, 15, 16, 17, 18]}, 'nodes': [{'node': 'device', 'executed_segments': [], 'queue_s': 0.0, 'segment_compute_s': 0.0, 'exit_head_compute_s': 0.0, 'exit_check_s': 0.0, 'worker_elapsed_s': 4.370399983599782e-05}, {'node': 'edge', 'executed_segments': [], 'queue_s': 0.0019597000000430853, 'segment_compute_s': 0.0, 'exit_head_compute_s': 0.0, 'exit_check_s': 0.0, 'worker_elapsed_s': 0.0001474999999118154}, {'node': 'cloud', 'executed_segments': [0, 1, 2, 3, 4, 5, 6, 7, 8, 9, 10, 11, 12, 13, 14, 15, 16, 17, 18], 'queue_s': 0.002535635998356156, 'segment_compute_s': 0.015809430988156237, 'exit_head_compute_s': 0.0009900959848891944, 'exit_check_s': 0.000425851991167292, 'worker_elapsed_s': 0.018539166005211882}], 'sample_id': 'balanced_005_0528_00005447', 'label': 5, 'correct': True, 'observed_utility': -0.41963330999715254}",balanced_005_0528_00005447,88,5447,0.4796409606933594,5950408010011599576,0.2839266619994305,0.0036276060368436447,0
0.0,0.018383581002126448,0.018383581002126448,4.33160166721791e-05,7.279999999809661e-05,0.018383581002126448,0.15140703101269537,4.33160166721791e-05,0.2880863310128916,0.11216014501269456,7.279999999809661e-05,0.13424220000024434,0.022082054987549782,0.002437099999951897,0.002285855996888131,0.28815931401913986,0.018459104001522064,1784947548.6479,1784947547.917078,1784947548.167078,0.0003998660249635577,0.0009919190051732585,0.002285855996888131,0.015765197007567622,0.9999771118164062,0.15140703101269537,ablate-cloud-only-resnet50-cifar10-pi5-r1-20260725-104447:v2,2,4.33160166721791e-05,unknown,0.11216014501269456,0.0,0.0,0.0017041999999491964,0.0,"{'device': [], 'edge': [], 'cloud': [0, 1, 2, 3, 4, 5, 6, 7, 8, 9, 10, 11, 12, 13, 14, 15, 16, 17, 18]}",19,final,cloud,True,4,1.0,5.0,1.0,0.28815931401913986,-0.4407965700956993,4,075289a7f965456f85345007f99ee8c5,89,"{'device_compute': 4.33160166721791e-05, 'd2e_transport': 0.15140703101269537, 'edge_queue': 0.0017041999999491964, 'edge_segment_compute': 0.0, 'edge_exit_head_compute': 0.0, 'edge_exit_check': 0.0, 'e2c_transport': 0.11216014501269456, 'cloud_queue': 0.002285855996888131, 'cloud_segment_compute': 0.015765197007567622, 'cloud_exit_head_compute': 0.0009919190051732585, 'cloud_exit_check': 0.0003998660249635577, 'total_latency': 0.28815931401913986, 'unattributed_overhead': 0.0034017839425359853, 'request_id': '075289a7f965456f85345007f99ee8c5', 'user_id': 0, 'prediction': 4, 'exit_id': 'final', 'exit_boundary_id': 19, 'exit_location': 'cloud', 'confidence': 0.9999771118164062, 'executed_segments_by_node': {'device': [], 'edge': [], 'cloud': [0, 1, 2, 3, 4, 5, 6, 7, 8, 9, 10, 11, 12, 13, 14, 15, 16, 17, 18]}, 'nodes': [{'node': 'device', 'executed_segments': [], 'queue_s': 0.0, 'segment_compute_s': 0.0, 'exit_head_compute_s': 0.0, 'exit_check_s': 0.0, 'worker_elapsed_s': 4.33160166721791e-05}, {'node': 'edge', 'executed_segments': [], 'queue_s': 0.0017041999999491964, 'segment_compute_s': 0.0, 'exit_head_compute_s': 0.0, 'exit_check_s': 0.0, 'worker_elapsed_s': 0.00014520000013362733}, {'node': 'cloud', 'executed_segments': [0, 1, 2, 3, 4, 5, 6, 7, 8, 9, 10, 11, 12, 13, 14, 15, 16, 17, 18], 'queue_s': 0.002285855996888131, 'segment_compute_s': 0.015765197007567622, 'exit_head_compute_s': 0.0009919190051732585, 'exit_check_s': 0.0003998660249635577, 'worker_elapsed_s': 0.018459104001522064}], 'sample_id': 'balanced_004_0450_00004448', 'label': 4, 'correct': True, 'observed_utility': -0.4407965700956993}",balanced_004_0450_00004448,89,4448,0.4808220863342285,5950408010011599576,0.28815931401913986,0.0034017839425359853,0
0.0,0.01862701799836941,0.01862701799836941,4.377900040708482e-05,7.029999960650457e-05,0.01862701799836941,0.11404007898727286,4.377900040708482e-05,0.26105747898691334,0.12184106700806296,7.029999960650457e-05,0.14430999999967753,0.022468932991614565,0.002707399999962945,0.002347803005250171,0.26113122201059014,0.01871212299738545,1784947548.9639585,1784947548.237336,1784947548.487336,0.0004204599972581491,0.0009765190043253824,0.002347803005250171,0.015969059051712975,0.9999942779541016,0.11404007898727286,ablate-cloud-only-resnet50-cifar10-pi5-r1-20260725-104447:v2,2,4.377900040708482e-05,unknown,0.12184106700806296,0.0,0.0,0.0017730999998093466,0.0,"{'device': [], 'edge': [], 'cloud': [0, 1, 2, 3, 4, 5, 6, 7, 8, 9, 10, 11, 12, 13, 14, 15, 16, 17, 18]}",19,final,cloud,True,8,1.0,5.0,1.0,0.26113122201059014,-0.3056561100529507,8,c54974daded6477e817b552f9987d9bb,90,"{'device_compute': 4.377900040708482e-05, 'd2e_transport': 0.11404007898727286, 'edge_queue': 0.0017730999998093466, 'edge_segment_compute': 0.0, 'edge_exit_head_compute': 0.0, 'edge_exit_check': 0.0, 'e2c_transport': 0.12184106700806296, 'cloud_queue': 0.002347803005250171, 'cloud_segment_compute': 0.015969059051712975, 'cloud_exit_head_compute': 0.0009765190043253824, 'cloud_exit_check': 0.0004204599972581491, 'total_latency': 0.26113122201059014, 'unattributed_overhead': 0.0037193559564911993, 'request_id': 'c54974daded6477e817b552f9987d9bb', 'user_id': 0, 'prediction': 8, 'exit_id': 'final', 'exit_boundary_id': 19, 'exit_location': 'cloud', 'confidence': 0.9999942779541016, 'executed_segments_by_node': {'device': [], 'edge': [], 'cloud': [0, 1, 2, 3, 4, 5, 6, 7, 8, 9, 10, 11, 12, 13, 14, 15, 16, 17, 18]}, 'nodes': [{'node': 'device', 'executed_segments': [], 'queue_s': 0.0, 'segment_compute_s': 0.0, 'exit_head_compute_s': 0.0, 'exit_check_s': 0.0, 'worker_elapsed_s': 4.377900040708482e-05}, {'node': 'edge', 'executed_segments': [], 'queue_s': 0.0017730999998093466, 'segment_compute_s': 0.0, 'exit_head_compute_s': 0.0, 'exit_check_s': 0.0, 'worker_elapsed_s': 0.00016610000011496595}, {'node': 'cloud', 'executed_segments': [0, 1, 2, 3, 4, 5, 6, 7, 8, 9, 10, 11, 12, 13, 14, 15, 16, 17, 18], 'queue_s': 0.002347803005250171, 'segment_compute_s': 0.015969059051712975, 'exit_head_compute_s': 0.0009765190043253824, 'exit_check_s': 0.0004204599972581491, 'worker_elapsed_s': 0.01871212299738545}], 'sample_id': 'balanced_008_0024_00000191', 'label': 8, 'correct': True, 'observed_utility': -0.3056561100529507}",balanced_008_0024_00000191,90,191,0.4766225814819336,5950408010011599576,0.26113122201059014,0.0037193559564911993,0
0.0,0.01849880800000392,0.01849880800000392,4.109297879040241e-05,0.00014000000010128133,0.01849880800000392,0.12735784201731803,4.109297879040241e-05,0.2809660420170985,0.12711259299658195,0.00014000000010128133,0.1493599999998878,0.022247407003305852,0.004248199999892677,0.0023200180003186688,0.281034727988299,0.018574107001768425,1784947549.2519171,1784947548.5244446,1784947548.7744446,0.000419201998738572,0.0010193180060014129,0.0023200180003186688,0.01580850205209572,0.9999921321868896,0.12735784201731803,ablate-cloud-only-resnet50-cifar10-pi5-r1-20260725-104447:v2,2,4.109297879040241e-05,unknown,0.12711259299658195,0.0,0.0,0.0027876999997715757,0.0,"{'device': [], 'edge': [], 'cloud': [0, 1, 2, 3, 4, 5, 6, 7, 8, 9, 10, 11, 12, 13, 14, 15, 16, 17, 18]}",19,final,cloud,True,0,1.0,5.0,1.0,0.281034727988299,-0.4051736399414949,0,4224aa417e784ebdb3cb9c1613365ffd,91,"{'device_compute': 4.109297879040241e-05, 'd2e_transport': 0.12735784201731803, 'edge_queue': 0.0027876999997715757, 'edge_segment_compute': 0.0, 'edge_exit_head_compute': 0.0, 'edge_exit_check': 0.0, 'e2c_transport': 0.12711259299658195, 'cloud_queue': 0.0023200180003186688, 'cloud_segment_compute': 0.01580850205209572, 'cloud_exit_head_compute': 0.0010193180060014129, 'cloud_exit_check': 0.000419201998738572, 'total_latency': 0.281034727988299, 'unattributed_overhead': 0.004168459938682645, 'request_id': '4224aa417e784ebdb3cb9c1613365ffd', 'user_id': 0, 'prediction': 0, 'exit_id': 'final', 'exit_boundary_id': 19, 'exit_location': 'cloud', 'confidence': 0.9999921321868896, 'executed_segments_by_node': {'device': [], 'edge': [], 'cloud': [0, 1, 2, 3, 4, 5, 6, 7, 8, 9, 10, 11, 12, 13, 14, 15, 16, 17, 18]}, 'nodes': [{'node': 'device', 'executed_segments': [], 'queue_s': 0.0, 'segment_compute_s': 0.0, 'exit_head_compute_s': 0.0, 'exit_check_s': 0.0, 'worker_elapsed_s': 4.109297879040241e-05}, {'node': 'edge', 'executed_segments': [], 'queue_s': 0.0027876999997715757, 'segment_compute_s': 0.0, 'exit_head_compute_s': 0.0, 'exit_check_s': 0.0, 'worker_elapsed_s': 0.000246300000071642}, {'node': 'cloud', 'executed_segments': [0, 1, 2, 3, 4, 5, 6, 7, 8, 9, 10, 11, 12, 13, 14, 15, 16, 17, 18], 'queue_s': 0.0023200180003186688, 'segment_compute_s': 0.01580850205209572, 'exit_head_compute_s': 0.0010193180060014129, 'exit_check_s': 0.000419201998738572, 'worker_elapsed_s': 0.018574107001768425}], 'sample_id': 'balanced_000_0241_00002404', 'label': 0, 'correct': True, 'observed_utility': -0.4051736399414949}",balanced_000_0241_00002404,91,2404,0.47747254371643066,5950408010011599576,0.281034727988299,0.004168459938682645,0
0.0,0.01850284000101965,0.01850284000101965,5.02050097566098e-05,7.409999989249627e-05,0.01850284000101965,0.18950491798432267,5.02050097566098e-05,0.38440611798432656,0.16870580399245227,7.409999989249627e-05,0.1907627999999022,0.022056996007449925,0.004138400000101683,0.0021627339883707464,0.3844881569966674,0.018576579008367844,1784947549.5566802,1784947548.8279538,1784947549.0779538,0.00041944999247789383,0.0009929669904522598,0.0021627339883707464,0.015831226992304437,0.9999858140945435,0.18950491798432267,ablate-cloud-only-resnet50-cifar10-pi5-r1-20260725-104447:v2,2,5.02050097566098e-05,unknown,0.16870580399245227,0.0,0.0,0.0027805999998236075,0.0,"{'device': [], 'edge': [], 'cloud': [0, 1, 2, 3, 4, 5, 6, 7, 8, 9, 10, 11, 12, 13, 14, 15, 16, 17, 18]}",19,final,cloud,True,7,1.0,5.0,1.0,0.3844881569966674,-0.9224407849833369,7,b8f900d9ece6405fb06b08e451d7976e,92,"{'device_compute': 5.02050097566098e-05, 'd2e_transport': 0.18950491798432267, 'edge_queue': 0.0027805999998236075, 'edge_segment_compute': 0.0, 'edge_exit_head_compute': 0.0, 'edge_exit_check': 0.0, 'e2c_transport': 0.16870580399245227, 'cloud_queue': 0.0021627339883707464, 'cloud_segment_compute': 0.015831226992304437, 'cloud_exit_head_compute': 0.0009929669904522598, 'cloud_exit_check': 0.00041944999247789383, 'total_latency': 0.3844881569966674, 'unattributed_overhead': 0.0040402520467068825, 'request_id': 'b8f900d9ece6405fb06b08e451d7976e', 'user_id': 0, 'prediction': 7, 'exit_id': 'final', 'exit_boundary_id': 19, 'exit_location': 'cloud', 'confidence': 0.9999858140945435, 'executed_segments_by_node': {'device': [], 'edge': [], 'cloud': [0, 1, 2, 3, 4, 5, 6, 7, 8, 9, 10, 11, 12, 13, 14, 15, 16, 17, 18]}, 'nodes': [{'node': 'device', 'executed_segments': [], 'queue_s': 0.0, 'segment_compute_s': 0.0, 'exit_head_compute_s': 0.0, 'exit_check_s': 0.0, 'worker_elapsed_s': 5.02050097566098e-05}, {'node': 'edge', 'executed_segments': [], 'queue_s': 0.0027805999998236075, 'segment_compute_s': 0.0, 'exit_head_compute_s': 0.0, 'exit_check_s': 0.0, 'worker_elapsed_s': 0.0002751000001808279}, {'node': 'cloud', 'executed_segments': [0, 1, 2, 3, 4, 5, 6, 7, 8, 9, 10, 11, 12, 13, 14, 15, 16, 17, 18], 'queue_s': 0.0021627339883707464, 'segment_compute_s': 0.015831226992304437, 'exit_head_compute_s': 0.0009929669904522598, 'exit_check_s': 0.00041944999247789383, 'worker_elapsed_s': 0.018576579008367844}], 'sample_id': 'balanced_007_0014_00000145', 'label': 7, 'correct': True, 'observed_utility': -0.9224407849833369}",balanced_007_0014_00000145,92,145,0.4787263870239258,5950408010011599576,0.3844881569966674,0.0040402520467068825,0
0.0,0.018527507010730915,0.018527507010730915,4.170497413724661e-05,7.840000034775585e-05,0.018527507010730915,0.1487451300254179,4.170497413724661e-05,0.2825062300253194,0.10858873599636354,7.840000034775585e-05,0.1308382000001984,0.022249464003834873,0.002922899999703077,0.002262852998683229,0.28257691697217524,0.018603653996251523,1784947549.9666765,1784947549.237746,1784947549.487746,0.0004220180126139894,0.0009871820075204596,0.002262852998683229,0.015880324033787474,0.9924989342689514,0.1487451300254179,ablate-cloud-only-resnet50-cifar10-pi5-r1-20260725-104447:v2,2,4.170497413724661e-05,unknown,0.10858873599636354,0.0,0.0,0.0018524000001889362,0.0,"{'device': [], 'edge': [], 'cloud': [0, 1, 2, 3, 4, 5, 6, 7, 8, 9, 10, 11, 12, 13, 14, 15, 16, 17, 18]}",19,final,cloud,True,7,1.0,5.0,1.0,0.28257691697217524,-0.4128845848608762,7,9fe1649226074c1eac6f43fc6b336b85,93,"{'device_compute': 4.170497413724661e-05, 'd2e_transport': 0.1487451300254179, 'edge_queue': 0.0018524000001889362, 'edge_segment_compute': 0.0, 'edge_exit_head_compute': 0.0, 'edge_exit_check': 0.0, 'e2c_transport': 0.10858873599636354, 'cloud_queue': 0.002262852998683229, 'cloud_segment_compute': 0.015880324033787474, 'cloud_exit_head_compute': 0.0009871820075204596, 'cloud_exit_check': 0.0004220180126139894, 'total_latency': 0.28257691697217524, 'unattributed_overhead': 0.0037965689234624733, 'request_id': '9fe1649226074c1eac6f43fc6b336b85', 'user_id': 0, 'prediction': 7, 'exit_id': 'final', 'exit_boundary_id': 19, 'exit_location': 'cloud', 'confidence': 0.9924989342689514, 'executed_segments_by_node': {'device': [], 'edge': [], 'cloud': [0, 1, 2, 3, 4, 5, 6, 7, 8, 9, 10, 11, 12, 13, 14, 15, 16, 17, 18]}, 'nodes': [{'node': 'device', 'executed_segments': [], 'queue_s': 0.0, 'segment_compute_s': 0.0, 'exit_head_compute_s': 0.0, 'exit_check_s': 0.0, 'worker_elapsed_s': 4.170497413724661e-05}, {'node': 'edge', 'executed_segments': [], 'queue_s': 0.0018524000001889362, 'segment_compute_s': 0.0, 'exit_head_compute_s': 0.0, 'exit_check_s': 0.0, 'worker_elapsed_s': 0.00015619999976479448}, {'node': 'cloud', 'executed_segments': [0, 1, 2, 3, 4, 5, 6, 7, 8, 9, 10, 11, 12, 13, 14, 15, 16, 17, 18], 'queue_s': 0.002262852998683229, 'segment_compute_s': 0.015880324033787474, 'exit_head_compute_s': 0.0009871820075204596, 'exit_check_s': 0.0004220180126139894, 'worker_elapsed_s': 0.018603653996251523}], 'sample_id': 'balanced_007_0366_00003778', 'label': 7, 'correct': True, 'observed_utility': -0.4128845848608762}",balanced_007_0366_00003778,93,3778,0.4789304733276367,5950408010011599576,0.28257691697217524,0.0037965689234624733,0
0.0,0.018443200999172404,0.018443200999172404,4.4760003220289946e-05,4.930000022795866e-05,0.018443200999172404,0.11282788201515359,4.4760003220289946e-05,0.5723383820150048,0.4350527210099244,4.930000022795866e-05,0.4571814999999333,0.02212877899000887,0.002328999999917869,0.0022367490018950775,0.5724126239947509,0.018519414006732404,1784947550.2848744,1784947549.550175,1784947549.800175,0.00041798700112849474,0.000976768002146855,0.0022367490018950775,0.015814698024769314,0.9998118281364441,0.11282788201515359,ablate-cloud-only-resnet50-cifar10-pi5-r1-20260725-104447:v2,2,4.4760003220289946e-05,unknown,0.4350527210099244,0.0,0.0,0.0015585000001010485,0.0,"{'device': [], 'edge': [], 'cloud': [0, 1, 2, 3, 4, 5, 6, 7, 8, 9, 10, 11, 12, 13, 14, 15, 16, 17, 18]}",19,final,cloud,True,8,1.0,5.0,1.0,0.5724126239947509,-1.8620631199737545,8,ce078f585fc042baab0439ac932b1382,94,"{'device_compute': 4.4760003220289946e-05, 'd2e_transport': 0.11282788201515359, 'edge_queue': 0.0015585000001010485, 'edge_segment_compute': 0.0, 'edge_exit_head_compute': 0.0, 'edge_exit_check': 0.0, 'e2c_transport': 0.4350527210099244, 'cloud_queue': 0.0022367490018950775, 'cloud_segment_compute': 0.015814698024769314, 'cloud_exit_head_compute': 0.000976768002146855, 'cloud_exit_check': 0.00041798700112849474, 'total_latency': 0.5724126239947509, 'unattributed_overhead': 0.003482558936411806, 'request_id': 'ce078f585fc042baab0439ac932b1382', 'user_id': 0, 'prediction': 8, 'exit_id': 'final', 'exit_boundary_id': 19, 'exit_location': 'cloud', 'confidence': 0.9998118281364441, 'executed_segments_by_node': {'device': [], 'edge': [], 'cloud': [0, 1, 2, 3, 4, 5, 6, 7, 8, 9, 10, 11, 12, 13, 14, 15, 16, 17, 18]}, 'nodes': [{'node': 'device', 'executed_segments': [], 'queue_s': 0.0, 'segment_compute_s': 0.0, 'exit_head_compute_s': 0.0, 'exit_check_s': 0.0, 'worker_elapsed_s': 4.4760003220289946e-05}, {'node': 'edge', 'executed_segments': [], 'queue_s': 0.0015585000001010485, 'segment_compute_s': 0.0, 'exit_head_compute_s': 0.0, 'exit_check_s': 0.0, 'worker_elapsed_s': 0.00010779999956866959}, {'node': 'cloud', 'executed_segments': [0, 1, 2, 3, 4, 5, 6, 7, 8, 9, 10, 11, 12, 13, 14, 15, 16, 17, 18], 'queue_s': 0.0022367490018950775, 'segment_compute_s': 0.015814698024769314, 'exit_head_compute_s': 0.000976768002146855, 'exit_check_s': 0.00041798700112849474, 'worker_elapsed_s': 0.018519414006732404}], 'sample_id': 'balanced_008_0025_00000196', 'label': 8, 'correct': True, 'observed_utility': -1.8620631199737545}",balanced_008_0025_00000196,94,196,0.4846994876861572,5950408010011599576,0.5724126239947509,0.003482558936411806,0
0.0,0.018175870005507022,0.018175870005507022,4.120400990359485e-05,7.409999989249627e-05,0.018175870005507022,0.11271582799281532,4.120400990359485e-05,0.2841886279929895,0.14763387899847658,7.409999989249627e-05,0.16941489999999249,0.02178102100151591,0.0020579000001816894,0.002161761003662832,0.28425881400471553,0.018245715997181833,1784947550.8810787,1784947550.1528356,1784947550.4028356,0.00040600201464258134,0.0009470469958614558,0.002161761003662832,0.01561314199352637,0.9526774883270264,0.11271582799281532,ablate-cloud-only-resnet50-cifar10-pi5-r1-20260725-104447:v2,2,4.120400990359485e-05,unknown,0.14763387899847658,0.0,0.0,0.0013078000001769396,0.0,"{'device': [], 'edge': [], 'cloud': [0, 1, 2, 3, 4, 5, 6, 7, 8, 9, 10, 11, 12, 13, 14, 15, 16, 17, 18]}",19,final,cloud,True,7,1.0,5.0,1.0,0.28425881400471553,-0.42129407002357766,7,ee72d65d06574953b38a26dce1ddc1e9,95,"{'device_compute': 4.120400990359485e-05, 'd2e_transport': 0.11271582799281532, 'edge_queue': 0.0013078000001769396, 'edge_segment_compute': 0.0, 'edge_exit_head_compute': 0.0, 'edge_exit_check': 0.0, 'e2c_transport': 0.14763387899847658, 'cloud_queue': 0.002161761003662832, 'cloud_segment_compute': 0.01561314199352637, 'cloud_exit_head_compute': 0.0009470469958614558, 'cloud_exit_check': 0.00040600201464258134, 'total_latency': 0.28425881400471553, 'unattributed_overhead': 0.003432150995649863, 'request_id': 'ee72d65d06574953b38a26dce1ddc1e9', 'user_id': 0, 'prediction': 7, 'exit_id': 'final', 'exit_boundary_id': 19, 'exit_location': 'cloud', 'confidence': 0.9526774883270264, 'executed_segments_by_node': {'device': [], 'edge': [], 'cloud': [0, 1, 2, 3, 4, 5, 6, 7, 8, 9, 10, 11, 12, 13, 14, 15, 16, 17, 18]}, 'nodes': [{'node': 'device', 'executed_segments': [], 'queue_s': 0.0, 'segment_compute_s': 0.0, 'exit_head_compute_s': 0.0, 'exit_check_s': 0.0, 'worker_elapsed_s': 4.120400990359485e-05}, {'node': 'edge', 'executed_segments': [], 'queue_s': 0.0013078000001769396, 'segment_compute_s': 0.0, 'exit_head_compute_s': 0.0, 'exit_check_s': 0.0, 'worker_elapsed_s': 0.00014879999980621506}, {'node': 'cloud', 'executed_segments': [0, 1, 2, 3, 4, 5, 6, 7, 8, 9, 10, 11, 12, 13, 14, 15, 16, 17, 18], 'queue_s': 0.002161761003662832, 'segment_compute_s': 0.01561314199352637, 'exit_head_compute_s': 0.0009470469958614558, 'exit_check_s': 0.00040600201464258134, 'worker_elapsed_s': 0.018245715997181833}], 'sample_id': 'balanced_007_0167_00001708', 'label': 7, 'correct': True, 'observed_utility': -0.42129407002357766}",balanced_007_0167_00001708,95,1708,0.4782431125640869,5950408010011599576,0.28425881400471553,0.003432150995649863,0
0.0,0.023156506998930126,0.023156506998930126,4.053799784742296e-05,7.370000002993038e-05,0.023156506998930126,0.22753537698963555,4.053799784742296e-05,0.47469867698964663,0.21693614200330558,7.370000002993038e-05,0.24424649999991743,0.027310357996611856,0.0029168000000936445,0.0021612710115732625,0.474767437990522,0.023252612998476252,1784947551.2023506,1784947550.475393,1784947550.725393,0.0004457989998627454,0.001243147999048233,0.0021612710115732625,0.020106121999560855,0.9998981952667236,0.22753537698963555,ablate-cloud-only-resnet50-cifar10-pi5-r1-20260725-104447:v2,2,4.053799784742296e-05,unknown,0.21693614200330558,0.0,0.0,0.002124699999967561,0.0,"{'device': [], 'edge': [], 'cloud': [0, 1, 2, 3, 4, 5, 6, 7, 8, 9, 10, 11, 12, 13, 14, 15, 16, 17, 18]}",19,final,cloud,True,5,1.0,5.0,1.0,0.474767437990522,-1.37383718995261,5,183a2e95641d4e819655759248f813ad,96,"{'device_compute': 4.053799784742296e-05, 'd2e_transport': 0.22753537698963555, 'edge_queue': 0.002124699999967561, 'edge_segment_compute': 0.0, 'edge_exit_head_compute': 0.0, 'edge_exit_check': 0.0, 'e2c_transport': 0.21693614200330558, 'cloud_queue': 0.0021612710115732625, 'cloud_segment_compute': 0.020106121999560855, 'cloud_exit_head_compute': 0.001243147999048233, 'cloud_exit_check': 0.0004457989998627454, 'total_latency': 0.474767437990522, 'unattributed_overhead': 0.004174340989720804, 'request_id': '183a2e95641d4e819655759248f813ad', 'user_id': 0, 'prediction': 5, 'exit_id': 'final', 'exit_boundary_id': 19, 'exit_location': 'cloud', 'confidence': 0.9998981952667236, 'executed_segments_by_node': {'device': [], 'edge': [], 'cloud': [0, 1, 2, 3, 4, 5, 6, 7, 8, 9, 10, 11, 12, 13, 14, 15, 16, 17, 18]}, 'nodes': [{'node': 'device', 'executed_segments': [], 'queue_s': 0.0, 'segment_compute_s': 0.0, 'exit_head_compute_s': 0.0, 'exit_check_s': 0.0, 'worker_elapsed_s': 4.053799784742296e-05}, {'node': 'edge', 'executed_segments': [], 'queue_s': 0.002124699999967561, 'segment_compute_s': 0.0, 'exit_head_compute_s': 0.0, 'exit_check_s': 0.0, 'worker_elapsed_s': 0.00014620000001741573}, {'node': 'cloud', 'executed_segments': [0, 1, 2, 3, 4, 5, 6, 7, 8, 9, 10, 11, 12, 13, 14, 15, 16, 17, 18], 'queue_s': 0.0021612710115732625, 'segment_compute_s': 0.020106121999560855, 'exit_head_compute_s': 0.001243147999048233, 'exit_check_s': 0.0004457989998627454, 'worker_elapsed_s': 0.023252612998476252}], 'sample_id': 'balanced_005_0606_00006064', 'label': 5, 'correct': True, 'observed_utility': -1.37383718995261}",balanced_005_0606_00006064,96,6064,0.4769575595855713,5950408010011599576,0.474767437990522,0.004174340989720804,0
0.0,0.018717017999733798,0.018717017999733798,3.963097697123885e-05,7.660000028408831e-05,0.018717017999733798,0.262060510001902,3.963097697123885e-05,0.47447431000182405,0.18746210800190966,7.660000028408831e-05,0.2100722999998652,0.022610191997955553,0.0023415000000568398,0.002445945006911643,0.47454166298848577,0.01879409000684973,1784947551.7146587,1784947550.9864302,1784947551.2364302,0.0004257489927113056,0.0009981940092984587,0.002445945006911643,0.01600816303107422,0.9999996423721313,0.262060510001902,ablate-cloud-only-resnet50-cifar10-pi5-r1-20260725-104447:v2,2,3.963097697123885e-05,unknown,0.18746210800190966,0.0,0.0,0.0014569999998457206,0.0,"{'device': [], 'edge': [], 'cloud': [0, 1, 2, 3, 4, 5, 6, 7, 8, 9, 10, 11, 12, 13, 14, 15, 16, 17, 18]}",19,final,cloud,True,6,1.0,5.0,1.0,0.47454166298848577,-1.3727083149424288,6,63fb0380ddee42b882e624b8d2b11136,97,"{'device_compute': 3.963097697123885e-05, 'd2e_transport': 0.262060510001902, 'edge_queue': 0.0014569999998457206, 'edge_segment_compute': 0.0, 'edge_exit_head_compute': 0.0, 'edge_exit_check': 0.0, 'e2c_transport': 0.18746210800190966, 'cloud_queue': 0.002445945006911643, 'cloud_segment_compute': 0.01600816303107422, 'cloud_exit_head_compute': 0.0009981940092984587, 'cloud_exit_check': 0.0004257489927113056, 'total_latency': 0.47454166298848577, 'unattributed_overhead': 0.0036443629678615252, 'request_id': '63fb0380ddee42b882e624b8d2b11136', 'user_id': 0, 'prediction': 6, 'exit_id': 'final', 'exit_boundary_id': 19, 'exit_location': 'cloud', 'confidence': 0.9999996423721313, 'executed_segments_by_node': {'device': [], 'edge': [], 'cloud': [0, 1, 2, 3, 4, 5, 6, 7, 8, 9, 10, 11, 12, 13, 14, 15, 16, 17, 18]}, 'nodes': [{'node': 'device', 'executed_segments': [], 'queue_s': 0.0, 'segment_compute_s': 0.0, 'exit_head_compute_s': 0.0, 'exit_check_s': 0.0, 'worker_elapsed_s': 3.963097697123885e-05}, {'node': 'edge', 'executed_segments': [], 'queue_s': 0.0014569999998457206, 'segment_compute_s': 0.0, 'exit_head_compute_s': 0.0, 'exit_check_s': 0.0, 'worker_elapsed_s': 0.00015380000013465178}, {'node': 'cloud', 'executed_segments': [0, 1, 2, 3, 4, 5, 6, 7, 8, 9, 10, 11, 12, 13, 14, 15, 16, 17, 18], 'queue_s': 0.002445945006911643, 'segment_compute_s': 0.01600816303107422, 'exit_head_compute_s': 0.0009981940092984587, 'exit_check_s': 0.0004257489927113056, 'worker_elapsed_s': 0.01879409000684973}], 'sample_id': 'balanced_006_0075_00000635', 'label': 6, 'correct': True, 'observed_utility': -1.3727083149424288}",balanced_006_0075_00000635,97,635,0.4782285690307617,5950408010011599576,0.47454166298848577,0.0036443629678615252,0
0.0,0.018422629000269808,0.018422629000269808,4.857502062804997e-05,7.809999988239724e-05,0.018422629000269808,0.25335970300193367,4.857502062804997e-05,0.48437170300167054,0.20562111599974742,7.809999988239724e-05,0.22769890000017767,0.022077784000430256,0.003313099999559199,0.0022004579950589687,0.4844506490044296,0.018547741012298502,1784947552.2167308,1784947551.487865,1784947551.737865,0.0004144429840380326,0.000974191993009299,0.0022004579950589687,0.015805587972863577,0.9312570691108704,0.25335970300193367,ablate-cloud-only-resnet50-cifar10-pi5-r1-20260725-104447:v2,2,4.857502062804997e-05,unknown,0.20562111599974742,0.0,0.0,0.00238919999992504,0.0,"{'device': [], 'edge': [], 'cloud': [0, 1, 2, 3, 4, 5, 6, 7, 8, 9, 10, 11, 12, 13, 14, 15, 16, 17, 18]}",19,final,cloud,True,5,1.0,5.0,1.0,0.4844506490044296,-1.422253245022148,5,f02447588bca4d0dbb3bc9d69642acd9,98,"{'device_compute': 4.857502062804997e-05, 'd2e_transport': 0.25335970300193367, 'edge_queue': 0.00238919999992504, 'edge_segment_compute': 0.0, 'edge_exit_head_compute': 0.0, 'edge_exit_check': 0.0, 'e2c_transport': 0.20562111599974742, 'cloud_queue': 0.0022004579950589687, 'cloud_segment_compute': 0.015805587972863577, 'cloud_exit_head_compute': 0.000974191993009299, 'cloud_exit_check': 0.0004144429840380326, 'total_latency': 0.4844506490044296, 'unattributed_overhead': 0.003637374037225527, 'request_id': 'f02447588bca4d0dbb3bc9d69642acd9', 'user_id': 0, 'prediction': 5, 'exit_id': 'final', 'exit_boundary_id': 19, 'exit_location': 'cloud', 'confidence': 0.9312570691108704, 'executed_segments_by_node': {'device': [], 'edge': [], 'cloud': [0, 1, 2, 3, 4, 5, 6, 7, 8, 9, 10, 11, 12, 13, 14, 15, 16, 17, 18]}, 'nodes': [{'node': 'device', 'executed_segments': [], 'queue_s': 0.0, 'segment_compute_s': 0.0, 'exit_head_compute_s': 0.0, 'exit_check_s': 0.0, 'worker_elapsed_s': 4.857502062804997e-05}, {'node': 'edge', 'executed_segments': [], 'queue_s': 0.00238919999992504, 'segment_compute_s': 0.0, 'exit_head_compute_s': 0.0, 'exit_check_s': 0.0, 'worker_elapsed_s': 0.00015419999999721767}, {'node': 'cloud', 'executed_segments': [0, 1, 2, 3, 4, 5, 6, 7, 8, 9, 10, 11, 12, 13, 14, 15, 16, 17, 18], 'queue_s': 0.0022004579950589687, 'segment_compute_s': 0.015805587972863577, 'exit_head_compute_s': 0.000974191993009299, 'exit_check_s': 0.0004144429840380326, 'worker_elapsed_s': 0.018547741012298502}], 'sample_id': 'balanced_005_0283_00002948', 'label': 5, 'correct': True, 'observed_utility': -1.422253245022148}",balanced_005_0283_00002948,98,2948,0.4788658618927002,5950408010011599576,0.4844506490044296,0.003637374037225527,0
0.0,0.018711789991357364,0.018711789991357364,4.164900747127831e-05,8.980000029623625e-05,0.018711789991357364,0.22281286501402064,4.164900747127831e-05,0.37673476501367986,0.12873365200766784,8.980000029623625e-05,0.1511372999998457,0.022403647992177866,0.0027845999998135085,0.002242987000499852,0.3768041000002995,0.018811322006513365,1784947552.7364964,1784947552.009128,1784947552.259128,0.0004212079948047176,0.0010009080142481253,0.002242987000499852,0.016037414025049657,0.999976396560669,0.22281286501402064,ablate-cloud-only-resnet50-cifar10-pi5-r1-20260725-104447:v2,2,4.164900747127831e-05,unknown,0.12873365200766784,0.0,0.0,0.0018340000001444423,0.0,"{'device': [], 'edge': [], 'cloud': [0, 1, 2, 3, 4, 5, 6, 7, 8, 9, 10, 11, 12, 13, 14, 15, 16, 17, 18]}",19,final,cloud,True,4,1.0,5.0,1.0,0.3768041000002995,-0.8840205000014976,4,332bf6bb2170462b9277a661f83c6df7,99,"{'device_compute': 4.164900747127831e-05, 'd2e_transport': 0.22281286501402064, 'edge_queue': 0.0018340000001444423, 'edge_segment_compute': 0.0, 'edge_exit_head_compute': 0.0, 'edge_exit_check': 0.0, 'e2c_transport': 0.12873365200766784, 'cloud_queue': 0.002242987000499852, 'cloud_segment_compute': 0.016037414025049657, 'cloud_exit_head_compute': 0.0010009080142481253, 'cloud_exit_check': 0.0004212079948047176, 'total_latency': 0.3768041000002995, 'unattributed_overhead': 0.003679416936392954, 'request_id': '332bf6bb2170462b9277a661f83c6df7', 'user_id': 0, 'prediction': 4, 'exit_id': 'final', 'exit_boundary_id': 19, 'exit_location': 'cloud', 'confidence': 0.999976396560669, 'executed_segments_by_node': {'device': [], 'edge': [], 'cloud': [0, 1, 2, 3, 4, 5, 6, 7, 8, 9, 10, 11, 12, 13, 14, 15, 16, 17, 18]}, 'nodes': [{'node': 'device', 'executed_segments': [], 'queue_s': 0.0, 'segment_compute_s': 0.0, 'exit_head_compute_s': 0.0, 'exit_check_s': 0.0, 'worker_elapsed_s': 4.164900747127831e-05}, {'node': 'edge', 'executed_segments': [], 'queue_s': 0.0018340000001444423, 'segment_compute_s': 0.0, 'exit_head_compute_s': 0.0, 'exit_check_s': 0.0, 'worker_elapsed_s': 0.0001627000001462875}, {'node': 'cloud', 'executed_segments': [0, 1, 2, 3, 4, 5, 6, 7, 8, 9, 10, 11, 12, 13, 14, 15, 16, 17, 18], 'queue_s': 0.002242987000499852, 'segment_compute_s': 0.016037414025049657, 'exit_head_compute_s': 0.0010009080142481253, 'exit_check_s': 0.0004212079948047176, 'worker_elapsed_s': 0.018811322006513365}], 'sample_id': 'balanced_004_0771_00007391', 'label': 4, 'correct': True, 'observed_utility': -0.8840205000014976}",balanced_004_0771_00007391,99,7391,0.4773683547973633,5950408010011599576,0.3768041000002995,0.003679416936392954,0
