experiment_id,run_id,seed,state_id,training_mode,epoch,wall_clock_s,outer_objective,paper_utility_sum,expected_accuracy_sum,expected_accuracy_mean,expected_latency_sum_s,expected_latency_mean_s,split_entropy_HX,exit_entropy_HY,relative_objective_change,objective_cv,best_epoch,is_current_best,converged,stopping_reason,utility_consistent,source_path
controlled-5seed-resnet50-cifar10-20260726,controlled-5seed-resnet50-cifar10-20260726:seed-0:S0,0,S0,cold,0,3.062656300025992,2.2632848764072397,2.2632848764072397,3.5009576202515293,0.8752394050628823,1.2376727438442894,0.30941818596107235,5.25749388885498,-0.17113448524475097,,,0,True,False,,True,D:\Coding\Python\DSCI_SEAS\Scripts\Exp4_System-Overhead\result_data\seed_0_20260726-184020\convergence\20260726-184020-830_controlled-5seed-resnet50-cifar10-20260726_seed-0_S0_cold.jsonl
controlled-5seed-resnet50-cifar10-20260726,controlled-5seed-resnet50-cifar10-20260726:seed-0:S0,0,S0,cold,1,5.991460300050676,1.9944197032575732,1.9944197032575732,3.0079051043914884,0.7519762760978721,1.0134854011339152,0.2533713502834788,5.257282304445902,-0.1724765080610911,,,0,False,False,,True,D:\Coding\Python\DSCI_SEAS\Scripts\Exp4_System-Overhead\result_data\seed_0_20260726-184020\convergence\20260726-184020-830_controlled-5seed-resnet50-cifar10-20260726_seed-0_S0_cold.jsonl
controlled-5seed-resnet50-cifar10-20260726,controlled-5seed-resnet50-cifar10-20260726:seed-0:S0,0,S0,cold,2,9.070730100036599,2.2101704033242795,2.2101704033242795,3.2164445693796964,0.8041111423449241,1.0062741660554166,0.25156854151385416,5.256729498227437,-0.17555553114414216,,,0,False,False,,True,D:\Coding\Python\DSCI_SEAS\Scripts\Exp4_System-Overhead\result_data\seed_0_20260726-184020\convergence\20260726-184020-830_controlled-5seed-resnet50-cifar10-20260726_seed-0_S0_cold.jsonl
controlled-5seed-resnet50-cifar10-20260726,controlled-5seed-resnet50-cifar10-20260726:seed-0:S0,0,S0,cold,3,12.017071800073609,2.080244293523596,2.080244293523596,3.6694229325002725,0.9173557331250681,1.5891786389766764,0.3972946597441691,5.2555281314849855,-0.1810586838722229,,,0,False,False,,True,D:\Coding\Python\DSCI_SEAS\Scripts\Exp4_System-Overhead\result_data\seed_0_20260726-184020\convergence\20260726-184020-830_controlled-5seed-resnet50-cifar10-20260726_seed-0_S0_cold.jsonl
controlled-5seed-resnet50-cifar10-20260726,controlled-5seed-resnet50-cifar10-20260726:seed-0:S0,0,S0,cold,4,14.947982200072147,2.098031790933586,2.098031790933586,3.0086785036344965,0.7521696259086241,0.9106467127009108,0.2276616781752277,5.2532168976465865,-0.19118188718954723,,,0,False,False,,True,D:\Coding\Python\DSCI_SEAS\Scripts\Exp4_System-Overhead\result_data\seed_0_20260726-184020\convergence\20260726-184020-830_controlled-5seed-resnet50-cifar10-20260726_seed-0_S0_cold.jsonl
controlled-5seed-resnet50-cifar10-20260726,controlled-5seed-resnet50-cifar10-20260726:seed-0:S0,0,S0,cold,5,18.136840400053188,2.1809201473508555,2.1809201473508555,3.4025154248145393,0.8506288562036348,1.2215952774636838,0.30539881936592095,5.249046776771546,-0.21550351572036744,,,0,False,False,,True,D:\Coding\Python\DSCI_SEAS\Scripts\Exp4_System-Overhead\result_data\seed_0_20260726-184020\convergence\20260726-184020-830_controlled-5seed-resnet50-cifar10-20260726_seed-0_S0_cold.jsonl
controlled-5seed-resnet50-cifar10-20260726,controlled-5seed-resnet50-cifar10-20260726:seed-0:S0,0,S0,cold,6,21.036549200071022,1.9084384104281549,1.9084384104281549,3.022295995144853,0.7555739987862132,1.113857584716698,0.2784643961791745,5.241999238332113,-0.25080863845348356,,,0,False,False,,True,D:\Coding\Python\DSCI_SEAS\Scripts\Exp4_System-Overhead\result_data\seed_0_20260726-184020\convergence\20260726-184020-830_controlled-5seed-resnet50-cifar10-20260726_seed-0_S0_cold.jsonl
controlled-5seed-resnet50-cifar10-20260726,controlled-5seed-resnet50-cifar10-20260726:seed-0:S0,0,S0,cold,7,23.988771000062115,1.9199819488800607,1.9199819488800607,3.3936648177495554,0.8484162044373889,1.4736828688694947,0.3684207172173737,5.231162357012431,-0.30819212770462034,,,0,False,False,,True,D:\Coding\Python\DSCI_SEAS\Scripts\Exp4_System-Overhead\result_data\seed_0_20260726-184020\convergence\20260726-184020-830_controlled-5seed-resnet50-cifar10-20260726_seed-0_S0_cold.jsonl
controlled-5seed-resnet50-cifar10-20260726,controlled-5seed-resnet50-cifar10-20260726:seed-0:S0,0,S0,cold,8,26.998136200010777,2.2749594949925918,2.2749594949925918,3.4802286498981134,0.8700571624745284,1.2052691549055217,0.3013172887263804,5.216705757459005,-0.3476819860537847,,,8,True,False,,True,D:\Coding\Python\DSCI_SEAS\Scripts\Exp4_System-Overhead\result_data\seed_0_20260726-184020\convergence\20260726-184020-830_controlled-5seed-resnet50-cifar10-20260726_seed-0_S0_cold.jsonl
controlled-5seed-resnet50-cifar10-20260726,controlled-5seed-resnet50-cifar10-20260726:seed-0:S0,0,S0,cold,9,29.899665800039656,2.2407563250585714,2.2407563250585714,3.5105004739558403,0.8776251184889601,1.2697441488972692,0.3174360372243173,5.196633458773295,-0.41266470710436504,,,8,False,False,,True,D:\Coding\Python\DSCI_SEAS\Scripts\Exp4_System-Overhead\result_data\seed_0_20260726-184020\convergence\20260726-184020-830_controlled-5seed-resnet50-cifar10-20260726_seed-0_S0_cold.jsonl
controlled-5seed-resnet50-cifar10-20260726,controlled-5seed-resnet50-cifar10-20260726:seed-0:S0,0,S0,cold,10,32.88789660006296,2.5749200584429506,2.5749200584429506,3.8190125969290336,0.9547531492322584,1.244092538486083,0.31102313462152076,5.17125411605835,-0.4665585236549377,,,10,True,False,,True,D:\Coding\Python\DSCI_SEAS\Scripts\Exp4_System-Overhead\result_data\seed_0_20260726-184020\convergence\20260726-184020-830_controlled-5seed-resnet50-cifar10-20260726_seed-0_S0_cold.jsonl
controlled-5seed-resnet50-cifar10-20260726,controlled-5seed-resnet50-cifar10-20260726:seed-0:S0,0,S0,cold,11,35.82427400001325,2.3818582416223277,2.3818582416223277,3.5324861458394885,0.8831215364598721,1.1506279042171608,0.2876569760542902,5.13877914428711,-0.5011294848918915,,,10,False,False,,True,D:\Coding\Python\DSCI_SEAS\Scripts\Exp4_System-Overhead\result_data\seed_0_20260726-184020\convergence\20260726-184020-830_controlled-5seed-resnet50-cifar10-20260726_seed-0_S0_cold.jsonl
controlled-5seed-resnet50-cifar10-20260726,controlled-5seed-resnet50-cifar10-20260726:seed-0:S0,0,S0,cold,12,39.879363700049,2.536113130765304,2.536113130765304,3.432427816949394,0.8581069542373485,0.8963146861840898,0.22407867154602246,5.095251193682353,-0.5232655206918716,,,10,False,False,,True,D:\Coding\Python\DSCI_SEAS\Scripts\Exp4_System-Overhead\result_data\seed_0_20260726-184020\convergence\20260726-184020-830_controlled-5seed-resnet50-cifar10-20260726_seed-0_S0_cold.jsonl
controlled-5seed-resnet50-cifar10-20260726,controlled-5seed-resnet50-cifar10-20260726:seed-0:S0,0,S0,cold,13,44.47687880008016,2.308019031695303,2.308019031695303,3.4957441787750274,0.8739360446937569,1.1877251470797243,0.2969312867699311,5.0415278902053835,-0.5678308718999227,,,10,False,False,,True,D:\Coding\Python\DSCI_SEAS\Scripts\Exp4_System-Overhead\result_data\seed_0_20260726-184020\convergence\20260726-184020-830_controlled-5seed-resnet50-cifar10-20260726_seed-0_S0_cold.jsonl
controlled-5seed-resnet50-cifar10-20260726,controlled-5seed-resnet50-cifar10-20260726:seed-0:S0,0,S0,cold,14,47.442884400021285,2.337217410019843,2.337217410019843,3.067182000830285,0.7667955002075713,0.7299645908104424,0.1824911477026106,4.980084620793661,-0.5694001114368439,,,10,False,False,,True,D:\Coding\Python\DSCI_SEAS\Scripts\Exp4_System-Overhead\result_data\seed_0_20260726-184020\convergence\20260726-184020-830_controlled-5seed-resnet50-cifar10-20260726_seed-0_S0_cold.jsonl
controlled-5seed-resnet50-cifar10-20260726,controlled-5seed-resnet50-cifar10-20260726:seed-0:S0,0,S0,cold,15,50.527833400061354,2.513703851027632,2.513703851027632,3.6235047001921723,0.9058761750480431,1.1098008491645404,0.2774502122911351,4.914254180908203,-0.6030814361174901,,,10,False,False,,True,D:\Coding\Python\DSCI_SEAS\Scripts\Exp4_System-Overhead\result_data\seed_0_20260726-184020\convergence\20260726-184020-830_controlled-5seed-resnet50-cifar10-20260726_seed-0_S0_cold.jsonl
controlled-5seed-resnet50-cifar10-20260726,controlled-5seed-resnet50-cifar10-20260726:seed-0:S0,0,S0,cold,16,53.546827600104734,2.5883550277577463,2.5883550277577463,3.65276649932,0.91319162483,1.0644114715622537,0.2661028678905634,4.835430909156799,-0.6388340004285177,,,16,True,False,,True,D:\Coding\Python\DSCI_SEAS\Scripts\Exp4_System-Overhead\result_data\seed_0_20260726-184020\convergence\20260726-184020-830_controlled-5seed-resnet50-cifar10-20260726_seed-0_S0_cold.jsonl
controlled-5seed-resnet50-cifar10-20260726,controlled-5seed-resnet50-cifar10-20260726:seed-0:S0,0,S0,cold,17,56.72424240002874,2.7725210654821644,2.7725210654821644,3.780208686108624,0.945052171527156,1.0076876206264598,0.25192190515661494,4.7497196855545045,-0.6443958441416423,,,17,True,False,,True,D:\Coding\Python\DSCI_SEAS\Scripts\Exp4_System-Overhead\result_data\seed_0_20260726-184020\convergence\20260726-184020-830_controlled-5seed-resnet50-cifar10-20260726_seed-0_S0_cold.jsonl
controlled-5seed-resnet50-cifar10-20260726,controlled-5seed-resnet50-cifar10-20260726:seed-0:S0,0,S0,cold,18,59.91011030005757,2.9845448407066155,2.9845448407066155,3.839731327530579,0.9599328318826448,0.8551864868239636,0.2137966217059909,4.658264713287354,-0.7038409972588221,,,18,True,False,,True,D:\Coding\Python\DSCI_SEAS\Scripts\Exp4_System-Overhead\result_data\seed_0_20260726-184020\convergence\20260726-184020-830_controlled-5seed-resnet50-cifar10-20260726_seed-0_S0_cold.jsonl
controlled-5seed-resnet50-cifar10-20260726,controlled-5seed-resnet50-cifar10-20260726:seed-0:S0,0,S0,cold,19,63.05679520010017,2.7066299208974534,2.7066299208974534,3.6807825485293053,0.9201956371323263,0.974152627631852,0.243538156907963,4.556838777224223,-0.754126021583875,,,18,False,False,,True,D:\Coding\Python\DSCI_SEAS\Scripts\Exp4_System-Overhead\result_data\seed_0_20260726-184020\convergence\20260726-184020-830_controlled-5seed-resnet50-cifar10-20260726_seed-0_S0_cold.jsonl
controlled-5seed-resnet50-cifar10-20260726,controlled-5seed-resnet50-cifar10-20260726:seed-0:S0,0,S0,cold,20,66.26644630008377,2.943679530179212,2.943679530179212,3.771720166760179,0.9429300416900448,0.8280406365809674,0.20701015914524185,4.448070567448934,-0.8100628596146902,,,18,False,False,,True,D:\Coding\Python\DSCI_SEAS\Scripts\Exp4_System-Overhead\result_data\seed_0_20260726-184020\convergence\20260726-184020-830_controlled-5seed-resnet50-cifar10-20260726_seed-0_S0_cold.jsonl
controlled-5seed-resnet50-cifar10-20260726,controlled-5seed-resnet50-cifar10-20260726:seed-0:S0,0,S0,cold,21,71.84571950009558,2.834328739514146,2.834328739514146,3.7543490818720002,0.9385872704680001,0.9200203423578541,0.23000508558946353,4.3525901816685995,-0.9074905231793722,,,18,False,False,,True,D:\Coding\Python\DSCI_SEAS\Scripts\Exp4_System-Overhead\result_data\seed_0_20260726-184020\convergence\20260726-184020-830_controlled-5seed-resnet50-cifar10-20260726_seed-0_S0_cold.jsonl
controlled-5seed-resnet50-cifar10-20260726,controlled-5seed-resnet50-cifar10-20260726:seed-0:S0,0,S0,cold,22,76.58393429999705,2.9944582595749867,2.9944582595749867,3.7914031108239747,0.9478507777059937,0.7969448512489882,0.19923621281224704,4.2552022399902345,-1.0472960907618205,,,22,True,False,,True,D:\Coding\Python\DSCI_SEAS\Scripts\Exp4_System-Overhead\result_data\seed_0_20260726-184020\convergence\20260726-184020-830_controlled-5seed-resnet50-cifar10-20260726_seed-0_S0_cold.jsonl
controlled-5seed-resnet50-cifar10-20260726,controlled-5seed-resnet50-cifar10-20260726:seed-0:S0,0,S0,cold,23,82.03670410008635,2.955338748438636,2.955338748438636,3.859893458507238,0.9649733646268095,0.9045547100686018,0.22613867751715044,4.163296457608541,-1.196221645116806,,,22,False,False,,True,D:\Coding\Python\DSCI_SEAS\Scripts\Exp4_System-Overhead\result_data\seed_0_20260726-184020\convergence\20260726-184020-830_controlled-5seed-resnet50-cifar10-20260726_seed-0_S0_cold.jsonl
controlled-5seed-resnet50-cifar10-20260726,controlled-5seed-resnet50-cifar10-20260726:seed-0:S0,0,S0,cold,24,87.17948640009854,3.044442088493035,3.044442088493035,3.874451992152,0.968612998038,0.8300099036589649,0.20750247591474122,4.06984677696228,-1.364298603216807,,,24,True,False,,True,D:\Coding\Python\DSCI_SEAS\Scripts\Exp4_System-Overhead\result_data\seed_0_20260726-184020\convergence\20260726-184020-830_controlled-5seed-resnet50-cifar10-20260726_seed-0_S0_cold.jsonl
controlled-5seed-resnet50-cifar10-20260726,controlled-5seed-resnet50-cifar10-20260726:seed-0:S0,0,S0,cold,25,93.18408480007201,3.0606528339223757,3.0606528339223757,3.8227817284241934,0.9556954321060483,0.7621288945018176,0.1905322236254544,3.974362370332082,-1.4127746371428171,,,25,True,False,,True,D:\Coding\Python\DSCI_SEAS\Scripts\Exp4_System-Overhead\result_data\seed_0_20260726-184020\convergence\20260726-184020-830_controlled-5seed-resnet50-cifar10-20260726_seed-0_S0_cold.jsonl
controlled-5seed-resnet50-cifar10-20260726,controlled-5seed-resnet50-cifar10-20260726:seed-0:S0,0,S0,cold,26,97.41492190002464,3.1023726370203453,3.1023726370203453,3.8392983306588704,0.9598245826647176,0.736925693638525,0.18423142340963125,3.8717003389994304,-1.4929439091682435,,,26,True,False,,True,D:\Coding\Python\DSCI_SEAS\Scripts\Exp4_System-Overhead\result_data\seed_0_20260726-184020\convergence\20260726-184020-830_controlled-5seed-resnet50-cifar10-20260726_seed-0_S0_cold.jsonl
controlled-5seed-resnet50-cifar10-20260726,controlled-5seed-resnet50-cifar10-20260726:seed-0:S0,0,S0,cold,27,100.89820220007095,3.0836595472379913,3.0836595472379913,3.8438391487147436,0.9609597871786859,0.7601796014767523,0.19004490036918809,3.777989502112071,-1.6392535522778828,,,26,False,False,,True,D:\Coding\Python\DSCI_SEAS\Scripts\Exp4_System-Overhead\result_data\seed_0_20260726-184020\convergence\20260726-184020-830_controlled-5seed-resnet50-cifar10-20260726_seed-0_S0_cold.jsonl
controlled-5seed-resnet50-cifar10-20260726,controlled-5seed-resnet50-cifar10-20260726:seed-0:S0,0,S0,cold,28,105.04751420009416,3.042052466269636,3.042052466269636,3.8746428767665444,0.9686607191916361,0.832590410496908,0.208147602624227,3.6796846520105997,-1.8005652991135914,,,26,False,False,,True,D:\Coding\Python\DSCI_SEAS\Scripts\Exp4_System-Overhead\result_data\seed_0_20260726-184020\convergence\20260726-184020-830_controlled-5seed-resnet50-cifar10-20260726_seed-0_S0_cold.jsonl
controlled-5seed-resnet50-cifar10-20260726,controlled-5seed-resnet50-cifar10-20260726:seed-0:S0,0,S0,cold,29,111.19264280004427,3.115087566613335,3.115087566613335,3.8540478974525847,0.9635119743631462,0.73896033083925,0.1847400827098125,3.573201412677765,-1.8975092550913493,,,29,True,False,,True,D:\Coding\Python\DSCI_SEAS\Scripts\Exp4_System-Overhead\result_data\seed_0_20260726-184020\convergence\20260726-184020-830_controlled-5seed-resnet50-cifar10-20260726_seed-0_S0_cold.jsonl
controlled-5seed-resnet50-cifar10-20260726,controlled-5seed-resnet50-cifar10-20260726:seed-0:S0,0,S0,cold,30,117.37969040009193,3.1445635363961766,3.1445635363961766,3.877825925102947,0.9694564812757368,0.7332623887067706,0.18331559717669266,3.470857801437378,-2.0240642182032267,,,30,True,False,,True,D:\Coding\Python\DSCI_SEAS\Scripts\Exp4_System-Overhead\result_data\seed_0_20260726-184020\convergence\20260726-184020-830_controlled-5seed-resnet50-cifar10-20260726_seed-0_S0_cold.jsonl
controlled-5seed-resnet50-cifar10-20260726,controlled-5seed-resnet50-cifar10-20260726:seed-0:S0,0,S0,cold,31,123.686852700077,3.1229128119098206,3.1229128119098206,3.881389537334552,0.970347384333638,0.7584767254247315,0.1896191813561829,3.3738362601598104,-2.165673236211141,,,30,False,False,,True,D:\Coding\Python\DSCI_SEAS\Scripts\Exp4_System-Overhead\result_data\seed_0_20260726-184020\convergence\20260726-184020-830_controlled-5seed-resnet50-cifar10-20260726_seed-0_S0_cold.jsonl
controlled-5seed-resnet50-cifar10-20260726,controlled-5seed-resnet50-cifar10-20260726:seed-0:S0,0,S0,cold,32,129.06454570009373,3.118566016442591,3.118566016442591,3.8809453922640005,0.9702363480660001,0.7623793758214098,0.19059484395535245,3.269650101025899,-2.3137035133043926,,,30,False,False,,True,D:\Coding\Python\DSCI_SEAS\Scripts\Exp4_System-Overhead\result_data\seed_0_20260726-184020\convergence\20260726-184020-830_controlled-5seed-resnet50-cifar10-20260726_seed-0_S0_cold.jsonl
controlled-5seed-resnet50-cifar10-20260726,controlled-5seed-resnet50-cifar10-20260726:seed-0:S0,0,S0,cold,33,134.58543890004512,3.1551848800792563,3.1551848800792563,3.8843524960240003,0.9710881240060001,0.7291676159447441,0.18229190398618603,3.164855542341868,-2.4230384360949198,,,33,True,False,,True,D:\Coding\Python\DSCI_SEAS\Scripts\Exp4_System-Overhead\result_data\seed_0_20260726-184020\convergence\20260726-184020-830_controlled-5seed-resnet50-cifar10-20260726_seed-0_S0_cold.jsonl
controlled-5seed-resnet50-cifar10-20260726,controlled-5seed-resnet50-cifar10-20260726:seed-0:S0,0,S0,cold,34,140.27068890002556,3.175685800998322,3.175685800998322,3.880345945656,0.970086486414,0.7046601446576778,0.17616503616441945,3.0605122078259788,-2.608769631544749,,,34,True,False,,True,D:\Coding\Python\DSCI_SEAS\Scripts\Exp4_System-Overhead\result_data\seed_0_20260726-184020\convergence\20260726-184020-830_controlled-5seed-resnet50-cifar10-20260726_seed-0_S0_cold.jsonl
controlled-5seed-resnet50-cifar10-20260726,controlled-5seed-resnet50-cifar10-20260726:seed-0:S0,0,S0,cold,35,145.8361898000585,3.1457428626761543,3.1457428626761543,3.891560122216,0.972890030554,0.7458172595398459,0.18645431488496148,2.935954924424489,-2.7447446354230247,,,34,False,False,,True,D:\Coding\Python\DSCI_SEAS\Scripts\Exp4_System-Overhead\result_data\seed_0_20260726-184020\convergence\20260726-184020-830_controlled-5seed-resnet50-cifar10-20260726_seed-0_S0_cold.jsonl
controlled-5seed-resnet50-cifar10-20260726,controlled-5seed-resnet50-cifar10-20260726:seed-0:S0,0,S0,cold,36,151.2232837000629,3.1678812772857183,3.1678812772857183,3.871056756152144,0.967764189038036,0.7031754788664254,0.17579386971660635,2.802084015687307,-2.841507099469503,,,34,False,False,,True,D:\Coding\Python\DSCI_SEAS\Scripts\Exp4_System-Overhead\result_data\seed_0_20260726-184020\convergence\20260726-184020-830_controlled-5seed-resnet50-cifar10-20260726_seed-0_S0_cold.jsonl
controlled-5seed-resnet50-cifar10-20260726,controlled-5seed-resnet50-cifar10-20260726:seed-0:S0,0,S0,cold,37,155.77787810005248,3.1957859236551607,3.1957859236551607,3.90118645052615,0.9752966126315376,0.7054005268709895,0.17635013171774738,2.679931460062663,-3.0206635290781656,,,37,True,False,,True,D:\Coding\Python\DSCI_SEAS\Scripts\Exp4_System-Overhead\result_data\seed_0_20260726-184020\convergence\20260726-184020-830_controlled-5seed-resnet50-cifar10-20260726_seed-0_S0_cold.jsonl
controlled-5seed-resnet50-cifar10-20260726,controlled-5seed-resnet50-cifar10-20260726:seed-0:S0,0,S0,cold,38,159.631644600071,3.173876987221284,3.173876987221284,3.879737253678842,0.9699343134197105,0.7058602664575575,0.17646506661438938,2.5698295761744183,-3.214551513036092,,,37,False,False,,True,D:\Coding\Python\DSCI_SEAS\Scripts\Exp4_System-Overhead\result_data\seed_0_20260726-184020\convergence\20260726-184020-830_controlled-5seed-resnet50-cifar10-20260726_seed-0_S0_cold.jsonl
controlled-5seed-resnet50-cifar10-20260726,controlled-5seed-resnet50-cifar10-20260726:seed-0:S0,0,S0,cold,39,165.357525600004,3.177420706189143,3.177420706189143,3.884460410382032,0.971115102595508,0.7070397041928892,0.1767599260482223,2.4480072520573932,-3.4019588160514833,0.3174095933600118,0.029990465440239603,37,False,False,,True,D:\Coding\Python\DSCI_SEAS\Scripts\Exp4_System-Overhead\result_data\seed_0_20260726-184020\convergence\20260726-184020-830_controlled-5seed-resnet50-cifar10-20260726_seed-0_S0_cold.jsonl
controlled-5seed-resnet50-cifar10-20260726,controlled-5seed-resnet50-cifar10-20260726:seed-0:S0,0,S0,cold,40,171.54076480004005,3.188350717484805,3.188350717484805,3.9097389027053997,0.9774347256763499,0.7213881852205946,0.18034704630514864,2.328965661207835,-3.5019600982666015,0.3037058689223889,0.02866348077402522,37,False,False,,True,D:\Coding\Python\DSCI_SEAS\Scripts\Exp4_System-Overhead\result_data\seed_0_20260726-184020\convergence\20260726-184020-830_controlled-5seed-resnet50-cifar10-20260726_seed-0_S0_cold.jsonl
controlled-5seed-resnet50-cifar10-20260726,controlled-5seed-resnet50-cifar10-20260726:seed-0:S0,0,S0,cold,41,178.18800880003255,3.200851011733573,3.200851011733573,3.9050360365494274,0.9762590091373569,0.7041850248158545,0.17604625620396364,2.2089174187978107,-3.6445534680684406,0.2886533605626517,0.021612321645282723,41,True,False,,True,D:\Coding\Python\DSCI_SEAS\Scripts\Exp4_System-Overhead\result_data\seed_0_20260726-184020\convergence\20260726-184020-830_controlled-5seed-resnet50-cifar10-20260726_seed-0_S0_cold.jsonl
controlled-5seed-resnet50-cifar10-20260726,controlled-5seed-resnet50-cifar10-20260726:seed-0:S0,0,S0,cold,42,184.67498900007922,3.1939629505483675,3.1939629505483675,3.8985226973760003,0.9746306743440001,0.7045597468276329,0.17613993670690822,2.0860761516888937,-3.8005099382400513,0.27215934381533696,0.02012341254248016,41,False,False,,True,D:\Coding\Python\DSCI_SEAS\Scripts\Exp4_System-Overhead\result_data\seed_0_20260726-184020\convergence\20260726-184020-830_controlled-5seed-resnet50-cifar10-20260726_seed-0_S0_cold.jsonl
controlled-5seed-resnet50-cifar10-20260726,controlled-5seed-resnet50-cifar10-20260726:seed-0:S0,0,S0,cold,43,190.16309390007518,3.2026862780883314,3.2026862780883314,3.907968444487712,0.976992111121928,0.7052821663993805,0.17632054159984512,1.9606523931821187,-3.9554664929707846,0.25486005436670056,0.01621301941075207,43,True,False,,True,D:\Coding\Python\DSCI_SEAS\Scripts\Exp4_System-Overhead\result_data\seed_0_20260726-184020\convergence\20260726-184020-830_controlled-5seed-resnet50-cifar10-20260726_seed-0_S0_cold.jsonl
controlled-5seed-resnet50-cifar10-20260726,controlled-5seed-resnet50-cifar10-20260726:seed-0:S0,0,S0,cold,44,195.74803430004977,3.2025121140737363,3.2025121140737363,3.9076513779470723,0.9769128444867681,0.7051392638733361,0.17628481596833404,1.8404667282104492,-4.072130720297496,0.23467341701378883,0.01509833362436007,43,False,False,,True,D:\Coding\Python\DSCI_SEAS\Scripts\Exp4_System-Overhead\result_data\seed_0_20260726-184020\convergence\20260726-184020-830_controlled-5seed-resnet50-cifar10-20260726_seed-0_S0_cold.jsonl
controlled-5seed-resnet50-cifar10-20260726,controlled-5seed-resnet50-cifar10-20260726:seed-0:S0,0,S0,cold,45,199.5142659000121,3.1996255554965356,3.1996255554965356,3.904304028576669,0.9760760071441672,0.7046784730801331,0.17616961827003327,1.7198689291477203,-4.2783389670054115,0.21641603338213125,0.014017617323676484,43,False,False,,True,D:\Coding\Python\DSCI_SEAS\Scripts\Exp4_System-Overhead\result_data\seed_0_20260726-184020\convergence\20260726-184020-830_controlled-5seed-resnet50-cifar10-20260726_seed-0_S0_cold.jsonl
controlled-5seed-resnet50-cifar10-20260726,controlled-5seed-resnet50-cifar10-20260726:seed-0:S0,0,S0,cold,46,202.90402060002089,3.207124983873977,3.207124983873977,3.9125156531446397,0.9781289132861599,0.7053906692706627,0.17634766731766569,1.5988804546197255,-4.480954437573751,0.19102607357495477,0.013869861442586152,46,True,False,,True,D:\Coding\Python\DSCI_SEAS\Scripts\Exp4_System-Overhead\result_data\seed_0_20260726-184020\convergence\20260726-184020-830_controlled-5seed-resnet50-cifar10-20260726_seed-0_S0_cold.jsonl
controlled-5seed-resnet50-cifar10-20260726,controlled-5seed-resnet50-cifar10-20260726:seed-0:S0,0,S0,cold,47,206.2902943000663,3.2053346009361396,3.2053346009361396,3.9089043581969793,0.9772260895492448,0.7035697572608397,0.17589243931520993,1.5059026221434275,-4.546000061670939,0.16771616291022143,0.012973550574400252,46,False,False,,True,D:\Coding\Python\DSCI_SEAS\Scripts\Exp4_System-Overhead\result_data\seed_0_20260726-184020\convergence\20260726-184020-830_controlled-5seed-resnet50-cifar10-20260726_seed-0_S0_cold.jsonl
controlled-5seed-resnet50-cifar10-20260726,controlled-5seed-resnet50-cifar10-20260726:seed-0:S0,0,S0,cold,48,209.62769290001597,3.2059660383570012,3.2059660383570012,3.911095407104,0.977773851776,0.7051293687469986,0.17628234218674965,1.4234311817487082,-4.795395491917928,0.1544114635185312,0.009553288956058642,46,False,False,,True,D:\Coding\Python\DSCI_SEAS\Scripts\Exp4_System-Overhead\result_data\seed_0_20260726-184020\convergence\20260726-184020-830_controlled-5seed-resnet50-cifar10-20260726_seed-0_S0_cold.jsonl
controlled-5seed-resnet50-cifar10-20260726,controlled-5seed-resnet50-cifar10-20260726:seed-0:S0,0,S0,cold,49,212.9466447000159,3.2075784021135125,3.2075784021135125,3.913009274292272,0.978252318573068,0.7054308721787595,0.1763577180446899,1.3323239365418753,-4.94919101079305,0.13800402058660538,0.008741923046003039,49,True,False,,True,D:\Coding\Python\DSCI_SEAS\Scripts\Exp4_System-Overhead\result_data\seed_0_20260726-184020\convergence\20260726-184020-830_controlled-5seed-resnet50-cifar10-20260726_seed-0_S0_cold.jsonl
controlled-5seed-resnet50-cifar10-20260726,controlled-5seed-resnet50-cifar10-20260726:seed-0:S0,0,S0,cold,50,216.19884300010744,3.2065937841168775,3.2065937841168775,3.9109971068097535,0.9777492767024384,0.7044033226928762,0.17610083067321905,1.2536165223121642,-5.136199766476949,0.12761906947408272,0.008536508287984051,49,False,False,,True,D:\Coding\Python\DSCI_SEAS\Scripts\Exp4_System-Overhead\result_data\seed_0_20260726-184020\convergence\20260726-184020-830_controlled-5seed-resnet50-cifar10-20260726_seed-0_S0_cold.jsonl
controlled-5seed-resnet50-cifar10-20260726,controlled-5seed-resnet50-cifar10-20260726:seed-0:S0,0,S0,cold,51,219.7732515000971,3.2069966732871134,3.2069966732871134,3.9116233883680005,0.9779058470920001,0.7046267150808874,0.17615667877022184,1.1788609658877054,-5.375821367581685,0.11447805143051622,0.0075008597277370455,49,False,False,,True,D:\Coding\Python\DSCI_SEAS\Scripts\Exp4_System-Overhead\result_data\seed_0_20260726-184020\convergence\20260726-184020-830_controlled-5seed-resnet50-cifar10-20260726_seed-0_S0_cold.jsonl
controlled-5seed-resnet50-cifar10-20260726,controlled-5seed-resnet50-cifar10-20260726:seed-0:S0,0,S0,cold,52,223.0238424000563,3.209647232110525,3.209647232110525,3.91394131568,0.97848532892,0.7042940835694749,0.17607352089236872,1.1071180609067282,-5.629719600359599,0.10481871717086118,0.005804791000514032,52,True,False,,True,D:\Coding\Python\DSCI_SEAS\Scripts\Exp4_System-Overhead\result_data\seed_0_20260726-184020\convergence\20260726-184020-830_controlled-5seed-resnet50-cifar10-20260726_seed-0_S0_cold.jsonl
controlled-5seed-resnet50-cifar10-20260726,controlled-5seed-resnet50-cifar10-20260726:seed-0:S0,0,S0,cold,53,226.38567000010516,3.209038719899067,3.209038719899067,3.91410179048,0.97852544762,0.7050630705809331,0.17626576764523327,1.0445931194623312,-5.839813877423604,0.0897708366469786,0.005291882322184765,52,False,False,,True,D:\Coding\Python\DSCI_SEAS\Scripts\Exp4_System-Overhead\result_data\seed_0_20260726-184020\convergence\20260726-184020-830_controlled-5seed-resnet50-cifar10-20260726_seed-0_S0_cold.jsonl
controlled-5seed-resnet50-cifar10-20260726,controlled-5seed-resnet50-cifar10-20260726:seed-0:S0,0,S0,cold,54,229.70214720000513,3.208174540321205,3.208174540321205,3.912977320832,0.978244330208,0.7048027805107946,0.17620069512769865,0.9943493761618932,-5.9738552811940515,0.07494964033367074,0.005197728381046055,52,False,False,,True,D:\Coding\Python\DSCI_SEAS\Scripts\Exp4_System-Overhead\result_data\seed_0_20260726-184020\convergence\20260726-184020-830_controlled-5seed-resnet50-cifar10-20260726_seed-0_S0_cold.jsonl
controlled-5seed-resnet50-cifar10-20260726,controlled-5seed-resnet50-cifar10-20260726:seed-0:S0,0,S0,cold,55,233.07466100004967,3.2086434366284435,3.2086434366284435,3.913279611691613,0.9783199029229033,0.7046361750631696,0.1761590437657924,0.9479160026311875,-6.251380690892537,0.06469000411856007,0.0038190855374000054,52,False,False,,True,D:\Coding\Python\DSCI_SEAS\Scripts\Exp4_System-Overhead\result_data\seed_0_20260726-184020\convergence\20260726-184020-830_controlled-5seed-resnet50-cifar10-20260726_seed-0_S0_cold.jsonl
controlled-5seed-resnet50-cifar10-20260726,controlled-5seed-resnet50-cifar10-20260726:seed-0:S0,0,S0,cold,56,236.4280076000141,3.2082785203733115,3.2082785203733115,3.9126742,0.97816855,0.7043956796266884,0.1760989199066721,0.909242463906606,-6.294099256197612,0.0551858726031167,0.0031466934141431498,52,False,False,,True,D:\Coding\Python\DSCI_SEAS\Scripts\Exp4_System-Overhead\result_data\seed_0_20260726-184020\convergence\20260726-184020-830_controlled-5seed-resnet50-cifar10-20260726_seed-0_S0_cold.jsonl
controlled-5seed-resnet50-cifar10-20260726,controlled-5seed-resnet50-cifar10-20260726:seed-0:S0,0,S0,cold,57,239.7331432000501,3.208832575184877,3.208832575184877,3.91375833688,0.97843958422,0.7049257616951228,0.1762314404237807,0.8863045052687327,-6.685008640289307,0.048088948243916886,0.0031674350367546754,52,False,False,,True,D:\Coding\Python\DSCI_SEAS\Scripts\Exp4_System-Overhead\result_data\seed_0_20260726-184020\convergence\20260726-184020-830_controlled-5seed-resnet50-cifar10-20260726_seed-0_S0_cold.jsonl
controlled-5seed-resnet50-cifar10-20260726,controlled-5seed-resnet50-cifar10-20260726:seed-0:S0,0,S0,cold,58,242.96936750004534,3.2089451946207355,3.2089451946207355,3.9128638495040002,0.9782159623760001,0.7039186548832645,0.17597966372081614,0.8655210837125779,-7.040110597292582,0.04542313581640869,0.0024997173989280623,52,False,False,,True,D:\Coding\Python\DSCI_SEAS\Scripts\Exp4_System-Overhead\result_data\seed_0_20260726-184020\convergence\20260726-184020-830_controlled-5seed-resnet50-cifar10-20260726_seed-0_S0_cold.jsonl
controlled-5seed-resnet50-cifar10-20260726,controlled-5seed-resnet50-cifar10-20260726:seed-0:S0,0,S0,cold,59,246.3392272000201,3.208395170702573,3.208395170702573,3.9134605162560003,0.9783651290640001,0.7050653455534276,0.1762663363883569,0.8486906312704087,-7.368785298665364,0.03795473853528045,0.0016931157958060194,52,False,False,,True,D:\Coding\Python\DSCI_SEAS\Scripts\Exp4_System-Overhead\result_data\seed_0_20260726-184020\convergence\20260726-184020-830_controlled-5seed-resnet50-cifar10-20260726_seed-0_S0_cold.jsonl
controlled-5seed-resnet50-cifar10-20260726,controlled-5seed-resnet50-cifar10-20260726:seed-0:S0,0,S0,cold,60,249.67731700011063,3.2097031532207896,3.2097031532207896,3.9140655359039997,0.9785163839759999,0.70436238268321,0.1760905956708025,0.8220533698399861,-7.547729490280151,0.034202943068954494,0.0012403688005414096,60,True,False,,True,D:\Coding\Python\DSCI_SEAS\Scripts\Exp4_System-Overhead\result_data\seed_0_20260726-184020\convergence\20260726-184020-830_controlled-5seed-resnet50-cifar10-20260726_seed-0_S0_cold.jsonl
controlled-5seed-resnet50-cifar10-20260726,controlled-5seed-resnet50-cifar10-20260726:seed-0:S0,0,S0,cold,61,252.9268889001105,3.2103771007829307,3.2103771007829307,3.915388113024,0.978847028256,0.7050110122410691,0.17625275306026728,0.8086822599569956,-7.911342050870259,0.028277616442984942,0.0012187573768795206,61,True,False,,True,D:\Coding\Python\DSCI_SEAS\Scripts\Exp4_System-Overhead\result_data\seed_0_20260726-184020\convergence\20260726-184020-830_controlled-5seed-resnet50-cifar10-20260726_seed-0_S0_cold.jsonl
controlled-5seed-resnet50-cifar10-20260726,controlled-5seed-resnet50-cifar10-20260726:seed-0:S0,0,S0,cold,62,256.193257200066,3.2098084248144128,3.2098084248144128,3.9144549102890043,0.9786137275722511,0.7046464854745914,0.17616162136864785,0.7978227693239848,-8.233632912317912,0.0252519219595233,0.0008514635137380634,61,False,False,,True,D:\Coding\Python\DSCI_SEAS\Scripts\Exp4_System-Overhead\result_data\seed_0_20260726-184020\convergence\20260726-184020-830_controlled-5seed-resnet50-cifar10-20260726_seed-0_S0_cold.jsonl
controlled-5seed-resnet50-cifar10-20260726,controlled-5seed-resnet50-cifar10-20260726:seed-0:S0,0,S0,cold,63,259.4499127001036,3.2105676042595817,3.2105676042595817,3.9153422278720003,0.9788355569680001,0.7047746236124186,0.17619365590310465,0.7672931878964107,-8.654758426666259,0.021340038475826602,0.0008153627687271691,63,True,False,,True,D:\Coding\Python\DSCI_SEAS\Scripts\Exp4_System-Overhead\result_data\seed_0_20260726-184020\convergence\20260726-184020-830_controlled-5seed-resnet50-cifar10-20260726_seed-0_S0_cold.jsonl
controlled-5seed-resnet50-cifar10-20260726,controlled-5seed-resnet50-cifar10-20260726:seed-0:S0,0,S0,cold,64,262.69620390003547,3.2101295745242617,3.2101295745242617,3.914899642688,0.978724910672,0.7047700681637382,0.17619251704093455,0.7567131210168203,-8.643962735493977,0.018897188669275717,0.0007452168653209845,63,False,False,,True,D:\Coding\Python\DSCI_SEAS\Scripts\Exp4_System-Overhead\result_data\seed_0_20260726-184020\convergence\20260726-184020-830_controlled-5seed-resnet50-cifar10-20260726_seed-0_S0_cold.jsonl
controlled-5seed-resnet50-cifar10-20260726,controlled-5seed-resnet50-cifar10-20260726:seed-0:S0,0,S0,cold,65,265.9548650000943,3.208641333591909,3.208641333591909,3.9137652000000003,0.9784413000000001,0.7051238664080914,0.17628096660202286,0.7512260192632675,-9.070005977630615,0.016796321979204432,0.00044480968346230493,63,False,False,,True,D:\Coding\Python\DSCI_SEAS\Scripts\Exp4_System-Overhead\result_data\seed_0_20260726-184020\convergence\20260726-184020-830_controlled-5seed-resnet50-cifar10-20260726_seed-0_S0_cold.jsonl
controlled-5seed-resnet50-cifar10-20260726,controlled-5seed-resnet50-cifar10-20260726:seed-0:S0,0,S0,cold,66,269.1153370999964,3.2098398121082248,3.2098398121082248,3.9144686697599997,0.9786171674399999,0.7046288576517749,0.1761572144129437,0.7320860123634338,-9.6691876633962,0.015154316443311538,0.00044406917053669686,63,False,False,,True,D:\Coding\Python\DSCI_SEAS\Scripts\Exp4_System-Overhead\result_data\seed_0_20260726-184020\convergence\20260726-184020-830_controlled-5seed-resnet50-cifar10-20260726_seed-0_S0_cold.jsonl
controlled-5seed-resnet50-cifar10-20260726,controlled-5seed-resnet50-cifar10-20260726:seed-0:S0,0,S0,cold,67,272.2715615000343,3.210108629031595,3.210108629031595,3.9150739996160002,0.9787684999040001,0.704965370584405,0.17624134264610125,0.6973791329860687,-10.33805980237325,0.01327945205664813,0.0003899812718518103,63,False,False,,True,D:\Coding\Python\DSCI_SEAS\Scripts\Exp4_System-Overhead\result_data\seed_0_20260726-184020\convergence\20260726-184020-830_controlled-5seed-resnet50-cifar10-20260726_seed-0_S0_cold.jsonl
controlled-5seed-resnet50-cifar10-20260726,controlled-5seed-resnet50-cifar10-20260726:seed-0:S0,0,S0,cold,68,277.4622397000203,3.2114909021333187,3.2114909021333187,3.91598928,0.97899732,0.7044983778666809,0.17612459446667023,0.6938231989542644,-11.201597745895386,0.010750828288274457,0.00037429722175549813,68,True,False,,True,D:\Coding\Python\DSCI_SEAS\Scripts\Exp4_System-Overhead\result_data\seed_0_20260726-184020\convergence\20260726-184020-830_controlled-5seed-resnet50-cifar10-20260726_seed-0_S0_cold.jsonl
controlled-5seed-resnet50-cifar10-20260726,controlled-5seed-resnet50-cifar10-20260726:seed-0:S0,0,S0,cold,69,282.56484840007033,3.2097386274292687,3.2097386274292687,3.9152907677120004,0.9788226919280001,0.7055521402827315,0.17638803507068287,0.6979222975969315,-12.25420018450419,0.009314711820871915,0.0003604377569402366,68,False,False,,True,D:\Coding\Python\DSCI_SEAS\Scripts\Exp4_System-Overhead\result_data\seed_0_20260726-184020\convergence\20260726-184020-830_controlled-5seed-resnet50-cifar10-20260726_seed-0_S0_cold.jsonl
controlled-5seed-resnet50-cifar10-20260726,controlled-5seed-resnet50-cifar10-20260726:seed-0:S0,0,S0,cold,70,287.65746180003043,3.2100829509139643,3.2100829509139643,3.914622875648,0.978655718912,0.7045399247340354,0.17613498118350884,0.6825488653977712,-13.262377016067505,0.008385953129868055,0.00031279605551332273,68,False,False,,True,D:\Coding\Python\DSCI_SEAS\Scripts\Exp4_System-Overhead\result_data\seed_0_20260726-184020\convergence\20260726-184020-830_controlled-5seed-resnet50-cifar10-20260726_seed-0_S0_cold.jsonl
controlled-5seed-resnet50-cifar10-20260726,controlled-5seed-resnet50-cifar10-20260726:seed-0:S0,0,S0,cold,71,293.4115814000834,3.2107078916463943,3.2107078916463943,3.914961515232,0.978740378808,0.7042536235856057,0.17606340589640143,0.6626278532743454,-13.923350145975748,0.007113900149100838,0.0002752514764871563,68,False,False,,True,D:\Coding\Python\DSCI_SEAS\Scripts\Exp4_System-Overhead\result_data\seed_0_20260726-184020\convergence\20260726-184020-830_controlled-5seed-resnet50-cifar10-20260726_seed-0_S0_cold.jsonl
controlled-5seed-resnet50-cifar10-20260726,controlled-5seed-resnet50-cifar10-20260726:seed-0:S0,0,S0,cold,72,299.16389730002265,3.211243446582947,3.211243446582947,3.9161576799999995,0.9790394199999999,0.7049142334170523,0.17622855835426307,0.6493498781124751,-13.953058606465657,0.005701795715558592,0.0002981558200640544,68,False,False,,True,D:\Coding\Python\DSCI_SEAS\Scripts\Exp4_System-Overhead\result_data\seed_0_20260726-184020\convergence\20260726-184020-830_controlled-5seed-resnet50-cifar10-20260726_seed-0_S0_cold.jsonl
controlled-5seed-resnet50-cifar10-20260726,controlled-5seed-resnet50-cifar10-20260726:seed-0:S0,0,S0,cold,73,305.2573409000179,3.209849912565846,3.209849912565846,3.9141203845279993,0.9785300961319998,0.7042704719621533,0.17606761799053833,0.6503103687763214,-14.206396354675293,0.004866675378422305,0.0002953214409491945,68,False,False,,True,D:\Coding\Python\DSCI_SEAS\Scripts\Exp4_System-Overhead\result_data\seed_0_20260726-184020\convergence\20260726-184020-830_controlled-5seed-resnet50-cifar10-20260726_seed-0_S0_cold.jsonl
controlled-5seed-resnet50-cifar10-20260726,controlled-5seed-resnet50-cifar10-20260726:seed-0:S0,0,S0,cold,74,311.8507044001017,3.2110711019316813,3.2110711019316813,3.9154757359039998,0.9788689339759999,0.7044046339723185,0.1761011584930796,0.6330795639753342,-14.896431605656941,0.004401210003993257,0.0002891737147722182,68,False,False,,True,D:\Coding\Python\DSCI_SEAS\Scripts\Exp4_System-Overhead\result_data\seed_0_20260726-184020\convergence\20260726-184020-830_controlled-5seed-resnet50-cifar10-20260726_seed-0_S0_cold.jsonl
controlled-5seed-resnet50-cifar10-20260726,controlled-5seed-resnet50-cifar10-20260726:seed-0:S0,0,S0,cold,75,317.15400110010523,3.2101344632717157,3.2101344632717157,3.9146299200000003,0.9786574800000001,0.7044954567282846,0.17612386418207115,0.6238494355281194,-16.09316976483663,0.003437029569012052,0.00027712863764378155,68,False,False,,True,D:\Coding\Python\DSCI_SEAS\Scripts\Exp4_System-Overhead\result_data\seed_0_20260726-184020\convergence\20260726-184020-830_controlled-5seed-resnet50-cifar10-20260726_seed-0_S0_cold.jsonl
controlled-5seed-resnet50-cifar10-20260726,controlled-5seed-resnet50-cifar10-20260726:seed-0:S0,0,S0,cold,76,322.2170683000004,3.2100860429132463,3.2100860429132463,3.91513092,0.97878273,0.7050448770867539,0.17626121927168847,0.6157311571041743,-17.528593980153403,0.002832070099302261,0.0002519129603270182,68,False,False,,True,D:\Coding\Python\DSCI_SEAS\Scripts\Exp4_System-Overhead\result_data\seed_0_20260726-184020\convergence\20260726-184020-830_controlled-5seed-resnet50-cifar10-20260726_seed-0_S0_cold.jsonl
controlled-5seed-resnet50-cifar10-20260726,controlled-5seed-resnet50-cifar10-20260726:seed-0:S0,0,S0,cold,77,327.2710982999997,3.210580720548809,3.210580720548809,3.9146926789759995,0.9786731697439999,0.7041119584271908,0.1760279896067977,0.6074382588466009,-18.87772898610433,0.0026550407319490548,0.0002407225823694972,68,False,False,,True,D:\Coding\Python\DSCI_SEAS\Scripts\Exp4_System-Overhead\result_data\seed_0_20260726-184020\convergence\20260726-184020-830_controlled-5seed-resnet50-cifar10-20260726_seed-0_S0_cold.jsonl
controlled-5seed-resnet50-cifar10-20260726,controlled-5seed-resnet50-cifar10-20260726:seed-0:S0,0,S0,cold,78,332.2108932000119,3.2107013431012943,3.2107013431012943,3.91485504,0.97871376,0.7041536968987058,0.17603842422467644,0.5808675415515899,-19.379849399566652,0.00213362730920928,0.00023000953371544064,68,False,False,,True,D:\Coding\Python\DSCI_SEAS\Scripts\Exp4_System-Overhead\result_data\seed_0_20260726-184020\convergence\20260726-184020-830_controlled-5seed-resnet50-cifar10-20260726_seed-0_S0_cold.jsonl
controlled-5seed-resnet50-cifar10-20260726,controlled-5seed-resnet50-cifar10-20260726:seed-0:S0,0,S0,cold,79,336.98803030001,3.2108726059474186,3.2108726059474186,3.9159651999999996,0.9789912999999999,0.7050925940525807,0.17627314851314518,0.5459990657567978,-20.10745307159424,0.0016880077440979057,0.00019670872910564245,68,False,False,,True,D:\Coding\Python\DSCI_SEAS\Scripts\Exp4_System-Overhead\result_data\seed_0_20260726-184020\convergence\20260726-184020-830_controlled-5seed-resnet50-cifar10-20260726_seed-0_S0_cold.jsonl
controlled-5seed-resnet50-cifar10-20260726,controlled-5seed-resnet50-cifar10-20260726:seed-0:S0,0,S0,cold,80,341.99027360009495,3.2116959445618445,3.2116959445618445,3.916168888256,0.979042222064,0.7044729436941558,0.17611823592353895,0.5252895889282226,-22.05016175333659,0.001385512064772013,0.00021379792397421154,80,True,False,,True,D:\Coding\Python\DSCI_SEAS\Scripts\Exp4_System-Overhead\result_data\seed_0_20260726-184020\convergence\20260726-184020-830_controlled-5seed-resnet50-cifar10-20260726_seed-0_S0_cold.jsonl
controlled-5seed-resnet50-cifar10-20260726,controlled-5seed-resnet50-cifar10-20260726:seed-0:S0,0,S0,cold,81,346.85709700000007,3.210884765529329,3.210884765529329,3.9155265999999997,0.9788816499999999,0.7046418344706706,0.17616045861766766,0.5064001634319624,-24.688592474619547,0.0012446755490273219,0.00021645016074905825,80,False,False,,True,D:\Coding\Python\DSCI_SEAS\Scripts\Exp4_System-Overhead\result_data\seed_0_20260726-184020\convergence\20260726-184020-830_controlled-5seed-resnet50-cifar10-20260726_seed-0_S0_cold.jsonl
controlled-5seed-resnet50-cifar10-20260726,controlled-5seed-resnet50-cifar10-20260726:seed-0:S0,0,S0,cold,82,351.93029849999584,3.2110698533052884,3.2110698533052884,3.91514428,0.97878607,0.7040744266947115,0.17601860667367789,0.4770161032676697,-26.1742844136556,0.0010170048629808285,0.000216327093645981,80,False,False,,True,D:\Coding\Python\DSCI_SEAS\Scripts\Exp4_System-Overhead\result_data\seed_0_20260726-184020\convergence\20260726-184020-830_controlled-5seed-resnet50-cifar10-20260726_seed-0_S0_cold.jsonl
controlled-5seed-resnet50-cifar10-20260726,controlled-5seed-resnet50-cifar10-20260726:seed-0:S0,0,S0,cold,83,357.1186514000874,3.2110662916308996,3.2110662916308996,3.915383316944,0.978845829236,0.7043170253131008,0.1760792563282752,0.4633922964731852,-27.737383712768555,0.0009017997629473843,0.00021998039489645532,80,False,False,,True,D:\Coding\Python\DSCI_SEAS\Scripts\Exp4_System-Overhead\result_data\seed_0_20260726-184020\convergence\20260726-184020-830_controlled-5seed-resnet50-cifar10-20260726_seed-0_S0_cold.jsonl
controlled-5seed-resnet50-cifar10-20260726,controlled-5seed-resnet50-cifar10-20260726:seed-0:S0,0,S0,cold,84,360.64599890005775,3.2112585621855825,3.2112585621855825,3.9156442667520004,0.9789110666880001,0.7043857045664177,0.17609642614160442,0.44561639602979025,-28.36897185897827,0.000800562755781365,0.00022407189302591638,80,False,False,,True,D:\Coding\Python\DSCI_SEAS\Scripts\Exp4_System-Overhead\result_data\seed_0_20260726-184020\convergence\20260726-184020-830_controlled-5seed-resnet50-cifar10-20260726_seed-0_S0_cold.jsonl
controlled-5seed-resnet50-cifar10-20260726,controlled-5seed-resnet50-cifar10-20260726:seed-0:S0,0,S0,cold,85,364.110456500086,3.2109372899012962,3.2109372899012962,3.91512308,0.97878077,0.7041857900987034,0.17604644752467585,0.4445851572155953,-29.34451876703898,0.0006957292247443685,0.00017844949375786712,80,False,False,,True,D:\Coding\Python\DSCI_SEAS\Scripts\Exp4_System-Overhead\result_data\seed_0_20260726-184020\convergence\20260726-184020-830_controlled-5seed-resnet50-cifar10-20260726_seed-0_S0_cold.jsonl
controlled-5seed-resnet50-cifar10-20260726,controlled-5seed-resnet50-cifar10-20260726:seed-0:S0,0,S0,cold,86,367.34614420006983,3.211203096562937,3.211203096562937,3.9154507286079996,0.9788626821519999,0.7042476320450625,0.17606190801126562,0.43905879759788513,-32.09291809717814,0.0006746383551865359,0.00017150432916862826,80,False,False,,True,D:\Coding\Python\DSCI_SEAS\Scripts\Exp4_System-Overhead\result_data\seed_0_20260726-184020\convergence\20260726-184020-830_controlled-5seed-resnet50-cifar10-20260726_seed-0_S0_cold.jsonl
controlled-5seed-resnet50-cifar10-20260726,controlled-5seed-resnet50-cifar10-20260726:seed-0:S0,0,S0,cold,87,370.7661618000129,3.210758012621297,3.210758012621297,3.9149566399999998,0.9787391599999999,0.7041986273787026,0.17604965684467566,0.43119874187310536,-32.57290379969279,0.0006103176099869021,0.0001654809826673625,80,False,False,,True,D:\Coding\Python\DSCI_SEAS\Scripts\Exp4_System-Overhead\result_data\seed_0_20260726-184020\convergence\20260726-184020-830_controlled-5seed-resnet50-cifar10-20260726_seed-0_S0_cold.jsonl
controlled-5seed-resnet50-cifar10-20260726,controlled-5seed-resnet50-cifar10-20260726:seed-0:S0,0,S0,cold,88,374.0073924000608,3.2111801172535746,3.2111801172535746,3.9158157617600002,0.9789539404400001,0.7046356445064255,0.17615891112660637,0.40334620521465936,-32.93350615564982,0.0005193413298579086,0.00016019066668084011,80,False,False,,True,D:\Coding\Python\DSCI_SEAS\Scripts\Exp4_System-Overhead\result_data\seed_0_20260726-184020\convergence\20260726-184020-830_controlled-5seed-resnet50-cifar10-20260726_seed-0_S0_cold.jsonl
controlled-5seed-resnet50-cifar10-20260726,controlled-5seed-resnet50-cifar10-20260726:seed-0:S0,0,S0,cold,89,377.1696901000105,3.2111107180549996,3.2111107180549996,3.91547062248,0.97886765562,0.7043599044250005,0.17608997610625013,0.3808390496373177,-34.587951892852786,0.0005070445395871552,0.00014419334192096266,80,False,False,,True,D:\Coding\Python\DSCI_SEAS\Scripts\Exp4_System-Overhead\result_data\seed_0_20260726-184020\convergence\20260726-184020-830_controlled-5seed-resnet50-cifar10-20260726_seed-0_S0_cold.jsonl
controlled-5seed-resnet50-cifar10-20260726,controlled-5seed-resnet50-cifar10-20260726:seed-0:S0,0,S0,cold,90,380.3391382000409,3.2111653604292982,3.2111653604292982,3.9153819599999995,0.9788454899999999,0.7042165995707013,0.17605414989267532,0.36378977457682293,-35.913490446726485,0.00046952121044313745,0.00013564965127036435,80,False,False,,True,D:\Coding\Python\DSCI_SEAS\Scripts\Exp4_System-Overhead\result_data\seed_0_20260726-184020\convergence\20260726-184020-830_controlled-5seed-resnet50-cifar10-20260726_seed-0_S0_cold.jsonl
controlled-5seed-resnet50-cifar10-20260726,controlled-5seed-resnet50-cifar10-20260726:seed-0:S0,0,S0,cold,91,383.5284524000017,3.2108843869463315,3.2108843869463315,3.9156799599999994,0.9789199899999999,0.7047955730536679,0.17619889326341698,0.34090986732641854,-37.08224818293254,0.0004144284838264088,0.00013509823430762164,80,False,False,,True,D:\Coding\Python\DSCI_SEAS\Scripts\Exp4_System-Overhead\result_data\seed_0_20260726-184020\convergence\20260726-184020-830_controlled-5seed-resnet50-cifar10-20260726_seed-0_S0_cold.jsonl
controlled-5seed-resnet50-cifar10-20260726,controlled-5seed-resnet50-cifar10-20260726:seed-0:S0,0,S0,cold,92,386.77105090010446,3.21114411875732,3.21114411875732,3.9156643199999994,0.9789160799999999,0.7045202012426794,0.17613005031066986,0.3195032993952433,-39.669604208628336,0.0003880048787012643,0.00013399368718851389,80,False,False,,True,D:\Coding\Python\DSCI_SEAS\Scripts\Exp4_System-Overhead\result_data\seed_0_20260726-184020\convergence\20260726-184020-830_controlled-5seed-resnet50-cifar10-20260726_seed-0_S0_cold.jsonl
controlled-5seed-resnet50-cifar10-20260726,controlled-5seed-resnet50-cifar10-20260726:seed-0:S0,0,S0,cold,93,390.0375666000182,3.2108633951516916,3.2108633951516916,3.9154012159040006,0.9788503039760001,0.7045378207523089,0.17613445518807722,0.30453925122817355,-39.78830765660604,0.0003911512250965757,0.00011195219703117848,80,False,False,,True,D:\Coding\Python\DSCI_SEAS\Scripts\Exp4_System-Overhead\result_data\seed_0_20260726-184020\convergence\20260726-184020-830_controlled-5seed-resnet50-cifar10-20260726_seed-0_S0_cold.jsonl
controlled-5seed-resnet50-cifar10-20260726,controlled-5seed-resnet50-cifar10-20260726:seed-0:S0,0,S0,cold,94,393.161325699999,3.2109728703468976,3.2109728703468976,3.915269676944,0.978817419236,0.7042968065971024,0.1760742016492756,0.2833947907288869,-36.75249274317424,0.00034448313147896484,0.00011156432881410834,80,False,False,,True,D:\Coding\Python\DSCI_SEAS\Scripts\Exp4_System-Overhead\result_data\seed_0_20260726-184020\convergence\20260726-184020-830_controlled-5seed-resnet50-cifar10-20260726_seed-0_S0_cold.jsonl
controlled-5seed-resnet50-cifar10-20260726,controlled-5seed-resnet50-cifar10-20260726:seed-0:S0,0,S0,cold,95,396.39508889999706,3.211110116397303,3.211110116397303,3.9153832,0.9788458,0.7042730836026971,0.17606827090067428,0.26672111775477725,-36.27654039255778,0.0003364472490215417,9.652883191302246e-05,80,False,False,,True,D:\Coding\Python\DSCI_SEAS\Scripts\Exp4_System-Overhead\result_data\seed_0_20260726-184020\convergence\20260726-184020-830_controlled-5seed-resnet50-cifar10-20260726_seed-0_S0_cold.jsonl
controlled-5seed-resnet50-cifar10-20260726,controlled-5seed-resnet50-cifar10-20260726:seed-0:S0,0,S0,cold,96,399.75282410008367,3.2106716458693008,3.2106716458693008,3.91491392,0.97872848,0.7042422741306994,0.17606056853267485,0.25600166912873584,-38.789622032165525,0.0003174046881810315,7.63910486617241e-05,80,False,False,,True,D:\Coding\Python\DSCI_SEAS\Scripts\Exp4_System-Overhead\result_data\seed_0_20260726-184020\convergence\20260726-184020-830_controlled-5seed-resnet50-cifar10-20260726_seed-0_S0_cold.jsonl
controlled-5seed-resnet50-cifar10-20260726,controlled-5seed-resnet50-cifar10-20260726:seed-0:S0,0,S0,cold,97,402.9194353000494,3.2111687884293216,3.2111687884293216,3.91570632,0.97892658,0.7045375315706781,0.17613438289266953,0.24513200929760934,-39.23892871983846,0.00029932672558329813,7.07098691787118e-05,80,False,False,,True,D:\Coding\Python\DSCI_SEAS\Scripts\Exp4_System-Overhead\result_data\seed_0_20260726-184020\convergence\20260726-184020-830_controlled-5seed-resnet50-cifar10-20260726_seed-0_S0_cold.jsonl
controlled-5seed-resnet50-cifar10-20260726,controlled-5seed-resnet50-cifar10-20260726:seed-0:S0,0,S0,cold,98,407.4360408000648,3.211187251917294,3.211187251917294,3.9153447999999997,0.9788361999999999,0.7041575480827056,0.1760393870206764,0.23269957288106283,-36.87053100840251,0.0002795338776466958,6.716083263410758e-05,80,False,False,,True,D:\Coding\Python\DSCI_SEAS\Scripts\Exp4_System-Overhead\result_data\seed_0_20260726-184020\convergence\20260726-184020-830_controlled-5seed-resnet50-cifar10-20260726_seed-0_S0_cold.jsonl
controlled-5seed-resnet50-cifar10-20260726,controlled-5seed-resnet50-cifar10-20260726:seed-0:S0,0,S0,cold,99,412.58198920008726,3.2109220858693,3.2109220858693,3.9151643599999995,0.9787910899999999,0.7042422741306994,0.17606056853267485,0.22243347852428755,-36.57016171900431,0.00024170785126902838,6.657175139512212e-05,80,False,False,,True,D:\Coding\Python\DSCI_SEAS\Scripts\Exp4_System-Overhead\result_data\seed_0_20260726-184020\convergence\20260726-184020-830_controlled-5seed-resnet50-cifar10-20260726_seed-0_S0_cold.jsonl
controlled-5seed-resnet50-cifar10-20260726,controlled-5seed-resnet50-cifar10-20260726:seed-0:S0,0,S0,cold,100,417.72456010000315,3.2110181383093077,3.2110181383093077,3.9153663199999995,0.9788415799999999,0.7043481816906918,0.17608704542267295,0.21920670037468273,-39.187655310312905,0.0002001072631153,4.884438008453775e-05,80,False,False,,True,D:\Coding\Python\DSCI_SEAS\Scripts\Exp4_System-Overhead\result_data\seed_0_20260726-184020\convergence\20260726-184020-830_controlled-5seed-resnet50-cifar10-20260726_seed-0_S0_cold.jsonl
controlled-5seed-resnet50-cifar10-20260726,controlled-5seed-resnet50-cifar10-20260726:seed-0:S0,0,S0,cold,101,422.8327930000378,3.211252248603564,3.211252248603564,3.915567351008,0.978891837752,0.704315102404436,0.176078775601109,0.21602193665504454,-39.21275873947143,0.00019792244590042808,4.994363567938217e-05,80,False,False,,True,D:\Coding\Python\DSCI_SEAS\Scripts\Exp4_System-Overhead\result_data\seed_0_20260726-184020\convergence\20260726-184020-830_controlled-5seed-resnet50-cifar10-20260726_seed-0_S0_cold.jsonl
controlled-5seed-resnet50-cifar10-20260726,controlled-5seed-resnet50-cifar10-20260726:seed-0:S0,0,S0,cold,102,428.8132601000834,3.211138269893315,3.211138269893315,3.91557888,0.97889472,0.7044406101066851,0.17611015252667128,0.21263269957900047,-36.531340716044106,0.00017933856635282965,5.0308497127155766e-05,80,False,False,,True,D:\Coding\Python\DSCI_SEAS\Scripts\Exp4_System-Overhead\result_data\seed_0_20260726-184020\convergence\20260726-184020-830_controlled-5seed-resnet50-cifar10-20260726_seed-0_S0_cold.jsonl
controlled-5seed-resnet50-cifar10-20260726,controlled-5seed-resnet50-cifar10-20260726:seed-0:S0,0,S0,cold,103,434.071693600039,3.211213167277306,3.211213167277306,3.9155375999999995,0.9788843999999999,0.7043244327226935,0.17608110818067338,0.2090881809790929,-36.30908204396566,0.0001738580932252886,5.150350083901781e-05,80,False,False,,True,D:\Coding\Python\DSCI_SEAS\Scripts\Exp4_System-Overhead\result_data\seed_0_20260726-184020\convergence\20260726-184020-830_controlled-5seed-resnet50-cifar10-20260726_seed-0_S0_cold.jsonl
controlled-5seed-resnet50-cifar10-20260726,controlled-5seed-resnet50-cifar10-20260726:seed-0:S0,0,S0,cold,104,437.49669850000646,3.2103658639973185,3.2103658639973185,3.9148635999999994,0.9787158999999999,0.7044977360026811,0.17612443400067027,0.2025313488940398,-39.039614621480304,0.00014237005860783227,6.772990525443302e-05,80,False,False,,True,D:\Coding\Python\DSCI_SEAS\Scripts\Exp4_System-Overhead\result_data\seed_0_20260726-184020\convergence\20260726-184020-830_controlled-5seed-resnet50-cifar10-20260726_seed-0_S0_cold.jsonl
controlled-5seed-resnet50-cifar10-20260726,controlled-5seed-resnet50-cifar10-20260726:seed-0:S0,0,S0,cold,105,441.0708809000207,3.211670436133331,3.211670436133331,3.9163292800000002,0.9790823200000001,0.7046588438666694,0.17616471096666736,0.193511751751105,-39.54325113042196,0.00011802721992070751,8.076265399943384e-05,80,False,False,,True,D:\Coding\Python\DSCI_SEAS\Scripts\Exp4_System-Overhead\result_data\seed_0_20260726-184020\convergence\20260726-184020-830_controlled-5seed-resnet50-cifar10-20260726_seed-0_S0_cold.jsonl
controlled-5seed-resnet50-cifar10-20260726,controlled-5seed-resnet50-cifar10-20260726:seed-0:S0,0,S0,cold,106,445.7812863000436,3.2108578637693226,3.2108578637693226,3.9153970000000005,0.9788492500000001,0.704539136230678,0.1761347840576695,0.18320917597413064,-36.82826221974691,9.1418423086993e-05,8.098858446830611e-05,80,False,True,stopping_criterion,True,D:\Coding\Python\DSCI_SEAS\Scripts\Exp4_System-Overhead\result_data\seed_0_20260726-184020\convergence\20260726-184020-830_controlled-5seed-resnet50-cifar10-20260726_seed-0_S0_cold.jsonl
controlled-5seed-resnet50-cifar10-20260726,controlled-5seed-resnet50-cifar10-20260726:seed-0:S1,0,S1,medium,0,2.080732300062664,3.320937290711003,3.320937290711003,3.915057,0.97876425,0.594119709288997,0.14852992732224926,0.5063991499319672,-24.68898362874985,,,0,True,False,,True,D:\Coding\Python\DSCI_SEAS\Scripts\Exp4_System-Overhead\result_data\seed_0_20260726-184020\convergence\20260726-184902-887_controlled-5seed-resnet50-cifar10-20260726_seed-0_S1_medium.jsonl
controlled-5seed-resnet50-cifar10-20260726,controlled-5seed-resnet50-cifar10-20260726:seed-0:S1,0,S1,medium,1,3.68317830003798,3.3208521539869538,3.3208521539869538,3.9148437190239997,0.9787109297559999,0.5939915650370461,0.14849789125926152,0.5037656238302588,-23.517522397041322,,,0,False,False,,True,D:\Coding\Python\DSCI_SEAS\Scripts\Exp4_System-Overhead\result_data\seed_0_20260726-184020\convergence\20260726-184902-887_controlled-5seed-resnet50-cifar10-20260726_seed-0_S1_medium.jsonl
controlled-5seed-resnet50-cifar10-20260726,controlled-5seed-resnet50-cifar10-20260726:seed-0:S1,0,S1,medium,2,5.419829800026491,3.3204384938472806,3.3204384938472806,3.914610727776,0.978652681944,0.5941722339287195,0.14854305848217988,0.510573727414012,-22.118180146217345,,,0,False,False,,True,D:\Coding\Python\DSCI_SEAS\Scripts\Exp4_System-Overhead\result_data\seed_0_20260726-184020\convergence\20260726-184902-887_controlled-5seed-resnet50-cifar10-20260726_seed-0_S1_medium.jsonl
controlled-5seed-resnet50-cifar10-20260726,controlled-5seed-resnet50-cifar10-20260726:seed-0:S1,0,S1,medium,3,7.149351899977773,3.3213190992914234,3.3213190992914234,3.91558552352,0.97889638088,0.5942664242285765,0.1485666060571441,0.5100914017483592,-20.61306058883667,,,3,True,False,,True,D:\Coding\Python\DSCI_SEAS\Scripts\Exp4_System-Overhead\result_data\seed_0_20260726-184020\convergence\20260726-184902-887_controlled-5seed-resnet50-cifar10-20260726_seed-0_S1_medium.jsonl
controlled-5seed-resnet50-cifar10-20260726,controlled-5seed-resnet50-cifar10-20260726:seed-0:S1,0,S1,medium,4,8.894676700001583,3.3213320130644606,3.3213320130644606,3.91551682328,0.97887920582,0.5941848102155394,0.14854620255388484,0.4837515465915203,-20.242297751903536,,,4,True,False,,True,D:\Coding\Python\DSCI_SEAS\Scripts\Exp4_System-Overhead\result_data\seed_0_20260726-184020\convergence\20260726-184902-887_controlled-5seed-resnet50-cifar10-20260726_seed-0_S1_medium.jsonl
controlled-5seed-resnet50-cifar10-20260726,controlled-5seed-resnet50-cifar10-20260726:seed-0:S1,0,S1,medium,5,10.729850900010206,3.3201097509536694,3.3201097509536694,3.9151530041279994,0.9787882510319998,0.5950432531743299,0.14876081329358248,0.4588373825699091,-21.07382140636444,,,4,False,False,,True,D:\Coding\Python\DSCI_SEAS\Scripts\Exp4_System-Overhead\result_data\seed_0_20260726-184020\convergence\20260726-184902-887_controlled-5seed-resnet50-cifar10-20260726_seed-0_S1_medium.jsonl
controlled-5seed-resnet50-cifar10-20260726,controlled-5seed-resnet50-cifar10-20260726:seed-0:S1,0,S1,medium,6,13.813986800028943,3.3216091539149204,3.3216091539149204,3.91570632,0.97892658,0.5940971660850796,0.1485242915212699,0.43803526014089583,-22.01581081151962,,,6,True,False,,True,D:\Coding\Python\DSCI_SEAS\Scripts\Exp4_System-Overhead\result_data\seed_0_20260726-184020\convergence\20260726-184902-887_controlled-5seed-resnet50-cifar10-20260726_seed-0_S1_medium.jsonl
controlled-5seed-resnet50-cifar10-20260726,controlled-5seed-resnet50-cifar10-20260726:seed-0:S1,0,S1,medium,7,16.757616400020197,3.320131172187846,3.320131172187846,3.91501728,0.97875432,0.5948861078121535,0.14872152695303836,0.4190586714446545,-22.841095988750457,,,6,False,False,,True,D:\Coding\Python\DSCI_SEAS\Scripts\Exp4_System-Overhead\result_data\seed_0_20260726-184020\convergence\20260726-184902-887_controlled-5seed-resnet50-cifar10-20260726_seed-0_S1_medium.jsonl
controlled-5seed-resnet50-cifar10-20260726,controlled-5seed-resnet50-cifar10-20260726:seed-0:S1,0,S1,medium,8,19.475978899979964,3.320987008126348,3.320987008126348,3.9149109883103037,0.9787277470775759,0.5939239801839554,0.14848099504598886,0.3933858032524586,-23.22987931013107,,,6,False,False,,True,D:\Coding\Python\DSCI_SEAS\Scripts\Exp4_System-Overhead\result_data\seed_0_20260726-184020\convergence\20260726-184902-887_controlled-5seed-resnet50-cifar10-20260726_seed-0_S1_medium.jsonl
controlled-5seed-resnet50-cifar10-20260726,controlled-5seed-resnet50-cifar10-20260726:seed-0:S1,0,S1,medium,9,22.109623600030318,3.3213534072081887,3.3213534072081887,3.915098113552,0.978774528388,0.5937447063438114,0.14843617658595284,0.3682669651135802,-23.196170139312745,,,6,False,False,,True,D:\Coding\Python\DSCI_SEAS\Scripts\Exp4_System-Overhead\result_data\seed_0_20260726-184020\convergence\20260726-184902-887_controlled-5seed-resnet50-cifar10-20260726_seed-0_S1_medium.jsonl
controlled-5seed-resnet50-cifar10-20260726,controlled-5seed-resnet50-cifar10-20260726:seed-0:S1,0,S1,medium,10,24.74391249998007,3.3209520769091565,3.3209520769091565,3.9153002835199997,0.9788250708799999,0.5943482066108433,0.14858705165271083,0.34974801156669855,-23.722821304798128,,,6,False,False,,True,D:\Coding\Python\DSCI_SEAS\Scripts\Exp4_System-Overhead\result_data\seed_0_20260726-184020\convergence\20260726-184902-887_controlled-5seed-resnet50-cifar10-20260726_seed-0_S1_medium.jsonl
controlled-5seed-resnet50-cifar10-20260726,controlled-5seed-resnet50-cifar10-20260726:seed-0:S1,0,S1,medium,11,27.36394230008591,3.3210681766069277,3.3210681766069277,3.91526772,0.97881693,0.5941995433930722,0.14854988584826806,0.35095379896461965,-25.15487101316452,,,6,False,False,,True,D:\Coding\Python\DSCI_SEAS\Scripts\Exp4_System-Overhead\result_data\seed_0_20260726-184020\convergence\20260726-184902-887_controlled-5seed-resnet50-cifar10-20260726_seed-0_S1_medium.jsonl
controlled-5seed-resnet50-cifar10-20260726,controlled-5seed-resnet50-cifar10-20260726:seed-0:S1,0,S1,medium,12,30.304273099987768,3.3213132392581723,3.3213132392581723,3.9151593780837635,0.9787898445209409,0.5938461388255913,0.14846153470639784,0.361699297465384,-25.892923371791838,,,6,False,False,,True,D:\Coding\Python\DSCI_SEAS\Scripts\Exp4_System-Overhead\result_data\seed_0_20260726-184020\convergence\20260726-184902-887_controlled-5seed-resnet50-cifar10-20260726_seed-0_S1_medium.jsonl
controlled-5seed-resnet50-cifar10-20260726,controlled-5seed-resnet50-cifar10-20260726:seed-0:S1,0,S1,medium,13,33.773314199992456,3.3213808553746818,3.3213808553746818,3.9152061707999994,0.9788015426999999,0.5938253154253175,0.14845632885632937,0.3773955585062504,-25.718891391754152,,,6,False,False,,True,D:\Coding\Python\DSCI_SEAS\Scripts\Exp4_System-Overhead\result_data\seed_0_20260726-184020\convergence\20260726-184902-887_controlled-5seed-resnet50-cifar10-20260726_seed-0_S1_medium.jsonl
controlled-5seed-resnet50-cifar10-20260726,controlled-5seed-resnet50-cifar10-20260726:seed-0:S1,0,S1,medium,14,38.06884110008832,3.320321161598917,3.320321161598917,3.91437436,0.97859359,0.5940531984010828,0.1485132996002707,0.3761151134967804,-26.239766232967376,,,6,False,False,,True,D:\Coding\Python\DSCI_SEAS\Scripts\Exp4_System-Overhead\result_data\seed_0_20260726-184020\convergence\20260726-184902-887_controlled-5seed-resnet50-cifar10-20260726_seed-0_S1_medium.jsonl
controlled-5seed-resnet50-cifar10-20260726,controlled-5seed-resnet50-cifar10-20260726:seed-0:S1,0,S1,medium,15,42.017958000069484,3.32155038170291,3.32155038170291,3.91550024,0.97887506,0.5939498582970902,0.14848746457427256,0.3644604469463229,-27.706963436603544,,,6,False,False,,True,D:\Coding\Python\DSCI_SEAS\Scripts\Exp4_System-Overhead\result_data\seed_0_20260726-184020\convergence\20260726-184902-887_controlled-5seed-resnet50-cifar10-20260726_seed-0_S1_medium.jsonl
controlled-5seed-resnet50-cifar10-20260726,controlled-5seed-resnet50-cifar10-20260726:seed-0:S1,0,S1,medium,16,47.41239880002104,3.320712835418937,3.320712835418937,3.9150436399999995,0.9787609099999999,0.5943308045810627,0.14858270114526567,0.35879264775663616,-28.163590066432953,,,6,False,False,,True,D:\Coding\Python\DSCI_SEAS\Scripts\Exp4_System-Overhead\result_data\seed_0_20260726-184020\convergence\20260726-184902-887_controlled-5seed-resnet50-cifar10-20260726_seed-0_S1_medium.jsonl
controlled-5seed-resnet50-cifar10-20260726,controlled-5seed-resnet50-cifar10-20260726:seed-0:S1,0,S1,medium,17,51.74907949997578,3.3216861759339844,3.3216861759339844,3.9161576799999995,0.9790394199999999,0.5944715040660149,0.14861787601650372,0.3551526130735874,-27.628470726013184,,,17,True,False,,True,D:\Coding\Python\DSCI_SEAS\Scripts\Exp4_System-Overhead\result_data\seed_0_20260726-184020\convergence\20260726-184902-887_controlled-5seed-resnet50-cifar10-20260726_seed-0_S1_medium.jsonl
controlled-5seed-resnet50-cifar10-20260726,controlled-5seed-resnet50-cifar10-20260726:seed-0:S1,0,S1,medium,18,55.40727830003016,3.321051177994993,3.321051177994993,3.9150306400000003,0.9787576600000001,0.5939794620050071,0.14849486550125177,0.3507259413599968,-28.143272926807402,,,17,False,False,,True,D:\Coding\Python\DSCI_SEAS\Scripts\Exp4_System-Overhead\result_data\seed_0_20260726-184020\convergence\20260726-184902-887_controlled-5seed-resnet50-cifar10-20260726_seed-0_S1_medium.jsonl
controlled-5seed-resnet50-cifar10-20260726,controlled-5seed-resnet50-cifar10-20260726:seed-0:S1,0,S1,medium,19,59.57786120008677,3.3210769876749042,3.3210769876749042,3.9149559199999997,0.9787389799999999,0.5938789323250954,0.14846973308127384,0.3317430664971471,-29.39914133310318,,,17,False,False,,True,D:\Coding\Python\DSCI_SEAS\Scripts\Exp4_System-Overhead\result_data\seed_0_20260726-184020\convergence\20260726-184902-887_controlled-5seed-resnet50-cifar10-20260726_seed-0_S1_medium.jsonl
controlled-5seed-resnet50-cifar10-20260726,controlled-5seed-resnet50-cifar10-20260726:seed-0:S1,0,S1,medium,20,63.34936430002563,3.3215154582029074,3.3215154582029074,3.9154252000000005,0.9788563000000001,0.5939097417970931,0.14847743544927328,0.312418705932796,-29.689555575847624,,,17,False,False,,True,D:\Coding\Python\DSCI_SEAS\Scripts\Exp4_System-Overhead\result_data\seed_0_20260726-184020\convergence\20260726-184902-887_controlled-5seed-resnet50-cifar10-20260726_seed-0_S1_medium.jsonl
controlled-5seed-resnet50-cifar10-20260726,controlled-5seed-resnet50-cifar10-20260726:seed-0:S1,0,S1,medium,21,66.4021029000869,3.3211400653749226,3.3211400653749226,3.91526772,0.97881693,0.5941276546250774,0.14853191365626936,0.31230002503842114,-28.63248198747635,,,17,False,False,,True,D:\Coding\Python\DSCI_SEAS\Scripts\Exp4_System-Overhead\result_data\seed_0_20260726-184020\convergence\20260726-184902-887_controlled-5seed-resnet50-cifar10-20260726_seed-0_S1_medium.jsonl
controlled-5seed-resnet50-cifar10-20260726,controlled-5seed-resnet50-cifar10-20260726:seed-0:S1,0,S1,medium,22,70.27293079998344,3.3211920020972867,3.3211920020972867,3.915199193888,0.978799798472,0.5940071917907137,0.14850179794767843,0.3253997076302767,-28.69510365486145,,,17,False,False,,True,D:\Coding\Python\DSCI_SEAS\Scripts\Exp4_System-Overhead\result_data\seed_0_20260726-184020\convergence\20260726-184902-887_controlled-5seed-resnet50-cifar10-20260726_seed-0_S1_medium.jsonl
controlled-5seed-resnet50-cifar10-20260726,controlled-5seed-resnet50-cifar10-20260726:seed-0:S1,0,S1,medium,23,74.0397153000813,3.3218472379034494,3.3218472379034494,3.915973528256,0.978993382064,0.5941262903525505,0.14853157258813762,0.3238789207115769,-30.24469867706299,,,23,True,False,,True,D:\Coding\Python\DSCI_SEAS\Scripts\Exp4_System-Overhead\result_data\seed_0_20260726-184020\convergence\20260726-184902-887_controlled-5seed-resnet50-cifar10-20260726_seed-0_S1_medium.jsonl
controlled-5seed-resnet50-cifar10-20260726,controlled-5seed-resnet50-cifar10-20260726:seed-0:S1,0,S1,medium,24,77.8188207000494,3.320996139266893,3.320996139266893,3.91471268,0.97867817,0.5937165407331071,0.14842913518327677,0.29556737646460535,-32.312442622184754,,,23,False,False,,True,D:\Coding\Python\DSCI_SEAS\Scripts\Exp4_System-Overhead\result_data\seed_0_20260726-184020\convergence\20260726-184902-887_controlled-5seed-resnet50-cifar10-20260726_seed-0_S1_medium.jsonl
controlled-5seed-resnet50-cifar10-20260726,controlled-5seed-resnet50-cifar10-20260726:seed-0:S1,0,S1,medium,25,81.57484380004462,3.321456290194902,3.321456290194902,3.91529992,0.97882498,0.5938436298050979,0.14846090745127447,0.2724738124385476,-32.862671444416044,,,23,False,False,,True,D:\Coding\Python\DSCI_SEAS\Scripts\Exp4_System-Overhead\result_data\seed_0_20260726-184020\convergence\20260726-184902-887_controlled-5seed-resnet50-cifar10-20260726_seed-0_S1_medium.jsonl
controlled-5seed-resnet50-cifar10-20260726,controlled-5seed-resnet50-cifar10-20260726:seed-0:S1,0,S1,medium,26,83.85857360006776,3.3210887899029364,3.3210887899029364,3.91540772,0.97885193,0.5943189300970636,0.1485797325242659,0.2524103615619242,-32.02157156229019,,,23,False,False,,True,D:\Coding\Python\DSCI_SEAS\Scripts\Exp4_System-Overhead\result_data\seed_0_20260726-184020\convergence\20260726-184902-887_controlled-5seed-resnet50-cifar10-20260726_seed-0_S1_medium.jsonl
controlled-5seed-resnet50-cifar10-20260726,controlled-5seed-resnet50-cifar10-20260726:seed-0:S1,0,S1,medium,27,86.25143449997995,3.321929930180545,3.321929930180545,3.9158652486079997,0.9789663121519999,0.5939353184274547,0.14848382960686368,0.23378066621720792,-31.98667022228241,,,27,True,False,,True,D:\Coding\Python\DSCI_SEAS\Scripts\Exp4_System-Overhead\result_data\seed_0_20260726-184020\convergence\20260726-184902-887_controlled-5seed-resnet50-cifar10-20260726_seed-0_S1_medium.jsonl
controlled-5seed-resnet50-cifar10-20260726,controlled-5seed-resnet50-cifar10-20260726:seed-0:S1,0,S1,medium,28,89.21041699999478,3.3213524904429104,3.3213524904429104,3.9153199999999995,0.9788299999999999,0.593967509557089,0.14849187738927225,0.2223238013125956,-33.14195568084717,,,27,False,False,,True,D:\Coding\Python\DSCI_SEAS\Scripts\Exp4_System-Overhead\result_data\seed_0_20260726-184020\convergence\20260726-184902-887_controlled-5seed-resnet50-cifar10-20260726_seed-0_S1_medium.jsonl
controlled-5seed-resnet50-cifar10-20260726,controlled-5seed-resnet50-cifar10-20260726:seed-0:S1,0,S1,medium,29,91.84000149997883,3.321762515834907,3.321762515834907,3.9156799599999994,0.9789199899999999,0.5939174441650926,0.14847936104127316,0.21761178210377694,-34.87145183324814,,,27,False,False,,True,D:\Coding\Python\DSCI_SEAS\Scripts\Exp4_System-Overhead\result_data\seed_0_20260726-184020\convergence\20260726-184902-887_controlled-5seed-resnet50-cifar10-20260726_seed-0_S1_medium.jsonl
controlled-5seed-resnet50-cifar10-20260726,controlled-5seed-resnet50-cifar10-20260726:seed-0:S1,0,S1,medium,30,94.2912449000869,3.32199058636291,3.32199058636291,3.91593884,0.97898471,0.5939482536370904,0.1484870634092726,0.2059658053331077,-35.418294396400455,,,30,True,False,,True,D:\Coding\Python\DSCI_SEAS\Scripts\Exp4_System-Overhead\result_data\seed_0_20260726-184020\convergence\20260726-184902-887_controlled-5seed-resnet50-cifar10-20260726_seed-0_S1_medium.jsonl
controlled-5seed-resnet50-cifar10-20260726,controlled-5seed-resnet50-cifar10-20260726:seed-0:S1,0,S1,medium,31,96.77945490006823,3.321697125838898,3.321697125838898,3.9154871599999996,0.9788717899999999,0.5937900341611018,0.14844750854027544,0.20359665563330054,-34.30767327308655,,,30,False,False,,True,D:\Coding\Python\DSCI_SEAS\Scripts\Exp4_System-Overhead\result_data\seed_0_20260726-184020\convergence\20260726-184902-887_controlled-5seed-resnet50-cifar10-20260726_seed-0_S1_medium.jsonl
controlled-5seed-resnet50-cifar10-20260726,controlled-5seed-resnet50-cifar10-20260726:seed-0:S1,0,S1,medium,32,99.30847629997879,3.3222830865069257,3.3222830865069257,3.9164585599999997,0.9791146399999999,0.594175473493074,0.1485438683732685,0.20437311861664056,-34.24240335702896,,,32,True,False,,True,D:\Coding\Python\DSCI_SEAS\Scripts\Exp4_System-Overhead\result_data\seed_0_20260726-184020\convergence\20260726-184902-887_controlled-5seed-resnet50-cifar10-20260726_seed-0_S1_medium.jsonl
controlled-5seed-resnet50-cifar10-20260726,controlled-5seed-resnet50-cifar10-20260726:seed-0:S1,0,S1,medium,33,101.7064944000449,3.3211190934669075,3.3211190934669075,3.9150442399999994,0.9787610599999998,0.593925146533092,0.148481286633273,0.20124754689633848,-35.55995975017547,,,32,False,False,,True,D:\Coding\Python\DSCI_SEAS\Scripts\Exp4_System-Overhead\result_data\seed_0_20260726-184020\convergence\20260726-184902-887_controlled-5seed-resnet50-cifar10-20260726_seed-0_S1_medium.jsonl
controlled-5seed-resnet50-cifar10-20260726,controlled-5seed-resnet50-cifar10-20260726:seed-0:S1,0,S1,medium,34,104.23396640003193,3.320885775325254,3.320885775325254,3.91499875344,0.97874968836,0.5941129781147461,0.14852824452868651,0.20392666602507234,-36.89459809303284,,,32,False,False,,True,D:\Coding\Python\DSCI_SEAS\Scripts\Exp4_System-Overhead\result_data\seed_0_20260726-184020\convergence\20260726-184902-887_controlled-5seed-resnet50-cifar10-20260726_seed-0_S1_medium.jsonl
controlled-5seed-resnet50-cifar10-20260726,controlled-5seed-resnet50-cifar10-20260726:seed-0:S1,0,S1,medium,35,106.7213157999795,3.3212808922600328,3.3212808922600328,3.91547841584,0.97886960396,0.5941975235799675,0.14854938089499187,0.20084797360002996,-36.75438512802124,,,32,False,False,,True,D:\Coding\Python\DSCI_SEAS\Scripts\Exp4_System-Overhead\result_data\seed_0_20260726-184020\convergence\20260726-184902-887_controlled-5seed-resnet50-cifar10-20260726_seed-0_S1_medium.jsonl
controlled-5seed-resnet50-cifar10-20260726,controlled-5seed-resnet50-cifar10-20260726:seed-0:S1,0,S1,medium,36,109.18943839997519,3.3216672126109064,3.3216672126109064,3.9155788799999995,0.9788947199999999,0.593911667389093,0.14847791684727324,0.19047308392822743,-36.93865282535553,,,32,False,False,,True,D:\Coding\Python\DSCI_SEAS\Scripts\Exp4_System-Overhead\result_data\seed_0_20260726-184020\convergence\20260726-184902-887_controlled-5seed-resnet50-cifar10-20260726_seed-0_S1_medium.jsonl
controlled-5seed-resnet50-cifar10-20260726,controlled-5seed-resnet50-cifar10-20260726:seed-0:S1,0,S1,medium,37,111.6744725999888,3.3210410216828983,3.3210410216828983,3.9148256000000003,0.9787064000000001,0.5937845783171022,0.14844614457927555,0.183586156219244,-38.42484402179718,,,32,False,False,,True,D:\Coding\Python\DSCI_SEAS\Scripts\Exp4_System-Overhead\result_data\seed_0_20260726-184020\convergence\20260726-184902-887_controlled-5seed-resnet50-cifar10-20260726_seed-0_S1_medium.jsonl
controlled-5seed-resnet50-cifar10-20260726,controlled-5seed-resnet50-cifar10-20260726:seed-0:S1,0,S1,medium,38,114.13732310000341,3.321455121426907,3.321455121426907,3.91537064,0.97884266,0.5939155185730928,0.1484788796432732,0.17390955129638314,-39.67336957454681,1.147316256378442e-05,0.00011372560497876514,32,False,True,stopping_criterion,True,D:\Coding\Python\DSCI_SEAS\Scripts\Exp4_System-Overhead\result_data\seed_0_20260726-184020\convergence\20260726-184902-887_controlled-5seed-resnet50-cifar10-20260726_seed-0_S1_medium.jsonl
controlled-5seed-resnet50-cifar10-20260726,controlled-5seed-resnet50-cifar10-20260726:seed-0:S2,0,S2,near,0,0.8857163999928162,3.3449626318659833,3.3449626318659833,3.91609448,0.97902362,0.5711318481340169,0.1427829620335042,0.16455854140222073,-39.70129678726196,,,0,True,False,,True,D:\Coding\Python\DSCI_SEAS\Scripts\Exp4_System-Overhead\result_data\seed_0_20260726-184020\convergence\20260726-185152-785_controlled-5seed-resnet50-cifar10-20260726_seed-0_S2_near.jsonl
controlled-5seed-resnet50-cifar10-20260726,controlled-5seed-resnet50-cifar10-20260726:seed-0:S2,0,S2,near,1,2.042161399964243,3.3439267320725197,3.3439267320725197,3.91516632,0.97879158,0.5712395879274802,0.14280989698187005,0.172602766379714,-40.697488975524905,,,0,False,False,,True,D:\Coding\Python\DSCI_SEAS\Scripts\Exp4_System-Overhead\result_data\seed_0_20260726-184020\convergence\20260726-185152-785_controlled-5seed-resnet50-cifar10-20260726_seed-0_S2_near.jsonl
controlled-5seed-resnet50-cifar10-20260726,controlled-5seed-resnet50-cifar10-20260726:seed-0:S2,0,S2,near,2,3.2175339999375865,3.3441662918580017,3.3441662918580017,3.9155529600000003,0.9788882400000001,0.5713866681419985,0.1428466670354996,0.1781677633151412,-40.84480025291443,,,0,False,False,,True,D:\Coding\Python\DSCI_SEAS\Scripts\Exp4_System-Overhead\result_data\seed_0_20260726-184020\convergence\20260726-185152-785_controlled-5seed-resnet50-cifar10-20260726_seed-0_S2_near.jsonl
controlled-5seed-resnet50-cifar10-20260726,controlled-5seed-resnet50-cifar10-20260726:seed-0:S2,0,S2,near,3,4.183639599941671,3.344342271313978,3.344342271313978,3.91540544,0.97885136,0.5710631686860218,0.14276579217150545,0.18139783352613448,-40.58577525138855,,,0,False,False,,True,D:\Coding\Python\DSCI_SEAS\Scripts\Exp4_System-Overhead\result_data\seed_0_20260726-184020\convergence\20260726-185152-785_controlled-5seed-resnet50-cifar10-20260726_seed-0_S2_near.jsonl
controlled-5seed-resnet50-cifar10-20260726,controlled-5seed-resnet50-cifar10-20260726:seed-0:S2,0,S2,near,4,5.0936452999012545,3.343759963373991,3.343759963373991,3.9149980400000004,0.9787495100000001,0.5712380766260091,0.14280951915650228,0.17745042327791452,-40.53359903335571,,,0,False,False,,True,D:\Coding\Python\DSCI_SEAS\Scripts\Exp4_System-Overhead\result_data\seed_0_20260726-184020\convergence\20260726-185152-785_controlled-5seed-resnet50-cifar10-20260726_seed-0_S2_near.jsonl
controlled-5seed-resnet50-cifar10-20260726,controlled-5seed-resnet50-cifar10-20260726:seed-0:S2,0,S2,near,5,5.932496799970977,3.344503520450874,3.344503520450874,3.915751599999999,0.9789378999999998,0.5712480795491254,0.14281201988728134,0.17092483013868331,-40.80433832168579,,,0,False,False,,True,D:\Coding\Python\DSCI_SEAS\Scripts\Exp4_System-Overhead\result_data\seed_0_20260726-184020\convergence\20260726-185152-785_controlled-5seed-resnet50-cifar10-20260726_seed-0_S2_near.jsonl
controlled-5seed-resnet50-cifar10-20260726,controlled-5seed-resnet50-cifar10-20260726:seed-0:S2,0,S2,near,6,6.788248699973337,3.3431776936259903,3.3431776936259903,3.91441224,0.97860306,0.5712345463740094,0.14280863659350235,0.16547404196113347,-41.41277050971985,,,0,False,False,,True,D:\Coding\Python\DSCI_SEAS\Scripts\Exp4_System-Overhead\result_data\seed_0_20260726-184020\convergence\20260726-185152-785_controlled-5seed-resnet50-cifar10-20260726_seed-0_S2_near.jsonl
controlled-5seed-resnet50-cifar10-20260726,controlled-5seed-resnet50-cifar10-20260726:seed-0:S2,0,S2,near,7,7.690207700012252,3.3440274046476635,3.3440274046476635,3.915318245568,0.978829561392,0.5712908409203366,0.14282271023008414,0.1625533576309681,-41.91095855712891,,,0,False,False,,True,D:\Coding\Python\DSCI_SEAS\Scripts\Exp4_System-Overhead\result_data\seed_0_20260726-184020\convergence\20260726-185152-785_controlled-5seed-resnet50-cifar10-20260726_seed-0_S2_near.jsonl
controlled-5seed-resnet50-cifar10-20260726,controlled-5seed-resnet50-cifar10-20260726:seed-0:S2,0,S2,near,8,8.78157170000486,3.3436486365419458,3.3436486365419458,3.9142692399999994,0.9785673099999999,0.5706206034580538,0.14265515086451344,0.15792039699852467,-41.901593103408814,,,0,False,False,,True,D:\Coding\Python\DSCI_SEAS\Scripts\Exp4_System-Overhead\result_data\seed_0_20260726-184020\convergence\20260726-185152-785_controlled-5seed-resnet50-cifar10-20260726_seed-0_S2_near.jsonl
controlled-5seed-resnet50-cifar10-20260726,controlled-5seed-resnet50-cifar10-20260726:seed-0:S2,0,S2,near,9,9.588097999920137,3.3437414335019864,3.3437414335019864,3.91491404,0.97872851,0.5711726064980138,0.14279315162450346,0.15189776863902807,-41.934081592559814,,,0,False,False,,True,D:\Coding\Python\DSCI_SEAS\Scripts\Exp4_System-Overhead\result_data\seed_0_20260726-184020\convergence\20260726-185152-785_controlled-5seed-resnet50-cifar10-20260726_seed-0_S2_near.jsonl
controlled-5seed-resnet50-cifar10-20260726,controlled-5seed-resnet50-cifar10-20260726:seed-0:S2,0,S2,near,10,10.453191999928094,3.344190997397947,3.344190997397947,3.91482508,0.97870627,0.5706340826020527,0.14265852065051318,0.14693315960466863,-42.22725301742554,,,0,False,False,,True,D:\Coding\Python\DSCI_SEAS\Scripts\Exp4_System-Overhead\result_data\seed_0_20260726-184020\convergence\20260726-185152-785_controlled-5seed-resnet50-cifar10-20260726_seed-0_S2_near.jsonl
controlled-5seed-resnet50-cifar10-20260726,controlled-5seed-resnet50-cifar10-20260726:seed-0:S2,0,S2,near,11,11.32211730000563,3.343741538949969,3.343741538949969,3.9146849999999995,0.9786712499999999,0.5709434610500304,0.1427358652625076,0.14499921645969152,-42.90820650100708,,,0,False,False,,True,D:\Coding\Python\DSCI_SEAS\Scripts\Exp4_System-Overhead\result_data\seed_0_20260726-184020\convergence\20260726-185152-785_controlled-5seed-resnet50-cifar10-20260726_seed-0_S2_near.jsonl
controlled-5seed-resnet50-cifar10-20260726,controlled-5seed-resnet50-cifar10-20260726:seed-0:S2,0,S2,near,12,12.251914099906571,3.3442450874419616,3.3442450874419616,3.91508232,0.97877058,0.5708372325580381,0.14270930813950952,0.14380997762084008,-43.86581259727478,,,0,False,False,,True,D:\Coding\Python\DSCI_SEAS\Scripts\Exp4_System-Overhead\result_data\seed_0_20260726-184020\convergence\20260726-185152-785_controlled-5seed-resnet50-cifar10-20260726_seed-0_S2_near.jsonl
controlled-5seed-resnet50-cifar10-20260726,controlled-5seed-resnet50-cifar10-20260726:seed-0:S2,0,S2,near,13,13.079557599965483,3.344025605065981,3.344025605065981,3.91512536,0.97878134,0.5710997549340191,0.14277493873350477,0.14313512735068798,-44.57011496543884,,,0,False,False,,True,D:\Coding\Python\DSCI_SEAS\Scripts\Exp4_System-Overhead\result_data\seed_0_20260726-184020\convergence\20260726-185152-785_controlled-5seed-resnet50-cifar10-20260726_seed-0_S2_near.jsonl
controlled-5seed-resnet50-cifar10-20260726,controlled-5seed-resnet50-cifar10-20260726:seed-0:S2,0,S2,near,14,13.981017999933101,3.3427235992989113,3.3427235992989113,3.913605306432,0.978401326608,0.570881707133089,0.14272042678327224,0.14289917774498462,-44.77814066886902,,,0,False,False,,True,D:\Coding\Python\DSCI_SEAS\Scripts\Exp4_System-Overhead\result_data\seed_0_20260726-184020\convergence\20260726-185152-785_controlled-5seed-resnet50-cifar10-20260726_seed-0_S2_near.jsonl
controlled-5seed-resnet50-cifar10-20260726,controlled-5seed-resnet50-cifar10-20260726:seed-0:S2,0,S2,near,15,14.843955999938771,3.343511866766792,3.343511866766792,3.9145037443040005,0.9786259360760001,0.5709918775372086,0.14274796938430215,0.14122864443808794,-44.931384801864624,,,0,False,False,,True,D:\Coding\Python\DSCI_SEAS\Scripts\Exp4_System-Overhead\result_data\seed_0_20260726-184020\convergence\20260726-185152-785_controlled-5seed-resnet50-cifar10-20260726_seed-0_S2_near.jsonl
controlled-5seed-resnet50-cifar10-20260726,controlled-5seed-resnet50-cifar10-20260726:seed-0:S2,0,S2,near,16,15.723450199933723,3.34446395268196,3.34446395268196,3.91527872,0.97881968,0.5708147673180397,0.14270369182950993,0.13878030639141797,-45.36184144973755,,,0,False,False,,True,D:\Coding\Python\DSCI_SEAS\Scripts\Exp4_System-Overhead\result_data\seed_0_20260726-184020\convergence\20260726-185152-785_controlled-5seed-resnet50-cifar10-20260726_seed-0_S2_near.jsonl
controlled-5seed-resnet50-cifar10-20260726,controlled-5seed-resnet50-cifar10-20260726:seed-0:S2,0,S2,near,17,16.587926400010474,3.3435717958692344,3.3435717958692344,3.9144094744319995,0.9786023686079999,0.5708376785627651,0.14270941964069128,0.1376125209033489,-46.088841352462765,,,0,False,False,,True,D:\Coding\Python\DSCI_SEAS\Scripts\Exp4_System-Overhead\result_data\seed_0_20260726-184020\convergence\20260726-185152-785_controlled-5seed-resnet50-cifar10-20260726_seed-0_S2_near.jsonl
controlled-5seed-resnet50-cifar10-20260726,controlled-5seed-resnet50-cifar10-20260726:seed-0:S2,0,S2,near,18,17.4456865999382,3.344342271313978,3.344342271313978,3.91540544,0.97885136,0.5710631686860218,0.14276579217150545,0.13783370297402142,-46.9659240436554,,,0,False,False,,True,D:\Coding\Python\DSCI_SEAS\Scripts\Exp4_System-Overhead\result_data\seed_0_20260726-184020\convergence\20260726-185152-785_controlled-5seed-resnet50-cifar10-20260726_seed-0_S2_near.jsonl
controlled-5seed-resnet50-cifar10-20260726,controlled-5seed-resnet50-cifar10-20260726:seed-0:S2,0,S2,near,19,18.286181399947964,3.3436130742059893,3.3436130742059893,3.9148267600000004,0.9787066900000001,0.5712136857940109,0.14280342144850272,0.139100120998919,-47.27230998039246,,,0,False,False,,True,D:\Coding\Python\DSCI_SEAS\Scripts\Exp4_System-Overhead\result_data\seed_0_20260726-184020\convergence\20260726-185152-785_controlled-5seed-resnet50-cifar10-20260726_seed-0_S2_near.jsonl
controlled-5seed-resnet50-cifar10-20260726,controlled-5seed-resnet50-cifar10-20260726:seed-0:S2,0,S2,near,20,19.2351045999676,3.3449101762129354,3.3449101762129354,3.9160334072319998,0.9790083518079999,0.5711232310190645,0.14278080775476612,0.14069585505872964,-46.8133872127533,,,0,False,False,,True,D:\Coding\Python\DSCI_SEAS\Scripts\Exp4_System-Overhead\result_data\seed_0_20260726-184020\convergence\20260726-185152-785_controlled-5seed-resnet50-cifar10-20260726_seed-0_S2_near.jsonl
controlled-5seed-resnet50-cifar10-20260726,controlled-5seed-resnet50-cifar10-20260726:seed-0:S2,0,S2,near,21,20.09567780001089,3.343875499917945,3.343875499917945,3.9144742800000003,0.9786185700000001,0.5705987800820552,0.1426496950205138,0.1421200218051672,-46.55900061607361,,,0,False,False,,True,D:\Coding\Python\DSCI_SEAS\Scripts\Exp4_System-Overhead\result_data\seed_0_20260726-184020\convergence\20260726-185152-785_controlled-5seed-resnet50-cifar10-20260726_seed-0_S2_near.jsonl
controlled-5seed-resnet50-cifar10-20260726,controlled-5seed-resnet50-cifar10-20260726:seed-0:S2,0,S2,near,22,21.00188709993381,3.3440260814899787,3.3440260814899787,3.91509952,0.97877488,0.5710734385100211,0.14276835962750528,0.1432624301314354,-46.83657817840576,,,0,False,False,,True,D:\Coding\Python\DSCI_SEAS\Scripts\Exp4_System-Overhead\result_data\seed_0_20260726-184020\convergence\20260726-185152-785_controlled-5seed-resnet50-cifar10-20260726_seed-0_S2_near.jsonl
controlled-5seed-resnet50-cifar10-20260726,controlled-5seed-resnet50-cifar10-20260726:seed-0:S2,0,S2,near,23,21.851116299978457,3.3444230740899656,3.3444230740899656,3.9153199999999995,0.9788299999999999,0.5708969259100338,0.14272423147750846,0.14398109558969735,-47.495161542892454,,,0,False,False,,True,D:\Coding\Python\DSCI_SEAS\Scripts\Exp4_System-Overhead\result_data\seed_0_20260726-184020\convergence\20260726-185152-785_controlled-5seed-resnet50-cifar10-20260726_seed-0_S2_near.jsonl
controlled-5seed-resnet50-cifar10-20260726,controlled-5seed-resnet50-cifar10-20260726:seed-0:S2,0,S2,near,24,22.81193379999604,3.3443634538862903,3.3443634538862903,3.9151816360960003,0.9787954090240001,0.5708181822097101,0.14270454555242754,0.14414468176662923,-48.35544722557068,,,0,False,False,,True,D:\Coding\Python\DSCI_SEAS\Scripts\Exp4_System-Overhead\result_data\seed_0_20260726-184020\convergence\20260726-185152-785_controlled-5seed-resnet50-cifar10-20260726_seed-0_S2_near.jsonl
controlled-5seed-resnet50-cifar10-20260726,controlled-5seed-resnet50-cifar10-20260726:seed-0:S2,0,S2,near,25,23.714437199989334,3.344025605065981,3.344025605065981,3.91512536,0.97878134,0.5710997549340191,0.14277493873350477,0.14487394955009222,-48.90713574409485,,,0,False,False,,True,D:\Coding\Python\DSCI_SEAS\Scripts\Exp4_System-Overhead\result_data\seed_0_20260726-184020\convergence\20260726-185152-785_controlled-5seed-resnet50-cifar10-20260726_seed-0_S2_near.jsonl
controlled-5seed-resnet50-cifar10-20260726,controlled-5seed-resnet50-cifar10-20260726:seed-0:S2,0,S2,near,26,24.670439300010912,3.343893187909986,3.343893187909986,3.9150677199999997,0.9787669299999999,0.5711745320900138,0.14279363302250345,0.14559910658746958,-48.826256275177,,,0,False,False,,True,D:\Coding\Python\DSCI_SEAS\Scripts\Exp4_System-Overhead\result_data\seed_0_20260726-184020\convergence\20260726-185152-785_controlled-5seed-resnet50-cifar10-20260726_seed-0_S2_near.jsonl
controlled-5seed-resnet50-cifar10-20260726,controlled-5seed-resnet50-cifar10-20260726:seed-0:S2,0,S2,near,27,25.594410099904053,3.344420426425981,3.344420426425981,3.9155265999999997,0.9788816499999999,0.5711061735740186,0.14277654339350465,0.14398622769862413,-48.81849657058716,,,0,False,False,,True,D:\Coding\Python\DSCI_SEAS\Scripts\Exp4_System-Overhead\result_data\seed_0_20260726-184020\convergence\20260726-185152-785_controlled-5seed-resnet50-cifar10-20260726_seed-0_S2_near.jsonl
controlled-5seed-resnet50-cifar10-20260726,controlled-5seed-resnet50-cifar10-20260726:seed-0:S2,0,S2,near,28,26.5565251999069,3.343957701801956,3.343957701801956,3.9147211199999994,0.9786802799999998,0.5707634181980433,0.14269085454951083,0.14143620520830155,-49.29783605575562,,,0,False,False,,True,D:\Coding\Python\DSCI_SEAS\Scripts\Exp4_System-Overhead\result_data\seed_0_20260726-184020\convergence\20260726-185152-785_controlled-5seed-resnet50-cifar10-20260726_seed-0_S2_near.jsonl
controlled-5seed-resnet50-cifar10-20260726,controlled-5seed-resnet50-cifar10-20260726:seed-0:S2,0,S2,near,29,27.5019442999037,3.3442617438675373,3.3442617438675373,3.915014664768,0.978753666192,0.5707529209004628,0.1426882302251157,0.13853249710053206,-50.06686654090881,,,0,False,False,max_epochs,True,D:\Coding\Python\DSCI_SEAS\Scripts\Exp4_System-Overhead\result_data\seed_0_20260726-184020\convergence\20260726-185152-785_controlled-5seed-resnet50-cifar10-20260726_seed-0_S2_near.jsonl
controlled-5seed-resnet50-cifar10-20260726,controlled-5seed-resnet50-cifar10-20260726:seed-1:S0,1,S0,cold,0,3.0111864000791684,2.267704523691405,2.267704523691405,3.411765189190704,0.852941297297676,1.1440606654992989,0.2860151663748247,5.257493816057841,-0.17076431783040363,,,0,True,False,,True,D:\Coding\Python\DSCI_SEAS\Scripts\Exp4_System-Overhead\result_data\seed_1_20260726-185336\convergence\20260726-185336-272_controlled-5seed-resnet50-cifar10-20260726_seed-1_S0_cold.jsonl
controlled-5seed-resnet50-cifar10-20260726,controlled-5seed-resnet50-cifar10-20260726:seed-1:S0,1,S0,cold,1,5.950638600043021,1.7599416309383673,1.7599416309383673,2.9134051396934075,0.7283512849233519,1.1534635087550402,0.28836587718876006,5.257248343785604,-0.1722803008556366,,,0,False,False,,True,D:\Coding\Python\DSCI_SEAS\Scripts\Exp4_System-Overhead\result_data\seed_1_20260726-185336\convergence\20260726-185336-272_controlled-5seed-resnet50-cifar10-20260726_seed-1_S0_cold.jsonl
controlled-5seed-resnet50-cifar10-20260726,controlled-5seed-resnet50-cifar10-20260726:seed-1:S0,1,S0,cold,2,8.917213700013235,1.9896468470295818,1.9896468470295818,3.3362620242268797,0.8340655060567199,1.3466151771972978,0.33665379429932446,5.2566291497548425,-0.17396037344137827,,,0,False,False,,True,D:\Coding\Python\DSCI_SEAS\Scripts\Exp4_System-Overhead\result_data\seed_1_20260726-185336\convergence\20260726-185336-272_controlled-5seed-resnet50-cifar10-20260726_seed-1_S0_cold.jsonl
controlled-5seed-resnet50-cifar10-20260726,controlled-5seed-resnet50-cifar10-20260726:seed-1:S0,1,S0,cold,3,11.948822200065479,2.314090858686326,2.314090858686326,3.299389751759226,0.8248474379398065,0.9852988930729001,0.24632472326822502,5.255610696474711,-0.1798412120739619,,,3,True,False,,True,D:\Coding\Python\DSCI_SEAS\Scripts\Exp4_System-Overhead\result_data\seed_1_20260726-185336\convergence\20260726-185336-272_controlled-5seed-resnet50-cifar10-20260726_seed-1_S0_cold.jsonl
controlled-5seed-resnet50-cifar10-20260726,controlled-5seed-resnet50-cifar10-20260726:seed-1:S0,1,S0,cold,4,14.940251799998805,1.7220996194229552,1.7220996194229552,2.5906917193510575,0.6476729298377644,0.8685920999281023,0.21714802498202557,5.253871325174967,-0.1902733412583669,,,3,False,False,,True,D:\Coding\Python\DSCI_SEAS\Scripts\Exp4_System-Overhead\result_data\seed_1_20260726-185336\convergence\20260726-185336-272_controlled-5seed-resnet50-cifar10-20260726_seed-1_S0_cold.jsonl
controlled-5seed-resnet50-cifar10-20260726,controlled-5seed-resnet50-cifar10-20260726:seed-1:S0,1,S0,cold,5,17.958336000097916,1.9915529959438287,1.9915529959438287,3.325942895780032,0.831485723945008,1.3343898998362032,0.3335974749590508,5.250961170514425,-0.20843839768568675,,,3,False,False,,True,D:\Coding\Python\DSCI_SEAS\Scripts\Exp4_System-Overhead\result_data\seed_1_20260726-185336\convergence\20260726-185336-272_controlled-5seed-resnet50-cifar10-20260726_seed-1_S0_cold.jsonl
controlled-5seed-resnet50-cifar10-20260726,controlled-5seed-resnet50-cifar10-20260726:seed-1:S0,1,S0,cold,6,20.914357000030577,2.053372488580769,2.053372488580769,3.3348016797157283,0.8337004199289321,1.2814291911349593,0.32035729778373984,5.246113704363505,-0.23087021219730378,,,3,False,False,,True,D:\Coding\Python\DSCI_SEAS\Scripts\Exp4_System-Overhead\result_data\seed_1_20260726-185336\convergence\20260726-185336-272_controlled-5seed-resnet50-cifar10-20260726_seed-1_S0_cold.jsonl
controlled-5seed-resnet50-cifar10-20260726,controlled-5seed-resnet50-cifar10-20260726:seed-1:S0,1,S0,cold,7,23.88359079998918,2.129507798880696,2.129507798880696,3.349868406413792,0.837467101603448,1.2203606075330955,0.3050901518832739,5.238735481262207,-0.25515324596563976,,,3,False,False,,True,D:\Coding\Python\DSCI_SEAS\Scripts\Exp4_System-Overhead\result_data\seed_1_20260726-185336\convergence\20260726-185336-272_controlled-5seed-resnet50-cifar10-20260726_seed-1_S0_cold.jsonl
controlled-5seed-resnet50-cifar10-20260726,controlled-5seed-resnet50-cifar10-20260726:seed-1:S0,1,S0,cold,8,27.03685720008798,2.4927403156761194,2.4927403156761194,3.6403172730049094,0.9100793182512273,1.1475769573287902,0.28689423933219754,5.228964006106059,-0.2838769347667694,,,8,True,False,,True,D:\Coding\Python\DSCI_SEAS\Scripts\Exp4_System-Overhead\result_data\seed_1_20260726-185336\convergence\20260726-185336-272_controlled-5seed-resnet50-cifar10-20260726_seed-1_S0_cold.jsonl
controlled-5seed-resnet50-cifar10-20260726,controlled-5seed-resnet50-cifar10-20260726:seed-1:S0,1,S0,cold,9,30.023300600005314,1.8985639440297195,1.8985639440297195,3.5220424313999996,0.8805106078499999,1.62347848737028,0.40586962184257,5.215115803718567,-0.33391638203461965,,,8,False,False,,True,D:\Coding\Python\DSCI_SEAS\Scripts\Exp4_System-Overhead\result_data\seed_1_20260726-185336\convergence\20260726-185336-272_controlled-5seed-resnet50-cifar10-20260726_seed-1_S0_cold.jsonl
controlled-5seed-resnet50-cifar10-20260726,controlled-5seed-resnet50-cifar10-20260726:seed-1:S0,1,S0,cold,10,32.97078520001378,2.392115814530601,2.392115814530601,3.288179444766656,0.822044861191664,0.8960636302360546,0.22401590755901366,5.196083652496338,-0.3564866693019867,,,8,False,False,,True,D:\Coding\Python\DSCI_SEAS\Scripts\Exp4_System-Overhead\result_data\seed_1_20260726-185336\convergence\20260726-185336-272_controlled-5seed-resnet50-cifar10-20260726_seed-1_S0_cold.jsonl
controlled-5seed-resnet50-cifar10-20260726,controlled-5seed-resnet50-cifar10-20260726:seed-1:S0,1,S0,cold,11,36.097552700084634,2.7796588208580113,2.7796588208580113,3.6367804121789185,0.9091951030447296,0.8571215913209069,0.21428039783022673,5.172400197664897,-0.3910478072166443,,,11,True,False,,True,D:\Coding\Python\DSCI_SEAS\Scripts\Exp4_System-Overhead\result_data\seed_1_20260726-185336\convergence\20260726-185336-272_controlled-5seed-resnet50-cifar10-20260726_seed-1_S0_cold.jsonl
controlled-5seed-resnet50-cifar10-20260726,controlled-5seed-resnet50-cifar10-20260726:seed-1:S0,1,S0,cold,12,39.50136830005795,2.4692172351215325,2.4692172351215325,3.311194717595168,0.827798679398792,0.8419774824736357,0.21049437061840892,5.140471177419027,-0.4432521744966507,,,11,False,False,,True,D:\Coding\Python\DSCI_SEAS\Scripts\Exp4_System-Overhead\result_data\seed_1_20260726-185336\convergence\20260726-185336-272_controlled-5seed-resnet50-cifar10-20260726_seed-1_S0_cold.jsonl
controlled-5seed-resnet50-cifar10-20260726,controlled-5seed-resnet50-cifar10-20260726:seed-1:S0,1,S0,cold,13,42.873991600004956,2.283278582895747,2.283278582895747,3.418232414564288,0.854558103641072,1.1349538316685408,0.2837384579171352,5.101727492014567,-0.4607483473221461,,,11,False,False,,True,D:\Coding\Python\DSCI_SEAS\Scripts\Exp4_System-Overhead\result_data\seed_1_20260726-185336\convergence\20260726-185336-272_controlled-5seed-resnet50-cifar10-20260726_seed-1_S0_cold.jsonl
controlled-5seed-resnet50-cifar10-20260726,controlled-5seed-resnet50-cifar10-20260726:seed-1:S0,1,S0,cold,14,46.10220670001581,2.3315956724200064,2.3315956724200064,3.0934522807501934,0.7733630701875484,0.7618566083301869,0.19046415208254672,5.052299668947856,-0.493256142437458,,,11,False,False,,True,D:\Coding\Python\DSCI_SEAS\Scripts\Exp4_System-Overhead\result_data\seed_1_20260726-185336\convergence\20260726-185336-272_controlled-5seed-resnet50-cifar10-20260726_seed-1_S0_cold.jsonl
controlled-5seed-resnet50-cifar10-20260726,controlled-5seed-resnet50-cifar10-20260726:seed-1:S0,1,S0,cold,15,49.38987320009619,2.716936564728349,2.716936564728349,3.394812696056435,0.8487031740141088,0.6778761313280861,0.16946903283202153,4.995926880518596,-0.5260539377530415,,,11,False,False,,True,D:\Coding\Python\DSCI_SEAS\Scripts\Exp4_System-Overhead\result_data\seed_1_20260726-185336\convergence\20260726-185336-272_controlled-5seed-resnet50-cifar10-20260726_seed-1_S0_cold.jsonl
controlled-5seed-resnet50-cifar10-20260726,controlled-5seed-resnet50-cifar10-20260726:seed-1:S0,1,S0,cold,16,52.53541450004559,2.54647819911938,2.54647819911938,3.7716690437594433,0.9429172609398608,1.2251908446400634,0.30629771116001586,4.930041445414226,-0.5771627095540365,,,11,False,False,,True,D:\Coding\Python\DSCI_SEAS\Scripts\Exp4_System-Overhead\result_data\seed_1_20260726-185336\convergence\20260726-185336-272_controlled-5seed-resnet50-cifar10-20260726_seed-1_S0_cold.jsonl
controlled-5seed-resnet50-cifar10-20260726,controlled-5seed-resnet50-cifar10-20260726:seed-1:S0,1,S0,cold,17,55.65791230008472,2.768610277662872,2.768610277662872,3.8847167184523554,0.9711791796130889,1.1161064407894834,0.27902661019737085,4.85743276532491,-0.6300386861165365,,,11,False,False,,True,D:\Coding\Python\DSCI_SEAS\Scripts\Exp4_System-Overhead\result_data\seed_1_20260726-185336\convergence\20260726-185336-272_controlled-5seed-resnet50-cifar10-20260726_seed-1_S0_cold.jsonl
controlled-5seed-resnet50-cifar10-20260726,controlled-5seed-resnet50-cifar10-20260726:seed-1:S0,1,S0,cold,18,58.868132100091316,2.8282047485987984,2.8282047485987984,3.7751527444351503,0.9437881861087876,0.9469479958363518,0.23673699895908795,4.775379993756612,-0.6689663165807724,,,18,True,False,,True,D:\Coding\Python\DSCI_SEAS\Scripts\Exp4_System-Overhead\result_data\seed_1_20260726-185336\convergence\20260726-185336-272_controlled-5seed-resnet50-cifar10-20260726_seed-1_S0_cold.jsonl
controlled-5seed-resnet50-cifar10-20260726,controlled-5seed-resnet50-cifar10-20260726:seed-1:S0,1,S0,cold,19,62.005794500000775,2.7888715742706407,2.7888715742706407,3.6234719430555264,0.9058679857638816,0.8346003687848859,0.20865009219622146,4.680554698944092,-0.7215023253361385,,,18,False,False,,True,D:\Coding\Python\DSCI_SEAS\Scripts\Exp4_System-Overhead\result_data\seed_1_20260726-185336\convergence\20260726-185336-272_controlled-5seed-resnet50-cifar10-20260726_seed-1_S0_cold.jsonl
controlled-5seed-resnet50-cifar10-20260726,controlled-5seed-resnet50-cifar10-20260726:seed-1:S0,1,S0,cold,20,65.24743600003421,2.7703261628287668,2.7703261628287668,3.7030704795884013,0.9257676198971003,0.9327443167596345,0.23318607918990863,4.572282601674398,-0.7477233056227366,,,18,False,False,,True,D:\Coding\Python\DSCI_SEAS\Scripts\Exp4_System-Overhead\result_data\seed_1_20260726-185336\convergence\20260726-185336-272_controlled-5seed-resnet50-cifar10-20260726_seed-1_S0_cold.jsonl
controlled-5seed-resnet50-cifar10-20260726,controlled-5seed-resnet50-cifar10-20260726:seed-1:S0,1,S0,cold,21,68.40400480001699,3.0483478578875243,3.0483478578875243,3.803410741265293,0.9508526853163233,0.7550628833777691,0.18876572084444226,4.4583542372385665,-0.817246891061465,,,21,True,False,,True,D:\Coding\Python\DSCI_SEAS\Scripts\Exp4_System-Overhead\result_data\seed_1_20260726-185336\convergence\20260726-185336-272_controlled-5seed-resnet50-cifar10-20260726_seed-1_S0_cold.jsonl
controlled-5seed-resnet50-cifar10-20260726,controlled-5seed-resnet50-cifar10-20260726:seed-1:S0,1,S0,cold,22,71.68803540000226,2.9768051274314216,2.9768051274314216,3.8291870702793185,0.9572967675698296,0.8523819428478969,0.21309548571197423,4.343506220181783,-0.8765175273418426,,,21,False,False,,True,D:\Coding\Python\DSCI_SEAS\Scripts\Exp4_System-Overhead\result_data\seed_1_20260726-185336\convergence\20260726-185336-272_controlled-5seed-resnet50-cifar10-20260726_seed-1_S0_cold.jsonl
controlled-5seed-resnet50-cifar10-20260726,controlled-5seed-resnet50-cifar10-20260726:seed-1:S0,1,S0,cold,23,74.89440029999241,2.9117026527236503,2.9117026527236503,3.696770568363768,0.924192642090942,0.7850679156401175,0.19626697891002937,4.227529286066691,-0.9484840537309647,,,21,False,False,,True,D:\Coding\Python\DSCI_SEAS\Scripts\Exp4_System-Overhead\result_data\seed_1_20260726-185336\convergence\20260726-185336-272_controlled-5seed-resnet50-cifar10-20260726_seed-1_S0_cold.jsonl
controlled-5seed-resnet50-cifar10-20260726,controlled-5seed-resnet50-cifar10-20260726:seed-1:S0,1,S0,cold,24,78.09607010008767,2.882303348169651,2.882303348169651,3.717185140684608,0.929296285171152,0.8348817925149569,0.20872044812873922,4.12901056321462,-1.0294438946644464,,,21,False,False,,True,D:\Coding\Python\DSCI_SEAS\Scripts\Exp4_System-Overhead\result_data\seed_1_20260726-185336\convergence\20260726-185336-272_controlled-5seed-resnet50-cifar10-20260726_seed-1_S0_cold.jsonl
controlled-5seed-resnet50-cifar10-20260726,controlled-5seed-resnet50-cifar10-20260726:seed-1:S0,1,S0,cold,25,81.30920710007194,3.060187874074048,3.060187874074048,3.8292529722046655,0.9573132430511664,0.7690650981306175,0.19226627453265438,4.033245896339417,-1.1489939438501995,,,25,True,False,,True,D:\Coding\Python\DSCI_SEAS\Scripts\Exp4_System-Overhead\result_data\seed_1_20260726-185336\convergence\20260726-185336-272_controlled-5seed-resnet50-cifar10-20260726_seed-1_S0_cold.jsonl
controlled-5seed-resnet50-cifar10-20260726,controlled-5seed-resnet50-cifar10-20260726:seed-1:S0,1,S0,cold,26,84.61387050000485,3.0140720131249803,3.0140720131249803,3.8354308321300046,0.9588577080325011,0.8213588190050242,0.20533970475125604,3.9357267163594565,-1.261454574664434,,,25,False,False,,True,D:\Coding\Python\DSCI_SEAS\Scripts\Exp4_System-Overhead\result_data\seed_1_20260726-185336\convergence\20260726-185336-272_controlled-5seed-resnet50-cifar10-20260726_seed-1_S0_cold.jsonl
controlled-5seed-resnet50-cifar10-20260726,controlled-5seed-resnet50-cifar10-20260726:seed-1:S0,1,S0,cold,27,87.87111830001231,3.0756000320597736,3.0756000320597736,3.8763848400119425,0.9690962100029856,0.8007848079521688,0.2001962019880422,3.847148820877075,-1.3303595905303955,,,27,True,False,,True,D:\Coding\Python\DSCI_SEAS\Scripts\Exp4_System-Overhead\result_data\seed_1_20260726-185336\convergence\20260726-185336-272_controlled-5seed-resnet50-cifar10-20260726_seed-1_S0_cold.jsonl
controlled-5seed-resnet50-cifar10-20260726,controlled-5seed-resnet50-cifar10-20260726:seed-1:S0,1,S0,cold,28,91.10213180002756,3.0218418938616587,3.0218418938616587,3.8338137639885916,0.9584534409971479,0.811971870126933,0.20299296753173324,3.7530111621220907,-1.4392579723199208,,,27,False,False,,True,D:\Coding\Python\DSCI_SEAS\Scripts\Exp4_System-Overhead\result_data\seed_1_20260726-185336\convergence\20260726-185336-272_controlled-5seed-resnet50-cifar10-20260726_seed-1_S0_cold.jsonl
controlled-5seed-resnet50-cifar10-20260726,controlled-5seed-resnet50-cifar10-20260726:seed-1:S0,1,S0,cold,29,94.30209130002186,3.113393823151873,3.113393823151873,3.873760722317847,0.9684401805794618,0.7603668991659741,0.19009172479149353,3.654865919748942,-1.5441708294550578,,,29,True,False,,True,D:\Coding\Python\DSCI_SEAS\Scripts\Exp4_System-Overhead\result_data\seed_1_20260726-185336\convergence\20260726-185336-272_controlled-5seed-resnet50-cifar10-20260726_seed-1_S0_cold.jsonl
controlled-5seed-resnet50-cifar10-20260726,controlled-5seed-resnet50-cifar10-20260726:seed-1:S0,1,S0,cold,30,97.49950840009842,3.1048798554159287,3.1048798554159287,3.852250858526457,0.9630627146316143,0.7473710031105285,0.18684275077763213,3.5589120580355327,-1.6645711921056112,,,29,False,False,,True,D:\Coding\Python\DSCI_SEAS\Scripts\Exp4_System-Overhead\result_data\seed_1_20260726-185336\convergence\20260726-185336-272_controlled-5seed-resnet50-cifar10-20260726_seed-1_S0_cold.jsonl
controlled-5seed-resnet50-cifar10-20260726,controlled-5seed-resnet50-cifar10-20260726:seed-1:S0,1,S0,cold,31,100.68576070002746,3.123213226127583,3.123213226127583,3.83112963264833,0.9577824081620825,0.7079164065207466,0.17697910163018665,3.455974794069926,-1.7810682792663575,,,31,True,False,,True,D:\Coding\Python\DSCI_SEAS\Scripts\Exp4_System-Overhead\result_data\seed_1_20260726-185336\convergence\20260726-185336-272_controlled-5seed-resnet50-cifar10-20260726_seed-1_S0_cold.jsonl
controlled-5seed-resnet50-cifar10-20260726,controlled-5seed-resnet50-cifar10-20260726:seed-1:S0,1,S0,cold,32,103.8660592000233,3.108751236330796,3.108751236330796,3.88774117662832,0.97193529415708,0.7789899402975239,0.19474748507438097,3.354776156902313,-1.9275573716958363,,,31,False,False,,True,D:\Coding\Python\DSCI_SEAS\Scripts\Exp4_System-Overhead\result_data\seed_1_20260726-185336\convergence\20260726-185336-272_controlled-5seed-resnet50-cifar10-20260726_seed-1_S0_cold.jsonl
controlled-5seed-resnet50-cifar10-20260726,controlled-5seed-resnet50-cifar10-20260726:seed-1:S0,1,S0,cold,33,107.04588160000276,3.116600492054375,3.116600492054375,3.888076793392,0.972019198348,0.7714763013376251,0.19286907533440628,3.2470833400090537,-2.0764972388744356,,,31,False,False,,True,D:\Coding\Python\DSCI_SEAS\Scripts\Exp4_System-Overhead\result_data\seed_1_20260726-185336\convergence\20260726-185336-272_controlled-5seed-resnet50-cifar10-20260726_seed-1_S0_cold.jsonl
controlled-5seed-resnet50-cifar10-20260726,controlled-5seed-resnet50-cifar10-20260726:seed-1:S0,1,S0,cold,34,110.25454080000054,3.145979203837607,3.145979203837607,3.8987974046067104,0.9746993511516776,0.7528182007691033,0.18820455019227583,3.1399475010236104,-2.2378359519640605,,,34,True,False,,True,D:\Coding\Python\DSCI_SEAS\Scripts\Exp4_System-Overhead\result_data\seed_1_20260726-185336\convergence\20260726-185336-272_controlled-5seed-resnet50-cifar10-20260726_seed-1_S0_cold.jsonl
controlled-5seed-resnet50-cifar10-20260726,controlled-5seed-resnet50-cifar10-20260726:seed-1:S0,1,S0,cold,35,113.59993610007223,3.1513250984972085,3.1513250984972085,3.8688839216136257,0.9672209804034064,0.7175588231164174,0.17938970577910435,3.0256947571436563,-2.3731913537979126,,,35,True,False,,True,D:\Coding\Python\DSCI_SEAS\Scripts\Exp4_System-Overhead\result_data\seed_1_20260726-185336\convergence\20260726-185336-272_controlled-5seed-resnet50-cifar10-20260726_seed-1_S0_cold.jsonl
controlled-5seed-resnet50-cifar10-20260726,controlled-5seed-resnet50-cifar10-20260726:seed-1:S0,1,S0,cold,36,116.93524500005879,3.148147230940478,3.148147230940478,3.8799931014720004,0.9699982753680001,0.7318458705315223,0.18296146763288057,2.9024845593770343,-2.5192133320172627,,,35,False,False,,True,D:\Coding\Python\DSCI_SEAS\Scripts\Exp4_System-Overhead\result_data\seed_1_20260726-185336\convergence\20260726-185336-272_controlled-5seed-resnet50-cifar10-20260726_seed-1_S0_cold.jsonl
controlled-5seed-resnet50-cifar10-20260726,controlled-5seed-resnet50-cifar10-20260726:seed-1:S0,1,S0,cold,37,120.13063520006835,3.154855699411975,3.154855699411975,3.865326863108038,0.9663317157770095,0.7104711636960632,0.1776177909240158,2.771544237613678,-2.6301465620994566,,,37,True,False,,True,D:\Coding\Python\DSCI_SEAS\Scripts\Exp4_System-Overhead\result_data\seed_1_20260726-185336\convergence\20260726-185336-272_controlled-5seed-resnet50-cifar10-20260726_seed-1_S0_cold.jsonl
controlled-5seed-resnet50-cifar10-20260726,controlled-5seed-resnet50-cifar10-20260726:seed-1:S0,1,S0,cold,38,123.29420140001457,3.165564351462929,3.165564351462929,3.8866574861059906,0.9716643715264976,0.721093134643062,0.1802732836607655,2.6536842940648397,-2.741509336789449,,,38,True,False,,True,D:\Coding\Python\DSCI_SEAS\Scripts\Exp4_System-Overhead\result_data\seed_1_20260726-185336\convergence\20260726-185336-272_controlled-5seed-resnet50-cifar10-20260726_seed-1_S0_cold.jsonl
controlled-5seed-resnet50-cifar10-20260726,controlled-5seed-resnet50-cifar10-20260726:seed-1:S0,1,S0,cold,39,126.41721990006045,3.1741363847493607,3.1741363847493607,3.879275112928,0.969818778232,0.7051387281786393,0.17628468204465983,2.5479071807861327,-2.883363126436869,0.31690708686461266,0.03417647461414793,39,True,False,,True,D:\Coding\Python\DSCI_SEAS\Scripts\Exp4_System-Overhead\result_data\seed_1_20260726-185336\convergence\20260726-185336-272_controlled-5seed-resnet50-cifar10-20260726_seed-1_S0_cold.jsonl
controlled-5seed-resnet50-cifar10-20260726,controlled-5seed-resnet50-cifar10-20260726:seed-1:S0,1,S0,cold,40,129.6523456000723,3.1762306472641404,3.1762306472641404,3.9138452226239995,0.9784613056559999,0.7376145753598591,0.18440364383996477,2.4483578702608746,-3.110622649828593,0.3114633514014464,0.02692017675411589,40,True,False,,True,D:\Coding\Python\DSCI_SEAS\Scripts\Exp4_System-Overhead\result_data\seed_1_20260726-185336\convergence\20260726-185336-272_controlled-5seed-resnet50-cifar10-20260726_seed-1_S0_cold.jsonl
controlled-5seed-resnet50-cifar10-20260726,controlled-5seed-resnet50-cifar10-20260726:seed-1:S0,1,S0,cold,41,132.84547490009572,3.182269451433206,3.182269451433206,3.905233843832,0.976308460958,0.7229643923987934,0.18074109809969835,2.345843894481659,-3.2961183767318727,0.27926281353069365,0.027589698211028007,41,True,False,,True,D:\Coding\Python\DSCI_SEAS\Scripts\Exp4_System-Overhead\result_data\seed_1_20260726-185336\convergence\20260726-185336-272_controlled-5seed-resnet50-cifar10-20260726_seed-1_S0_cold.jsonl
controlled-5seed-resnet50-cifar10-20260726,controlled-5seed-resnet50-cifar10-20260726:seed-1:S0,1,S0,cold,42,137.01328210008796,3.186080312311997,3.186080312311997,3.8920926975119996,0.9730231743779999,0.7060123852000025,0.17650309630000063,2.249673241138458,-3.4608719911575316,0.2578934636456558,0.026929458796575916,42,True,False,,True,D:\Coding\Python\DSCI_SEAS\Scripts\Exp4_System-Overhead\result_data\seed_1_20260726-185336\convergence\20260726-185336-272_controlled-5seed-resnet50-cifar10-20260726_seed-1_S0_cold.jsonl
controlled-5seed-resnet50-cifar10-20260726,controlled-5seed-resnet50-cifar10-20260726:seed-1:S0,1,S0,cold,43,140.44450119999237,3.1930825877914333,3.1930825877914333,3.898987062824,0.974746765706,0.7059044750325668,0.1764761187581417,2.1514823729197183,-3.657718479792277,0.24846756861324498,0.0236159639248824,43,True,False,,True,D:\Coding\Python\DSCI_SEAS\Scripts\Exp4_System-Overhead\result_data\seed_1_20260726-185336\convergence\20260726-185336-272_controlled-5seed-resnet50-cifar10-20260726_seed-1_S0_cold.jsonl
controlled-5seed-resnet50-cifar10-20260726,controlled-5seed-resnet50-cifar10-20260726:seed-1:S0,1,S0,cold,44,143.6883921000408,3.191668232294268,3.191668232294268,3.8969054702,0.97422636755,0.7052372379057321,0.17630930947643303,2.068349990129471,-3.804060807069143,0.22615837156390176,0.016785220704767106,43,False,False,,True,D:\Coding\Python\DSCI_SEAS\Scripts\Exp4_System-Overhead\result_data\seed_1_20260726-185336\convergence\20260726-185336-272_controlled-5seed-resnet50-cifar10-20260726_seed-1_S0_cold.jsonl
controlled-5seed-resnet50-cifar10-20260726,controlled-5seed-resnet50-cifar10-20260726:seed-1:S0,1,S0,cold,45,147.11448840005323,3.1989354390674034,3.1989354390674034,3.9027694410477123,0.9756923602619281,0.7038340019803087,0.17595850049507716,1.982672924041748,-3.986502182165782,0.20368389538749074,0.016566115318038886,45,True,False,,True,D:\Coding\Python\DSCI_SEAS\Scripts\Exp4_System-Overhead\result_data\seed_1_20260726-185336\convergence\20260726-185336-272_controlled-5seed-resnet50-cifar10-20260726_seed-1_S0_cold.jsonl
controlled-5seed-resnet50-cifar10-20260726,controlled-5seed-resnet50-cifar10-20260726:seed-1:S0,1,S0,cold,46,150.31582430005074,3.204587165439025,3.204587165439025,3.9085810942879995,0.9771452735719999,0.7039939288489742,0.17599848221224354,1.8775555497805279,-4.096407808462779,0.1854907885326188,0.014482483386195556,46,True,False,,True,D:\Coding\Python\DSCI_SEAS\Scripts\Exp4_System-Overhead\result_data\seed_1_20260726-185336\convergence\20260726-185336-272_controlled-5seed-resnet50-cifar10-20260726_seed-1_S0_cold.jsonl
controlled-5seed-resnet50-cifar10-20260726,controlled-5seed-resnet50-cifar10-20260726:seed-1:S0,1,S0,cold,47,153.4647103000898,3.1992699939314986,3.1992699939314986,3.904103195248,0.976025798812,0.7048332013165014,0.17620830032912535,1.7634934377670288,-4.180029441515605,0.1670230865910528,0.013905171131766756,46,False,False,,True,D:\Coding\Python\DSCI_SEAS\Scripts\Exp4_System-Overhead\result_data\seed_1_20260726-185336\convergence\20260726-185336-272_controlled-5seed-resnet50-cifar10-20260726_seed-1_S0_cold.jsonl
controlled-5seed-resnet50-cifar10-20260726,controlled-5seed-resnet50-cifar10-20260726:seed-1:S0,1,S0,cold,48,156.7127152000321,3.2000010039405193,3.2000010039405193,3.9056101186396166,0.9764025296599042,0.7056091146990974,0.17640227867477434,1.6643818546930949,-4.344856812795003,0.1589718282008266,0.010453434793833049,46,False,False,,True,D:\Coding\Python\DSCI_SEAS\Scripts\Exp4_System-Overhead\result_data\seed_1_20260726-185336\convergence\20260726-185336-272_controlled-5seed-resnet50-cifar10-20260726_seed-1_S0_cold.jsonl
controlled-5seed-resnet50-cifar10-20260726,controlled-5seed-resnet50-cifar10-20260726:seed-1:S0,1,S0,cold,49,160.0188689000206,3.205096574858669,3.205096574858669,3.9096619422079995,0.9774154855519999,0.7045653673493306,0.17614134183733265,1.5694712239106496,-4.506442868550619,0.13537445434430712,0.010217091626393395,49,True,False,,True,D:\Coding\Python\DSCI_SEAS\Scripts\Exp4_System-Overhead\result_data\seed_1_20260726-185336\convergence\20260726-185336-272_controlled-5seed-resnet50-cifar10-20260726_seed-1_S0_cold.jsonl
controlled-5seed-resnet50-cifar10-20260726,controlled-5seed-resnet50-cifar10-20260726:seed-1:S0,1,S0,cold,50,163.3122687001014,3.203415554070804,3.203415554070804,3.9076659012878086,0.9769164753219521,0.7042503472170046,0.17606258680425116,1.4702099645932516,-4.683270005861918,0.12279365606974264,0.009461370648844544,49,False,False,,True,D:\Coding\Python\DSCI_SEAS\Scripts\Exp4_System-Overhead\result_data\seed_1_20260726-185336\convergence\20260726-185336-272_controlled-5seed-resnet50-cifar10-20260726_seed-1_S0_cold.jsonl
controlled-5seed-resnet50-cifar10-20260726,controlled-5seed-resnet50-cifar10-20260726:seed-1:S0,1,S0,cold,51,166.67464760004077,3.2086811772297787,3.2086811772297787,3.9135555100159998,0.9783888775039999,0.704874332786221,0.17621858319655526,1.3798578584988912,-4.854763288497924,0.11751049997556055,0.009099108724673307,51,True,False,,True,D:\Coding\Python\DSCI_SEAS\Scripts\Exp4_System-Overhead\result_data\seed_1_20260726-185336\convergence\20260726-185336-272_controlled-5seed-resnet50-cifar10-20260726_seed-1_S0_cold.jsonl
controlled-5seed-resnet50-cifar10-20260726,controlled-5seed-resnet50-cifar10-20260726:seed-1:S0,1,S0,cold,52,169.9996660000179,3.206354601779038,3.206354601779038,3.91087832884,0.97771958221,0.7045237270609621,0.17613093176524053,1.3008012078603108,-5.10724715423584,0.10677403553665625,0.007914825055369307,51,False,False,,True,D:\Coding\Python\DSCI_SEAS\Scripts\Exp4_System-Overhead\result_data\seed_1_20260726-185336\convergence\20260726-185336-272_controlled-5seed-resnet50-cifar10-20260726_seed-1_S0_cold.jsonl
controlled-5seed-resnet50-cifar10-20260726,controlled-5seed-resnet50-cifar10-20260726:seed-1:S0,1,S0,cold,53,173.20570779999252,3.2069472415715747,3.2069472415715747,3.9124731789440004,0.9781182947360001,0.7055259373724256,0.1763814843431064,1.2297616283098856,-5.4123449850082395,0.09250597639900501,0.0066088818233686845,51,False,False,,True,D:\Coding\Python\DSCI_SEAS\Scripts\Exp4_System-Overhead\result_data\seed_1_20260726-185336\convergence\20260726-185336-272_controlled-5seed-resnet50-cifar10-20260726_seed-1_S0_cold.jsonl
controlled-5seed-resnet50-cifar10-20260726,controlled-5seed-resnet50-cifar10-20260726:seed-1:S0,1,S0,cold,54,176.41733650001697,3.209303301434551,3.209303301434551,3.9136374428959995,0.9784093607239999,0.7043341414614486,0.17608353536536214,1.1664142519632976,-5.7208021462758385,0.07852844999426951,0.006159420246713073,54,True,False,,True,D:\Coding\Python\DSCI_SEAS\Scripts\Exp4_System-Overhead\result_data\seed_1_20260726-185336\convergence\20260726-185336-272_controlled-5seed-resnet50-cifar10-20260726_seed-1_S0_cold.jsonl
controlled-5seed-resnet50-cifar10-20260726,controlled-5seed-resnet50-cifar10-20260726:seed-1:S0,1,S0,cold,55,179.58909910009243,3.2070515196897387,3.2070515196897387,3.910943125568723,0.9777357813921808,0.7038916058789845,0.17597290146974612,1.1099406763712565,-6.025622074445089,0.07159776943235147,0.0056678726518125935,54,False,False,,True,D:\Coding\Python\DSCI_SEAS\Scripts\Exp4_System-Overhead\result_data\seed_1_20260726-185336\convergence\20260726-185336-272_controlled-5seed-resnet50-cifar10-20260726_seed-1_S0_cold.jsonl
controlled-5seed-resnet50-cifar10-20260726,controlled-5seed-resnet50-cifar10-20260726:seed-1:S0,1,S0,cold,56,182.77132950001396,3.205771846578041,3.205771846578041,3.910472963536,0.977618240884,0.7047011169579589,0.17617527923948972,1.0557309276262918,-6.249077955245972,0.061838282425130536,0.004824382115512092,54,False,False,,True,D:\Coding\Python\DSCI_SEAS\Scripts\Exp4_System-Overhead\result_data\seed_1_20260726-185336\convergence\20260726-185336-272_controlled-5seed-resnet50-cifar10-20260726_seed-1_S0_cold.jsonl
controlled-5seed-resnet50-cifar10-20260726,controlled-5seed-resnet50-cifar10-20260726:seed-1:S0,1,S0,cold,57,185.96598440001253,3.2092163459857534,3.2092163459857534,3.913720892096,0.978430223024,0.7045045461102465,0.17612613652756162,1.008343963623047,-6.539669891993205,0.055962204723632,0.0040207253497042145,54,False,False,,True,D:\Coding\Python\DSCI_SEAS\Scripts\Exp4_System-Overhead\result_data\seed_1_20260726-185336\convergence\20260726-185336-272_controlled-5seed-resnet50-cifar10-20260726_seed-1_S0_cold.jsonl
controlled-5seed-resnet50-cifar10-20260726,controlled-5seed-resnet50-cifar10-20260726:seed-1:S0,1,S0,cold,58,189.14251180004794,3.2105231215974293,3.2105231215974293,3.915364182176,0.978841045544,0.7048410605785709,0.17621026514464272,0.974699409365654,-6.717497635205587,0.050849424436982406,0.0034429668363018884,58,True,False,,True,D:\Coding\Python\DSCI_SEAS\Scripts\Exp4_System-Overhead\result_data\seed_1_20260726-185336\convergence\20260726-185336-272_controlled-5seed-resnet50-cifar10-20260726_seed-1_S0_cold.jsonl
controlled-5seed-resnet50-cifar10-20260726,controlled-5seed-resnet50-cifar10-20260726:seed-1:S0,1,S0,cold,59,192.35066070000175,3.2096134284851985,3.2096134284851985,3.9147512435199996,0.9786878108799999,0.7051378150348009,0.17628445375870022,0.9458834740320842,-7.0885873196919755,0.044820534017106485,0.003014987740132842,58,False,False,,True,D:\Coding\Python\DSCI_SEAS\Scripts\Exp4_System-Overhead\result_data\seed_1_20260726-185336\convergence\20260726-185336-272_controlled-5seed-resnet50-cifar10-20260726_seed-1_S0_cold.jsonl
controlled-5seed-resnet50-cifar10-20260726,controlled-5seed-resnet50-cifar10-20260726:seed-1:S0,1,S0,cold,60,195.5862904000096,3.209826100973836,3.209826100973836,3.9151532353443903,0.9787883088360976,0.7053271343705545,0.17633178359263862,0.9169792385498683,-7.492456468900045,0.038488817593262344,0.0025081232320200305,58,False,False,,True,D:\Coding\Python\DSCI_SEAS\Scripts\Exp4_System-Overhead\result_data\seed_1_20260726-185336\convergence\20260726-185336-272_controlled-5seed-resnet50-cifar10-20260726_seed-1_S0_cold.jsonl
controlled-5seed-resnet50-cifar10-20260726,controlled-5seed-resnet50-cifar10-20260726:seed-1:S0,1,S0,cold,61,198.79324550007004,3.209489701917936,3.209489701917936,3.914958476192,0.978739619048,0.7054687742740644,0.1763671935685161,0.8923273013830185,-7.814183804512024,0.03667908291727155,0.002092769753317193,58,False,False,,True,D:\Coding\Python\DSCI_SEAS\Scripts\Exp4_System-Overhead\result_data\seed_1_20260726-185336\convergence\20260726-185336-272_controlled-5seed-resnet50-cifar10-20260726_seed-1_S0_cold.jsonl
controlled-5seed-resnet50-cifar10-20260726,controlled-5seed-resnet50-cifar10-20260726:seed-1:S0,1,S0,cold,62,202.03193960001227,3.2099293932869104,3.2099293932869104,3.9151344595359996,0.9787836148839999,0.705205066249089,0.17630126656227224,0.8703866327603658,-8.09385507106781,0.03356539302661685,0.0017044192214361543,58,False,False,,True,D:\Coding\Python\DSCI_SEAS\Scripts\Exp4_System-Overhead\result_data\seed_1_20260726-185336\convergence\20260726-185336-272_controlled-5seed-resnet50-cifar10-20260726_seed-1_S0_cold.jsonl
controlled-5seed-resnet50-cifar10-20260726,controlled-5seed-resnet50-cifar10-20260726:seed-1:S0,1,S0,cold,63,205.35859459999483,3.2098111863572267,3.2098111863572267,3.914860245712,0.978715061428,0.7050490593547735,0.17626226483869337,0.8520281972885132,-8.326524260838827,0.02916567393780148,0.00150570396680124,58,False,False,,True,D:\Coding\Python\DSCI_SEAS\Scripts\Exp4_System-Overhead\result_data\seed_1_20260726-185336\convergence\20260726-185336-272_controlled-5seed-resnet50-cifar10-20260726_seed-1_S0_cold.jsonl
controlled-5seed-resnet50-cifar10-20260726,controlled-5seed-resnet50-cifar10-20260726:seed-1:S0,1,S0,cold,64,208.56565940007567,3.210056952901035,3.210056952901035,3.914793901407296,0.978698475351824,0.7047369485062605,0.1761842371265651,0.8369408273299536,-8.722875722885131,0.02437396080932981,0.0011424619178856158,58,False,False,,True,D:\Coding\Python\DSCI_SEAS\Scripts\Exp4_System-Overhead\result_data\seed_1_20260726-185336\convergence\20260726-185336-272_controlled-5seed-resnet50-cifar10-20260726_seed-1_S0_cold.jsonl
controlled-5seed-resnet50-cifar10-20260726,controlled-5seed-resnet50-cifar10-20260726:seed-1:S0,1,S0,cold,65,211.79115840001032,3.2091270304903565,3.2091270304903565,3.9149683971519993,0.9787420992879998,0.7058413666616427,0.17646034166541066,0.8230759145816168,-8.827758963267009,0.022271253346924424,0.0010078308518563228,58,False,False,,True,D:\Coding\Python\DSCI_SEAS\Scripts\Exp4_System-Overhead\result_data\seed_1_20260726-185336\convergence\20260726-185336-272_controlled-5seed-resnet50-cifar10-20260726_seed-1_S0_cold.jsonl
controlled-5seed-resnet50-cifar10-20260726,controlled-5seed-resnet50-cifar10-20260726:seed-1:S0,1,S0,cold,66,214.94165220006835,3.2093020670463877,3.2093020670463877,3.9141371394239997,0.9785342848559999,0.704835072377612,0.176208768094403,0.8079132496913274,-9.063435099919637,0.0192516808848218,0.0009991492966496946,58,False,False,,True,D:\Coding\Python\DSCI_SEAS\Scripts\Exp4_System-Overhead\result_data\seed_1_20260726-185336\convergence\20260726-185336-272_controlled-5seed-resnet50-cifar10-20260726_seed-1_S0_cold.jsonl
controlled-5seed-resnet50-cifar10-20260726,controlled-5seed-resnet50-cifar10-20260726:seed-1:S0,1,S0,cold,67,218.11749560001772,3.210969869406941,3.210969869406941,3.9157935999999998,0.9789483999999999,0.7048237305930587,0.17620593264826467,0.7959856201012929,-9.800207051595052,0.01743833695826996,0.0008372522322299143,67,True,False,,True,D:\Coding\Python\DSCI_SEAS\Scripts\Exp4_System-Overhead\result_data\seed_1_20260726-185336\convergence\20260726-185336-272_controlled-5seed-resnet50-cifar10-20260726_seed-1_S0_cold.jsonl
controlled-5seed-resnet50-cifar10-20260726,controlled-5seed-resnet50-cifar10-20260726:seed-1:S0,1,S0,cold,68,221.2637159000151,3.2084103003561104,3.2084103003561104,3.9137100086079997,0.9784275021519999,0.705299708251889,0.17632492706297226,0.786304404258728,-10.336229534784954,0.01470494948646401,0.0006096547306291296,67,False,False,,True,D:\Coding\Python\DSCI_SEAS\Scripts\Exp4_System-Overhead\result_data\seed_1_20260726-185336\convergence\20260726-185336-272_controlled-5seed-resnet50-cifar10-20260726_seed-1_S0_cold.jsonl
controlled-5seed-resnet50-cifar10-20260726,controlled-5seed-resnet50-cifar10-20260726:seed-1:S0,1,S0,cold,69,224.45417320006527,3.209133254777541,3.209133254777541,3.91459196,0.97864799,0.7054587052224595,0.17636467630561486,0.7771238917112351,-10.95281896909078,0.013299397480911926,0.0005617204894869329,67,False,False,,True,D:\Coding\Python\DSCI_SEAS\Scripts\Exp4_System-Overhead\result_data\seed_1_20260726-185336\convergence\20260726-185336-272_controlled-5seed-resnet50-cifar10-20260726_seed-1_S0_cold.jsonl
controlled-5seed-resnet50-cifar10-20260726,controlled-5seed-resnet50-cifar10-20260726:seed-1:S0,1,S0,cold,70,227.69232430006377,3.209885637755546,3.209885637755546,3.915214610624,0.978803652656,0.7053289728684539,0.17633224321711347,0.7693340845108032,-11.71672253481547,0.01182726688748734,0.0004241280719648967,67,False,False,,True,D:\Coding\Python\DSCI_SEAS\Scripts\Exp4_System-Overhead\result_data\seed_1_20260726-185336\convergence\20260726-185336-272_controlled-5seed-resnet50-cifar10-20260726_seed-1_S0_cold.jsonl
controlled-5seed-resnet50-cifar10-20260726,controlled-5seed-resnet50-cifar10-20260726:seed-1:S0,1,S0,cold,71,230.80753880005796,3.2092065053220766,3.2092065053220766,3.914871814192,0.978717953548,0.7056653088699233,0.17641632721748082,0.7614227970441182,-12.117708592732747,0.010473981659529497,0.0004238870025567385,67,False,False,,True,D:\Coding\Python\DSCI_SEAS\Scripts\Exp4_System-Overhead\result_data\seed_1_20260726-185336\convergence\20260726-185336-272_controlled-5seed-resnet50-cifar10-20260726_seed-1_S0_cold.jsonl
controlled-5seed-resnet50-cifar10-20260726,controlled-5seed-resnet50-cifar10-20260726:seed-1:S0,1,S0,cold,72,233.99456510005984,3.208996684199644,3.208996684199644,3.9141527199999997,0.9785381799999999,0.7051560358003558,0.17628900895008895,0.7543283268213272,-12.885904452641805,0.008965097257492668,0.0003795852959158335,67,False,False,,True,D:\Coding\Python\DSCI_SEAS\Scripts\Exp4_System-Overhead\result_data\seed_1_20260726-185336\convergence\20260726-185336-272_controlled-5seed-resnet50-cifar10-20260726_seed-1_S0_cold.jsonl
controlled-5seed-resnet50-cifar10-20260726,controlled-5seed-resnet50-cifar10-20260726:seed-1:S0,1,S0,cold,73,237.24684340006206,3.209622423390958,3.209622423390958,3.914688038704,0.978672009676,0.705065615313042,0.1762664038282605,0.7508109031518301,-14.020928115208944,0.007576119472177959,0.0003470162565209756,67,False,False,,True,D:\Coding\Python\DSCI_SEAS\Scripts\Exp4_System-Overhead\result_data\seed_1_20260726-185336\convergence\20260726-185336-272_controlled-5seed-resnet50-cifar10-20260726_seed-1_S0_cold.jsonl
controlled-5seed-resnet50-cifar10-20260726,controlled-5seed-resnet50-cifar10-20260726:seed-1:S0,1,S0,cold,74,240.38680169999134,3.209248771076907,3.209248771076907,3.914188512368,0.978547128092,0.7049397412910928,0.1762349353227732,0.741416635553042,-15.264059656778972,0.006574670002217578,0.000347005057866999,67,False,False,,True,D:\Coding\Python\DSCI_SEAS\Scripts\Exp4_System-Overhead\result_data\seed_1_20260726-185336\convergence\20260726-185336-272_controlled-5seed-resnet50-cifar10-20260726_seed-1_S0_cold.jsonl
controlled-5seed-resnet50-cifar10-20260726,controlled-5seed-resnet50-cifar10-20260726:seed-1:S0,1,S0,cold,75,243.56082430004608,3.209701811218912,3.209701811218912,3.9143844791999998,0.9785961197999999,0.7046826679810879,0.17617066699527198,0.726488338748614,-15.798225322723388,0.0057372975956616265,0.0003098051195932304,67,False,False,,True,D:\Coding\Python\DSCI_SEAS\Scripts\Exp4_System-Overhead\result_data\seed_1_20260726-185336\convergence\20260726-185336-272_controlled-5seed-resnet50-cifar10-20260726_seed-1_S0_cold.jsonl
controlled-5seed-resnet50-cifar10-20260726,controlled-5seed-resnet50-cifar10-20260726:seed-1:S0,1,S0,cold,76,246.7231334000826,3.2097701660580253,3.2097701660580253,3.9150306400000003,0.9787576600000001,0.705260473941975,0.17631511848549375,0.7264337004423141,-17.08548514874776,0.004892627990363464,0.00017078390664505505,67,False,False,,True,D:\Coding\Python\DSCI_SEAS\Scripts\Exp4_System-Overhead\result_data\seed_1_20260726-185336\convergence\20260726-185336-272_controlled-5seed-resnet50-cifar10-20260726_seed-1_S0_cold.jsonl
controlled-5seed-resnet50-cifar10-20260726,controlled-5seed-resnet50-cifar10-20260726:seed-1:S0,1,S0,cold,77,249.9254923000699,3.2096798659810073,3.2096798659810073,3.914638879999999,0.9786597199999998,0.7049590140189916,0.1762397535047479,0.7203619428873063,-18.868323004404704,0.004045451560366887,0.0001687215566402172,67,False,False,,True,D:\Coding\Python\DSCI_SEAS\Scripts\Exp4_System-Overhead\result_data\seed_1_20260726-185336\convergence\20260726-185336-272_controlled-5seed-resnet50-cifar10-20260726_seed-1_S0_cold.jsonl
controlled-5seed-resnet50-cifar10-20260726,controlled-5seed-resnet50-cifar10-20260726:seed-1:S0,1,S0,cold,78,253.11582180007827,3.2097977674077427,3.2097977674077427,3.914922848912,0.978730712228,0.7051250815042571,0.17628127037606428,0.7078574676116307,-20.67128584162394,0.0033285558058922865,0.00015652723870694375,67,False,False,,True,D:\Coding\Python\DSCI_SEAS\Scripts\Exp4_System-Overhead\result_data\seed_1_20260726-185336\convergence\20260726-185336-272_controlled-5seed-resnet50-cifar10-20260726_seed-1_S0_cold.jsonl
controlled-5seed-resnet50-cifar10-20260726,controlled-5seed-resnet50-cifar10-20260726:seed-1:S0,1,S0,cold,79,256.2667821000796,3.2107496500307344,3.2107496500307344,3.9160524799999994,0.9790131199999998,0.7053028299692649,0.1763257074923162,0.7168299974997838,-22.477052242279054,0.0027902539356308544,0.00017559285490695244,67,False,False,,True,D:\Coding\Python\DSCI_SEAS\Scripts\Exp4_System-Overhead\result_data\seed_1_20260726-185336\convergence\20260726-185336-272_controlled-5seed-resnet50-cifar10-20260726_seed-1_S0_cold.jsonl
controlled-5seed-resnet50-cifar10-20260726,controlled-5seed-resnet50-cifar10-20260726:seed-1:S0,1,S0,cold,80,259.49766250001267,3.209884752341163,3.209884752341163,3.9148386333119998,0.9787096583279999,0.7049538809708368,0.1762384702427092,0.7244526821374894,-24.003656419118247,0.002265168026012525,0.0001759460843233864,67,False,False,,True,D:\Coding\Python\DSCI_SEAS\Scripts\Exp4_System-Overhead\result_data\seed_1_20260726-185336\convergence\20260726-185336-272_controlled-5seed-resnet50-cifar10-20260726_seed-1_S0_cold.jsonl
controlled-5seed-resnet50-cifar10-20260726,controlled-5seed-resnet50-cifar10-20260726:seed-1:S0,1,S0,cold,81,262.6293285000138,3.210791252914925,3.210791252914925,3.915400279999999,0.9788500699999998,0.7046090270850743,0.17615225677126858,0.7256570822000503,-25.884195200602214,0.0018596995548295682,0.000192052417904123,67,False,False,,True,D:\Coding\Python\DSCI_SEAS\Scripts\Exp4_System-Overhead\result_data\seed_1_20260726-185336\convergence\20260726-185336-272_controlled-5seed-resnet50-cifar10-20260726_seed-1_S0_cold.jsonl
controlled-5seed-resnet50-cifar10-20260726,controlled-5seed-resnet50-cifar10-20260726:seed-1:S0,1,S0,cold,82,266.02939820010215,3.210309388750591,3.210309388750591,3.9160020399999995,0.9790005099999999,0.7056926512494087,0.17642316281235218,0.7157914651632309,-27.315090310414632,0.0014928681832603347,0.00019591238052378343,67,False,False,,True,D:\Coding\Python\DSCI_SEAS\Scripts\Exp4_System-Overhead\result_data\seed_1_20260726-185336\convergence\20260726-185336-272_controlled-5seed-resnet50-cifar10-20260726_seed-1_S0_cold.jsonl
controlled-5seed-resnet50-cifar10-20260726,controlled-5seed-resnet50-cifar10-20260726:seed-1:S0,1,S0,cold,83,269.262201000005,3.2101711866625315,3.2101711866625315,3.9146619545759997,0.9786654886439999,0.7044907679134681,0.17612269197836702,0.7030297853151957,-27.39120237604777,0.0012371800320312707,0.0001982113167402322,67,False,False,,True,D:\Coding\Python\DSCI_SEAS\Scripts\Exp4_System-Overhead\result_data\seed_1_20260726-185336\convergence\20260726-185336-272_controlled-5seed-resnet50-cifar10-20260726_seed-1_S0_cold.jsonl
controlled-5seed-resnet50-cifar10-20260726,controlled-5seed-resnet50-cifar10-20260726:seed-1:S0,1,S0,cold,84,272.4125917000929,3.2103699576618125,3.2103699576618125,3.9155376000000004,0.9788844000000001,0.7051676423381879,0.17629191058454696,0.7049973987738292,-28.665823630015055,0.0009549818313699938,0.00020174156586962846,67,False,False,,True,D:\Coding\Python\DSCI_SEAS\Scripts\Exp4_System-Overhead\result_data\seed_1_20260726-185336\convergence\20260726-185336-272_controlled-5seed-resnet50-cifar10-20260726_seed-1_S0_cold.jsonl
controlled-5seed-resnet50-cifar10-20260726,controlled-5seed-resnet50-cifar10-20260726:seed-1:S0,1,S0,cold,85,275.59720210009255,3.210740286012965,3.210740286012965,3.91604404,0.97901101,0.7053037539870355,0.17632593849675887,0.7122016647656758,-31.873403809865316,0.0008210946575346999,0.00020698152257850788,67,False,False,,True,D:\Coding\Python\DSCI_SEAS\Scripts\Exp4_System-Overhead\result_data\seed_1_20260726-185336\convergence\20260726-185336-272_controlled-5seed-resnet50-cifar10-20260726_seed-1_S0_cold.jsonl
controlled-5seed-resnet50-cifar10-20260726,controlled-5seed-resnet50-cifar10-20260726:seed-1:S0,1,S0,cold,86,278.90664030006155,3.2101649921852404,3.2101649921852404,3.91513092,0.97878273,0.7049659278147595,0.17624148195368988,0.7178884358008703,-32.41159954961141,0.000760986774588533,0.0002044315644394356,67,False,False,,True,D:\Coding\Python\DSCI_SEAS\Scripts\Exp4_System-Overhead\result_data\seed_1_20260726-185336\convergence\20260726-185336-272_controlled-5seed-resnet50-cifar10-20260726_seed-1_S0_cold.jsonl
controlled-5seed-resnet50-cifar10-20260726,controlled-5seed-resnet50-cifar10-20260726:seed-1:S0,1,S0,cold,87,282.20320720004383,3.21001199310842,3.21001199310842,3.9152288000000004,0.9788072000000001,0.7052168068915803,0.17630420172289507,0.7211309153238933,-33.798223349253334,0.0005635653456834629,0.0001894548134201019,67,False,False,,True,D:\Coding\Python\DSCI_SEAS\Scripts\Exp4_System-Overhead\result_data\seed_1_20260726-185336\convergence\20260726-185336-272_controlled-5seed-resnet50-cifar10-20260726_seed-1_S0_cold.jsonl
controlled-5seed-resnet50-cifar10-20260726,controlled-5seed-resnet50-cifar10-20260726:seed-1:S0,1,S0,cold,88,285.3990981000243,3.2105723966701305,3.2105723966701305,3.9157935999999998,0.9789483999999999,0.7052212033298692,0.1763053008324673,0.7226662758191427,-37.382608843485514,0.00046613591256409597,0.00016613670627700514,67,False,False,,True,D:\Coding\Python\DSCI_SEAS\Scripts\Exp4_System-Overhead\result_data\seed_1_20260726-185336\convergence\20260726-185336-272_controlled-5seed-resnet50-cifar10-20260726_seed-1_S0_cold.jsonl
controlled-5seed-resnet50-cifar10-20260726,controlled-5seed-resnet50-cifar10-20260726:seed-1:S0,1,S0,cold,89,288.57077830005437,3.2113400688653035,3.2113400688653035,3.9156295199999995,0.9789073799999999,0.7042894511346961,0.17607236278367402,0.7212510533730189,-36.647953886667885,0.0004375919866676364,0.00018100267688916761,89,True,False,,True,D:\Coding\Python\DSCI_SEAS\Scripts\Exp4_System-Overhead\result_data\seed_1_20260726-185336\convergence\20260726-185336-272_controlled-5seed-resnet50-cifar10-20260726_seed-1_S0_cold.jsonl
controlled-5seed-resnet50-cifar10-20260726,controlled-5seed-resnet50-cifar10-20260726:seed-1:S0,1,S0,cold,90,291.7354079000652,3.209614648513303,3.209614648513303,3.9138835600000004,0.9784708900000001,0.7042689114866975,0.17606722787167436,0.7149518018960953,-33.4626003964742,0.00033251303992061704,0.00018312579020785582,89,False,False,,True,D:\Coding\Python\DSCI_SEAS\Scripts\Exp4_System-Overhead\result_data\seed_1_20260726-185336\convergence\20260726-185336-272_controlled-5seed-resnet50-cifar10-20260726_seed-1_S0_cold.jsonl
controlled-5seed-resnet50-cifar10-20260726,controlled-5seed-resnet50-cifar10-20260726:seed-1:S0,1,S0,cold,91,294.913939399994,3.2103965005116164,3.2103965005116164,3.91474702784,0.97868675696,0.7043505273283832,0.1760876318320958,0.712773180882136,-34.20004335784912,0.0003428666259233942,0.0001745511005690505,89,False,False,,True,D:\Coding\Python\DSCI_SEAS\Scripts\Exp4_System-Overhead\result_data\seed_1_20260726-185336\convergence\20260726-185336-272_controlled-5seed-resnet50-cifar10-20260726_seed-1_S0_cold.jsonl
controlled-5seed-resnet50-cifar10-20260726,controlled-5seed-resnet50-cifar10-20260726:seed-1:S0,1,S0,cold,92,298.0282833999954,3.2103884512628733,3.2103884512628733,3.9152257199999996,0.9788064299999999,0.7048372687371265,0.17620931718428162,0.7147519879341125,-38.19686808649699,0.00032337190624828657,0.0001566475436046243,89,False,False,,True,D:\Coding\Python\DSCI_SEAS\Scripts\Exp4_System-Overhead\result_data\seed_1_20260726-185336\convergence\20260726-185336-272_controlled-5seed-resnet50-cifar10-20260726_seed-1_S0_cold.jsonl
controlled-5seed-resnet50-cifar10-20260726,controlled-5seed-resnet50-cifar10-20260726:seed-1:S0,1,S0,cold,93,301.1838683000533,3.2103551689417067,3.2103551689417067,3.9150659686080003,0.9787664921520001,0.7047107996662938,0.17617769991657345,0.7145053443511327,-38.71420933151245,0.0002930954572511307,0.00015213618187599187,89,False,False,,True,D:\Coding\Python\DSCI_SEAS\Scripts\Exp4_System-Overhead\result_data\seed_1_20260726-185336\convergence\20260726-185336-272_controlled-5seed-resnet50-cifar10-20260726_seed-1_S0_cold.jsonl
controlled-5seed-resnet50-cifar10-20260726,controlled-5seed-resnet50-cifar10-20260726:seed-1:S0,1,S0,cold,94,304.35196180001367,3.2112352434733067,3.2112352434733067,3.9155747599999993,0.9788936899999998,0.7043395165266924,0.1760848791316731,0.7083346378008525,-35.92023164367676,0.00032489436083754577,0.00015145795319704178,89,False,False,,True,D:\Coding\Python\DSCI_SEAS\Scripts\Exp4_System-Overhead\result_data\seed_1_20260726-185336\convergence\20260726-185336-272_controlled-5seed-resnet50-cifar10-20260726_seed-1_S0_cold.jsonl
controlled-5seed-resnet50-cifar10-20260726,controlled-5seed-resnet50-cifar10-20260726:seed-1:S0,1,S0,cold,95,307.54699619999155,3.2102805918533255,3.2102805918533255,3.9148720399999997,0.9787180099999999,0.7045914481466742,0.17614786203666855,0.7012520010073979,-35.96075338490804,0.0002926083097582682,0.0001452958666049524,89,False,False,,True,D:\Coding\Python\DSCI_SEAS\Scripts\Exp4_System-Overhead\result_data\seed_1_20260726-185336\convergence\20260726-185336-272_controlled-5seed-resnet50-cifar10-20260726_seed-1_S0_cold.jsonl
controlled-5seed-resnet50-cifar10-20260726,controlled-5seed-resnet50-cifar10-20260726:seed-1:S0,1,S0,cold,96,310.7380112000974,3.2105312268114017,3.2105312268114017,3.91538248,0.97884562,0.7048512531885982,0.17621281329714955,0.6980418790976206,-39.40005865097046,0.0002421590839681888,0.00014013164094517778,89,False,False,,True,D:\Coding\Python\DSCI_SEAS\Scripts\Exp4_System-Overhead\result_data\seed_1_20260726-185336\convergence\20260726-185336-272_controlled-5seed-resnet50-cifar10-20260726_seed-1_S0_cold.jsonl
controlled-5seed-resnet50-cifar10-20260726,controlled-5seed-resnet50-cifar10-20260726:seed-1:S0,1,S0,cold,97,313.93709110002965,3.210551197154907,3.210551197154907,3.9160703999999997,0.9790175999999999,0.7055192028450924,0.1763798007112731,0.7002696345249811,-39.795281757354736,0.0002485102959659268,0.00013155641982237753,89,False,False,,True,D:\Coding\Python\DSCI_SEAS\Scripts\Exp4_System-Overhead\result_data\seed_1_20260726-185336\convergence\20260726-185336-272_controlled-5seed-resnet50-cifar10-20260726_seed-1_S0_cold.jsonl
controlled-5seed-resnet50-cifar10-20260726,controlled-5seed-resnet50-cifar10-20260726:seed-1:S0,1,S0,cold,98,317.15882080001757,3.210222999078841,3.210222999078841,3.91471268,0.97867817,0.7044896809211594,0.17612242023028984,0.6945218055645624,-36.476549494425456,0.00026643735334823783,0.0001249103742912675,89,False,False,,True,D:\Coding\Python\DSCI_SEAS\Scripts\Exp4_System-Overhead\result_data\seed_1_20260726-185336\convergence\20260726-185336-272_controlled-5seed-resnet50-cifar10-20260726_seed-1_S0_cold.jsonl
controlled-5seed-resnet50-cifar10-20260726,controlled-5seed-resnet50-cifar10-20260726:seed-1:S0,1,S0,cold,99,320.33724790008273,3.2110448085893015,3.2110448085893015,3.91529992,0.97882498,0.7042551114106985,0.17606377785267463,0.6909464619557063,-36.35119508107503,0.0002533304810657316,0.0001300291744743864,89,False,False,,True,D:\Coding\Python\DSCI_SEAS\Scripts\Exp4_System-Overhead\result_data\seed_1_20260726-185336\convergence\20260726-185336-272_controlled-5seed-resnet50-cifar10-20260726_seed-1_S0_cold.jsonl
controlled-5seed-resnet50-cifar10-20260726,controlled-5seed-resnet50-cifar10-20260726:seed-1:S0,1,S0,cold,100,323.5433767000213,3.2114867441778427,3.2114867441778427,3.9159430041279997,0.9789857510319999,0.7044562599501569,0.17611406498753923,0.6911080129543941,-39.93563373819987,0.00027737252692202745,0.0001413013670918697,100,True,False,,True,D:\Coding\Python\DSCI_SEAS\Scripts\Exp4_System-Overhead\result_data\seed_1_20260726-185336\convergence\20260726-185336-272_controlled-5seed-resnet50-cifar10-20260726_seed-1_S0_cold.jsonl
controlled-5seed-resnet50-cifar10-20260726,controlled-5seed-resnet50-cifar10-20260726:seed-1:S0,1,S0,cold,101,326.9997408000054,3.2113705790893103,3.2113705790893103,3.91574604,0.97893651,0.7043754609106898,0.17609386522767245,0.6798886884848276,-41.80933901087443,0.0002661162570368906,0.00015161306090400792,100,False,False,,True,D:\Coding\Python\DSCI_SEAS\Scripts\Exp4_System-Overhead\result_data\seed_1_20260726-185336\convergence\20260726-185336-272_controlled-5seed-resnet50-cifar10-20260726_seed-1_S0_cold.jsonl
controlled-5seed-resnet50-cifar10-20260726,controlled-5seed-resnet50-cifar10-20260726:seed-1:S0,1,S0,cold,102,330.16661519999616,3.2104299788212893,3.2104299788212893,3.91451628,0.97862907,0.7040863011787106,0.17602157529467766,0.6804708372354508,-43.24290273030599,0.0002620737503349108,0.00015087308439046414,100,False,False,,True,D:\Coding\Python\DSCI_SEAS\Scripts\Exp4_System-Overhead\result_data\seed_1_20260726-185336\convergence\20260726-185336-272_controlled-5seed-resnet50-cifar10-20260726_seed-1_S0_cold.jsonl
controlled-5seed-resnet50-cifar10-20260726,controlled-5seed-resnet50-cifar10-20260726:seed-1:S0,1,S0,cold,103,333.3635663000168,3.210455259631231,3.210455259631231,3.9152406399999995,0.9788101599999999,0.7047853803687688,0.1761963450921922,0.6797306263446807,-46.378283098856606,0.0002608895163304658,0.00014849893440423232,100,False,False,,True,D:\Coding\Python\DSCI_SEAS\Scripts\Exp4_System-Overhead\result_data\seed_1_20260726-185336\convergence\20260726-185336-272_controlled-5seed-resnet50-cifar10-20260726_seed-1_S0_cold.jsonl
controlled-5seed-resnet50-cifar10-20260726,controlled-5seed-resnet50-cifar10-20260726:seed-1:S0,1,S0,cold,104,336.5736953000305,3.210182889017391,3.210182889017391,3.9154055149759994,0.9788513787439999,0.7052226259586084,0.1763056564896521,0.6663087488810221,-46.91012237548828,0.0002530983477828542,0.00015030358243918178,100,False,False,,True,D:\Coding\Python\DSCI_SEAS\Scripts\Exp4_System-Overhead\result_data\seed_1_20260726-185336\convergence\20260726-185336-272_controlled-5seed-resnet50-cifar10-20260726_seed-1_S0_cold.jsonl
controlled-5seed-resnet50-cifar10-20260726,controlled-5seed-resnet50-cifar10-20260726:seed-1:S0,1,S0,cold,105,339.78368630004115,3.210904809787393,3.210904809787393,3.9156379599999998,0.9789094899999999,0.7047331502126066,0.17618328755315166,0.6560823987325033,-43.89309876505534,0.0002305249270085863,0.00015162286610718005,100,False,False,,True,D:\Coding\Python\DSCI_SEAS\Scripts\Exp4_System-Overhead\result_data\seed_1_20260726-185336\convergence\20260726-185336-272_controlled-5seed-resnet50-cifar10-20260726_seed-1_S0_cold.jsonl
controlled-5seed-resnet50-cifar10-20260726,controlled-5seed-resnet50-cifar10-20260726:seed-1:S0,1,S0,cold,106,343.0091051000636,3.2105031813892926,3.2105031813892926,3.9146299200000003,0.9786574800000001,0.7041267386107077,0.17603168465267693,0.6575481517314911,-44.42419117482503,0.0002223480664477117,0.00014887731891962032,100,False,False,,True,D:\Coding\Python\DSCI_SEAS\Scripts\Exp4_System-Overhead\result_data\seed_1_20260726-185336\convergence\20260726-185336-272_controlled-5seed-resnet50-cifar10-20260726_seed-1_S0_cold.jsonl
controlled-5seed-resnet50-cifar10-20260726,controlled-5seed-resnet50-cifar10-20260726:seed-1:S0,1,S0,cold,107,346.1398473000154,3.2105447669463705,3.2105447669463705,3.91498072,0.97874518,0.7044359530536296,0.1761089882634074,0.6505745877027511,-48.001315724690755,0.0002455714464252116,0.0001430534526337011,100,False,False,,True,D:\Coding\Python\DSCI_SEAS\Scripts\Exp4_System-Overhead\result_data\seed_1_20260726-185336\convergence\20260726-185336-272_controlled-5seed-resnet50-cifar10-20260726_seed-1_S0_cold.jsonl
controlled-5seed-resnet50-cifar10-20260726,controlled-5seed-resnet50-cifar10-20260726:seed-1:S0,1,S0,cold,108,349.3098419000162,3.2107618721103703,3.2107618721103703,3.9151891600000006,0.9787972900000002,0.7044272878896303,0.17610682197240757,0.6416115346352259,-47.51488224538167,0.00021483642405534245,0.00014332146764972119,100,False,False,,True,D:\Coding\Python\DSCI_SEAS\Scripts\Exp4_System-Overhead\result_data\seed_1_20260726-185336\convergence\20260726-185336-272_controlled-5seed-resnet50-cifar10-20260726_seed-1_S0_cold.jsonl
controlled-5seed-resnet50-cifar10-20260726,controlled-5seed-resnet50-cifar10-20260726:seed-1:S0,1,S0,cold,109,352.5830388000468,3.211221061182343,3.211221061182343,3.91604404,0.97901101,0.7048229788176572,0.1762057447044143,0.6332136292457581,-43.950247950236005,0.00017860185900250971,0.00014066506407023056,100,False,False,,True,D:\Coding\Python\DSCI_SEAS\Scripts\Exp4_System-Overhead\result_data\seed_1_20260726-185336\convergence\20260726-185336-272_controlled-5seed-resnet50-cifar10-20260726_seed-1_S0_cold.jsonl
controlled-5seed-resnet50-cifar10-20260726,controlled-5seed-resnet50-cifar10-20260726:seed-1:S0,1,S0,cold,110,355.7442742000567,3.2108181149989417,3.2108181149989417,3.9156399200000003,0.9789099800000001,0.7048218050010587,0.17620545125026468,0.6307014079093933,-44.553325546264645,0.00020156894664158162,0.00012113947274830648,100,False,False,,True,D:\Coding\Python\DSCI_SEAS\Scripts\Exp4_System-Overhead\result_data\seed_1_20260726-185336\convergence\20260726-185336-272_controlled-5seed-resnet50-cifar10-20260726_seed-1_S0_cold.jsonl
controlled-5seed-resnet50-cifar10-20260726,controlled-5seed-resnet50-cifar10-20260726:seed-1:S0,1,S0,cold,111,358.9437777000712,3.2109840321373095,3.2109840321373095,3.915355,0.97883875,0.7043709678626902,0.17609274196567254,0.6219518667856853,-48.685217862447104,0.00019218132562983254,0.00012093366642631131,100,False,False,,True,D:\Coding\Python\DSCI_SEAS\Scripts\Exp4_System-Overhead\result_data\seed_1_20260726-185336\convergence\20260726-185336-272_controlled-5seed-resnet50-cifar10-20260726_seed-1_S0_cold.jsonl
controlled-5seed-resnet50-cifar10-20260726,controlled-5seed-resnet50-cifar10-20260726:seed-1:S0,1,S0,cold,112,362.0788584999973,3.211165450275551,3.211165450275551,3.916056644127999,0.9790141610319998,0.7048911938524481,0.17622279846311203,0.594903550585111,-48.597172655741375,0.00018260182940561532,0.00012229188362975445,100,False,False,,True,D:\Coding\Python\DSCI_SEAS\Scripts\Exp4_System-Overhead\result_data\seed_1_20260726-185336\convergence\20260726-185336-272_controlled-5seed-resnet50-cifar10-20260726_seed-1_S0_cold.jsonl
controlled-5seed-resnet50-cifar10-20260726,controlled-5seed-resnet50-cifar10-20260726:seed-1:S0,1,S0,cold,113,365.29171430005226,3.2108826112333038,3.2108826112333038,3.9151643600000003,0.9787910900000001,0.7042817487666965,0.17607043719167412,0.5619918631712596,-45.084512646993,0.0001794020775086737,0.00011918060402020064,100,False,False,,True,D:\Coding\Python\DSCI_SEAS\Scripts\Exp4_System-Overhead\result_data\seed_1_20260726-185336\convergence\20260726-185336-272_controlled-5seed-resnet50-cifar10-20260726_seed-1_S0_cold.jsonl
controlled-5seed-resnet50-cifar10-20260726,controlled-5seed-resnet50-cifar10-20260726:seed-1:S0,1,S0,cold,114,368.49205750005785,3.211458552917311,3.211458552917311,3.9158567999999994,0.9789641999999998,0.7043982470826883,0.17609956177067207,0.5405293024778366,-45.98773050181071,0.00015193551552753197,0.0001241863203670599,100,False,False,,True,D:\Coding\Python\DSCI_SEAS\Scripts\Exp4_System-Overhead\result_data\seed_1_20260726-185336\convergence\20260726-185336-272_controlled-5seed-resnet50-cifar10-20260726_seed-1_S0_cold.jsonl
controlled-5seed-resnet50-cifar10-20260726,controlled-5seed-resnet50-cifar10-20260726:seed-1:S0,1,S0,cold,115,371.7015511000063,3.210948332315942,3.210948332315942,3.915102493456,0.978775623364,0.7041541611400584,0.1760385402850146,0.5323374347289404,-50.22957115681966,0.0001533196700722968,0.0001190655292402535,100,False,False,,True,D:\Coding\Python\DSCI_SEAS\Scripts\Exp4_System-Overhead\result_data\seed_1_20260726-185336\convergence\20260726-185336-272_controlled-5seed-resnet50-cifar10-20260726_seed-1_S0_cold.jsonl
controlled-5seed-resnet50-cifar10-20260726,controlled-5seed-resnet50-cifar10-20260726:seed-1:S0,1,S0,cold,116,374.93147890002,3.2109912365493,3.2109912365493,3.9152367199999993,0.9788091799999998,0.7042454834506992,0.1760613708626748,0.5315884325504303,-50.56892503611247,0.00014862912397370018,0.0001176757617440222,100,False,False,,True,D:\Coding\Python\DSCI_SEAS\Scripts\Exp4_System-Overhead\result_data\seed_1_20260726-185336\convergence\20260726-185336-272_controlled-5seed-resnet50-cifar10-20260726_seed-1_S0_cold.jsonl
controlled-5seed-resnet50-cifar10-20260726,controlled-5seed-resnet50-cifar10-20260726:seed-1:S0,1,S0,cold,117,378.0821999000618,3.2113705790893103,3.2113705790893103,3.91574604,0.97893651,0.7043754609106898,0.17609386522767245,0.5038259472648303,-47.54759029642741,0.0001478180328874039,0.00012080622924018937,100,False,False,,True,D:\Coding\Python\DSCI_SEAS\Scripts\Exp4_System-Overhead\result_data\seed_1_20260726-185336\convergence\20260726-185336-272_controlled-5seed-resnet50-cifar10-20260726_seed-1_S0_cold.jsonl
controlled-5seed-resnet50-cifar10-20260726,controlled-5seed-resnet50-cifar10-20260726:seed-1:S0,1,S0,cold,118,381.4404462000821,3.211357174029303,3.211357174029303,3.9156379599999998,0.9789094899999999,0.7042807859706967,0.17607019649267416,0.47372630568345386,-47.558410891215004,0.00015885829100951214,0.00011494038128955645,100,False,False,,True,D:\Coding\Python\DSCI_SEAS\Scripts\Exp4_System-Overhead\result_data\seed_1_20260726-185336\convergence\20260726-185336-272_controlled-5seed-resnet50-cifar10-20260726_seed-1_S0_cold.jsonl
controlled-5seed-resnet50-cifar10-20260726,controlled-5seed-resnet50-cifar10-20260726:seed-1:S0,1,S0,cold,119,384.8042355000507,3.2105523233757167,3.2105523233757167,3.9148940643039998,0.9787235160759999,0.704341740928283,0.17608543523207076,0.46134538620710375,-51.325431129455566,0.00014659068146412872,0.00011767698347645186,100,False,False,,True,D:\Coding\Python\DSCI_SEAS\Scripts\Exp4_System-Overhead\result_data\seed_1_20260726-185336\convergence\20260726-185336-272_controlled-5seed-resnet50-cifar10-20260726_seed-1_S0_cold.jsonl
controlled-5seed-resnet50-cifar10-20260726,controlled-5seed-resnet50-cifar10-20260726:seed-1:S0,1,S0,cold,120,388.0176198000554,3.211376096997313,3.211376096997313,3.9157935999999998,0.9789483999999999,0.7044175030026867,0.17610437575067167,0.46123081870873767,-52.533144533793134,0.00011991479910701704,0.00011530624930493178,100,False,False,,True,D:\Coding\Python\DSCI_SEAS\Scripts\Exp4_System-Overhead\result_data\seed_1_20260726-185336\convergence\20260726-185336-272_controlled-5seed-resnet50-cifar10-20260726_seed-1_S0_cold.jsonl
controlled-5seed-resnet50-cifar10-20260726,controlled-5seed-resnet50-cifar10-20260726:seed-1:S0,1,S0,cold,121,391.19473410001956,3.2109451997349394,3.2109451997349394,3.915751599999999,0.9789378999999998,0.70480640026506,0.176201600066265,0.4542708162466685,-48.95059368133545,0.0001042668179295193,0.00011065860004715977,100,False,False,,True,D:\Coding\Python\DSCI_SEAS\Scripts\Exp4_System-Overhead\result_data\seed_1_20260726-185336\convergence\20260726-185336-272_controlled-5seed-resnet50-cifar10-20260726_seed-1_S0_cold.jsonl
controlled-5seed-resnet50-cifar10-20260726,controlled-5seed-resnet50-cifar10-20260726:seed-1:S0,1,S0,cold,122,394.4147841000231,3.2113400688653044,3.2113400688653044,3.9156295200000004,0.9789073800000001,0.7042894511346959,0.17607236278367397,0.4360607763528824,-48.244981272379555,0.00011656196937001211,0.00010943762297593806,100,False,False,,True,D:\Coding\Python\DSCI_SEAS\Scripts\Exp4_System-Overhead\result_data\seed_1_20260726-185336\convergence\20260726-185336-272_controlled-5seed-resnet50-cifar10-20260726_seed-1_S0_cold.jsonl
controlled-5seed-resnet50-cifar10-20260726,controlled-5seed-resnet50-cifar10-20260726:seed-1:S0,1,S0,cold,123,397.70137850008905,3.210828728405099,3.210828728405099,3.915625199999999,0.9789062999999998,0.7047964715949001,0.17619911789872503,0.4196221549709638,-51.686523516337076,0.00011795366097127779,0.00010425811463519647,100,False,False,,True,D:\Coding\Python\DSCI_SEAS\Scripts\Exp4_System-Overhead\result_data\seed_1_20260726-185336\convergence\20260726-185336-272_controlled-5seed-resnet50-cifar10-20260726_seed-1_S0_cold.jsonl
controlled-5seed-resnet50-cifar10-20260726,controlled-5seed-resnet50-cifar10-20260726:seed-1:S0,1,S0,cold,124,400.9130706000142,3.2107815476493204,3.2107815476493204,3.9152918000000003,0.9788229500000001,0.70451025235068,0.17612756308767,0.4043939553896586,-52.71544020589193,0.0001301905789508819,8.959216827413605e-05,100,False,False,,True,D:\Coding\Python\DSCI_SEAS\Scripts\Exp4_System-Overhead\result_data\seed_1_20260726-185336\convergence\20260726-185336-272_controlled-5seed-resnet50-cifar10-20260726_seed-1_S0_cold.jsonl
controlled-5seed-resnet50-cifar10-20260726,controlled-5seed-resnet50-cifar10-20260726:seed-1:S0,1,S0,cold,125,404.0752901000669,3.211155297872256,3.211155297872256,3.9154345272319997,0.9788586318079999,0.7042792293597439,0.17606980733993596,0.38596554215749107,-49.156354927062985,0.00013152901266939314,9.009214516897224e-05,100,False,False,,True,D:\Coding\Python\DSCI_SEAS\Scripts\Exp4_System-Overhead\result_data\seed_1_20260726-185336\convergence\20260726-185336-272_controlled-5seed-resnet50-cifar10-20260726_seed-1_S0_cold.jsonl
controlled-5seed-resnet50-cifar10-20260726,controlled-5seed-resnet50-cifar10-20260726:seed-1:S0,1,S0,cold,126,407.2488772000652,3.210692653898353,3.210692653898353,3.91565588,0.97891397,0.7049632261016471,0.17624080652541177,0.3804344034989675,-48.47113159434001,0.00012921228904103592,8.584998636769339e-05,100,False,False,,True,D:\Coding\Python\DSCI_SEAS\Scripts\Exp4_System-Overhead\result_data\seed_1_20260726-185336\convergence\20260726-185336-272_controlled-5seed-resnet50-cifar10-20260726_seed-1_S0_cold.jsonl
controlled-5seed-resnet50-cifar10-20260726,controlled-5seed-resnet50-cifar10-20260726:seed-1:S0,1,S0,cold,127,410.48232220008504,3.211209328113296,3.211209328113296,3.9153819600000004,0.9788454900000001,0.7041726318867044,0.1760431579716761,0.3819210482041041,-51.96056094360352,0.00013126358231841864,8.008681448191081e-05,100,False,False,,True,D:\Coding\Python\DSCI_SEAS\Scripts\Exp4_System-Overhead\result_data\seed_1_20260726-185336\convergence\20260726-185336-272_controlled-5seed-resnet50-cifar10-20260726_seed-1_S0_cold.jsonl
controlled-5seed-resnet50-cifar10-20260726,controlled-5seed-resnet50-cifar10-20260726:seed-1:S0,1,S0,cold,128,413.7934127000626,3.210911120505297,3.210911120505297,3.9151139199999996,0.9787784799999999,0.7042027994947023,0.17605069987367558,0.37517116910219195,-52.91730430094401,0.00013063672846248684,7.817278041764897e-05,100,False,False,,True,D:\Coding\Python\DSCI_SEAS\Scripts\Exp4_System-Overhead\result_data\seed_1_20260726-185336\convergence\20260726-185336-272_controlled-5seed-resnet50-cifar10-20260726_seed-1_S0_cold.jsonl
controlled-5seed-resnet50-cifar10-20260726,controlled-5seed-resnet50-cifar10-20260726:seed-1:S0,1,S0,cold,129,417.1171236000955,3.211488670045313,3.211488670045313,3.91590168,0.97897542,0.704413009954687,0.17610325248867176,0.371194197177887,-49.52124391174316,0.00013665786455277268,8.298298508704357e-05,129,True,False,,True,D:\Coding\Python\DSCI_SEAS\Scripts\Exp4_System-Overhead\result_data\seed_1_20260726-185336\convergence\20260726-185336-272_controlled-5seed-resnet50-cifar10-20260726_seed-1_S0_cold.jsonl
controlled-5seed-resnet50-cifar10-20260726,controlled-5seed-resnet50-cifar10-20260726:seed-1:S0,1,S0,cold,130,420.37741850002203,3.2110535370779214,3.2110535370779214,3.9154455956799996,0.9788613989199999,0.7043920586020782,0.17609801465051955,0.3714602030515671,-48.953559089660644,0.00012157994365344264,8.11335383018987e-05,129,False,False,,True,D:\Coding\Python\DSCI_SEAS\Scripts\Exp4_System-Overhead\result_data\seed_1_20260726-185336\convergence\20260726-185336-272_controlled-5seed-resnet50-cifar10-20260726_seed-1_S0_cold.jsonl
controlled-5seed-resnet50-cifar10-20260726,controlled-5seed-resnet50-cifar10-20260726:seed-1:S0,1,S0,cold,131,423.53976950002834,3.21131210253648,3.21131210253648,3.9157907695359997,0.9789476923839999,0.7044786669995197,0.17611966674987992,0.36387189652522406,-52.37945687866211,0.00011753827742354086,8.240239332839418e-05,129,False,False,,True,D:\Coding\Python\DSCI_SEAS\Scripts\Exp4_System-Overhead\result_data\seed_1_20260726-185336\convergence\20260726-185336-272_controlled-5seed-resnet50-cifar10-20260726_seed-1_S0_cold.jsonl
controlled-5seed-resnet50-cifar10-20260726,controlled-5seed-resnet50-cifar10-20260726:seed-1:S0,1,S0,cold,132,426.7250451000873,3.2110011373013085,3.2110011373013085,3.9153634399999993,0.9788408599999998,0.7043623026986907,0.17609057567467268,0.35704168234268824,-53.0634818166097,0.00010287811108572946,8.243768643962125e-05,129,False,False,,True,D:\Coding\Python\DSCI_SEAS\Scripts\Exp4_System-Overhead\result_data\seed_1_20260726-185336\convergence\20260726-185336-272_controlled-5seed-resnet50-cifar10-20260726_seed-1_S0_cold.jsonl
controlled-5seed-resnet50-cifar10-20260726,controlled-5seed-resnet50-cifar10-20260726:seed-1:S0,1,S0,cold,133,429.856430200045,3.210946160999727,3.210946160999727,3.9156008,0.9789002,0.7046546390002729,0.17616365975006823,0.338707258562247,-49.44403079986572,9.565327863749593e-05,8.179958773969587e-05,129,False,True,stopping_criterion,True,D:\Coding\Python\DSCI_SEAS\Scripts\Exp4_System-Overhead\result_data\seed_1_20260726-185336\convergence\20260726-185336-272_controlled-5seed-resnet50-cifar10-20260726_seed-1_S0_cold.jsonl
controlled-5seed-resnet50-cifar10-20260726,controlled-5seed-resnet50-cifar10-20260726:seed-1:S1,1,S1,medium,0,1.6188209000974894,3.321681882019007,3.321681882019007,3.9158596799999996,0.9789649199999999,0.5941777979809927,0.14854444949524817,0.37145939595997335,-48.95477550029754,,,0,True,False,,True,D:\Coding\Python\DSCI_SEAS\Scripts\Exp4_System-Overhead\result_data\seed_1_20260726-185336\convergence\20260726-190139-213_controlled-5seed-resnet50-cifar10-20260726_seed-1_S1_medium.jsonl
controlled-5seed-resnet50-cifar10-20260726,controlled-5seed-resnet50-cifar10-20260726:seed-1:S1,1,S1,medium,1,3.232724600005895,3.32199058636291,3.32199058636291,3.91593884,0.97898471,0.5939482536370904,0.1484870634092726,0.34006938472390175,-46.387340340614315,,,1,True,False,,True,D:\Coding\Python\DSCI_SEAS\Scripts\Exp4_System-Overhead\result_data\seed_1_20260726-185336\convergence\20260726-190139-213_controlled-5seed-resnet50-cifar10-20260726_seed-1_S1_medium.jsonl
controlled-5seed-resnet50-cifar10-20260726,controlled-5seed-resnet50-cifar10-20260726:seed-1:S1,1,S1,medium,2,4.847201900091022,3.321208423890918,3.321208423890918,3.91526772,0.97881693,0.5940592961090824,0.1485148240272706,0.3092126742750406,-43.295461950302126,,,1,False,False,,True,D:\Coding\Python\DSCI_SEAS\Scripts\Exp4_System-Overhead\result_data\seed_1_20260726-185336\convergence\20260726-190139-213_controlled-5seed-resnet50-cifar10-20260726_seed-1_S1_medium.jsonl
controlled-5seed-resnet50-cifar10-20260726,controlled-5seed-resnet50-cifar10-20260726:seed-1:S1,1,S1,medium,3,6.505885300110094,3.321623584270913,3.321623584270913,3.9156138800000004,0.9789034700000001,0.5939902957290873,0.14849757393227184,0.2789093966409564,-40.91280710220337,,,1,False,False,,True,D:\Coding\Python\DSCI_SEAS\Scripts\Exp4_System-Overhead\result_data\seed_1_20260726-185336\convergence\20260726-190139-213_controlled-5seed-resnet50-cifar10-20260726_seed-1_S1_medium.jsonl
controlled-5seed-resnet50-cifar10-20260726,controlled-5seed-resnet50-cifar10-20260726:seed-1:S1,1,S1,medium,4,8.250118400086649,3.321734006562912,3.321734006562912,3.9157303999999993,0.9789325999999998,0.5939963934370869,0.14849909835927172,0.2744240264222026,-41.04285306930542,,,1,False,False,,True,D:\Coding\Python\DSCI_SEAS\Scripts\Exp4_System-Overhead\result_data\seed_1_20260726-185336\convergence\20260726-190139-213_controlled-5seed-resnet50-cifar10-20260726_seed-1_S1_medium.jsonl
controlled-5seed-resnet50-cifar10-20260726,controlled-5seed-resnet50-cifar10-20260726:seed-1:S1,1,S1,medium,5,9.921453600050882,3.3210583814949244,3.3210583814949244,3.91521492,0.97880373,0.5941565385050753,0.14853913462626883,0.2844659711048007,-42.97166606426239,,,1,False,False,,True,D:\Coding\Python\DSCI_SEAS\Scripts\Exp4_System-Overhead\result_data\seed_1_20260726-185336\convergence\20260726-190139-213_controlled-5seed-resnet50-cifar10-20260726_seed-1_S1_medium.jsonl
controlled-5seed-resnet50-cifar10-20260726,controlled-5seed-resnet50-cifar10-20260726:seed-1:S1,1,S1,medium,6,11.588902999996208,3.3217875786029136,3.3217875786029136,3.9157935999999998,0.9789483999999999,0.5940060213970862,0.14850150534927156,0.3033337012678385,-45.83245582580567,,,1,False,False,,True,D:\Coding\Python\DSCI_SEAS\Scripts\Exp4_System-Overhead\result_data\seed_1_20260726-185336\convergence\20260726-190139-213_controlled-5seed-resnet50-cifar10-20260726_seed-1_S1_medium.jsonl
controlled-5seed-resnet50-cifar10-20260726,controlled-5seed-resnet50-cifar10-20260726:seed-1:S1,1,S1,medium,7,13.29833950009197,3.3206547232149086,3.3206547232149086,3.9145834000000006,0.9786458500000002,0.5939286767850918,0.14848216919627294,0.3133589103072882,-46.43245140552521,,,1,False,False,,True,D:\Coding\Python\DSCI_SEAS\Scripts\Exp4_System-Overhead\result_data\seed_1_20260726-185336\convergence\20260726-190139-213_controlled-5seed-resnet50-cifar10-20260726_seed-1_S1_medium.jsonl
controlled-5seed-resnet50-cifar10-20260726,controlled-5seed-resnet50-cifar10-20260726:seed-1:S1,1,S1,medium,8,14.923744700034149,3.3217472619288184,3.3217472619288184,3.915735407232,0.978933851808,0.5939881453031816,0.1484970363257954,0.292417701408267,-46.739129285812375,,,1,False,False,,True,D:\Coding\Python\DSCI_SEAS\Scripts\Exp4_System-Overhead\result_data\seed_1_20260726-185336\convergence\20260726-190139-213_controlled-5seed-resnet50-cifar10-20260726_seed-1_S1_medium.jsonl
controlled-5seed-resnet50-cifar10-20260726,controlled-5seed-resnet50-cifar10-20260726:seed-1:S1,1,S1,medium,9,16.66865470004268,3.3217567691309156,3.3217567691309156,3.9157935999999998,0.9789483999999999,0.5940368308690841,0.14850920771727102,0.2834366611391306,-48.57347617149353,,,1,False,False,,True,D:\Coding\Python\DSCI_SEAS\Scripts\Exp4_System-Overhead\result_data\seed_1_20260726-185336\convergence\20260726-190139-213_controlled-5seed-resnet50-cifar10-20260726_seed-1_S1_medium.jsonl
controlled-5seed-resnet50-cifar10-20260726,controlled-5seed-resnet50-cifar10-20260726:seed-1:S1,1,S1,medium,10,18.363438500091434,3.321891418374917,3.321891418374917,3.91593884,0.97898471,0.5940474216250833,0.14851185540627082,0.28783122677356004,-49.48232234954834,,,1,False,False,,True,D:\Coding\Python\DSCI_SEAS\Scripts\Exp4_System-Overhead\result_data\seed_1_20260726-185336\convergence\20260726-190139-213_controlled-5seed-resnet50-cifar10-20260726_seed-1_S1_medium.jsonl
controlled-5seed-resnet50-cifar10-20260726,controlled-5seed-resnet50-cifar10-20260726:seed-1:S1,1,S1,medium,11,20.005196700105444,3.3215802700349224,3.3215802700349224,3.91570632,0.97892658,0.5941260499650776,0.1485315124912694,0.29277993984520434,-48.00372077941895,,,1,False,False,,True,D:\Coding\Python\DSCI_SEAS\Scripts\Exp4_System-Overhead\result_data\seed_1_20260726-185336\convergence\20260726-190139-213_controlled-5seed-resnet50-cifar10-20260726_seed-1_S1_medium.jsonl
controlled-5seed-resnet50-cifar10-20260726,controlled-5seed-resnet50-cifar10-20260726:seed-1:S1,1,S1,medium,12,21.913543800008483,3.321762030357917,3.321762030357917,3.915723158432,0.978930789608,0.5939611280740825,0.14849028201852063,0.2971387155354023,-48.075849857330326,,,1,False,False,,True,D:\Coding\Python\DSCI_SEAS\Scripts\Exp4_System-Overhead\result_data\seed_1_20260726-185336\convergence\20260726-190139-213_controlled-5seed-resnet50-cifar10-20260726_seed-1_S1_medium.jsonl
controlled-5seed-resnet50-cifar10-20260726,controlled-5seed-resnet50-cifar10-20260726:seed-1:S1,1,S1,medium,13,23.64883170009125,3.321967734494919,3.321967734494919,3.91604404,0.97901101,0.5940763055050812,0.1485190763762703,0.2958240931108594,-50.245637521743774,,,1,False,False,,True,D:\Coding\Python\DSCI_SEAS\Scripts\Exp4_System-Overhead\result_data\seed_1_20260726-185336\convergence\20260726-190139-213_controlled-5seed-resnet50-cifar10-20260726_seed-1_S1_medium.jsonl
controlled-5seed-resnet50-cifar10-20260726,controlled-5seed-resnet50-cifar10-20260726:seed-1:S1,1,S1,medium,14,25.298871600069106,3.3211968283229205,3.3211968283229205,3.91529592,0.97882398,0.5940990916770795,0.14852477291926988,0.2729570024088025,-53.43858523368836,,,1,False,False,,True,D:\Coding\Python\DSCI_SEAS\Scripts\Exp4_System-Overhead\result_data\seed_1_20260726-185336\convergence\20260726-190139-213_controlled-5seed-resnet50-cifar10-20260726_seed-1_S1_medium.jsonl
controlled-5seed-resnet50-cifar10-20260726,controlled-5seed-resnet50-cifar10-20260726:seed-1:S1,1,S1,medium,15,26.960925800027326,3.3215387861349126,3.3215387861349126,3.91552844,0.97888211,0.5939896538650874,0.14849741346627185,0.24652984408661724,-54.071288871765134,,,1,False,False,,True,D:\Coding\Python\DSCI_SEAS\Scripts\Exp4_System-Overhead\result_data\seed_1_20260726-185336\convergence\20260726-190139-213_controlled-5seed-resnet50-cifar10-20260726_seed-1_S1_medium.jsonl
controlled-5seed-resnet50-cifar10-20260726,controlled-5seed-resnet50-cifar10-20260726:seed-1:S1,1,S1,medium,16,28.791910500032827,3.3215105697948952,3.3215105697948952,3.91525792,0.97881448,0.5937473502051048,0.1484368375512762,0.23399947134777904,-52.16090319156647,,,1,False,False,,True,D:\Coding\Python\DSCI_SEAS\Scripts\Exp4_System-Overhead\result_data\seed_1_20260726-185336\convergence\20260726-190139-213_controlled-5seed-resnet50-cifar10-20260726_seed-1_S1_medium.jsonl
controlled-5seed-resnet50-cifar10-20260726,controlled-5seed-resnet50-cifar10-20260726:seed-1:S1,1,S1,medium,17,30.54456290008966,3.3217364517949295,3.3217364517949295,3.9159651999999996,0.9789912999999999,0.5942287482050701,0.14855718705126753,0.23109255582094193,-51.86830530643463,,,1,False,False,,True,D:\Coding\Python\DSCI_SEAS\Scripts\Exp4_System-Overhead\result_data\seed_1_20260726-185336\convergence\20260726-190139-213_controlled-5seed-resnet50-cifar10-20260726_seed-1_S1_medium.jsonl
controlled-5seed-resnet50-cifar10-20260726,controlled-5seed-resnet50-cifar10-20260726:seed-1:S1,1,S1,medium,18,32.43005419999827,3.3209542893229385,3.3209542893229385,3.9152940800000007,0.9788235200000002,0.5943397906770621,0.14858494766926553,0.23536686154082417,-53.897379121780396,,,1,False,False,,True,D:\Coding\Python\DSCI_SEAS\Scripts\Exp4_System-Overhead\result_data\seed_1_20260726-185336\convergence\20260726-190139-213_controlled-5seed-resnet50-cifar10-20260726_seed-1_S1_medium.jsonl
controlled-5seed-resnet50-cifar10-20260726,controlled-5seed-resnet50-cifar10-20260726:seed-1:S1,1,S1,medium,19,34.338505599997006,3.321640035403178,3.321640035403178,3.915668484127999,0.9789171210319998,0.594028448724821,0.14850711218120524,0.2581194994971156,-57.51735767841339,,,1,False,False,,True,D:\Coding\Python\DSCI_SEAS\Scripts\Exp4_System-Overhead\result_data\seed_1_20260726-185336\convergence\20260726-190139-213_controlled-5seed-resnet50-cifar10-20260726_seed-1_S1_medium.jsonl
controlled-5seed-resnet50-cifar10-20260726,controlled-5seed-resnet50-cifar10-20260726:seed-1:S1,1,S1,medium,20,36.21847720001824,3.3209918604869255,3.3209918604869255,3.91516252,0.97879063,0.5941706595130744,0.1485426648782686,0.2707779759168625,-58.503534126281735,,,1,False,False,,True,D:\Coding\Python\DSCI_SEAS\Scripts\Exp4_System-Overhead\result_data\seed_1_20260726-185336\convergence\20260726-190139-213_controlled-5seed-resnet50-cifar10-20260726_seed-1_S1_medium.jsonl
controlled-5seed-resnet50-cifar10-20260726,controlled-5seed-resnet50-cifar10-20260726:seed-1:S1,1,S1,medium,21,38.06141250010114,3.3217665657269237,3.3217665657269237,3.9159147599999997,0.9789786899999999,0.594148194273076,0.148537048568269,0.29885838344693183,-57.40319085121155,,,1,False,False,,True,D:\Coding\Python\DSCI_SEAS\Scripts\Exp4_System-Overhead\result_data\seed_1_20260726-185336\convergence\20260726-190139-213_controlled-5seed-resnet50-cifar10-20260726_seed-1_S1_medium.jsonl
controlled-5seed-resnet50-cifar10-20260726,controlled-5seed-resnet50-cifar10-20260726:seed-1:S1,1,S1,medium,22,39.916751800104976,3.3213841072949095,3.3213841072949095,3.91533204,0.97883301,0.5939479327050904,0.1484869831762726,0.32259529024362565,-58.4844943523407,,,1,False,False,,True,D:\Coding\Python\DSCI_SEAS\Scripts\Exp4_System-Overhead\result_data\seed_1_20260726-185336\convergence\20260726-190139-213_controlled-5seed-resnet50-cifar10-20260726_seed-1_S1_medium.jsonl
controlled-5seed-resnet50-cifar10-20260726,controlled-5seed-resnet50-cifar10-20260726:seed-1:S1,1,S1,medium,23,41.74643130006734,3.321562476594897,3.321562476594897,3.9153419199999995,0.9788354799999999,0.5937794434051026,0.14844486085127565,0.35129978850483895,-61.799398646354675,,,1,False,False,,True,D:\Coding\Python\DSCI_SEAS\Scripts\Exp4_System-Overhead\result_data\seed_1_20260726-185336\convergence\20260726-190139-213_controlled-5seed-resnet50-cifar10-20260726_seed-1_S1_medium.jsonl
controlled-5seed-resnet50-cifar10-20260726,controlled-5seed-resnet50-cifar10-20260726:seed-1:S1,1,S1,medium,24,43.53302380000241,3.321281917394911,3.321281917394911,3.9152539199999996,0.9788134799999999,0.5939720026050886,0.14849300065127216,0.3904900136217475,-63.31942868232727,,,1,False,False,,True,D:\Coding\Python\DSCI_SEAS\Scripts\Exp4_System-Overhead\result_data\seed_1_20260726-185336\convergence\20260726-190139-213_controlled-5seed-resnet50-cifar10-20260726_seed-1_S1_medium.jsonl
controlled-5seed-resnet50-cifar10-20260726,controlled-5seed-resnet50-cifar10-20260726:seed-1:S1,1,S1,medium,25,45.37259340006858,3.3213896684189317,3.3213896684189317,3.91564024,0.97891006,0.5942505715810685,0.14856264289526713,0.41890685152262447,-61.79207931041717,,,1,False,False,,True,D:\Coding\Python\DSCI_SEAS\Scripts\Exp4_System-Overhead\result_data\seed_1_20260726-185336\convergence\20260726-190139-213_controlled-5seed-resnet50-cifar10-20260726_seed-1_S1_medium.jsonl
controlled-5seed-resnet50-cifar10-20260726,controlled-5seed-resnet50-cifar10-20260726:seed-1:S1,1,S1,medium,26,47.16401330009103,3.3215483327629043,3.3215483327629043,3.9154323999999994,0.9788580999999998,0.5938840672370949,0.14847101680927371,0.4143760086223483,-61.599692020416256,,,1,False,False,,True,D:\Coding\Python\DSCI_SEAS\Scripts\Exp4_System-Overhead\result_data\seed_1_20260726-185336\convergence\20260726-190139-213_controlled-5seed-resnet50-cifar10-20260726_seed-1_S1_medium.jsonl
controlled-5seed-resnet50-cifar10-20260726,controlled-5seed-resnet50-cifar10-20260726:seed-1:S1,1,S1,medium,27,49.02279260009527,3.322146244850911,3.322146244850911,3.91611568,0.97902892,0.5939694351490888,0.1484923587872722,0.3961554653197527,-63.39207426071167,,,27,True,False,,True,D:\Coding\Python\DSCI_SEAS\Scripts\Exp4_System-Overhead\result_data\seed_1_20260726-185336\convergence\20260726-190139-213_controlled-5seed-resnet50-cifar10-20260726_seed-1_S1_medium.jsonl
controlled-5seed-resnet50-cifar10-20260726,controlled-5seed-resnet50-cifar10-20260726:seed-1:S1,1,S1,medium,28,50.81335300009232,3.3217814388029168,3.3217814388029168,3.9158355999999994,0.9789588999999999,0.5940541611970828,0.1485135402992707,0.3788603545725346,-65.30477321147919,,,27,False,False,,True,D:\Coding\Python\DSCI_SEAS\Scripts\Exp4_System-Overhead\result_data\seed_1_20260726-185336\convergence\20260726-190139-213_controlled-5seed-resnet50-cifar10-20260726_seed-1_S1_medium.jsonl
controlled-5seed-resnet50-cifar10-20260726,controlled-5seed-resnet50-cifar10-20260726:seed-1:S1,1,S1,medium,29,52.65117250010371,3.321434655426919,3.321434655426919,3.91551064,0.97887766,0.5940759845730812,0.1485189961432703,0.3573370298370719,-65.13783264636993,,,27,False,False,,True,D:\Coding\Python\DSCI_SEAS\Scripts\Exp4_System-Overhead\result_data\seed_1_20260726-185336\convergence\20260726-190139-213_controlled-5seed-resnet50-cifar10-20260726_seed-1_S1_medium.jsonl
controlled-5seed-resnet50-cifar10-20260726,controlled-5seed-resnet50-cifar10-20260726:seed-1:S1,1,S1,medium,30,54.51611270010471,3.3212279375548914,3.3212279375548914,3.9149175200000004,0.9787293800000001,0.593689582445109,0.14842239561127726,0.33237382490187883,-62.95583216190338,,,27,False,False,,True,D:\Coding\Python\DSCI_SEAS\Scripts\Exp4_System-Overhead\result_data\seed_1_20260726-185336\convergence\20260726-190139-213_controlled-5seed-resnet50-cifar10-20260726_seed-1_S1_medium.jsonl
controlled-5seed-resnet50-cifar10-20260726,controlled-5seed-resnet50-cifar10-20260726:seed-1:S1,1,S1,medium,31,56.344959200010635,3.3212001061909,3.3212001061909,3.91501068,0.97875267,0.5938105738091003,0.14845264345227507,0.3079902675375342,-63.28217886924744,,,27,False,False,,True,D:\Coding\Python\DSCI_SEAS\Scripts\Exp4_System-Overhead\result_data\seed_1_20260726-185336\convergence\20260726-190139-213_controlled-5seed-resnet50-cifar10-20260726_seed-1_S1_medium.jsonl
controlled-5seed-resnet50-cifar10-20260726,controlled-5seed-resnet50-cifar10-20260726:seed-1:S1,1,S1,medium,32,58.112420800025575,3.3211542901949023,3.3211542901949023,3.9149979200000002,0.9787494800000001,0.593843629805098,0.1484609074512745,0.2903884494304657,-66.31445949077606,,,27,False,False,,True,D:\Coding\Python\DSCI_SEAS\Scripts\Exp4_System-Overhead\result_data\seed_1_20260726-185336\convergence\20260726-190139-213_controlled-5seed-resnet50-cifar10-20260726_seed-1_S1_medium.jsonl
controlled-5seed-resnet50-cifar10-20260726,controlled-5seed-resnet50-cifar10-20260726:seed-1:S1,1,S1,medium,33,59.980552799999714,3.32183571840291,3.32183571840291,3.9157935999999998,0.9789483999999999,0.5939578815970896,0.1484894703992724,0.2798377626389265,-69.41015679836273,,,27,False,False,,True,D:\Coding\Python\DSCI_SEAS\Scripts\Exp4_System-Overhead\result_data\seed_1_20260726-185336\convergence\20260726-190139-213_controlled-5seed-resnet50-cifar10-20260726_seed-1_S1_medium.jsonl
controlled-5seed-resnet50-cifar10-20260726,controlled-5seed-resnet50-cifar10-20260726:seed-1:S1,1,S1,medium,34,61.785156000056304,3.3217775310909263,3.3217775310909263,3.9159651999999996,0.9789912999999999,0.5941876689090732,0.1485469172272683,0.24997598253190517,-70.29959367752075,,,27,False,False,,True,D:\Coding\Python\DSCI_SEAS\Scripts\Exp4_System-Overhead\result_data\seed_1_20260726-185336\convergence\20260726-190139-213_controlled-5seed-resnet50-cifar10-20260726_seed-1_S1_medium.jsonl
controlled-5seed-resnet50-cifar10-20260726,controlled-5seed-resnet50-cifar10-20260726:seed-1:S1,1,S1,medium,35,63.61117140005808,3.321748436918905,3.321748436918905,3.9156379599999998,0.9789094899999999,0.5938895230810947,0.14847238077027367,0.23114025754854084,-67.82904117107391,,,27,False,False,,True,D:\Coding\Python\DSCI_SEAS\Scripts\Exp4_System-Overhead\result_data\seed_1_20260726-185336\convergence\20260726-190139-213_controlled-5seed-resnet50-cifar10-20260726_seed-1_S1_medium.jsonl
controlled-5seed-resnet50-cifar10-20260726,controlled-5seed-resnet50-cifar10-20260726:seed-1:S1,1,S1,medium,36,65.55722860002425,3.320432395338889,3.320432395338889,3.9141020799999993,0.9785255199999998,0.5936696846611105,0.14841742116527762,0.23181034093722702,-67.22595951557159,,,27,False,False,,True,D:\Coding\Python\DSCI_SEAS\Scripts\Exp4_System-Overhead\result_data\seed_1_20260726-185336\convergence\20260726-190139-213_controlled-5seed-resnet50-cifar10-20260726_seed-1_S1_medium.jsonl
controlled-5seed-resnet50-cifar10-20260726,controlled-5seed-resnet50-cifar10-20260726:seed-1:S1,1,S1,medium,37,67.27508190006483,3.3213152190388953,3.3213152190388953,3.9150731599999995,0.9787682899999999,0.5937579409611041,0.14843948524027603,0.2330945041961968,-69.50710118293762,,,27,False,False,,True,D:\Coding\Python\DSCI_SEAS\Scripts\Exp4_System-Overhead\result_data\seed_1_20260726-185336\convergence\20260726-190139-213_controlled-5seed-resnet50-cifar10-20260726_seed-1_S1_medium.jsonl
controlled-5seed-resnet50-cifar10-20260726,controlled-5seed-resnet50-cifar10-20260726:seed-1:S1,1,S1,medium,38,69.123694500071,3.321367694474907,3.321367694474907,3.91527872,0.97881968,0.593911025525093,0.14847775638127325,0.22421102503314613,-70.10581140995026,0.00016299411683321063,0.00010864516388308882,27,False,False,,True,D:\Coding\Python\DSCI_SEAS\Scripts\Exp4_System-Overhead\result_data\seed_1_20260726-185336\convergence\20260726-190139-213_controlled-5seed-resnet50-cifar10-20260726_seed-1_S1_medium.jsonl
controlled-5seed-resnet50-cifar10-20260726,controlled-5seed-resnet50-cifar10-20260726:seed-1:S1,1,S1,medium,39,70.97507390007377,3.321844971754906,3.321844971754906,3.91574316,0.97893579,0.593898188245094,0.1484745470612735,0.21902790620923043,-67.50195650100709,2.7548015203508297e-05,0.0001110801004012438,27,False,True,stopping_criterion,True,D:\Coding\Python\DSCI_SEAS\Scripts\Exp4_System-Overhead\result_data\seed_1_20260726-185336\convergence\20260726-190139-213_controlled-5seed-resnet50-cifar10-20260726_seed-1_S1_medium.jsonl
controlled-5seed-resnet50-cifar10-20260726,controlled-5seed-resnet50-cifar10-20260726:seed-1:S2,1,S2,near,0,0.7357176000950858,3.344806534289969,3.344806534289969,3.915751599999999,0.9789378999999998,0.5709450657100302,0.14273626642750756,0.21545707669109107,-66.863805809021,,,0,True,False,,True,D:\Coding\Python\DSCI_SEAS\Scripts\Exp4_System-Overhead\result_data\seed_1_20260726-185336\convergence\20260726-190342-346_controlled-5seed-resnet50-cifar10-20260726_seed-1_S2_near.jsonl
controlled-5seed-resnet50-cifar10-20260726,controlled-5seed-resnet50-cifar10-20260726:seed-1:S2,1,S2,near,1,1.600314800045453,3.3442488500299765,3.3442488500299765,3.9152917999999994,0.9788229499999999,0.5710429499700231,0.14276073749250578,0.22494390435516834,-68.88127102851868,,,0,False,False,,True,D:\Coding\Python\DSCI_SEAS\Scripts\Exp4_System-Overhead\result_data\seed_1_20260726-185336\convergence\20260726-190342-346_controlled-5seed-resnet50-cifar10-20260726_seed-1_S2_near.jsonl
controlled-5seed-resnet50-cifar10-20260726,controlled-5seed-resnet50-cifar10-20260726:seed-1:S2,1,S2,near,2,2.4504571000579745,3.344454844361978,3.344454844361978,3.91551352,0.97887838,0.5710586756380222,0.14276466890950554,0.2184368946403265,-69.49612978935242,,,0,False,False,,True,D:\Coding\Python\DSCI_SEAS\Scripts\Exp4_System-Overhead\result_data\seed_1_20260726-185336\convergence\20260726-190342-346_controlled-5seed-resnet50-cifar10-20260726_seed-1_S2_near.jsonl
controlled-5seed-resnet50-cifar10-20260726,controlled-5seed-resnet50-cifar10-20260726:seed-1:S2,1,S2,near,3,3.331668700091541,3.3445262919699754,3.3445262919699754,3.9155548,0.9788887,0.5710285080300243,0.14275712700750606,0.2124970815703273,-68.63765295028686,,,0,False,False,,True,D:\Coding\Python\DSCI_SEAS\Scripts\Exp4_System-Overhead\result_data\seed_1_20260726-185336\convergence\20260726-190342-346_controlled-5seed-resnet50-cifar10-20260726_seed-1_S2_near.jsonl
controlled-5seed-resnet50-cifar10-20260726,controlled-5seed-resnet50-cifar10-20260726:seed-1:S2,1,S2,near,4,4.181975500076078,3.3439048865750394,3.3439048865750394,3.915076048255999,0.9787690120639998,0.5711711616809599,0.14279279042023998,0.2084264252707362,-67.87011322021485,,,0,False,False,,True,D:\Coding\Python\DSCI_SEAS\Scripts\Exp4_System-Overhead\result_data\seed_1_20260726-185336\convergence\20260726-190342-346_controlled-5seed-resnet50-cifar10-20260726_seed-1_S2_near.jsonl
controlled-5seed-resnet50-cifar10-20260726,controlled-5seed-resnet50-cifar10-20260726:seed-1:S2,1,S2,near,5,5.0203110000584275,3.344621698291032,3.344621698291032,3.9156924082559996,0.9789231020639999,0.5710707099649672,0.1427676774912418,0.2026813315972686,-68.05612565040589,,,0,False,False,,True,D:\Coding\Python\DSCI_SEAS\Scripts\Exp4_System-Overhead\result_data\seed_1_20260726-185336\convergence\20260726-190342-346_controlled-5seed-resnet50-cifar10-20260726_seed-1_S2_near.jsonl
controlled-5seed-resnet50-cifar10-20260726,controlled-5seed-resnet50-cifar10-20260726:seed-1:S2,1,S2,near,6,5.893607400008477,3.3442191861903137,3.3442191861903137,3.91533647344,0.97883411836,0.5711172872496861,0.14277932181242153,0.19972275163978337,-68.91060536384583,,,0,False,False,,True,D:\Coding\Python\DSCI_SEAS\Scripts\Exp4_System-Overhead\result_data\seed_1_20260726-185336\convergence\20260726-190342-346_controlled-5seed-resnet50-cifar10-20260726_seed-1_S2_near.jsonl
controlled-5seed-resnet50-cifar10-20260726,controlled-5seed-resnet50-cifar10-20260726:seed-1:S2,1,S2,near,7,6.721329000080004,3.344581929097977,3.344581929097977,3.9156252,0.9789063,0.5710432709020232,0.1427608177255058,0.19823408044874669,-70.18814245223999,,,0,False,False,,True,D:\Coding\Python\DSCI_SEAS\Scripts\Exp4_System-Overhead\result_data\seed_1_20260726-185336\convergence\20260726-190342-346_controlled-5seed-resnet50-cifar10-20260726_seed-1_S2_near.jsonl
controlled-5seed-resnet50-cifar10-20260726,controlled-5seed-resnet50-cifar10-20260726:seed-1:S2,1,S2,near,8,7.639461699989624,3.34446395268196,3.34446395268196,3.91527872,0.97881968,0.5708147673180397,0.14270369182950993,0.19557983867824077,-70.75004367828369,,,0,False,False,,True,D:\Coding\Python\DSCI_SEAS\Scripts\Exp4_System-Overhead\result_data\seed_1_20260726-185336\convergence\20260726-190342-346_controlled-5seed-resnet50-cifar10-20260726_seed-1_S2_near.jsonl
controlled-5seed-resnet50-cifar10-20260726,controlled-5seed-resnet50-cifar10-20260726:seed-1:S2,1,S2,near,9,8.473682300071232,3.34430269224453,3.34430269224453,3.9156799600000003,0.9789199900000001,0.5713772677554703,0.14284431693886757,0.1892393348366022,-70.4210154247284,,,0,False,False,,True,D:\Coding\Python\DSCI_SEAS\Scripts\Exp4_System-Overhead\result_data\seed_1_20260726-185336\convergence\20260726-190342-346_controlled-5seed-resnet50-cifar10-20260726_seed-1_S2_near.jsonl
controlled-5seed-resnet50-cifar10-20260726,controlled-5seed-resnet50-cifar10-20260726:seed-1:S2,1,S2,near,10,9.356573400087655,3.3445214035619637,3.3445214035619637,3.9153875199999995,0.9788468799999999,0.570866116438036,0.142716529109509,0.18188641306012868,-69.7406812286377,,,0,False,False,,True,D:\Coding\Python\DSCI_SEAS\Scripts\Exp4_System-Overhead\result_data\seed_1_20260726-185336\convergence\20260726-190342-346_controlled-5seed-resnet50-cifar10-20260726_seed-1_S2_near.jsonl
controlled-5seed-resnet50-cifar10-20260726,controlled-5seed-resnet50-cifar10-20260726:seed-1:S2,1,S2,near,11,10.2515260000946,3.3438712571819806,3.3438712571819806,3.91496684,0.97874171,0.5710955828180194,0.14277389570450486,0.17913046941161156,-69.59343801498413,,,0,False,False,,True,D:\Coding\Python\DSCI_SEAS\Scripts\Exp4_System-Overhead\result_data\seed_1_20260726-185336\convergence\20260726-190342-346_controlled-5seed-resnet50-cifar10-20260726_seed-1_S2_near.jsonl
controlled-5seed-resnet50-cifar10-20260726,controlled-5seed-resnet50-cifar10-20260726:seed-1:S2,1,S2,near,12,11.164861500030383,3.344533683505977,3.344533683505977,3.91557888,0.97889472,0.5710451964940231,0.14276129912350577,0.18046008568257094,-70.29517216682434,,,0,False,False,,True,D:\Coding\Python\DSCI_SEAS\Scripts\Exp4_System-Overhead\result_data\seed_1_20260726-185336\convergence\20260726-190342-346_controlled-5seed-resnet50-cifar10-20260726_seed-1_S2_near.jsonl
controlled-5seed-resnet50-cifar10-20260726,controlled-5seed-resnet50-cifar10-20260726:seed-1:S2,1,S2,near,13,12.016219800105318,3.3443866501619635,3.3443866501619635,3.9152367200000002,0.9788091800000001,0.570850069838037,0.14271251745950925,0.18306317798793315,-71.50823865890503,,,0,False,False,,True,D:\Coding\Python\DSCI_SEAS\Scripts\Exp4_System-Overhead\result_data\seed_1_20260726-185336\convergence\20260726-190342-346_controlled-5seed-resnet50-cifar10-20260726_seed-1_S2_near.jsonl
controlled-5seed-resnet50-cifar10-20260726,controlled-5seed-resnet50-cifar10-20260726:seed-1:S2,1,S2,near,14,12.939919000025839,3.3434772924819565,3.3434772924819565,3.9142439199999997,0.9785609799999999,0.5707666275180432,0.1426916568795108,0.18295277662575246,-72.43164073944092,,,0,False,False,,True,D:\Coding\Python\DSCI_SEAS\Scripts\Exp4_System-Overhead\result_data\seed_1_20260726-185336\convergence\20260726-190342-346_controlled-5seed-resnet50-cifar10-20260726_seed-1_S2_near.jsonl
controlled-5seed-resnet50-cifar10-20260726,controlled-5seed-resnet50-cifar10-20260726:seed-1:S2,1,S2,near,15,13.762712100055069,3.3443007874139683,3.3443007874139683,3.91522756,0.97880689,0.5709267725860316,0.1427316931465079,0.1844775889068842,-72.43050252914429,,,0,False,False,,True,D:\Coding\Python\DSCI_SEAS\Scripts\Exp4_System-Overhead\result_data\seed_1_20260726-185336\convergence\20260726-190342-346_controlled-5seed-resnet50-cifar10-20260726_seed-1_S2_near.jsonl
controlled-5seed-resnet50-cifar10-20260726,controlled-5seed-resnet50-cifar10-20260726:seed-1:S2,1,S2,near,16,14.610499800066464,3.3443416628963503,3.3443416628963503,3.9154516559039996,0.9788629139759999,0.5711099930076492,0.1427774982519123,0.1836030700430274,-71.59638297080994,,,0,False,False,,True,D:\Coding\Python\DSCI_SEAS\Scripts\Exp4_System-Overhead\result_data\seed_1_20260726-185336\convergence\20260726-190342-346_controlled-5seed-resnet50-cifar10-20260726_seed-1_S2_near.jsonl
controlled-5seed-resnet50-cifar10-20260726,controlled-5seed-resnet50-cifar10-20260726:seed-1:S2,1,S2,near,17,15.469682299997658,3.3445167698019795,3.3445167698019795,3.91560112,0.97890028,0.5710843501980202,0.14277108754950504,0.18216013096272946,-71.0034823513031,,,0,False,False,,True,D:\Coding\Python\DSCI_SEAS\Scripts\Exp4_System-Overhead\result_data\seed_1_20260726-185336\convergence\20260726-190342-346_controlled-5seed-resnet50-cifar10-20260726_seed-1_S2_near.jsonl
controlled-5seed-resnet50-cifar10-20260726,controlled-5seed-resnet50-cifar10-20260726:seed-1:S2,1,S2,near,18,16.324738700059243,3.344273890677992,3.344273890677992,3.9155369999999996,0.9788842499999999,0.5712631093220074,0.14281577733050185,0.18113318886607885,-71.3657403087616,,,0,False,False,,True,D:\Coding\Python\DSCI_SEAS\Scripts\Exp4_System-Overhead\result_data\seed_1_20260726-185336\convergence\20260726-190342-346_controlled-5seed-resnet50-cifar10-20260726_seed-1_S2_near.jsonl
controlled-5seed-resnet50-cifar10-20260726,controlled-5seed-resnet50-cifar10-20260726:seed-1:S2,1,S2,near,19,17.141366900061257,3.344196947641965,3.344196947641965,3.91508232,0.97877058,0.5708853723580346,0.14272134308950865,0.18075108975172044,-72.50060190200806,,,0,False,False,,True,D:\Coding\Python\DSCI_SEAS\Scripts\Exp4_System-Overhead\result_data\seed_1_20260726-185336\convergence\20260726-190342-346_controlled-5seed-resnet50-cifar10-20260726_seed-1_S2_near.jsonl
controlled-5seed-resnet50-cifar10-20260726,controlled-5seed-resnet50-cifar10-20260726:seed-1:S2,1,S2,near,20,18.060195000027306,3.344461460585972,3.344461460585972,3.9154456799999995,0.9788614199999999,0.5709842194140275,0.1427460548535069,0.18122207663953305,-73.90766578674317,,,0,False,False,,True,D:\Coding\Python\DSCI_SEAS\Scripts\Exp4_System-Overhead\result_data\seed_1_20260726-185336\convergence\20260726-190342-346_controlled-5seed-resnet50-cifar10-20260726_seed-1_S2_near.jsonl
controlled-5seed-resnet50-cifar10-20260726,controlled-5seed-resnet50-cifar10-20260726:seed-1:S2,1,S2,near,21,19.077555100084282,3.3445992257219777,3.3445992257219777,3.9156643199999994,0.9789160799999999,0.5710650942780217,0.14276627356950541,0.18140820354223253,-74.45726383209228,,,0,False,False,,True,D:\Coding\Python\DSCI_SEAS\Scripts\Exp4_System-Overhead\result_data\seed_1_20260726-185336\convergence\20260726-190342-346_controlled-5seed-resnet50-cifar10-20260726_seed-1_S2_near.jsonl
controlled-5seed-resnet50-cifar10-20260726,controlled-5seed-resnet50-cifar10-20260726:seed-1:S2,1,S2,near,22,20.029318000073545,3.3445784637619673,3.3445784637619673,3.9154927199999996,0.9788731799999999,0.5709142562380324,0.1427285640595081,0.18402385488152503,-73.6850074672699,,,0,False,False,,True,D:\Coding\Python\DSCI_SEAS\Scripts\Exp4_System-Overhead\result_data\seed_1_20260726-185336\convergence\20260726-190342-346_controlled-5seed-resnet50-cifar10-20260726_seed-1_S2_near.jsonl
controlled-5seed-resnet50-cifar10-20260726,controlled-5seed-resnet50-cifar10-20260726:seed-1:S2,1,S2,near,23,20.9134465000825,3.3443184791299605,3.3443184791299605,3.9151447999999993,0.9787861999999998,0.5708263208700389,0.14270658021750973,0.18552469488233328,-73.1153343296051,,,0,False,False,,True,D:\Coding\Python\DSCI_SEAS\Scripts\Exp4_System-Overhead\result_data\seed_1_20260726-185336\convergence\20260726-190342-346_controlled-5seed-resnet50-cifar10-20260726_seed-1_S2_near.jsonl
controlled-5seed-resnet50-cifar10-20260726,controlled-5seed-resnet50-cifar10-20260726:seed-1:S2,1,S2,near,24,21.763587000081316,3.343981390533976,3.343981390533976,3.91501728,0.97875432,0.5710358894660237,0.14275897236650592,0.18550608940422536,-73.55056595802307,,,0,False,False,,True,D:\Coding\Python\DSCI_SEAS\Scripts\Exp4_System-Overhead\result_data\seed_1_20260726-185336\convergence\20260726-190342-346_controlled-5seed-resnet50-cifar10-20260726_seed-1_S2_near.jsonl
controlled-5seed-resnet50-cifar10-20260726,controlled-5seed-resnet50-cifar10-20260726:seed-1:S2,1,S2,near,25,22.651591400033794,3.3437129212019467,3.3437129212019467,3.9143319200000004,0.9785829800000001,0.5706189987980538,0.14265474969951344,0.1841410645097494,-74.62758606910705,,,0,False,False,,True,D:\Coding\Python\DSCI_SEAS\Scripts\Exp4_System-Overhead\result_data\seed_1_20260726-185336\convergence\20260726-190342-346_controlled-5seed-resnet50-cifar10-20260726_seed-1_S2_near.jsonl
controlled-5seed-resnet50-cifar10-20260726,controlled-5seed-resnet50-cifar10-20260726:seed-1:S2,1,S2,near,26,23.492436500033364,3.344222866121986,3.344222866121986,3.9153842400000007,0.9788460600000002,0.5711613738780146,0.14279034346950364,0.18250987082719802,-75.58093288421631,,,0,False,False,,True,D:\Coding\Python\DSCI_SEAS\Scripts\Exp4_System-Overhead\result_data\seed_1_20260726-185336\convergence\20260726-190342-346_controlled-5seed-resnet50-cifar10-20260726_seed-1_S2_near.jsonl
controlled-5seed-resnet50-cifar10-20260726,controlled-5seed-resnet50-cifar10-20260726:seed-1:S2,1,S2,near,27,24.362961600068957,3.344615848489985,3.344615848489985,3.9157695200000004,0.9789423800000001,0.5711536715100152,0.1427884178775038,0.18443444162607192,-75.67297412872314,,,0,False,False,,True,D:\Coding\Python\DSCI_SEAS\Scripts\Exp4_System-Overhead\result_data\seed_1_20260726-185336\convergence\20260726-190342-346_controlled-5seed-resnet50-cifar10-20260726_seed-1_S2_near.jsonl
controlled-5seed-resnet50-cifar10-20260726,controlled-5seed-resnet50-cifar10-20260726:seed-1:S2,1,S2,near,28,25.220414700102992,3.3448651606899653,3.3448651606899653,3.91574604,0.97893651,0.5708808793100348,0.1427202198275087,0.18970990739762783,-74.82603103637695,,,28,True,False,,True,D:\Coding\Python\DSCI_SEAS\Scripts\Exp4_System-Overhead\result_data\seed_1_20260726-185336\convergence\20260726-190342-346_controlled-5seed-resnet50-cifar10-20260726_seed-1_S2_near.jsonl
controlled-5seed-resnet50-cifar10-20260726,controlled-5seed-resnet50-cifar10-20260726:seed-1:S2,1,S2,near,29,26.16966020001564,3.3440229700748705,3.3440229700748705,3.91521264,0.97880316,0.5711896699251294,0.14279741748128236,0.19673141077160836,-74.35024787902832,,,28,False,False,max_epochs,True,D:\Coding\Python\DSCI_SEAS\Scripts\Exp4_System-Overhead\result_data\seed_1_20260726-185336\convergence\20260726-190342-346_controlled-5seed-resnet50-cifar10-20260726_seed-1_S2_near.jsonl
controlled-5seed-resnet50-cifar10-20260726,controlled-5seed-resnet50-cifar10-20260726:seed-2:S0,2,S0,cold,0,3.086206400068477,1.8350673752359214,1.8350673752359214,2.768173497113461,0.6920433742783653,0.9331061218775396,0.2332765304693849,5.257493857701619,-0.17104905847708385,,,0,True,False,,True,D:\Coding\Python\DSCI_SEAS\Scripts\Exp4_System-Overhead\result_data\seed_2_20260726-190508\convergence\20260726-190508-413_controlled-5seed-resnet50-cifar10-20260726_seed-2_S0_cold.jsonl
controlled-5seed-resnet50-cifar10-20260726,controlled-5seed-resnet50-cifar10-20260726:seed-2:S0,2,S0,cold,1,6.0285922000184655,1.9878328508846805,1.9878328508846805,2.693762878974656,0.673440719743664,0.7059300280899756,0.1764825070224939,5.257301448822021,-0.1723507877588272,,,1,True,False,,True,D:\Coding\Python\DSCI_SEAS\Scripts\Exp4_System-Overhead\result_data\seed_2_20260726-190508\convergence\20260726-190508-413_controlled-5seed-resnet50-cifar10-20260726_seed-2_S0_cold.jsonl
controlled-5seed-resnet50-cifar10-20260726,controlled-5seed-resnet50-cifar10-20260726:seed-2:S0,2,S0,cold,2,9.06479820003733,2.056697410615093,2.056697410615093,3.1837777367982074,0.7959444341995519,1.1270803261831144,0.2817700815457786,5.25678428999583,-0.17593159107367198,,,2,True,False,,True,D:\Coding\Python\DSCI_SEAS\Scripts\Exp4_System-Overhead\result_data\seed_2_20260726-190508\convergence\20260726-190508-413_controlled-5seed-resnet50-cifar10-20260726_seed-2_S0_cold.jsonl
controlled-5seed-resnet50-cifar10-20260726,controlled-5seed-resnet50-cifar10-20260726:seed-2:S0,2,S0,cold,3,12.058774500037543,2.1225595455829636,2.1225595455829636,3.3083615967165763,0.8270903991791441,1.1858020511336127,0.2964505127834032,5.255912215868632,-0.18255033429463705,,,3,True,False,,True,D:\Coding\Python\DSCI_SEAS\Scripts\Exp4_System-Overhead\result_data\seed_2_20260726-190508\convergence\20260726-190508-413_controlled-5seed-resnet50-cifar10-20260726_seed-2_S0_cold.jsonl
controlled-5seed-resnet50-cifar10-20260726,controlled-5seed-resnet50-cifar10-20260726:seed-2:S0,2,S0,cold,4,15.079057099996135,2.1202057470715734,2.1202057470715734,3.1025349172122993,0.7756337293030748,0.9823291701407258,0.24558229253518146,5.254312788327535,-0.19875456058979035,,,3,False,False,,True,D:\Coding\Python\DSCI_SEAS\Scripts\Exp4_System-Overhead\result_data\seed_2_20260726-190508\convergence\20260726-190508-413_controlled-5seed-resnet50-cifar10-20260726_seed-2_S0_cold.jsonl
controlled-5seed-resnet50-cifar10-20260726,controlled-5seed-resnet50-cifar10-20260726:seed-2:S0,2,S0,cold,5,18.09507330006454,2.2990244385525442,2.2990244385525442,3.616297783086037,0.9040744457715093,1.317273344533493,0.32931833613337325,5.251376585006714,-0.2237142102320989,,,5,True,False,,True,D:\Coding\Python\DSCI_SEAS\Scripts\Exp4_System-Overhead\result_data\seed_2_20260726-190508\convergence\20260726-190508-413_controlled-5seed-resnet50-cifar10-20260726_seed-2_S0_cold.jsonl
controlled-5seed-resnet50-cifar10-20260726,controlled-5seed-resnet50-cifar10-20260726:seed-2:S0,2,S0,cold,6,21.074711499968544,2.1977038441606993,2.1977038441606993,3.0129119521141905,0.7532279880285476,0.8152081079534912,0.2038020269883728,5.246652301152547,-0.25113119280338286,,,5,False,False,,True,D:\Coding\Python\DSCI_SEAS\Scripts\Exp4_System-Overhead\result_data\seed_2_20260726-190508\convergence\20260726-190508-413_controlled-5seed-resnet50-cifar10-20260726_seed-2_S0_cold.jsonl
controlled-5seed-resnet50-cifar10-20260726,controlled-5seed-resnet50-cifar10-20260726:seed-2:S0,2,S0,cold,7,24.078868600074202,2.0244026021105075,2.0244026021105075,3.008032721275856,0.752008180318964,0.9836301191653486,0.24590752979133715,5.239356661160787,-0.2897513817548752,,,5,False,False,,True,D:\Coding\Python\DSCI_SEAS\Scripts\Exp4_System-Overhead\result_data\seed_2_20260726-190508\convergence\20260726-190508-413_controlled-5seed-resnet50-cifar10-20260726_seed-2_S0_cold.jsonl
controlled-5seed-resnet50-cifar10-20260726,controlled-5seed-resnet50-cifar10-20260726:seed-2:S0,2,S0,cold,8,27.010636399965733,2.3093708771735026,2.3093708771735026,3.1158851317322434,0.7789712829330608,0.8065142545587407,0.20162856363968518,5.227796560287476,-0.3457604895035426,,,8,True,False,,True,D:\Coding\Python\DSCI_SEAS\Scripts\Exp4_System-Overhead\result_data\seed_2_20260726-190508\convergence\20260726-190508-413_controlled-5seed-resnet50-cifar10-20260726_seed-2_S0_cold.jsonl
controlled-5seed-resnet50-cifar10-20260726,controlled-5seed-resnet50-cifar10-20260726:seed-2:S0,2,S0,cold,9,29.991717800032347,2.2572781177261794,2.2572781177261794,3.244749717899357,0.8111874294748392,0.9874716001731777,0.24686790004329442,5.212033296902974,-0.3897060384750366,,,8,False,False,,True,D:\Coding\Python\DSCI_SEAS\Scripts\Exp4_System-Overhead\result_data\seed_2_20260726-190508\convergence\20260726-190508-413_controlled-5seed-resnet50-cifar10-20260726_seed-2_S0_cold.jsonl
controlled-5seed-resnet50-cifar10-20260726,controlled-5seed-resnet50-cifar10-20260726:seed-2:S0,2,S0,cold,10,33.33479650004301,2.2162392614328814,2.2162392614328814,3.098625082095181,0.7746562705237953,0.8823858206622996,0.2205964551655749,5.192445713678996,-0.4451385124921799,,,8,False,False,,True,D:\Coding\Python\DSCI_SEAS\Scripts\Exp4_System-Overhead\result_data\seed_2_20260726-190508\convergence\20260726-190508-413_controlled-5seed-resnet50-cifar10-20260726_seed-2_S0_cold.jsonl
controlled-5seed-resnet50-cifar10-20260726,controlled-5seed-resnet50-cifar10-20260726:seed-2:S0,2,S0,cold,11,36.55268459999934,2.210617245881217,2.210617245881217,3.0861734275364636,0.7715433568841159,0.8755561816552463,0.21888904541381157,5.167055491129557,-0.5067223660548528,,,8,False,False,,True,D:\Coding\Python\DSCI_SEAS\Scripts\Exp4_System-Overhead\result_data\seed_2_20260726-190508\convergence\20260726-190508-413_controlled-5seed-resnet50-cifar10-20260726_seed-2_S0_cold.jsonl
controlled-5seed-resnet50-cifar10-20260726,controlled-5seed-resnet50-cifar10-20260726:seed-2:S0,2,S0,cold,12,39.72907560004387,2.1762929012232153,2.1762929012232153,3.4286918401521924,0.8571729600380481,1.2523989389289771,0.3130997347322443,5.136850928942362,-0.511137574394544,,,8,False,False,,True,D:\Coding\Python\DSCI_SEAS\Scripts\Exp4_System-Overhead\result_data\seed_2_20260726-190508\convergence\20260726-190508-413_controlled-5seed-resnet50-cifar10-20260726_seed-2_S0_cold.jsonl
controlled-5seed-resnet50-cifar10-20260726,controlled-5seed-resnet50-cifar10-20260726:seed-2:S0,2,S0,cold,13,42.88788509997539,2.323870430793173,2.323870430793173,3.139438165404303,0.7848595413510757,0.8155677346111296,0.2038919336527824,5.099605171839396,-0.5478053157329559,,,13,True,False,,True,D:\Coding\Python\DSCI_SEAS\Scripts\Exp4_System-Overhead\result_data\seed_2_20260726-190508\convergence\20260726-190508-413_controlled-5seed-resnet50-cifar10-20260726_seed-2_S0_cold.jsonl
controlled-5seed-resnet50-cifar10-20260726,controlled-5seed-resnet50-cifar10-20260726:seed-2:S0,2,S0,cold,14,46.07356599997729,2.512777933791062,2.512777933791062,3.6447688432868595,0.9111922108217149,1.1319909094957972,0.2829977273739493,5.055604229927063,-0.5578367953300476,,,14,True,False,,True,D:\Coding\Python\DSCI_SEAS\Scripts\Exp4_System-Overhead\result_data\seed_2_20260726-190508\convergence\20260726-190508-413_controlled-5seed-resnet50-cifar10-20260726_seed-2_S0_cold.jsonl
controlled-5seed-resnet50-cifar10-20260726,controlled-5seed-resnet50-cifar10-20260726:seed-2:S0,2,S0,cold,15,49.279957200051285,2.3223126379955183,2.3223126379955183,3.609340400213866,0.9023351000534665,1.2870277622183477,0.3217569405545869,4.999900124231974,-0.5597289355993271,,,14,False,False,,True,D:\Coding\Python\DSCI_SEAS\Scripts\Exp4_System-Overhead\result_data\seed_2_20260726-190508\convergence\20260726-190508-413_controlled-5seed-resnet50-cifar10-20260726_seed-2_S0_cold.jsonl
controlled-5seed-resnet50-cifar10-20260726,controlled-5seed-resnet50-cifar10-20260726:seed-2:S0,2,S0,cold,16,52.56629780004732,2.2755737918413828,2.2755737918413828,3.014039227878062,0.7535098069695155,0.7384654360366795,0.18461635900916987,4.927885000864665,-0.5970356169144313,,,14,False,False,,True,D:\Coding\Python\DSCI_SEAS\Scripts\Exp4_System-Overhead\result_data\seed_2_20260726-190508\convergence\20260726-190508-413_controlled-5seed-resnet50-cifar10-20260726_seed-2_S0_cold.jsonl
controlled-5seed-resnet50-cifar10-20260726,controlled-5seed-resnet50-cifar10-20260726:seed-2:S0,2,S0,cold,17,55.79466650006361,2.574694530428514,2.574694530428514,3.3006266799203487,0.8251566699800872,0.7259321494918348,0.1814830373729587,4.8577949978510535,-0.6106007464329402,,,17,True,False,,True,D:\Coding\Python\DSCI_SEAS\Scripts\Exp4_System-Overhead\result_data\seed_2_20260726-190508\convergence\20260726-190508-413_controlled-5seed-resnet50-cifar10-20260726_seed-2_S0_cold.jsonl
controlled-5seed-resnet50-cifar10-20260726,controlled-5seed-resnet50-cifar10-20260726:seed-2:S0,2,S0,cold,18,59.26810760004446,2.829723865566089,2.829723865566089,3.65844647374053,0.9146116184351325,0.828722608174441,0.20718065204361025,4.780165044466655,-0.6253660117387771,,,18,True,False,,True,D:\Coding\Python\DSCI_SEAS\Scripts\Exp4_System-Overhead\result_data\seed_2_20260726-190508\convergence\20260726-190508-413_controlled-5seed-resnet50-cifar10-20260726_seed-2_S0_cold.jsonl
controlled-5seed-resnet50-cifar10-20260726,controlled-5seed-resnet50-cifar10-20260726:seed-2:S0,2,S0,cold,19,62.43119230004959,2.849800532036785,2.849800532036785,3.751092754279712,0.937773188569928,0.9012922222429268,0.2253230555607317,4.692979359308879,-0.6607807839314143,,,19,True,False,,True,D:\Coding\Python\DSCI_SEAS\Scripts\Exp4_System-Overhead\result_data\seed_2_20260726-190508\convergence\20260726-190508-413_controlled-5seed-resnet50-cifar10-20260726_seed-2_S0_cold.jsonl
controlled-5seed-resnet50-cifar10-20260726,controlled-5seed-resnet50-cifar10-20260726:seed-2:S0,2,S0,cold,20,65.82659589999821,2.822648401001404,2.822648401001404,3.6356480875548236,0.9089120218887059,0.8129996865534196,0.2032499216383549,4.598804465293885,-0.7150135209560394,,,19,False,False,,True,D:\Coding\Python\DSCI_SEAS\Scripts\Exp4_System-Overhead\result_data\seed_2_20260726-190508\convergence\20260726-190508-413_controlled-5seed-resnet50-cifar10-20260726_seed-2_S0_cold.jsonl
controlled-5seed-resnet50-cifar10-20260726,controlled-5seed-resnet50-cifar10-20260726:seed-2:S0,2,S0,cold,21,69.24539890000597,2.940475761349337,2.940475761349337,3.7226295542186736,0.9306573885546684,0.7821537928693364,0.1955384482173341,4.490480806350708,-0.7376492398182551,,,21,True,False,,True,D:\Coding\Python\DSCI_SEAS\Scripts\Exp4_System-Overhead\result_data\seed_2_20260726-190508\convergence\20260726-190508-413_controlled-5seed-resnet50-cifar10-20260726_seed-2_S0_cold.jsonl
controlled-5seed-resnet50-cifar10-20260726,controlled-5seed-resnet50-cifar10-20260726:seed-2:S0,2,S0,cold,22,72.41878229996655,2.846799621734213,2.846799621734213,3.6065668327051403,0.9016417081762851,0.7597672109709275,0.18994180274273187,4.3848789615631105,-0.8038999135891597,,,21,False,False,,True,D:\Coding\Python\DSCI_SEAS\Scripts\Exp4_System-Overhead\result_data\seed_2_20260726-190508\convergence\20260726-190508-413_controlled-5seed-resnet50-cifar10-20260726_seed-2_S0_cold.jsonl
controlled-5seed-resnet50-cifar10-20260726,controlled-5seed-resnet50-cifar10-20260726:seed-2:S0,2,S0,cold,23,75.69170860003214,2.8793337897459192,2.8793337897459192,3.7254124060578175,0.9313531015144544,0.8460786163118983,0.21151965407797457,4.283522167841594,-0.9240722531874974,,,21,False,False,,True,D:\Coding\Python\DSCI_SEAS\Scripts\Exp4_System-Overhead\result_data\seed_2_20260726-190508\convergence\20260726-190508-413_controlled-5seed-resnet50-cifar10-20260726_seed-2_S0_cold.jsonl
controlled-5seed-resnet50-cifar10-20260726,controlled-5seed-resnet50-cifar10-20260726:seed-2:S0,2,S0,cold,24,78.88369980000425,3.0063287862707195,3.0063287862707195,3.7233461481172423,0.9308365370293106,0.7170173618465228,0.1792543404616307,4.1785825840632125,-1.0145660181840261,,,24,True,False,,True,D:\Coding\Python\DSCI_SEAS\Scripts\Exp4_System-Overhead\result_data\seed_2_20260726-190508\convergence\20260726-190508-413_controlled-5seed-resnet50-cifar10-20260726_seed-2_S0_cold.jsonl
controlled-5seed-resnet50-cifar10-20260726,controlled-5seed-resnet50-cifar10-20260726:seed-2:S0,2,S0,cold,25,82.11276789999101,3.050119749659366,3.050119749659366,3.829443747051878,0.9573609367629695,0.7793239973925117,0.19483099934812792,4.066486465613047,-1.0328257172107695,,,25,True,False,,True,D:\Coding\Python\DSCI_SEAS\Scripts\Exp4_System-Overhead\result_data\seed_2_20260726-190508\convergence\20260726-190508-413_controlled-5seed-resnet50-cifar10-20260726_seed-2_S0_cold.jsonl
controlled-5seed-resnet50-cifar10-20260726,controlled-5seed-resnet50-cifar10-20260726:seed-2:S0,2,S0,cold,26,85.38806889997795,2.9717886905679975,2.9717886905679975,3.7479378588684256,0.9369844647171064,0.7761491683004282,0.19403729207510706,3.957732869942983,-1.1393318848609923,,,25,False,False,,True,D:\Coding\Python\DSCI_SEAS\Scripts\Exp4_System-Overhead\result_data\seed_2_20260726-190508\convergence\20260726-190508-413_controlled-5seed-resnet50-cifar10-20260726_seed-2_S0_cold.jsonl
controlled-5seed-resnet50-cifar10-20260726,controlled-5seed-resnet50-cifar10-20260726:seed-2:S0,2,S0,cold,27,89.32127179997042,3.015689237653281,3.015689237653281,3.8087572016480005,0.9521893004120001,0.7930679639947193,0.19826699099867984,3.8491595757802326,-1.2573975418408712,,,25,False,False,,True,D:\Coding\Python\DSCI_SEAS\Scripts\Exp4_System-Overhead\result_data\seed_2_20260726-190508\convergence\20260726-190508-413_controlled-5seed-resnet50-cifar10-20260726_seed-2_S0_cold.jsonl
controlled-5seed-resnet50-cifar10-20260726,controlled-5seed-resnet50-cifar10-20260726:seed-2:S0,2,S0,cold,28,93.20095930004027,3.127382122224258,3.127382122224258,3.863937499485856,0.965984374871464,0.736555377261598,0.1841388443153995,3.7448183053334554,-1.372917857646942,,,28,True,False,,True,D:\Coding\Python\DSCI_SEAS\Scripts\Exp4_System-Overhead\result_data\seed_2_20260726-190508\convergence\20260726-190508-413_controlled-5seed-resnet50-cifar10-20260726_seed-2_S0_cold.jsonl
controlled-5seed-resnet50-cifar10-20260726,controlled-5seed-resnet50-cifar10-20260726:seed-2:S0,2,S0,cold,29,96.44814059999771,3.0468451446687648,3.0468451446687648,3.8257922963710715,0.9564480740927679,0.7789471517023068,0.1947367879255767,3.65639634958903,-1.504175472577413,,,28,False,False,,True,D:\Coding\Python\DSCI_SEAS\Scripts\Exp4_System-Overhead\result_data\seed_2_20260726-190508\convergence\20260726-190508-413_controlled-5seed-resnet50-cifar10-20260726_seed-2_S0_cold.jsonl
controlled-5seed-resnet50-cifar10-20260726,controlled-5seed-resnet50-cifar10-20260726:seed-2:S0,2,S0,cold,30,99.7469689999707,3.0943609580871745,3.0943609580871745,3.87453250496743,0.9686331262418575,0.7801715468802556,0.1950428867200639,3.5773566287358602,-1.6527204423745474,,,28,False,False,,True,D:\Coding\Python\DSCI_SEAS\Scripts\Exp4_System-Overhead\result_data\seed_2_20260726-190508\convergence\20260726-190508-413_controlled-5seed-resnet50-cifar10-20260726_seed-2_S0_cold.jsonl
controlled-5seed-resnet50-cifar10-20260726,controlled-5seed-resnet50-cifar10-20260726:seed-2:S0,2,S0,cold,31,103.02797419996932,3.1048914155440825,3.1048914155440825,3.870480006321598,0.9676200015803995,0.7655885907775154,0.19139714769437885,3.480157470862071,-1.7870351419448853,,,28,False,False,,True,D:\Coding\Python\DSCI_SEAS\Scripts\Exp4_System-Overhead\result_data\seed_2_20260726-190508\convergence\20260726-190508-413_controlled-5seed-resnet50-cifar10-20260726_seed-2_S0_cold.jsonl
controlled-5seed-resnet50-cifar10-20260726,controlled-5seed-resnet50-cifar10-20260726:seed-2:S0,2,S0,cold,32,106.21417429996654,3.1088290271983414,3.1088290271983414,3.8808434931919997,0.9702108732979999,0.7720144659936583,0.19300361649841458,3.372892298221588,-1.875298273483912,,,28,False,False,,True,D:\Coding\Python\DSCI_SEAS\Scripts\Exp4_System-Overhead\result_data\seed_2_20260726-190508\convergence\20260726-190508-413_controlled-5seed-resnet50-cifar10-20260726_seed-2_S0_cold.jsonl
controlled-5seed-resnet50-cifar10-20260726,controlled-5seed-resnet50-cifar10-20260726:seed-2:S0,2,S0,cold,33,109.667030600016,3.152773994665731,3.152773994665731,3.894210868935578,0.9735527172338945,0.7414368742698468,0.1853592185674617,3.252901176293691,-1.947324458281199,,,33,True,False,,True,D:\Coding\Python\DSCI_SEAS\Scripts\Exp4_System-Overhead\result_data\seed_2_20260726-190508\convergence\20260726-190508-413_controlled-5seed-resnet50-cifar10-20260726_seed-2_S0_cold.jsonl
controlled-5seed-resnet50-cifar10-20260726,controlled-5seed-resnet50-cifar10-20260726:seed-2:S0,2,S0,cold,34,113.96260009997059,3.1491533795040922,3.1491533795040922,3.856544934490132,0.964136233622533,0.7073915549860399,0.17684788874650997,3.1442367668151854,-2.056918133576711,,,33,False,False,,True,D:\Coding\Python\DSCI_SEAS\Scripts\Exp4_System-Overhead\result_data\seed_2_20260726-190508\convergence\20260726-190508-413_controlled-5seed-resnet50-cifar10-20260726_seed-2_S0_cold.jsonl
controlled-5seed-resnet50-cifar10-20260726,controlled-5seed-resnet50-cifar10-20260726:seed-2:S0,2,S0,cold,35,117.75336710002739,3.1331918464306616,3.1331918464306616,3.8935063302718302,0.9733765825679576,0.7603144838411687,0.19007862096029218,3.0154626682599384,-2.136099839369456,,,33,False,False,,True,D:\Coding\Python\DSCI_SEAS\Scripts\Exp4_System-Overhead\result_data\seed_2_20260726-190508\convergence\20260726-190508-413_controlled-5seed-resnet50-cifar10-20260726_seed-2_S0_cold.jsonl
controlled-5seed-resnet50-cifar10-20260726,controlled-5seed-resnet50-cifar10-20260726:seed-2:S0,2,S0,cold,36,121.7219691000646,3.1717707547940757,3.1717707547940757,3.8967649002801026,0.9741912250700256,0.7249941454860271,0.18124853637150679,2.8754088695844016,-2.2090115512212116,,,36,True,False,,True,D:\Coding\Python\DSCI_SEAS\Scripts\Exp4_System-Overhead\result_data\seed_2_20260726-190508\convergence\20260726-190508-413_controlled-5seed-resnet50-cifar10-20260726_seed-2_S0_cold.jsonl
controlled-5seed-resnet50-cifar10-20260726,controlled-5seed-resnet50-cifar10-20260726:seed-2:S0,2,S0,cold,37,125.66889009997249,3.1792617400827385,3.1792617400827385,3.883133250268096,0.970783312567024,0.7038715101853577,0.1759678775463394,2.746174458185832,-2.3264233910242718,,,37,True,False,,True,D:\Coding\Python\DSCI_SEAS\Scripts\Exp4_System-Overhead\result_data\seed_2_20260726-190508\convergence\20260726-190508-413_controlled-5seed-resnet50-cifar10-20260726_seed-2_S0_cold.jsonl
controlled-5seed-resnet50-cifar10-20260726,controlled-5seed-resnet50-cifar10-20260726:seed-2:S0,2,S0,cold,38,129.74866460007615,3.1602083972540775,3.1602083972540775,3.8632443195332797,0.9658110798833199,0.7030359222792021,0.17575898056980052,2.625192407290141,-2.4566067660649615,,,37,False,False,,True,D:\Coding\Python\DSCI_SEAS\Scripts\Exp4_System-Overhead\result_data\seed_2_20260726-190508\convergence\20260726-190508-413_controlled-5seed-resnet50-cifar10-20260726_seed-2_S0_cold.jsonl
controlled-5seed-resnet50-cifar10-20260726,controlled-5seed-resnet50-cifar10-20260726:seed-2:S0,2,S0,cold,39,133.58709649997763,3.154102463589723,3.154102463589723,3.879704395222272,0.969926098805568,0.7256019316325488,0.1814004829081372,2.509894436677297,-2.6586851835250855,0.34314741279522837,0.03576623716546707,37,False,False,,True,D:\Coding\Python\DSCI_SEAS\Scripts\Exp4_System-Overhead\result_data\seed_2_20260726-190508\convergence\20260726-190508-413_controlled-5seed-resnet50-cifar10-20260726_seed-2_S0_cold.jsonl
controlled-5seed-resnet50-cifar10-20260726,controlled-5seed-resnet50-cifar10-20260726:seed-2:S0,2,S0,cold,40,137.63972480001394,3.1752498144289776,3.1752498144289776,3.878562530720279,0.9696406326800697,0.7033127162913014,0.17582817907282536,2.3961527393658955,-2.765341919263204,0.32219939600584746,0.031929273965917014,37,False,False,,True,D:\Coding\Python\DSCI_SEAS\Scripts\Exp4_System-Overhead\result_data\seed_2_20260726-190508\convergence\20260726-190508-413_controlled-5seed-resnet50-cifar10-20260726_seed-2_S0_cold.jsonl
controlled-5seed-resnet50-cifar10-20260726,controlled-5seed-resnet50-cifar10-20260726:seed-2:S0,2,S0,cold,41,141.51057400007267,3.1868683854947477,3.1868683854947477,3.9103921353648188,0.9775980338412047,0.7235237498700711,0.18088093746751777,2.297612516085307,-2.947631089369456,0.30084309793498054,0.03114755714643933,41,True,False,,True,D:\Coding\Python\DSCI_SEAS\Scripts\Exp4_System-Overhead\result_data\seed_2_20260726-190508\convergence\20260726-190508-413_controlled-5seed-resnet50-cifar10-20260726_seed-2_S0_cold.jsonl
controlled-5seed-resnet50-cifar10-20260726,controlled-5seed-resnet50-cifar10-20260726:seed-2:S0,2,S0,cold,42,145.78482549998444,3.1899976762676197,3.1899976762676197,3.8937924438705283,0.9734481109676321,0.7037947676029087,0.17594869190072718,2.2112291523615517,-3.1622787035306295,0.28664929149737867,0.026245303358864283,42,True,False,,True,D:\Coding\Python\DSCI_SEAS\Scripts\Exp4_System-Overhead\result_data\seed_2_20260726-190508\convergence\20260726-190508-413_controlled-5seed-resnet50-cifar10-20260726_seed-2_S0_cold.jsonl
controlled-5seed-resnet50-cifar10-20260726,controlled-5seed-resnet50-cifar10-20260726:seed-2:S0,2,S0,cold,43,150.68058909999672,3.179731165561151,3.179731165561151,3.9097854722860785,0.9774463680715196,0.7300543067249274,0.18251357668123186,2.121348379135132,-3.4010047958691914,0.2729053151342208,0.020790818359600713,42,False,False,,True,D:\Coding\Python\DSCI_SEAS\Scripts\Exp4_System-Overhead\result_data\seed_2_20260726-190508\convergence\20260726-190508-413_controlled-5seed-resnet50-cifar10-20260726_seed-2_S0_cold.jsonl
controlled-5seed-resnet50-cifar10-20260726,controlled-5seed-resnet50-cifar10-20260726:seed-2:S0,2,S0,cold,44,155.26999950001482,3.1836599543040913,3.1836599543040913,3.886985647696,0.971746411924,0.7033256933919086,0.17583142334797716,2.016819429397583,-3.569651430765788,0.25384537680445907,0.01949804412147244,42,False,False,,True,D:\Coding\Python\DSCI_SEAS\Scripts\Exp4_System-Overhead\result_data\seed_2_20260726-190508\convergence\20260726-190508-413_controlled-5seed-resnet50-cifar10-20260726_seed-2_S0_cold.jsonl
controlled-5seed-resnet50-cifar10-20260726,controlled-5seed-resnet50-cifar10-20260726:seed-2:S0,2,S0,cold,45,159.93028369999956,3.19580245623745,3.19580245623745,3.90063622952,0.97515905738,0.7048337732825496,0.1762084433206374,1.890109831492106,-3.6158766304651895,0.23812086879834635,0.019165654791704227,45,True,False,,True,D:\Coding\Python\DSCI_SEAS\Scripts\Exp4_System-Overhead\result_data\seed_2_20260726-190508\convergence\20260726-190508-413_controlled-5seed-resnet50-cifar10-20260726_seed-2_S0_cold.jsonl
controlled-5seed-resnet50-cifar10-20260726,controlled-5seed-resnet50-cifar10-20260726:seed-2:S0,2,S0,cold,46,164.85159680002835,3.187229562053618,3.187229562053618,3.890937456811808,0.972734364202952,0.7037078947581898,0.17592697368954746,1.7499925498167674,-3.736799285252889,0.22366633118514073,0.015303839014053789,45,False,False,,True,D:\Coding\Python\DSCI_SEAS\Scripts\Exp4_System-Overhead\result_data\seed_2_20260726-190508\convergence\20260726-190508-413_controlled-5seed-resnet50-cifar10-20260726_seed-2_S0_cold.jsonl
controlled-5seed-resnet50-cifar10-20260726,controlled-5seed-resnet50-cifar10-20260726:seed-2:S0,2,S0,cold,47,169.73490080004558,3.202934927281342,3.202934927281342,3.9074842969825756,0.9768710742456439,0.7045493697012337,0.17613734242530843,1.6403467800617217,-3.9212897605895995,0.20408770169304138,0.012534958226389007,47,True,False,,True,D:\Coding\Python\DSCI_SEAS\Scripts\Exp4_System-Overhead\result_data\seed_2_20260726-190508\convergence\20260726-190508-413_controlled-5seed-resnet50-cifar10-20260726_seed-2_S0_cold.jsonl
controlled-5seed-resnet50-cifar10-20260726,controlled-5seed-resnet50-cifar10-20260726:seed-2:S0,2,S0,cold,48,174.30171440006234,3.2061656426238074,3.2061656426238074,3.910643577638373,0.9776608944095933,0.7044779350145657,0.17611948375364142,1.5290799296696982,-4.157319644927979,0.18705748065826405,0.012849126592434005,48,True,False,,True,D:\Coding\Python\DSCI_SEAS\Scripts\Exp4_System-Overhead\result_data\seed_2_20260726-190508\convergence\20260726-190508-413_controlled-5seed-resnet50-cifar10-20260726_seed-2_S0_cold.jsonl
controlled-5seed-resnet50-cifar10-20260726,controlled-5seed-resnet50-cifar10-20260726:seed-2:S0,2,S0,cold,49,178.97064110008068,3.2015904037690652,3.2015904037690652,3.9073914435840003,0.9768478608960001,0.7058010398149349,0.17645025995373373,1.4306687103112539,-4.403300799687703,0.1725662561888606,0.010292237953062201,48,False,False,,True,D:\Coding\Python\DSCI_SEAS\Scripts\Exp4_System-Overhead\result_data\seed_2_20260726-190508\convergence\20260726-190508-413_controlled-5seed-resnet50-cifar10-20260726_seed-2_S0_cold.jsonl
controlled-5seed-resnet50-cifar10-20260726,controlled-5seed-resnet50-cifar10-20260726:seed-2:S0,2,S0,cold,50,183.44258520007133,3.2053407750707175,3.2053407750707175,3.909862266176,0.977465566544,0.7045214911052826,0.17613037277632065,1.3178615385691326,-4.458571220080057,0.1558257501074785,0.009208818690351337,48,False,False,,True,D:\Coding\Python\DSCI_SEAS\Scripts\Exp4_System-Overhead\result_data\seed_2_20260726-190508\convergence\20260726-190508-413_controlled-5seed-resnet50-cifar10-20260726_seed-2_S0_cold.jsonl
controlled-5seed-resnet50-cifar10-20260726,controlled-5seed-resnet50-cifar10-20260726:seed-2:S0,2,S0,cold,51,188.42311099998187,3.207145293738437,3.207145293738437,3.9115437813119995,0.9778859453279999,0.7043984875735627,0.17609962189339068,1.1774496770699818,-4.533528962135315,0.1391260428602338,0.008143313450657467,51,True,False,,True,D:\Coding\Python\DSCI_SEAS\Scripts\Exp4_System-Overhead\result_data\seed_2_20260726-190508\convergence\20260726-190508-413_controlled-5seed-resnet50-cifar10-20260726_seed-2_S0_cold.jsonl
controlled-5seed-resnet50-cifar10-20260726,controlled-5seed-resnet50-cifar10-20260726:seed-2:S0,2,S0,cold,52,193.52986770006828,3.205730513724665,3.205730513724665,3.9095714624800006,0.9773928656200002,0.7038409487553356,0.1759602371888339,1.0488814952373504,-4.695471732457479,0.12210130906593215,0.006733693017256923,51,False,False,,True,D:\Coding\Python\DSCI_SEAS\Scripts\Exp4_System-Overhead\result_data\seed_2_20260726-190508\convergence\20260726-190508-413_controlled-5seed-resnet50-cifar10-20260726_seed-2_S0_cold.jsonl
controlled-5seed-resnet50-cifar10-20260726,controlled-5seed-resnet50-cifar10-20260726:seed-2:S0,2,S0,cold,53,198.09299490007106,3.209998534040273,3.209998534040273,3.914825252751008,0.978706313187752,0.7048267187107352,0.1762066796776838,0.9596713849306107,-4.913186245600382,0.10692937367169657,0.00666697719181455,53,True,False,,True,D:\Coding\Python\DSCI_SEAS\Scripts\Exp4_System-Overhead\result_data\seed_2_20260726-190508\convergence\20260726-190508-413_controlled-5seed-resnet50-cifar10-20260726_seed-2_S0_cold.jsonl
controlled-5seed-resnet50-cifar10-20260726,controlled-5seed-resnet50-cifar10-20260726:seed-2:S0,2,S0,cold,54,203.03695860004518,3.2069487044361664,3.2069487044361664,3.91227778776,0.97806944694,0.7053290833238335,0.17633227083095837,0.8810724842548371,-4.974113577842712,0.09581311745810692,0.0063257494748771344,53,False,False,,True,D:\Coding\Python\DSCI_SEAS\Scripts\Exp4_System-Overhead\result_data\seed_2_20260726-190508\convergence\20260726-190508-413_controlled-5seed-resnet50-cifar10-20260726_seed-2_S0_cold.jsonl
controlled-5seed-resnet50-cifar10-20260726,controlled-5seed-resnet50-cifar10-20260726:seed-2:S0,2,S0,cold,55,207.55591370002367,3.2100457576060104,3.2100457576060104,3.914474901482368,0.978618725370592,0.7044291438763578,0.17610728596908945,0.8157227460940679,-5.242922376314799,0.0820506116403887,0.005171923192726167,55,True,False,,True,D:\Coding\Python\DSCI_SEAS\Scripts\Exp4_System-Overhead\result_data\seed_2_20260726-190508\convergence\20260726-190508-413_controlled-5seed-resnet50-cifar10-20260726_seed-2_S0_cold.jsonl
controlled-5seed-resnet50-cifar10-20260726,controlled-5seed-resnet50-cifar10-20260726:seed-2:S0,2,S0,cold,56,212.14466470002662,3.209688967449483,3.209688967449483,3.9140765798399997,0.9785191449599999,0.7043876123905165,0.17609690309762913,0.7587807432413102,-5.567594692548116,0.06648840145836335,0.005125231979310412,55,False,False,,True,D:\Coding\Python\DSCI_SEAS\Scripts\Exp4_System-Overhead\result_data\seed_2_20260726-190508\convergence\20260726-190508-413_controlled-5seed-resnet50-cifar10-20260726_seed-2_S0_cold.jsonl
controlled-5seed-resnet50-cifar10-20260726,controlled-5seed-resnet50-cifar10-20260726:seed-2:S0,2,S0,cold,57,216.79590240004472,3.2050547798784716,3.2050547798784716,3.9097885254582403,0.9774471313645601,0.7047337455797686,0.17618343639494216,0.7044193469285965,-5.479925123850505,0.056254292408046434,0.005089208477176782,55,False,False,,True,D:\Coding\Python\DSCI_SEAS\Scripts\Exp4_System-Overhead\result_data\seed_2_20260726-190508\convergence\20260726-190508-413_controlled-5seed-resnet50-cifar10-20260726_seed-2_S0_cold.jsonl
controlled-5seed-resnet50-cifar10-20260726,controlled-5seed-resnet50-cifar10-20260726:seed-2:S0,2,S0,cold,58,221.43036710005254,3.2095021097198635,3.2095021097198635,3.9139927144319993,0.9784981786079998,0.7044906047121356,0.1761226511780339,0.6492436920801798,-5.7396781638463334,0.051324612384934146,0.00455740800936085,55,False,False,,True,D:\Coding\Python\DSCI_SEAS\Scripts\Exp4_System-Overhead\result_data\seed_2_20260726-190508\convergence\20260726-190508-413_controlled-5seed-resnet50-cifar10-20260726_seed-2_S0_cold.jsonl
controlled-5seed-resnet50-cifar10-20260726,controlled-5seed-resnet50-cifar10-20260726:seed-2:S0,2,S0,cold,59,225.97871369996574,3.2071780666295617,3.2071780666295617,3.911483239962214,0.9778708099905535,0.7043051733326523,0.17607629333316308,0.5997529016335805,-6.121420487085978,0.046958412004723865,0.0034280017493869526,55,False,False,,True,D:\Coding\Python\DSCI_SEAS\Scripts\Exp4_System-Overhead\result_data\seed_2_20260726-190508\convergence\20260726-190508-413_controlled-5seed-resnet50-cifar10-20260726_seed-2_S0_cold.jsonl
controlled-5seed-resnet50-cifar10-20260726,controlled-5seed-resnet50-cifar10-20260726:seed-2:S0,2,S0,cold,60,230.46710280003026,3.207087387930943,3.207087387930943,3.911119211568,0.977779802892,0.7040318236370571,0.17600795590926427,0.5565176838239034,-6.320792257626851,0.041470704785062276,0.002994584046521232,55,False,False,,True,D:\Coding\Python\DSCI_SEAS\Scripts\Exp4_System-Overhead\result_data\seed_2_20260726-190508\convergence\20260726-190508-413_controlled-5seed-resnet50-cifar10-20260726_seed-2_S0_cold.jsonl
controlled-5seed-resnet50-cifar10-20260726,controlled-5seed-resnet50-cifar10-20260726:seed-2:S0,2,S0,cold,61,235.25009800004773,3.2096110485133025,3.2096110485133025,3.91387996,0.97846999,0.7042689114866976,0.1760672278716744,0.520347623248895,-6.695874220530192,0.03768121715727008,0.0028719802897142835,55,False,False,,True,D:\Coding\Python\DSCI_SEAS\Scripts\Exp4_System-Overhead\result_data\seed_2_20260726-190508\convergence\20260726-190508-413_controlled-5seed-resnet50-cifar10-20260726_seed-2_S0_cold.jsonl
controlled-5seed-resnet50-cifar10-20260726,controlled-5seed-resnet50-cifar10-20260726:seed-2:S0,2,S0,cold,62,239.5504665999906,3.2107890858174493,3.2107890858174493,3.9156075387359994,0.9789018846839999,0.7048184529185502,0.17620461322963754,0.49637308476368586,-6.760567514737447,0.032277595238428,0.0027941902268362774,62,True,False,,True,D:\Coding\Python\DSCI_SEAS\Scripts\Exp4_System-Overhead\result_data\seed_2_20260726-190508\convergence\20260726-190508-413_controlled-5seed-resnet50-cifar10-20260726_seed-2_S0_cold.jsonl
controlled-5seed-resnet50-cifar10-20260726,controlled-5seed-resnet50-cifar10-20260726:seed-2:S0,2,S0,cold,63,244.08142980001867,3.209914736812137,3.209914736812137,3.9141097198399994,0.9785274299599999,0.7041949830278627,0.17604874575696566,0.46229261430104573,-7.127266850471496,0.027788877443859054,0.0022708584121596603,62,False,False,,True,D:\Coding\Python\DSCI_SEAS\Scripts\Exp4_System-Overhead\result_data\seed_2_20260726-190508\convergence\20260726-190508-413_controlled-5seed-resnet50-cifar10-20260726_seed-2_S0_cold.jsonl
controlled-5seed-resnet50-cifar10-20260726,controlled-5seed-resnet50-cifar10-20260726:seed-2:S0,2,S0,cold,64,248.45850229996722,3.2099849910258507,3.2099849910258507,3.9145490841279997,0.9786372710319999,0.7045640931021491,0.17614102327553727,0.42899314024051033,-7.193186455408732,0.025295365310014525,0.0017318559256524519,62,False,False,,True,D:\Coding\Python\DSCI_SEAS\Scripts\Exp4_System-Overhead\result_data\seed_2_20260726-190508\convergence\20260726-190508-413_controlled-5seed-resnet50-cifar10-20260726_seed-2_S0_cold.jsonl
controlled-5seed-resnet50-cifar10-20260726,controlled-5seed-resnet50-cifar10-20260726:seed-2:S0,2,S0,cold,65,253.288106800057,3.2091349106587246,3.2091349106587246,3.913570343805632,0.978392585951408,0.7044354331469073,0.17610885828672682,0.41244149768352506,-7.2646219269434615,0.023125104193032292,0.0015847988427178535,62,False,False,,True,D:\Coding\Python\DSCI_SEAS\Scripts\Exp4_System-Overhead\result_data\seed_2_20260726-190508\convergence\20260726-190508-413_controlled-5seed-resnet50-cifar10-20260726_seed-2_S0_cold.jsonl
controlled-5seed-resnet50-cifar10-20260726,controlled-5seed-resnet50-cifar10-20260726:seed-2:S0,2,S0,cold,66,258.14839650003705,3.2093307961374076,3.2093307961374076,3.9139958353999997,0.9784989588499999,0.7046650392625923,0.17616625981564807,0.3956359559098879,-7.745304423967998,0.019971985100148828,0.0007835635770933899,62,False,False,,True,D:\Coding\Python\DSCI_SEAS\Scripts\Exp4_System-Overhead\result_data\seed_2_20260726-190508\convergence\20260726-190508-413_controlled-5seed-resnet50-cifar10-20260726_seed-2_S0_cold.jsonl
controlled-5seed-resnet50-cifar10-20260726,controlled-5seed-resnet50-cifar10-20260726:seed-2:S0,2,S0,cold,67,262.700115500018,3.2085192951973647,3.2085192951973647,3.913088542464,0.978272135616,0.7045692472666355,0.17614231181665888,0.3759289890527725,-7.981939437230428,0.017033042274031355,0.0007081394973935902,62,False,False,,True,D:\Coding\Python\DSCI_SEAS\Scripts\Exp4_System-Overhead\result_data\seed_2_20260726-190508\convergence\20260726-190508-413_controlled-5seed-resnet50-cifar10-20260726_seed-2_S0_cold.jsonl
controlled-5seed-resnet50-cifar10-20260726,controlled-5seed-resnet50-cifar10-20260726:seed-2:S0,2,S0,cold,68,267.12897700001486,3.2104005023790516,3.2104005023790516,3.9146581681679997,0.9786645420419999,0.7042576657889482,0.17606441644723705,0.37575314688682554,-7.919959329922994,0.015831539033448583,0.0007150061982011523,62,False,False,,True,D:\Coding\Python\DSCI_SEAS\Scripts\Exp4_System-Overhead\result_data\seed_2_20260726-190508\convergence\20260726-190508-413_controlled-5seed-resnet50-cifar10-20260726_seed-2_S0_cold.jsonl
controlled-5seed-resnet50-cifar10-20260726,controlled-5seed-resnet50-cifar10-20260726:seed-2:S0,2,S0,cold,69,271.952937199967,3.2105694470236275,3.2105694470236275,3.914620393552,0.978655098388,0.7040509465283726,0.17601273663209316,0.3682215619087219,-8.308118118286133,0.013490710192367096,0.0005576579812638498,62,False,False,,True,D:\Coding\Python\DSCI_SEAS\Scripts\Exp4_System-Overhead\result_data\seed_2_20260726-190508\convergence\20260726-190508-413_controlled-5seed-resnet50-cifar10-20260726_seed-2_S0_cold.jsonl
controlled-5seed-resnet50-cifar10-20260726,controlled-5seed-resnet50-cifar10-20260726:seed-2:S0,2,S0,cold,70,276.39731010003015,3.210941008837311,3.210941008837311,3.9153200000000004,0.9788300000000001,0.7043789911626895,0.17609474779067238,0.354792607208093,-8.84619085375468,0.011805720761094901,0.0005276456047998857,70,True,False,,True,D:\Coding\Python\DSCI_SEAS\Scripts\Exp4_System-Overhead\result_data\seed_2_20260726-190508\convergence\20260726-190508-413_controlled-5seed-resnet50-cifar10-20260726_seed-2_S0_cold.jsonl
controlled-5seed-resnet50-cifar10-20260726,controlled-5seed-resnet50-cifar10-20260726:seed-2:S0,2,S0,cold,71,280.8501589000225,3.211376096997313,3.211376096997313,3.9157935999999998,0.9789483999999999,0.7044175030026868,0.1761043757506717,0.34940647113323214,-9.200808303833007,0.010243802269331656,0.0005382539179068965,71,True,False,,True,D:\Coding\Python\DSCI_SEAS\Scripts\Exp4_System-Overhead\result_data\seed_2_20260726-190508\convergence\20260726-190508-413_controlled-5seed-resnet50-cifar10-20260726_seed-2_S0_cold.jsonl
controlled-5seed-resnet50-cifar10-20260726,controlled-5seed-resnet50-cifar10-20260726:seed-2:S0,2,S0,cold,72,284.57301300007384,3.2105687664771825,3.2105687664771825,3.91548000352,0.97887000088,0.7049112370428172,0.1762278092607043,0.34077559967835747,-9.695931220372518,0.008781301384324364,0.0004896971674267863,71,False,False,,True,D:\Coding\Python\DSCI_SEAS\Scripts\Exp4_System-Overhead\result_data\seed_2_20260726-190508\convergence\20260726-190508-413_controlled-5seed-resnet50-cifar10-20260726_seed-2_S0_cold.jsonl
controlled-5seed-resnet50-cifar10-20260726,controlled-5seed-resnet50-cifar10-20260726:seed-2:S0,2,S0,cold,73,287.7915071999887,3.2103625806092895,3.2103625806092895,3.914462039999999,0.9786155099999998,0.7040994593907096,0.1760248648476774,0.32528869903087615,-10.41893361345927,0.007880573138810174,0.0004927136435447372,71,False,False,,True,D:\Coding\Python\DSCI_SEAS\Scripts\Exp4_System-Overhead\result_data\seed_2_20260726-190508\convergence\20260726-190508-413_controlled-5seed-resnet50-cifar10-20260726_seed-2_S0_cold.jsonl
controlled-5seed-resnet50-cifar10-20260726,controlled-5seed-resnet50-cifar10-20260726:seed-2:S0,2,S0,cold,74,290.9850823000306,3.2111933917172912,3.2111933917172912,3.9153028,0.9788257,0.7041094082827091,0.17602735207067727,0.3038992437124252,-10.805449398040771,0.007033324686751056,0.000476286766116027,71,False,False,,True,D:\Coding\Python\DSCI_SEAS\Scripts\Exp4_System-Overhead\result_data\seed_2_20260726-190508\convergence\20260726-190508-413_controlled-5seed-resnet50-cifar10-20260726_seed-2_S0_cold.jsonl
controlled-5seed-resnet50-cifar10-20260726,controlled-5seed-resnet50-cifar10-20260726:seed-2:S0,2,S0,cold,75,294.411563700065,3.2104634493284747,3.2104634493284747,3.9144431469599996,0.9786107867399999,0.7039796976315249,0.17599492440788123,0.29529254376888275,-11.503749750773112,0.005827166432423128,0.0004791756523320909,71,False,False,,True,D:\Coding\Python\DSCI_SEAS\Scripts\Exp4_System-Overhead\result_data\seed_2_20260726-190508\convergence\20260726-190508-413_controlled-5seed-resnet50-cifar10-20260726_seed-2_S0_cold.jsonl
controlled-5seed-resnet50-cifar10-20260726,controlled-5seed-resnet50-cifar10-20260726:seed-2:S0,2,S0,cold,76,297.69809780002106,3.2112769494973317,3.2112769494973317,3.9157351120159998,0.9789337780039999,0.704458162518668,0.176114540629667,0.28137053205569584,-12.706832632700602,0.005254781493837636,0.000492797649370763,71,False,False,,True,D:\Coding\Python\DSCI_SEAS\Scripts\Exp4_System-Overhead\result_data\seed_2_20260726-190508\convergence\20260726-190508-413_controlled-5seed-resnet50-cifar10-20260726_seed-2_S0_cold.jsonl
controlled-5seed-resnet50-cifar10-20260726,controlled-5seed-resnet50-cifar10-20260726:seed-2:S0,2,S0,cold,77,300.99158380005974,3.2102464588053263,3.2102464588053263,3.9148424000000004,0.9787106000000001,0.704595941194674,0.1761489852986685,0.2651151163081328,-13.882221827189127,0.004930176555984971,0.00036725202418306504,71,False,False,,True,D:\Coding\Python\DSCI_SEAS\Scripts\Exp4_System-Overhead\result_data\seed_2_20260726-190508\convergence\20260726-190508-413_controlled-5seed-resnet50-cifar10-20260726_seed-2_S0_cold.jsonl
controlled-5seed-resnet50-cifar10-20260726,controlled-5seed-resnet50-cifar10-20260726:seed-2:S0,2,S0,cold,78,304.32647009997163,3.2099371359533393,3.2099371359533393,3.91471312,0.97867828,0.7047759840466609,0.17619399601166522,0.24980513432621956,-15.611174777348836,0.004162155724124736,0.00036601847543693685,71,False,False,,True,D:\Coding\Python\DSCI_SEAS\Scripts\Exp4_System-Overhead\result_data\seed_2_20260726-190508\convergence\20260726-190508-413_controlled-5seed-resnet50-cifar10-20260726_seed-2_S0_cold.jsonl
controlled-5seed-resnet50-cifar10-20260726,controlled-5seed-resnet50-cifar10-20260726:seed-2:S0,2,S0,cold,79,307.6392616999801,3.2111198501493057,3.2111198501493057,3.91542952,0.97885738,0.7043096698506945,0.17607741746267364,0.2469628112912178,-16.9589677995046,0.003390817716768825,0.00031584917298382485,71,False,False,,True,D:\Coding\Python\DSCI_SEAS\Scripts\Exp4_System-Overhead\result_data\seed_2_20260726-190508\convergence\20260726-190508-413_controlled-5seed-resnet50-cifar10-20260726_seed-2_S0_cold.jsonl
controlled-5seed-resnet50-cifar10-20260726,controlled-5seed-resnet50-cifar10-20260726:seed-2:S0,2,S0,cold,80,310.9202634000685,3.211074678869294,3.211074678869294,3.9152367199999993,0.9788091799999998,0.7041620411307051,0.17604051028267628,0.24105040483673412,-17.880604765574137,0.00295409103795298,0.0002342405093312165,71,False,False,,True,D:\Coding\Python\DSCI_SEAS\Scripts\Exp4_System-Overhead\result_data\seed_2_20260726-190508\convergence\20260726-190508-413_controlled-5seed-resnet50-cifar10-20260726_seed-2_S0_cold.jsonl
controlled-5seed-resnet50-cifar10-20260726,controlled-5seed-resnet50-cifar10-20260726:seed-2:S0,2,S0,cold,81,314.1233825000236,3.210858295258335,3.210858295258335,3.915173970223999,0.9787934925559998,0.704315674965664,0.176078918741416,0.2376699913442135,-18.927925465901694,0.002617388184021731,0.0002306628595527489,71,False,False,,True,D:\Coding\Python\DSCI_SEAS\Scripts\Exp4_System-Overhead\result_data\seed_2_20260726-190508\convergence\20260726-190508-413_controlled-5seed-resnet50-cifar10-20260726_seed-2_S0_cold.jsonl
controlled-5seed-resnet50-cifar10-20260726,controlled-5seed-resnet50-cifar10-20260726:seed-2:S0,2,S0,cold,82,317.3030412000371,3.2101233922478705,3.2101233922478705,3.914244509776,0.978561127444,0.7041211175281297,0.17603027938203242,0.23137897273898125,-20.16447923405965,0.0022815919374677748,0.00022968648050356123,71,False,False,,True,D:\Coding\Python\DSCI_SEAS\Scripts\Exp4_System-Overhead\result_data\seed_2_20260726-190508\convergence\20260726-190508-413_controlled-5seed-resnet50-cifar10-20260726_seed-2_S0_cold.jsonl
controlled-5seed-resnet50-cifar10-20260726,controlled-5seed-resnet50-cifar10-20260726:seed-2:S0,2,S0,cold,83,320.59687580005266,3.2108762846533163,3.2108762846533163,3.91533936,0.97883484,0.7044630753466836,0.1761157688366709,0.21808399964372316,-20.532608385721844,0.0018245745926759084,0.0002297162505424273,71,False,False,,True,D:\Coding\Python\DSCI_SEAS\Scripts\Exp4_System-Overhead\result_data\seed_2_20260726-190508\convergence\20260726-190508-413_controlled-5seed-resnet50-cifar10-20260726_seed-2_S0_cold.jsonl
controlled-5seed-resnet50-cifar10-20260726,controlled-5seed-resnet50-cifar10-20260726:seed-2:S0,2,S0,cold,84,323.79669510002714,3.210755161771194,3.210755161771194,3.91502778104,0.97875694526,0.704272619268806,0.1760681548172015,0.20847044257322947,-21.67170591100057,0.0014252639420883073,0.00022861968324360956,71,False,False,,True,D:\Coding\Python\DSCI_SEAS\Scripts\Exp4_System-Overhead\result_data\seed_2_20260726-190508\convergence\20260726-190508-413_controlled-5seed-resnet50-cifar10-20260726_seed-2_S0_cold.jsonl
controlled-5seed-resnet50-cifar10-20260726,controlled-5seed-resnet50-cifar10-20260726:seed-2:S0,2,S0,cold,85,327.1749318999937,3.2108762846533163,3.2108762846533163,3.91533936,0.97883484,0.7044630753466836,0.1761157688366709,0.19467509905497232,-23.50398639678955,0.001244227175187926,0.00020955278853932414,71,False,False,,True,D:\Coding\Python\DSCI_SEAS\Scripts\Exp4_System-Overhead\result_data\seed_2_20260726-190508\convergence\20260726-190508-413_controlled-5seed-resnet50-cifar10-20260726_seed-2_S0_cold.jsonl
controlled-5seed-resnet50-cifar10-20260726,controlled-5seed-resnet50-cifar10-20260726:seed-2:S0,2,S0,cold,86,330.3848050000379,3.211404980877311,3.211404980877311,3.9157935999999998,0.9789483999999999,0.7043886191226888,0.1760971547806722,0.18532940670847892,-24.518617895762127,0.0009316230439226169,0.0001983248077189819,86,True,False,,True,D:\Coding\Python\DSCI_SEAS\Scripts\Exp4_System-Overhead\result_data\seed_2_20260726-190508\convergence\20260726-190508-413_controlled-5seed-resnet50-cifar10-20260726_seed-2_S0_cold.jsonl
controlled-5seed-resnet50-cifar10-20260726,controlled-5seed-resnet50-cifar10-20260726:seed-2:S0,2,S0,cold,87,333.5268680000445,3.211050855286363,3.211050855286363,3.915402736512,0.978850684128,0.7043518812256373,0.17608797030640932,0.17459872832894324,-26.202080897013346,0.0008839598679675521,0.00012885871314387114,86,False,False,,True,D:\Coding\Python\DSCI_SEAS\Scripts\Exp4_System-Overhead\result_data\seed_2_20260726-190508\convergence\20260726-190508-413_controlled-5seed-resnet50-cifar10-20260726_seed-2_S0_cold.jsonl
controlled-5seed-resnet50-cifar10-20260726,controlled-5seed-resnet50-cifar10-20260726:seed-2:S0,2,S0,cold,88,336.74554490006994,3.2112204348773226,3.2112204348773226,3.9157695199999996,0.9789423799999999,0.7045490851226772,0.1761372712806693,0.16444975009560586,-26.53409299214681,0.0008306788355832285,0.0001293557954426402,86,False,False,,True,D:\Coding\Python\DSCI_SEAS\Scripts\Exp4_System-Overhead\result_data\seed_2_20260726-190508\convergence\20260726-190508-413_controlled-5seed-resnet50-cifar10-20260726_seed-2_S0_cold.jsonl
controlled-5seed-resnet50-cifar10-20260726,controlled-5seed-resnet50-cifar10-20260726:seed-2:S0,2,S0,cold,89,339.9330980000086,3.210401782017296,3.210401782017296,3.9145833999999997,0.9786458499999999,0.7041816179827038,0.17604540449567596,0.16486162649591765,-27.60557484181722,0.0006880282959764309,0.00013138311467389004,86,False,False,,True,D:\Coding\Python\DSCI_SEAS\Scripts\Exp4_System-Overhead\result_data\seed_2_20260726-190508\convergence\20260726-190508-413_controlled-5seed-resnet50-cifar10-20260726_seed-2_S0_cold.jsonl
controlled-5seed-resnet50-cifar10-20260726,controlled-5seed-resnet50-cifar10-20260726:seed-2:S0,2,S0,cold,90,343.1202366000507,3.210798652813319,3.210798652813319,3.9153002399999997,0.9788250599999999,0.7045015871866807,0.17612539679667016,0.18124535330136618,-30.206351407368977,0.0005984885646016644,0.00013103085445903518,86,False,False,,True,D:\Coding\Python\DSCI_SEAS\Scripts\Exp4_System-Overhead\result_data\seed_2_20260726-190508\convergence\20260726-190508-413_controlled-5seed-resnet50-cifar10-20260726_seed-2_S0_cold.jsonl
controlled-5seed-resnet50-cifar10-20260726,controlled-5seed-resnet50-cifar10-20260726:seed-2:S0,2,S0,cold,91,346.3069081000285,3.2105534339052992,3.2105534339052992,3.91477228,0.97869307,0.7042188460947011,0.17605471152367527,0.19257753441731135,-30.257534915924072,0.0005197123709285862,0.00012523884917484671,86,False,False,,True,D:\Coding\Python\DSCI_SEAS\Scripts\Exp4_System-Overhead\result_data\seed_2_20260726-190508\convergence\20260726-190508-413_controlled-5seed-resnet50-cifar10-20260726_seed-2_S0_cold.jsonl
controlled-5seed-resnet50-cifar10-20260726,controlled-5seed-resnet50-cifar10-20260726:seed-2:S0,2,S0,cold,92,349.44974000006914,3.2110681560386256,3.2110681560386256,3.9152791362559998,0.9788197840639999,0.7042109802173744,0.1760527450543436,0.18779760706424714,-27.93563336435954,0.0004520755955342623,0.00012615961256341184,86,False,False,,True,D:\Coding\Python\DSCI_SEAS\Scripts\Exp4_System-Overhead\result_data\seed_2_20260726-190508\convergence\20260726-190508-413_controlled-5seed-resnet50-cifar10-20260726_seed-2_S0_cold.jsonl
controlled-5seed-resnet50-cifar10-20260726,controlled-5seed-resnet50-cifar10-20260726:seed-2:S0,2,S0,cold,93,352.82804340007715,3.210773507589284,3.210773507589284,3.91478792,0.97869698,0.7040144124107159,0.17600360310267898,0.17904563615719477,-27.597942717234293,0.00045280340377972737,0.00012254730111404492,86,False,False,,True,D:\Coding\Python\DSCI_SEAS\Scripts\Exp4_System-Overhead\result_data\seed_2_20260726-190508\convergence\20260726-190508-413_controlled-5seed-resnet50-cifar10-20260726_seed-2_S0_cold.jsonl
controlled-5seed-resnet50-cifar10-20260726,controlled-5seed-resnet50-cifar10-20260726:seed-2:S0,2,S0,cold,94,355.98452439997345,3.210975741581314,3.210975741581314,3.91540544,0.97885136,0.7044296984186859,0.17610742460467146,0.17638292956352233,-29.44508361562093,0.0003832571779837896,0.0001200557846180536,86,False,False,,True,D:\Coding\Python\DSCI_SEAS\Scripts\Exp4_System-Overhead\result_data\seed_2_20260726-190508\convergence\20260726-190508-413_controlled-5seed-resnet50-cifar10-20260726_seed-2_S0_cold.jsonl
controlled-5seed-resnet50-cifar10-20260726,controlled-5seed-resnet50-cifar10-20260726:seed-2:S0,2,S0,cold,95,359.1163157999981,3.2105750115573115,3.2105750115573115,3.91496684,0.97874171,0.7043918284426886,0.17609795711067214,0.16985562655329706,-30.109072138468424,0.00037848569330077255,0.00011880364115472307,86,False,False,,True,D:\Coding\Python\DSCI_SEAS\Scripts\Exp4_System-Overhead\result_data\seed_2_20260726-190508\convergence\20260726-190508-413_controlled-5seed-resnet50-cifar10-20260726_seed-2_S0_cold.jsonl
controlled-5seed-resnet50-cifar10-20260726,controlled-5seed-resnet50-cifar10-20260726:seed-2:S0,2,S0,cold,96,362.36302060005255,3.2107760261009126,3.2107760261009126,3.9149322783039997,0.9787330695759999,0.7041562522030873,0.17603906305077183,0.1634616480767727,-28.512397925059002,0.0003459354459354621,0.00011377676417005418,86,False,False,,True,D:\Coding\Python\DSCI_SEAS\Scripts\Exp4_System-Overhead\result_data\seed_2_20260726-190508\convergence\20260726-190508-413_controlled-5seed-resnet50-cifar10-20260726_seed-2_S0_cold.jsonl
controlled-5seed-resnet50-cifar10-20260726,controlled-5seed-resnet50-cifar10-20260726:seed-2:S0,2,S0,cold,97,365.51868720003404,3.211187251917294,3.211187251917294,3.9153447999999997,0.9788361999999999,0.7041575480827056,0.1760393870206764,0.16410501619180043,-28.387121134440104,0.0002796926981906075,0.00011052144966818506,86,False,False,,True,D:\Coding\Python\DSCI_SEAS\Scripts\Exp4_System-Overhead\result_data\seed_2_20260726-190508\convergence\20260726-190508-413_controlled-5seed-resnet50-cifar10-20260726_seed-2_S0_cold.jsonl
controlled-5seed-resnet50-cifar10-20260726,controlled-5seed-resnet50-cifar10-20260726:seed-2:S0,2,S0,cold,98,368.81257720000576,3.2114303765973053,3.2114303765973053,3.915751599999999,0.9789378999999998,0.7043212234026938,0.17608030585067344,0.17255219742655753,-30.41891414006551,0.0002961741794277107,9.846532127890548e-05,98,True,False,,True,D:\Coding\Python\DSCI_SEAS\Scripts\Exp4_System-Overhead\result_data\seed_2_20260726-190508\convergence\20260726-190508-413_controlled-5seed-resnet50-cifar10-20260726_seed-2_S0_cold.jsonl
controlled-5seed-resnet50-cifar10-20260726,controlled-5seed-resnet50-cifar10-20260726:seed-2:S0,2,S0,cold,99,372.0422077999683,3.211381544453313,3.211381544453313,3.91579648,0.97894912,0.704414935546687,0.17610373388667175,0.1592308373550574,-30.90809901555379,0.00023883625848074308,0.00010286676470704733,98,False,False,,True,D:\Coding\Python\DSCI_SEAS\Scripts\Exp4_System-Overhead\result_data\seed_2_20260726-190508\convergence\20260726-190508-413_controlled-5seed-resnet50-cifar10-20260726_seed-2_S0_cold.jsonl
controlled-5seed-resnet50-cifar10-20260726,controlled-5seed-resnet50-cifar10-20260726:seed-2:S0,2,S0,cold,100,375.16850879997946,3.210196898633316,3.210196898633316,3.9146551599999997,0.9786637899999999,0.7044582613666838,0.17611456534167094,0.14492396240433056,-28.59662259801229,0.00016304954533926432,0.0001127539847416342,98,False,False,,True,D:\Coding\Python\DSCI_SEAS\Scripts\Exp4_System-Overhead\result_data\seed_2_20260726-190508\convergence\20260726-190508-413_controlled-5seed-resnet50-cifar10-20260726_seed-2_S0_cold.jsonl
controlled-5seed-resnet50-cifar10-20260726,controlled-5seed-resnet50-cifar10-20260726:seed-2:S0,2,S0,cold,101,378.37130450003315,3.210449152191498,3.210449152191498,3.914660492096,0.978665123024,0.704211339904502,0.1760528349761255,0.14458080119887987,-27.79619072850545,0.00013724915342298464,0.00011622538309765209,98,False,False,,True,D:\Coding\Python\DSCI_SEAS\Scripts\Exp4_System-Overhead\result_data\seed_2_20260726-190508\convergence\20260726-190508-413_controlled-5seed-resnet50-cifar10-20260726_seed-2_S0_cold.jsonl
controlled-5seed-resnet50-cifar10-20260726,controlled-5seed-resnet50-cifar10-20260726:seed-2:S0,2,S0,cold,102,381.5147324000718,3.2109546626654444,3.2109546626654444,3.9152928845599995,0.9788232211399999,0.7043382218945551,0.17608455547363877,0.15120833736658096,-29.08356707763672,0.00016056508630804997,0.000104324018172138,98,False,False,,True,D:\Coding\Python\DSCI_SEAS\Scripts\Exp4_System-Overhead\result_data\seed_2_20260726-190508\convergence\20260726-190508-413_controlled-5seed-resnet50-cifar10-20260726_seed-2_S0_cold.jsonl
controlled-5seed-resnet50-cifar10-20260726,controlled-5seed-resnet50-cifar10-20260726:seed-2:S0,2,S0,cold,103,384.7052274000598,3.211381544453313,3.211381544453313,3.91579648,0.97894912,0.704414935546687,0.17610373388667175,0.1545896046559016,-29.22071738433838,0.00015345631660276826,0.00010961413993019613,98,False,False,,True,D:\Coding\Python\DSCI_SEAS\Scripts\Exp4_System-Overhead\result_data\seed_2_20260726-190508\convergence\20260726-190508-413_controlled-5seed-resnet50-cifar10-20260726_seed-2_S0_cold.jsonl
controlled-5seed-resnet50-cifar10-20260726,controlled-5seed-resnet50-cifar10-20260726:seed-2:S0,2,S0,cold,104,387.88923650002107,3.211184283397308,3.211184283397308,3.9155375999999995,0.9788843999999999,0.7043533166026914,0.17608832915067285,0.15357555830478667,-27.226018397013345,0.00014814293959536511,0.00011052889684117542,98,False,False,,True,D:\Coding\Python\DSCI_SEAS\Scripts\Exp4_System-Overhead\result_data\seed_2_20260726-190508\convergence\20260726-190508-413_controlled-5seed-resnet50-cifar10-20260726_seed-2_S0_cold.jsonl
controlled-5seed-resnet50-cifar10-20260726,controlled-5seed-resnet50-cifar10-20260726:seed-2:S0,2,S0,cold,105,391.1333965000231,3.2110777443573024,3.2110777443573024,3.9153412000000003,0.9788353000000001,0.7042634556426979,0.17606586391067447,0.1544542775352796,-27.171726548512776,0.0001241567785764976,0.0001108811091440039,98,False,False,,True,D:\Coding\Python\DSCI_SEAS\Scripts\Exp4_System-Overhead\result_data\seed_2_20260726-190508\convergence\20260726-190508-413_controlled-5seed-resnet50-cifar10-20260726_seed-2_S0_cold.jsonl
controlled-5seed-resnet50-cifar10-20260726,controlled-5seed-resnet50-cifar10-20260726:seed-2:S0,2,S0,cold,106,394.4019947000779,3.2109955154468515,3.2109955154468515,3.9156379599999998,0.9789094899999999,0.7046424445531484,0.1761606111382871,0.15589459025859834,-29.58184270095825,8.547442671373982e-05,0.00010596644335831322,98,False,True,stopping_criterion,True,D:\Coding\Python\DSCI_SEAS\Scripts\Exp4_System-Overhead\result_data\seed_2_20260726-190508\convergence\20260726-190508-413_controlled-5seed-resnet50-cifar10-20260726_seed-2_S0_cold.jsonl
controlled-5seed-resnet50-cifar10-20260726,controlled-5seed-resnet50-cifar10-20260726:seed-2:S1,2,S1,medium,0,1.6979676999617368,3.3216379541229055,3.3216379541229055,3.91552844,0.97888211,0.5938904858770945,0.14847262146927362,0.15922985257580877,-30.908908648490907,,,0,True,False,,True,D:\Coding\Python\DSCI_SEAS\Scripts\Exp4_System-Overhead\result_data\seed_2_20260726-190508\convergence\20260726-191235-514_controlled-5seed-resnet50-cifar10-20260726_seed-2_S1_medium.jsonl
controlled-5seed-resnet50-cifar10-20260726,controlled-5seed-resnet50-cifar10-20260726:seed-2:S1,2,S1,medium,1,3.3085876000113785,3.321631916482923,3.321631916482923,3.9157695199999996,0.9789423799999999,0.5941376035170767,0.14853440087926917,0.17511433325707912,-30.31937681913376,,,0,False,False,,True,D:\Coding\Python\DSCI_SEAS\Scripts\Exp4_System-Overhead\result_data\seed_2_20260726-190508\convergence\20260726-191235-514_controlled-5seed-resnet50-cifar10-20260726_seed-2_S1_medium.jsonl
controlled-5seed-resnet50-cifar10-20260726,controlled-5seed-resnet50-cifar10-20260726:seed-2:S1,2,S1,medium,2,4.997980399988592,3.3214959570709035,3.3214959570709035,3.91535788,0.97883947,0.5938619229290966,0.14846548073227414,0.18584389733150602,-28.669086198806763,,,0,False,False,,True,D:\Coding\Python\DSCI_SEAS\Scripts\Exp4_System-Overhead\result_data\seed_2_20260726-190508\convergence\20260726-191235-514_controlled-5seed-resnet50-cifar10-20260726_seed-2_S1_medium.jsonl
controlled-5seed-resnet50-cifar10-20260726,controlled-5seed-resnet50-cifar10-20260726:seed-2:S1,2,S1,medium,3,6.722353999968618,3.321683668378908,3.321683668378908,3.9156036800000003,0.9789009200000001,0.5939200116210924,0.1484800029052731,0.20161541655659676,-26.82921536922455,,,3,True,False,,True,D:\Coding\Python\DSCI_SEAS\Scripts\Exp4_System-Overhead\result_data\seed_2_20260726-190508\convergence\20260726-191235-514_controlled-5seed-resnet50-cifar10-20260726_seed-2_S1_medium.jsonl
controlled-5seed-resnet50-cifar10-20260726,controlled-5seed-resnet50-cifar10-20260726:seed-2:S1,2,S1,medium,4,8.376565699931234,3.3214462426829154,3.3214462426829154,3.9154715200000005,0.9788678800000001,0.5940252773170849,0.14850631932927122,0.1899283499829471,-25.707659783363344,,,3,False,False,,True,D:\Coding\Python\DSCI_SEAS\Scripts\Exp4_System-Overhead\result_data\seed_2_20260726-190508\convergence\20260726-191235-514_controlled-5seed-resnet50-cifar10-20260726_seed-2_S1_medium.jsonl
controlled-5seed-resnet50-cifar10-20260726,controlled-5seed-resnet50-cifar10-20260726:seed-2:S1,2,S1,medium,5,10.063623999943957,3.3211017307840898,3.3211017307840898,3.915325157151999,0.9788312892879998,0.5942234263679091,0.1485558565919773,0.18616647886112334,-26.126264379024505,,,3,False,False,,True,D:\Coding\Python\DSCI_SEAS\Scripts\Exp4_System-Overhead\result_data\seed_2_20260726-190508\convergence\20260726-191235-514_controlled-5seed-resnet50-cifar10-20260726_seed-2_S1_medium.jsonl
controlled-5seed-resnet50-cifar10-20260726,controlled-5seed-resnet50-cifar10-20260726:seed-2:S1,2,S1,medium,6,11.75519479997456,3.321728890036131,3.321728890036131,3.9156885156799994,0.9789221289199999,0.5939596256438687,0.14848990641096718,0.1855200489796698,-27.5792289185524,,,6,True,False,,True,D:\Coding\Python\DSCI_SEAS\Scripts\Exp4_System-Overhead\result_data\seed_2_20260726-190508\convergence\20260726-191235-514_controlled-5seed-resnet50-cifar10-20260726_seed-2_S1_medium.jsonl
controlled-5seed-resnet50-cifar10-20260726,controlled-5seed-resnet50-cifar10-20260726:seed-2:S1,2,S1,medium,7,13.50616699992679,3.320737907433598,3.320737907433598,3.914997447032,0.978749361758,0.5942595395984019,0.14856488489960049,0.176745233964175,-28.70789780139923,,,6,False,False,,True,D:\Coding\Python\DSCI_SEAS\Scripts\Exp4_System-Overhead\result_data\seed_2_20260726-190508\convergence\20260726-191235-514_controlled-5seed-resnet50-cifar10-20260726_seed-2_S1_medium.jsonl
controlled-5seed-resnet50-cifar10-20260726,controlled-5seed-resnet50-cifar10-20260726:seed-2:S1,2,S1,medium,8,15.171545699937269,3.321400764176313,3.321400764176313,3.9154309268159997,0.9788577317039999,0.5940301626396864,0.1485075406599216,0.17276271393522621,-29.64678614616394,,,6,False,False,,True,D:\Coding\Python\DSCI_SEAS\Scripts\Exp4_System-Overhead\result_data\seed_2_20260726-190508\convergence\20260726-191235-514_controlled-5seed-resnet50-cifar10-20260726_seed-2_S1_medium.jsonl
controlled-5seed-resnet50-cifar10-20260726,controlled-5seed-resnet50-cifar10-20260726:seed-2:S1,2,S1,medium,9,17.002932399977,3.321839225050915,3.321839225050915,3.9158568000000002,0.9789642000000001,0.5940175749490854,0.14850439373727134,0.1735203729942441,-29.74129900932312,,,9,True,False,,True,D:\Coding\Python\DSCI_SEAS\Scripts\Exp4_System-Overhead\result_data\seed_2_20260726-190508\convergence\20260726-191235-514_controlled-5seed-resnet50-cifar10-20260726_seed-2_S1_medium.jsonl
controlled-5seed-resnet50-cifar10-20260726,controlled-5seed-resnet50-cifar10-20260726:seed-2:S1,2,S1,medium,10,18.646968999993987,3.3214621790789196,3.3214621790789196,3.91555068,0.97888767,0.5940885009210802,0.14852212523027006,0.17784217046573758,-29.951699101924895,,,9,False,False,,True,D:\Coding\Python\DSCI_SEAS\Scripts\Exp4_System-Overhead\result_data\seed_2_20260726-190508\convergence\20260726-191235-514_controlled-5seed-resnet50-cifar10-20260726_seed-2_S1_medium.jsonl
controlled-5seed-resnet50-cifar10-20260726,controlled-5seed-resnet50-cifar10-20260726:seed-2:S1,2,S1,medium,11,20.367340400000103,3.321396569891177,3.321396569891177,3.9156444817600002,0.9789111204400001,0.5942479118688233,0.14856197796720583,0.18137189656496047,-30.869911386966706,,,9,False,False,,True,D:\Coding\Python\DSCI_SEAS\Scripts\Exp4_System-Overhead\result_data\seed_2_20260726-190508\convergence\20260726-191235-514_controlled-5seed-resnet50-cifar10-20260726_seed-2_S1_medium.jsonl
controlled-5seed-resnet50-cifar10-20260726,controlled-5seed-resnet50-cifar10-20260726:seed-2:S1,2,S1,medium,12,22.083434899919666,3.3217930260589137,3.3217930260589137,3.91579648,0.97894912,0.5940034539410864,0.1485008634852716,0.16979583140462637,-32.16216370820999,,,9,False,False,,True,D:\Coding\Python\DSCI_SEAS\Scripts\Exp4_System-Overhead\result_data\seed_2_20260726-190508\convergence\20260726-191235-514_controlled-5seed-resnet50-cifar10-20260726_seed-2_S1_medium.jsonl
controlled-5seed-resnet50-cifar10-20260726,controlled-5seed-resnet50-cifar10-20260726:seed-2:S1,2,S1,medium,13,23.804598100017756,3.322511157034928,3.322511157034928,3.9167174399999998,0.9791793599999999,0.5942062829650717,0.14855157074126793,0.1577806053496897,-32.43253686904907,,,13,True,False,,True,D:\Coding\Python\DSCI_SEAS\Scripts\Exp4_System-Overhead\result_data\seed_2_20260726-190508\convergence\20260726-191235-514_controlled-5seed-resnet50-cifar10-20260726_seed-2_S1_medium.jsonl
controlled-5seed-resnet50-cifar10-20260726,controlled-5seed-resnet50-cifar10-20260726:seed-2:S1,2,S1,medium,14,25.697292599943466,3.3213072124989322,3.3213072124989322,3.9155770399999996,0.9788942599999999,0.5942698275010673,0.14856745687526682,0.14778091056272388,-32.98341444730759,,,13,False,False,,True,D:\Coding\Python\DSCI_SEAS\Scripts\Exp4_System-Overhead\result_data\seed_2_20260726-190508\convergence\20260726-191235-514_controlled-5seed-resnet50-cifar10-20260726_seed-2_S1_medium.jsonl
controlled-5seed-resnet50-cifar10-20260726,controlled-5seed-resnet50-cifar10-20260726:seed-2:S1,2,S1,medium,15,27.52841669996269,3.3219786998589216,3.3219786998589216,3.91609448,0.97902362,0.5941157801410782,0.14852894503526956,0.13978915382176638,-34.645617299079895,,,13,False,False,,True,D:\Coding\Python\DSCI_SEAS\Scripts\Exp4_System-Overhead\result_data\seed_2_20260726-190508\convergence\20260726-191235-514_controlled-5seed-resnet50-cifar10-20260726_seed-2_S1_medium.jsonl
controlled-5seed-resnet50-cifar10-20260726,controlled-5seed-resnet50-cifar10-20260726:seed-2:S1,2,S1,medium,16,29.36052829993423,3.321183232658913,3.321183232658913,3.9151706400000004,0.9787926600000001,0.5939874073410876,0.1484968518352719,0.14430508187040686,-35.63802313327789,,,13,False,False,,True,D:\Coding\Python\DSCI_SEAS\Scripts\Exp4_System-Overhead\result_data\seed_2_20260726-190508\convergence\20260726-191235-514_controlled-5seed-resnet50-cifar10-20260726_seed-2_S1_medium.jsonl
controlled-5seed-resnet50-cifar10-20260726,controlled-5seed-resnet50-cifar10-20260726:seed-2:S1,2,S1,medium,17,31.242615600000136,3.3215014428391667,3.3215014428391667,3.915362044128,0.978840511032,0.5938606012888331,0.14846515032220828,0.14497818173840643,-35.45557951927185,,,13,False,False,,True,D:\Coding\Python\DSCI_SEAS\Scripts\Exp4_System-Overhead\result_data\seed_2_20260726-190508\convergence\20260726-191235-514_controlled-5seed-resnet50-cifar10-20260726_seed-2_S1_medium.jsonl
controlled-5seed-resnet50-cifar10-20260726,controlled-5seed-resnet50-cifar10-20260726:seed-2:S1,2,S1,medium,18,33.143117400002666,3.321918174322909,3.321918174322909,3.9158568000000002,0.9789642000000001,0.5939386256770911,0.14848465641927278,0.14208131717517972,-36.11141114234924,,,13,False,False,,True,D:\Coding\Python\DSCI_SEAS\Scripts\Exp4_System-Overhead\result_data\seed_2_20260726-190508\convergence\20260726-191235-514_controlled-5seed-resnet50-cifar10-20260726_seed-2_S1_medium.jsonl
controlled-5seed-resnet50-cifar10-20260726,controlled-5seed-resnet50-cifar10-20260726:seed-2:S1,2,S1,medium,19,34.97052289999556,3.320775527798909,3.320775527798909,3.9147163999999997,0.9786790999999999,0.5939408722010908,0.1484852180502727,0.1389403709024191,-38.127049555778505,,,13,False,False,,True,D:\Coding\Python\DSCI_SEAS\Scripts\Exp4_System-Overhead\result_data\seed_2_20260726-190508\convergence\20260726-191235-514_controlled-5seed-resnet50-cifar10-20260726_seed-2_S1_medium.jsonl
controlled-5seed-resnet50-cifar10-20260726,controlled-5seed-resnet50-cifar10-20260726:seed-2:S1,2,S1,medium,20,36.84153640002478,3.3215446349989177,3.3215446349989177,3.9156138799999995,0.9789034699999999,0.5940692450010816,0.1485173112502704,0.12606178339570762,-39.220002546310425,,,13,False,False,,True,D:\Coding\Python\DSCI_SEAS\Scripts\Exp4_System-Overhead\result_data\seed_2_20260726-190508\convergence\20260726-191235-514_controlled-5seed-resnet50-cifar10-20260726_seed-2_S1_medium.jsonl
controlled-5seed-resnet50-cifar10-20260726,controlled-5seed-resnet50-cifar10-20260726:seed-2:S1,2,S1,medium,21,38.77205259993207,3.3217875786029136,3.3217875786029136,3.9157935999999998,0.9789483999999999,0.5940060213970862,0.14850150534927156,0.1161460942029953,-38.97906914710998,,,13,False,False,,True,D:\Coding\Python\DSCI_SEAS\Scripts\Exp4_System-Overhead\result_data\seed_2_20260726-190508\convergence\20260726-191235-514_controlled-5seed-resnet50-cifar10-20260726_seed-2_S1_medium.jsonl
controlled-5seed-resnet50-cifar10-20260726,controlled-5seed-resnet50-cifar10-20260726:seed-2:S1,2,S1,medium,22,40.60571649996564,3.3218541381469198,3.3218541381469198,3.9159429599999998,0.9789857399999999,0.5940888218530802,0.14852220546327005,0.11680603377521039,-39.706739678382874,,,13,False,False,,True,D:\Coding\Python\DSCI_SEAS\Scripts\Exp4_System-Overhead\result_data\seed_2_20260726-190508\convergence\20260726-191235-514_controlled-5seed-resnet50-cifar10-20260726_seed-2_S1_medium.jsonl
controlled-5seed-resnet50-cifar10-20260726,controlled-5seed-resnet50-cifar10-20260726:seed-2:S1,2,S1,medium,23,42.546790699940175,3.321142074714934,3.321142074714934,3.9154317999999995,0.9788579499999999,0.5942897252850657,0.14857243132126643,0.11819561923854054,-41.857004084587096,,,13,False,False,,True,D:\Coding\Python\DSCI_SEAS\Scripts\Exp4_System-Overhead\result_data\seed_2_20260726-190508\convergence\20260726-191235-514_controlled-5seed-resnet50-cifar10-20260726_seed-2_S1_medium.jsonl
controlled-5seed-resnet50-cifar10-20260726,controlled-5seed-resnet50-cifar10-20260726:seed-2:S1,2,S1,medium,24,44.40851729991846,3.321213015634904,3.321213015634904,3.91508232,0.97877058,0.5938693043650961,0.14846732609127403,0.11218833639286459,-42.81647306919098,,,13,False,False,,True,D:\Coding\Python\DSCI_SEAS\Scripts\Exp4_System-Overhead\result_data\seed_2_20260726-190508\convergence\20260726-191235-514_controlled-5seed-resnet50-cifar10-20260726_seed-2_S1_medium.jsonl
controlled-5seed-resnet50-cifar10-20260726,controlled-5seed-resnet50-cifar10-20260726:seed-2:S1,2,S1,medium,25,46.25504139997065,3.3213297844028995,3.3213297844028995,3.9151272000000006,0.9787818000000001,0.5937974155971012,0.1484493538992753,0.10476765278726816,-42.1095676279068,,,13,False,False,,True,D:\Coding\Python\DSCI_SEAS\Scripts\Exp4_System-Overhead\result_data\seed_2_20260726-190508\convergence\20260726-191235-514_controlled-5seed-resnet50-cifar10-20260726_seed-2_S1_medium.jsonl
controlled-5seed-resnet50-cifar10-20260726,controlled-5seed-resnet50-cifar10-20260726:seed-2:S1,2,S1,medium,26,48.09407370002009,3.3217419984405225,3.3217419984405225,3.9159694369439997,0.9789923592359999,0.594227438503477,0.14855685962586926,0.0983020586706698,-42.5961548948288,,,13,False,False,,True,D:\Coding\Python\DSCI_SEAS\Scripts\Exp4_System-Overhead\result_data\seed_2_20260726-190508\convergence\20260726-191235-514_controlled-5seed-resnet50-cifar10-20260726_seed-2_S1_medium.jsonl
controlled-5seed-resnet50-cifar10-20260726,controlled-5seed-resnet50-cifar10-20260726:seed-2:S1,2,S1,medium,27,49.96600789995864,3.3213746464803764,3.3213746464803764,3.9151947118079997,0.9787986779519999,0.5938200653276232,0.1484550163319058,0.09420054293237627,-44.632272720336914,,,13,False,False,,True,D:\Coding\Python\DSCI_SEAS\Scripts\Exp4_System-Overhead\result_data\seed_2_20260726-190508\convergence\20260726-191235-514_controlled-5seed-resnet50-cifar10-20260726_seed-2_S1_medium.jsonl
controlled-5seed-resnet50-cifar10-20260726,controlled-5seed-resnet50-cifar10-20260726:seed-2:S1,2,S1,medium,28,51.76257389993407,3.3216340998990885,3.3216340998990885,3.915611928672,0.978902982168,0.5939778287729113,0.14849445719322782,0.0927255817875266,-45.23706878185272,,,13,False,False,,True,D:\Coding\Python\DSCI_SEAS\Scripts\Exp4_System-Overhead\result_data\seed_2_20260726-190508\convergence\20260726-191235-514_controlled-5seed-resnet50-cifar10-20260726_seed-2_S1_medium.jsonl
controlled-5seed-resnet50-cifar10-20260726,controlled-5seed-resnet50-cifar10-20260726:seed-2:S1,2,S1,medium,29,53.630568200023845,3.3215224174028926,3.3215224174028926,3.9152395999999996,0.9788098999999999,0.593717182597107,0.14842929564927676,0.09410589856095612,-43.622868328094484,,,13,False,False,,True,D:\Coding\Python\DSCI_SEAS\Scripts\Exp4_System-Overhead\result_data\seed_2_20260726-190508\convergence\20260726-191235-514_controlled-5seed-resnet50-cifar10-20260726_seed-2_S1_medium.jsonl
controlled-5seed-resnet50-cifar10-20260726,controlled-5seed-resnet50-cifar10-20260726:seed-2:S1,2,S1,medium,30,55.423770699999295,3.322107591665176,3.322107591665176,3.9161691110079997,0.9790422777519999,0.5940615193428239,0.14851537983570598,0.0973771473299712,-43.12390953540802,,,13,False,False,,True,D:\Coding\Python\DSCI_SEAS\Scripts\Exp4_System-Overhead\result_data\seed_2_20260726-190508\convergence\20260726-191235-514_controlled-5seed-resnet50-cifar10-20260726_seed-2_S1_medium.jsonl
controlled-5seed-resnet50-cifar10-20260726,controlled-5seed-resnet50-cifar10-20260726:seed-2:S1,2,S1,medium,31,57.28933729999699,3.3208294744469127,3.3208294744469127,3.914830039999999,0.9787075099999998,0.5940005655530867,0.14850014138827167,0.0980660685710609,-44.59513331890106,,,13,False,False,,True,D:\Coding\Python\DSCI_SEAS\Scripts\Exp4_System-Overhead\result_data\seed_2_20260726-190508\convergence\20260726-191235-514_controlled-5seed-resnet50-cifar10-20260726_seed-2_S1_medium.jsonl
controlled-5seed-resnet50-cifar10-20260726,controlled-5seed-resnet50-cifar10-20260726:seed-2:S1,2,S1,medium,32,59.18288360000588,3.321853847210929,3.321853847210929,3.9160703999999997,0.9790175999999999,0.594216552789071,0.14855413819726776,0.09747904605232179,-45.12050909042358,,,13,False,False,,True,D:\Coding\Python\DSCI_SEAS\Scripts\Exp4_System-Overhead\result_data\seed_2_20260726-190508\convergence\20260726-191235-514_controlled-5seed-resnet50-cifar10-20260726_seed-2_S1_medium.jsonl
controlled-5seed-resnet50-cifar10-20260726,controlled-5seed-resnet50-cifar10-20260726:seed-2:S1,2,S1,medium,33,60.96858089999296,3.3219848396589176,3.3219848396589176,3.9160524799999994,0.9790131199999998,0.5940676403410818,0.14851691008527046,0.09520981373265386,-43.95787340164185,,,13,False,False,,True,D:\Coding\Python\DSCI_SEAS\Scripts\Exp4_System-Overhead\result_data\seed_2_20260726-190508\convergence\20260726-191235-514_controlled-5seed-resnet50-cifar10-20260726_seed-2_S1_medium.jsonl
controlled-5seed-resnet50-cifar10-20260726,controlled-5seed-resnet50-cifar10-20260726:seed-2:S1,2,S1,medium,34,62.76722479995806,3.3212520912029007,3.3212520912029007,3.9150815999999997,0.9787703999999999,0.5938295087970988,0.1484573771992747,0.09348995148204267,-44.130070991516114,,,13,False,False,,True,D:\Coding\Python\DSCI_SEAS\Scripts\Exp4_System-Overhead\result_data\seed_2_20260726-190508\convergence\20260726-191235-514_controlled-5seed-resnet50-cifar10-20260726_seed-2_S1_medium.jsonl
controlled-5seed-resnet50-cifar10-20260726,controlled-5seed-resnet50-cifar10-20260726:seed-2:S1,2,S1,medium,35,64.62143199995626,3.321089811374911,3.321089811374911,3.915057,0.97876425,0.5939671886250891,0.14849179715627228,0.08985452246852219,-45.81350200176239,,,13,False,False,,True,D:\Coding\Python\DSCI_SEAS\Scripts\Exp4_System-Overhead\result_data\seed_2_20260726-190508\convergence\20260726-191235-514_controlled-5seed-resnet50-cifar10-20260726_seed-2_S1_medium.jsonl
controlled-5seed-resnet50-cifar10-20260726,controlled-5seed-resnet50-cifar10-20260726:seed-2:S1,2,S1,medium,36,66.44109460001346,3.3217007276359065,3.3217007276359065,3.91586233408,0.97896558352,0.5941616064440932,0.1485404016110233,0.08327744580805302,-46.81779102802277,,,13,False,False,,True,D:\Coding\Python\DSCI_SEAS\Scripts\Exp4_System-Overhead\result_data\seed_2_20260726-190508\convergence\20260726-191235-514_controlled-5seed-resnet50-cifar10-20260726_seed-2_S1_medium.jsonl
controlled-5seed-resnet50-cifar10-20260726,controlled-5seed-resnet50-cifar10-20260726:seed-2:S1,2,S1,medium,37,68.23843689996284,3.3220550159789237,3.3220550159789237,3.91619968,0.97904992,0.5941446640210762,0.14853616600526906,0.07882592844776809,-45.67609066486359,,,13,False,False,,True,D:\Coding\Python\DSCI_SEAS\Scripts\Exp4_System-Overhead\result_data\seed_2_20260726-190508\convergence\20260726-191235-514_controlled-5seed-resnet50-cifar10-20260726_seed-2_S1_medium.jsonl
controlled-5seed-resnet50-cifar10-20260726,controlled-5seed-resnet50-cifar10-20260726:seed-2:S1,2,S1,medium,38,70.18032699998002,3.3217515504709043,3.3217515504709043,3.9156295199999995,0.9789073799999999,0.5938779695290954,0.14846949238227386,0.07632115444168448,-45.24624226570129,0.00014517477490070966,0.00011410184267910158,13,False,False,,True,D:\Coding\Python\DSCI_SEAS\Scripts\Exp4_System-Overhead\result_data\seed_2_20260726-190508\convergence\20260726-191235-514_controlled-5seed-resnet50-cifar10-20260726_seed-2_S1_medium.jsonl
controlled-5seed-resnet50-cifar10-20260726,controlled-5seed-resnet50-cifar10-20260726:seed-2:S1,2,S1,medium,39,71.90566039993428,3.3217704734389137,3.3217704734389137,3.9157851599999995,0.9789462899999999,0.5940146865610856,0.1485036716402714,0.07485092998482287,-46.46900451183319,1.5178766826422252e-05,0.00010247812792520597,13,False,True,stopping_criterion,True,D:\Coding\Python\DSCI_SEAS\Scripts\Exp4_System-Overhead\result_data\seed_2_20260726-190508\convergence\20260726-191235-514_controlled-5seed-resnet50-cifar10-20260726_seed-2_S1_medium.jsonl
controlled-5seed-resnet50-cifar10-20260726,controlled-5seed-resnet50-cifar10-20260726:seed-2:S2,2,S2,near,0,0.883288300014101,3.344405031789984,3.344405031789984,3.91555068,0.97888767,0.5711456482100159,0.14278641205250397,0.07489297900348901,-47.16410516738892,,,0,True,False,,True,D:\Coding\Python\DSCI_SEAS\Scripts\Exp4_System-Overhead\result_data\seed_2_20260726-190508\convergence\20260726-191440-296_controlled-5seed-resnet50-cifar10-20260726_seed-2_S2_near.jsonl
controlled-5seed-resnet50-cifar10-20260726,controlled-5seed-resnet50-cifar10-20260726:seed-2:S2,2,S2,near,1,1.7863850999856368,3.34413449071502,3.34413449071502,3.9150145765120006,0.9787536441280001,0.5708800857969807,0.14272002144924517,0.07109929140657187,-46.05566512107849,,,0,False,False,,True,D:\Coding\Python\DSCI_SEAS\Scripts\Exp4_System-Overhead\result_data\seed_2_20260726-190508\convergence\20260726-191440-296_controlled-5seed-resnet50-cifar10-20260726_seed-2_S2_near.jsonl
controlled-5seed-resnet50-cifar10-20260726,controlled-5seed-resnet50-cifar10-20260726:seed-2:S2,2,S2,near,2,2.689488900010474,3.344489868041972,3.344489868041972,3.9154715199999996,0.9788678799999999,0.5709816519580276,0.1427454129895069,0.06894448893144726,-44.89602670669556,,,2,True,False,,True,D:\Coding\Python\DSCI_SEAS\Scripts\Exp4_System-Overhead\result_data\seed_2_20260726-190508\convergence\20260726-191440-296_controlled-5seed-resnet50-cifar10-20260726_seed-2_S2_near.jsonl
controlled-5seed-resnet50-cifar10-20260726,controlled-5seed-resnet50-cifar10-20260726:seed-2:S2,2,S2,near,3,3.5892007999354973,3.344604741725957,3.344604741725957,3.9153819599999995,0.9788454899999999,0.5707772182740425,0.14269430456851062,0.06964803149923682,-44.49786618232727,,,3,True,False,,True,D:\Coding\Python\DSCI_SEAS\Scripts\Exp4_System-Overhead\result_data\seed_2_20260726-190508\convergence\20260726-191440-296_controlled-5seed-resnet50-cifar10-20260726_seed-2_S2_near.jsonl
controlled-5seed-resnet50-cifar10-20260726,controlled-5seed-resnet50-cifar10-20260726:seed-2:S2,2,S2,near,4,4.445753799984232,3.344615848489985,3.344615848489985,3.9157695200000004,0.9789423800000001,0.5711536715100152,0.1427884178775038,0.06995446184650063,-44.86658082008362,,,4,True,False,,True,D:\Coding\Python\DSCI_SEAS\Scripts\Exp4_System-Overhead\result_data\seed_2_20260726-190508\convergence\20260726-191440-296_controlled-5seed-resnet50-cifar10-20260726_seed-2_S2_near.jsonl
controlled-5seed-resnet50-cifar10-20260726,controlled-5seed-resnet50-cifar10-20260726:seed-2:S2,2,S2,near,5,5.31734059995506,3.344481347909986,3.344481347909986,3.91565588,0.97891397,0.5711745320900138,0.14279363302250345,0.0694503191486001,-45.56786877632141,,,4,False,False,,True,D:\Coding\Python\DSCI_SEAS\Scripts\Exp4_System-Overhead\result_data\seed_2_20260726-190508\convergence\20260726-191440-296_controlled-5seed-resnet50-cifar10-20260726_seed-2_S2_near.jsonl
controlled-5seed-resnet50-cifar10-20260726,controlled-5seed-resnet50-cifar10-20260726:seed-2:S2,2,S2,near,6,6.200328600010835,3.344224945915073,3.344224945915073,3.915211980736,0.978802995184,0.570987034820927,0.14274675870523176,0.0704188192822039,-46.288257694244386,,,4,False,False,,True,D:\Coding\Python\DSCI_SEAS\Scripts\Exp4_System-Overhead\result_data\seed_2_20260726-190508\convergence\20260726-191440-296_controlled-5seed-resnet50-cifar10-20260726_seed-2_S2_near.jsonl
controlled-5seed-resnet50-cifar10-20260726,controlled-5seed-resnet50-cifar10-20260726:seed-2:S2,2,S2,near,7,7.085401899996214,3.344004504197949,3.344004504197949,3.9146706799999995,0.9786676699999999,0.5706661758020504,0.1426665439505126,0.07163105575367808,-46.50211680412293,,,4,False,False,,True,D:\Coding\Python\DSCI_SEAS\Scripts\Exp4_System-Overhead\result_data\seed_2_20260726-190508\convergence\20260726-191440-296_controlled-5seed-resnet50-cifar10-20260726_seed-2_S2_near.jsonl
controlled-5seed-resnet50-cifar10-20260726,controlled-5seed-resnet50-cifar10-20260726:seed-2:S2,2,S2,near,8,7.96463419997599,3.344381496761962,3.344381496761962,3.9152155200000003,0.9788038800000001,0.5708340232380382,0.14270850580950956,0.0724729418195784,-46.0435834980011,,,4,False,False,,True,D:\Coding\Python\DSCI_SEAS\Scripts\Exp4_System-Overhead\result_data\seed_2_20260726-190508\convergence\20260726-191440-296_controlled-5seed-resnet50-cifar10-20260726_seed-2_S2_near.jsonl
controlled-5seed-resnet50-cifar10-20260726,controlled-5seed-resnet50-cifar10-20260726:seed-2:S2,2,S2,near,9,8.80734769999981,3.344128042609952,3.344128042609952,3.9148292,0.9787073,0.5707011573900479,0.14267528934751197,0.07251425063237547,-45.6097686958313,,,4,False,False,,True,D:\Coding\Python\DSCI_SEAS\Scripts\Exp4_System-Overhead\result_data\seed_2_20260726-190508\convergence\20260726-191440-296_controlled-5seed-resnet50-cifar10-20260726_seed-2_S2_near.jsonl
controlled-5seed-resnet50-cifar10-20260726,controlled-5seed-resnet50-cifar10-20260726:seed-2:S2,2,S2,near,10,9.687952499953099,3.344689054689977,3.344689054689977,3.9157304,0.9789326,0.5710413453100234,0.14276033632750584,0.07346370346844196,-45.755080165863035,,,10,True,False,,True,D:\Coding\Python\DSCI_SEAS\Scripts\Exp4_System-Overhead\result_data\seed_2_20260726-190508\convergence\20260726-191440-296_controlled-5seed-resnet50-cifar10-20260726_seed-2_S2_near.jsonl
controlled-5seed-resnet50-cifar10-20260726,controlled-5seed-resnet50-cifar10-20260726:seed-2:S2,2,S2,near,11,10.630882299970835,3.343842950738955,3.343842950738955,3.9151493003519997,0.9787873250879999,0.5713063496130446,0.14282658740326115,0.07265191806480288,-46.44077000617981,,,10,False,False,,True,D:\Coding\Python\DSCI_SEAS\Scripts\Exp4_System-Overhead\result_data\seed_2_20260726-190508\convergence\20260726-191440-296_controlled-5seed-resnet50-cifar10-20260726_seed-2_S2_near.jsonl
controlled-5seed-resnet50-cifar10-20260726,controlled-5seed-resnet50-cifar10-20260726:seed-2:S2,2,S2,near,12,11.47353119996842,3.3447433342899693,3.3447433342899693,3.9156883999999996,0.9789220999999999,0.5709450657100303,0.14273626642750759,0.07151879629120231,-47.37928155899048,,,12,True,False,,True,D:\Coding\Python\DSCI_SEAS\Scripts\Exp4_System-Overhead\result_data\seed_2_20260726-190508\convergence\20260726-191440-296_controlled-5seed-resnet50-cifar10-20260726_seed-2_S2_near.jsonl
controlled-5seed-resnet50-cifar10-20260726,controlled-5seed-resnet50-cifar10-20260726:seed-2:S2,2,S2,near,13,12.37572969996836,3.3443174994819627,3.3443174994819627,3.9151643600000003,0.9787910900000001,0.5708468605180375,0.14271171512950936,0.0718475759588182,-48.28666436195373,,,12,False,False,,True,D:\Coding\Python\DSCI_SEAS\Scripts\Exp4_System-Overhead\result_data\seed_2_20260726-190508\convergence\20260726-191440-296_controlled-5seed-resnet50-cifar10-20260726_seed-2_S2_near.jsonl
controlled-5seed-resnet50-cifar10-20260726,controlled-5seed-resnet50-cifar10-20260726:seed-2:S2,2,S2,near,14,13.236658799927682,3.3433614610535667,3.3433614610535667,3.9140057966080004,0.9785014491520001,0.5706443355544337,0.14266108388860843,0.07178332390263677,-48.936389436721804,,,12,False,False,,True,D:\Coding\Python\DSCI_SEAS\Scripts\Exp4_System-Overhead\result_data\seed_2_20260726-190508\convergence\20260726-191440-296_controlled-5seed-resnet50-cifar10-20260726_seed-2_S2_near.jsonl
controlled-5seed-resnet50-cifar10-20260726,controlled-5seed-resnet50-cifar10-20260726:seed-2:S2,2,S2,near,15,14.173879400012083,3.344842265870439,3.344842265870439,3.9159263029439995,0.9789815757359999,0.5710840370735606,0.14277100926839015,0.06959158066660166,-49.61139566421509,,,15,True,False,,True,D:\Coding\Python\DSCI_SEAS\Scripts\Exp4_System-Overhead\result_data\seed_2_20260726-190508\convergence\20260726-191440-296_controlled-5seed-resnet50-cifar10-20260726_seed-2_S2_near.jsonl
controlled-5seed-resnet50-cifar10-20260726,controlled-5seed-resnet50-cifar10-20260726:seed-2:S2,2,S2,near,16,15.01432799990289,3.3446370901619633,3.3446370901619633,3.9154871600000005,0.9788717900000001,0.5708500698380371,0.14271251745950927,0.06788408249616623,-50.55432553291321,,,15,False,False,,True,D:\Coding\Python\DSCI_SEAS\Scripts\Exp4_System-Overhead\result_data\seed_2_20260726-190508\convergence\20260726-191440-296_controlled-5seed-resnet50-cifar10-20260726_seed-2_S2_near.jsonl
controlled-5seed-resnet50-cifar10-20260726,controlled-5seed-resnet50-cifar10-20260726:seed-2:S2,2,S2,near,17,15.866306399926543,3.3442064444130866,3.3442064444130866,3.9151454216639996,0.9787863554159999,0.5709389772509128,0.1427347443127282,0.06794163690879941,-51.63692461013794,,,15,False,False,,True,D:\Coding\Python\DSCI_SEAS\Scripts\Exp4_System-Overhead\result_data\seed_2_20260726-190508\convergence\20260726-191440-296_controlled-5seed-resnet50-cifar10-20260726_seed-2_S2_near.jsonl
controlled-5seed-resnet50-cifar10-20260726,controlled-5seed-resnet50-cifar10-20260726:seed-2:S2,2,S2,near,18,16.754535599960946,3.344667896001972,3.344667896001972,3.9156399200000003,0.9789099800000001,0.5709720239980284,0.1427430059995071,0.06808545041829347,-52.15739468574524,,,15,False,False,,True,D:\Coding\Python\DSCI_SEAS\Scripts\Exp4_System-Overhead\result_data\seed_2_20260726-190508\convergence\20260726-191440-296_controlled-5seed-resnet50-cifar10-20260726_seed-2_S2_near.jsonl
controlled-5seed-resnet50-cifar10-20260726,controlled-5seed-resnet50-cifar10-20260726:seed-2:S2,2,S2,near,19,17.63455309998244,3.344211278865989,3.344211278865989,3.91542336,0.97885584,0.571212081134011,0.14280302028350275,0.06807414518669247,-51.83273510932922,,,15,False,False,,True,D:\Coding\Python\DSCI_SEAS\Scripts\Exp4_System-Overhead\result_data\seed_2_20260726-190508\convergence\20260726-191440-296_controlled-5seed-resnet50-cifar10-20260726_seed-2_S2_near.jsonl
controlled-5seed-resnet50-cifar10-20260726,controlled-5seed-resnet50-cifar10-20260726:seed-2:S2,2,S2,near,20,18.457948399940506,3.3445495798819693,3.3445495798819693,3.9154927199999996,0.9788731799999999,0.5709431401180304,0.1427357850295076,0.06783304013311862,-51.754179286956784,,,15,False,False,,True,D:\Coding\Python\DSCI_SEAS\Scripts\Exp4_System-Overhead\result_data\seed_2_20260726-190508\convergence\20260726-191440-296_controlled-5seed-resnet50-cifar10-20260726_seed-2_S2_near.jsonl
controlled-5seed-resnet50-cifar10-20260726,controlled-5seed-resnet50-cifar10-20260726:seed-2:S2,2,S2,near,21,19.308376199915074,3.344053462961953,3.344053462961953,3.9147751599999996,0.9786937899999999,0.5707216970380464,0.1426804242595116,0.06852051120251418,-52.257766771316525,,,15,False,False,,True,D:\Coding\Python\DSCI_SEAS\Scripts\Exp4_System-Overhead\result_data\seed_2_20260726-190508\convergence\20260726-191440-296_controlled-5seed-resnet50-cifar10-20260726_seed-2_S2_near.jsonl
controlled-5seed-resnet50-cifar10-20260726,controlled-5seed-resnet50-cifar10-20260726:seed-2:S2,2,S2,near,22,20.237663400010206,3.3441689212019465,3.3441689212019465,3.91478792,0.97869698,0.5706189987980538,0.14265474969951344,0.07173139290884137,-52.931318311691285,,,15,False,False,,True,D:\Coding\Python\DSCI_SEAS\Scripts\Exp4_System-Overhead\result_data\seed_2_20260726-190508\convergence\20260726-191440-296_controlled-5seed-resnet50-cifar10-20260726_seed-2_S2_near.jsonl
controlled-5seed-resnet50-cifar10-20260726,controlled-5seed-resnet50-cifar10-20260726:seed-2:S2,2,S2,near,23,21.2491510999389,3.344306996260321,3.344306996260321,3.9154392524959993,0.9788598131239998,0.5711322562356783,0.14278306405891958,0.07417247725650668,-53.132623014450076,,,15,False,False,,True,D:\Coding\Python\DSCI_SEAS\Scripts\Exp4_System-Overhead\result_data\seed_2_20260726-190508\convergence\20260726-191440-296_controlled-5seed-resnet50-cifar10-20260726_seed-2_S2_near.jsonl
controlled-5seed-resnet50-cifar10-20260726,controlled-5seed-resnet50-cifar10-20260726:seed-2:S2,2,S2,near,24,22.102849799906835,3.344553236677981,3.344553236677981,3.91565588,0.97891397,0.5711026433220189,0.14277566083050472,0.07534423852339386,-52.660356302261356,,,15,False,False,,True,D:\Coding\Python\DSCI_SEAS\Scripts\Exp4_System-Overhead\result_data\seed_2_20260726-190508\convergence\20260726-191440-296_controlled-5seed-resnet50-cifar10-20260726_seed-2_S2_near.jsonl
controlled-5seed-resnet50-cifar10-20260726,controlled-5seed-resnet50-cifar10-20260726:seed-2:S2,2,S2,near,25,22.943946599960327,3.344139681033985,3.344139681033985,3.91529592,0.97882398,0.571156238966015,0.14278905974150374,0.07512327721342445,-52.26411371231079,,,15,False,False,,True,D:\Coding\Python\DSCI_SEAS\Scripts\Exp4_System-Overhead\result_data\seed_2_20260726-190508\convergence\20260726-191440-296_controlled-5seed-resnet50-cifar10-20260726_seed-2_S2_near.jsonl
controlled-5seed-resnet50-cifar10-20260726,controlled-5seed-resnet50-cifar10-20260726:seed-2:S2,2,S2,near,26,23.824350000009872,3.343823655961948,3.343823655961948,3.91446512,0.97861628,0.5706414640380522,0.14266036600951304,0.07555322874337435,-52.448161611557005,,,15,False,False,,True,D:\Coding\Python\DSCI_SEAS\Scripts\Exp4_System-Overhead\result_data\seed_2_20260726-190508\convergence\20260726-191440-296_controlled-5seed-resnet50-cifar10-20260726_seed-2_S2_near.jsonl
controlled-5seed-resnet50-cifar10-20260726,controlled-5seed-resnet50-cifar10-20260726:seed-2:S2,2,S2,near,27,24.74271169991698,3.3445195877464227,3.3445195877464227,3.9157959417759995,0.9789489854439999,0.5712763540295768,0.1428190885073942,0.07732168333604932,-53.16567213058472,,,15,False,False,,True,D:\Coding\Python\DSCI_SEAS\Scripts\Exp4_System-Overhead\result_data\seed_2_20260726-190508\convergence\20260726-191440-296_controlled-5seed-resnet50-cifar10-20260726_seed-2_S2_near.jsonl
controlled-5seed-resnet50-cifar10-20260726,controlled-5seed-resnet50-cifar10-20260726:seed-2:S2,2,S2,near,28,25.5570563999936,3.3447544054459755,3.3447544054459755,3.9157851599999995,0.9789462899999999,0.5710307545540241,0.14275768863850602,0.07876922147348524,-53.82184208869934,,,15,False,False,,True,D:\Coding\Python\DSCI_SEAS\Scripts\Exp4_System-Overhead\result_data\seed_2_20260726-190508\convergence\20260726-191440-296_controlled-5seed-resnet50-cifar10-20260726_seed-2_S2_near.jsonl
controlled-5seed-resnet50-cifar10-20260726,controlled-5seed-resnet50-cifar10-20260726:seed-2:S2,2,S2,near,29,26.401023200014606,3.343911074320359,3.343911074320359,3.9151243372160005,0.9787810843040001,0.5712132628956412,0.1428033157239103,0.07740496437996626,-53.893829851150514,,,15,False,False,max_epochs,True,D:\Coding\Python\DSCI_SEAS\Scripts\Exp4_System-Overhead\result_data\seed_2_20260726-190508\convergence\20260726-191440-296_controlled-5seed-resnet50-cifar10-20260726_seed-2_S2_near.jsonl
controlled-5seed-resnet50-cifar10-20260726,controlled-5seed-resnet50-cifar10-20260726:seed-3:S0,3,S0,cold,0,2.972174399998039,2.0043392580075534,2.0043392580075534,2.9724476397127555,0.7431119099281889,0.9681083817052021,0.24202709542630052,5.257493813196818,-0.17156143442789715,,,0,True,False,,True,D:\Coding\Python\DSCI_SEAS\Scripts\Exp4_System-Overhead\result_data\seed_3_20260726-191606\convergence\20260726-191606-673_controlled-5seed-resnet50-cifar10-20260726_seed-3_S0_cold.jsonl
controlled-5seed-resnet50-cifar10-20260726,controlled-5seed-resnet50-cifar10-20260726:seed-3:S0,3,S0,cold,1,5.979077200056054,2.0740005202286365,2.0740005202286365,3.032571229256077,0.7581428073140193,0.9585707090274406,0.23964267725686014,5.25724180094401,-0.1724467638731003,,,1,True,False,,True,D:\Coding\Python\DSCI_SEAS\Scripts\Exp4_System-Overhead\result_data\seed_3_20260726-191606\convergence\20260726-191606-673_controlled-5seed-resnet50-cifar10-20260726_seed-3_S0_cold.jsonl
controlled-5seed-resnet50-cifar10-20260726,controlled-5seed-resnet50-cifar10-20260726:seed-3:S0,3,S0,cold,2,9.096464700065553,2.0841548352403994,2.0841548352403994,3.139057066542149,0.7847642666355372,1.0549022313017493,0.26372555782543733,5.2566024681727095,-0.1729065002600352,,,2,True,False,,True,D:\Coding\Python\DSCI_SEAS\Scripts\Exp4_System-Overhead\result_data\seed_3_20260726-191606\convergence\20260726-191606-673_controlled-5seed-resnet50-cifar10-20260726_seed-3_S0_cold.jsonl
controlled-5seed-resnet50-cifar10-20260726,controlled-5seed-resnet50-cifar10-20260726:seed-3:S0,3,S0,cold,3,12.14620120008476,2.0768019863198983,2.0768019863198983,3.201975432163632,0.800493858040908,1.1251734458437337,0.2812933614609334,5.255445711771647,-0.1788998614947001,,,2,False,False,,True,D:\Coding\Python\DSCI_SEAS\Scripts\Exp4_System-Overhead\result_data\seed_3_20260726-191606\convergence\20260726-191606-673_controlled-5seed-resnet50-cifar10-20260726_seed-3_S0_cold.jsonl
controlled-5seed-resnet50-cifar10-20260726,controlled-5seed-resnet50-cifar10-20260726:seed-3:S0,3,S0,cold,4,15.03994899999816,2.0287312497533287,2.0287312497533287,3.324857589655168,0.831214397413792,1.2961263399018392,0.3240315849754598,5.25332354482015,-0.18935194281737008,,,2,False,False,,True,D:\Coding\Python\DSCI_SEAS\Scripts\Exp4_System-Overhead\result_data\seed_3_20260726-191606\convergence\20260726-191606-673_controlled-5seed-resnet50-cifar10-20260726_seed-3_S0_cold.jsonl
controlled-5seed-resnet50-cifar10-20260726,controlled-5seed-resnet50-cifar10-20260726:seed-3:S0,3,S0,cold,5,18.024248200003058,1.969909074914606,1.969909074914606,2.956753531878416,0.739188382969604,0.98684445696381,0.2467111142409525,5.249563796361287,-0.212081467906634,,,2,False,False,,True,D:\Coding\Python\DSCI_SEAS\Scripts\Exp4_System-Overhead\result_data\seed_3_20260726-191606\convergence\20260726-191606-673_controlled-5seed-resnet50-cifar10-20260726_seed-3_S0_cold.jsonl
controlled-5seed-resnet50-cifar10-20260726,controlled-5seed-resnet50-cifar10-20260726:seed-3:S0,3,S0,cold,6,21.014056000043638,2.123993549608169,2.123993549608169,3.3505702278746305,0.8376425569686576,1.226576678266461,0.3066441695666153,5.243462678273519,-0.25175437557697294,,,6,True,False,,True,D:\Coding\Python\DSCI_SEAS\Scripts\Exp4_System-Overhead\result_data\seed_3_20260726-191606\convergence\20260726-191606-673_controlled-5seed-resnet50-cifar10-20260726_seed-3_S0_cold.jsonl
controlled-5seed-resnet50-cifar10-20260726,controlled-5seed-resnet50-cifar10-20260726:seed-3:S0,3,S0,cold,7,24.080473000067286,2.1872885721087325,2.1872885721087325,3.2684309138188956,0.8171077284547239,1.0811423417101633,0.27028558542754083,5.234255342165629,-0.29115589531262714,,,7,True,False,,True,D:\Coding\Python\DSCI_SEAS\Scripts\Exp4_System-Overhead\result_data\seed_3_20260726-191606\convergence\20260726-191606-673_controlled-5seed-resnet50-cifar10-20260726_seed-3_S0_cold.jsonl
controlled-5seed-resnet50-cifar10-20260726,controlled-5seed-resnet50-cifar10-20260726:seed-3:S0,3,S0,cold,8,27.185651100007817,2.21598406921669,2.21598406921669,3.3879098924274955,0.8469774731068739,1.1719258232108056,0.2929814558027014,5.220995195070903,-0.3466565200885137,,,8,True,False,,True,D:\Coding\Python\DSCI_SEAS\Scripts\Exp4_System-Overhead\result_data\seed_3_20260726-191606\convergence\20260726-191606-673_controlled-5seed-resnet50-cifar10-20260726_seed-3_S0_cold.jsonl
controlled-5seed-resnet50-cifar10-20260726,controlled-5seed-resnet50-cifar10-20260726:seed-3:S0,3,S0,cold,9,30.481053699972108,2.045859157786936,2.045859157786936,3.1070651246456036,0.7767662811614009,1.0612059668586675,0.2653014917146669,5.203306636492411,-0.40874595669905345,,,8,False,False,,True,D:\Coding\Python\DSCI_SEAS\Scripts\Exp4_System-Overhead\result_data\seed_3_20260726-191606\convergence\20260726-191606-673_controlled-5seed-resnet50-cifar10-20260726_seed-3_S0_cold.jsonl
controlled-5seed-resnet50-cifar10-20260726,controlled-5seed-resnet50-cifar10-20260726:seed-3:S0,3,S0,cold,10,33.77512330003083,2.0868019308882806,2.0868019308882806,3.1548921635338356,0.7887230408834589,1.068090232645555,0.26702255816138876,5.179666179656983,-0.4567012975613276,,,8,False,False,,True,D:\Coding\Python\DSCI_SEAS\Scripts\Exp4_System-Overhead\result_data\seed_3_20260726-191606\convergence\20260726-191606-673_controlled-5seed-resnet50-cifar10-20260726_seed-3_S0_cold.jsonl
controlled-5seed-resnet50-cifar10-20260726,controlled-5seed-resnet50-cifar10-20260726:seed-3:S0,3,S0,cold,11,37.05367799999658,2.5890847735957516,2.5890847735957516,3.4591054171795985,0.8647763542948996,0.870020643583847,0.21750516089596175,5.150169657707214,-0.528325518488884,,,11,True,False,,True,D:\Coding\Python\DSCI_SEAS\Scripts\Exp4_System-Overhead\result_data\seed_3_20260726-191606\convergence\20260726-191606-673_controlled-5seed-resnet50-cifar10-20260726_seed-3_S0_cold.jsonl
controlled-5seed-resnet50-cifar10-20260726,controlled-5seed-resnet50-cifar10-20260726:seed-3:S0,3,S0,cold,12,40.35111809999216,2.341221088022584,2.341221088022584,3.653778760944147,0.9134446902360368,1.3125576729215631,0.3281394182303908,5.117610943158468,-0.5916798490683238,,,11,False,False,,True,D:\Coding\Python\DSCI_SEAS\Scripts\Exp4_System-Overhead\result_data\seed_3_20260726-191606\convergence\20260726-191606-673_controlled-5seed-resnet50-cifar10-20260726_seed-3_S0_cold.jsonl
controlled-5seed-resnet50-cifar10-20260726,controlled-5seed-resnet50-cifar10-20260726:seed-3:S0,3,S0,cold,13,43.60235429997556,2.4540621499121396,2.4540621499121396,3.1594807602435204,0.7898701900608801,0.7054186103313808,0.1763546525828452,5.075498324712117,-0.6519130781491598,,,11,False,False,,True,D:\Coding\Python\DSCI_SEAS\Scripts\Exp4_System-Overhead\result_data\seed_3_20260726-191606\convergence\20260726-191606-673_controlled-5seed-resnet50-cifar10-20260726_seed-3_S0_cold.jsonl
controlled-5seed-resnet50-cifar10-20260726,controlled-5seed-resnet50-cifar10-20260726:seed-3:S0,3,S0,cold,14,46.854565800051205,2.473337249484281,2.473337249484281,3.7610774715041453,0.9402693678760363,1.2877402220198642,0.32193505550496604,5.0297116467158,-0.6604729622602463,,,11,False,False,,True,D:\Coding\Python\DSCI_SEAS\Scripts\Exp4_System-Overhead\result_data\seed_3_20260726-191606\convergence\20260726-191606-673_controlled-5seed-resnet50-cifar10-20260726_seed-3_S0_cold.jsonl
controlled-5seed-resnet50-cifar10-20260726,controlled-5seed-resnet50-cifar10-20260726:seed-3:S0,3,S0,cold,15,50.19676129997242,2.567902889627865,2.567902889627865,3.312753304710707,0.8281883261776768,0.7448504150828422,0.18621260377071056,4.975342811266581,-0.6908653372923533,,,11,False,False,,True,D:\Coding\Python\DSCI_SEAS\Scripts\Exp4_System-Overhead\result_data\seed_3_20260726-191606\convergence\20260726-191606-673_controlled-5seed-resnet50-cifar10-20260726_seed-3_S0_cold.jsonl
controlled-5seed-resnet50-cifar10-20260726,controlled-5seed-resnet50-cifar10-20260726:seed-3:S0,3,S0,cold,16,53.544673299998976,2.5839980572069936,2.5839980572069936,3.3747944155158174,0.8436986038789543,0.7907963583088238,0.19769908957720594,4.906986417770386,-0.7571381467183431,,,11,False,False,,True,D:\Coding\Python\DSCI_SEAS\Scripts\Exp4_System-Overhead\result_data\seed_3_20260726-191606\convergence\20260726-191606-673_controlled-5seed-resnet50-cifar10-20260726_seed-3_S0_cold.jsonl
controlled-5seed-resnet50-cifar10-20260726,controlled-5seed-resnet50-cifar10-20260726:seed-3:S0,3,S0,cold,17,57.01585910003632,2.763186463261548,2.763186463261548,3.555914025482739,0.8889785063706848,0.792727562221191,0.19818189055529775,4.830980286598206,-0.7982934822241465,,,17,True,False,,True,D:\Coding\Python\DSCI_SEAS\Scripts\Exp4_System-Overhead\result_data\seed_3_20260726-191606\convergence\20260726-191606-673_controlled-5seed-resnet50-cifar10-20260726_seed-3_S0_cold.jsonl
controlled-5seed-resnet50-cifar10-20260726,controlled-5seed-resnet50-cifar10-20260726:seed-3:S0,3,S0,cold,18,60.334408800001256,2.7963226132138397,2.7963226132138397,3.71188144444205,0.9279703611105125,0.91555883122821,0.2288897078070525,4.741780292828878,-0.8222679071426392,,,18,True,False,,True,D:\Coding\Python\DSCI_SEAS\Scripts\Exp4_System-Overhead\result_data\seed_3_20260726-191606\convergence\20260726-191606-673_controlled-5seed-resnet50-cifar10-20260726_seed-3_S0_cold.jsonl
controlled-5seed-resnet50-cifar10-20260726,controlled-5seed-resnet50-cifar10-20260726:seed-3:S0,3,S0,cold,19,63.562603599973954,2.7717908514134884,2.7717908514134884,3.622474026801661,0.9056185067004152,0.8506831753881725,0.21267079384704313,4.639045430183411,-0.8645975500742594,,,18,False,False,,True,D:\Coding\Python\DSCI_SEAS\Scripts\Exp4_System-Overhead\result_data\seed_3_20260726-191606\convergence\20260726-191606-673_controlled-5seed-resnet50-cifar10-20260726_seed-3_S0_cold.jsonl
controlled-5seed-resnet50-cifar10-20260726,controlled-5seed-resnet50-cifar10-20260726:seed-3:S0,3,S0,cold,20,66.91086270008236,2.879340442760312,2.879340442760312,3.8798546027264003,0.9699636506816001,1.000514159966088,0.250128539991522,4.532042915980021,-0.9575128177404404,,,20,True,False,,True,D:\Coding\Python\DSCI_SEAS\Scripts\Exp4_System-Overhead\result_data\seed_3_20260726-191606\convergence\20260726-191606-673_controlled-5seed-resnet50-cifar10-20260726_seed-3_S0_cold.jsonl
controlled-5seed-resnet50-cifar10-20260726,controlled-5seed-resnet50-cifar10-20260726:seed-3:S0,3,S0,cold,21,70.18907359999139,2.865954292884569,2.865954292884569,3.8331055391229825,0.9582763847807456,0.9671512462384136,0.2417878115596034,4.430496192296346,-1.0332363224029542,,,20,False,False,,True,D:\Coding\Python\DSCI_SEAS\Scripts\Exp4_System-Overhead\result_data\seed_3_20260726-191606\convergence\20260726-191606-673_controlled-5seed-resnet50-cifar10-20260726_seed-3_S0_cold.jsonl
controlled-5seed-resnet50-cifar10-20260726,controlled-5seed-resnet50-cifar10-20260726:seed-3:S0,3,S0,cold,22,73.50783220003359,2.8604472073828044,2.8604472073828044,3.6976756060520626,0.9244189015130156,0.8372283986692582,0.20930709966731456,4.330572980562846,-1.16204181488355,,,20,False,False,,True,D:\Coding\Python\DSCI_SEAS\Scripts\Exp4_System-Overhead\result_data\seed_3_20260726-191606\convergence\20260726-191606-673_controlled-5seed-resnet50-cifar10-20260726_seed-3_S0_cold.jsonl
controlled-5seed-resnet50-cifar10-20260726,controlled-5seed-resnet50-cifar10-20260726:seed-3:S0,3,S0,cold,23,76.8532965000486,3.0635391729929555,3.0635391729929555,3.850226512999066,0.9625566282497665,0.7866873400061106,0.19667183500152766,4.230703917503357,-1.2762728396256764,,,23,True,False,,True,D:\Coding\Python\DSCI_SEAS\Scripts\Exp4_System-Overhead\result_data\seed_3_20260726-191606\convergence\20260726-191606-673_controlled-5seed-resnet50-cifar10-20260726_seed-3_S0_cold.jsonl
controlled-5seed-resnet50-cifar10-20260726,controlled-5seed-resnet50-cifar10-20260726:seed-3:S0,3,S0,cold,24,80.14097329997458,3.1033396047396824,3.1033396047396824,3.8251693877764206,0.9562923469441051,0.7218297830367384,0.1804574457591846,4.126064673423767,-1.4016353468100229,,,24,True,False,,True,D:\Coding\Python\DSCI_SEAS\Scripts\Exp4_System-Overhead\result_data\seed_3_20260726-191606\convergence\20260726-191606-673_controlled-5seed-resnet50-cifar10-20260726_seed-3_S0_cold.jsonl
controlled-5seed-resnet50-cifar10-20260726,controlled-5seed-resnet50-cifar10-20260726:seed-3:S0,3,S0,cold,25,83.41109910001978,3.001507234465001,3.001507234465001,3.8723030484262146,0.9680757621065537,0.8707958139612136,0.2176989534903034,4.028250421682993,-1.5258241640726726,,,24,False,False,,True,D:\Coding\Python\DSCI_SEAS\Scripts\Exp4_System-Overhead\result_data\seed_3_20260726-191606\convergence\20260726-191606-673_controlled-5seed-resnet50-cifar10-20260726_seed-3_S0_cold.jsonl
controlled-5seed-resnet50-cifar10-20260726,controlled-5seed-resnet50-cifar10-20260726:seed-3:S0,3,S0,cold,26,86.7561352000339,3.0331845862080966,3.0331845862080966,3.8269043960260474,0.9567260990065118,0.7937198098179505,0.19842995245448763,3.924450839996338,-1.6258237274487812,,,24,False,False,,True,D:\Coding\Python\DSCI_SEAS\Scripts\Exp4_System-Overhead\result_data\seed_3_20260726-191606\convergence\20260726-191606-673_controlled-5seed-resnet50-cifar10-20260726_seed-3_S0_cold.jsonl
controlled-5seed-resnet50-cifar10-20260726,controlled-5seed-resnet50-cifar10-20260726:seed-3:S0,3,S0,cold,27,90.01592040003743,3.015240841594792,3.015240841594792,3.814908905849696,0.953727226462424,0.7996680642549041,0.19991701606372603,3.823609293460846,-1.8253367512226104,,,24,False,False,,True,D:\Coding\Python\DSCI_SEAS\Scripts\Exp4_System-Overhead\result_data\seed_3_20260726-191606\convergence\20260726-191606-673_controlled-5seed-resnet50-cifar10-20260726_seed-3_S0_cold.jsonl
controlled-5seed-resnet50-cifar10-20260726,controlled-5seed-resnet50-cifar10-20260726:seed-3:S0,3,S0,cold,28,93.34354290005285,3.149363829998659,3.149363829998659,3.869301332770247,0.9673253331925618,0.7199375027715883,0.17998437569289708,3.7246111192703246,-2.0033229445616403,,,28,True,False,,True,D:\Coding\Python\DSCI_SEAS\Scripts\Exp4_System-Overhead\result_data\seed_3_20260726-191606\convergence\20260726-191606-673_controlled-5seed-resnet50-cifar10-20260726_seed-3_S0_cold.jsonl
controlled-5seed-resnet50-cifar10-20260726,controlled-5seed-resnet50-cifar10-20260726:seed-3:S0,3,S0,cold,29,96.64990620000754,3.0725565636785097,3.0725565636785097,3.883646436906112,0.970911609226528,0.8110898732276022,0.20277246830690054,3.62255193567276,-2.0896972182591758,,,28,False,False,,True,D:\Coding\Python\DSCI_SEAS\Scripts\Exp4_System-Overhead\result_data\seed_3_20260726-191606\convergence\20260726-191606-673_controlled-5seed-resnet50-cifar10-20260726_seed-3_S0_cold.jsonl
controlled-5seed-resnet50-cifar10-20260726,controlled-5seed-resnet50-cifar10-20260726:seed-3:S0,3,S0,cold,30,99.95347890001722,3.1577868066249275,3.1577868066249275,3.8800047133422337,0.9700011783355584,0.722217906717306,0.1805544766793265,3.5151721091270445,-2.2092616686820983,,,30,True,False,,True,D:\Coding\Python\DSCI_SEAS\Scripts\Exp4_System-Overhead\result_data\seed_3_20260726-191606\convergence\20260726-191606-673_controlled-5seed-resnet50-cifar10-20260726_seed-3_S0_cold.jsonl
controlled-5seed-resnet50-cifar10-20260726,controlled-5seed-resnet50-cifar10-20260726:seed-3:S0,3,S0,cold,31,103.29719359998126,3.1160057715087213,3.1160057715087213,3.847449934595123,0.9618624836487808,0.7314441630864018,0.18286104077160045,3.40830939467748,-2.3936411250432332,,,30,False,False,,True,D:\Coding\Python\DSCI_SEAS\Scripts\Exp4_System-Overhead\result_data\seed_3_20260726-191606\convergence\20260726-191606-673_controlled-5seed-resnet50-cifar10-20260726_seed-3_S0_cold.jsonl
controlled-5seed-resnet50-cifar10-20260726,controlled-5seed-resnet50-cifar10-20260726:seed-3:S0,3,S0,cold,32,106.69016270001885,3.1574302862918184,3.1574302862918184,3.8814327760639995,0.9703581940159999,0.7240024897721813,0.18100062244304532,3.3000498056411742,-2.5589137598673504,,,30,False,False,,True,D:\Coding\Python\DSCI_SEAS\Scripts\Exp4_System-Overhead\result_data\seed_3_20260726-191606\convergence\20260726-191606-673_controlled-5seed-resnet50-cifar10-20260726_seed-3_S0_cold.jsonl
controlled-5seed-resnet50-cifar10-20260726,controlled-5seed-resnet50-cifar10-20260726:seed-3:S0,3,S0,cold,33,109.92204660002608,3.131758110075963,3.131758110075963,3.8349257966766275,0.9587314491691569,0.7031676866006646,0.17579192165016616,3.185349588235219,-2.7330876688957213,,,30,False,False,,True,D:\Coding\Python\DSCI_SEAS\Scripts\Exp4_System-Overhead\result_data\seed_3_20260726-191606\convergence\20260726-191606-673_controlled-5seed-resnet50-cifar10-20260726_seed-3_S0_cold.jsonl
controlled-5seed-resnet50-cifar10-20260726,controlled-5seed-resnet50-cifar10-20260726:seed-3:S0,3,S0,cold,34,113.24560480006039,3.1600782976787425,3.1600782976787425,3.8919015397505925,0.9729753849376481,0.73182324207185,0.1829558105179625,3.0417817436854047,-2.78747394100825,,,34,True,False,,True,D:\Coding\Python\DSCI_SEAS\Scripts\Exp4_System-Overhead\result_data\seed_3_20260726-191606\convergence\20260726-191606-673_controlled-5seed-resnet50-cifar10-20260726_seed-3_S0_cold.jsonl
controlled-5seed-resnet50-cifar10-20260726,controlled-5seed-resnet50-cifar10-20260726:seed-3:S0,3,S0,cold,35,116.81635820004158,3.16888245433313,3.16888245433313,3.895659089808539,0.9739147724521348,0.7267766354754088,0.1816941588688522,2.907308072090149,-2.9071898854573566,,,35,True,False,,True,D:\Coding\Python\DSCI_SEAS\Scripts\Exp4_System-Overhead\result_data\seed_3_20260726-191606\convergence\20260726-191606-673_controlled-5seed-resnet50-cifar10-20260726_seed-3_S0_cold.jsonl
controlled-5seed-resnet50-cifar10-20260726,controlled-5seed-resnet50-cifar10-20260726:seed-3:S0,3,S0,cold,36,120.17293950007297,3.1853732875250778,3.1853732875250778,3.9093892709426687,0.9773473177356672,0.724015983417591,0.18100399585439775,2.779619030157725,-3.0525382555325824,,,36,True,False,,True,D:\Coding\Python\DSCI_SEAS\Scripts\Exp4_System-Overhead\result_data\seed_3_20260726-191606\convergence\20260726-191606-673_controlled-5seed-resnet50-cifar10-20260726_seed-3_S0_cold.jsonl
controlled-5seed-resnet50-cifar10-20260726,controlled-5seed-resnet50-cifar10-20260726:seed-3:S0,3,S0,cold,37,131.37550520000514,3.1897080637116018,3.1897080637116018,3.895219209512,0.973804802378,0.7055111458003983,0.17637778645009958,2.6615960839589436,-3.2311203866004945,,,37,True,False,,True,D:\Coding\Python\DSCI_SEAS\Scripts\Exp4_System-Overhead\result_data\seed_3_20260726-191606\convergence\20260726-191606-673_controlled-5seed-resnet50-cifar10-20260726_seed-3_S0_cold.jsonl
controlled-5seed-resnet50-cifar10-20260726,controlled-5seed-resnet50-cifar10-20260726:seed-3:S0,3,S0,cold,38,134.46867720002774,3.178843383239462,3.178843383239462,3.8993147868960003,0.9748286967240001,0.7204714036565385,0.18011785091413463,2.548887703895569,-3.3874053297042845,,,37,False,False,,True,D:\Coding\Python\DSCI_SEAS\Scripts\Exp4_System-Overhead\result_data\seed_3_20260726-191606\convergence\20260726-191606-673_controlled-5seed-resnet50-cifar10-20260726_seed-3_S0_cold.jsonl
controlled-5seed-resnet50-cifar10-20260726,controlled-5seed-resnet50-cifar10-20260726:seed-3:S0,3,S0,cold,39,137.47825400007423,3.192734503893936,3.192734503893936,3.8995059050000003,0.9748764762500001,0.706771401106064,0.176692850276516,2.435953605333964,-3.5909757032394407,0.3340120052416584,0.034628245866294094,39,True,False,,True,D:\Coding\Python\DSCI_SEAS\Scripts\Exp4_System-Overhead\result_data\seed_3_20260726-191606\convergence\20260726-191606-673_controlled-5seed-resnet50-cifar10-20260726_seed-3_S0_cold.jsonl
controlled-5seed-resnet50-cifar10-20260726,controlled-5seed-resnet50-cifar10-20260726:seed-3:S0,3,S0,cold,40,140.47166809998453,3.187574695619312,3.187574695619312,3.89321868532948,0.97330467133237,0.7056439897101676,0.1764109974275419,2.3226818478902183,-3.747317267894745,0.31577895353792246,0.03162036466260251,39,False,False,,True,D:\Coding\Python\DSCI_SEAS\Scripts\Exp4_System-Overhead\result_data\seed_3_20260726-191606\convergence\20260726-191606-673_controlled-5seed-resnet50-cifar10-20260726_seed-3_S0_cold.jsonl
controlled-5seed-resnet50-cifar10-20260726,controlled-5seed-resnet50-cifar10-20260726:seed-3:S0,3,S0,cold,41,143.44737599999644,3.196635272929594,3.196635272929594,3.901826551856,0.975456637964,0.7051912789264058,0.17629781973160144,2.2065082712173463,-3.887641702016195,0.300929890680665,0.026992826558905596,41,True,False,,True,D:\Coding\Python\DSCI_SEAS\Scripts\Exp4_System-Overhead\result_data\seed_3_20260726-191606\convergence\20260726-191606-673_controlled-5seed-resnet50-cifar10-20260726_seed-3_S0_cold.jsonl
controlled-5seed-resnet50-cifar10-20260726,controlled-5seed-resnet50-cifar10-20260726:seed-3:S0,3,S0,cold,42,146.43124409997836,3.192127359494382,3.192127359494382,3.8973052706787206,0.9743263176696801,0.7051779111843386,0.17629447779608465,2.0835619819959006,-3.905316257953644,0.28699822081245374,0.019731943380006636,41,False,False,,True,D:\Coding\Python\DSCI_SEAS\Scripts\Exp4_System-Overhead\result_data\seed_3_20260726-191606\convergence\20260726-191606-673_controlled-5seed-resnet50-cifar10-20260726_seed-3_S0_cold.jsonl
controlled-5seed-resnet50-cifar10-20260726,controlled-5seed-resnet50-cifar10-20260726:seed-3:S0,3,S0,cold,43,149.45934619999025,3.206634312910837,3.206634312910837,3.9111403753919998,0.9777850938479999,0.7045060624811625,0.17612651562029064,1.9598546067873637,-4.059398006439209,0.2643112445240291,0.019643649023489872,43,True,False,,True,D:\Coding\Python\DSCI_SEAS\Scripts\Exp4_System-Overhead\result_data\seed_3_20260726-191606\convergence\20260726-191606-673_controlled-5seed-resnet50-cifar10-20260726_seed-3_S0_cold.jsonl
controlled-5seed-resnet50-cifar10-20260726,controlled-5seed-resnet50-cifar10-20260726:seed-3:S0,3,S0,cold,44,152.6834938999964,3.203637800869429,3.203637800869429,3.9079910381990333,0.9769977595497583,0.704353237329604,0.176088309332401,1.847772984902064,-4.079846498807271,0.23951310047400987,0.0198983334303236,43,False,False,,True,D:\Coding\Python\DSCI_SEAS\Scripts\Exp4_System-Overhead\result_data\seed_3_20260726-191606\convergence\20260726-191606-673_controlled-5seed-resnet50-cifar10-20260726_seed-3_S0_cold.jsonl
controlled-5seed-resnet50-cifar10-20260726,controlled-5seed-resnet50-cifar10-20260726:seed-3:S0,3,S0,cold,45,155.9103172000032,3.2067220783572266,3.2067220783572266,3.91181380128,0.97795345032,0.7050917229227738,0.17627293073069344,1.7415940010547637,-4.279393228212992,0.2187798239859653,0.017286262360829783,45,True,False,,True,D:\Coding\Python\DSCI_SEAS\Scripts\Exp4_System-Overhead\result_data\seed_3_20260726-191606\convergence\20260726-191606-673_controlled-5seed-resnet50-cifar10-20260726_seed-3_S0_cold.jsonl
controlled-5seed-resnet50-cifar10-20260726,controlled-5seed-resnet50-cifar10-20260726:seed-3:S0,3,S0,cold,46,159.11474310001358,3.2049804349746975,3.2049804349746975,3.9103189088640002,0.9775797272160001,0.7053384738893028,0.1763346184723257,1.6416523881753287,-4.568002089818319,0.201007727445085,0.015098939402271364,45,False,False,,True,D:\Coding\Python\DSCI_SEAS\Scripts\Exp4_System-Overhead\result_data\seed_3_20260726-191606\convergence\20260726-191606-673_controlled-5seed-resnet50-cifar10-20260726_seed-3_S0_cold.jsonl
controlled-5seed-resnet50-cifar10-20260726,controlled-5seed-resnet50-cifar10-20260726:seed-3:S0,3,S0,cold,47,162.3437481999863,3.2040676914876163,3.2040676914876163,3.9095618464640003,0.9773904616160001,0.7054941549763841,0.17637353874409603,1.5421935173670451,-4.7437804441452025,0.18595411988184354,0.010789273151935555,45,False,False,,True,D:\Coding\Python\DSCI_SEAS\Scripts\Exp4_System-Overhead\result_data\seed_3_20260726-191606\convergence\20260726-191606-673_controlled-5seed-resnet50-cifar10-20260726_seed-3_S0_cold.jsonl
controlled-5seed-resnet50-cifar10-20260726,controlled-5seed-resnet50-cifar10-20260726:seed-3:S0,3,S0,cold,48,165.49233490007464,3.2074014128547392,3.2074014128547392,3.912243517464,0.978060879366,0.7048421046092606,0.17621052615231514,1.4430346430937449,-4.873001546223958,0.1666888309298402,0.01088000222937918,48,True,False,,True,D:\Coding\Python\DSCI_SEAS\Scripts\Exp4_System-Overhead\result_data\seed_3_20260726-191606\convergence\20260726-191606-673_controlled-5seed-resnet50-cifar10-20260726_seed-3_S0_cold.jsonl
controlled-5seed-resnet50-cifar10-20260726,controlled-5seed-resnet50-cifar10-20260726:seed-3:S0,3,S0,cold,49,168.68932620005216,3.2077855803816213,3.2077855803816213,3.9120874420959995,0.9780218605239999,0.704301861714378,0.1760754654285945,1.3419431517918905,-4.962016131401062,0.14753315065647357,0.00809125505182088,49,True,False,,True,D:\Coding\Python\DSCI_SEAS\Scripts\Exp4_System-Overhead\result_data\seed_3_20260726-191606\convergence\20260726-191606-673_controlled-5seed-resnet50-cifar10-20260726_seed-3_S0_cold.jsonl
controlled-5seed-resnet50-cifar10-20260726,controlled-5seed-resnet50-cifar10-20260726:seed-3:S0,3,S0,cold,50,171.90082209999673,3.207386160325486,3.207386160325486,3.9118084614588158,0.9779521153647039,0.7044223011333297,0.17610557528333243,1.255554962714513,-5.0342627007166545,0.12667490440937237,0.008040638004619958,49,False,False,,True,D:\Coding\Python\DSCI_SEAS\Scripts\Exp4_System-Overhead\result_data\seed_3_20260726-191606\convergence\20260726-191606-673_controlled-5seed-resnet50-cifar10-20260726_seed-3_S0_cold.jsonl
controlled-5seed-resnet50-cifar10-20260726,controlled-5seed-resnet50-cifar10-20260726:seed-3:S0,3,S0,cold,51,175.31925970001612,3.209040537308166,3.209040537308166,3.9147875140800004,0.9786968785200001,0.7057469767718343,0.17643674419295857,1.1887314807573954,-5.2389540812174475,0.11790264000318107,0.006443844357816699,51,True,False,,True,D:\Coding\Python\DSCI_SEAS\Scripts\Exp4_System-Overhead\result_data\seed_3_20260726-191606\convergence\20260726-191606-673_controlled-5seed-resnet50-cifar10-20260726_seed-3_S0_cold.jsonl
controlled-5seed-resnet50-cifar10-20260726,controlled-5seed-resnet50-cifar10-20260726:seed-3:S0,3,S0,cold,52,178.51473719999194,3.208151840104617,3.208151840104617,3.913101868176,0.978275467044,0.7049500280713834,0.17623750701784585,1.1307183650334676,-5.501853918711344,0.10301620038588954,0.006104777369847456,51,False,False,,True,D:\Coding\Python\DSCI_SEAS\Scripts\Exp4_System-Overhead\result_data\seed_3_20260726-191606\convergence\20260726-191606-673_controlled-5seed-resnet50-cifar10-20260726_seed-3_S0_cold.jsonl
controlled-5seed-resnet50-cifar10-20260726,controlled-5seed-resnet50-cifar10-20260726:seed-3:S0,3,S0,cold,53,181.69053320004605,3.205770731945061,3.205770731945061,3.9114171742079997,0.9778542935519999,0.705646442262939,0.17641161056573476,1.0800988936424256,-5.7683211530049645,0.09151601113927454,0.004319964905041717,51,False,False,,True,D:\Coding\Python\DSCI_SEAS\Scripts\Exp4_System-Overhead\result_data\seed_3_20260726-191606\convergence\20260726-191606-673_controlled-5seed-resnet50-cifar10-20260726_seed-3_S0_cold.jsonl
controlled-5seed-resnet50-cifar10-20260726,controlled-5seed-resnet50-cifar10-20260726:seed-3:S0,3,S0,cold,54,184.8568144000601,3.207947736439438,3.207947736439438,3.9132990176000004,0.9783247544000001,0.705351281160562,0.1763378202901405,1.033540806531906,-6.146332999229431,0.07967279225643102,0.0035189326324503016,51,False,False,,True,D:\Coding\Python\DSCI_SEAS\Scripts\Exp4_System-Overhead\result_data\seed_3_20260726-191606\convergence\20260726-191606-673_controlled-5seed-resnet50-cifar10-20260726_seed-3_S0_cold.jsonl
controlled-5seed-resnet50-cifar10-20260726,controlled-5seed-resnet50-cifar10-20260726:seed-3:S0,3,S0,cold,55,188.0784094000701,3.208309765068647,3.208309765068647,3.9124850349280003,0.9781212587320001,0.7041752698593534,0.17604381746483835,1.0017276078859965,-6.490914435068766,0.06949039415219802,0.0028546755617450733,51,False,False,,True,D:\Coding\Python\DSCI_SEAS\Scripts\Exp4_System-Overhead\result_data\seed_3_20260726-191606\convergence\20260726-191606-673_controlled-5seed-resnet50-cifar10-20260726_seed-3_S0_cold.jsonl
controlled-5seed-resnet50-cifar10-20260726,controlled-5seed-resnet50-cifar10-20260726:seed-3:S0,3,S0,cold,56,191.2413097000681,3.2105958890230566,3.2105958890230566,3.9153047686880003,0.9788261921720001,0.7047088796649438,0.17617721991623594,0.9612369678417841,-6.509753784497579,0.05926854372758315,0.002712652548624074,56,True,False,,True,D:\Coding\Python\DSCI_SEAS\Scripts\Exp4_System-Overhead\result_data\seed_3_20260726-191606\convergence\20260726-191606-673_controlled-5seed-resnet50-cifar10-20260726_seed-3_S0_cold.jsonl
controlled-5seed-resnet50-cifar10-20260726,controlled-5seed-resnet50-cifar10-20260726:seed-3:S0,3,S0,cold,57,194.43943210004363,3.20641593342976,3.20641593342976,3.91176968352,0.97794242088,0.7053537500902405,0.17633843752256012,0.9321014124155045,-6.822778002738953,0.052121765971217544,0.002584038856866238,56,False,False,,True,D:\Coding\Python\DSCI_SEAS\Scripts\Exp4_System-Overhead\result_data\seed_3_20260726-191606\convergence\20260726-191606-673_controlled-5seed-resnet50-cifar10-20260726_seed-3_S0_cold.jsonl
controlled-5seed-resnet50-cifar10-20260726,controlled-5seed-resnet50-cifar10-20260726:seed-3:S0,3,S0,cold,58,197.63740790006705,3.209164934847911,3.209164934847911,3.9136048,0.9784012,0.704439865152089,0.17610996628802225,0.9088764451742172,-7.188858611742655,0.04604726497290686,0.0019741025281527365,56,False,False,,True,D:\Coding\Python\DSCI_SEAS\Scripts\Exp4_System-Overhead\result_data\seed_3_20260726-191606\convergence\20260726-191606-673_controlled-5seed-resnet50-cifar10-20260726_seed-3_S0_cold.jsonl
controlled-5seed-resnet50-cifar10-20260726,controlled-5seed-resnet50-cifar10-20260726:seed-3:S0,3,S0,cold,59,201.47519630007446,3.209741831586072,3.209741831586072,3.910063,0.97751575,0.700321168413928,0.175080292103482,0.8886411411364873,-7.48417294661204,0.039184448382578896,0.0018280607618194234,56,False,False,,True,D:\Coding\Python\DSCI_SEAS\Scripts\Exp4_System-Overhead\result_data\seed_3_20260726-191606\convergence\20260726-191606-673_controlled-5seed-resnet50-cifar10-20260726_seed-3_S0_cold.jsonl
controlled-5seed-resnet50-cifar10-20260726,controlled-5seed-resnet50-cifar10-20260726:seed-3:S0,3,S0,cold,60,205.74563979997765,3.210885421331084,3.210885421331084,3.9151289703599996,0.9787822425899999,0.7042435490289154,0.17606088725722885,0.8616352122624715,-7.504491975466411,0.034393429752287416,0.0013775846735018273,60,True,False,,True,D:\Coding\Python\DSCI_SEAS\Scripts\Exp4_System-Overhead\result_data\seed_3_20260726-191606\convergence\20260726-191606-673_controlled-5seed-resnet50-cifar10-20260726_seed-3_S0_cold.jsonl
controlled-5seed-resnet50-cifar10-20260726,controlled-5seed-resnet50-cifar10-20260726:seed-3:S0,3,S0,cold,61,210.04189370002132,3.2079871508178854,3.2079871508178854,3.9134323424799997,0.9783580856199999,0.7054451916621143,0.17636129791552857,0.8445791767040889,-7.7980540599823,0.02908707873013545,0.0011998921192887542,60,False,False,,True,D:\Coding\Python\DSCI_SEAS\Scripts\Exp4_System-Overhead\result_data\seed_3_20260726-191606\convergence\20260726-191606-673_controlled-5seed-resnet50-cifar10-20260726_seed-3_S0_cold.jsonl
controlled-5seed-resnet50-cifar10-20260726,controlled-5seed-resnet50-cifar10-20260726:seed-3:S0,3,S0,cold,62,214.23759709997103,3.2086372810714523,3.2086372810714523,3.913903959304,0.978475989826,0.705266678232548,0.176316669558137,0.8264475037256876,-8.08853160826365,0.02390274018196264,0.0005940640219885472,60,False,False,,True,D:\Coding\Python\DSCI_SEAS\Scripts\Exp4_System-Overhead\result_data\seed_3_20260726-191606\convergence\20260726-191606-673_controlled-5seed-resnet50-cifar10-20260726_seed-3_S0_cold.jsonl
controlled-5seed-resnet50-cifar10-20260726,controlled-5seed-resnet50-cifar10-20260726:seed-3:S0,3,S0,cold,63,218.51728090003598,3.208906948604829,3.208906948604829,3.9141598746720003,0.9785399686680001,0.7052529260671713,0.17631323151679282,0.8056269084215164,-8.333497969945272,0.021605760878047393,0.0005968359912016149,60,False,False,,True,D:\Coding\Python\DSCI_SEAS\Scripts\Exp4_System-Overhead\result_data\seed_3_20260726-191606\convergence\20260726-191606-673_controlled-5seed-resnet50-cifar10-20260726_seed-3_S0_cold.jsonl
controlled-5seed-resnet50-cifar10-20260726,controlled-5seed-resnet50-cifar10-20260726:seed-3:S0,3,S0,cold,64,222.85349500004668,3.208395847198722,3.208395847198722,3.9134157466640005,0.9783539366660001,0.7050198994652783,0.17625497486631958,0.7784135800202687,-8.513046821594239,0.020052315243857168,0.0005233609509702978,60,False,False,,True,D:\Coding\Python\DSCI_SEAS\Scripts\Exp4_System-Overhead\result_data\seed_3_20260726-191606\convergence\20260726-191606-673_controlled-5seed-resnet50-cifar10-20260726_seed-3_S0_cold.jsonl
controlled-5seed-resnet50-cifar10-20260726,controlled-5seed-resnet50-cifar10-20260726:seed-3:S0,3,S0,cold,65,227.1629725000821,3.2087221671410733,3.2087221671410733,3.9132740799999994,0.9783185199999999,0.7045519128589262,0.17613797821473154,0.7474660294453302,-8.966756497065226,0.01676670031190403,0.0005188198047264517,60,False,False,,True,D:\Coding\Python\DSCI_SEAS\Scripts\Exp4_System-Overhead\result_data\seed_3_20260726-191606\convergence\20260726-191606-673_controlled-5seed-resnet50-cifar10-20260726_seed-3_S0_cold.jsonl
controlled-5seed-resnet50-cifar10-20260726,controlled-5seed-resnet50-cifar10-20260726:seed-3:S0,3,S0,cold,66,231.41561010002624,3.2105194362250145,3.2105194362250145,3.9157011599999993,0.9789252899999998,0.7051817237749848,0.1762954309437462,0.7258012214104335,-9.615059495925903,0.014093610278110845,0.0004974180146829065,60,False,False,,True,D:\Coding\Python\DSCI_SEAS\Scripts\Exp4_System-Overhead\result_data\seed_3_20260726-191606\convergence\20260726-191606-673_controlled-5seed-resnet50-cifar10-20260726_seed-3_S0_cold.jsonl
controlled-5seed-resnet50-cifar10-20260726,controlled-5seed-resnet50-cifar10-20260726:seed-3:S0,3,S0,cold,67,235.99000340001658,3.2090964582333097,3.2090964582333097,3.9134584400000003,0.9783646100000001,0.7043619817666907,0.17609049544167268,0.7160737152894338,-10.066314266204834,0.011155526260199325,0.0003971555098332408,60,False,False,,True,D:\Coding\Python\DSCI_SEAS\Scripts\Exp4_System-Overhead\result_data\seed_3_20260726-191606\convergence\20260726-191606-673_controlled-5seed-resnet50-cifar10-20260726_seed-3_S0_cold.jsonl
controlled-5seed-resnet50-cifar10-20260726,controlled-5seed-resnet50-cifar10-20260726:seed-3:S0,3,S0,cold,68,240.4551277999999,3.2100100399455753,3.2100100399455753,3.914236587872,0.978559146968,0.7042265479264245,0.17605663698160612,0.7054541903734207,-10.58340466562907,0.010272724513412197,0.0004002330020206175,60,False,False,,True,D:\Coding\Python\DSCI_SEAS\Scripts\Exp4_System-Overhead\result_data\seed_3_20260726-191606\convergence\20260726-191606-673_controlled-5seed-resnet50-cifar10-20260726_seed-3_S0_cold.jsonl
controlled-5seed-resnet50-cifar10-20260726,controlled-5seed-resnet50-cifar10-20260726:seed-3:S0,3,S0,cold,69,244.84346270002425,3.210355048330411,3.210355048330411,3.9153884041279996,0.9788471010319999,0.7050333557975884,0.1762583389493971,0.678271346728007,-10.87422527440389,0.008166899984087464,0.0004104521778496825,60,False,False,,True,D:\Coding\Python\DSCI_SEAS\Scripts\Exp4_System-Overhead\result_data\seed_3_20260726-191606\convergence\20260726-191606-673_controlled-5seed-resnet50-cifar10-20260726_seed-3_S0_cold.jsonl
controlled-5seed-resnet50-cifar10-20260726,controlled-5seed-resnet50-cifar10-20260726:seed-3:S0,3,S0,cold,70,249.18814720003866,3.2108804987782618,3.2108804987782618,3.9149751572159994,0.9787437893039999,0.7040946584377377,0.17602366460943442,0.6523152930736542,-11.166390211105346,0.007436823408169468,0.00042039211747337934,60,False,False,,True,D:\Coding\Python\DSCI_SEAS\Scripts\Exp4_System-Overhead\result_data\seed_3_20260726-191606\convergence\20260726-191606-673_controlled-5seed-resnet50-cifar10-20260726_seed-3_S0_cold.jsonl
controlled-5seed-resnet50-cifar10-20260726,controlled-5seed-resnet50-cifar10-20260726:seed-3:S0,3,S0,cold,71,253.390687600011,3.210521483051782,3.210521483051782,3.914541145018176,0.978635286254544,0.7040196619663939,0.17600491549159847,0.6285308735370636,-11.276232383728027,0.005990938835357032,0.0004333065521080607,60,False,False,,True,D:\Coding\Python\DSCI_SEAS\Scripts\Exp4_System-Overhead\result_data\seed_3_20260726-191606\convergence\20260726-191606-673_controlled-5seed-resnet50-cifar10-20260726_seed-3_S0_cold.jsonl
controlled-5seed-resnet50-cifar10-20260726,controlled-5seed-resnet50-cifar10-20260726:seed-3:S0,3,S0,cold,72,257.6368820000207,3.2107159787188735,3.2107159787188735,3.91555068,0.97888767,0.7048347012811266,0.17620867532028164,0.6098618768056234,-11.077501738230387,0.005231946717084266,0.00044235893415364074,60,False,False,,True,D:\Coding\Python\DSCI_SEAS\Scripts\Exp4_System-Overhead\result_data\seed_3_20260726-191606\convergence\20260726-191606-673_controlled-5seed-resnet50-cifar10-20260726_seed-3_S0_cold.jsonl
controlled-5seed-resnet50-cifar10-20260726,controlled-5seed-resnet50-cifar10-20260726:seed-3:S0,3,S0,cold,73,261.7656534999842,3.209937336305961,3.209937336305961,3.914427195648,0.978606798912,0.7044898593420389,0.17612246483550972,0.5814206417798996,-11.753874172846476,0.00413323954121816,0.00037127335926811,60,False,False,,True,D:\Coding\Python\DSCI_SEAS\Scripts\Exp4_System-Overhead\result_data\seed_3_20260726-191606\convergence\20260726-191606-673_controlled-5seed-resnet50-cifar10-20260726_seed-3_S0_cold.jsonl
controlled-5seed-resnet50-cifar10-20260726,controlled-5seed-resnet50-cifar10-20260726:seed-3:S0,3,S0,cold,74,265.8706640000455,3.211186581802383,3.211186581802383,3.91579648,0.97894912,0.7046098981976171,0.17615247454940428,0.5431636648178101,-12.281955951054892,0.0034324819290303126,0.0003754161839392859,74,True,False,,True,D:\Coding\Python\DSCI_SEAS\Scripts\Exp4_System-Overhead\result_data\seed_3_20260726-191606\convergence\20260726-191606-673_controlled-5seed-resnet50-cifar10-20260726_seed-3_S0_cold.jsonl
controlled-5seed-resnet50-cifar10-20260726,controlled-5seed-resnet50-cifar10-20260726:seed-3:S0,3,S0,cold,75,270.10450200003106,3.2103106437444904,3.2103106437444904,3.914631680768,0.978657920192,0.7043210370235096,0.1760802592558774,0.5095985898971558,-12.769811690648396,0.0028456786640920074,0.0003678492940290632,74,False,False,,True,D:\Coding\Python\DSCI_SEAS\Scripts\Exp4_System-Overhead\result_data\seed_3_20260726-191606\convergence\20260726-191606-673_controlled-5seed-resnet50-cifar10-20260726_seed-3_S0_cold.jsonl
controlled-5seed-resnet50-cifar10-20260726,controlled-5seed-resnet50-cifar10-20260726:seed-3:S0,3,S0,cold,76,274.4914431000361,3.2109452475053035,3.2109452475053035,3.91522828,0.97880707,0.7042830324946965,0.17607075812367412,0.47528479613860447,-13.55769297281901,0.002456132207238159,0.00037294005521722493,74,False,False,,True,D:\Coding\Python\DSCI_SEAS\Scripts\Exp4_System-Overhead\result_data\seed_3_20260726-191606\convergence\20260726-191606-673_controlled-5seed-resnet50-cifar10-20260726_seed-3_S0_cold.jsonl
controlled-5seed-resnet50-cifar10-20260726,controlled-5seed-resnet50-cifar10-20260726:seed-3:S0,3,S0,cold,77,279.0495228000218,3.2109388078534735,3.2109388078534735,3.915295276096,0.978823819024,0.7043564682425265,0.17608911706063163,0.4464188031554222,-14.740950258890788,0.002265257818135415,0.0003011108756309796,74,False,False,,True,D:\Coding\Python\DSCI_SEAS\Scripts\Exp4_System-Overhead\result_data\seed_3_20260726-191606\convergence\20260726-191606-673_controlled-5seed-resnet50-cifar10-20260726_seed-3_S0_cold.jsonl
controlled-5seed-resnet50-cifar10-20260726,controlled-5seed-resnet50-cifar10-20260726:seed-3:S0,3,S0,cold,78,283.1395159000531,3.2100144815132965,3.2100144815132965,3.9142031599999996,0.9785507899999999,0.7041886784867032,0.1760471696216758,0.43844087115923563,-16.42081693458557,0.0018042829567497677,0.0002966309738736018,74,False,False,,True,D:\Coding\Python\DSCI_SEAS\Scripts\Exp4_System-Overhead\result_data\seed_3_20260726-191606\convergence\20260726-191606-673_controlled-5seed-resnet50-cifar10-20260726_seed-3_S0_cold.jsonl
controlled-5seed-resnet50-cifar10-20260726,controlled-5seed-resnet50-cifar10-20260726:seed-3:S0,3,S0,cold,79,287.1629739999771,3.211184283397308,3.211184283397308,3.9155375999999995,0.9788843999999999,0.7043533166026914,0.17608832915067285,0.4247165276408196,-17.710573272705076,0.0015609828081020215,0.0003080052424763638,74,False,False,,True,D:\Coding\Python\DSCI_SEAS\Scripts\Exp4_System-Overhead\result_data\seed_3_20260726-191606\convergence\20260726-191606-673_controlled-5seed-resnet50-cifar10-20260726_seed-3_S0_cold.jsonl
controlled-5seed-resnet50-cifar10-20260726,controlled-5seed-resnet50-cifar10-20260726:seed-3:S0,3,S0,cold,80,291.2532035000622,3.2110150099730164,3.2110150099730164,3.9151348431839996,0.9787837107959999,0.7041198332109834,0.17602995830274584,0.40587570224205655,-19.409107662200928,0.001198907127082322,0.0003099165827436788,74,False,False,,True,D:\Coding\Python\DSCI_SEAS\Scripts\Exp4_System-Overhead\result_data\seed_3_20260726-191606\convergence\20260726-191606-673_controlled-5seed-resnet50-cifar10-20260726_seed-3_S0_cold.jsonl
controlled-5seed-resnet50-cifar10-20260726,controlled-5seed-resnet50-cifar10-20260726:seed-3:S0,3,S0,cold,81,295.43436770001426,3.2114689714053135,3.2114689714053135,3.9158884,0.9789721,0.7044194285946866,0.17610485714867166,0.396893417318662,-20.905985280354816,0.001075983648281206,0.0002888507150715414,81,True,False,,True,D:\Coding\Python\DSCI_SEAS\Scripts\Exp4_System-Overhead\result_data\seed_3_20260726-191606\convergence\20260726-191606-673_controlled-5seed-resnet50-cifar10-20260726_seed-3_S0_cold.jsonl
controlled-5seed-resnet50-cifar10-20260726,controlled-5seed-resnet50-cifar10-20260726:seed-3:S0,3,S0,cold,82,299.5275740000652,3.2113683094983627,3.2113683094983627,3.9158123890239995,0.9789530972559999,0.7044440795256367,0.17611101988140918,0.38988868399461113,-22.90175709406535,0.0008609191806126357,0.00027696082521747365,81,False,False,,True,D:\Coding\Python\DSCI_SEAS\Scripts\Exp4_System-Overhead\result_data\seed_3_20260726-191606\convergence\20260726-191606-673_controlled-5seed-resnet50-cifar10-20260726_seed-3_S0_cold.jsonl
controlled-5seed-resnet50-cifar10-20260726,controlled-5seed-resnet50-cifar10-20260726:seed-3:S0,3,S0,cold,83,303.70670440001413,3.210143531861307,3.210143531861307,3.9144801599999997,0.9786200399999999,0.7043366281386927,0.17608415703467317,0.3738213550051053,-24.553578525543212,0.0008447391063860853,0.0002583442824700832,81,False,False,,True,D:\Coding\Python\DSCI_SEAS\Scripts\Exp4_System-Overhead\result_data\seed_3_20260726-191606\convergence\20260726-191606-673_controlled-5seed-resnet50-cifar10-20260726_seed-3_S0_cold.jsonl
controlled-5seed-resnet50-cifar10-20260726,controlled-5seed-resnet50-cifar10-20260726:seed-3:S0,3,S0,cold,84,307.79894680005964,3.211110390825315,3.211110390825315,3.91555068,0.97888767,0.704440289174685,0.17611007229367126,0.3604637036720912,-26.603786251068115,0.0008128255088720278,0.0002197000663913691,81,False,False,,True,D:\Coding\Python\DSCI_SEAS\Scripts\Exp4_System-Overhead\result_data\seed_3_20260726-191606\convergence\20260726-191606-673_controlled-5seed-resnet50-cifar10-20260726_seed-3_S0_cold.jsonl
controlled-5seed-resnet50-cifar10-20260726,controlled-5seed-resnet50-cifar10-20260726:seed-3:S0,3,S0,cold,85,311.8494031999726,3.211372925717303,3.211372925717303,3.9156428000000005,0.9789107000000001,0.7042698742826974,0.17606746857067435,0.3517068637013435,-29.96438037745158,0.0008229414858354457,0.00018534701990840054,81,False,False,,True,D:\Coding\Python\DSCI_SEAS\Scripts\Exp4_System-Overhead\result_data\seed_3_20260726-191606\convergence\20260726-191606-673_controlled-5seed-resnet50-cifar10-20260726_seed-3_S0_cold.jsonl
controlled-5seed-resnet50-cifar10-20260726,controlled-5seed-resnet50-cifar10-20260726:seed-3:S0,3,S0,cold,86,316.1820758000249,3.2112566918053203,3.2112566918053203,3.9157724,0.9789431,0.7045157081946798,0.17612892704866995,0.35396941590309144,-29.746996960957844,0.0007480370760911337,0.00018944492565283459,81,False,False,,True,D:\Coding\Python\DSCI_SEAS\Scripts\Exp4_System-Overhead\result_data\seed_3_20260726-191606\convergence\20260726-191606-673_controlled-5seed-resnet50-cifar10-20260726_seed-3_S0_cold.jsonl
controlled-5seed-resnet50-cifar10-20260726,controlled-5seed-resnet50-cifar10-20260726:seed-3:S0,3,S0,cold,87,320.5671380000422,3.2106776386423332,3.2106776386423332,3.91537064,0.97884266,0.7046930013576667,0.17617325033941666,0.35887204110622406,-27.170940156300862,0.0006942533512704531,0.00015146194302005192,81,False,False,,True,D:\Coding\Python\DSCI_SEAS\Scripts\Exp4_System-Overhead\result_data\seed_3_20260726-191606\convergence\20260726-191606-673_controlled-5seed-resnet50-cifar10-20260726_seed-3_S0_cold.jsonl
controlled-5seed-resnet50-cifar10-20260726,controlled-5seed-resnet50-cifar10-20260726:seed-3:S0,3,S0,cold,88,324.7390753000509,3.2110205835413246,3.2110205835413246,3.91560112,0.97890028,0.7045805364586751,0.17614513411466878,0.37590199836095173,-27.334036389668782,0.0006693225737860206,0.00014208816315110633,81,False,False,,True,D:\Coding\Python\DSCI_SEAS\Scripts\Exp4_System-Overhead\result_data\seed_3_20260726-191606\convergence\20260726-191606-673_controlled-5seed-resnet50-cifar10-20260726_seed-3_S0_cold.jsonl
controlled-5seed-resnet50-cifar10-20260726,controlled-5seed-resnet50-cifar10-20260726:seed-3:S0,3,S0,cold,89,328.8595923000248,3.2111328585583525,3.2111328585583525,3.91609448,0.97902362,0.7049616214416473,0.17624040536041183,0.39464971409241356,-29.961040172576904,0.0006413779157593083,0.00013949515182768124,81,False,False,,True,D:\Coding\Python\DSCI_SEAS\Scripts\Exp4_System-Overhead\result_data\seed_3_20260726-191606\convergence\20260726-191606-673_controlled-5seed-resnet50-cifar10-20260726_seed-3_S0_cold.jsonl
controlled-5seed-resnet50-cifar10-20260726,controlled-5seed-resnet50-cifar10-20260726:seed-3:S0,3,S0,cold,90,333.0345087000169,3.2112462088373097,3.2112462088373097,3.915625199999999,0.9789062999999998,0.7043789911626895,0.17609474779067238,0.41219246900081635,-30.337492374420165,0.0005925949265886352,0.00014194078668144353,81,False,False,,True,D:\Coding\Python\DSCI_SEAS\Scripts\Exp4_System-Overhead\result_data\seed_3_20260726-191606\convergence\20260726-191606-673_controlled-5seed-resnet50-cifar10-20260726_seed-3_S0_cold.jsonl
controlled-5seed-resnet50-cifar10-20260726,controlled-5seed-resnet50-cifar10-20260726:seed-3:S0,3,S0,cold,91,337.43687870004214,3.21106135051939,3.21106135051939,3.91574604,0.97893651,0.7046846894806102,0.17617117237015256,0.4243190671404203,-27.86591288503011,0.0005779183768998521,0.00014007392806171791,81,False,False,,True,D:\Coding\Python\DSCI_SEAS\Scripts\Exp4_System-Overhead\result_data\seed_3_20260726-191606\convergence\20260726-191606-673_controlled-5seed-resnet50-cifar10-20260726_seed-3_S0_cold.jsonl
controlled-5seed-resnet50-cifar10-20260726,controlled-5seed-resnet50-cifar10-20260726:seed-3:S0,3,S0,cold,92,341.5534387000371,3.2105498218093107,3.2105498218093107,3.9149381199999995,0.9787345299999999,0.7043882981906888,0.1760970745476722,0.41143243098258975,-27.613505339304606,0.0005353564418722739,0.00014160956102294558,81,False,False,,True,D:\Coding\Python\DSCI_SEAS\Scripts\Exp4_System-Overhead\result_data\seed_3_20260726-191606\convergence\20260726-191606-673_controlled-5seed-resnet50-cifar10-20260726_seed-3_S0_cold.jsonl
controlled-5seed-resnet50-cifar10-20260726,controlled-5seed-resnet50-cifar10-20260726:seed-3:S0,3,S0,cold,93,345.13203540001996,3.2110717103493087,3.2110717103493087,3.91542952,0.97885738,0.7043578096506911,0.17608945241267276,0.3958997218410174,-29.68499257405599,0.00048808167263718696,0.00012418302502452817,81,False,False,,True,D:\Coding\Python\DSCI_SEAS\Scripts\Exp4_System-Overhead\result_data\seed_3_20260726-191606\convergence\20260726-191606-673_controlled-5seed-resnet50-cifar10-20260726_seed-3_S0_cold.jsonl
controlled-5seed-resnet50-cifar10-20260726,controlled-5seed-resnet50-cifar10-20260726:seed-3:S0,3,S0,cold,94,350.05772769998293,3.210788624585299,3.210788624585299,3.91501068,0.97875267,0.7042220554147008,0.1760555138536752,0.3901929686864217,-29.85734447224935,0.0004314010757820326,0.00012350200982748545,81,False,False,,True,D:\Coding\Python\DSCI_SEAS\Scripts\Exp4_System-Overhead\result_data\seed_3_20260726-191606\convergence\20260726-191606-673_controlled-5seed-resnet50-cifar10-20260726_seed-3_S0_cold.jsonl
controlled-5seed-resnet50-cifar10-20260726,controlled-5seed-resnet50-cifar10-20260726:seed-3:S0,3,S0,cold,95,355.5828815000132,3.210943686421305,3.210943686421305,3.9152546399999997,0.9788136599999999,0.7043109535786944,0.1760777383946736,0.3684425740838051,-28.00908701578776,0.0004100794447740826,0.00011520383457876494,81,False,False,,True,D:\Coding\Python\DSCI_SEAS\Scripts\Exp4_System-Overhead\result_data\seed_3_20260726-191606\convergence\20260726-191606-673_controlled-5seed-resnet50-cifar10-20260726_seed-3_S0_cold.jsonl
controlled-5seed-resnet50-cifar10-20260726,controlled-5seed-resnet50-cifar10-20260726:seed-3:S0,3,S0,cold,96,361.0349451000802,3.2102700186793105,3.2102700186793105,3.9144542784320002,0.9786135696080001,0.7041842597526897,0.17604606493817243,0.35059434368213016,-28.140053853352864,0.000394116252447652,0.00012452214163487466,81,False,False,,True,D:\Coding\Python\DSCI_SEAS\Scripts\Exp4_System-Overhead\result_data\seed_3_20260726-191606\convergence\20260726-191606-673_controlled-5seed-resnet50-cifar10-20260726_seed-3_S0_cold.jsonl
controlled-5seed-resnet50-cifar10-20260726,controlled-5seed-resnet50-cifar10-20260726:seed-3:S0,3,S0,cold,97,367.0225361000048,3.2112275976332985,3.2112275976332985,3.91544516,0.97886129,0.7042175623667013,0.17605439059167532,0.3512362777789434,-30.589709663391112,0.00032813481258943064,0.0001261328527068798,81,False,False,,True,D:\Coding\Python\DSCI_SEAS\Scripts\Exp4_System-Overhead\result_data\seed_3_20260726-191606\convergence\20260726-191606-673_controlled-5seed-resnet50-cifar10-20260726_seed-3_S0_cold.jsonl
controlled-5seed-resnet50-cifar10-20260726,controlled-5seed-resnet50-cifar10-20260726:seed-3:S0,3,S0,cold,98,372.23346240003593,3.2110347610773142,3.2110347610773142,3.9154715199999996,0.9788678799999999,0.7044367589226854,0.17610918973067136,0.3494136696457863,-30.9680310681661,0.00033078991479110214,0.00010716573290605663,81,False,False,,True,D:\Coding\Python\DSCI_SEAS\Scripts\Exp4_System-Overhead\result_data\seed_3_20260726-191606\convergence\20260726-191606-673_controlled-5seed-resnet50-cifar10-20260726_seed-3_S0_cold.jsonl
controlled-5seed-resnet50-cifar10-20260726,controlled-5seed-resnet50-cifar10-20260726:seed-3:S0,3,S0,cold,99,377.8935315000126,3.211512832517305,3.211512832517305,3.9158147999999997,0.9789536999999999,0.704301967482695,0.17607549187067376,0.33903697041670483,-28.844120232899982,0.00031343201422710234,0.00011215014822551392,99,True,False,,True,D:\Coding\Python\DSCI_SEAS\Scripts\Exp4_System-Overhead\result_data\seed_3_20260726-191606\convergence\20260726-191606-673_controlled-5seed-resnet50-cifar10-20260726_seed-3_S0_cold.jsonl
controlled-5seed-resnet50-cifar10-20260726,controlled-5seed-resnet50-cifar10-20260726:seed-3:S0,3,S0,cold,100,383.69553150003776,3.210732628997291,3.210732628997291,3.9148292000000007,0.9787073000000002,0.7040965710027098,0.17602414275067746,0.3226116540233294,-28.44752950668335,0.0003070144373851265,0.00011376056801722867,99,False,False,,True,D:\Coding\Python\DSCI_SEAS\Scripts\Exp4_System-Overhead\result_data\seed_3_20260726-191606\convergence\20260726-191606-673_controlled-5seed-resnet50-cifar10-20260726_seed-3_S0_cold.jsonl
controlled-5seed-resnet50-cifar10-20260726,controlled-5seed-resnet50-cifar10-20260726:seed-3:S0,3,S0,cold,101,389.8181503000669,3.210764152421294,3.210764152421294,3.91491464,0.97872866,0.7041504875787061,0.17603762189467653,0.3131350796620051,-30.542448791503908,0.00024178915503186195,0.00010964234205182516,99,False,False,,True,D:\Coding\Python\DSCI_SEAS\Scripts\Exp4_System-Overhead\result_data\seed_3_20260726-191606\convergence\20260726-191606-673_controlled-5seed-resnet50-cifar10-20260726_seed-3_S0_cold.jsonl
controlled-5seed-resnet50-cifar10-20260726,controlled-5seed-resnet50-cifar10-20260726:seed-3:S0,3,S0,cold,102,395.96362659998704,3.2104460205733147,3.2104460205733147,3.91488984,0.97872246,0.7044438194266849,0.17611095485667122,0.3084848836859067,-30.735678358713784,0.0001848793709709302,0.00011102602706243244,99,False,False,,True,D:\Coding\Python\DSCI_SEAS\Scripts\Exp4_System-Overhead\result_data\seed_3_20260726-191606\convergence\20260726-191606-673_controlled-5seed-resnet50-cifar10-20260726_seed-3_S0_cold.jsonl
controlled-5seed-resnet50-cifar10-20260726,controlled-5seed-resnet50-cifar10-20260726:seed-3:S0,3,S0,cold,103,402.33390740002505,3.2107632029101048,3.2107632029101048,3.9149239176799995,0.9787309794199999,0.704160714769895,0.17604017869247374,0.2970256500641505,-28.64242199707031,0.0001752677428251413,9.715785355942535e-05,99,False,False,,True,D:\Coding\Python\DSCI_SEAS\Scripts\Exp4_System-Overhead\result_data\seed_3_20260726-191606\convergence\20260726-191606-673_controlled-5seed-resnet50-cifar10-20260726_seed-3_S0_cold.jsonl
controlled-5seed-resnet50-cifar10-20260726,controlled-5seed-resnet50-cifar10-20260726:seed-3:S0,3,S0,cold,104,408.2560834999895,3.2116496741733194,3.2116496741733194,3.9161576799999995,0.9790394199999999,0.7045080058266803,0.17612700145667007,0.2943076984286308,-28.719343676249185,0.0001413832858586263,0.00010780777481206713,104,True,False,,True,D:\Coding\Python\DSCI_SEAS\Scripts\Exp4_System-Overhead\result_data\seed_3_20260726-191606\convergence\20260726-191606-673_controlled-5seed-resnet50-cifar10-20260726_seed-3_S0_cold.jsonl
controlled-5seed-resnet50-cifar10-20260726,controlled-5seed-resnet50-cifar10-20260726:seed-3:S0,3,S0,cold,105,414.41522770002484,3.210481943349303,3.210481943349303,3.9147595199999996,0.9786898799999999,0.7042775766506969,0.17606939416267423,0.3002880160411199,-31.266452045440673,8.622139572632705e-05,0.0001088638273263284,104,False,True,stopping_criterion,True,D:\Coding\Python\DSCI_SEAS\Scripts\Exp4_System-Overhead\result_data\seed_3_20260726-191606\convergence\20260726-191606-673_controlled-5seed-resnet50-cifar10-20260726_seed-3_S0_cold.jsonl
controlled-5seed-resnet50-cifar10-20260726,controlled-5seed-resnet50-cifar10-20260726:seed-3:S1,3,S1,medium,0,2.8064289001049474,3.32127260600767,3.32127260600767,3.9154350155519997,0.9788587538879999,0.59416240954433,0.1485406023860825,0.30028668630868194,-31.267151958942414,,,0,True,False,,True,D:\Coding\Python\DSCI_SEAS\Scripts\Exp4_System-Overhead\result_data\seed_3_20260726-191606\convergence\20260726-192418-554_controlled-5seed-resnet50-cifar10-20260726_seed-3_S1_medium.jsonl
controlled-5seed-resnet50-cifar10-20260726,controlled-5seed-resnet50-cifar10-20260726:seed-3:S1,3,S1,medium,1,5.503295200061984,3.3209356109408867,3.3209356109408867,3.914725255952,0.978681313988,0.5937896450111133,0.14844741125277833,0.271003428325057,-29.687969148159027,,,0,False,False,,True,D:\Coding\Python\DSCI_SEAS\Scripts\Exp4_System-Overhead\result_data\seed_3_20260726-191606\convergence\20260726-192418-554_controlled-5seed-resnet50-cifar10-20260726_seed-3_S1_medium.jsonl
controlled-5seed-resnet50-cifar10-20260726,controlled-5seed-resnet50-cifar10-20260726:seed-3:S1,3,S1,medium,2,8.20172710006591,3.3209658333629153,3.3209658333629153,3.91499432,0.97874858,0.5940284866370845,0.14850712165927113,0.24762768944725394,-27.89323409795761,,,0,False,False,,True,D:\Coding\Python\DSCI_SEAS\Scripts\Exp4_System-Overhead\result_data\seed_3_20260726-191606\convergence\20260726-192418-554_controlled-5seed-resnet50-cifar10-20260726_seed-3_S1_medium.jsonl
controlled-5seed-resnet50-cifar10-20260726,controlled-5seed-resnet50-cifar10-20260726:seed-3:S1,3,S1,medium,3,10.8012105000671,3.3213437662646816,3.3213437662646816,3.91552844,0.97888211,0.5941846737353182,0.14854616843382956,0.24112554458901286,-25.959971611499785,,,3,True,False,,True,D:\Coding\Python\DSCI_SEAS\Scripts\Exp4_System-Overhead\result_data\seed_3_20260726-191606\convergence\20260726-192418-554_controlled-5seed-resnet50-cifar10-20260726_seed-3_S1_medium.jsonl
controlled-5seed-resnet50-cifar10-20260726,controlled-5seed-resnet50-cifar10-20260726:seed-3:S1,3,S1,medium,4,13.573578600073233,3.3215893783549046,3.3215893783549046,3.9154715199999996,0.9788678799999999,0.5938821416450951,0.14847053541127378,0.23288475500419736,-24.25092025756836,,,4,True,False,,True,D:\Coding\Python\DSCI_SEAS\Scripts\Exp4_System-Overhead\result_data\seed_3_20260726-191606\convergence\20260726-192418-554_controlled-5seed-resnet50-cifar10-20260726_seed-3_S1_medium.jsonl
controlled-5seed-resnet50-cifar10-20260726,controlled-5seed-resnet50-cifar10-20260726:seed-3:S1,3,S1,medium,5,16.16596550005488,3.3214471638229,3.3214471638229,3.9152654399999998,0.9788163599999999,0.5938182761770998,0.14845456904427495,0.21181316213682294,-23.696303532123565,,,4,False,False,,True,D:\Coding\Python\DSCI_SEAS\Scripts\Exp4_System-Overhead\result_data\seed_3_20260726-191606\convergence\20260726-192418-554_controlled-5seed-resnet50-cifar10-20260726_seed-3_S1_medium.jsonl
controlled-5seed-resnet50-cifar10-20260726,controlled-5seed-resnet50-cifar10-20260726:seed-3:S1,3,S1,medium,6,18.8523669000715,3.3218657337149167,3.3218657337149167,3.9159147599999997,0.9789786899999999,0.594049026285083,0.14851225657127076,0.18736283347010613,-24.485327081680296,,,6,True,False,,True,D:\Coding\Python\DSCI_SEAS\Scripts\Exp4_System-Overhead\result_data\seed_3_20260726-191606\convergence\20260726-192418-554_controlled-5seed-resnet50-cifar10-20260726_seed-3_S1_medium.jsonl
controlled-5seed-resnet50-cifar10-20260726,controlled-5seed-resnet50-cifar10-20260726:seed-3:S1,3,S1,medium,7,21.6608018000843,3.32077734560292,3.32077734560292,3.9148636000000003,0.9787159000000001,0.5940862543970804,0.1485215635992701,0.17283358804881574,-25.833542923927308,,,6,False,False,,True,D:\Coding\Python\DSCI_SEAS\Scripts\Exp4_System-Overhead\result_data\seed_3_20260726-191606\convergence\20260726-192418-554_controlled-5seed-resnet50-cifar10-20260726_seed-3_S1_medium.jsonl
controlled-5seed-resnet50-cifar10-20260726,controlled-5seed-resnet50-cifar10-20260726:seed-3:S1,3,S1,medium,8,24.375139400013722,3.3208607193749335,3.3208607193749335,3.9151488399999996,0.9787872099999999,0.5942881206250659,0.14857203015626647,0.16509308464825154,-27.380593161582947,,,6,False,False,,True,D:\Coding\Python\DSCI_SEAS\Scripts\Exp4_System-Overhead\result_data\seed_3_20260726-191606\convergence\20260726-192418-554_controlled-5seed-resnet50-cifar10-20260726_seed-3_S1_medium.jsonl
controlled-5seed-resnet50-cifar10-20260726,controlled-5seed-resnet50-cifar10-20260726:seed-3:S1,3,S1,medium,9,27.043208400020376,3.3216246488829064,3.3216246488829064,3.9155375999999995,0.9788843999999999,0.5939129511170929,0.14847823777927321,0.17140981003642083,-27.919434328079223,,,6,False,False,,True,D:\Coding\Python\DSCI_SEAS\Scripts\Exp4_System-Overhead\result_data\seed_3_20260726-191606\convergence\20260726-192418-554_controlled-5seed-resnet50-cifar10-20260726_seed-3_S1_medium.jsonl
controlled-5seed-resnet50-cifar10-20260726,controlled-5seed-resnet50-cifar10-20260726:seed-3:S1,3,S1,medium,10,29.952069400111213,3.321656247246904,3.321656247246904,3.9155284399999997,0.9788821099999999,0.5938721927530959,0.14846804818827397,0.17864063788205387,-27.43488902568817,,,6,False,False,,True,D:\Coding\Python\DSCI_SEAS\Scripts\Exp4_System-Overhead\result_data\seed_3_20260726-191606\convergence\20260726-192418-554_controlled-5seed-resnet50-cifar10-20260726_seed-3_S1_medium.jsonl
controlled-5seed-resnet50-cifar10-20260726,controlled-5seed-resnet50-cifar10-20260726:seed-3:S1,3,S1,medium,11,32.680581900058314,3.320914662994893,3.320914662994893,3.9146299200000003,0.9786574800000001,0.5937152570051072,0.1484288142512768,0.18462680857628583,-27.586300978660585,,,6,False,False,,True,D:\Coding\Python\DSCI_SEAS\Scripts\Exp4_System-Overhead\result_data\seed_3_20260726-191606\convergence\20260726-192418-554_controlled-5seed-resnet50-cifar10-20260726_seed-3_S1_medium.jsonl
controlled-5seed-resnet50-cifar10-20260726,controlled-5seed-resnet50-cifar10-20260726:seed-3:S1,3,S1,medium,12,35.41770190000534,3.3211286156349042,3.3211286156349042,3.9149979200000002,0.9787494800000001,0.5938693043650961,0.14846732609127403,0.20490082463249565,-28.53041699886322,,,6,False,False,,True,D:\Coding\Python\DSCI_SEAS\Scripts\Exp4_System-Overhead\result_data\seed_3_20260726-191606\convergence\20260726-192418-554_controlled-5seed-resnet50-cifar10-20260726_seed-3_S1_medium.jsonl
controlled-5seed-resnet50-cifar10-20260726,controlled-5seed-resnet50-cifar10-20260726:seed-3:S1,3,S1,medium,13,38.000372700043954,3.321262677948222,3.321262677948222,3.9150069762559996,0.9787517440639999,0.5937442983077778,0.14843607457694444,0.22476131547242403,-29.196537091732026,,,6,False,False,,True,D:\Coding\Python\DSCI_SEAS\Scripts\Exp4_System-Overhead\result_data\seed_3_20260726-191606\convergence\20260726-192418-554_controlled-5seed-resnet50-cifar10-20260726_seed-3_S1_medium.jsonl
controlled-5seed-resnet50-cifar10-20260726,controlled-5seed-resnet50-cifar10-20260726:seed-3:S1,3,S1,medium,14,40.65221840003505,3.321186232501688,3.321186232501688,3.915183533024,0.978795883256,0.5939973005223119,0.14849932513057798,0.24134253127500416,-28.977175879478455,,,6,False,False,,True,D:\Coding\Python\DSCI_SEAS\Scripts\Exp4_System-Overhead\result_data\seed_3_20260726-191606\convergence\20260726-192418-554_controlled-5seed-resnet50-cifar10-20260726_seed-3_S1_medium.jsonl
controlled-5seed-resnet50-cifar10-20260726,controlled-5seed-resnet50-cifar10-20260726:seed-3:S1,3,S1,medium,15,43.47859000007156,3.321778854424684,3.321778854424684,3.9160020399999995,0.9790005099999999,0.5942231855753155,0.14855579639382888,0.2475534482114017,-29.36678864955902,,,6,False,False,,True,D:\Coding\Python\DSCI_SEAS\Scripts\Exp4_System-Overhead\result_data\seed_3_20260726-191606\convergence\20260726-192418-554_controlled-5seed-resnet50-cifar10-20260726_seed-3_S1_medium.jsonl
controlled-5seed-resnet50-cifar10-20260726,controlled-5seed-resnet50-cifar10-20260726:seed-3:S1,3,S1,medium,16,46.19863660004921,3.3209897061908995,3.3209897061908995,3.9148002799999997,0.9787000699999999,0.5938105738091003,0.14845264345227507,0.24646136103197933,-30.8064292883873,,,6,False,False,,True,D:\Coding\Python\DSCI_SEAS\Scripts\Exp4_System-Overhead\result_data\seed_3_20260726-191606\convergence\20260726-192418-554_controlled-5seed-resnet50-cifar10-20260726_seed-3_S1_medium.jsonl
controlled-5seed-resnet50-cifar10-20260726,controlled-5seed-resnet50-cifar10-20260726:seed-3:S1,3,S1,medium,17,49.01962900010403,3.3213656477630047,3.3213656477630047,3.9155139199999995,0.9788784799999999,0.5941482722369948,0.1485370680592487,0.23860533153638244,-32.608449382781984,,,6,False,False,,True,D:\Coding\Python\DSCI_SEAS\Scripts\Exp4_System-Overhead\result_data\seed_3_20260726-191606\convergence\20260726-192418-554_controlled-5seed-resnet50-cifar10-20260726_seed-3_S1_medium.jsonl
controlled-5seed-resnet50-cifar10-20260726,controlled-5seed-resnet50-cifar10-20260726:seed-3:S1,3,S1,medium,18,51.75018450000789,3.3219848396589176,3.3219848396589176,3.9160524799999994,0.9790131199999998,0.5940676403410818,0.14851691008527046,0.23224654171615838,-32.887431116104125,,,18,True,False,,True,D:\Coding\Python\DSCI_SEAS\Scripts\Exp4_System-Overhead\result_data\seed_3_20260726-191606\convergence\20260726-192418-554_controlled-5seed-resnet50-cifar10-20260726_seed-3_S1_medium.jsonl
controlled-5seed-resnet50-cifar10-20260726,controlled-5seed-resnet50-cifar10-20260726:seed-3:S1,3,S1,medium,19,54.426318900077604,3.321303261226903,3.321303261226903,3.9151706399999995,0.9787926599999999,0.5938673787730963,0.14846684469327406,0.23052265612408518,-31.54991797208786,,,18,False,False,,True,D:\Coding\Python\DSCI_SEAS\Scripts\Exp4_System-Overhead\result_data\seed_3_20260726-191606\convergence\20260726-192418-554_controlled-5seed-resnet50-cifar10-20260726_seed-3_S1_medium.jsonl
controlled-5seed-resnet50-cifar10-20260726,controlled-5seed-resnet50-cifar10-20260726:seed-3:S1,3,S1,medium,20,57.1239853000734,3.321844971754906,3.321844971754906,3.91574316,0.97893579,0.593898188245094,0.1484745470612735,0.2338440550863743,-31.33456200838089,,,18,False,False,,True,D:\Coding\Python\DSCI_SEAS\Scripts\Exp4_System-Overhead\result_data\seed_3_20260726-191606\convergence\20260726-192418-554_controlled-5seed-resnet50-cifar10-20260726_seed-3_S1_medium.jsonl
controlled-5seed-resnet50-cifar10-20260726,controlled-5seed-resnet50-cifar10-20260726:seed-3:S1,3,S1,medium,21,59.87519060005434,3.3215519792489197,3.3215519792489197,3.9158988,0.9789747,0.5943468207510801,0.14858670518777004,0.23067054528743028,-32.46703553199768,,,18,False,False,,True,D:\Coding\Python\DSCI_SEAS\Scripts\Exp4_System-Overhead\result_data\seed_3_20260726-191606\convergence\20260726-192418-554_controlled-5seed-resnet50-cifar10-20260726_seed-3_S1_medium.jsonl
controlled-5seed-resnet50-cifar10-20260726,controlled-5seed-resnet50-cifar10-20260726:seed-3:S1,3,S1,medium,22,62.59324539999943,3.321770801487534,3.321770801487534,3.916060808256,0.979015202064,0.5942900067684658,0.14857250169211644,0.22771437173709275,-34.221572878360746,,,18,False,False,,True,D:\Coding\Python\DSCI_SEAS\Scripts\Exp4_System-Overhead\result_data\seed_3_20260726-191606\convergence\20260726-192418-554_controlled-5seed-resnet50-cifar10-20260726_seed-3_S1_medium.jsonl
controlled-5seed-resnet50-cifar10-20260726,controlled-5seed-resnet50-cifar10-20260726:seed-3:S1,3,S1,medium,23,65.2473473000573,3.321675234350902,3.321675234350902,3.9155243199999994,0.9788810799999998,0.5938490856490974,0.14846227141227436,0.23083999142050743,-36.12988237857819,,,18,False,False,,True,D:\Coding\Python\DSCI_SEAS\Scripts\Exp4_System-Overhead\result_data\seed_3_20260726-191606\convergence\20260726-192418-554_controlled-5seed-resnet50-cifar10-20260726_seed-3_S1_medium.jsonl
controlled-5seed-resnet50-cifar10-20260726,controlled-5seed-resnet50-cifar10-20260726:seed-3:S1,3,S1,medium,24,68.03696690010838,3.3216590814053157,3.3216590814053157,3.9155630243040003,0.9788907560760001,0.5939039428986844,0.1484759857246711,0.21851185631006956,-36.550412669181824,,,18,False,False,,True,D:\Coding\Python\DSCI_SEAS\Scripts\Exp4_System-Overhead\result_data\seed_3_20260726-191606\convergence\20260726-192418-554_controlled-5seed-resnet50-cifar10-20260726_seed-3_S1_medium.jsonl
controlled-5seed-resnet50-cifar10-20260726,controlled-5seed-resnet50-cifar10-20260726:seed-3:S1,3,S1,medium,25,70.77205740008503,3.321683668378908,3.321683668378908,3.9156036800000003,0.9789009200000001,0.5939200116210924,0.1484800029052731,0.20927677258849145,-37.37429212093353,,,18,False,False,,True,D:\Coding\Python\DSCI_SEAS\Scripts\Exp4_System-Overhead\result_data\seed_3_20260726-191606\convergence\20260726-192418-554_controlled-5seed-resnet50-cifar10-20260726_seed-3_S1_medium.jsonl
controlled-5seed-resnet50-cifar10-20260726,controlled-5seed-resnet50-cifar10-20260726:seed-3:S1,3,S1,medium,26,73.63015640003141,3.3213361978634253,3.3213361978634253,3.9151319282559998,0.9787829820639999,0.5937957303925744,0.1484489325981436,0.19444004587829114,-39.3045042848587,,,18,False,False,,True,D:\Coding\Python\DSCI_SEAS\Scripts\Exp4_System-Overhead\result_data\seed_3_20260726-191606\convergence\20260726-192418-554_controlled-5seed-resnet50-cifar10-20260726_seed-3_S1_medium.jsonl
controlled-5seed-resnet50-cifar10-20260726,controlled-5seed-resnet50-cifar10-20260726:seed-3:S1,3,S1,medium,27,76.62987200007774,3.321250188261028,3.321250188261028,3.9153335530240003,0.9788333882560001,0.5940833647629724,0.1485208411907431,0.17540605809539556,-40.752931604385374,,,18,False,False,,True,D:\Coding\Python\DSCI_SEAS\Scripts\Exp4_System-Overhead\result_data\seed_3_20260726-191606\convergence\20260726-192418-554_controlled-5seed-resnet50-cifar10-20260726_seed-3_S1_medium.jsonl
controlled-5seed-resnet50-cifar10-20260726,controlled-5seed-resnet50-cifar10-20260726:seed-3:S1,3,S1,medium,28,79.68611410004087,3.321293801902913,3.321293801902913,3.9152917999999994,0.9788229499999999,0.5939979980970868,0.1484994995242717,0.16892007529735564,-40.52595785617828,,,18,False,False,,True,D:\Coding\Python\DSCI_SEAS\Scripts\Exp4_System-Overhead\result_data\seed_3_20260726-191606\convergence\20260726-192418-554_controlled-5seed-resnet50-cifar10-20260726_seed-3_S1_medium.jsonl
controlled-5seed-resnet50-cifar10-20260726,controlled-5seed-resnet50-cifar10-20260726:seed-3:S1,3,S1,medium,29,82.59877180005424,3.3213975647549003,3.3213975647549003,3.9152155200000003,0.9788038800000001,0.5938179552450998,0.14845448881127496,0.17464674163609742,-41.18051259994507,,,18,False,False,,True,D:\Coding\Python\DSCI_SEAS\Scripts\Exp4_System-Overhead\result_data\seed_3_20260726-191606\convergence\20260726-192418-554_controlled-5seed-resnet50-cifar10-20260726_seed-3_S1_medium.jsonl
controlled-5seed-resnet50-cifar10-20260726,controlled-5seed-resnet50-cifar10-20260726:seed-3:S1,3,S1,medium,30,85.43825590005144,3.3214559129939683,3.3214559129939683,3.9157011599999993,0.9789252899999998,0.5942452470060312,0.1485613117515078,0.17925639491528272,-43.31157802581787,,,18,False,False,,True,D:\Coding\Python\DSCI_SEAS\Scripts\Exp4_System-Overhead\result_data\seed_3_20260726-191606\convergence\20260726-192418-554_controlled-5seed-resnet50-cifar10-20260726_seed-3_S1_medium.jsonl
controlled-5seed-resnet50-cifar10-20260726,controlled-5seed-resnet50-cifar10-20260726:seed-3:S1,3,S1,medium,31,88.33031750004739,3.3215305678492997,3.3215305678492997,3.915723267776,0.978930816944,0.5941926999267001,0.14854817498167502,0.18512143958359956,-46.01933460712433,,,18,False,False,,True,D:\Coding\Python\DSCI_SEAS\Scripts\Exp4_System-Overhead\result_data\seed_3_20260726-191606\convergence\20260726-192418-554_controlled-5seed-resnet50-cifar10-20260726_seed-3_S1_medium.jsonl
controlled-5seed-resnet50-cifar10-20260726,controlled-5seed-resnet50-cifar10-20260726:seed-3:S1,3,S1,medium,32,91.08747190004215,3.321322602110898,3.321322602110898,3.9151139199999996,0.9787784799999999,0.5937913178891017,0.14844782947227542,0.18930697524920106,-46.74388825416565,,,18,False,False,,True,D:\Coding\Python\DSCI_SEAS\Scripts\Exp4_System-Overhead\result_data\seed_3_20260726-191606\convergence\20260726-192418-554_controlled-5seed-resnet50-cifar10-20260726_seed-3_S1_medium.jsonl
controlled-5seed-resnet50-cifar10-20260726,controlled-5seed-resnet50-cifar10-20260726:seed-3:S1,3,S1,medium,33,93.86183930002153,3.321529619742899,3.321529619742899,3.9153286400000002,0.9788321600000001,0.5937990202571012,0.1484497550642753,0.18635251173749567,-45.458303265571594,,,18,False,False,,True,D:\Coding\Python\DSCI_SEAS\Scripts\Exp4_System-Overhead\result_data\seed_3_20260726-191606\convergence\20260726-192418-554_controlled-5seed-resnet50-cifar10-20260726_seed-3_S1_medium.jsonl
controlled-5seed-resnet50-cifar10-20260726,controlled-5seed-resnet50-cifar10-20260726:seed-3:S1,3,S1,medium,34,96.90392140008043,3.3218638947229158,3.3218638947229158,3.9158988,0.9789747,0.594034905277084,0.148508726319271,0.18665790686383843,-45.218307843208315,,,18,False,False,,True,D:\Coding\Python\DSCI_SEAS\Scripts\Exp4_System-Overhead\result_data\seed_3_20260726-191606\convergence\20260726-192418-554_controlled-5seed-resnet50-cifar10-20260726_seed-3_S1_medium.jsonl
controlled-5seed-resnet50-cifar10-20260726,controlled-5seed-resnet50-cifar10-20260726:seed-3:S1,3,S1,medium,35,99.72383050003555,3.3214433807162287,3.3214433807162287,3.915276256256,0.978819064064,0.5938328755397714,0.14845821888494284,0.18512285450473429,-46.706576466560364,,,18,False,False,,True,D:\Coding\Python\DSCI_SEAS\Scripts\Exp4_System-Overhead\result_data\seed_3_20260726-191606\convergence\20260726-192418-554_controlled-5seed-resnet50-cifar10-20260726_seed-3_S1_medium.jsonl
controlled-5seed-resnet50-cifar10-20260726,controlled-5seed-resnet50-cifar10-20260726:seed-3:S1,3,S1,medium,36,102.82999100000598,3.321782060694911,3.321782060694911,3.91574604,0.97893651,0.5939639793050893,0.14849099482627232,0.17316798347979784,-47.9335271024704,,,18,False,False,,True,D:\Coding\Python\DSCI_SEAS\Scripts\Exp4_System-Overhead\result_data\seed_3_20260726-191606\convergence\20260726-192418-554_controlled-5seed-resnet50-cifar10-20260726_seed-3_S1_medium.jsonl
controlled-5seed-resnet50-cifar10-20260726,controlled-5seed-resnet50-cifar10-20260726:seed-3:S1,3,S1,medium,37,105.8402986000292,3.321595765002909,3.321595765002909,3.9155375999999995,0.9788843999999999,0.5939418349970907,0.1484854587492727,0.16684610495343805,-46.95534305095673,,,18,False,False,,True,D:\Coding\Python\DSCI_SEAS\Scripts\Exp4_System-Overhead\result_data\seed_3_20260726-191606\convergence\20260726-192418-554_controlled-5seed-resnet50-cifar10-20260726_seed-3_S1_medium.jsonl
controlled-5seed-resnet50-cifar10-20260726,controlled-5seed-resnet50-cifar10-20260726:seed-3:S1,3,S1,medium,38,108.65648300002795,3.321213015634904,3.321213015634904,3.91508232,0.97877058,0.593869304365096,0.148467326091274,0.1589857491850853,-46.30216908454895,7.347102743041359e-05,6.0024962975531116e-05,18,False,True,stopping_criterion,True,D:\Coding\Python\DSCI_SEAS\Scripts\Exp4_System-Overhead\result_data\seed_3_20260726-191606\convergence\20260726-192418-554_controlled-5seed-resnet50-cifar10-20260726_seed-3_S1_medium.jsonl
controlled-5seed-resnet50-cifar10-20260726,controlled-5seed-resnet50-cifar10-20260726:seed-3:S2,3,S2,near,0,1.3594706000294536,3.344212572148355,3.344212572148355,3.9150901671360003,0.9787725417840001,0.570877594987645,0.14271939874691125,0.15058411814272404,-47.33283434867859,,,0,True,False,,True,D:\Coding\Python\DSCI_SEAS\Scripts\Exp4_System-Overhead\result_data\seed_3_20260726-191606\convergence\20260726-192722-021_controlled-5seed-resnet50-cifar10-20260726_seed-3_S2_near.jsonl
controlled-5seed-resnet50-cifar10-20260726,controlled-5seed-resnet50-cifar10-20260726:seed-3:S2,3,S2,near,1,2.534628099994734,3.3441807603299822,3.3441807603299822,3.91529592,0.97882398,0.5711151596700179,0.14277878991750448,0.15719114053994418,-49.059266786575314,,,0,False,False,,True,D:\Coding\Python\DSCI_SEAS\Scripts\Exp4_System-Overhead\result_data\seed_3_20260726-191606\convergence\20260726-192722-021_controlled-5seed-resnet50-cifar10-20260726_seed-3_S2_near.jsonl
controlled-5seed-resnet50-cifar10-20260726,controlled-5seed-resnet50-cifar10-20260726:seed-3:S2,3,S2,near,2,3.981472700019367,3.344434173910744,3.344434173910744,3.9158356000000003,0.9789589000000001,0.5714014260892559,0.14285035652231398,0.157511521987617,-50.63425157546997,,,2,True,False,,True,D:\Coding\Python\DSCI_SEAS\Scripts\Exp4_System-Overhead\result_data\seed_3_20260726-191606\convergence\20260726-192722-021_controlled-5seed-resnet50-cifar10-20260726_seed-3_S2_near.jsonl
controlled-5seed-resnet50-cifar10-20260726,controlled-5seed-resnet50-cifar10-20260726:seed-3:S2,3,S2,near,3,5.342229700065218,3.344653419653972,3.344653419653972,3.9156379599999998,0.9789094899999999,0.5709845403460274,0.14274613508650685,0.15517526868730783,-52.17609903335571,,,3,True,False,,True,D:\Coding\Python\DSCI_SEAS\Scripts\Exp4_System-Overhead\result_data\seed_3_20260726-191606\convergence\20260726-192722-021_controlled-5seed-resnet50-cifar10-20260726_seed-3_S2_near.jsonl
controlled-5seed-resnet50-cifar10-20260726,controlled-5seed-resnet50-cifar10-20260726:seed-3:S2,3,S2,near,4,6.686525400029495,3.3445167698019795,3.3445167698019795,3.91560112,0.97890028,0.5710843501980203,0.14277108754950507,0.15522614791989325,-53.76222529411316,,,3,False,False,,True,D:\Coding\Python\DSCI_SEAS\Scripts\Exp4_System-Overhead\result_data\seed_3_20260726-191606\convergence\20260726-192722-021_controlled-5seed-resnet50-cifar10-20260726_seed-3_S2_near.jsonl
controlled-5seed-resnet50-cifar10-20260726,controlled-5seed-resnet50-cifar10-20260726:seed-3:S2,3,S2,near,5,7.998825300019234,3.344435921393968,3.344435921393968,3.91535788,0.97883947,0.570921958606032,0.142730489651508,0.1551091881468892,-55.2911078453064,,,3,False,False,,True,D:\Coding\Python\DSCI_SEAS\Scripts\Exp4_System-Overhead\result_data\seed_3_20260726-191606\convergence\20260726-192722-021_controlled-5seed-resnet50-cifar10-20260726_seed-3_S2_near.jsonl
controlled-5seed-resnet50-cifar10-20260726,controlled-5seed-resnet50-cifar10-20260726:seed-3:S2,3,S2,near,6,9.405472600017674,3.3434077339765436,3.3434077339765436,3.91497724,0.97874431,0.5715695060234564,0.1428923765058641,0.15370915304869415,-56.199520149230956,,,3,False,False,,True,D:\Coding\Python\DSCI_SEAS\Scripts\Exp4_System-Overhead\result_data\seed_3_20260726-191606\convergence\20260726-192722-021_controlled-5seed-resnet50-cifar10-20260726_seed-3_S2_near.jsonl
controlled-5seed-resnet50-cifar10-20260726,controlled-5seed-resnet50-cifar10-20260726:seed-3:S2,3,S2,near,7,10.668631700100377,3.3445135517499605,3.3445135517499605,3.9153286400000002,0.9788321600000001,0.5708150882500397,0.14270377206250992,0.1511993933841586,-56.154426612854,,,3,False,False,,True,D:\Coding\Python\DSCI_SEAS\Scripts\Exp4_System-Overhead\result_data\seed_3_20260726-191606\convergence\20260726-192722-021_controlled-5seed-resnet50-cifar10-20260726_seed-3_S2_near.jsonl
controlled-5seed-resnet50-cifar10-20260726,controlled-5seed-resnet50-cifar10-20260726:seed-3:S2,3,S2,near,8,12.063630799995735,3.3445498086779577,3.3445498086779577,3.9153315199999996,0.9788328799999999,0.570781711322042,0.1426954278305105,0.1477637956663966,-55.700496158599854,,,3,False,False,,True,D:\Coding\Python\DSCI_SEAS\Scripts\Exp4_System-Overhead\result_data\seed_3_20260726-191606\convergence\20260726-192722-021_controlled-5seed-resnet50-cifar10-20260726_seed-3_S2_near.jsonl
controlled-5seed-resnet50-cifar10-20260726,controlled-5seed-resnet50-cifar10-20260726:seed-3:S2,3,S2,near,9,13.662698800093494,3.3440979822779626,3.3440979822779626,3.91494388,0.97873597,0.5708458977220374,0.14271147443050936,0.1430864704400301,-55.76844019889832,,,3,False,False,,True,D:\Coding\Python\DSCI_SEAS\Scripts\Exp4_System-Overhead\result_data\seed_3_20260726-191606\convergence\20260726-192722-021_controlled-5seed-resnet50-cifar10-20260726_seed-3_S2_near.jsonl
controlled-5seed-resnet50-cifar10-20260726,controlled-5seed-resnet50-cifar10-20260726:seed-3:S2,3,S2,near,10,14.991942799999379,3.344853966529973,3.344853966529973,3.9158567999999994,0.9789641999999998,0.5710028334700261,0.14275070836750653,0.1383549101278186,-56.61188837051392,,,10,True,False,,True,D:\Coding\Python\DSCI_SEAS\Scripts\Exp4_System-Overhead\result_data\seed_3_20260726-191606\convergence\20260726-192722-021_controlled-5seed-resnet50-cifar10-20260726_seed-3_S2_near.jsonl
controlled-5seed-resnet50-cifar10-20260726,controlled-5seed-resnet50-cifar10-20260726:seed-3:S2,3,S2,near,11,16.55779310001526,3.3447336005379666,3.3447336005379666,3.9156420799999996,0.9789105199999999,0.5709084794620329,0.14272711986550823,0.13521233197301627,-57.94867735862732,,,10,False,False,,True,D:\Coding\Python\DSCI_SEAS\Scripts\Exp4_System-Overhead\result_data\seed_3_20260726-191606\convergence\20260726-192722-021_controlled-5seed-resnet50-cifar10-20260726_seed-3_S2_near.jsonl
controlled-5seed-resnet50-cifar10-20260726,controlled-5seed-resnet50-cifar10-20260726:seed-3:S2,3,S2,near,12,17.949866100098006,3.3447966999219934,3.3447966999219934,3.9160703999999997,0.9790175999999999,0.5712737000780065,0.14281842501950162,0.13193596672266722,-59.32653859138489,,,10,False,False,,True,D:\Coding\Python\DSCI_SEAS\Scripts\Exp4_System-Overhead\result_data\seed_3_20260726-191606\convergence\20260726-192722-021_controlled-5seed-resnet50-cifar10-20260726_seed-3_S2_near.jsonl
controlled-5seed-resnet50-cifar10-20260726,controlled-5seed-resnet50-cifar10-20260726:seed-3:S2,3,S2,near,13,19.394591300049797,3.3445343137099712,3.3445343137099712,3.91550024,0.97887506,0.5709659262900288,0.1427414815725072,0.12771554151549935,-60.051697406768795,,,10,False,False,,True,D:\Coding\Python\DSCI_SEAS\Scripts\Exp4_System-Overhead\result_data\seed_3_20260726-191606\convergence\20260726-192722-021_controlled-5seed-resnet50-cifar10-20260726_seed-3_S2_near.jsonl
controlled-5seed-resnet50-cifar10-20260726,controlled-5seed-resnet50-cifar10-20260726:seed-3:S2,3,S2,near,14,20.812918500043452,3.3444292138899625,3.3444292138899625,3.915278,0.9788195,0.5708487861100373,0.14271219652750933,0.12372985742986202,-59.74715415000915,,,10,False,False,,True,D:\Coding\Python\DSCI_SEAS\Scripts\Exp4_System-Overhead\result_data\seed_3_20260726-191606\convergence\20260726-192722-021_controlled-5seed-resnet50-cifar10-20260726_seed-3_S2_near.jsonl
controlled-5seed-resnet50-cifar10-20260726,controlled-5seed-resnet50-cifar10-20260726:seed-3:S2,3,S2,near,15,21.99919180001598,3.3444850424779653,3.3444850424779653,3.9153790799999992,0.9788447699999998,0.5708940375220339,0.14272350938050848,0.11971524653956295,-58.89397727012634,,,10,False,False,,True,D:\Coding\Python\DSCI_SEAS\Scripts\Exp4_System-Overhead\result_data\seed_3_20260726-191606\convergence\20260726-192722-021_controlled-5seed-resnet50-cifar10-20260726_seed-3_S2_near.jsonl
controlled-5seed-resnet50-cifar10-20260726,controlled-5seed-resnet50-cifar10-20260726:seed-3:S2,3,S2,near,16,22.945326700108126,3.344401080517955,3.344401080517955,3.91514428,0.97878607,0.5707431994820449,0.14268579987051122,0.1170792692527175,-58.670931825637815,,,10,False,False,,True,D:\Coding\Python\DSCI_SEAS\Scripts\Exp4_System-Overhead\result_data\seed_3_20260726-191606\convergence\20260726-192722-021_controlled-5seed-resnet50-cifar10-20260726_seed-3_S2_near.jsonl
controlled-5seed-resnet50-cifar10-20260726,controlled-5seed-resnet50-cifar10-20260726:seed-3:S2,3,S2,near,17,24.25731660006568,3.3434424542899697,3.3434424542899697,3.91438752,0.97859688,0.5709450657100302,0.14273626642750756,0.11659601766616107,-59.29502533912659,,,10,False,False,,True,D:\Coding\Python\DSCI_SEAS\Scripts\Exp4_System-Overhead\result_data\seed_3_20260726-191606\convergence\20260726-192722-021_controlled-5seed-resnet50-cifar10-20260726_seed-3_S2_near.jsonl
controlled-5seed-resnet50-cifar10-20260726,controlled-5seed-resnet50-cifar10-20260726:seed-3:S2,3,S2,near,18,25.703202100005,3.34375945980597,3.34375945980597,3.9147163999999997,0.9786790999999999,0.5709569401940294,0.14273923504850736,0.11766936985775828,-60.27841209411621,,,10,False,False,,True,D:\Coding\Python\DSCI_SEAS\Scripts\Exp4_System-Overhead\result_data\seed_3_20260726-191606\convergence\20260726-192722-021_controlled-5seed-resnet50-cifar10-20260726_seed-3_S2_near.jsonl
controlled-5seed-resnet50-cifar10-20260726,controlled-5seed-resnet50-cifar10-20260726:seed-3:S2,3,S2,near,19,27.20137020002585,3.3443904111139746,3.3443904111139746,3.91540544,0.97885136,0.5710150288860253,0.14275375722150632,0.11632308399304747,-60.978449459075925,,,10,False,False,,True,D:\Coding\Python\DSCI_SEAS\Scripts\Exp4_System-Overhead\result_data\seed_3_20260726-191606\convergence\20260726-192722-021_controlled-5seed-resnet50-cifar10-20260726_seed-3_S2_near.jsonl
controlled-5seed-resnet50-cifar10-20260726,controlled-5seed-resnet50-cifar10-20260726:seed-3:S2,3,S2,near,20,28.54940580006223,3.3449516665019803,3.3449516665019803,3.91604404,0.97901101,0.5710923734980197,0.14277309337450492,0.11548322876915336,-60.84246723175049,,,20,True,False,,True,D:\Coding\Python\DSCI_SEAS\Scripts\Exp4_System-Overhead\result_data\seed_3_20260726-191606\convergence\20260726-192722-021_controlled-5seed-resnet50-cifar10-20260726_seed-3_S2_near.jsonl
controlled-5seed-resnet50-cifar10-20260726,controlled-5seed-resnet50-cifar10-20260726:seed-3:S2,3,S2,near,21,29.918127300101332,3.345190702393985,3.345190702393985,3.9163533599999996,0.9790883399999999,0.5711626576060146,0.14279066440150365,0.11604013875126838,-60.5271173286438,,,21,True,False,,True,D:\Coding\Python\DSCI_SEAS\Scripts\Exp4_System-Overhead\result_data\seed_3_20260726-191606\convergence\20260726-192722-021_controlled-5seed-resnet50-cifar10-20260726_seed-3_S2_near.jsonl
controlled-5seed-resnet50-cifar10-20260726,controlled-5seed-resnet50-cifar10-20260726:seed-3:S2,3,S2,near,22,31.386489700060338,3.3447433342899693,3.3447433342899693,3.9156883999999996,0.9789220999999999,0.5709450657100303,0.14273626642750759,0.11571356978267432,-60.85406752586365,,,21,False,False,,True,D:\Coding\Python\DSCI_SEAS\Scripts\Exp4_System-Overhead\result_data\seed_3_20260726-191606\convergence\20260726-192722-021_controlled-5seed-resnet50-cifar10-20260726_seed-3_S2_near.jsonl
controlled-5seed-resnet50-cifar10-20260726,controlled-5seed-resnet50-cifar10-20260726:seed-3:S2,3,S2,near,23,32.81506440008525,3.3444500187979713,3.3444500187979713,3.9154210799999998,0.9788552699999999,0.5709710612020283,0.14274276530050709,0.11686188861727714,-61.894177255630495,,,21,False,False,,True,D:\Coding\Python\DSCI_SEAS\Scripts\Exp4_System-Overhead\result_data\seed_3_20260726-191606\convergence\20260726-192722-021_controlled-5seed-resnet50-cifar10-20260726_seed-3_S2_near.jsonl
controlled-5seed-resnet50-cifar10-20260726,controlled-5seed-resnet50-cifar10-20260726:seed-3:S2,3,S2,near,24,34.173045900068246,3.344461707436634,3.344461707436634,3.915383327032,0.978845831758,0.570921619595366,0.1427304048988415,0.11651242595165968,-63.577297115325926,,,21,False,False,,True,D:\Coding\Python\DSCI_SEAS\Scripts\Exp4_System-Overhead\result_data\seed_3_20260726-191606\convergence\20260726-192722-021_controlled-5seed-resnet50-cifar10-20260726_seed-3_S2_near.jsonl
controlled-5seed-resnet50-cifar10-20260726,controlled-5seed-resnet50-cifar10-20260726:seed-3:S2,3,S2,near,25,35.67239100008737,3.3443251661499787,3.3443251661499787,3.9153969999999996,0.9788492499999999,0.5710718338500211,0.14276795846250528,0.11414872551336884,-64.416932888031,,,21,False,False,,True,D:\Coding\Python\DSCI_SEAS\Scripts\Exp4_System-Overhead\result_data\seed_3_20260726-191606\convergence\20260726-192722-021_controlled-5seed-resnet50-cifar10-20260726_seed-3_S2_near.jsonl
controlled-5seed-resnet50-cifar10-20260726,controlled-5seed-resnet50-cifar10-20260726:seed-3:S2,3,S2,near,26,37.02055320004001,3.34439506864192,3.34439506864192,3.915211299728,0.978802824932,0.5708162310860799,0.14270405777151998,0.11193854099139572,-64.26140990257264,,,21,False,False,,True,D:\Coding\Python\DSCI_SEAS\Scripts\Exp4_System-Overhead\result_data\seed_3_20260726-191606\convergence\20260726-192722-021_controlled-5seed-resnet50-cifar10-20260726_seed-3_S2_near.jsonl
controlled-5seed-resnet50-cifar10-20260726,controlled-5seed-resnet50-cifar10-20260726:seed-3:S2,3,S2,near,27,38.485724900034256,3.3443680582560047,3.3443680582560047,3.9154738799999995,0.9788684699999999,0.5711058217439947,0.14277645543599868,0.11058917058631777,-63.83224272727966,,,21,False,False,,True,D:\Coding\Python\DSCI_SEAS\Scripts\Exp4_System-Overhead\result_data\seed_3_20260726-191606\convergence\20260726-192722-021_controlled-5seed-resnet50-cifar10-20260726_seed-3_S2_near.jsonl
controlled-5seed-resnet50-cifar10-20260726,controlled-5seed-resnet50-cifar10-20260726:seed-3:S2,3,S2,near,28,40.16659480007365,3.3435214642508555,3.3435214642508555,3.9146087200000004,0.9786521800000001,0.5710872557491451,0.14277181393728627,0.11034039691090584,-64.04217051506042,,,21,False,False,,True,D:\Coding\Python\DSCI_SEAS\Scripts\Exp4_System-Overhead\result_data\seed_3_20260726-191606\convergence\20260726-192722-021_controlled-5seed-resnet50-cifar10-20260726_seed-3_S2_near.jsonl
controlled-5seed-resnet50-cifar10-20260726,controlled-5seed-resnet50-cifar10-20260726:seed-3:S2,3,S2,near,29,41.4973121000221,3.344291144505994,3.344291144505994,3.9155770399999996,0.9788942599999999,0.5712858954940058,0.14282147387350144,0.10977826487272978,-65.04836154937745,,,21,False,False,max_epochs,True,D:\Coding\Python\DSCI_SEAS\Scripts\Exp4_System-Overhead\result_data\seed_3_20260726-191606\convergence\20260726-192722-021_controlled-5seed-resnet50-cifar10-20260726_seed-3_S2_near.jsonl
controlled-5seed-resnet50-cifar10-20260726,controlled-5seed-resnet50-cifar10-20260726:seed-4:S0,4,S0,cold,0,5.1507737000938505,2.365871597846431,2.365871597846431,3.150711185726736,0.787677796431684,0.7848395878803053,0.19620989697007632,5.257493922869364,-0.17055916225910187,,,0,True,False,,True,D:\Coding\Python\DSCI_SEAS\Scripts\Exp4_System-Overhead\result_data\seed_4_20260726-192926\convergence\20260726-192926-516_controlled-5seed-resnet50-cifar10-20260726_seed-4_S0_cold.jsonl
controlled-5seed-resnet50-cifar10-20260726,controlled-5seed-resnet50-cifar10-20260726:seed-4:S0,4,S0,cold,1,10.252760100062005,2.094822213937392,2.094822213937392,2.867545546688808,0.716886386672202,0.7727233327514156,0.1931808331878539,5.2572543347676595,-0.17235820456345877,,,0,False,False,,True,D:\Coding\Python\DSCI_SEAS\Scripts\Exp4_System-Overhead\result_data\seed_4_20260726-192926\convergence\20260726-192926-516_controlled-5seed-resnet50-cifar10-20260726_seed-4_S0_cold.jsonl
controlled-5seed-resnet50-cifar10-20260726,controlled-5seed-resnet50-cifar10-20260726:seed-4:S0,4,S0,cold,2,15.521869000047445,1.9919580291002097,1.9919580291002097,2.949297663268544,0.737324415817136,0.9573396341683343,0.23933490854208359,5.256693177541097,-0.17771916635831198,,,0,False,False,,True,D:\Coding\Python\DSCI_SEAS\Scripts\Exp4_System-Overhead\result_data\seed_4_20260726-192926\convergence\20260726-192926-516_controlled-5seed-resnet50-cifar10-20260726_seed-4_S0_cold.jsonl
controlled-5seed-resnet50-cifar10-20260726,controlled-5seed-resnet50-cifar10-20260726:seed-4:S0,4,S0,cold,3,21.207210800028406,1.9598827378882047,1.9598827378882047,3.3876157548708545,0.8469039387177136,1.4277330169826499,0.35693325424566247,5.255632207234701,-0.1865510635773341,,,0,False,False,,True,D:\Coding\Python\DSCI_SEAS\Scripts\Exp4_System-Overhead\result_data\seed_4_20260726-192926\convergence\20260726-192926-516_controlled-5seed-resnet50-cifar10-20260726_seed-4_S0_cold.jsonl
controlled-5seed-resnet50-cifar10-20260726,controlled-5seed-resnet50-cifar10-20260726:seed-4:S0,4,S0,cold,4,26.759084100020118,2.19582128447786,2.19582128447786,3.289613535323462,0.8224033838308655,1.0937922508456022,0.27344806271140054,5.253681318918864,-0.20247715624173482,,,0,False,False,,True,D:\Coding\Python\DSCI_SEAS\Scripts\Exp4_System-Overhead\result_data\seed_4_20260726-192926\convergence\20260726-192926-516_controlled-5seed-resnet50-cifar10-20260726_seed-4_S0_cold.jsonl
controlled-5seed-resnet50-cifar10-20260726,controlled-5seed-resnet50-cifar10-20260726:seed-4:S0,4,S0,cold,5,32.00477200001478,2.420539483261699,2.420539483261699,3.1933110070676767,0.7983277517669192,0.7727715238059776,0.1931928809514944,5.25053848584493,-0.2375318085749944,,,5,True,False,,True,D:\Coding\Python\DSCI_SEAS\Scripts\Exp4_System-Overhead\result_data\seed_4_20260726-192926\convergence\20260726-192926-516_controlled-5seed-resnet50-cifar10-20260726_seed-4_S0_cold.jsonl
controlled-5seed-resnet50-cifar10-20260726,controlled-5seed-resnet50-cifar10-20260726:seed-4:S0,4,S0,cold,6,37.454866599990055,2.277028252516269,2.277028252516269,3.289802947889648,0.822450736972412,1.0127746953733794,0.25319367384334485,5.245834907531738,-0.2808163174788157,,,5,False,False,,True,D:\Coding\Python\DSCI_SEAS\Scripts\Exp4_System-Overhead\result_data\seed_4_20260726-192926\convergence\20260726-192926-516_controlled-5seed-resnet50-cifar10-20260726_seed-4_S0_cold.jsonl
controlled-5seed-resnet50-cifar10-20260726,controlled-5seed-resnet50-cifar10-20260726:seed-4:S0,4,S0,cold,7,42.60446420009248,2.1186564190158004,2.1186564190158004,3.266399386053334,0.8165998465133335,1.1477429670375336,0.2869357417593834,5.23901939423879,-0.3236268616517385,,,5,False,False,,True,D:\Coding\Python\DSCI_SEAS\Scripts\Exp4_System-Overhead\result_data\seed_4_20260726-192926\convergence\20260726-192926-516_controlled-5seed-resnet50-cifar10-20260726_seed-4_S0_cold.jsonl
controlled-5seed-resnet50-cifar10-20260726,controlled-5seed-resnet50-cifar10-20260726:seed-4:S0,4,S0,cold,8,47.05978150002193,1.9214146425925807,1.9214146425925807,3.2594945201200005,0.8148736300300001,1.3380798775274199,0.33451996938185496,5.229150177319845,-0.3830660631259282,,,5,False,False,,True,D:\Coding\Python\DSCI_SEAS\Scripts\Exp4_System-Overhead\result_data\seed_4_20260726-192926\convergence\20260726-192926-516_controlled-5seed-resnet50-cifar10-20260726_seed-4_S0_cold.jsonl
controlled-5seed-resnet50-cifar10-20260726,controlled-5seed-resnet50-cifar10-20260726:seed-4:S0,4,S0,cold,9,50.290021200082265,2.0585206689335793,2.0585206689335793,3.2308341545098367,0.8077085386274592,1.1723134855762571,0.2930783713940643,5.215639989217123,-0.4270675832033157,,,5,False,False,,True,D:\Coding\Python\DSCI_SEAS\Scripts\Exp4_System-Overhead\result_data\seed_4_20260726-192926\convergence\20260726-192926-516_controlled-5seed-resnet50-cifar10-20260726_seed-4_S0_cold.jsonl
controlled-5seed-resnet50-cifar10-20260726,controlled-5seed-resnet50-cifar10-20260726:seed-4:S0,4,S0,cold,10,53.37906930001918,2.4863760522043528,2.4863760522043528,3.866151153501888,0.966537788375472,1.3797751012975352,0.3449437753243838,5.197247997283935,-0.47700769929091136,,,10,True,False,,True,D:\Coding\Python\DSCI_SEAS\Scripts\Exp4_System-Overhead\result_data\seed_4_20260726-192926\convergence\20260726-192926-516_controlled-5seed-resnet50-cifar10-20260726_seed-4_S0_cold.jsonl
controlled-5seed-resnet50-cifar10-20260726,controlled-5seed-resnet50-cifar10-20260726:seed-4:S0,4,S0,cold,11,57.75980820006225,2.331502060460307,2.331502060460307,3.7941968632479997,0.9485492158119999,1.4626948027876927,0.3656737006969232,5.1745260601043706,-0.5295958163340887,,,10,False,False,,True,D:\Coding\Python\DSCI_SEAS\Scripts\Exp4_System-Overhead\result_data\seed_4_20260726-192926\convergence\20260726-192926-516_controlled-5seed-resnet50-cifar10-20260726_seed-4_S0_cold.jsonl
controlled-5seed-resnet50-cifar10-20260726,controlled-5seed-resnet50-cifar10-20260726:seed-4:S0,4,S0,cold,12,62.840071300044656,2.268381187740758,2.268381187740758,3.573677333505962,0.8934193333764905,1.3052961457652044,0.3263240364413011,5.146111653010051,-0.5499478216568628,,,10,False,False,,True,D:\Coding\Python\DSCI_SEAS\Scripts\Exp4_System-Overhead\result_data\seed_4_20260726-192926\convergence\20260726-192926-516_controlled-5seed-resnet50-cifar10-20260726_seed-4_S0_cold.jsonl
controlled-5seed-resnet50-cifar10-20260726,controlled-5seed-resnet50-cifar10-20260726:seed-4:S0,4,S0,cold,13,68.20605780009646,2.2985376834998084,2.2985376834998084,3.218643732822149,0.8046609332055372,0.9201060493223406,0.23002651233058516,5.108819982846578,-0.5856036543051402,,,10,False,False,,True,D:\Coding\Python\DSCI_SEAS\Scripts\Exp4_System-Overhead\result_data\seed_4_20260726-192926\convergence\20260726-192926-516_controlled-5seed-resnet50-cifar10-20260726_seed-4_S0_cold.jsonl
controlled-5seed-resnet50-cifar10-20260726,controlled-5seed-resnet50-cifar10-20260726:seed-4:S0,4,S0,cold,14,73.68908510007896,2.743642420618005,2.743642420618005,3.792091101731018,0.9480227754327545,1.0484486811130134,0.26211217027825334,5.061969494819641,-0.6358775379260381,,,14,True,False,,True,D:\Coding\Python\DSCI_SEAS\Scripts\Exp4_System-Overhead\result_data\seed_4_20260726-192926\convergence\20260726-192926-516_controlled-5seed-resnet50-cifar10-20260726_seed-4_S0_cold.jsonl
controlled-5seed-resnet50-cifar10-20260726,controlled-5seed-resnet50-cifar10-20260726:seed-4:S0,4,S0,cold,15,79.30999850004446,2.4462144777404617,2.4462144777404617,3.358456982058237,0.8396142455145592,0.912242504317775,0.22806062607944375,5.008475006739299,-0.670729733546575,,,14,False,False,,True,D:\Coding\Python\DSCI_SEAS\Scripts\Exp4_System-Overhead\result_data\seed_4_20260726-192926\convergence\20260726-192926-516_controlled-5seed-resnet50-cifar10-20260726_seed-4_S0_cold.jsonl
controlled-5seed-resnet50-cifar10-20260726,controlled-5seed-resnet50-cifar10-20260726:seed-4:S0,4,S0,cold,16,85.49064279999584,2.755313270217771,2.755313270217771,3.6520686677789183,0.9130171669447296,0.8967553975611475,0.22418884939028688,4.941535862922668,-0.740572404742241,,,16,True,False,,True,D:\Coding\Python\DSCI_SEAS\Scripts\Exp4_System-Overhead\result_data\seed_4_20260726-192926\convergence\20260726-192926-516_controlled-5seed-resnet50-cifar10-20260726_seed-4_S0_cold.jsonl
controlled-5seed-resnet50-cifar10-20260726,controlled-5seed-resnet50-cifar10-20260726:seed-4:S0,4,S0,cold,17,91.740221700049,2.744818197146557,2.744818197146557,3.5393079800194513,0.8848269950048628,0.7944897828728944,0.1986224457182236,4.855718654632568,-0.7862991218964259,,,16,False,False,,True,D:\Coding\Python\DSCI_SEAS\Scripts\Exp4_System-Overhead\result_data\seed_4_20260726-192926\convergence\20260726-192926-516_controlled-5seed-resnet50-cifar10-20260726_seed-4_S0_cold.jsonl
controlled-5seed-resnet50-cifar10-20260726,controlled-5seed-resnet50-cifar10-20260726:seed-4:S0,4,S0,cold,18,98.06221090001054,2.6538045750472645,2.6538045750472645,3.7236865231716,0.9309216307929,1.0698819481243356,0.2674704870310839,4.770577552159628,-0.8022993716398875,,,16,False,False,,True,D:\Coding\Python\DSCI_SEAS\Scripts\Exp4_System-Overhead\result_data\seed_4_20260726-192926\convergence\20260726-192926-516_controlled-5seed-resnet50-cifar10-20260726_seed-4_S0_cold.jsonl
controlled-5seed-resnet50-cifar10-20260726,controlled-5seed-resnet50-cifar10-20260726:seed-4:S0,4,S0,cold,19,103.81391260004602,2.82745919680923,2.82745919680923,3.5720036356448652,0.8930009089112163,0.7445444388356354,0.18613610970890884,4.678823503812154,-0.8708716401259105,,,19,True,False,,True,D:\Coding\Python\DSCI_SEAS\Scripts\Exp4_System-Overhead\result_data\seed_4_20260726-192926\convergence\20260726-192926-516_controlled-5seed-resnet50-cifar10-20260726_seed-4_S0_cold.jsonl
controlled-5seed-resnet50-cifar10-20260726,controlled-5seed-resnet50-cifar10-20260726:seed-4:S0,4,S0,cold,20,109.04319650004618,2.7411292450370555,2.7411292450370555,3.7414406162916607,0.9353601540729152,1.000311371254605,0.25007784281365125,4.587413503964742,-0.9724971614678701,,,19,False,False,,True,D:\Coding\Python\DSCI_SEAS\Scripts\Exp4_System-Overhead\result_data\seed_4_20260726-192926\convergence\20260726-192926-516_controlled-5seed-resnet50-cifar10-20260726_seed-4_S0_cold.jsonl
controlled-5seed-resnet50-cifar10-20260726,controlled-5seed-resnet50-cifar10-20260726:seed-4:S0,4,S0,cold,21,114.41203920007683,2.897453606689159,2.897453606689159,3.793628401257715,0.9484071003144288,0.8961747945685559,0.22404369864213897,4.487826450665792,-1.0669170864423116,,,21,True,False,,True,D:\Coding\Python\DSCI_SEAS\Scripts\Exp4_System-Overhead\result_data\seed_4_20260726-192926\convergence\20260726-192926-516_controlled-5seed-resnet50-cifar10-20260726_seed-4_S0_cold.jsonl
controlled-5seed-resnet50-cifar10-20260726,controlled-5seed-resnet50-cifar10-20260726:seed-4:S0,4,S0,cold,22,119.48763450002298,2.9986997033786547,2.9986997033786547,3.849852554133395,0.9624631385333487,0.8511528507547405,0.2127882126886851,4.381193649609884,-1.156484054485957,,,22,True,False,,True,D:\Coding\Python\DSCI_SEAS\Scripts\Exp4_System-Overhead\result_data\seed_4_20260726-192926\convergence\20260726-192926-516_controlled-5seed-resnet50-cifar10-20260726_seed-4_S0_cold.jsonl
controlled-5seed-resnet50-cifar10-20260726,controlled-5seed-resnet50-cifar10-20260726:seed-4:S0,4,S0,cold,23,124.50551590009127,2.9419331492984293,2.9419331492984293,3.888561716732416,0.972140429183104,0.9466285674339866,0.23665714185849665,4.276001319249471,-1.2349894932905834,,,22,False,False,,True,D:\Coding\Python\DSCI_SEAS\Scripts\Exp4_System-Overhead\result_data\seed_4_20260726-192926\convergence\20260726-192926-516_controlled-5seed-resnet50-cifar10-20260726_seed-4_S0_cold.jsonl
controlled-5seed-resnet50-cifar10-20260726,controlled-5seed-resnet50-cifar10-20260726:seed-4:S0,4,S0,cold,24,129.66134029999375,2.974195441764024,2.974195441764024,3.87227259089504,0.96806814772376,0.8980771491310163,0.22451928728275408,4.162116569201151,-1.360132597366969,,,22,False,False,,True,D:\Coding\Python\DSCI_SEAS\Scripts\Exp4_System-Overhead\result_data\seed_4_20260726-192926\convergence\20260726-192926-516_controlled-5seed-resnet50-cifar10-20260726_seed-4_S0_cold.jsonl
controlled-5seed-resnet50-cifar10-20260726,controlled-5seed-resnet50-cifar10-20260726:seed-4:S0,4,S0,cold,25,134.52027880004607,2.9744241689887807,2.9744241689887807,3.7684135576337314,0.9421033894084329,0.7939893886449506,0.19849734716123765,4.065589116096497,-1.4448976488113403,,,22,False,False,,True,D:\Coding\Python\DSCI_SEAS\Scripts\Exp4_System-Overhead\result_data\seed_4_20260726-192926\convergence\20260726-192926-516_controlled-5seed-resnet50-cifar10-20260726_seed-4_S0_cold.jsonl
controlled-5seed-resnet50-cifar10-20260726,controlled-5seed-resnet50-cifar10-20260726:seed-4:S0,4,S0,cold,26,139.69954280008096,3.0287167319668176,3.0287167319668176,3.828298043712672,0.957074510928168,0.7995813117458543,0.19989532793646358,3.9579090801874797,-1.600867472489675,,,26,True,False,,True,D:\Coding\Python\DSCI_SEAS\Scripts\Exp4_System-Overhead\result_data\seed_4_20260726-192926\convergence\20260726-192926-516_controlled-5seed-resnet50-cifar10-20260726_seed-4_S0_cold.jsonl
controlled-5seed-resnet50-cifar10-20260726,controlled-5seed-resnet50-cifar10-20260726:seed-4:S0,4,S0,cold,27,144.97596519999206,3.06170047908015,3.06170047908015,3.847454125335317,0.9618635313338293,0.7857536462551675,0.19643841156379188,3.85967503229777,-1.6652082030773163,,,27,True,False,,True,D:\Coding\Python\DSCI_SEAS\Scripts\Exp4_System-Overhead\result_data\seed_4_20260726-192926\convergence\20260726-192926-516_controlled-5seed-resnet50-cifar10-20260726_seed-4_S0_cold.jsonl
controlled-5seed-resnet50-cifar10-20260726,controlled-5seed-resnet50-cifar10-20260726:seed-4:S0,4,S0,cold,28,150.04643109999597,3.085131721098413,3.085131721098413,3.8903563108073316,0.9725890777018329,0.8052245897089184,0.2013061474272296,3.7611716826756796,-1.7850423328876495,,,28,True,False,,True,D:\Coding\Python\DSCI_SEAS\Scripts\Exp4_System-Overhead\result_data\seed_4_20260726-192926\convergence\20260726-192926-516_controlled-5seed-resnet50-cifar10-20260726_seed-4_S0_cold.jsonl
controlled-5seed-resnet50-cifar10-20260726,controlled-5seed-resnet50-cifar10-20260726:seed-4:S0,4,S0,cold,29,155.34883960010484,3.08263167427996,3.08263167427996,3.80542861564128,0.95135715391032,0.7227969413613203,0.18069923534033008,3.6678257050514222,-1.9230680187543234,,,28,False,False,,True,D:\Coding\Python\DSCI_SEAS\Scripts\Exp4_System-Overhead\result_data\seed_4_20260726-192926\convergence\20260726-192926-516_controlled-5seed-resnet50-cifar10-20260726_seed-4_S0_cold.jsonl
controlled-5seed-resnet50-cifar10-20260726,controlled-5seed-resnet50-cifar10-20260726:seed-4:S0,4,S0,cold,30,160.5134398000082,3.1298801362392865,3.1298801362392865,3.8506898627894666,0.9626724656973666,0.7208097265501798,0.18020243163754496,3.573702723503113,-2.088803915818532,,,30,True,False,,True,D:\Coding\Python\DSCI_SEAS\Scripts\Exp4_System-Overhead\result_data\seed_4_20260726-192926\convergence\20260726-192926-516_controlled-5seed-resnet50-cifar10-20260726_seed-4_S0_cold.jsonl
controlled-5seed-resnet50-cifar10-20260726,controlled-5seed-resnet50-cifar10-20260726:seed-4:S0,4,S0,cold,31,165.73969310009852,3.104595297138173,3.104595297138173,3.892483382195853,0.9731208455489633,0.78788808505768,0.19697202126442,3.482539363225301,-2.2405248902638752,,,30,False,False,,True,D:\Coding\Python\DSCI_SEAS\Scripts\Exp4_System-Overhead\result_data\seed_4_20260726-192926\convergence\20260726-192926-516_controlled-5seed-resnet50-cifar10-20260726_seed-4_S0_cold.jsonl
controlled-5seed-resnet50-cifar10-20260726,controlled-5seed-resnet50-cifar10-20260726:seed-4:S0,4,S0,cold,32,171.5516739001032,3.178049260381159,3.178049260381159,3.8950362864435712,0.9737590716108928,0.716987026062412,0.179246756515603,3.3740523219108582,-2.4058367935816447,,,32,True,False,,True,D:\Coding\Python\DSCI_SEAS\Scripts\Exp4_System-Overhead\result_data\seed_4_20260726-192926\convergence\20260726-192926-516_controlled-5seed-resnet50-cifar10-20260726_seed-4_S0_cold.jsonl
controlled-5seed-resnet50-cifar10-20260726,controlled-5seed-resnet50-cifar10-20260726:seed-4:S0,4,S0,cold,33,176.99202600005083,3.1615920389505767,3.1615920389505767,3.8655599480640004,0.9663899870160001,0.7039679091134234,0.17599197727835586,3.264610568364461,-2.474403452396393,,,32,False,False,,True,D:\Coding\Python\DSCI_SEAS\Scripts\Exp4_System-Overhead\result_data\seed_4_20260726-192926\convergence\20260726-192926-516_controlled-5seed-resnet50-cifar10-20260726_seed-4_S0_cold.jsonl
controlled-5seed-resnet50-cifar10-20260726,controlled-5seed-resnet50-cifar10-20260726:seed-4:S0,4,S0,cold,34,182.15874189999886,3.151800255557636,3.151800255557636,3.8886408560786307,0.9721602140196577,0.7368406005209948,0.1842101501302487,3.146288506825765,-2.6593553902308145,,,32,False,False,,True,D:\Coding\Python\DSCI_SEAS\Scripts\Exp4_System-Overhead\result_data\seed_4_20260726-192926\convergence\20260726-192926-516_controlled-5seed-resnet50-cifar10-20260726_seed-4_S0_cold.jsonl
controlled-5seed-resnet50-cifar10-20260726,controlled-5seed-resnet50-cifar10-20260726:seed-4:S0,4,S0,cold,35,187.27667120005935,3.177704811959839,3.177704811959839,3.8992720853240126,0.9748180213310031,0.7215672733641739,0.18039181834104348,3.026546454270681,-2.802707331498464,,,32,False,False,,True,D:\Coding\Python\DSCI_SEAS\Scripts\Exp4_System-Overhead\result_data\seed_4_20260726-192926\convergence\20260726-192926-516_controlled-5seed-resnet50-cifar10-20260726_seed-4_S0_cold.jsonl
controlled-5seed-resnet50-cifar10-20260726,controlled-5seed-resnet50-cifar10-20260726:seed-4:S0,4,S0,cold,36,192.46778669999912,3.1443421897946893,3.1443421897946893,3.8819629163073914,0.9704907290768479,0.7376207265127019,0.18440518162817549,2.8854962288538615,-2.8017488107681277,,,32,False,False,,True,D:\Coding\Python\DSCI_SEAS\Scripts\Exp4_System-Overhead\result_data\seed_4_20260726-192926\convergence\20260726-192926-516_controlled-5seed-resnet50-cifar10-20260726_seed-4_S0_cold.jsonl
controlled-5seed-resnet50-cifar10-20260726,controlled-5seed-resnet50-cifar10-20260726:seed-4:S0,4,S0,cold,37,197.50678140006494,3.2040425824819105,3.2040425824819105,3.9075572180404516,0.9768893045101129,0.703514635558541,0.17587865888963525,2.7336869541803996,-2.955568200111389,,,37,True,False,,True,D:\Coding\Python\DSCI_SEAS\Scripts\Exp4_System-Overhead\result_data\seed_4_20260726-192926\convergence\20260726-192926-516_controlled-5seed-resnet50-cifar10-20260726_seed-4_S0_cold.jsonl
controlled-5seed-resnet50-cifar10-20260726,controlled-5seed-resnet50-cifar10-20260726:seed-4:S0,4,S0,cold,38,202.8660535000963,3.1913144174751436,3.1913144174751436,3.89432074245544,0.97358018561386,0.7030063249802965,0.17575158124507412,2.5948142123222353,-3.084708175500234,,,37,False,False,,True,D:\Coding\Python\DSCI_SEAS\Scripts\Exp4_System-Overhead\result_data\seed_4_20260726-192926\convergence\20260726-192926-516_controlled-5seed-resnet50-cifar10-20260726_seed-4_S0_cold.jsonl
controlled-5seed-resnet50-cifar10-20260726,controlled-5seed-resnet50-cifar10-20260726:seed-4:S0,4,S0,cold,39,207.8397263000952,3.200810829889265,3.200810829889265,3.9046702630079997,0.9761675657519999,0.7038594331187347,0.17596485827968367,2.464896644910177,-3.261347599506378,0.3081220053234135,0.03840542603238077,37,False,False,,True,D:\Coding\Python\DSCI_SEAS\Scripts\Exp4_System-Overhead\result_data\seed_4_20260726-192926\convergence\20260726-192926-516_controlled-5seed-resnet50-cifar10-20260726_seed-4_S0_cold.jsonl
controlled-5seed-resnet50-cifar10-20260726,controlled-5seed-resnet50-cifar10-20260726:seed-4:S0,4,S0,cold,40,212.93691960000433,3.1888313856409023,3.1888313856409023,3.8946282165598083,0.9736570541399521,0.705796830918906,0.1764492077297265,2.3367061813672385,-3.467353213628133,0.30720978613219185,0.03005197493722571,37,False,False,,True,D:\Coding\Python\DSCI_SEAS\Scripts\Exp4_System-Overhead\result_data\seed_4_20260726-192926\convergence\20260726-192926-516_controlled-5seed-resnet50-cifar10-20260726_seed-4_S0_cold.jsonl
controlled-5seed-resnet50-cifar10-20260726,controlled-5seed-resnet50-cifar10-20260726:seed-4:S0,4,S0,cold,41,218.62622850004118,3.189406489925522,3.189406489925522,3.894894695232695,0.9737236738081737,0.7054882053071729,0.17637205132679323,2.2114372011820476,-3.6693442058563233,0.29147902053674496,0.026835364187158317,37,False,False,,True,D:\Coding\Python\DSCI_SEAS\Scripts\Exp4_System-Overhead\result_data\seed_4_20260726-192926\convergence\20260726-192926-516_controlled-5seed-resnet50-cifar10-20260726_seed-4_S0_cold.jsonl
controlled-5seed-resnet50-cifar10-20260726,controlled-5seed-resnet50-cifar10-20260726:seed-4:S0,4,S0,cold,42,223.57231000007596,3.2057975154928777,3.2057975154928777,3.9105664619519995,0.9776416154879999,0.7047689464591218,0.17619223661478045,2.095707355340322,-3.8642314615249633,0.2692370101917684,0.026287852114523166,42,True,False,,True,D:\Coding\Python\DSCI_SEAS\Scripts\Exp4_System-Overhead\result_data\seed_4_20260726-192926\convergence\20260726-192926-516_controlled-5seed-resnet50-cifar10-20260726_seed-4_S0_cold.jsonl
controlled-5seed-resnet50-cifar10-20260726,controlled-5seed-resnet50-cifar10-20260726:seed-4:S0,4,S0,cold,43,228.52160330000333,3.197589645791502,3.197589645791502,3.903023541200307,0.9757558853000767,0.705433895408805,0.17635847385220124,1.9736383194128673,-3.9352954161961873,0.2494713474248493,0.023255233169783007,42,False,False,,True,D:\Coding\Python\DSCI_SEAS\Scripts\Exp4_System-Overhead\result_data\seed_4_20260726-192926\convergence\20260726-192926-516_controlled-5seed-resnet50-cifar10-20260726_seed-4_S0_cold.jsonl
controlled-5seed-resnet50-cifar10-20260726,controlled-5seed-resnet50-cifar10-20260726:seed-4:S0,4,S0,cold,44,234.01241180009674,3.2037706544983995,3.2037706544983995,3.907830552932947,0.9769576382332368,0.7040598984345476,0.1760149746086369,1.8554828418890634,-4.168979694684347,0.23487608273257754,0.020601595614736897,42,False,False,,True,D:\Coding\Python\DSCI_SEAS\Scripts\Exp4_System-Overhead\result_data\seed_4_20260726-192926\convergence\20260726-192926-516_controlled-5seed-resnet50-cifar10-20260726_seed-4_S0_cold.jsonl
controlled-5seed-resnet50-cifar10-20260726,controlled-5seed-resnet50-cifar10-20260726:seed-4:S0,4,S0,cold,45,239.51522000005934,3.2040683959678633,3.2040683959678633,3.909722432919418,0.9774306082298545,0.7056540369515547,0.17641350923788868,1.7352420046329498,-4.320265375455221,0.22604710683933962,0.016846435770181203,42,False,False,,True,D:\Coding\Python\DSCI_SEAS\Scripts\Exp4_System-Overhead\result_data\seed_4_20260726-192926\convergence\20260726-192926-516_controlled-5seed-resnet50-cifar10-20260726_seed-4_S0_cold.jsonl
controlled-5seed-resnet50-cifar10-20260726,controlled-5seed-resnet50-cifar10-20260726:seed-4:S0,4,S0,cold,46,244.66702789999545,3.2021227515356503,3.2021227515356503,3.9062159868639994,0.9765539967159999,0.704093235328349,0.17602330883208725,1.624096791267395,-4.546471460660299,0.21171685647860702,0.014382510369792802,42,False,False,,True,D:\Coding\Python\DSCI_SEAS\Scripts\Exp4_System-Overhead\result_data\seed_4_20260726-192926\convergence\20260726-192926-516_controlled-5seed-resnet50-cifar10-20260726_seed-4_S0_cold.jsonl
controlled-5seed-resnet50-cifar10-20260726,controlled-5seed-resnet50-cifar10-20260726:seed-4:S0,4,S0,cold,47,250.01325750001706,3.205004994186218,3.205004994186218,3.9094633422673404,0.9773658355668351,0.7044583480811223,0.17611458702028057,1.529501027584076,-4.765671475728353,0.19291500876127132,0.012576872670745353,42,False,False,,True,D:\Coding\Python\DSCI_SEAS\Scripts\Exp4_System-Overhead\result_data\seed_4_20260726-192926\convergence\20260726-192926-516_controlled-5seed-resnet50-cifar10-20260726_seed-4_S0_cold.jsonl
controlled-5seed-resnet50-cifar10-20260726,controlled-5seed-resnet50-cifar10-20260726:seed-4:S0,4,S0,cold,48,255.36881430004723,3.206570283613487,3.206570283613487,3.912127688032,0.978031922008,0.705557404418513,0.17638935110462825,1.4356900290648142,-4.969239140192667,0.16959349327377637,0.011150996286213216,48,True,False,,True,D:\Coding\Python\DSCI_SEAS\Scripts\Exp4_System-Overhead\result_data\seed_4_20260726-192926\convergence\20260726-192926-516_controlled-5seed-resnet50-cifar10-20260726_seed-4_S0_cold.jsonl
controlled-5seed-resnet50-cifar10-20260726,controlled-5seed-resnet50-cifar10-20260726:seed-4:S0,4,S0,cold,49,260.31433970003854,3.2070913360927884,3.2070913360927884,3.9127838400000003,0.9781959600000001,0.7056925039072118,0.17642312597680296,1.345059529622396,-5.203594522794088,0.1501989530527649,0.009009304897471185,49,True,False,,True,D:\Coding\Python\DSCI_SEAS\Scripts\Exp4_System-Overhead\result_data\seed_4_20260726-192926\convergence\20260726-192926-516_controlled-5seed-resnet50-cifar10-20260726_seed-4_S0_cold.jsonl
controlled-5seed-resnet50-cifar10-20260726,controlled-5seed-resnet50-cifar10-20260726:seed-4:S0,4,S0,cold,50,265.31333010003436,3.2067321493148775,3.2067321493148775,3.912142022065005,0.9780355055162513,0.7054098727501277,0.17635246818753192,1.2682092337608337,-5.53292265923818,0.1383511551115311,0.008283067626962683,49,False,False,,True,D:\Coding\Python\DSCI_SEAS\Scripts\Exp4_System-Overhead\result_data\seed_4_20260726-192926\convergence\20260726-192926-516_controlled-5seed-resnet50-cifar10-20260726_seed-4_S0_cold.jsonl
controlled-5seed-resnet50-cifar10-20260726,controlled-5seed-resnet50-cifar10-20260726:seed-4:S0,4,S0,cold,51,270.57527390006,3.208777858003801,3.208777858003801,3.913497753664,0.978374438416,0.7047198956601991,0.17617997391504978,1.1859773864746095,-5.645937774658203,0.12468154089272722,0.005930394320096573,51,True,False,,True,D:\Coding\Python\DSCI_SEAS\Scripts\Exp4_System-Overhead\result_data\seed_4_20260726-192926\convergence\20260726-192926-516_controlled-5seed-resnet50-cifar10-20260726_seed-4_S0_cold.jsonl
controlled-5seed-resnet50-cifar10-20260726,controlled-5seed-resnet50-cifar10-20260726:seed-4:S0,4,S0,cold,52,275.6756318000844,3.206412444636828,3.206412444636828,3.9112818000000003,0.9778204500000001,0.7048693553631722,0.17621733884079305,1.120705303589503,-5.861065997123719,0.10743249453018935,0.005921910170610737,51,False,False,,True,D:\Coding\Python\DSCI_SEAS\Scripts\Exp4_System-Overhead\result_data\seed_4_20260726-192926\convergence\20260726-192926-516_controlled-5seed-resnet50-cifar10-20260726_seed-4_S0_cold.jsonl
controlled-5seed-resnet50-cifar10-20260726,controlled-5seed-resnet50-cifar10-20260726:seed-4:S0,4,S0,cold,53,280.81223400007,3.208106101520878,3.208106101520878,3.913165199979904,0.978291299994976,0.7050590984590259,0.17626477461475648,1.0714260581334432,-6.166070343653361,0.09189791631366766,0.005539789207438614,51,False,False,,True,D:\Coding\Python\DSCI_SEAS\Scripts\Exp4_System-Overhead\result_data\seed_4_20260726-192926\convergence\20260726-192926-516_controlled-5seed-resnet50-cifar10-20260726_seed-4_S0_cold.jsonl
controlled-5seed-resnet50-cifar10-20260726,controlled-5seed-resnet50-cifar10-20260726:seed-4:S0,4,S0,cold,54,286.00197089998983,3.2079855132294677,3.2079855132294677,3.9138422942333126,0.9784605735583282,0.705856781003845,0.17646419525096124,1.0199561826388042,-6.209337564786275,0.08528976473233069,0.004613388822363983,51,False,False,,True,D:\Coding\Python\DSCI_SEAS\Scripts\Exp4_System-Overhead\result_data\seed_4_20260726-192926\convergence\20260726-192926-516_controlled-5seed-resnet50-cifar10-20260726_seed-4_S0_cold.jsonl
controlled-5seed-resnet50-cifar10-20260726,controlled-5seed-resnet50-cifar10-20260726:seed-4:S0,4,S0,cold,55,291.3537778001046,3.208302506113011,3.208302506113011,3.9125837712639995,0.9781459428159999,0.7042812651509887,0.17607031628774716,0.974084289987882,-6.523352395057678,0.07249827712646581,0.004409590894076989,51,False,False,,True,D:\Coding\Python\DSCI_SEAS\Scripts\Exp4_System-Overhead\result_data\seed_4_20260726-192926\convergence\20260726-192926-516_controlled-5seed-resnet50-cifar10-20260726_seed-4_S0_cold.jsonl
controlled-5seed-resnet50-cifar10-20260726,controlled-5seed-resnet50-cifar10-20260726:seed-4:S0,4,S0,cold,56,296.7192076999927,3.2071480272096533,3.2071480272096533,3.91119012532,0.97779753133,0.7040420981103469,0.17601052452758673,0.9219934336344401,-6.739793230056763,0.06659706761262217,0.0019198643401662904,51,False,False,,True,D:\Coding\Python\DSCI_SEAS\Scripts\Exp4_System-Overhead\result_data\seed_4_20260726-192926\convergence\20260726-192926-516_controlled-5seed-resnet50-cifar10-20260726_seed-4_S0_cold.jsonl
controlled-5seed-resnet50-cifar10-20260726,controlled-5seed-resnet50-cifar10-20260726:seed-4:S0,4,S0,cold,57,302.1069121999899,3.209334100671959,3.209334100671959,3.9143477741920005,0.9785869435480001,0.7050136735200415,0.17625341838001038,0.8841058782339096,-7.045453610102336,0.0585910930801448,0.0019669646117769658,57,True,False,,True,D:\Coding\Python\DSCI_SEAS\Scripts\Exp4_System-Overhead\result_data\seed_4_20260726-192926\convergence\20260726-192926-516_controlled-5seed-resnet50-cifar10-20260726_seed-4_S0_cold.jsonl
controlled-5seed-resnet50-cifar10-20260726,controlled-5seed-resnet50-cifar10-20260726:seed-4:S0,4,S0,cold,58,307.0092225000262,3.208620605114506,3.208620605114506,3.9133629236000003,0.9783407309000001,0.7047423184854946,0.17618557962137366,0.8508854560057322,-7.362887800216675,0.04955529396942144,0.0017997499505244378,57,False,False,,True,D:\Coding\Python\DSCI_SEAS\Scripts\Exp4_System-Overhead\result_data\seed_4_20260726-192926\convergence\20260726-192926-516_controlled-5seed-resnet50-cifar10-20260726_seed-4_S0_cold.jsonl
controlled-5seed-resnet50-cifar10-20260726,controlled-5seed-resnet50-cifar10-20260726:seed-4:S0,4,S0,cold,59,312.4076296000276,3.209051675790081,3.209051675790081,3.913463108256,0.978365777064,0.7044114324659189,0.17610285811647972,0.8234451659917832,-7.7234100901285805,0.04331060221460855,0.0018128709297028363,57,False,False,,True,D:\Coding\Python\DSCI_SEAS\Scripts\Exp4_System-Overhead\result_data\seed_4_20260726-192926\convergence\20260726-192926-516_controlled-5seed-resnet50-cifar10-20260726_seed-4_S0_cold.jsonl
controlled-5seed-resnet50-cifar10-20260726,controlled-5seed-resnet50-cifar10-20260726:seed-4:S0,4,S0,cold,60,317.84251600003336,3.2095404123534026,3.2095404123534026,3.9140326388240005,0.9785081597060001,0.7044922264705982,0.17612305661764954,0.8023551436662674,-8.09028815905253,0.036096657902546736,0.0014497468282237693,60,True,False,,True,D:\Coding\Python\DSCI_SEAS\Scripts\Exp4_System-Overhead\result_data\seed_4_20260726-192926\convergence\20260726-192926-516_controlled-5seed-resnet50-cifar10-20260726_seed-4_S0_cold.jsonl
controlled-5seed-resnet50-cifar10-20260726,controlled-5seed-resnet50-cifar10-20260726:seed-4:S0,4,S0,cold,61,324.7837257999927,3.2103393143012395,3.2103393143012395,3.914738695072,0.978684673768,0.7043993807707605,0.17609984519269012,0.7851719351212184,-8.091520787556966,0.03156779389336847,0.0009130750021758541,61,True,False,,True,D:\Coding\Python\DSCI_SEAS\Scripts\Exp4_System-Overhead\result_data\seed_4_20260726-192926\convergence\20260726-192926-516_controlled-5seed-resnet50-cifar10-20260726_seed-4_S0_cold.jsonl
controlled-5seed-resnet50-cifar10-20260726,controlled-5seed-resnet50-cifar10-20260726:seed-4:S0,4,S0,cold,62,330.8220317000523,3.2098807203968116,3.2098807203968116,3.9147354400000003,0.9786838600000001,0.7048547196031886,0.17621367990079714,0.769241358200709,-7.924151968320211,0.0282083414949262,0.000937026869684992,61,False,False,,True,D:\Coding\Python\DSCI_SEAS\Scripts\Exp4_System-Overhead\result_data\seed_4_20260726-192926\convergence\20260726-192926-516_controlled-5seed-resnet50-cifar10-20260726_seed-4_S0_cold.jsonl
controlled-5seed-resnet50-cifar10-20260726,controlled-5seed-resnet50-cifar10-20260726:seed-4:S0,4,S0,cold,63,336.6584065000061,3.2087708808989794,3.2087708808989794,3.91405404176,0.97851351044,0.7052831608610207,0.17632079021525518,0.7435408393144608,-8.024887800534566,0.024189873801852738,0.0006719078741061698,61,False,False,,True,D:\Coding\Python\DSCI_SEAS\Scripts\Exp4_System-Overhead\result_data\seed_4_20260726-192926\convergence\20260726-192926-516_controlled-5seed-resnet50-cifar10-20260726_seed-4_S0_cold.jsonl
controlled-5seed-resnet50-cifar10-20260726,controlled-5seed-resnet50-cifar10-20260726:seed-4:S0,4,S0,cold,64,342.9588247000938,3.210930856825303,3.210930856825303,3.9152106799999995,0.9788026699999999,0.7042798231746966,0.17606995579367415,0.7179293438990911,-8.5489623670578,0.020563391569515324,0.0006608790376370804,64,True,False,,True,D:\Coding\Python\DSCI_SEAS\Scripts\Exp4_System-Overhead\result_data\seed_4_20260726-192926\convergence\20260726-192926-516_controlled-5seed-resnet50-cifar10-20260726_seed-4_S0_cold.jsonl
controlled-5seed-resnet50-cifar10-20260726,controlled-5seed-resnet50-cifar10-20260726:seed-4:S0,4,S0,cold,65,348.17846409999765,3.208943705685319,3.208943705685319,3.9138397420604933,0.9784599355151233,0.7048960363751741,0.17622400909379352,0.7171934652725855,-9.08953862253825,0.01692597328623265,0.0006103157699912984,64,False,False,,True,D:\Coding\Python\DSCI_SEAS\Scripts\Exp4_System-Overhead\result_data\seed_4_20260726-192926\convergence\20260726-192926-516_controlled-5seed-resnet50-cifar10-20260726_seed-4_S0_cold.jsonl
controlled-5seed-resnet50-cifar10-20260726,controlled-5seed-resnet50-cifar10-20260726:seed-4:S0,4,S0,cold,66,353.3041532000061,3.2103191739147743,3.2103191739147743,3.91504805872,0.97876201468,0.7047288848052258,0.17618222120130644,0.721125115275383,-9.68143451054891,0.014268197617110132,0.0004644859852957417,64,False,False,,True,D:\Coding\Python\DSCI_SEAS\Scripts\Exp4_System-Overhead\result_data\seed_4_20260726-192926\convergence\20260726-192926-516_controlled-5seed-resnet50-cifar10-20260726_seed-4_S0_cold.jsonl
controlled-5seed-resnet50-cifar10-20260726,controlled-5seed-resnet50-cifar10-20260726:seed-4:S0,4,S0,cold,67,358.7274507000111,3.2107558972726955,3.2107558972726955,3.9159429599999998,0.9789857399999999,0.7051870627273042,0.17629676568182606,0.7169872325658798,-10.522033466339112,0.012066626255695106,0.00042313145354459444,64,False,False,,True,D:\Coding\Python\DSCI_SEAS\Scripts\Exp4_System-Overhead\result_data\seed_4_20260726-192926\convergence\20260726-192926-516_controlled-5seed-resnet50-cifar10-20260726_seed-4_S0_cold.jsonl
controlled-5seed-resnet50-cifar10-20260726,controlled-5seed-resnet50-cifar10-20260726:seed-4:S0,4,S0,cold,68,363.9304464000743,3.209970020378937,3.209970020378937,3.9148508399999997,0.9787127099999999,0.7048808196210629,0.17622020490526571,0.7066736106872559,-10.96733995183309,0.010185557163550104,0.00040331174309204677,64,False,False,,True,D:\Coding\Python\DSCI_SEAS\Scripts\Exp4_System-Overhead\result_data\seed_4_20260726-192926\convergence\20260726-192926-516_controlled-5seed-resnet50-cifar10-20260726_seed-4_S0_cold.jsonl
controlled-5seed-resnet50-cifar10-20260726,controlled-5seed-resnet50-cifar10-20260726:seed-4:S0,4,S0,cold,69,369.2915339000756,3.210101609028285,3.210101609028285,3.915088974064,0.978772243516,0.7049873650357151,0.17624684125892878,0.7047844313383103,-11.388978362401327,0.00825769187433453,0.00039117064689294767,64,False,False,,True,D:\Coding\Python\DSCI_SEAS\Scripts\Exp4_System-Overhead\result_data\seed_4_20260726-192926\convergence\20260726-192926-516_controlled-5seed-resnet50-cifar10-20260726_seed-4_S0_cold.jsonl
controlled-5seed-resnet50-cifar10-20260726,controlled-5seed-resnet50-cifar10-20260726:seed-4:S0,4,S0,cold,70,374.12367240001913,3.2112151483964597,3.2112151483964597,3.9161240082559994,0.9790310020639998,0.7049088598595399,0.17622721496488497,0.7019982831875483,-12.418411610921224,0.007112199689578125,0.0003832967414852501,70,True,False,,True,D:\Coding\Python\DSCI_SEAS\Scripts\Exp4_System-Overhead\result_data\seed_4_20260726-192926\convergence\20260726-192926-516_controlled-5seed-resnet50-cifar10-20260726_seed-4_S0_cold.jsonl
controlled-5seed-resnet50-cifar10-20260726,controlled-5seed-resnet50-cifar10-20260726:seed-4:S0,4,S0,cold,71,379.88464850001037,3.210594225461312,3.210594225461312,3.91499504,0.97874876,0.7044008145386881,0.17610020363467202,0.6922060415347417,-13.671852475484211,0.005496996706190734,0.0003927238434612736,70,False,False,,True,D:\Coding\Python\DSCI_SEAS\Scripts\Exp4_System-Overhead\result_data\seed_4_20260726-192926\convergence\20260726-192926-516_controlled-5seed-resnet50-cifar10-20260726_seed-4_S0_cold.jsonl
controlled-5seed-resnet50-cifar10-20260726,controlled-5seed-resnet50-cifar10-20260726:seed-4:S0,4,S0,cold,72,385.1034970000619,3.211208206477569,3.211208206477569,3.91607330064,0.97901832516,0.704865094162431,0.17621627354060776,0.6834136091073354,-15.082423373540243,0.005125528972543271,0.0003536646678791155,70,False,False,,True,D:\Coding\Python\DSCI_SEAS\Scripts\Exp4_System-Overhead\result_data\seed_4_20260726-192926\convergence\20260726-192926-516_controlled-5seed-resnet50-cifar10-20260726_seed-4_S0_cold.jsonl
controlled-5seed-resnet50-cifar10-20260726,controlled-5seed-resnet50-cifar10-20260726:seed-4:S0,4,S0,cold,73,390.5313807000639,3.2106735211071897,3.2106735211071897,3.9148784009920004,0.9787196002480001,0.7042048798848106,0.17605121997120265,0.6741547024647395,-16.849592147191366,0.004434168516287039,0.00034544039580434814,70,False,False,,True,D:\Coding\Python\DSCI_SEAS\Scripts\Exp4_System-Overhead\result_data\seed_4_20260726-192926\convergence\20260726-192926-516_controlled-5seed-resnet50-cifar10-20260726_seed-4_S0_cold.jsonl
controlled-5seed-resnet50-cifar10-20260726,controlled-5seed-resnet50-cifar10-20260726:seed-4:S0,4,S0,cold,74,395.7978965000948,3.210390555586876,3.210390555586876,3.914940020736,0.978735005184,0.7045494651491242,0.17613736628728105,0.6439834711551666,-18.285342868804932,0.003589517564295188,0.0003260856780878947,70,False,False,,True,D:\Coding\Python\DSCI_SEAS\Scripts\Exp4_System-Overhead\result_data\seed_4_20260726-192926\convergence\20260726-192926-516_controlled-5seed-resnet50-cifar10-20260726_seed-4_S0_cold.jsonl
controlled-5seed-resnet50-cifar10-20260726,controlled-5seed-resnet50-cifar10-20260726:seed-4:S0,4,S0,cold,75,400.92440340004396,3.2105569442554422,3.2105569442554422,3.91551912352,0.97887978088,0.7049621792645577,0.17624054481613943,0.631209290544192,-19.597564011891684,0.0031449177958314963,0.00031127127455877557,70,False,False,,True,D:\Coding\Python\DSCI_SEAS\Scripts\Exp4_System-Overhead\result_data\seed_4_20260726-192926\convergence\20260726-192926-516_controlled-5seed-resnet50-cifar10-20260726_seed-4_S0_cold.jsonl
controlled-5seed-resnet50-cifar10-20260726,controlled-5seed-resnet50-cifar10-20260726:seed-4:S0,4,S0,cold,76,406.0585338000674,3.2115429496453056,3.2115429496453056,3.9158596799999996,0.9789649199999999,0.7043167303546941,0.17607918258867353,0.6253813428878784,-21.971999404907226,0.002230017099932426,0.0002603930576352486,76,True,False,,True,D:\Coding\Python\DSCI_SEAS\Scripts\Exp4_System-Overhead\result_data\seed_4_20260726-192926\convergence\20260726-192926-516_controlled-5seed-resnet50-cifar10-20260726_seed-4_S0_cold.jsonl
controlled-5seed-resnet50-cifar10-20260726,controlled-5seed-resnet50-cifar10-20260726:seed-4:S0,4,S0,cold,77,411.8234946000157,3.211033475567438,3.211033475567438,3.9159472790239995,0.9789868197559999,0.7049138034565617,0.17622845086414043,0.6274945036570231,-23.878916721343995,0.0021737627724376938,0.00026052157692533275,76,False,False,,True,D:\Coding\Python\DSCI_SEAS\Scripts\Exp4_System-Overhead\result_data\seed_4_20260726-192926\convergence\20260726-192926-516_controlled-5seed-resnet50-cifar10-20260726_seed-4_S0_cold.jsonl
controlled-5seed-resnet50-cifar10-20260726,controlled-5seed-resnet50-cifar10-20260726:seed-4:S0,4,S0,cold,78,417.2000917000696,3.2105670121110332,3.2105670121110332,3.9152522096639997,0.9788130524159999,0.7046851975529662,0.17617129938824155,0.6292281185388565,-25.669335522969565,0.0019334880619929528,0.0002347009512905983,76,False,False,,True,D:\Coding\Python\DSCI_SEAS\Scripts\Exp4_System-Overhead\result_data\seed_4_20260726-192926\convergence\20260726-192926-516_controlled-5seed-resnet50-cifar10-20260726_seed-4_S0_cold.jsonl
controlled-5seed-resnet50-cifar10-20260726,controlled-5seed-resnet50-cifar10-20260726:seed-4:S0,4,S0,cold,79,422.40722400008235,3.2107817903116502,3.2107817903116502,3.9152125253119996,0.9788031313279999,0.7044307350003494,0.17610768375008734,0.6280708392461141,-28.207290559132893,0.0018316532799118178,0.0002181688485909066,76,False,False,,True,D:\Coding\Python\DSCI_SEAS\Scripts\Exp4_System-Overhead\result_data\seed_4_20260726-192926\convergence\20260726-192926-516_controlled-5seed-resnet50-cifar10-20260726_seed-4_S0_cold.jsonl
controlled-5seed-resnet50-cifar10-20260726,controlled-5seed-resnet50-cifar10-20260726:seed-4:S0,4,S0,cold,80,427.9733144000638,3.2113651316333103,3.2113651316333103,3.91574316,0.97893579,0.7043780283666897,0.17609450709167243,0.6263583084742228,-31.19178707631429,0.0015365071855695212,0.00021821672677806706,76,False,False,,True,D:\Coding\Python\DSCI_SEAS\Scripts\Exp4_System-Overhead\result_data\seed_4_20260726-192926\convergence\20260726-192926-516_controlled-5seed-resnet50-cifar10-20260726_seed-4_S0_cold.jsonl
controlled-5seed-resnet50-cifar10-20260726,controlled-5seed-resnet50-cifar10-20260726:seed-4:S0,4,S0,cold,81,431.632866900065,3.2106596619515204,3.2106596619515204,3.9147556629120004,0.9786889157280001,0.70409600096048,0.17602400024012,0.6184433666865031,-31.51231341044108,0.0012146004580368232,0.00021817591545033094,76,False,False,,True,D:\Coding\Python\DSCI_SEAS\Scripts\Exp4_System-Overhead\result_data\seed_4_20260726-192926\convergence\20260726-192926-516_controlled-5seed-resnet50-cifar10-20260726_seed-4_S0_cold.jsonl
controlled-5seed-resnet50-cifar10-20260726,controlled-5seed-resnet50-cifar10-20260726:seed-4:S0,4,S0,cold,82,434.90347220003605,3.209558038263236,3.209558038263236,3.915190847032,0.978797711758,0.7056328087687641,0.17640820219219103,0.6082008572816848,-32.542031110127766,0.0011458276067960811,0.0002237425113141712,76,False,False,,True,D:\Coding\Python\DSCI_SEAS\Scripts\Exp4_System-Overhead\result_data\seed_4_20260726-192926\convergence\20260726-192926-516_controlled-5seed-resnet50-cifar10-20260726_seed-4_S0_cold.jsonl
controlled-5seed-resnet50-cifar10-20260726,controlled-5seed-resnet50-cifar10-20260726:seed-4:S0,4,S0,cold,83,438.2590632000938,3.2100915491168007,3.2100915491168007,3.91479864,0.97869966,0.7047070908831992,0.1761767727207998,0.6025523117780686,-35.700498437245685,0.0009919111090928407,0.0001896868559832112,76,False,False,,True,D:\Coding\Python\DSCI_SEAS\Scripts\Exp4_System-Overhead\result_data\seed_4_20260726-192926\convergence\20260726-192926-516_controlled-5seed-resnet50-cifar10-20260726_seed-4_S0_cold.jsonl
controlled-5seed-resnet50-cifar10-20260726,controlled-5seed-resnet50-cifar10-20260726:seed-4:S0,4,S0,cold,84,441.94976840005256,3.2106773656309358,3.2106773656309358,3.9154266399999997,0.9788566599999999,0.7047492743690642,0.17618731859226605,0.6114305928945541,-35.81298689778646,0.000876240935471537,0.00018807653532527762,76,False,False,,True,D:\Coding\Python\DSCI_SEAS\Scripts\Exp4_System-Overhead\result_data\seed_4_20260726-192926\convergence\20260726-192926-516_controlled-5seed-resnet50-cifar10-20260726_seed-4_S0_cold.jsonl
controlled-5seed-resnet50-cifar10-20260726,controlled-5seed-resnet50-cifar10-20260726:seed-4:S0,4,S0,cold,85,445.4755004000617,3.210853436417315,3.210853436417315,3.9152918000000003,0.9788229500000001,0.7044383635826852,0.1761095908956713,0.6091907656987509,-32.961720873514814,0.0008299524943763607,0.00014970672667600663,76,False,False,,True,D:\Coding\Python\DSCI_SEAS\Scripts\Exp4_System-Overhead\result_data\seed_4_20260726-192926\convergence\20260726-192926-516_controlled-5seed-resnet50-cifar10-20260726_seed-4_S0_cold.jsonl
controlled-5seed-resnet50-cifar10-20260726,controlled-5seed-resnet50-cifar10-20260726:seed-4:S0,4,S0,cold,86,449.25313690002076,3.210507434684284,3.210507434684284,3.915165703616,0.978791425904,0.7046582689317161,0.17616456723292903,0.6052062187989553,-33.02540005111695,0.0007050462887101051,0.00014825247404080482,76,False,False,,True,D:\Coding\Python\DSCI_SEAS\Scripts\Exp4_System-Overhead\result_data\seed_4_20260726-192926\convergence\20260726-192926-516_controlled-5seed-resnet50-cifar10-20260726_seed-4_S0_cold.jsonl
controlled-5seed-resnet50-cifar10-20260726,controlled-5seed-resnet50-cifar10-20260726:seed-4:S0,4,S0,cold,87,452.8243660000153,3.210581169794918,3.210581169794918,3.91508108,0.97877027,0.7044999102050821,0.17612497755127052,0.5992524998982748,-35.65162819671631,0.0006126456136080132,0.00014815164035445876,76,False,False,,True,D:\Coding\Python\DSCI_SEAS\Scripts\Exp4_System-Overhead\result_data\seed_4_20260726-192926\convergence\20260726-192926-516_controlled-5seed-resnet50-cifar10-20260726_seed-4_S0_cold.jsonl
controlled-5seed-resnet50-cifar10-20260726,controlled-5seed-resnet50-cifar10-20260726:seed-4:S0,4,S0,cold,88,456.57463570008986,3.211795288781323,3.211795288781323,3.9163533599999996,0.9790883399999999,0.7045580712186766,0.17613951780466916,0.5705622549454371,-36.16162194569905,0.0005880799456878137,0.00015912793624195555,88,True,False,,True,D:\Coding\Python\DSCI_SEAS\Scripts\Exp4_System-Overhead\result_data\seed_4_20260726-192926\convergence\20260726-192926-516_controlled-5seed-resnet50-cifar10-20260726_seed-4_S0_cold.jsonl
controlled-5seed-resnet50-cifar10-20260726,controlled-5seed-resnet50-cifar10-20260726:seed-4:S0,4,S0,cold,89,460.1322844000533,3.2113210189172996,3.2113210189172996,3.9155587999999995,0.9788896999999999,0.7042377810826997,0.17605944527067494,0.5367681342760722,-33.61350385157267,0.0005601486170941059,0.0001569959932945462,88,False,False,,True,D:\Coding\Python\DSCI_SEAS\Scripts\Exp4_System-Overhead\result_data\seed_4_20260726-192926\convergence\20260726-192926-516_controlled-5seed-resnet50-cifar10-20260726_seed-4_S0_cold.jsonl
controlled-5seed-resnet50-cifar10-20260726,controlled-5seed-resnet50-cifar10-20260726:seed-4:S0,4,S0,cold,90,465.61756849999074,3.2107151410292296,3.2107151410292296,3.9150970597279997,0.9787742649319999,0.7043819186987701,0.17609547967469252,0.5276442980766296,-33.702390842437744,0.0004824738344916314,0.00015420828146513993,88,False,False,,True,D:\Coding\Python\DSCI_SEAS\Scripts\Exp4_System-Overhead\result_data\seed_4_20260726-192926\convergence\20260726-192926-516_controlled-5seed-resnet50-cifar10-20260726_seed-4_S0_cold.jsonl
controlled-5seed-resnet50-cifar10-20260726,controlled-5seed-resnet50-cifar10-20260726:seed-4:S0,4,S0,cold,91,472.04430500010494,3.2109306166518525,3.2109306166518525,3.9152604344319997,0.9788151086079999,0.7043298177801471,0.17608245444503678,0.5154164969126384,-36.638951141357424,0.0004594026793156789,0.00015399907038001596,88,False,False,,True,D:\Coding\Python\DSCI_SEAS\Scripts\Exp4_System-Overhead\result_data\seed_4_20260726-192926\convergence\20260726-192926-516_controlled-5seed-resnet50-cifar10-20260726_seed-4_S0_cold.jsonl
controlled-5seed-resnet50-cifar10-20260726,controlled-5seed-resnet50-cifar10-20260726:seed-4:S0,4,S0,cold,92,478.05326340009924,3.210972337949325,3.210972337949325,3.9155548,0.9788887,0.704582462050675,0.17614561551266875,0.5051866356929143,-37.74639112599691,0.000380983208576971,0.00015171210739784325,88,False,False,,True,D:\Coding\Python\DSCI_SEAS\Scripts\Exp4_System-Overhead\result_data\seed_4_20260726-192926\convergence\20260726-192926-516_controlled-5seed-resnet50-cifar10-20260726_seed-4_S0_cold.jsonl
controlled-5seed-resnet50-cifar10-20260726,controlled-5seed-resnet50-cifar10-20260726:seed-4:S0,4,S0,cold,93,484.4913262000773,3.2103702436709254,3.2103702436709254,3.9149686800000003,0.9787421700000001,0.7045984363290749,0.17614960908226873,0.4866132211089134,-36.67988235092163,0.00033624866629143087,0.0001541105592761739,88,False,False,,True,D:\Coding\Python\DSCI_SEAS\Scripts\Exp4_System-Overhead\result_data\seed_4_20260726-192926\convergence\20260726-192926-516_controlled-5seed-resnet50-cifar10-20260726_seed-4_S0_cold.jsonl
controlled-5seed-resnet50-cifar10-20260726,controlled-5seed-resnet50-cifar10-20260726:seed-4:S0,4,S0,cold,94,490.39960600004997,3.210504593581181,3.210504593581181,3.91539272352,0.97884818088,0.704888129938819,0.17622203248470475,0.4784254594047864,-37.20777689361572,0.0003005484700052791,0.00015296171838384627,88,False,False,,True,D:\Coding\Python\DSCI_SEAS\Scripts\Exp4_System-Overhead\result_data\seed_4_20260726-192926\convergence\20260726-192926-516_controlled-5seed-resnet50-cifar10-20260726_seed-4_S0_cold.jsonl
controlled-5seed-resnet50-cifar10-20260726,controlled-5seed-resnet50-cifar10-20260726:seed-4:S0,4,S0,cold,95,497.11370800004806,3.2108833382474145,3.2108833382474145,3.9152157930239992,0.9788039482559998,0.7043324547765848,0.1760831136941462,0.47954296292861304,-40.22637755076091,0.0002705053014429805,0.00015236699708804535,88,False,False,,True,D:\Coding\Python\DSCI_SEAS\Scripts\Exp4_System-Overhead\result_data\seed_4_20260726-192926\convergence\20260726-192926-516_controlled-5seed-resnet50-cifar10-20260726_seed-4_S0_cold.jsonl
controlled-5seed-resnet50-cifar10-20260726,controlled-5seed-resnet50-cifar10-20260726:seed-4:S0,4,S0,cold,96,503.3728940000292,3.211213167277306,3.211213167277306,3.9155375999999995,0.9788843999999999,0.7043244327226935,0.17608110818067338,0.47373162923256557,-40.72913460667928,0.00019689639293192444,0.00014592548875842862,88,False,False,,True,D:\Coding\Python\DSCI_SEAS\Scripts\Exp4_System-Overhead\result_data\seed_4_20260726-192926\convergence\20260726-192926-516_controlled-5seed-resnet50-cifar10-20260726_seed-4_S0_cold.jsonl
controlled-5seed-resnet50-cifar10-20260726,controlled-5seed-resnet50-cifar10-20260726:seed-4:S0,4,S0,cold,97,509.4575068000704,3.210547047027543,3.210547047027543,3.9151143560799997,0.9787785890199999,0.7045673090524569,0.17614182726311423,0.45893723201751707,-38.04107637405396,0.0001628467533814789,0.00014538670930956438,88,False,False,,True,D:\Coding\Python\DSCI_SEAS\Scripts\Exp4_System-Overhead\result_data\seed_4_20260726-192926\convergence\20260726-192926-516_controlled-5seed-resnet50-cifar10-20260726_seed-4_S0_cold.jsonl
controlled-5seed-resnet50-cifar10-20260726,controlled-5seed-resnet50-cifar10-20260726:seed-4:S0,4,S0,cold,98,515.4946296000853,3.211285644233297,3.211285644233297,3.9154871599999996,0.9788717899999999,0.7042015157667024,0.1760503789416756,0.4571863553126653,-37.88437109629313,0.00014371949967765274,0.00014925550201029243,88,False,False,,True,D:\Coding\Python\DSCI_SEAS\Scripts\Exp4_System-Overhead\result_data\seed_4_20260726-192926\convergence\20260726-192926-516_controlled-5seed-resnet50-cifar10-20260726_seed-4_S0_cold.jsonl
controlled-5seed-resnet50-cifar10-20260726,controlled-5seed-resnet50-cifar10-20260726:seed-4:S0,4,S0,cold,99,521.6988238000777,3.2109533422535477,3.2109533422535477,3.9156291930239995,0.9789072982559999,0.7046758507704519,0.17616896269261298,0.45341117868820824,-41.23283111317952,0.00011944202016639317,0.00014971472687857676,88,False,False,,True,D:\Coding\Python\DSCI_SEAS\Scripts\Exp4_System-Overhead\result_data\seed_4_20260726-192926\convergence\20260726-192926-516_controlled-5seed-resnet50-cifar10-20260726_seed-4_S0_cold.jsonl
controlled-5seed-resnet50-cifar10-20260726,controlled-5seed-resnet50-cifar10-20260726:seed-4:S0,4,S0,cold,100,527.7769030000782,3.2107334812319657,3.2107334812319657,3.9149722070319997,0.9787430517579999,0.7042387258000338,0.17605968145000844,0.4376534836689631,-42.68662527974447,8.118333956762696e-05,0.0001439615973243244,88,False,False,,True,D:\Coding\Python\DSCI_SEAS\Scripts\Exp4_System-Overhead\result_data\seed_4_20260726-192926\convergence\20260726-192926-516_controlled-5seed-resnet50-cifar10-20260726_seed-4_S0_cold.jsonl
controlled-5seed-resnet50-cifar10-20260726,controlled-5seed-resnet50-cifar10-20260726:seed-4:S0,4,S0,cold,101,533.7533501000144,3.211291784033294,3.211291784033294,3.91544516,0.97886129,0.7041533759667059,0.17603834399167648,0.42607176846265793,-43.66620676167806,8.603845800785048e-05,0.00014820425395139068,88,False,True,stopping_criterion,True,D:\Coding\Python\DSCI_SEAS\Scripts\Exp4_System-Overhead\result_data\seed_4_20260726-192926\convergence\20260726-192926-516_controlled-5seed-resnet50-cifar10-20260726_seed-4_S0_cold.jsonl
controlled-5seed-resnet50-cifar10-20260726,controlled-5seed-resnet50-cifar10-20260726:seed-4:S1,4,S1,medium,0,2.865857500000857,3.3209309381721406,3.3209309381721406,3.9149741444799995,0.9787435361199999,0.5940432063078589,0.14851080157696472,0.536765578314662,-33.61491808176041,,,0,True,False,,True,D:\Coding\Python\DSCI_SEAS\Scripts\Exp4_System-Overhead\result_data\seed_4_20260726-192926\convergence\20260726-193951-133_controlled-5seed-resnet50-cifar10-20260726_seed-4_S1_medium.jsonl
controlled-5seed-resnet50-cifar10-20260726,controlled-5seed-resnet50-cifar10-20260726:seed-4:S1,4,S1,medium,1,5.841287099989131,3.3208963934748894,3.3208963934748894,3.91456672,0.97864168,0.5936703265251104,0.1484175816312776,0.5630767650157213,-31.900658886432648,,,0,False,False,,True,D:\Coding\Python\DSCI_SEAS\Scripts\Exp4_System-Overhead\result_data\seed_4_20260726-192926\convergence\20260726-193951-133_controlled-5seed-resnet50-cifar10-20260726_seed-4_S1_medium.jsonl
controlled-5seed-resnet50-cifar10-20260726,controlled-5seed-resnet50-cifar10-20260726:seed-4:S1,4,S1,medium,2,8.910918300040066,3.321659297954898,3.321659297954898,3.91544516,0.97886129,0.593785862045102,0.1484464655112755,0.547946308106184,-30.175521960258482,,,2,True,False,,True,D:\Coding\Python\DSCI_SEAS\Scripts\Exp4_System-Overhead\result_data\seed_4_20260726-192926\convergence\20260726-193951-133_controlled-5seed-resnet50-cifar10-20260726_seed-4_S1_medium.jsonl
controlled-5seed-resnet50-cifar10-20260726,controlled-5seed-resnet50-cifar10-20260726:seed-4:S1,4,S1,medium,3,12.289346300065517,3.3218103226829148,3.3218103226829148,3.9158355999999994,0.9789588999999999,0.5940252773170848,0.1485063193292712,0.5179641976952553,-29.927207539081575,,,3,True,False,,True,D:\Coding\Python\DSCI_SEAS\Scripts\Exp4_System-Overhead\result_data\seed_4_20260726-192926\convergence\20260726-193951-133_controlled-5seed-resnet50-cifar10-20260726_seed-4_S1_medium.jsonl
controlled-5seed-resnet50-cifar10-20260726,controlled-5seed-resnet50-cifar10-20260726:seed-4:S1,4,S1,medium,4,15.466164199984632,3.3213212419015385,3.3213212419015385,3.91530057504,0.97882514376,0.5939793331384613,0.14849483328461532,0.4852421097457409,-31.325834927558898,,,3,False,False,,True,D:\Coding\Python\DSCI_SEAS\Scripts\Exp4_System-Overhead\result_data\seed_4_20260726-192926\convergence\20260726-193951-133_controlled-5seed-resnet50-cifar10-20260726_seed-4_S1_medium.jsonl
controlled-5seed-resnet50-cifar10-20260726,controlled-5seed-resnet50-cifar10-20260726:seed-4:S1,4,S1,medium,5,18.647814800031483,3.321818807540532,3.321818807540532,3.9155756972159996,0.9788939243039999,0.5937568896754675,0.14843922241886687,0.4627224752306938,-33.36982499599457,,,5,True,False,,True,D:\Coding\Python\DSCI_SEAS\Scripts\Exp4_System-Overhead\result_data\seed_4_20260726-192926\convergence\20260726-193951-133_controlled-5seed-resnet50-cifar10-20260726_seed-4_S1_medium.jsonl
controlled-5seed-resnet50-cifar10-20260726,controlled-5seed-resnet50-cifar10-20260726:seed-4:S1,4,S1,medium,6,21.73988550005015,3.321182624241285,3.321182624241285,3.915216855904,0.978804213976,0.594034231662715,0.14850855791567874,0.44022691909223793,-34.9738518333435,,,5,False,False,,True,D:\Coding\Python\DSCI_SEAS\Scripts\Exp4_System-Overhead\result_data\seed_4_20260726-192926\convergence\20260726-193951-133_controlled-5seed-resnet50-cifar10-20260726_seed-4_S1_medium.jsonl
controlled-5seed-resnet50-cifar10-20260726,controlled-5seed-resnet50-cifar10-20260726:seed-4:S1,4,S1,medium,7,25.16880660003517,3.32126430636176,3.32126430636176,3.915672536512,0.978918134128,0.5944082301502399,0.14860205753755998,0.4179739965125918,-36.04528666496277,,,5,False,False,,True,D:\Coding\Python\DSCI_SEAS\Scripts\Exp4_System-Overhead\result_data\seed_4_20260726-192926\convergence\20260726-193951-133_controlled-5seed-resnet50-cifar10-20260726_seed-4_S1_medium.jsonl
controlled-5seed-resnet50-cifar10-20260726,controlled-5seed-resnet50-cifar10-20260726:seed-4:S1,4,S1,medium,8,28.98350690002553,3.3214896549141764,3.3214896549141764,3.9157935999999998,0.9789483999999999,0.5943039450858235,0.14857598627145588,0.4112556245177984,-37.442607412338255,,,5,False,False,,True,D:\Coding\Python\DSCI_SEAS\Scripts\Exp4_System-Overhead\result_data\seed_4_20260726-192926\convergence\20260726-193951-133_controlled-5seed-resnet50-cifar10-20260726_seed-4_S1_medium.jsonl
controlled-5seed-resnet50-cifar10-20260726,controlled-5seed-resnet50-cifar10-20260726:seed-4:S1,4,S1,medium,9,33.13414870004635,3.321833085250918,3.321833085250918,3.9158988,0.9789747,0.5940657147490819,0.14851642868727047,0.4127468283474445,-39.68258517742157,,,9,True,False,,True,D:\Coding\Python\DSCI_SEAS\Scripts\Exp4_System-Overhead\result_data\seed_4_20260726-192926\convergence\20260726-193951-133_controlled-5seed-resnet50-cifar10-20260726_seed-4_S1_medium.jsonl
controlled-5seed-resnet50-cifar10-20260726,controlled-5seed-resnet50-cifar10-20260726:seed-4:S1,4,S1,medium,10,36.988775399979204,3.3207101970486903,3.3207101970486903,3.91490548,0.97872637,0.5941952829513095,0.14854882073782738,0.40491231586784127,-40.60624180793762,,,9,False,False,,True,D:\Coding\Python\DSCI_SEAS\Scripts\Exp4_System-Overhead\result_data\seed_4_20260726-192926\convergence\20260726-193951-133_controlled-5seed-resnet50-cifar10-20260726_seed-4_S1_medium.jsonl
controlled-5seed-resnet50-cifar10-20260726,controlled-5seed-resnet50-cifar10-20260726:seed-4:S1,4,S1,medium,11,41.215515900054015,3.321000980210263,3.321000980210263,3.9154956,0.9788739,0.5944946197897367,0.14862365494743418,0.3905689737573266,-40.131169838905336,,,9,False,False,,True,D:\Coding\Python\DSCI_SEAS\Scripts\Exp4_System-Overhead\result_data\seed_4_20260726-192926\convergence\20260726-193951-133_controlled-5seed-resnet50-cifar10-20260726_seed-4_S1_medium.jsonl
controlled-5seed-resnet50-cifar10-20260726,controlled-5seed-resnet50-cifar10-20260726:seed-4:S1,4,S1,medium,12,45.67571740003768,3.3215533682749148,3.3215533682749148,3.91557672,0.97889418,0.5940233517250849,0.14850583793127123,0.3798527818918228,-40.50015489578247,,,9,False,False,,True,D:\Coding\Python\DSCI_SEAS\Scripts\Exp4_System-Overhead\result_data\seed_4_20260726-192926\convergence\20260726-193951-133_controlled-5seed-resnet50-cifar10-20260726_seed-4_S1_medium.jsonl
controlled-5seed-resnet50-cifar10-20260726,controlled-5seed-resnet50-cifar10-20260726:seed-4:S1,4,S1,medium,13,47.80021220003255,3.3208335718740543,3.3208335718740543,3.915237039999999,0.9788092599999998,0.5944034681259448,0.1486008670314862,0.3639615187421441,-42.15388509750366,,,9,False,False,,True,D:\Coding\Python\DSCI_SEAS\Scripts\Exp4_System-Overhead\result_data\seed_4_20260726-192926\convergence\20260726-193951-133_controlled-5seed-resnet50-cifar10-20260726_seed-4_S1_medium.jsonl
controlled-5seed-resnet50-cifar10-20260726,controlled-5seed-resnet50-cifar10-20260726:seed-4:S1,4,S1,medium,14,50.02499349997379,3.321473144442922,3.321473144442922,3.91560112,0.97890028,0.5941279755570775,0.14853199388926938,0.34091623313724995,-42.74070481777191,,,9,False,False,,True,D:\Coding\Python\DSCI_SEAS\Scripts\Exp4_System-Overhead\result_data\seed_4_20260726-192926\convergence\20260726-193951-133_controlled-5seed-resnet50-cifar10-20260726_seed-4_S1_medium.jsonl
controlled-5seed-resnet50-cifar10-20260726,controlled-5seed-resnet50-cifar10-20260726:seed-4:S1,4,S1,medium,15,52.22404680005275,3.321844971754906,3.321844971754906,3.91574316,0.97893579,0.593898188245094,0.1484745470612735,0.3190187267959118,-41.64594977378845,,,15,True,False,,True,D:\Coding\Python\DSCI_SEAS\Scripts\Exp4_System-Overhead\result_data\seed_4_20260726-192926\convergence\20260726-193951-133_controlled-5seed-resnet50-cifar10-20260726_seed-4_S1_medium.jsonl
controlled-5seed-resnet50-cifar10-20260726,controlled-5seed-resnet50-cifar10-20260726:seed-4:S1,4,S1,medium,16,54.49608159996569,3.3210110836474476,3.3210110836474476,3.9151078482560004,0.9787769620640001,0.5940967646085527,0.14852419115213816,0.31250997703522443,-41.486801209449766,,,15,False,False,,True,D:\Coding\Python\DSCI_SEAS\Scripts\Exp4_System-Overhead\result_data\seed_4_20260726-192926\convergence\20260726-193951-133_controlled-5seed-resnet50-cifar10-20260726_seed-4_S1_medium.jsonl
controlled-5seed-resnet50-cifar10-20260726,controlled-5seed-resnet50-cifar10-20260726:seed-4:S1,4,S1,medium,17,56.51851409999654,3.321478439604004,3.321478439604004,3.915344140736,0.978836035184,0.5938657011319962,0.14846642528299905,0.3123351870849729,-42.78011837959289,,,15,False,False,,True,D:\Coding\Python\DSCI_SEAS\Scripts\Exp4_System-Overhead\result_data\seed_4_20260726-192926\convergence\20260726-193951-133_controlled-5seed-resnet50-cifar10-20260726_seed-4_S1_medium.jsonl
controlled-5seed-resnet50-cifar10-20260726,controlled-5seed-resnet50-cifar10-20260726:seed-4:S1,4,S1,medium,18,58.593259099987336,3.3214266294759027,3.3214266294759027,3.91553048704,0.97888262176,0.5941038575640971,0.14852596439102428,0.3031825036555529,-43.05707034111023,,,15,False,False,,True,D:\Coding\Python\DSCI_SEAS\Scripts\Exp4_System-Overhead\result_data\seed_4_20260726-192926\convergence\20260726-193951-133_controlled-5seed-resnet50-cifar10-20260726_seed-4_S1_medium.jsonl
controlled-5seed-resnet50-cifar10-20260726,controlled-5seed-resnet50-cifar10-20260726:seed-4:S1,4,S1,medium,19,60.72414609999396,3.3211799146189236,3.3211799146189236,3.91531816,0.97882954,0.5941382453810766,0.14853456134526916,0.28947630524635315,-41.516660771369935,,,15,False,False,,True,D:\Coding\Python\DSCI_SEAS\Scripts\Exp4_System-Overhead\result_data\seed_4_20260726-192926\convergence\20260726-193951-133_controlled-5seed-resnet50-cifar10-20260726_seed-4_S1_medium.jsonl
controlled-5seed-resnet50-cifar10-20260726,controlled-5seed-resnet50-cifar10-20260726:seed-4:S1,4,S1,medium,20,62.932787299971096,3.321700641871144,3.321700641871144,3.915903713024,0.978975928256,0.5942030711528558,0.14855076778821394,0.29004048876464367,-41.22019672870636,,,15,False,False,,True,D:\Coding\Python\DSCI_SEAS\Scripts\Exp4_System-Overhead\result_data\seed_4_20260726-192926\convergence\20260726-193951-133_controlled-5seed-resnet50-cifar10-20260726_seed-4_S1_medium.jsonl
controlled-5seed-resnet50-cifar10-20260726,controlled-5seed-resnet50-cifar10-20260726:seed-4:S1,4,S1,medium,21,66.38800010003615,3.321072662994893,3.321072662994893,3.91478792,0.97869698,0.5937152570051072,0.1484288142512768,0.29165986709296704,-42.73221848487854,,,15,False,False,,True,D:\Coding\Python\DSCI_SEAS\Scripts\Exp4_System-Overhead\result_data\seed_4_20260726-192926\convergence\20260726-193951-133_controlled-5seed-resnet50-cifar10-20260726_seed-4_S1_medium.jsonl
controlled-5seed-resnet50-cifar10-20260726,controlled-5seed-resnet50-cifar10-20260726:seed-4:S1,4,S1,medium,22,70.75016170006711,3.321186054418919,3.321186054418919,3.9152761599999995,0.9788190399999999,0.5940901055810801,0.14852252639527003,0.28320326074957847,-44.663098225593565,,,15,False,False,,True,D:\Coding\Python\DSCI_SEAS\Scripts\Exp4_System-Overhead\result_data\seed_4_20260726-192926\convergence\20260726-193951-133_controlled-5seed-resnet50-cifar10-20260726_seed-4_S1_medium.jsonl
controlled-5seed-resnet50-cifar10-20260726,controlled-5seed-resnet50-cifar10-20260726:seed-4:S1,4,S1,medium,23,74.15205699997023,3.3220124778509055,3.3220124778509055,3.91590168,0.97897542,0.5938892021490946,0.14847230053727364,0.27206543445587156,-45.31070909976959,,,23,True,False,,True,D:\Coding\Python\DSCI_SEAS\Scripts\Exp4_System-Overhead\result_data\seed_4_20260726-192926\convergence\20260726-193951-133_controlled-5seed-resnet50-cifar10-20260726_seed-4_S1_medium.jsonl
controlled-5seed-resnet50-cifar10-20260726,controlled-5seed-resnet50-cifar10-20260726:seed-4:S1,4,S1,medium,24,77.74427340005059,3.321401653542907,3.321401653542907,3.9153130000000003,0.9788282500000001,0.593911346457093,0.14847783661427325,0.2677434365451336,-44.14610178470612,,,23,False,False,,True,D:\Coding\Python\DSCI_SEAS\Scripts\Exp4_System-Overhead\result_data\seed_4_20260726-192926\convergence\20260726-193951-133_controlled-5seed-resnet50-cifar10-20260726_seed-4_S1_medium.jsonl
controlled-5seed-resnet50-cifar10-20260726,controlled-5seed-resnet50-cifar10-20260726:seed-4:S1,4,S1,medium,25,80.96666629996616,3.3219786998589216,3.3219786998589216,3.91609448,0.97902362,0.5941157801410784,0.1485289450352696,0.26305891048163177,-43.819311723709106,,,23,False,False,,True,D:\Coding\Python\DSCI_SEAS\Scripts\Exp4_System-Overhead\result_data\seed_4_20260726-192926\convergence\20260726-193951-133_controlled-5seed-resnet50-cifar10-20260726_seed-4_S1_medium.jsonl
controlled-5seed-resnet50-cifar10-20260726,controlled-5seed-resnet50-cifar10-20260726:seed-4:S1,4,S1,medium,26,83.97706599999219,3.321762515834907,3.321762515834907,3.9156799599999994,0.9789199899999999,0.5939174441650925,0.14847936104127313,0.258272489476949,-45.45988564491272,,,23,False,False,,True,D:\Coding\Python\DSCI_SEAS\Scripts\Exp4_System-Overhead\result_data\seed_4_20260726-192926\convergence\20260726-193951-133_controlled-5seed-resnet50-cifar10-20260726_seed-4_S1_medium.jsonl
controlled-5seed-resnet50-cifar10-20260726,controlled-5seed-resnet50-cifar10-20260726:seed-4:S1,4,S1,medium,27,87.35496090003289,3.321653158154902,3.321653158154902,3.9154871600000005,0.9788717900000001,0.5938340018450986,0.14845850046127465,0.250737575981766,-48.05098093032837,,,23,False,False,,True,D:\Coding\Python\DSCI_SEAS\Scripts\Exp4_System-Overhead\result_data\seed_4_20260726-192926\convergence\20260726-193951-133_controlled-5seed-resnet50-cifar10-20260726_seed-4_S1_medium.jsonl
controlled-5seed-resnet50-cifar10-20260726,controlled-5seed-resnet50-cifar10-20260726:seed-4:S1,4,S1,medium,28,90.55965429998469,3.321734006562912,3.321734006562912,3.9157303999999993,0.9789325999999998,0.5939963934370869,0.14849909835927172,0.24344813518226147,-48.736378297805786,,,23,False,False,,True,D:\Coding\Python\DSCI_SEAS\Scripts\Exp4_System-Overhead\result_data\seed_4_20260726-192926\convergence\20260726-193951-133_controlled-5seed-resnet50-cifar10-20260726_seed-4_S1_medium.jsonl
controlled-5seed-resnet50-cifar10-20260726,controlled-5seed-resnet50-cifar10-20260726:seed-4:S1,4,S1,medium,29,93.64724069996737,3.3209545802589284,3.3209545802589284,3.91516664,0.97879166,0.5942120597410714,0.14855301493526785,0.2300452983006835,-47.241307458877564,,,23,False,False,,True,D:\Coding\Python\DSCI_SEAS\Scripts\Exp4_System-Overhead\result_data\seed_4_20260726-192926\convergence\20260726-193951-133_controlled-5seed-resnet50-cifar10-20260726_seed-4_S1_medium.jsonl
controlled-5seed-resnet50-cifar10-20260726,controlled-5seed-resnet50-cifar10-20260726:seed-4:S1,4,S1,medium,30,96.64606559998356,3.3215835294908995,3.3215835294908995,3.91538608,0.97884652,0.5938025505091009,0.14845063762727523,0.21713909558951855,-46.58772132873535,,,23,False,False,,True,D:\Coding\Python\DSCI_SEAS\Scripts\Exp4_System-Overhead\result_data\seed_4_20260726-192926\convergence\20260726-193951-133_controlled-5seed-resnet50-cifar10-20260726_seed-4_S1_medium.jsonl
controlled-5seed-resnet50-cifar10-20260726,controlled-5seed-resnet50-cifar10-20260726:seed-4:S1,4,S1,medium,31,99.54037920001429,3.32161278025998,3.32161278025998,3.9157861765120003,0.9789465441280001,0.5941733962520199,0.14854334906300498,0.20335172509774566,-47.8145059299469,,,23,False,False,,True,D:\Coding\Python\DSCI_SEAS\Scripts\Exp4_System-Overhead\result_data\seed_4_20260726-192926\convergence\20260726-193951-133_controlled-5seed-resnet50-cifar10-20260726_seed-4_S1_medium.jsonl
controlled-5seed-resnet50-cifar10-20260726,controlled-5seed-resnet50-cifar10-20260726:seed-4:S1,4,S1,medium,32,102.40677310002502,3.3218268040508976,3.3218268040508976,3.9156036800000003,0.9789009200000001,0.5937768759491028,0.1484442189872757,0.18382352439686656,-49.53459640979767,,,23,False,False,,True,D:\Coding\Python\DSCI_SEAS\Scripts\Exp4_System-Overhead\result_data\seed_4_20260726-192926\convergence\20260726-193951-133_controlled-5seed-resnet50-cifar10-20260726_seed-4_S1_medium.jsonl
controlled-5seed-resnet50-cifar10-20260726,controlled-5seed-resnet50-cifar10-20260726:seed-4:S1,4,S1,medium,33,105.22615430003498,3.3212938019029137,3.3212938019029137,3.9152918000000003,0.9788229500000001,0.5939979980970868,0.1484994995242717,0.16690099876374007,-50.176622762680054,,,23,False,False,,True,D:\Coding\Python\DSCI_SEAS\Scripts\Exp4_System-Overhead\result_data\seed_4_20260726-192926\convergence\20260726-193951-133_controlled-5seed-resnet50-cifar10-20260726_seed-4_S1_medium.jsonl
controlled-5seed-resnet50-cifar10-20260726,controlled-5seed-resnet50-cifar10-20260726:seed-4:S1,4,S1,medium,34,108.48114060005173,3.322073042282908,3.322073042282908,3.9160020399999995,0.9790005099999999,0.5939289977170917,0.14848224942927293,0.15191056476905943,-48.75622423648834,,,34,True,False,,True,D:\Coding\Python\DSCI_SEAS\Scripts\Exp4_System-Overhead\result_data\seed_4_20260726-192926\convergence\20260726-193951-133_controlled-5seed-resnet50-cifar10-20260726_seed-4_S1_medium.jsonl
controlled-5seed-resnet50-cifar10-20260726,controlled-5seed-resnet50-cifar10-20260726:seed-4:S1,4,S1,medium,35,111.3070282000117,3.3220611557789197,3.3220611557789197,3.9161576799999995,0.9790394199999999,0.5940965242210797,0.14852413105526993,0.14144654357805847,-48.123314833641054,,,34,False,False,,True,D:\Coding\Python\DSCI_SEAS\Scripts\Exp4_System-Overhead\result_data\seed_4_20260726-192926\convergence\20260726-193951-133_controlled-5seed-resnet50-cifar10-20260726_seed-4_S1_medium.jsonl
controlled-5seed-resnet50-cifar10-20260726,controlled-5seed-resnet50-cifar10-20260726:seed-4:S1,4,S1,medium,36,114.05756690003909,3.3216438029869106,3.3216438029869106,3.9156138799999995,0.9789034699999999,0.5939700770130888,0.1484925192532722,0.13794379491358996,-49.638313755989074,,,34,False,False,,True,D:\Coding\Python\DSCI_SEAS\Scripts\Exp4_System-Overhead\result_data\seed_4_20260726-192926\convergence\20260726-193951-133_controlled-5seed-resnet50-cifar10-20260726_seed-4_S1_medium.jsonl
controlled-5seed-resnet50-cifar10-20260726,controlled-5seed-resnet50-cifar10-20260726:seed-4:S1,4,S1,medium,37,117.08435839996673,3.320945808446925,3.320945808446925,3.91510684,0.97877671,0.594161031553075,0.14854025788826875,0.1303641789406538,-52.02309612751007,,,34,False,False,,True,D:\Coding\Python\DSCI_SEAS\Scripts\Exp4_System-Overhead\result_data\seed_4_20260726-192926\convergence\20260726-193951-133_controlled-5seed-resnet50-cifar10-20260726_seed-4_S1_medium.jsonl
controlled-5seed-resnet50-cifar10-20260726,controlled-5seed-resnet50-cifar10-20260726:seed-4:S1,4,S1,medium,38,120.23893800005317,3.3220124778509055,3.3220124778509055,3.91590168,0.97897542,0.5938892021490947,0.14847230053727367,0.12060303132049739,-52.33456151008606,6.448080711469251e-05,0.00010917277103331473,34,False,True,stopping_criterion,True,D:\Coding\Python\DSCI_SEAS\Scripts\Exp4_System-Overhead\result_data\seed_4_20260726-192926\convergence\20260726-193951-133_controlled-5seed-resnet50-cifar10-20260726_seed-4_S1_medium.jsonl
controlled-5seed-resnet50-cifar10-20260726,controlled-5seed-resnet50-cifar10-20260726:seed-4:S2,4,S2,near,0,1.373482699971646,3.344495384045952,3.344495384045952,3.9151891600000006,0.9787972900000002,0.5706937759540484,0.1426734439885121,0.11101143119856716,-52.44909829139709,,,0,True,False,,True,D:\Coding\Python\DSCI_SEAS\Scripts\Exp4_System-Overhead\result_data\seed_4_20260726-192926\convergence\20260726-194307-524_controlled-5seed-resnet50-cifar10-20260726_seed-4_S2_near.jsonl
controlled-5seed-resnet50-cifar10-20260726,controlled-5seed-resnet50-cifar10-20260726:seed-4:S2,4,S2,near,1,2.847296899999492,3.343395964017958,3.343395964017958,3.91417928,0.97854482,0.5707833159820419,0.14269582899551048,0.11583689915016293,-51.34296961784363,,,0,False,False,,True,D:\Coding\Python\DSCI_SEAS\Scripts\Exp4_System-Overhead\result_data\seed_4_20260726-192926\convergence\20260726-194307-524_controlled-5seed-resnet50-cifar10-20260726_seed-4_S2_near.jsonl
controlled-5seed-resnet50-cifar10-20260726,controlled-5seed-resnet50-cifar10-20260726:seed-4:S2,4,S2,near,2,4.243735100026242,3.343922048277951,3.343922048277951,3.91460748,0.97865187,0.570685431722049,0.14267135793051225,0.11583218989893794,-51.07153690338135,,,0,False,False,,True,D:\Coding\Python\DSCI_SEAS\Scripts\Exp4_System-Overhead\result_data\seed_4_20260726-192926\convergence\20260726-194307-524_controlled-5seed-resnet50-cifar10-20260726_seed-4_S2_near.jsonl
controlled-5seed-resnet50-cifar10-20260726,controlled-5seed-resnet50-cifar10-20260726:seed-4:S2,4,S2,near,3,5.769662200007588,3.345190702393985,3.345190702393985,3.9163533599999996,0.9790883399999999,0.5711626576060147,0.14279066440150368,0.11457790231332182,-51.58143795967102,,,3,True,False,,True,D:\Coding\Python\DSCI_SEAS\Scripts\Exp4_System-Overhead\result_data\seed_4_20260726-192926\convergence\20260726-194307-524_controlled-5seed-resnet50-cifar10-20260726_seed-4_S2_near.jsonl
controlled-5seed-resnet50-cifar10-20260726,controlled-5seed-resnet50-cifar10-20260726:seed-4:S2,4,S2,near,4,7.339998799958266,3.3444127385699742,3.3444127385699742,3.9154251999999996,0.9788562999999999,0.5710124614300255,0.14275311535750637,0.11092564338818192,-52.151569566726685,,,3,False,False,,True,D:\Coding\Python\DSCI_SEAS\Scripts\Exp4_System-Overhead\result_data\seed_4_20260726-192926\convergence\20260726-194307-524_controlled-5seed-resnet50-cifar10-20260726_seed-4_S2_near.jsonl
controlled-5seed-resnet50-cifar10-20260726,controlled-5seed-resnet50-cifar10-20260726:seed-4:S2,4,S2,near,5,8.684474500012584,3.345113567245256,3.345113567245256,3.9162503544319995,0.9790625886079999,0.5711367871867435,0.14278419679668589,0.10706560729071497,-52.418602313995365,,,3,False,False,,True,D:\Coding\Python\DSCI_SEAS\Scripts\Exp4_System-Overhead\result_data\seed_4_20260726-192926\convergence\20260726-194307-524_controlled-5seed-resnet50-cifar10-20260726_seed-4_S2_near.jsonl
controlled-5seed-resnet50-cifar10-20260726,controlled-5seed-resnet50-cifar10-20260726:seed-4:S2,4,S2,near,6,10.209805099992082,3.3441590914703925,3.3441590914703925,3.914855227296,0.978713806824,0.5706961358256073,0.14267403395640182,0.10441565163433551,-52.702048759460446,,,3,False,False,,True,D:\Coding\Python\DSCI_SEAS\Scripts\Exp4_System-Overhead\result_data\seed_4_20260726-192926\convergence\20260726-194307-524_controlled-5seed-resnet50-cifar10-20260726_seed-4_S2_near.jsonl
controlled-5seed-resnet50-cifar10-20260726,controlled-5seed-resnet50-cifar10-20260726:seed-4:S2,4,S2,near,7,11.770904599921778,3.3443123829819656,3.3443123829819656,3.91519936,0.97879984,0.5708869770180344,0.1427217442545086,0.10140355832874776,-53.28449768066406,,,3,False,False,,True,D:\Coding\Python\DSCI_SEAS\Scripts\Exp4_System-Overhead\result_data\seed_4_20260726-192926\convergence\20260726-194307-524_controlled-5seed-resnet50-cifar10-20260726_seed-4_S2_near.jsonl
controlled-5seed-resnet50-cifar10-20260726,controlled-5seed-resnet50-cifar10-20260726:seed-4:S2,4,S2,near,8,12.786191300023347,3.344055029505965,3.344055029505965,3.9149397599999993,0.9787349399999998,0.5708847304940347,0.14272118262350866,0.09932340234518051,-54.1385507106781,,,3,False,False,,True,D:\Coding\Python\DSCI_SEAS\Scripts\Exp4_System-Overhead\result_data\seed_4_20260726-192926\convergence\20260726-194307-524_controlled-5seed-resnet50-cifar10-20260726_seed-4_S2_near.jsonl
controlled-5seed-resnet50-cifar10-20260726,controlled-5seed-resnet50-cifar10-20260726:seed-4:S2,4,S2,near,9,13.745309900026768,3.344424325825971,3.344424325825971,3.91538608,0.97884652,0.5709617541740292,0.1427404385435073,0.09830748908221722,-55.198527822494505,,,3,False,False,,True,D:\Coding\Python\DSCI_SEAS\Scripts\Exp4_System-Overhead\result_data\seed_4_20260726-192926\convergence\20260726-194307-524_controlled-5seed-resnet50-cifar10-20260726_seed-4_S2_near.jsonl
controlled-5seed-resnet50-cifar10-20260726,controlled-5seed-resnet50-cifar10-20260726:seed-4:S2,4,S2,near,10,14.660882099997252,3.343679451348505,3.343679451348505,3.91471268,0.97867817,0.5710332286514952,0.1427583071628738,0.09697480607777834,-55.730519428253174,,,3,False,False,,True,D:\Coding\Python\DSCI_SEAS\Scripts\Exp4_System-Overhead\result_data\seed_4_20260726-192926\convergence\20260726-194307-524_controlled-5seed-resnet50-cifar10-20260726_seed-4_S2_near.jsonl
controlled-5seed-resnet50-cifar10-20260726,controlled-5seed-resnet50-cifar10-20260726:seed-4:S2,4,S2,near,11,15.510192799963988,3.3441150413579925,3.3441150413579925,3.9153813599999996,0.9788453399999999,0.571266318642007,0.14281657966050176,0.0970979149080813,-55.62500231742859,,,3,False,False,,True,D:\Coding\Python\DSCI_SEAS\Scripts\Exp4_System-Overhead\result_data\seed_4_20260726-192926\convergence\20260726-194307-524_controlled-5seed-resnet50-cifar10-20260726_seed-4_S2_near.jsonl
controlled-5seed-resnet50-cifar10-20260726,controlled-5seed-resnet50-cifar10-20260726:seed-4:S2,4,S2,near,12,16.39089659997262,3.3441548850659815,3.3441548850659815,3.9152546400000006,0.9788136600000001,0.5710997549340191,0.14277493873350477,0.09704457558691501,-55.84651441574097,,,3,False,False,,True,D:\Coding\Python\DSCI_SEAS\Scripts\Exp4_System-Overhead\result_data\seed_4_20260726-192926\convergence\20260726-194307-524_controlled-5seed-resnet50-cifar10-20260726_seed-4_S2_near.jsonl
controlled-5seed-resnet50-cifar10-20260726,controlled-5seed-resnet50-cifar10-20260726:seed-4:S2,4,S2,near,13,17.301521599991247,3.343880908309993,3.343880908309993,3.91515172,0.97878793,0.5712708116900067,0.14281770292250168,0.09661816084757448,-56.71931683540344,,,3,False,False,,True,D:\Coding\Python\DSCI_SEAS\Scripts\Exp4_System-Overhead\result_data\seed_4_20260726-192926\convergence\20260726-194307-524_controlled-5seed-resnet50-cifar10-20260726_seed-4_S2_near.jsonl
controlled-5seed-resnet50-cifar10-20260726,controlled-5seed-resnet50-cifar10-20260726:seed-4:S2,4,S2,near,14,18.190661199972965,3.3434869058380015,3.3434869058380015,3.91486876,0.97871719,0.5713818541619988,0.1428454635404997,0.09615703055635094,-57.92778258323669,,,3,False,False,,True,D:\Coding\Python\DSCI_SEAS\Scripts\Exp4_System-Overhead\result_data\seed_4_20260726-192926\convergence\20260726-194307-524_controlled-5seed-resnet50-cifar10-20260726_seed-4_S2_near.jsonl
controlled-5seed-resnet50-cifar10-20260726,controlled-5seed-resnet50-cifar10-20260726:seed-4:S2,4,S2,near,15,19.018269399995916,3.344311752777971,3.344311752777971,3.915278,0.9788195,0.5709662472220287,0.14274156180550718,0.09512883838266134,-58.65774207115173,,,3,False,False,,True,D:\Coding\Python\DSCI_SEAS\Scripts\Exp4_System-Overhead\result_data\seed_4_20260726-192926\convergence\20260726-194307-524_controlled-5seed-resnet50-cifar10-20260726_seed-4_S2_near.jsonl
controlled-5seed-resnet50-cifar10-20260726,controlled-5seed-resnet50-cifar10-20260726:seed-4:S2,4,S2,near,16,19.868539899936877,3.3443714461299665,3.3443714461299665,3.915278,0.9788195,0.5709065538700331,0.14272663846750827,0.09415269920602441,-58.550479354858396,,,3,False,False,,True,D:\Coding\Python\DSCI_SEAS\Scripts\Exp4_System-Overhead\result_data\seed_4_20260726-192926\convergence\20260726-194307-524_controlled-5seed-resnet50-cifar10-20260726_seed-4_S2_near.jsonl
controlled-5seed-resnet50-cifar10-20260726,controlled-5seed-resnet50-cifar10-20260726:seed-4:S2,4,S2,near,17,20.752955300034955,3.344252109485953,3.344252109485953,3.9149715599999997,0.9787428899999999,0.5707194505140466,0.14267986262851165,0.09334788160398602,-57.940498447418214,,,3,False,False,,True,D:\Coding\Python\DSCI_SEAS\Scripts\Exp4_System-Overhead\result_data\seed_4_20260726-192926\convergence\20260726-194307-524_controlled-5seed-resnet50-cifar10-20260726_seed-4_S2_near.jsonl
controlled-5seed-resnet50-cifar10-20260726,controlled-5seed-resnet50-cifar10-20260726:seed-4:S2,4,S2,near,18,21.630367600009777,3.3445396004156382,3.3445396004156382,3.9155204015919995,0.9788801003979999,0.5709808011763615,0.14274520029409038,0.09311909593641758,-57.76459620475769,,,3,False,False,,True,D:\Coding\Python\DSCI_SEAS\Scripts\Exp4_System-Overhead\result_data\seed_4_20260726-192926\convergence\20260726-194307-524_controlled-5seed-resnet50-cifar10-20260726_seed-4_S2_near.jsonl
controlled-5seed-resnet50-cifar10-20260726,controlled-5seed-resnet50-cifar10-20260726:seed-4:S2,4,S2,near,19,22.511431899969466,3.344268742362676,3.344268742362676,3.9157695199999996,0.9789423799999999,0.5715007776373239,0.14287519440933097,0.09314293779432774,-58.317782945632935,,,3,False,False,,True,D:\Coding\Python\DSCI_SEAS\Scripts\Exp4_System-Overhead\result_data\seed_4_20260726-192926\convergence\20260726-194307-524_controlled-5seed-resnet50-cifar10-20260726_seed-4_S2_near.jsonl
controlled-5seed-resnet50-cifar10-20260726,controlled-5seed-resnet50-cifar10-20260726:seed-4:S2,4,S2,near,20,23.378231399925426,3.3437393734033005,3.3437393734033005,3.9146744540639995,0.9786686135159999,0.5709350806606991,0.14273377016517477,0.093428223580122,-59.357061319351196,,,3,False,False,,True,D:\Coding\Python\DSCI_SEAS\Scripts\Exp4_System-Overhead\result_data\seed_4_20260726-192926\convergence\20260726-194307-524_controlled-5seed-resnet50-cifar10-20260726_seed-4_S2_near.jsonl
controlled-5seed-resnet50-cifar10-20260726,controlled-5seed-resnet50-cifar10-20260726:seed-4:S2,4,S2,near,21,24.247824399964884,3.343566039368355,3.343566039368355,3.9147254559040006,0.9786813639760001,0.5711594165356456,0.1427898541339114,0.09326894806697965,-60.19549295425415,,,3,False,False,,True,D:\Coding\Python\DSCI_SEAS\Scripts\Exp4_System-Overhead\result_data\seed_4_20260726-192926\convergence\20260726-194307-524_controlled-5seed-resnet50-cifar10-20260726_seed-4_S2_near.jsonl
controlled-5seed-resnet50-cifar10-20260726,controlled-5seed-resnet50-cifar10-20260726:seed-4:S2,4,S2,near,22,25.140382700017653,3.34379315420194,3.34379315420194,3.9143319199999995,0.9785829799999999,0.5705387657980595,0.14263469144951488,0.09290755013003946,-60.34244433403015,,,3,False,False,,True,D:\Coding\Python\DSCI_SEAS\Scripts\Exp4_System-Overhead\result_data\seed_4_20260726-192926\convergence\20260726-194307-524_controlled-5seed-resnet50-cifar10-20260726_seed-4_S2_near.jsonl
controlled-5seed-resnet50-cifar10-20260726,controlled-5seed-resnet50-cifar10-20260726:seed-4:S2,4,S2,near,23,25.982005099998787,3.344339390969958,3.344339390969958,3.9151271999999997,0.9787817999999999,0.5707878090300417,0.14269695225751042,0.0928597410954535,-59.99421022415161,,,3,False,False,,True,D:\Coding\Python\DSCI_SEAS\Scripts\Exp4_System-Overhead\result_data\seed_4_20260726-192926\convergence\20260726-194307-524_controlled-5seed-resnet50-cifar10-20260726_seed-4_S2_near.jsonl
controlled-5seed-resnet50-cifar10-20260726,controlled-5seed-resnet50-cifar10-20260726:seed-4:S2,4,S2,near,24,26.829600299941376,3.3445933768579725,3.3445933768579725,3.91557888,0.97889472,0.5709855031420275,0.14274637578550686,0.09272786295041442,-59.94935391426086,,,3,False,False,,True,D:\Coding\Python\DSCI_SEAS\Scripts\Exp4_System-Overhead\result_data\seed_4_20260726-192926\convergence\20260726-194307-524_controlled-5seed-resnet50-cifar10-20260726_seed-4_S2_near.jsonl
controlled-5seed-resnet50-cifar10-20260726,controlled-5seed-resnet50-cifar10-20260726:seed-4:S2,4,S2,near,25,27.678520599962212,3.3442270647699663,3.3442270647699663,3.9151271999999997,0.9787817999999999,0.5709001352300336,0.1427250338075084,0.09287497939541936,-60.616924381256105,,,3,False,False,,True,D:\Coding\Python\DSCI_SEAS\Scripts\Exp4_System-Overhead\result_data\seed_4_20260726-192926\convergence\20260726-194307-524_controlled-5seed-resnet50-cifar10-20260726_seed-4_S2_near.jsonl
controlled-5seed-resnet50-cifar10-20260726,controlled-5seed-resnet50-cifar10-20260726:seed-4:S2,4,S2,near,26,28.573322199983522,3.3440979822779626,3.3440979822779626,3.91494388,0.97873597,0.5708458977220374,0.14271147443050936,0.09375522201880812,-61.75950916290283,,,3,False,False,,True,D:\Coding\Python\DSCI_SEAS\Scripts\Exp4_System-Overhead\result_data\seed_4_20260726-192926\convergence\20260726-194307-524_controlled-5seed-resnet50-cifar10-20260726_seed-4_S2_near.jsonl
controlled-5seed-resnet50-cifar10-20260726,controlled-5seed-resnet50-cifar10-20260726:seed-4:S2,4,S2,near,27,29.432326499954797,3.343158261659997,3.343158261659997,3.9141527199999997,0.9785381799999999,0.5709944583400026,0.14274861458500065,0.09352922497317195,-63.26554360389709,,,3,False,False,,True,D:\Coding\Python\DSCI_SEAS\Scripts\Exp4_System-Overhead\result_data\seed_4_20260726-192926\convergence\20260726-194307-524_controlled-5seed-resnet50-cifar10-20260726_seed-4_S2_near.jsonl
controlled-5seed-resnet50-cifar10-20260726,controlled-5seed-resnet50-cifar10-20260726:seed-4:S2,4,S2,near,28,30.268749799928628,3.3442397043239906,3.3442397043239906,3.9152929984319993,0.9788232496079998,0.5710532941080088,0.1427633235270022,0.09118668993934989,-64.27034559249878,,,3,False,False,,True,D:\Coding\Python\DSCI_SEAS\Scripts\Exp4_System-Overhead\result_data\seed_4_20260726-192926\convergence\20260726-194307-524_controlled-5seed-resnet50-cifar10-20260726_seed-4_S2_near.jsonl
controlled-5seed-resnet50-cifar10-20260726,controlled-5seed-resnet50-cifar10-20260726:seed-4:S2,4,S2,near,29,31.11106759996619,3.344069213777988,3.344069213777988,3.9152761599999995,0.9788190399999999,0.5712069462220114,0.14280173655550285,0.08846164230257272,-64.2949146270752,,,3,False,False,max_epochs,True,D:\Coding\Python\DSCI_SEAS\Scripts\Exp4_System-Overhead\result_data\seed_4_20260726-192926\convergence\20260726-194307-524_controlled-5seed-resnet50-cifar10-20260726_seed-4_S2_near.jsonl
