T_bandwidth_calibration,T_compute_device,T_compute_edge,T_compute_s,T_d2e,T_d_compute,T_device_edge_roundtrip,T_e_compute,T_node_edge,T_queue_s,T_total,T_worker_elapsed_s,actual_start_at_utc,barrier_ready_at_utc,barrier_release_at_utc,cloud_exit_check,cloud_exit_head_compute,cloud_queue,cloud_segment_compute,confidence,d2e_transport,decision_id,decision_version,device_compute,difficulty,e2c_transport,edge_exit_check,edge_exit_head_compute,edge_queue,edge_segment_compute,executed_segments_by_node,exit_boundary_id,exit_id,exit_location,is_correct,label,objective_alpha,objective_beta,observed_accuracy,observed_latency,observed_utility,prediction,request_id,request_seq,request_trace,sample_id,sample_index,source_index,start_skew_s,test_sample_seed,total_latency,unattributed_overhead,user_id
3.459717035293579,5.0053989980369806e-05,0.8212311999996018,0.8212311999996018,0.2816901000051075,5.0053989980369806e-05,1.3403757000050973,0.8212311999996018,1.0586855999999898,0.005571499999859952,1.3404543829965405,0.8214356999997108,1784949704.3653646,1784949700.1342309,1784949703.843948,0.0,0.0,0.0,0.0,0.9998973608016968,0.2816901000051075,ablate-split-only-resnet50-cifar10-pi5-retry-20260725-111639:v1,1,5.0053989980369806e-05,unknown,0.0,0.042028699998809316,0.06586890000107815,0.005571499999859952,0.7052129999983663,"{'device': [], 'edge': [0, 1, 2, 3, 4, 5, 6, 7, 8, 9, 10, 11, 12, 13, 14, 15, 16, 17, 18]}",19,final,edge,True,8,1.0,5.0,1.0,1.3404543829965405,-5.702271914982703,8,eee6bb4e374440678821769e3dcbf7e1,0,"{'device_compute': 5.0053989980369806e-05, 'd2e_transport': 0.2816901000051075, 'edge_queue': 0.005571499999859952, 'edge_segment_compute': 0.7052129999983663, 'edge_exit_head_compute': 0.06586890000107815, 'edge_exit_check': 0.042028699998809316, 'e2c_transport': 0.0, 'cloud_queue': 0.0, 'cloud_segment_compute': 0.0, 'cloud_exit_head_compute': 0.0, 'cloud_exit_check': 0.0, 'total_latency': 1.3404543829965405, 'unattributed_overhead': 0.24003212900333892, 'request_id': 'eee6bb4e374440678821769e3dcbf7e1', 'user_id': 0, 'prediction': 8, 'exit_id': 'final', 'exit_boundary_id': 19, 'exit_location': 'edge', 'confidence': 0.9998973608016968, 'executed_segments_by_node': {'device': [], 'edge': [0, 1, 2, 3, 4, 5, 6, 7, 8, 9, 10, 11, 12, 13, 14, 15, 16, 17, 18]}, 'nodes': [{'node': 'device', 'executed_segments': [], 'queue_s': 0.0, 'segment_compute_s': 0.0, 'exit_head_compute_s': 0.0, 'exit_check_s': 0.0, 'worker_elapsed_s': 5.0053989980369806e-05}, {'node': 'edge', 'executed_segments': [0, 1, 2, 3, 4, 5, 6, 7, 8, 9, 10, 11, 12, 13, 14, 15, 16, 17, 18], 'queue_s': 0.005571499999859952, 'segment_compute_s': 0.7052129999983663, 'exit_head_compute_s': 0.06586890000107815, 'exit_check_s': 0.042028699998809316, 'worker_elapsed_s': 0.8214356999997108}], 'sample_id': 'balanced_008_0334_00003182', 'label': 8, 'correct': True, 'observed_utility': -5.702271914982703}",balanced_008_0334_00003182,0,3182,0.5214166641235352,9156122918710965099,1.3404543829965405,0.24003212900333892,0
0.0,3.0925992177799344e-05,0.02867470000001049,0.02867470000001049,0.14725285098029417,3.0925992177799344e-05,0.17994615097995847,0.02867470000001049,0.032693299999664305,0.0018849000007321592,0.18000018800375983,0.0287756999996418,1784949706.6305826,1784949705.8762043,1784949706.1262043,0.0,0.0,0.0,0.0,0.993274450302124,0.14725285098029417,ablate-split-only-resnet50-cifar10-pi5-retry-20260725-111639:v1,1,3.0925992177799344e-05,unknown,0.0,0.0005559000001085224,0.0010697000006985036,0.0018849000007321592,0.025654400002167677,"{'device': [], 'edge': [0, 1, 2, 3, 4, 5, 6, 7, 8, 9, 10, 11, 12, 13, 14, 15, 16, 17, 18]}",19,final,edge,True,3,1.0,5.0,1.0,0.18000018800375983,0.09999905998120084,3,4de1d4757f9b46c090cc41374c1ec913,1,"{'device_compute': 3.0925992177799344e-05, 'd2e_transport': 0.14725285098029417, 'edge_queue': 0.0018849000007321592, 'edge_segment_compute': 0.025654400002167677, 'edge_exit_head_compute': 0.0010697000006985036, 'edge_exit_check': 0.0005559000001085224, 'e2c_transport': 0.0, 'cloud_queue': 0.0, 'cloud_segment_compute': 0.0, 'cloud_exit_head_compute': 0.0, 'cloud_exit_check': 0.0, 'total_latency': 0.18000018800375983, 'unattributed_overhead': 0.0035515110275810002, 'request_id': '4de1d4757f9b46c090cc41374c1ec913', 'user_id': 0, 'prediction': 3, 'exit_id': 'final', 'exit_boundary_id': 19, 'exit_location': 'edge', 'confidence': 0.993274450302124, 'executed_segments_by_node': {'device': [], 'edge': [0, 1, 2, 3, 4, 5, 6, 7, 8, 9, 10, 11, 12, 13, 14, 15, 16, 17, 18]}, 'nodes': [{'node': 'device', 'executed_segments': [], 'queue_s': 0.0, 'segment_compute_s': 0.0, 'exit_head_compute_s': 0.0, 'exit_check_s': 0.0, 'worker_elapsed_s': 3.0925992177799344e-05}, {'node': 'edge', 'executed_segments': [0, 1, 2, 3, 4, 5, 6, 7, 8, 9, 10, 11, 12, 13, 14, 15, 16, 17, 18], 'queue_s': 0.0018849000007321592, 'segment_compute_s': 0.025654400002167677, 'exit_head_compute_s': 0.0010697000006985036, 'exit_check_s': 0.0005559000001085224, 'worker_elapsed_s': 0.0287756999996418}], 'sample_id': 'balanced_003_0704_00007036', 'label': 3, 'correct': True, 'observed_utility': 0.09999905998120084}",balanced_003_0704_00007036,1,7036,0.5043783187866211,9156122918710965099,0.18000018800375983,0.0035515110275810002,0
0.0,3.3926015021279454e-05,0.01930409999931726,0.01930409999931726,0.15548980599669449,3.3926015021279454e-05,0.1773332059965469,0.01930409999931726,0.02184339999985241,0.001159600000391947,0.17739102101768367,0.01936329999989539,1784949706.830609,1784949706.078616,1784949706.328616,0.0,0.0,0.0,0.0,0.9944236874580383,0.15548980599669449,ablate-split-only-resnet50-cifar10-pi5-retry-20260725-111639:v1,1,3.3926015021279454e-05,unknown,0.0,0.0004866999997830135,0.0007220999996206956,0.001159600000391947,0.017279899998356996,"{'device': [], 'edge': [0, 1, 2, 3, 4, 5, 6, 7, 8, 9, 10, 11, 12, 13, 14, 15, 16, 17, 18]}",19,final,edge,True,5,1.0,5.0,1.0,0.17739102101768367,0.11304489491158165,5,2868d4c1ccfe4b01821d9a8bfda4d698,2,"{'device_compute': 3.3926015021279454e-05, 'd2e_transport': 0.15548980599669449, 'edge_queue': 0.001159600000391947, 'edge_segment_compute': 0.017279899998356996, 'edge_exit_head_compute': 0.0007220999996206956, 'edge_exit_check': 0.0004866999997830135, 'e2c_transport': 0.0, 'cloud_queue': 0.0, 'cloud_segment_compute': 0.0, 'cloud_exit_head_compute': 0.0, 'cloud_exit_check': 0.0, 'total_latency': 0.17739102101768367, 'unattributed_overhead': 0.002218989007815253, 'request_id': '2868d4c1ccfe4b01821d9a8bfda4d698', 'user_id': 0, 'prediction': 5, 'exit_id': 'final', 'exit_boundary_id': 19, 'exit_location': 'edge', 'confidence': 0.9944236874580383, 'executed_segments_by_node': {'device': [], 'edge': [0, 1, 2, 3, 4, 5, 6, 7, 8, 9, 10, 11, 12, 13, 14, 15, 16, 17, 18]}, 'nodes': [{'node': 'device', 'executed_segments': [], 'queue_s': 0.0, 'segment_compute_s': 0.0, 'exit_head_compute_s': 0.0, 'exit_check_s': 0.0, 'worker_elapsed_s': 3.3926015021279454e-05}, {'node': 'edge', 'executed_segments': [0, 1, 2, 3, 4, 5, 6, 7, 8, 9, 10, 11, 12, 13, 14, 15, 16, 17, 18], 'queue_s': 0.001159600000391947, 'segment_compute_s': 0.017279899998356996, 'exit_head_compute_s': 0.0007220999996206956, 'exit_check_s': 0.0004866999997830135, 'worker_elapsed_s': 0.01936329999989539}], 'sample_id': 'balanced_005_0387_00003981', 'label': 5, 'correct': True, 'observed_utility': 0.11304489491158165}",balanced_005_0387_00003981,2,3981,0.5019931793212891,9156122918710965099,0.17739102101768367,0.002218989007815253,0
0.0,3.1110976124182343e-05,0.026935900000353286,0.026935900000353286,0.1520828470165725,3.1110976124182343e-05,0.1819444470165763,0.026935900000353286,0.02986160000000382,0.0011061000004701782,0.18199924199143425,0.02699510000002192,1784949707.0309243,1784949706.27564,1784949706.52564,0.0,0.0,0.0,0.0,0.9999998807907104,0.1520828470165725,ablate-split-only-resnet50-cifar10-pi5-retry-20260725-111639:v1,1,3.1110976124182343e-05,unknown,0.0,0.0006679000007352442,0.001260799999727169,0.0011061000004701782,0.023684699998739234,"{'device': [], 'edge': [0, 1, 2, 3, 4, 5, 6, 7, 8, 9, 10, 11, 12, 13, 14, 15, 16, 17, 18]}",19,final,edge,True,1,1.0,5.0,1.0,0.18199924199143425,0.09000379004282877,1,0a54cd2729184fda8e1f77d10b9a3e85,3,"{'device_compute': 3.1110976124182343e-05, 'd2e_transport': 0.1520828470165725, 'edge_queue': 0.0011061000004701782, 'edge_segment_compute': 0.023684699998739234, 'edge_exit_head_compute': 0.001260799999727169, 'edge_exit_check': 0.0006679000007352442, 'e2c_transport': 0.0, 'cloud_queue': 0.0, 'cloud_segment_compute': 0.0, 'cloud_exit_head_compute': 0.0, 'cloud_exit_check': 0.0, 'total_latency': 0.18199924199143425, 'unattributed_overhead': 0.003165783999065752, 'request_id': '0a54cd2729184fda8e1f77d10b9a3e85', 'user_id': 0, 'prediction': 1, 'exit_id': 'final', 'exit_boundary_id': 19, 'exit_location': 'edge', 'confidence': 0.9999998807907104, 'executed_segments_by_node': {'device': [], 'edge': [0, 1, 2, 3, 4, 5, 6, 7, 8, 9, 10, 11, 12, 13, 14, 15, 16, 17, 18]}, 'nodes': [{'node': 'device', 'executed_segments': [], 'queue_s': 0.0, 'segment_compute_s': 0.0, 'exit_head_compute_s': 0.0, 'exit_check_s': 0.0, 'worker_elapsed_s': 3.1110976124182343e-05}, {'node': 'edge', 'executed_segments': [0, 1, 2, 3, 4, 5, 6, 7, 8, 9, 10, 11, 12, 13, 14, 15, 16, 17, 18], 'queue_s': 0.0011061000004701782, 'segment_compute_s': 0.023684699998739234, 'exit_head_compute_s': 0.001260799999727169, 'exit_check_s': 0.0006679000007352442, 'worker_elapsed_s': 0.02699510000002192}], 'sample_id': 'balanced_001_0555_00005470', 'label': 1, 'correct': True, 'observed_utility': 0.09000379004282877}",balanced_001_0555_00005470,3,5470,0.505284309387207,9156122918710965099,0.18199924199143425,0.003165783999065752,0
0.0,3.94810049328953e-05,0.015031400000225403,0.015031400000225403,0.15794625499620452,3.94810049328953e-05,0.17543595499591902,0.015031400000225403,0.017489699999714503,0.001337499999863212,0.17550402801134624,0.01510599999983242,1784949707.2412734,1784949706.488768,1784949706.738768,0.0,0.0,0.0,0.0,0.999384880065918,0.15794625499620452,ablate-split-only-resnet50-cifar10-pi5-retry-20260725-111639:v1,1,3.94810049328953e-05,unknown,0.0,0.00037000000065745553,0.0006671000010101125,0.001337499999863212,0.013142399998287146,"{'device': [], 'edge': [0, 1, 2, 3, 4, 5, 6, 7, 8, 9, 10, 11, 12, 13, 14, 15, 16, 17, 18]}",19,final,edge,True,5,1.0,5.0,1.0,0.17550402801134624,0.12247985994326882,5,d0ca8664c8a74179813b5e84ff284b43,4,"{'device_compute': 3.94810049328953e-05, 'd2e_transport': 0.15794625499620452, 'edge_queue': 0.001337499999863212, 'edge_segment_compute': 0.013142399998287146, 'edge_exit_head_compute': 0.0006671000010101125, 'edge_exit_check': 0.00037000000065745553, 'e2c_transport': 0.0, 'cloud_queue': 0.0, 'cloud_segment_compute': 0.0, 'cloud_exit_head_compute': 0.0, 'cloud_exit_check': 0.0, 'total_latency': 0.17550402801134624, 'unattributed_overhead': 0.002001292010390898, 'request_id': 'd0ca8664c8a74179813b5e84ff284b43', 'user_id': 0, 'prediction': 5, 'exit_id': 'final', 'exit_boundary_id': 19, 'exit_location': 'edge', 'confidence': 0.999384880065918, 'executed_segments_by_node': {'device': [], 'edge': [0, 1, 2, 3, 4, 5, 6, 7, 8, 9, 10, 11, 12, 13, 14, 15, 16, 17, 18]}, 'nodes': [{'node': 'device', 'executed_segments': [], 'queue_s': 0.0, 'segment_compute_s': 0.0, 'exit_head_compute_s': 0.0, 'exit_check_s': 0.0, 'worker_elapsed_s': 3.94810049328953e-05}, {'node': 'edge', 'executed_segments': [0, 1, 2, 3, 4, 5, 6, 7, 8, 9, 10, 11, 12, 13, 14, 15, 16, 17, 18], 'queue_s': 0.001337499999863212, 'segment_compute_s': 0.013142399998287146, 'exit_head_compute_s': 0.0006671000010101125, 'exit_check_s': 0.00037000000065745553, 'worker_elapsed_s': 0.01510599999983242}], 'sample_id': 'balanced_005_0159_00001764', 'label': 5, 'correct': True, 'observed_utility': 0.12247985994326882}",balanced_005_0159_00001764,4,1764,0.5025053024291992,9156122918710965099,0.17550402801134624,0.002001292010390898,0
0.0,3.138801548629999e-05,0.012975099999493978,0.012975099999493978,0.10092838998207299,3.138801548629999e-05,0.11650258998270147,0.012975099999493978,0.01557420000062848,0.0014694000001327367,0.11655653401976451,0.013053699999545643,1784949707.4376688,1784949706.6856272,1784949706.9356272,0.0,0.0,0.0,0.0,0.9999948740005493,0.10092838998207299,ablate-split-only-resnet50-cifar10-pi5-retry-20260725-111639:v1,1,3.138801548629999e-05,unknown,0.0,0.00030449999940174166,0.0005227999999988242,0.0014694000001327367,0.011410600002818683,"{'device': [], 'edge': [0, 1, 2, 3, 4, 5, 6, 7, 8, 9, 10, 11, 12, 13, 14, 15, 16, 17, 18]}",19,final,edge,True,8,1.0,5.0,1.0,0.11655653401976451,0.41721732990117744,8,9314bf3d77684669b75be7ed3e694352,5,"{'device_compute': 3.138801548629999e-05, 'd2e_transport': 0.10092838998207299, 'edge_queue': 0.0014694000001327367, 'edge_segment_compute': 0.011410600002818683, 'edge_exit_head_compute': 0.0005227999999988242, 'edge_exit_check': 0.00030449999940174166, 'e2c_transport': 0.0, 'cloud_queue': 0.0, 'cloud_segment_compute': 0.0, 'cloud_exit_head_compute': 0.0, 'cloud_exit_check': 0.0, 'total_latency': 0.11655653401976451, 'unattributed_overhead': 0.0018894560198532417, 'request_id': '9314bf3d77684669b75be7ed3e694352', 'user_id': 0, 'prediction': 8, 'exit_id': 'final', 'exit_boundary_id': 19, 'exit_location': 'edge', 'confidence': 0.9999948740005493, 'executed_segments_by_node': {'device': [], 'edge': [0, 1, 2, 3, 4, 5, 6, 7, 8, 9, 10, 11, 12, 13, 14, 15, 16, 17, 18]}, 'nodes': [{'node': 'device', 'executed_segments': [], 'queue_s': 0.0, 'segment_compute_s': 0.0, 'exit_head_compute_s': 0.0, 'exit_check_s': 0.0, 'worker_elapsed_s': 3.138801548629999e-05}, {'node': 'edge', 'executed_segments': [0, 1, 2, 3, 4, 5, 6, 7, 8, 9, 10, 11, 12, 13, 14, 15, 16, 17, 18], 'queue_s': 0.0014694000001327367, 'segment_compute_s': 0.011410600002818683, 'exit_head_compute_s': 0.0005227999999988242, 'exit_check_s': 0.00030449999940174166, 'worker_elapsed_s': 0.013053699999545643}], 'sample_id': 'balanced_008_0379_00003705', 'label': 8, 'correct': True, 'observed_utility': 0.41721732990117744}",balanced_008_0379_00003705,5,3705,0.5020415782928467,9156122918710965099,0.11655653401976451,0.0018894560198532417,0
0.0,3.240699879825115e-05,0.011295100000097591,0.011295100000097591,0.0976601459824451,3.240699879825115e-05,0.11159554598270915,0.011295100000097591,0.013935400000264053,0.001581399999849964,0.11165069398703054,0.011372599999958766,1784949707.614843,1784949706.8592796,1784949707.1092796,0.0,0.0,0.0,0.0,0.9999946355819702,0.0976601459824451,ablate-split-only-resnet50-cifar10-pi5-retry-20260725-111639:v1,1,3.240699879825115e-05,unknown,0.0,0.0002823000004354981,0.0005056999998487299,0.001581399999849964,0.009850300000834977,"{'device': [], 'edge': [0, 1, 2, 3, 4, 5, 6, 7, 8, 9, 10, 11, 12, 13, 14, 15, 16, 17, 18]}",19,final,edge,True,5,1.0,5.0,1.0,0.11165069398703054,0.4417465300648473,5,cdde9eec7a3743b2b85970673ea69fe0,6,"{'device_compute': 3.240699879825115e-05, 'd2e_transport': 0.0976601459824451, 'edge_queue': 0.001581399999849964, 'edge_segment_compute': 0.009850300000834977, 'edge_exit_head_compute': 0.0005056999998487299, 'edge_exit_check': 0.0002823000004354981, 'e2c_transport': 0.0, 'cloud_queue': 0.0, 'cloud_segment_compute': 0.0, 'cloud_exit_head_compute': 0.0, 'cloud_exit_check': 0.0, 'total_latency': 0.11165069398703054, 'unattributed_overhead': 0.0017384410048180143, 'request_id': 'cdde9eec7a3743b2b85970673ea69fe0', 'user_id': 0, 'prediction': 5, 'exit_id': 'final', 'exit_boundary_id': 19, 'exit_location': 'edge', 'confidence': 0.9999946355819702, 'executed_segments_by_node': {'device': [], 'edge': [0, 1, 2, 3, 4, 5, 6, 7, 8, 9, 10, 11, 12, 13, 14, 15, 16, 17, 18]}, 'nodes': [{'node': 'device', 'executed_segments': [], 'queue_s': 0.0, 'segment_compute_s': 0.0, 'exit_head_compute_s': 0.0, 'exit_check_s': 0.0, 'worker_elapsed_s': 3.240699879825115e-05}, {'node': 'edge', 'executed_segments': [0, 1, 2, 3, 4, 5, 6, 7, 8, 9, 10, 11, 12, 13, 14, 15, 16, 17, 18], 'queue_s': 0.001581399999849964, 'segment_compute_s': 0.009850300000834977, 'exit_head_compute_s': 0.0005056999998487299, 'exit_check_s': 0.0002823000004354981, 'worker_elapsed_s': 0.011372599999958766}], 'sample_id': 'balanced_005_0637_00006310', 'label': 5, 'correct': True, 'observed_utility': 0.4417465300648473}",balanced_005_0637_00006310,6,6310,0.5055632591247559,9156122918710965099,0.11165069398703054,0.0017384410048180143,0
0.0,3.1333009246736765e-05,0.014073999999709486,0.014073999999709486,0.12449287600338721,3.1333009246736765e-05,0.14118097600294277,0.014073999999709486,0.01668809999955556,0.0015347999997175066,0.14123501200811006,0.014154200000120909,1784949707.7708786,1784949707.0179377,1784949707.2679377,0.0,0.0,0.0,0.0,0.9982068538665771,0.12449287600338721,ablate-split-only-resnet50-cifar10-pi5-retry-20260725-111639:v1,1,3.1333009246736765e-05,unknown,0.0,0.00032329999976354884,0.0007691999999224208,0.0015347999997175066,0.01223889999801031,"{'device': [], 'edge': [0, 1, 2, 3, 4, 5, 6, 7, 8, 9, 10, 11, 12, 13, 14, 15, 16, 17, 18]}",19,final,edge,True,7,1.0,5.0,1.0,0.14123501200811006,0.2938249399594497,7,d8c168a4ec6b4fd08a65b8e13a77ffba,7,"{'device_compute': 3.1333009246736765e-05, 'd2e_transport': 0.12449287600338721, 'edge_queue': 0.0015347999997175066, 'edge_segment_compute': 0.01223889999801031, 'edge_exit_head_compute': 0.0007691999999224208, 'edge_exit_check': 0.00032329999976354884, 'e2c_transport': 0.0, 'cloud_queue': 0.0, 'cloud_segment_compute': 0.0, 'cloud_exit_head_compute': 0.0, 'cloud_exit_check': 0.0, 'total_latency': 0.14123501200811006, 'unattributed_overhead': 0.001844602998062328, 'request_id': 'd8c168a4ec6b4fd08a65b8e13a77ffba', 'user_id': 0, 'prediction': 7, 'exit_id': 'final', 'exit_boundary_id': 19, 'exit_location': 'edge', 'confidence': 0.9982068538665771, 'executed_segments_by_node': {'device': [], 'edge': [0, 1, 2, 3, 4, 5, 6, 7, 8, 9, 10, 11, 12, 13, 14, 15, 16, 17, 18]}, 'nodes': [{'node': 'device', 'executed_segments': [], 'queue_s': 0.0, 'segment_compute_s': 0.0, 'exit_head_compute_s': 0.0, 'exit_check_s': 0.0, 'worker_elapsed_s': 3.1333009246736765e-05}, {'node': 'edge', 'executed_segments': [0, 1, 2, 3, 4, 5, 6, 7, 8, 9, 10, 11, 12, 13, 14, 15, 16, 17, 18], 'queue_s': 0.0015347999997175066, 'segment_compute_s': 0.01223889999801031, 'exit_head_compute_s': 0.0007691999999224208, 'exit_check_s': 0.00032329999976354884, 'worker_elapsed_s': 0.014154200000120909}], 'sample_id': 'balanced_007_0658_00006482', 'label': 7, 'correct': True, 'observed_utility': 0.2938249399594497}",balanced_007_0658_00006482,7,6482,0.5029408931732178,9156122918710965099,0.14123501200811006,0.001844602998062328,0
0.0,3.144401125609875e-05,0.020209600000271166,0.020209600000271166,0.09365793200049666,3.144401125609875e-05,0.11672703200019896,0.020209600000271166,0.023069099999702303,0.001631400000405847,0.11678090100758709,0.020284199999878183,1784949707.9343534,1784949707.1819592,1784949707.4319592,0.0,0.0,0.0,0.0,0.9983972907066345,0.09365793200049666,ablate-split-only-resnet50-cifar10-pi5-retry-20260725-111639:v1,1,3.144401125609875e-05,unknown,0.0,0.0004140999999435735,0.0008405000007769559,0.001631400000405847,0.01800089999960619,"{'device': [], 'edge': [0, 1, 2, 3, 4, 5, 6, 7, 8, 9, 10, 11, 12, 13, 14, 15, 16, 17, 18]}",19,final,edge,True,3,1.0,5.0,1.0,0.11678090100758709,0.41609549496206455,3,d7cc8be356c543fb8f205a77717a6d1d,8,"{'device_compute': 3.144401125609875e-05, 'd2e_transport': 0.09365793200049666, 'edge_queue': 0.001631400000405847, 'edge_segment_compute': 0.01800089999960619, 'edge_exit_head_compute': 0.0008405000007769559, 'edge_exit_check': 0.0004140999999435735, 'e2c_transport': 0.0, 'cloud_queue': 0.0, 'cloud_segment_compute': 0.0, 'cloud_exit_head_compute': 0.0, 'cloud_exit_check': 0.0, 'total_latency': 0.11678090100758709, 'unattributed_overhead': 0.002204624995101767, 'request_id': 'd7cc8be356c543fb8f205a77717a6d1d', 'user_id': 0, 'prediction': 3, 'exit_id': 'final', 'exit_boundary_id': 19, 'exit_location': 'edge', 'confidence': 0.9983972907066345, 'executed_segments_by_node': {'device': [], 'edge': [0, 1, 2, 3, 4, 5, 6, 7, 8, 9, 10, 11, 12, 13, 14, 15, 16, 17, 18]}, 'nodes': [{'node': 'device', 'executed_segments': [], 'queue_s': 0.0, 'segment_compute_s': 0.0, 'exit_head_compute_s': 0.0, 'exit_check_s': 0.0, 'worker_elapsed_s': 3.144401125609875e-05}, {'node': 'edge', 'executed_segments': [0, 1, 2, 3, 4, 5, 6, 7, 8, 9, 10, 11, 12, 13, 14, 15, 16, 17, 18], 'queue_s': 0.001631400000405847, 'segment_compute_s': 0.01800089999960619, 'exit_head_compute_s': 0.0008405000007769559, 'exit_check_s': 0.0004140999999435735, 'worker_elapsed_s': 0.020284199999878183}], 'sample_id': 'balanced_003_0620_00006174', 'label': 3, 'correct': True, 'observed_utility': 0.41609549496206455}",balanced_003_0620_00006174,8,6174,0.5023941993713379,9156122918710965099,0.11678090100758709,0.002204624995101767,0
0.0,3.118498716503382e-05,0.019604400000389433,0.019604400000389433,0.0865899900036311,3.118498716503382e-05,0.10947639000369236,0.019604400000389433,0.022886400000061258,0.0016720999992685392,0.10953087100642733,0.019680600000356208,1784949708.0724504,1784949707.3191931,1784949707.5691931,0.0,0.0,0.0,0.0,0.9993151426315308,0.0865899900036311,ablate-split-only-resnet50-cifar10-pi5-retry-20260725-111639:v1,1,3.118498716503382e-05,unknown,0.0,0.0005111999989821925,0.0008114000020214007,0.0016720999992685392,0.01729160000286356,"{'device': [], 'edge': [0, 1, 2, 3, 4, 5, 6, 7, 8, 9, 10, 11, 12, 13, 14, 15, 16, 17, 18]}",19,final,edge,True,0,1.0,5.0,1.0,0.10953087100642733,0.45234564496786334,0,5f74d0cdf7f740068f83a3794aa5b7d8,9,"{'device_compute': 3.118498716503382e-05, 'd2e_transport': 0.0865899900036311, 'edge_queue': 0.0016720999992685392, 'edge_segment_compute': 0.01729160000286356, 'edge_exit_head_compute': 0.0008114000020214007, 'edge_exit_check': 0.0005111999989821925, 'e2c_transport': 0.0, 'cloud_queue': 0.0, 'cloud_segment_compute': 0.0, 'cloud_exit_head_compute': 0.0, 'cloud_exit_check': 0.0, 'total_latency': 0.10953087100642733, 'unattributed_overhead': 0.0026233960124955047, 'request_id': '5f74d0cdf7f740068f83a3794aa5b7d8', 'user_id': 0, 'prediction': 0, 'exit_id': 'final', 'exit_boundary_id': 19, 'exit_location': 'edge', 'confidence': 0.9993151426315308, 'executed_segments_by_node': {'device': [], 'edge': [0, 1, 2, 3, 4, 5, 6, 7, 8, 9, 10, 11, 12, 13, 14, 15, 16, 17, 18]}, 'nodes': [{'node': 'device', 'executed_segments': [], 'queue_s': 0.0, 'segment_compute_s': 0.0, 'exit_head_compute_s': 0.0, 'exit_check_s': 0.0, 'worker_elapsed_s': 3.118498716503382e-05}, {'node': 'edge', 'executed_segments': [0, 1, 2, 3, 4, 5, 6, 7, 8, 9, 10, 11, 12, 13, 14, 15, 16, 17, 18], 'queue_s': 0.0016720999992685392, 'segment_compute_s': 0.01729160000286356, 'exit_head_compute_s': 0.0008114000020214007, 'exit_check_s': 0.0005111999989821925, 'worker_elapsed_s': 0.019680600000356208}], 'sample_id': 'balanced_000_0990_00009946', 'label': 0, 'correct': True, 'observed_utility': 0.45234564496786334}",balanced_000_0990_00009946,9,9946,0.5032572746276855,9156122918710965099,0.10953087100642733,0.0026233960124955047,0
0.0,3.066600766032934e-05,0.02203449999979057,0.02203449999979057,0.05920743600563583,3.066600766032934e-05,0.0843327360053081,0.02203449999979057,0.02512529999967228,0.0016595999995843158,0.0843858839944005,0.02211150000039197,1784949708.2284634,1784949707.4767098,1784949707.7267098,0.0,0.0,0.0,0.0,0.9999216794967651,0.05920743600563583,ablate-split-only-resnet50-cifar10-pi5-retry-20260725-111639:v1,1,3.066600766032934e-05,unknown,0.0,0.0005227000010563643,0.0009284999996452825,0.0016595999995843158,0.01940239999748883,"{'device': [], 'edge': [0, 1, 2, 3, 4, 5, 6, 7, 8, 9, 10, 11, 12, 13, 14, 15, 16, 17, 18]}",19,final,edge,True,4,1.0,5.0,1.0,0.0843858839944005,0.5780705800279975,4,d7415bd680c844df9616107f5b007d1f,10,"{'device_compute': 3.066600766032934e-05, 'd2e_transport': 0.05920743600563583, 'edge_queue': 0.0016595999995843158, 'edge_segment_compute': 0.01940239999748883, 'edge_exit_head_compute': 0.0009284999996452825, 'edge_exit_check': 0.0005227000010563643, 'e2c_transport': 0.0, 'cloud_queue': 0.0, 'cloud_segment_compute': 0.0, 'cloud_exit_head_compute': 0.0, 'cloud_exit_check': 0.0, 'total_latency': 0.0843858839944005, 'unattributed_overhead': 0.0026345819833295536, 'request_id': 'd7415bd680c844df9616107f5b007d1f', 'user_id': 0, 'prediction': 4, 'exit_id': 'final', 'exit_boundary_id': 19, 'exit_location': 'edge', 'confidence': 0.9999216794967651, 'executed_segments_by_node': {'device': [], 'edge': [0, 1, 2, 3, 4, 5, 6, 7, 8, 9, 10, 11, 12, 13, 14, 15, 16, 17, 18]}, 'nodes': [{'node': 'device', 'executed_segments': [], 'queue_s': 0.0, 'segment_compute_s': 0.0, 'exit_head_compute_s': 0.0, 'exit_check_s': 0.0, 'worker_elapsed_s': 3.066600766032934e-05}, {'node': 'edge', 'executed_segments': [0, 1, 2, 3, 4, 5, 6, 7, 8, 9, 10, 11, 12, 13, 14, 15, 16, 17, 18], 'queue_s': 0.0016595999995843158, 'segment_compute_s': 0.01940239999748883, 'exit_head_compute_s': 0.0009284999996452825, 'exit_check_s': 0.0005227000010563643, 'worker_elapsed_s': 0.02211150000039197}], 'sample_id': 'balanced_004_0289_00002917', 'label': 4, 'correct': True, 'observed_utility': 0.5780705800279975}",balanced_004_0289_00002917,10,2917,0.501753568649292,9156122918710965099,0.0843858839944005,0.0026345819833295536,0
0.0,3.5258010029792786e-05,0.014028900000084832,0.014028900000084832,0.1050615820040548,3.5258010029792786e-05,0.12179948200355284,0.014028900000084832,0.01673789999949804,0.0016083999998954823,0.12185879499884322,0.014117400000031921,1784949708.3330479,1784949707.5808809,1784949707.8308809,0.0,0.0,0.0,0.0,0.9998569488525391,0.1050615820040548,ablate-split-only-resnet50-cifar10-pi5-retry-20260725-111639:v1,1,3.5258010029792786e-05,unknown,0.0,0.0002777999998215819,0.0005498000009538373,0.0016083999998954823,0.012486299997362948,"{'device': [], 'edge': [0, 1, 2, 3, 4, 5, 6, 7, 8, 9, 10, 11, 12, 13, 14, 15, 16, 17, 18]}",19,final,edge,True,4,1.0,5.0,1.0,0.12185879499884322,0.3907060250057839,4,49a21f51dff349e6817dcbe4b401f750,11,"{'device_compute': 3.5258010029792786e-05, 'd2e_transport': 0.1050615820040548, 'edge_queue': 0.0016083999998954823, 'edge_segment_compute': 0.012486299997362948, 'edge_exit_head_compute': 0.0005498000009538373, 'edge_exit_check': 0.0002777999998215819, 'e2c_transport': 0.0, 'cloud_queue': 0.0, 'cloud_segment_compute': 0.0, 'cloud_exit_head_compute': 0.0, 'cloud_exit_check': 0.0, 'total_latency': 0.12185879499884322, 'unattributed_overhead': 0.0018396549867247813, 'request_id': '49a21f51dff349e6817dcbe4b401f750', 'user_id': 0, 'prediction': 4, 'exit_id': 'final', 'exit_boundary_id': 19, 'exit_location': 'edge', 'confidence': 0.9998569488525391, 'executed_segments_by_node': {'device': [], 'edge': [0, 1, 2, 3, 4, 5, 6, 7, 8, 9, 10, 11, 12, 13, 14, 15, 16, 17, 18]}, 'nodes': [{'node': 'device', 'executed_segments': [], 'queue_s': 0.0, 'segment_compute_s': 0.0, 'exit_head_compute_s': 0.0, 'exit_check_s': 0.0, 'worker_elapsed_s': 3.5258010029792786e-05}, {'node': 'edge', 'executed_segments': [0, 1, 2, 3, 4, 5, 6, 7, 8, 9, 10, 11, 12, 13, 14, 15, 16, 17, 18], 'queue_s': 0.0016083999998954823, 'segment_compute_s': 0.012486299997362948, 'exit_head_compute_s': 0.0005498000009538373, 'exit_check_s': 0.0002777999998215819, 'worker_elapsed_s': 0.014117400000031921}], 'sample_id': 'balanced_004_0037_00000465', 'label': 4, 'correct': True, 'observed_utility': 0.3907060250057839}",balanced_004_0037_00000465,11,465,0.5021669864654541,9156122918710965099,0.12185879499884322,0.0018396549867247813,0
0.0,3.803701838478446e-05,0.022185699999681674,0.022185699999681674,0.11054081401016447,3.803701838478446e-05,0.13553541401051916,0.022185699999681674,0.024994600000354694,0.001535399999738729,0.13560170901473612,0.022263300000304298,1784949708.4799156,1784949707.727158,1784949707.977158,0.0,0.0,0.0,0.0,0.9999988079071045,0.11054081401016447,ablate-split-only-resnet50-cifar10-pi5-retry-20260725-111639:v1,1,3.803701838478446e-05,unknown,0.0,0.0005628999988402938,0.0009041000012075529,0.001535399999738729,0.019593099998928665,"{'device': [], 'edge': [0, 1, 2, 3, 4, 5, 6, 7, 8, 9, 10, 11, 12, 13, 14, 15, 16, 17, 18]}",19,final,edge,True,1,1.0,5.0,1.0,0.13560170901473612,0.3219914549263194,1,34ef4bb5ac2947d49486dc91227b7e90,12,"{'device_compute': 3.803701838478446e-05, 'd2e_transport': 0.11054081401016447, 'edge_queue': 0.001535399999738729, 'edge_segment_compute': 0.019593099998928665, 'edge_exit_head_compute': 0.0009041000012075529, 'edge_exit_check': 0.0005628999988402938, 'e2c_transport': 0.0, 'cloud_queue': 0.0, 'cloud_segment_compute': 0.0, 'cloud_exit_head_compute': 0.0, 'cloud_exit_check': 0.0, 'total_latency': 0.13560170901473612, 'unattributed_overhead': 0.0024273579874716233, 'request_id': '34ef4bb5ac2947d49486dc91227b7e90', 'user_id': 0, 'prediction': 1, 'exit_id': 'final', 'exit_boundary_id': 19, 'exit_location': 'edge', 'confidence': 0.9999988079071045, 'executed_segments_by_node': {'device': [], 'edge': [0, 1, 2, 3, 4, 5, 6, 7, 8, 9, 10, 11, 12, 13, 14, 15, 16, 17, 18]}, 'nodes': [{'node': 'device', 'executed_segments': [], 'queue_s': 0.0, 'segment_compute_s': 0.0, 'exit_head_compute_s': 0.0, 'exit_check_s': 0.0, 'worker_elapsed_s': 3.803701838478446e-05}, {'node': 'edge', 'executed_segments': [0, 1, 2, 3, 4, 5, 6, 7, 8, 9, 10, 11, 12, 13, 14, 15, 16, 17, 18], 'queue_s': 0.001535399999738729, 'segment_compute_s': 0.019593099998928665, 'exit_head_compute_s': 0.0009041000012075529, 'exit_check_s': 0.0005628999988402938, 'worker_elapsed_s': 0.022263300000304298}], 'sample_id': 'balanced_001_0455_00004602', 'label': 1, 'correct': True, 'observed_utility': 0.3219914549263194}",balanced_001_0455_00004602,12,4602,0.5027575492858887,9156122918710965099,0.13560170901473612,0.0024273579874716233,0
0.0,3.144401125609875e-05,0.01890189999994618,0.01890189999994618,0.06118056100058311,3.144401125609875e-05,0.08282236100058071,0.01890189999994618,0.021641799999997602,0.0014295000000856817,0.08287617500172928,0.018956400000206486,1784949708.6348495,1784949707.883182,1784949708.133182,0.0,0.0,0.0,0.0,0.986746609210968,0.06118056100058311,ablate-split-only-resnet50-cifar10-pi5-retry-20260725-111639:v1,1,3.144401125609875e-05,unknown,0.0,0.0004967000004398869,0.0007308000003831694,0.0014295000000856817,0.016869900000529015,"{'device': [], 'edge': [0, 1, 2, 3, 4, 5, 6, 7, 8, 9, 10, 11, 12, 13, 14, 15, 16, 17, 18]}",19,final,edge,True,7,1.0,5.0,1.0,0.08287617500172928,0.5856191249913536,7,f161f14eb9524eb6b2c39c4518a3bc82,13,"{'device_compute': 3.144401125609875e-05, 'd2e_transport': 0.06118056100058311, 'edge_queue': 0.0014295000000856817, 'edge_segment_compute': 0.016869900000529015, 'edge_exit_head_compute': 0.0007308000003831694, 'edge_exit_check': 0.0004967000004398869, 'e2c_transport': 0.0, 'cloud_queue': 0.0, 'cloud_segment_compute': 0.0, 'cloud_exit_head_compute': 0.0, 'cloud_exit_check': 0.0, 'total_latency': 0.08287617500172928, 'unattributed_overhead': 0.002137269988452317, 'request_id': 'f161f14eb9524eb6b2c39c4518a3bc82', 'user_id': 0, 'prediction': 7, 'exit_id': 'final', 'exit_boundary_id': 19, 'exit_location': 'edge', 'confidence': 0.986746609210968, 'executed_segments_by_node': {'device': [], 'edge': [0, 1, 2, 3, 4, 5, 6, 7, 8, 9, 10, 11, 12, 13, 14, 15, 16, 17, 18]}, 'nodes': [{'node': 'device', 'executed_segments': [], 'queue_s': 0.0, 'segment_compute_s': 0.0, 'exit_head_compute_s': 0.0, 'exit_check_s': 0.0, 'worker_elapsed_s': 3.144401125609875e-05}, {'node': 'edge', 'executed_segments': [0, 1, 2, 3, 4, 5, 6, 7, 8, 9, 10, 11, 12, 13, 14, 15, 16, 17, 18], 'queue_s': 0.0014295000000856817, 'segment_compute_s': 0.016869900000529015, 'exit_head_compute_s': 0.0007308000003831694, 'exit_check_s': 0.0004967000004398869, 'worker_elapsed_s': 0.018956400000206486}], 'sample_id': 'balanced_007_0745_00007406', 'label': 7, 'correct': True, 'observed_utility': 0.5856191249913536}",balanced_007_0745_00007406,13,7406,0.5016674995422363,9156122918710965099,0.08287617500172928,0.002137269988452317,0
0.0,3.112899139523506e-05,0.023084800000106043,0.023084800000106043,0.06160618300873466,3.112899139523506e-05,0.08737528300844133,0.023084800000106043,0.02576909999970667,0.0013047000002188724,0.08742885600076988,0.023161500000242086,1784949708.737937,1784949707.9863937,1784949708.2363937,0.0,0.0,0.0,0.0,0.999983549118042,0.06160618300873466,ablate-split-only-resnet50-cifar10-pi5-retry-20260725-111639:v1,1,3.112899139523506e-05,unknown,0.0,0.0005033999987062998,0.0008573999984946568,0.0013047000002188724,0.020489200000156416,"{'device': [], 'edge': [0, 1, 2, 3, 4, 5, 6, 7, 8, 9, 10, 11, 12, 13, 14, 15, 16, 17, 18]}",19,final,edge,True,7,1.0,5.0,1.0,0.08742885600076988,0.5628557199961506,7,889fbdc95b19423e8f421ec5dfca9506,14,"{'device_compute': 3.112899139523506e-05, 'd2e_transport': 0.06160618300873466, 'edge_queue': 0.0013047000002188724, 'edge_segment_compute': 0.020489200000156416, 'edge_exit_head_compute': 0.0008573999984946568, 'edge_exit_check': 0.0005033999987062998, 'e2c_transport': 0.0, 'cloud_queue': 0.0, 'cloud_segment_compute': 0.0, 'cloud_exit_head_compute': 0.0, 'cloud_exit_check': 0.0, 'total_latency': 0.08742885600076988, 'unattributed_overhead': 0.002636844003063743, 'request_id': '889fbdc95b19423e8f421ec5dfca9506', 'user_id': 0, 'prediction': 7, 'exit_id': 'final', 'exit_boundary_id': 19, 'exit_location': 'edge', 'confidence': 0.999983549118042, 'executed_segments_by_node': {'device': [], 'edge': [0, 1, 2, 3, 4, 5, 6, 7, 8, 9, 10, 11, 12, 13, 14, 15, 16, 17, 18]}, 'nodes': [{'node': 'device', 'executed_segments': [], 'queue_s': 0.0, 'segment_compute_s': 0.0, 'exit_head_compute_s': 0.0, 'exit_check_s': 0.0, 'worker_elapsed_s': 3.112899139523506e-05}, {'node': 'edge', 'executed_segments': [0, 1, 2, 3, 4, 5, 6, 7, 8, 9, 10, 11, 12, 13, 14, 15, 16, 17, 18], 'queue_s': 0.0013047000002188724, 'segment_compute_s': 0.020489200000156416, 'exit_head_compute_s': 0.0008573999984946568, 'exit_check_s': 0.0005033999987062998, 'worker_elapsed_s': 0.023161500000242086}], 'sample_id': 'balanced_007_0921_00009278', 'label': 7, 'correct': True, 'observed_utility': 0.5628557199961506}",balanced_007_0921_00009278,14,9278,0.5015432834625244,9156122918710965099,0.08742885600076988,0.002636844003063743,0
0.0,3.464700421318412e-05,0.011100900000201364,0.011100900000201364,0.10116391200153885,3.464700421318412e-05,0.11492631200235337,0.011100900000201364,0.013762400000814523,0.0013422000001810375,0.11498538500745781,0.01115509999999631,1784949708.8451595,1784949708.0935178,1784949708.3435178,0.0,0.0,0.0,0.0,0.9992271661758423,0.10116391200153885,ablate-split-only-resnet50-cifar10-pi5-retry-20260725-111639:v1,1,3.464700421318412e-05,unknown,0.0,0.0002779000005830312,0.0005264000001261593,0.0013422000001810375,0.009684499999821128,"{'device': [], 'edge': [0, 1, 2, 3, 4, 5, 6, 7, 8, 9, 10, 11, 12, 13, 14, 15, 16, 17, 18]}",19,final,edge,True,0,1.0,5.0,1.0,0.11498538500745781,0.42507307496271096,0,dc2697c9d59a4f14b2ea5ea530c3fc6f,15,"{'device_compute': 3.464700421318412e-05, 'd2e_transport': 0.10116391200153885, 'edge_queue': 0.0013422000001810375, 'edge_segment_compute': 0.009684499999821128, 'edge_exit_head_compute': 0.0005264000001261593, 'edge_exit_check': 0.0002779000005830312, 'e2c_transport': 0.0, 'cloud_queue': 0.0, 'cloud_segment_compute': 0.0, 'cloud_exit_head_compute': 0.0, 'cloud_exit_check': 0.0, 'total_latency': 0.11498538500745781, 'unattributed_overhead': 0.0019558260009944206, 'request_id': 'dc2697c9d59a4f14b2ea5ea530c3fc6f', 'user_id': 0, 'prediction': 0, 'exit_id': 'final', 'exit_boundary_id': 19, 'exit_location': 'edge', 'confidence': 0.9992271661758423, 'executed_segments_by_node': {'device': [], 'edge': [0, 1, 2, 3, 4, 5, 6, 7, 8, 9, 10, 11, 12, 13, 14, 15, 16, 17, 18]}, 'nodes': [{'node': 'device', 'executed_segments': [], 'queue_s': 0.0, 'segment_compute_s': 0.0, 'exit_head_compute_s': 0.0, 'exit_check_s': 0.0, 'worker_elapsed_s': 3.464700421318412e-05}, {'node': 'edge', 'executed_segments': [0, 1, 2, 3, 4, 5, 6, 7, 8, 9, 10, 11, 12, 13, 14, 15, 16, 17, 18], 'queue_s': 0.0013422000001810375, 'segment_compute_s': 0.009684499999821128, 'exit_head_compute_s': 0.0005264000001261593, 'exit_check_s': 0.0002779000005830312, 'worker_elapsed_s': 0.01115509999999631}], 'sample_id': 'balanced_000_0447_00004504', 'label': 0, 'correct': True, 'observed_utility': 0.42507307496271096}",balanced_000_0447_00004504,15,4504,0.5016417503356934,9156122918710965099,0.11498538500745781,0.0019558260009944206,0
0.0,3.0758994398638606e-05,0.022688499999276246,0.022688499999276246,0.08786165201308904,3.0758994398638606e-05,0.11332005201256834,0.022688499999276246,0.025458399999479298,0.0015965000002324814,0.11337410699343309,0.02276099999926373,1784949708.9890883,1784949708.2365463,1784949708.4865463,0.0,0.0,0.0,0.0,0.9999114274978638,0.08786165201308904,ablate-split-only-resnet50-cifar10-pi5-retry-20260725-111639:v1,1,3.0758994398638606e-05,unknown,0.0,0.0005337000011422788,0.000922799999898416,0.0015965000002324814,0.02000819999830128,"{'device': [], 'edge': [0, 1, 2, 3, 4, 5, 6, 7, 8, 9, 10, 11, 12, 13, 14, 15, 16, 17, 18]}",19,final,edge,True,6,1.0,5.0,1.0,0.11337410699343309,0.43312946503283456,6,ab2967dd9b3344f48c1af9682df7a481,16,"{'device_compute': 3.0758994398638606e-05, 'd2e_transport': 0.08786165201308904, 'edge_queue': 0.0015965000002324814, 'edge_segment_compute': 0.02000819999830128, 'edge_exit_head_compute': 0.000922799999898416, 'edge_exit_check': 0.0005337000011422788, 'e2c_transport': 0.0, 'cloud_queue': 0.0, 'cloud_segment_compute': 0.0, 'cloud_exit_head_compute': 0.0, 'cloud_exit_check': 0.0, 'total_latency': 0.11337410699343309, 'unattributed_overhead': 0.002420495986370952, 'request_id': 'ab2967dd9b3344f48c1af9682df7a481', 'user_id': 0, 'prediction': 6, 'exit_id': 'final', 'exit_boundary_id': 19, 'exit_location': 'edge', 'confidence': 0.9999114274978638, 'executed_segments_by_node': {'device': [], 'edge': [0, 1, 2, 3, 4, 5, 6, 7, 8, 9, 10, 11, 12, 13, 14, 15, 16, 17, 18]}, 'nodes': [{'node': 'device', 'executed_segments': [], 'queue_s': 0.0, 'segment_compute_s': 0.0, 'exit_head_compute_s': 0.0, 'exit_check_s': 0.0, 'worker_elapsed_s': 3.0758994398638606e-05}, {'node': 'edge', 'executed_segments': [0, 1, 2, 3, 4, 5, 6, 7, 8, 9, 10, 11, 12, 13, 14, 15, 16, 17, 18], 'queue_s': 0.0015965000002324814, 'segment_compute_s': 0.02000819999830128, 'exit_head_compute_s': 0.000922799999898416, 'exit_check_s': 0.0005337000011422788, 'worker_elapsed_s': 0.02276099999926373}], 'sample_id': 'balanced_006_0219_00002035', 'label': 6, 'correct': True, 'observed_utility': 0.43312946503283456}",balanced_006_0219_00002035,16,2035,0.5025420188903809,9156122918710965099,0.11337410699343309,0.002420495986370952,0
0.0,3.088798257522285e-05,0.018080000000736618,0.018080000000736618,0.11076220600352826,3.088798257522285e-05,0.13148720600293018,0.018080000000736618,0.020724999999401916,0.0015299000006052665,0.13154042698442936,0.018157099999370985,1784949709.1491487,1784949708.3969624,1784949708.6469624,0.0,0.0,0.0,0.0,0.9573317766189575,0.11076220600352826,ablate-split-only-resnet50-cifar10-pi5-retry-20260725-111639:v1,1,3.088798257522285e-05,unknown,0.0,0.00041879999935190426,0.0007648999990124139,0.0015299000006052665,0.016026199998123047,"{'device': [], 'edge': [0, 1, 2, 3, 4, 5, 6, 7, 8, 9, 10, 11, 12, 13, 14, 15, 16, 17, 18]}",19,final,edge,True,2,1.0,5.0,1.0,0.13154042698442936,0.3422978650778532,2,7c22fd9b37ed42b4b045821752200b55,17,"{'device_compute': 3.088798257522285e-05, 'd2e_transport': 0.11076220600352826, 'edge_queue': 0.0015299000006052665, 'edge_segment_compute': 0.016026199998123047, 'edge_exit_head_compute': 0.0007648999990124139, 'edge_exit_check': 0.00041879999935190426, 'e2c_transport': 0.0, 'cloud_queue': 0.0, 'cloud_segment_compute': 0.0, 'cloud_exit_head_compute': 0.0, 'cloud_exit_check': 0.0, 'total_latency': 0.13154042698442936, 'unattributed_overhead': 0.0020075330012332415, 'request_id': '7c22fd9b37ed42b4b045821752200b55', 'user_id': 0, 'prediction': 2, 'exit_id': 'final', 'exit_boundary_id': 19, 'exit_location': 'edge', 'confidence': 0.9573317766189575, 'executed_segments_by_node': {'device': [], 'edge': [0, 1, 2, 3, 4, 5, 6, 7, 8, 9, 10, 11, 12, 13, 14, 15, 16, 17, 18]}, 'nodes': [{'node': 'device', 'executed_segments': [], 'queue_s': 0.0, 'segment_compute_s': 0.0, 'exit_head_compute_s': 0.0, 'exit_check_s': 0.0, 'worker_elapsed_s': 3.088798257522285e-05}, {'node': 'edge', 'executed_segments': [0, 1, 2, 3, 4, 5, 6, 7, 8, 9, 10, 11, 12, 13, 14, 15, 16, 17, 18], 'queue_s': 0.0015299000006052665, 'segment_compute_s': 0.016026199998123047, 'exit_head_compute_s': 0.0007648999990124139, 'exit_check_s': 0.00041879999935190426, 'worker_elapsed_s': 0.018157099999370985}], 'sample_id': 'balanced_002_0229_00002262', 'label': 2, 'correct': True, 'observed_utility': 0.3422978650778532}",balanced_002_0229_00002262,17,2262,0.5021862983703613,9156122918710965099,0.13154042698442936,0.0020075330012332415,0
0.0,3.085201024077833e-05,0.012124300000323274,0.012124300000323274,0.07753358801164723,3.085201024077833e-05,0.09249278801144101,0.012124300000323274,0.014959199999793782,0.0015226000004986417,0.0925469360081479,0.01218559999961144,1784949709.3434136,1784949708.5913532,1784949708.8413532,0.0,0.0,0.0,0.0,0.9999091625213623,0.07753358801164723,ablate-split-only-resnet50-cifar10-pi5-retry-20260725-111639:v1,1,3.085201024077833e-05,unknown,0.0,0.0002902999995058053,0.0005830000000059954,0.0015226000004986417,0.010602800000015122,"{'device': [], 'edge': [0, 1, 2, 3, 4, 5, 6, 7, 8, 9, 10, 11, 12, 13, 14, 15, 16, 17, 18]}",19,final,edge,True,6,1.0,5.0,1.0,0.0925469360081479,0.5372653199592605,6,01a23c6037184228aa03748becdee7b0,18,"{'device_compute': 3.085201024077833e-05, 'd2e_transport': 0.07753358801164723, 'edge_queue': 0.0015226000004986417, 'edge_segment_compute': 0.010602800000015122, 'edge_exit_head_compute': 0.0005830000000059954, 'edge_exit_check': 0.0002902999995058053, 'e2c_transport': 0.0, 'cloud_queue': 0.0, 'cloud_segment_compute': 0.0, 'cloud_exit_head_compute': 0.0, 'cloud_exit_check': 0.0, 'total_latency': 0.0925469360081479, 'unattributed_overhead': 0.001983795986234327, 'request_id': '01a23c6037184228aa03748becdee7b0', 'user_id': 0, 'prediction': 6, 'exit_id': 'final', 'exit_boundary_id': 19, 'exit_location': 'edge', 'confidence': 0.9999091625213623, 'executed_segments_by_node': {'device': [], 'edge': [0, 1, 2, 3, 4, 5, 6, 7, 8, 9, 10, 11, 12, 13, 14, 15, 16, 17, 18]}, 'nodes': [{'node': 'device', 'executed_segments': [], 'queue_s': 0.0, 'segment_compute_s': 0.0, 'exit_head_compute_s': 0.0, 'exit_check_s': 0.0, 'worker_elapsed_s': 3.085201024077833e-05}, {'node': 'edge', 'executed_segments': [0, 1, 2, 3, 4, 5, 6, 7, 8, 9, 10, 11, 12, 13, 14, 15, 16, 17, 18], 'queue_s': 0.0015226000004986417, 'segment_compute_s': 0.010602800000015122, 'exit_head_compute_s': 0.0005830000000059954, 'exit_check_s': 0.0002902999995058053, 'worker_elapsed_s': 0.01218559999961144}], 'sample_id': 'balanced_006_0554_00005556', 'label': 6, 'correct': True, 'observed_utility': 0.5372653199592605}",balanced_006_0554_00005556,18,5556,0.5020604133605957,9156122918710965099,0.0925469360081479,0.001983795986234327,0
0.0,3.535099676810205e-05,0.022429900000133784,0.022429900000133784,0.08466088200202648,3.535099676810205e-05,0.11016458200174384,0.022429900000133784,0.025503699999717355,0.0015720999999757623,0.11022578401025385,0.0225057999996352,1784949709.4620657,1784949708.709895,1784949708.959895,0.0,0.0,0.0,0.0,0.9985729455947876,0.08466088200202648,ablate-split-only-resnet50-cifar10-pi5-retry-20260725-111639:v1,1,3.535099676810205e-05,unknown,0.0,0.0005298000005495851,0.0009369999997943523,0.0015720999999757623,0.01979979999941861,"{'device': [], 'edge': [0, 1, 2, 3, 4, 5, 6, 7, 8, 9, 10, 11, 12, 13, 14, 15, 16, 17, 18]}",19,final,edge,True,7,1.0,5.0,1.0,0.11022578401025385,0.44887107994873077,7,82d050a5e0564c5b89908787ab9e9520,19,"{'device_compute': 3.535099676810205e-05, 'd2e_transport': 0.08466088200202648, 'edge_queue': 0.0015720999999757623, 'edge_segment_compute': 0.01979979999941861, 'edge_exit_head_compute': 0.0009369999997943523, 'edge_exit_check': 0.0005298000005495851, 'e2c_transport': 0.0, 'cloud_queue': 0.0, 'cloud_segment_compute': 0.0, 'cloud_exit_head_compute': 0.0, 'cloud_exit_check': 0.0, 'total_latency': 0.11022578401025385, 'unattributed_overhead': 0.0026908510117209516, 'request_id': '82d050a5e0564c5b89908787ab9e9520', 'user_id': 0, 'prediction': 7, 'exit_id': 'final', 'exit_boundary_id': 19, 'exit_location': 'edge', 'confidence': 0.9985729455947876, 'executed_segments_by_node': {'device': [], 'edge': [0, 1, 2, 3, 4, 5, 6, 7, 8, 9, 10, 11, 12, 13, 14, 15, 16, 17, 18]}, 'nodes': [{'node': 'device', 'executed_segments': [], 'queue_s': 0.0, 'segment_compute_s': 0.0, 'exit_head_compute_s': 0.0, 'exit_check_s': 0.0, 'worker_elapsed_s': 3.535099676810205e-05}, {'node': 'edge', 'executed_segments': [0, 1, 2, 3, 4, 5, 6, 7, 8, 9, 10, 11, 12, 13, 14, 15, 16, 17, 18], 'queue_s': 0.0015720999999757623, 'segment_compute_s': 0.01979979999941861, 'exit_head_compute_s': 0.0009369999997943523, 'exit_check_s': 0.0005298000005495851, 'worker_elapsed_s': 0.0225057999996352}], 'sample_id': 'balanced_007_0615_00006044', 'label': 7, 'correct': True, 'observed_utility': 0.44887107994873077}",balanced_007_0615_00006044,19,6044,0.5021708011627197,9156122918710965099,0.11022578401025385,0.0026908510117209516,0
0.0,3.985100192949176e-05,0.022167000000081316,0.022167000000081316,0.11576683001203492,3.985100192949176e-05,0.14088573001208715,0.022167000000081316,0.025118900000052236,0.0014375999999174383,0.14095533901127055,0.02224430000023858,1784949709.6005955,1784949708.844032,1784949709.094032,0.0,0.0,0.0,0.0,0.9716776609420776,0.11576683001203492,ablate-split-only-resnet50-cifar10-pi5-retry-20260725-111639:v1,1,3.985100192949176e-05,unknown,0.0,0.0005286999994496,0.0009144000014202902,0.0014375999999174383,0.019578399999772955,"{'device': [], 'edge': [0, 1, 2, 3, 4, 5, 6, 7, 8, 9, 10, 11, 12, 13, 14, 15, 16, 17, 18]}",19,final,edge,True,2,1.0,5.0,1.0,0.14095533901127055,0.29522330494364724,2,6404dce4994c43479ef3f47ed88cd054,20,"{'device_compute': 3.985100192949176e-05, 'd2e_transport': 0.11576683001203492, 'edge_queue': 0.0014375999999174383, 'edge_segment_compute': 0.019578399999772955, 'edge_exit_head_compute': 0.0009144000014202902, 'edge_exit_check': 0.0005286999994496, 'e2c_transport': 0.0, 'cloud_queue': 0.0, 'cloud_segment_compute': 0.0, 'cloud_exit_head_compute': 0.0, 'cloud_exit_check': 0.0, 'total_latency': 0.14095533901127055, 'unattributed_overhead': 0.0026895579967458616, 'request_id': '6404dce4994c43479ef3f47ed88cd054', 'user_id': 0, 'prediction': 2, 'exit_id': 'final', 'exit_boundary_id': 19, 'exit_location': 'edge', 'confidence': 0.9716776609420776, 'executed_segments_by_node': {'device': [], 'edge': [0, 1, 2, 3, 4, 5, 6, 7, 8, 9, 10, 11, 12, 13, 14, 15, 16, 17, 18]}, 'nodes': [{'node': 'device', 'executed_segments': [], 'queue_s': 0.0, 'segment_compute_s': 0.0, 'exit_head_compute_s': 0.0, 'exit_check_s': 0.0, 'worker_elapsed_s': 3.985100192949176e-05}, {'node': 'edge', 'executed_segments': [0, 1, 2, 3, 4, 5, 6, 7, 8, 9, 10, 11, 12, 13, 14, 15, 16, 17, 18], 'queue_s': 0.0014375999999174383, 'segment_compute_s': 0.019578399999772955, 'exit_head_compute_s': 0.0009144000014202902, 'exit_check_s': 0.0005286999994496, 'worker_elapsed_s': 0.02224430000023858}], 'sample_id': 'balanced_002_0094_00000933', 'label': 2, 'correct': True, 'observed_utility': 0.29522330494364724}",balanced_002_0094_00000933,20,933,0.5065634250640869,9156122918710965099,0.14095533901127055,0.0026895579967458616,0
0.0,4.0943006752058864e-05,0.022595299999920826,0.022595299999920826,0.08321316998535622,4.0943006752058864e-05,0.1088158699858468,0.022595299999920826,0.025602700000490586,0.0015223000000332831,0.10888553500990383,0.022672099999908824,1784949709.7759817,1784949709.0241902,1784949709.2741902,0.0,0.0,0.0,0.0,0.9999754428863525,0.08321316998535622,ablate-split-only-resnet50-cifar10-pi5-retry-20260725-111639:v1,1,4.0943006752058864e-05,unknown,0.0,0.0005326999998942483,0.0009253999996872153,0.0015223000000332831,0.01998989999992773,"{'device': [], 'edge': [0, 1, 2, 3, 4, 5, 6, 7, 8, 9, 10, 11, 12, 13, 14, 15, 16, 17, 18]}",19,final,edge,True,2,1.0,5.0,1.0,0.10888553500990383,0.45557232495048083,2,18f7669243c44c90a4bbcc8f38b8c918,21,"{'device_compute': 4.0943006752058864e-05, 'd2e_transport': 0.08321316998535622, 'edge_queue': 0.0015223000000332831, 'edge_segment_compute': 0.01998989999992773, 'edge_exit_head_compute': 0.0009253999996872153, 'edge_exit_check': 0.0005326999998942483, 'e2c_transport': 0.0, 'cloud_queue': 0.0, 'cloud_segment_compute': 0.0, 'cloud_exit_head_compute': 0.0, 'cloud_exit_check': 0.0, 'total_latency': 0.10888553500990383, 'unattributed_overhead': 0.0026611220182530815, 'request_id': '18f7669243c44c90a4bbcc8f38b8c918', 'user_id': 0, 'prediction': 2, 'exit_id': 'final', 'exit_boundary_id': 19, 'exit_location': 'edge', 'confidence': 0.9999754428863525, 'executed_segments_by_node': {'device': [], 'edge': [0, 1, 2, 3, 4, 5, 6, 7, 8, 9, 10, 11, 12, 13, 14, 15, 16, 17, 18]}, 'nodes': [{'node': 'device', 'executed_segments': [], 'queue_s': 0.0, 'segment_compute_s': 0.0, 'exit_head_compute_s': 0.0, 'exit_check_s': 0.0, 'worker_elapsed_s': 4.0943006752058864e-05}, {'node': 'edge', 'executed_segments': [0, 1, 2, 3, 4, 5, 6, 7, 8, 9, 10, 11, 12, 13, 14, 15, 16, 17, 18], 'queue_s': 0.0015223000000332831, 'segment_compute_s': 0.01998989999992773, 'exit_head_compute_s': 0.0009253999996872153, 'exit_check_s': 0.0005326999998942483, 'worker_elapsed_s': 0.022672099999908824}], 'sample_id': 'balanced_002_0705_00007048', 'label': 2, 'correct': True, 'observed_utility': 0.45557232495048083}",balanced_002_0705_00007048,21,7048,0.5017914772033691,9156122918710965099,0.10888553500990383,0.0026611220182530815,0
0.0,3.864700556732714e-05,0.02049689999967086,0.02049689999967086,0.0732790059864783,3.864700556732714e-05,0.09695180598646402,0.02049689999967086,0.023672799999985727,0.0017528000007587252,0.09701848900294863,0.020578399999976682,1784949709.9070218,1784949709.1544724,1784949709.4044724,0.0,0.0,0.0,0.0,0.9999750852584839,0.0732790059864783,ablate-split-only-resnet50-cifar10-pi5-retry-20260725-111639:v1,1,3.864700556732714e-05,unknown,0.0,0.00043900000127905514,0.0008545999990019482,0.0017528000007587252,0.018250999997690087,"{'device': [], 'edge': [0, 1, 2, 3, 4, 5, 6, 7, 8, 9, 10, 11, 12, 13, 14, 15, 16, 17, 18]}",19,final,edge,True,7,1.0,5.0,1.0,0.09701848900294863,0.5149075549852569,7,d13682d7ce50497fb62413fc8a080d68,22,"{'device_compute': 3.864700556732714e-05, 'd2e_transport': 0.0732790059864783, 'edge_queue': 0.0017528000007587252, 'edge_segment_compute': 0.018250999997690087, 'edge_exit_head_compute': 0.0008545999990019482, 'edge_exit_check': 0.00043900000127905514, 'e2c_transport': 0.0, 'cloud_queue': 0.0, 'cloud_segment_compute': 0.0, 'cloud_exit_head_compute': 0.0, 'cloud_exit_check': 0.0, 'total_latency': 0.09701848900294863, 'unattributed_overhead': 0.002403436012173188, 'request_id': 'd13682d7ce50497fb62413fc8a080d68', 'user_id': 0, 'prediction': 7, 'exit_id': 'final', 'exit_boundary_id': 19, 'exit_location': 'edge', 'confidence': 0.9999750852584839, 'executed_segments_by_node': {'device': [], 'edge': [0, 1, 2, 3, 4, 5, 6, 7, 8, 9, 10, 11, 12, 13, 14, 15, 16, 17, 18]}, 'nodes': [{'node': 'device', 'executed_segments': [], 'queue_s': 0.0, 'segment_compute_s': 0.0, 'exit_head_compute_s': 0.0, 'exit_check_s': 0.0, 'worker_elapsed_s': 3.864700556732714e-05}, {'node': 'edge', 'executed_segments': [0, 1, 2, 3, 4, 5, 6, 7, 8, 9, 10, 11, 12, 13, 14, 15, 16, 17, 18], 'queue_s': 0.0017528000007587252, 'segment_compute_s': 0.018250999997690087, 'exit_head_compute_s': 0.0008545999990019482, 'exit_check_s': 0.00043900000127905514, 'worker_elapsed_s': 0.020578399999976682}], 'sample_id': 'balanced_007_0583_00005768', 'label': 7, 'correct': True, 'observed_utility': 0.5149075549852569}",balanced_007_0583_00005768,22,5768,0.502549409866333,9156122918710965099,0.09701848900294863,0.002403436012173188,0
0.0,3.9036007365211844e-05,0.016793800000414194,0.016793800000414194,0.06916777800597629,3.9036007365211844e-05,0.08905367800616659,0.016793800000414194,0.019885900000190304,0.0016750000004321919,0.0891211400157772,0.016888299999664014,1784949710.0263867,1784949709.274494,1784949709.524494,0.0,0.0,0.0,0.0,0.9995548129081726,0.06916777800597629,ablate-split-only-resnet50-cifar10-pi5-retry-20260725-111639:v1,1,3.9036007365211844e-05,unknown,0.0,0.00041990000045188935,0.0007008000011410331,0.0016750000004321919,0.014777700001104677,"{'device': [], 'edge': [0, 1, 2, 3, 4, 5, 6, 7, 8, 9, 10, 11, 12, 13, 14, 15, 16, 17, 18]}",19,final,edge,True,4,1.0,5.0,1.0,0.0891211400157772,0.554394299921114,4,b7733e200fee440b8b202b795fe25a72,23,"{'device_compute': 3.9036007365211844e-05, 'd2e_transport': 0.06916777800597629, 'edge_queue': 0.0016750000004321919, 'edge_segment_compute': 0.014777700001104677, 'edge_exit_head_compute': 0.0007008000011410331, 'edge_exit_check': 0.00041990000045188935, 'e2c_transport': 0.0, 'cloud_queue': 0.0, 'cloud_segment_compute': 0.0, 'cloud_exit_head_compute': 0.0, 'cloud_exit_check': 0.0, 'total_latency': 0.0891211400157772, 'unattributed_overhead': 0.0023409259993059095, 'request_id': 'b7733e200fee440b8b202b795fe25a72', 'user_id': 0, 'prediction': 4, 'exit_id': 'final', 'exit_boundary_id': 19, 'exit_location': 'edge', 'confidence': 0.9995548129081726, 'executed_segments_by_node': {'device': [], 'edge': [0, 1, 2, 3, 4, 5, 6, 7, 8, 9, 10, 11, 12, 13, 14, 15, 16, 17, 18]}, 'nodes': [{'node': 'device', 'executed_segments': [], 'queue_s': 0.0, 'segment_compute_s': 0.0, 'exit_head_compute_s': 0.0, 'exit_check_s': 0.0, 'worker_elapsed_s': 3.9036007365211844e-05}, {'node': 'edge', 'executed_segments': [0, 1, 2, 3, 4, 5, 6, 7, 8, 9, 10, 11, 12, 13, 14, 15, 16, 17, 18], 'queue_s': 0.0016750000004321919, 'segment_compute_s': 0.014777700001104677, 'exit_head_compute_s': 0.0007008000011410331, 'exit_check_s': 0.00041990000045188935, 'worker_elapsed_s': 0.016888299999664014}], 'sample_id': 'balanced_004_0515_00005059', 'label': 4, 'correct': True, 'observed_utility': 0.554394299921114}",balanced_004_0515_00005059,23,5059,0.5018928050994873,9156122918710965099,0.0891211400157772,0.0023409259993059095,0
0.0,4.1072984458878636e-05,0.019442800000433635,0.019442800000433635,0.08147567801825062,4.1072984458878636e-05,0.10328137801843695,0.019442800000433635,0.021805700000186334,0.0011530000001584995,0.10335161699913442,0.019499200000609562,1784949710.1580722,1784949709.4050367,1784949709.6550367,0.0,0.0,0.0,0.0,0.999849796295166,0.08147567801825062,ablate-split-only-resnet50-cifar10-pi5-retry-20260725-111639:v1,1,4.1072984458878636e-05,unknown,0.0,0.0005104999991090153,0.0007095000009940122,0.0011530000001584995,0.017403800000465708,"{'device': [], 'edge': [0, 1, 2, 3, 4, 5, 6, 7, 8, 9, 10, 11, 12, 13, 14, 15, 16, 17, 18]}",19,final,edge,True,1,1.0,5.0,1.0,0.10335161699913442,0.4832419150043279,1,d7fab5179fa947a4b2d8059b20579ff8,24,"{'device_compute': 4.1072984458878636e-05, 'd2e_transport': 0.08147567801825062, 'edge_queue': 0.0011530000001584995, 'edge_segment_compute': 0.017403800000465708, 'edge_exit_head_compute': 0.0007095000009940122, 'edge_exit_check': 0.0005104999991090153, 'e2c_transport': 0.0, 'cloud_queue': 0.0, 'cloud_segment_compute': 0.0, 'cloud_exit_head_compute': 0.0, 'cloud_exit_check': 0.0, 'total_latency': 0.10335161699913442, 'unattributed_overhead': 0.0020580659956976888, 'request_id': 'd7fab5179fa947a4b2d8059b20579ff8', 'user_id': 0, 'prediction': 1, 'exit_id': 'final', 'exit_boundary_id': 19, 'exit_location': 'edge', 'confidence': 0.999849796295166, 'executed_segments_by_node': {'device': [], 'edge': [0, 1, 2, 3, 4, 5, 6, 7, 8, 9, 10, 11, 12, 13, 14, 15, 16, 17, 18]}, 'nodes': [{'node': 'device', 'executed_segments': [], 'queue_s': 0.0, 'segment_compute_s': 0.0, 'exit_head_compute_s': 0.0, 'exit_check_s': 0.0, 'worker_elapsed_s': 4.1072984458878636e-05}, {'node': 'edge', 'executed_segments': [0, 1, 2, 3, 4, 5, 6, 7, 8, 9, 10, 11, 12, 13, 14, 15, 16, 17, 18], 'queue_s': 0.0011530000001584995, 'segment_compute_s': 0.017403800000465708, 'exit_head_compute_s': 0.0007095000009940122, 'exit_check_s': 0.0005104999991090153, 'worker_elapsed_s': 0.019499200000609562}], 'sample_id': 'balanced_001_0925_00009232', 'label': 1, 'correct': True, 'observed_utility': 0.4832419150043279}",balanced_001_0925_00009232,24,9232,0.5030355453491211,9156122918710965099,0.10335161699913442,0.0020580659956976888,0
0.0,4.879498737864196e-05,0.012699599999905331,0.012699599999905331,0.08261534900611878,4.879498737864196e-05,0.0979997490067035,0.012699599999905331,0.01538440000058472,0.0013951000000815839,0.0980818759999238,0.012776999999914551,1784949710.2844205,1784949709.5325556,1784949709.7825556,0.0,0.0,0.0,0.0,0.9999648332595825,0.08261534900611878,ablate-split-only-resnet50-cifar10-pi5-retry-20260725-111639:v1,1,4.879498737864196e-05,unknown,0.0,0.000285200000689656,0.0005207000003792928,0.0013951000000815839,0.011191499999767984,"{'device': [], 'edge': [0, 1, 2, 3, 4, 5, 6, 7, 8, 9, 10, 11, 12, 13, 14, 15, 16, 17, 18]}",19,final,edge,True,8,1.0,5.0,1.0,0.0980818759999238,0.509590620000381,8,faf249271ca04d2889e027549e27741a,25,"{'device_compute': 4.879498737864196e-05, 'd2e_transport': 0.08261534900611878, 'edge_queue': 0.0013951000000815839, 'edge_segment_compute': 0.011191499999767984, 'edge_exit_head_compute': 0.0005207000003792928, 'edge_exit_check': 0.000285200000689656, 'e2c_transport': 0.0, 'cloud_queue': 0.0, 'cloud_segment_compute': 0.0, 'cloud_exit_head_compute': 0.0, 'cloud_exit_check': 0.0, 'total_latency': 0.0980818759999238, 'unattributed_overhead': 0.00202523200550786, 'request_id': 'faf249271ca04d2889e027549e27741a', 'user_id': 0, 'prediction': 8, 'exit_id': 'final', 'exit_boundary_id': 19, 'exit_location': 'edge', 'confidence': 0.9999648332595825, 'executed_segments_by_node': {'device': [], 'edge': [0, 1, 2, 3, 4, 5, 6, 7, 8, 9, 10, 11, 12, 13, 14, 15, 16, 17, 18]}, 'nodes': [{'node': 'device', 'executed_segments': [], 'queue_s': 0.0, 'segment_compute_s': 0.0, 'exit_head_compute_s': 0.0, 'exit_check_s': 0.0, 'worker_elapsed_s': 4.879498737864196e-05}, {'node': 'edge', 'executed_segments': [0, 1, 2, 3, 4, 5, 6, 7, 8, 9, 10, 11, 12, 13, 14, 15, 16, 17, 18], 'queue_s': 0.0013951000000815839, 'segment_compute_s': 0.011191499999767984, 'exit_head_compute_s': 0.0005207000003792928, 'exit_check_s': 0.000285200000689656, 'worker_elapsed_s': 0.012776999999914551}], 'sample_id': 'balanced_008_0317_00003021', 'label': 8, 'correct': True, 'observed_utility': 0.509590620000381}",balanced_008_0317_00003021,25,3021,0.5018649101257324,9156122918710965099,0.0980818759999238,0.00202523200550786,0
0.0,4.0314014768227935e-05,0.019878100000823906,0.019878100000823906,0.07881431701389374,4.0314014768227935e-05,0.10142341701430269,0.019878100000823906,0.022609100000408944,0.001418099999682454,0.1014912860118784,0.019938299999921583,1784949710.4085734,1784949709.657075,1784949709.907075,0.0,0.0,0.0,0.0,0.9700782299041748,0.07881431701389374,ablate-split-only-resnet50-cifar10-pi5-retry-20260725-111639:v1,1,4.0314014768227935e-05,unknown,0.0,0.0005448000001706532,0.0009809999992285157,0.001418099999682454,0.017426999997951498,"{'device': [], 'edge': [0, 1, 2, 3, 4, 5, 6, 7, 8, 9, 10, 11, 12, 13, 14, 15, 16, 17, 18]}",19,final,edge,False,5,1.0,5.0,0.0,0.1014912860118784,-0.507456430059392,4,751e89cd48f34299a169c4ace9b32787,26,"{'device_compute': 4.0314014768227935e-05, 'd2e_transport': 0.07881431701389374, 'edge_queue': 0.001418099999682454, 'edge_segment_compute': 0.017426999997951498, 'edge_exit_head_compute': 0.0009809999992285157, 'edge_exit_check': 0.0005448000001706532, 'e2c_transport': 0.0, 'cloud_queue': 0.0, 'cloud_segment_compute': 0.0, 'cloud_exit_head_compute': 0.0, 'cloud_exit_check': 0.0, 'total_latency': 0.1014912860118784, 'unattributed_overhead': 0.0022657549861833104, 'request_id': '751e89cd48f34299a169c4ace9b32787', 'user_id': 0, 'prediction': 4, 'exit_id': 'final', 'exit_boundary_id': 19, 'exit_location': 'edge', 'confidence': 0.9700782299041748, 'executed_segments_by_node': {'device': [], 'edge': [0, 1, 2, 3, 4, 5, 6, 7, 8, 9, 10, 11, 12, 13, 14, 15, 16, 17, 18]}, 'nodes': [{'node': 'device', 'executed_segments': [], 'queue_s': 0.0, 'segment_compute_s': 0.0, 'exit_head_compute_s': 0.0, 'exit_check_s': 0.0, 'worker_elapsed_s': 4.0314014768227935e-05}, {'node': 'edge', 'executed_segments': [0, 1, 2, 3, 4, 5, 6, 7, 8, 9, 10, 11, 12, 13, 14, 15, 16, 17, 18], 'queue_s': 0.001418099999682454, 'segment_compute_s': 0.017426999997951498, 'exit_head_compute_s': 0.0009809999992285157, 'exit_check_s': 0.0005448000001706532, 'worker_elapsed_s': 0.019938299999921583}], 'sample_id': 'balanced_005_0619_00006169', 'label': 5, 'correct': False, 'observed_utility': -0.507456430059392}",balanced_005_0619_00006169,26,6169,0.5014984607696533,9156122918710965099,0.1014912860118784,0.0022657549861833104,0
0.0,4.318400169722736e-05,0.022581400000490248,0.022581400000490248,0.07429934999709076,4.318400169722736e-05,0.09968924999702722,0.022581400000490248,0.02538989999993646,0.0013337999998839223,0.09976206300780177,0.02265720000013971,1784949710.5320985,1784949709.7797174,1784949710.0297174,0.0,0.0,0.0,0.0,0.9999899864196777,0.07429934999709076,ablate-split-only-resnet50-cifar10-pi5-retry-20260725-111639:v1,1,4.318400169722736e-05,unknown,0.0,0.0005291000006764079,0.0011120999997729086,0.0013337999998839223,0.019640400001662783,"{'device': [], 'edge': [0, 1, 2, 3, 4, 5, 6, 7, 8, 9, 10, 11, 12, 13, 14, 15, 16, 17, 18]}",19,final,edge,True,7,1.0,5.0,1.0,0.09976206300780177,0.5011896849609911,7,4be67b9a26594cfaaf5abc8da2260254,27,"{'device_compute': 4.318400169722736e-05, 'd2e_transport': 0.07429934999709076, 'edge_queue': 0.0013337999998839223, 'edge_segment_compute': 0.019640400001662783, 'edge_exit_head_compute': 0.0011120999997729086, 'edge_exit_check': 0.0005291000006764079, 'e2c_transport': 0.0, 'cloud_queue': 0.0, 'cloud_segment_compute': 0.0, 'cloud_exit_head_compute': 0.0, 'cloud_exit_check': 0.0, 'total_latency': 0.09976206300780177, 'unattributed_overhead': 0.002804129007017764, 'request_id': '4be67b9a26594cfaaf5abc8da2260254', 'user_id': 0, 'prediction': 7, 'exit_id': 'final', 'exit_boundary_id': 19, 'exit_location': 'edge', 'confidence': 0.9999899864196777, 'executed_segments_by_node': {'device': [], 'edge': [0, 1, 2, 3, 4, 5, 6, 7, 8, 9, 10, 11, 12, 13, 14, 15, 16, 17, 18]}, 'nodes': [{'node': 'device', 'executed_segments': [], 'queue_s': 0.0, 'segment_compute_s': 0.0, 'exit_head_compute_s': 0.0, 'exit_check_s': 0.0, 'worker_elapsed_s': 4.318400169722736e-05}, {'node': 'edge', 'executed_segments': [0, 1, 2, 3, 4, 5, 6, 7, 8, 9, 10, 11, 12, 13, 14, 15, 16, 17, 18], 'queue_s': 0.0013337999998839223, 'segment_compute_s': 0.019640400001662783, 'exit_head_compute_s': 0.0011120999997729086, 'exit_check_s': 0.0005291000006764079, 'worker_elapsed_s': 0.02265720000013971}], 'sample_id': 'balanced_007_0228_00002376', 'label': 7, 'correct': True, 'observed_utility': 0.5011896849609911}",balanced_007_0228_00002376,27,2376,0.5023810863494873,9156122918710965099,0.09976206300780177,0.002804129007017764,0
0.0,4.138800431974232e-05,0.014663500000096974,0.014663500000096974,0.06923082097364386,4.138800431974232e-05,0.08682302097440697,0.014663500000096974,0.017592200000763114,0.0015157999996517901,0.08689474200946279,0.014742200000000594,1784949710.6784887,1784949709.9257565,1784949710.1757565,0.0,0.0,0.0,0.0,0.9997904896736145,0.06923082097364386,ablate-split-only-resnet50-cifar10-pi5-retry-20260725-111639:v1,1,4.138800431974232e-05,unknown,0.0,0.00030030000016267877,0.000856499999827065,0.0015157999996517901,0.012813399998776731,"{'device': [], 'edge': [0, 1, 2, 3, 4, 5, 6, 7, 8, 9, 10, 11, 12, 13, 14, 15, 16, 17, 18]}",19,final,edge,True,7,1.0,5.0,1.0,0.08689474200946279,0.5655262899526861,7,13bee8217abb478ab80505d1b2e9d27f,28,"{'device_compute': 4.138800431974232e-05, 'd2e_transport': 0.06923082097364386, 'edge_queue': 0.0015157999996517901, 'edge_segment_compute': 0.012813399998776731, 'edge_exit_head_compute': 0.000856499999827065, 'edge_exit_check': 0.00030030000016267877, 'e2c_transport': 0.0, 'cloud_queue': 0.0, 'cloud_segment_compute': 0.0, 'cloud_exit_head_compute': 0.0, 'cloud_exit_check': 0.0, 'total_latency': 0.08689474200946279, 'unattributed_overhead': 0.002136533033080923, 'request_id': '13bee8217abb478ab80505d1b2e9d27f', 'user_id': 0, 'prediction': 7, 'exit_id': 'final', 'exit_boundary_id': 19, 'exit_location': 'edge', 'confidence': 0.9997904896736145, 'executed_segments_by_node': {'device': [], 'edge': [0, 1, 2, 3, 4, 5, 6, 7, 8, 9, 10, 11, 12, 13, 14, 15, 16, 17, 18]}, 'nodes': [{'node': 'device', 'executed_segments': [], 'queue_s': 0.0, 'segment_compute_s': 0.0, 'exit_head_compute_s': 0.0, 'exit_check_s': 0.0, 'worker_elapsed_s': 4.138800431974232e-05}, {'node': 'edge', 'executed_segments': [0, 1, 2, 3, 4, 5, 6, 7, 8, 9, 10, 11, 12, 13, 14, 15, 16, 17, 18], 'queue_s': 0.0015157999996517901, 'segment_compute_s': 0.012813399998776731, 'exit_head_compute_s': 0.000856499999827065, 'exit_check_s': 0.00030030000016267877, 'worker_elapsed_s': 0.014742200000000594}], 'sample_id': 'balanced_007_0197_00002062', 'label': 7, 'correct': True, 'observed_utility': 0.5655262899526861}",balanced_007_0197_00002062,28,2062,0.5027322769165039,9156122918710965099,0.08689474200946279,0.002136533033080923,0
0.0,4.357399302534759e-05,0.021867899999961082,0.021867899999961082,0.05675284599055885,4.357399302534759e-05,0.08162694599013776,0.021867899999961082,0.024874099999578902,0.0016366999998354004,0.08170157400309108,0.021946400000160793,1784949710.7892854,1784949710.03727,1784949710.28727,0.0,0.0,0.0,0.0,0.9997535347938538,0.05675284599055885,ablate-split-only-resnet50-cifar10-pi5-retry-20260725-111639:v1,1,4.357399302534759e-05,unknown,0.0,0.0005194000013943878,0.0008993999999802327,0.0016366999998354004,0.019292899999527435,"{'device': [], 'edge': [0, 1, 2, 3, 4, 5, 6, 7, 8, 9, 10, 11, 12, 13, 14, 15, 16, 17, 18]}",19,final,edge,True,4,1.0,5.0,1.0,0.08170157400309108,0.5914921299845446,4,6ce7129415674a1dbafdfcbb36747bee,29,"{'device_compute': 4.357399302534759e-05, 'd2e_transport': 0.05675284599055885, 'edge_queue': 0.0016366999998354004, 'edge_segment_compute': 0.019292899999527435, 'edge_exit_head_compute': 0.0008993999999802327, 'edge_exit_check': 0.0005194000013943878, 'e2c_transport': 0.0, 'cloud_queue': 0.0, 'cloud_segment_compute': 0.0, 'cloud_exit_head_compute': 0.0, 'cloud_exit_check': 0.0, 'total_latency': 0.08170157400309108, 'unattributed_overhead': 0.002556754018769425, 'request_id': '6ce7129415674a1dbafdfcbb36747bee', 'user_id': 0, 'prediction': 4, 'exit_id': 'final', 'exit_boundary_id': 19, 'exit_location': 'edge', 'confidence': 0.9997535347938538, 'executed_segments_by_node': {'device': [], 'edge': [0, 1, 2, 3, 4, 5, 6, 7, 8, 9, 10, 11, 12, 13, 14, 15, 16, 17, 18]}, 'nodes': [{'node': 'device', 'executed_segments': [], 'queue_s': 0.0, 'segment_compute_s': 0.0, 'exit_head_compute_s': 0.0, 'exit_check_s': 0.0, 'worker_elapsed_s': 4.357399302534759e-05}, {'node': 'edge', 'executed_segments': [0, 1, 2, 3, 4, 5, 6, 7, 8, 9, 10, 11, 12, 13, 14, 15, 16, 17, 18], 'queue_s': 0.0016366999998354004, 'segment_compute_s': 0.019292899999527435, 'exit_head_compute_s': 0.0008993999999802327, 'exit_check_s': 0.0005194000013943878, 'worker_elapsed_s': 0.021946400000160793}], 'sample_id': 'balanced_004_0864_00008566', 'label': 4, 'correct': True, 'observed_utility': 0.5914921299845446}",balanced_004_0864_00008566,29,8566,0.5020153522491455,9156122918710965099,0.08170157400309108,0.002556754018769425,0
0.0,4.051800351589918e-05,0.017392900000231748,0.017392900000231748,0.08887497500472819,4.051800351589918e-05,0.10906227500527166,0.017392900000231748,0.020187300000543473,0.001479999999901338,0.10914132901234552,0.017467199999373406,1784949710.8949482,1784949710.1427844,1784949710.3927844,0.0,0.0,0.0,0.0,0.9999985694885254,0.08887497500472819,ablate-split-only-resnet50-cifar10-pi5-retry-20260725-111639:v1,1,4.051800351589918e-05,unknown,0.0,0.0004298999992897734,0.0009136999997281237,0.001479999999901338,0.01516649999848596,"{'device': [], 'edge': [0, 1, 2, 3, 4, 5, 6, 7, 8, 9, 10, 11, 12, 13, 14, 15, 16, 17, 18]}",19,final,edge,True,6,1.0,5.0,1.0,0.10914132901234552,0.4542933549382724,6,653a8d788cc441ffb44b163c069f34b5,30,"{'device_compute': 4.051800351589918e-05, 'd2e_transport': 0.08887497500472819, 'edge_queue': 0.001479999999901338, 'edge_segment_compute': 0.01516649999848596, 'edge_exit_head_compute': 0.0009136999997281237, 'edge_exit_check': 0.0004298999992897734, 'e2c_transport': 0.0, 'cloud_queue': 0.0, 'cloud_segment_compute': 0.0, 'cloud_exit_head_compute': 0.0, 'cloud_exit_check': 0.0, 'total_latency': 0.10914132901234552, 'unattributed_overhead': 0.002235736006696243, 'request_id': '653a8d788cc441ffb44b163c069f34b5', 'user_id': 0, 'prediction': 6, 'exit_id': 'final', 'exit_boundary_id': 19, 'exit_location': 'edge', 'confidence': 0.9999985694885254, 'executed_segments_by_node': {'device': [], 'edge': [0, 1, 2, 3, 4, 5, 6, 7, 8, 9, 10, 11, 12, 13, 14, 15, 16, 17, 18]}, 'nodes': [{'node': 'device', 'executed_segments': [], 'queue_s': 0.0, 'segment_compute_s': 0.0, 'exit_head_compute_s': 0.0, 'exit_check_s': 0.0, 'worker_elapsed_s': 4.051800351589918e-05}, {'node': 'edge', 'executed_segments': [0, 1, 2, 3, 4, 5, 6, 7, 8, 9, 10, 11, 12, 13, 14, 15, 16, 17, 18], 'queue_s': 0.001479999999901338, 'segment_compute_s': 0.01516649999848596, 'exit_head_compute_s': 0.0009136999997281237, 'exit_check_s': 0.0004298999992897734, 'worker_elapsed_s': 0.017467199999373406}], 'sample_id': 'balanced_006_0359_00003597', 'label': 6, 'correct': True, 'observed_utility': 0.4542933549382724}",balanced_006_0359_00003597,30,3597,0.5021638870239258,9156122918710965099,0.10914132901234552,0.002235736006696243,0
0.0,3.9017992094159126e-05,0.017885399999613583,0.017885399999613583,0.08367327598807606,3.9017992094159126e-05,0.10438687598798424,0.017885399999613583,0.020713599999908183,0.0014111000000411877,0.10445474498555996,0.017975599999772385,1784949711.0348969,1784949710.2829835,1784949710.5329835,0.0,0.0,0.0,0.0,1.0,0.08367327598807606,ablate-split-only-resnet50-cifar10-pi5-retry-20260725-111639:v1,1,3.9017992094159126e-05,unknown,0.0,0.00036730000010720687,0.000738900000214926,0.0014111000000411877,0.01588120000087656,"{'device': [], 'edge': [0, 1, 2, 3, 4, 5, 6, 7, 8, 9, 10, 11, 12, 13, 14, 15, 16, 17, 18]}",19,final,edge,True,2,1.0,5.0,1.0,0.10445474498555996,0.4777262750722002,2,cf116321e6d0498aa09c2526575613e4,31,"{'device_compute': 3.9017992094159126e-05, 'd2e_transport': 0.08367327598807606, 'edge_queue': 0.0014111000000411877, 'edge_segment_compute': 0.01588120000087656, 'edge_exit_head_compute': 0.000738900000214926, 'edge_exit_check': 0.00036730000010720687, 'e2c_transport': 0.0, 'cloud_queue': 0.0, 'cloud_segment_compute': 0.0, 'cloud_exit_head_compute': 0.0, 'cloud_exit_check': 0.0, 'total_latency': 0.10445474498555996, 'unattributed_overhead': 0.002343951004149858, 'request_id': 'cf116321e6d0498aa09c2526575613e4', 'user_id': 0, 'prediction': 2, 'exit_id': 'final', 'exit_boundary_id': 19, 'exit_location': 'edge', 'confidence': 1.0, 'executed_segments_by_node': {'device': [], 'edge': [0, 1, 2, 3, 4, 5, 6, 7, 8, 9, 10, 11, 12, 13, 14, 15, 16, 17, 18]}, 'nodes': [{'node': 'device', 'executed_segments': [], 'queue_s': 0.0, 'segment_compute_s': 0.0, 'exit_head_compute_s': 0.0, 'exit_check_s': 0.0, 'worker_elapsed_s': 3.9017992094159126e-05}, {'node': 'edge', 'executed_segments': [0, 1, 2, 3, 4, 5, 6, 7, 8, 9, 10, 11, 12, 13, 14, 15, 16, 17, 18], 'queue_s': 0.0014111000000411877, 'segment_compute_s': 0.01588120000087656, 'exit_head_compute_s': 0.000738900000214926, 'exit_check_s': 0.00036730000010720687, 'worker_elapsed_s': 0.017975599999772385}], 'sample_id': 'balanced_002_0436_00004116', 'label': 2, 'correct': True, 'observed_utility': 0.4777262750722002}",balanced_002_0436_00004116,31,4116,0.50191330909729,9156122918710965099,0.10445474498555996,0.002343951004149858,0
0.0,5.399901419878006e-05,0.015657099999771162,0.015657099999771162,0.07737178601473715,5.399901419878006e-05,0.0959533860150259,0.015657099999771162,0.018581600000288745,0.0015483999995922204,0.09604399601812474,0.01573740000003454,1784949711.181486,1784949710.429827,1784949710.679827,0.0,0.0,0.0,0.0,0.999970555305481,0.07737178601473715,ablate-split-only-resnet50-cifar10-pi5-retry-20260725-111639:v1,1,5.399901419878006e-05,unknown,0.0,0.0003515999997034669,0.0006828999994468177,0.0015483999995922204,0.013797300002806878,"{'device': [], 'edge': [0, 1, 2, 3, 4, 5, 6, 7, 8, 9, 10, 11, 12, 13, 14, 15, 16, 17, 18]}",19,final,edge,True,4,1.0,5.0,1.0,0.09604399601812474,0.5197800199093763,4,505bb928f63d433bb952558441471fd8,32,"{'device_compute': 5.399901419878006e-05, 'd2e_transport': 0.07737178601473715, 'edge_queue': 0.0015483999995922204, 'edge_segment_compute': 0.013797300002806878, 'edge_exit_head_compute': 0.0006828999994468177, 'edge_exit_check': 0.0003515999997034669, 'e2c_transport': 0.0, 'cloud_queue': 0.0, 'cloud_segment_compute': 0.0, 'cloud_exit_head_compute': 0.0, 'cloud_exit_check': 0.0, 'total_latency': 0.09604399601812474, 'unattributed_overhead': 0.002238010987639427, 'request_id': '505bb928f63d433bb952558441471fd8', 'user_id': 0, 'prediction': 4, 'exit_id': 'final', 'exit_boundary_id': 19, 'exit_location': 'edge', 'confidence': 0.999970555305481, 'executed_segments_by_node': {'device': [], 'edge': [0, 1, 2, 3, 4, 5, 6, 7, 8, 9, 10, 11, 12, 13, 14, 15, 16, 17, 18]}, 'nodes': [{'node': 'device', 'executed_segments': [], 'queue_s': 0.0, 'segment_compute_s': 0.0, 'exit_head_compute_s': 0.0, 'exit_check_s': 0.0, 'worker_elapsed_s': 5.399901419878006e-05}, {'node': 'edge', 'executed_segments': [0, 1, 2, 3, 4, 5, 6, 7, 8, 9, 10, 11, 12, 13, 14, 15, 16, 17, 18], 'queue_s': 0.0015483999995922204, 'segment_compute_s': 0.013797300002806878, 'exit_head_compute_s': 0.0006828999994468177, 'exit_check_s': 0.0003515999997034669, 'worker_elapsed_s': 0.01573740000003454}], 'sample_id': 'balanced_004_0149_00001546', 'label': 4, 'correct': True, 'observed_utility': 0.5197800199093763}",balanced_004_0149_00001546,32,1546,0.5016589164733887,9156122918710965099,0.09604399601812474,0.002238010987639427,0
0.0,6.222099182195961e-05,0.015395899999930407,0.015395899999930407,0.09647754500292649,6.222099182195961e-05,0.11427994500263594,0.015395899999930407,0.01780239999970945,0.0013462000006256858,0.11438351700780913,0.015473299999939627,1784949711.3064904,1784949710.5540166,1784949710.8040166,0.0,0.0,0.0,0.0,0.999480664730072,0.09647754500292649,ablate-split-only-resnet50-cifar10-pi5-retry-20260725-111639:v1,1,6.222099182195961e-05,unknown,0.0,0.0003434000000197557,0.0006557999995493446,0.0013462000006256858,0.013597099999060447,"{'device': [], 'edge': [0, 1, 2, 3, 4, 5, 6, 7, 8, 9, 10, 11, 12, 13, 14, 15, 16, 17, 18]}",19,final,edge,True,9,1.0,5.0,1.0,0.11438351700780913,0.42808241496095434,9,325b51d3977c4278a909f81d0aa1acae,33,"{'device_compute': 6.222099182195961e-05, 'd2e_transport': 0.09647754500292649, 'edge_queue': 0.0013462000006256858, 'edge_segment_compute': 0.013597099999060447, 'edge_exit_head_compute': 0.0006557999995493446, 'edge_exit_check': 0.0003434000000197557, 'e2c_transport': 0.0, 'cloud_queue': 0.0, 'cloud_segment_compute': 0.0, 'cloud_exit_head_compute': 0.0, 'cloud_exit_check': 0.0, 'total_latency': 0.11438351700780913, 'unattributed_overhead': 0.0019012510138054495, 'request_id': '325b51d3977c4278a909f81d0aa1acae', 'user_id': 0, 'prediction': 9, 'exit_id': 'final', 'exit_boundary_id': 19, 'exit_location': 'edge', 'confidence': 0.999480664730072, 'executed_segments_by_node': {'device': [], 'edge': [0, 1, 2, 3, 4, 5, 6, 7, 8, 9, 10, 11, 12, 13, 14, 15, 16, 17, 18]}, 'nodes': [{'node': 'device', 'executed_segments': [], 'queue_s': 0.0, 'segment_compute_s': 0.0, 'exit_head_compute_s': 0.0, 'exit_check_s': 0.0, 'worker_elapsed_s': 6.222099182195961e-05}, {'node': 'edge', 'executed_segments': [0, 1, 2, 3, 4, 5, 6, 7, 8, 9, 10, 11, 12, 13, 14, 15, 16, 17, 18], 'queue_s': 0.0013462000006256858, 'segment_compute_s': 0.013597099999060447, 'exit_head_compute_s': 0.0006557999995493446, 'exit_check_s': 0.0003434000000197557, 'worker_elapsed_s': 0.015473299999939627}], 'sample_id': 'balanced_009_0461_00004536', 'label': 9, 'correct': True, 'observed_utility': 0.42808241496095434}",balanced_009_0461_00004536,33,4536,0.5024738311767578,9156122918710965099,0.11438351700780913,0.0019012510138054495,0
0.0,4.874001024290919e-05,0.015177000000221597,0.015177000000221597,0.0834786960240308,4.874001024290919e-05,0.10117029602406546,0.015177000000221597,0.01769160000003467,0.0013598000005003996,0.10125297901686281,0.015253399999892281,1784949711.443946,1784949710.6910574,1784949710.9410574,0.0,0.0,0.0,0.0,0.7360222339630127,0.0834786960240308,ablate-split-only-resnet50-cifar10-pi5-retry-20260725-111639:v1,1,4.874001024290919e-05,unknown,0.0,0.0003357999994477723,0.000739899999643967,0.0013598000005003996,0.013303900001119473,"{'device': [], 'edge': [0, 1, 2, 3, 4, 5, 6, 7, 8, 9, 10, 11, 12, 13, 14, 15, 16, 17, 18]}",19,final,edge,False,3,1.0,5.0,0.0,0.10125297901686281,-0.506264895084314,5,4e0cd1530ce346539578a9786fe81ece,34,"{'device_compute': 4.874001024290919e-05, 'd2e_transport': 0.0834786960240308, 'edge_queue': 0.0013598000005003996, 'edge_segment_compute': 0.013303900001119473, 'edge_exit_head_compute': 0.000739899999643967, 'edge_exit_check': 0.0003357999994477723, 'e2c_transport': 0.0, 'cloud_queue': 0.0, 'cloud_segment_compute': 0.0, 'cloud_exit_head_compute': 0.0, 'cloud_exit_check': 0.0, 'total_latency': 0.10125297901686281, 'unattributed_overhead': 0.0019861429818774923, 'request_id': '4e0cd1530ce346539578a9786fe81ece', 'user_id': 0, 'prediction': 5, 'exit_id': 'final', 'exit_boundary_id': 19, 'exit_location': 'edge', 'confidence': 0.7360222339630127, 'executed_segments_by_node': {'device': [], 'edge': [0, 1, 2, 3, 4, 5, 6, 7, 8, 9, 10, 11, 12, 13, 14, 15, 16, 17, 18]}, 'nodes': [{'node': 'device', 'executed_segments': [], 'queue_s': 0.0, 'segment_compute_s': 0.0, 'exit_head_compute_s': 0.0, 'exit_check_s': 0.0, 'worker_elapsed_s': 4.874001024290919e-05}, {'node': 'edge', 'executed_segments': [0, 1, 2, 3, 4, 5, 6, 7, 8, 9, 10, 11, 12, 13, 14, 15, 16, 17, 18], 'queue_s': 0.0013598000005003996, 'segment_compute_s': 0.013303900001119473, 'exit_head_compute_s': 0.000739899999643967, 'exit_check_s': 0.0003357999994477723, 'worker_elapsed_s': 0.015253399999892281}], 'sample_id': 'balanced_003_0916_00009080', 'label': 3, 'correct': False, 'observed_utility': -0.506264895084314}",balanced_003_0916_00009080,34,9080,0.5028884410858154,9156122918710965099,0.10125297901686281,0.0019861429818774923,0
0.0,4.24250029027462e-05,0.02267870000014227,0.02267870000014227,0.07195834001868207,4.24250029027462e-05,0.09781694001867436,0.02267870000014227,0.025858599999992293,0.001713499999823398,0.09789051301777363,0.02275389999977051,1784949711.5922992,1784949710.8405857,1784949711.0905857,0.0,0.0,0.0,0.0,0.9752203822135925,0.07195834001868207,ablate-split-only-resnet50-cifar10-pi5-retry-20260725-111639:v1,1,4.24250029027462e-05,unknown,0.0,0.0005253999988781288,0.0011815999996542814,0.001713499999823398,0.019814700002825703,"{'device': [], 'edge': [0, 1, 2, 3, 4, 5, 6, 7, 8, 9, 10, 11, 12, 13, 14, 15, 16, 17, 18]}",19,final,edge,True,8,1.0,5.0,1.0,0.09789051301777363,0.5105474349111319,8,bffa5fd3760e4a8b830479bb78be511d,35,"{'device_compute': 4.24250029027462e-05, 'd2e_transport': 0.07195834001868207, 'edge_queue': 0.001713499999823398, 'edge_segment_compute': 0.019814700002825703, 'edge_exit_head_compute': 0.0011815999996542814, 'edge_exit_check': 0.0005253999988781288, 'e2c_transport': 0.0, 'cloud_queue': 0.0, 'cloud_segment_compute': 0.0, 'cloud_exit_head_compute': 0.0, 'cloud_exit_check': 0.0, 'total_latency': 0.09789051301777363, 'unattributed_overhead': 0.002654547995007306, 'request_id': 'bffa5fd3760e4a8b830479bb78be511d', 'user_id': 0, 'prediction': 8, 'exit_id': 'final', 'exit_boundary_id': 19, 'exit_location': 'edge', 'confidence': 0.9752203822135925, 'executed_segments_by_node': {'device': [], 'edge': [0, 1, 2, 3, 4, 5, 6, 7, 8, 9, 10, 11, 12, 13, 14, 15, 16, 17, 18]}, 'nodes': [{'node': 'device', 'executed_segments': [], 'queue_s': 0.0, 'segment_compute_s': 0.0, 'exit_head_compute_s': 0.0, 'exit_check_s': 0.0, 'worker_elapsed_s': 4.24250029027462e-05}, {'node': 'edge', 'executed_segments': [0, 1, 2, 3, 4, 5, 6, 7, 8, 9, 10, 11, 12, 13, 14, 15, 16, 17, 18], 'queue_s': 0.001713499999823398, 'segment_compute_s': 0.019814700002825703, 'exit_head_compute_s': 0.0011815999996542814, 'exit_check_s': 0.0005253999988781288, 'worker_elapsed_s': 0.02275389999977051}], 'sample_id': 'balanced_008_0975_00009790', 'label': 8, 'correct': True, 'observed_utility': 0.5105474349111319}",balanced_008_0975_00009790,35,9790,0.5017135143280029,9156122918710965099,0.09789051301777363,0.002654547995007306,0
0.0,3.990702680312097e-05,0.020528799999738112,0.020528799999738112,0.09396370899412432,3.990702680312097e-05,0.11723730899393559,0.020528799999738112,0.023273599999811267,0.001434700000572775,0.11730682602501474,0.0206041000001278,1784949711.714106,1784949710.9620986,1784949711.2120986,0.0,0.0,0.0,0.0,0.9999980926513672,0.09396370899412432,ablate-split-only-resnet50-cifar10-pi5-retry-20260725-111639:v1,1,3.990702680312097e-05,unknown,0.0,0.00048320000041712774,0.0008706999997230014,0.001434700000572775,0.01816210000015417,"{'device': [], 'edge': [0, 1, 2, 3, 4, 5, 6, 7, 8, 9, 10, 11, 12, 13, 14, 15, 16, 17, 18]}",19,final,edge,True,1,1.0,5.0,1.0,0.11730682602501474,0.4134658698749263,1,6342bb0b4f4545169ea6e3570233cab5,36,"{'device_compute': 3.990702680312097e-05, 'd2e_transport': 0.09396370899412432, 'edge_queue': 0.001434700000572775, 'edge_segment_compute': 0.01816210000015417, 'edge_exit_head_compute': 0.0008706999997230014, 'edge_exit_check': 0.00048320000041712774, 'e2c_transport': 0.0, 'cloud_queue': 0.0, 'cloud_segment_compute': 0.0, 'cloud_exit_head_compute': 0.0, 'cloud_exit_check': 0.0, 'total_latency': 0.11730682602501474, 'unattributed_overhead': 0.0023525100032202317, 'request_id': '6342bb0b4f4545169ea6e3570233cab5', 'user_id': 0, 'prediction': 1, 'exit_id': 'final', 'exit_boundary_id': 19, 'exit_location': 'edge', 'confidence': 0.9999980926513672, 'executed_segments_by_node': {'device': [], 'edge': [0, 1, 2, 3, 4, 5, 6, 7, 8, 9, 10, 11, 12, 13, 14, 15, 16, 17, 18]}, 'nodes': [{'node': 'device', 'executed_segments': [], 'queue_s': 0.0, 'segment_compute_s': 0.0, 'exit_head_compute_s': 0.0, 'exit_check_s': 0.0, 'worker_elapsed_s': 3.990702680312097e-05}, {'node': 'edge', 'executed_segments': [0, 1, 2, 3, 4, 5, 6, 7, 8, 9, 10, 11, 12, 13, 14, 15, 16, 17, 18], 'queue_s': 0.001434700000572775, 'segment_compute_s': 0.01816210000015417, 'exit_head_compute_s': 0.0008706999997230014, 'exit_check_s': 0.00048320000041712774, 'worker_elapsed_s': 0.0206041000001278}], 'sample_id': 'balanced_001_0362_00003715', 'label': 1, 'correct': True, 'observed_utility': 0.4134658698749263}",balanced_001_0362_00003715,36,3715,0.5020074844360352,9156122918710965099,0.11730682602501474,0.0023525100032202317,0
0.0,4.266601172275841e-05,0.022165400000631053,0.022165400000631053,0.1473667880118228,4.266601172275841e-05,0.1724753880116623,0.022165400000631053,0.025108599999839498,0.0015595000004395843,0.1725480710156262,0.022256399999605492,1784949711.8534343,1784949711.1016977,1784949711.3516977,0.0,0.0,0.0,0.0,0.999998927116394,0.1473667880118228,ablate-split-only-resnet50-cifar10-pi5-retry-20260725-111639:v1,1,4.266601172275841e-05,unknown,0.0,0.0005365000006349874,0.0008915999987948453,0.0015595000004395843,0.019587799997680122,"{'device': [], 'edge': [0, 1, 2, 3, 4, 5, 6, 7, 8, 9, 10, 11, 12, 13, 14, 15, 16, 17, 18]}",19,final,edge,True,1,1.0,5.0,1.0,0.1725480710156262,0.13725964492186904,1,a8109495814845f38424aa6732238673,37,"{'device_compute': 4.266601172275841e-05, 'd2e_transport': 0.1473667880118228, 'edge_queue': 0.0015595000004395843, 'edge_segment_compute': 0.019587799997680122, 'edge_exit_head_compute': 0.0008915999987948453, 'edge_exit_check': 0.0005365000006349874, 'e2c_transport': 0.0, 'cloud_queue': 0.0, 'cloud_segment_compute': 0.0, 'cloud_exit_head_compute': 0.0, 'cloud_exit_check': 0.0, 'total_latency': 0.1725480710156262, 'unattributed_overhead': 0.0025632169945311034, 'request_id': 'a8109495814845f38424aa6732238673', 'user_id': 0, 'prediction': 1, 'exit_id': 'final', 'exit_boundary_id': 19, 'exit_location': 'edge', 'confidence': 0.999998927116394, 'executed_segments_by_node': {'device': [], 'edge': [0, 1, 2, 3, 4, 5, 6, 7, 8, 9, 10, 11, 12, 13, 14, 15, 16, 17, 18]}, 'nodes': [{'node': 'device', 'executed_segments': [], 'queue_s': 0.0, 'segment_compute_s': 0.0, 'exit_head_compute_s': 0.0, 'exit_check_s': 0.0, 'worker_elapsed_s': 4.266601172275841e-05}, {'node': 'edge', 'executed_segments': [0, 1, 2, 3, 4, 5, 6, 7, 8, 9, 10, 11, 12, 13, 14, 15, 16, 17, 18], 'queue_s': 0.0015595000004395843, 'segment_compute_s': 0.019587799997680122, 'exit_head_compute_s': 0.0008915999987948453, 'exit_check_s': 0.0005365000006349874, 'worker_elapsed_s': 0.022256399999605492}], 'sample_id': 'balanced_001_0700_00007098', 'label': 1, 'correct': True, 'observed_utility': 0.13725964492186904}",balanced_001_0700_00007098,37,7098,0.5017366409301758,9156122918710965099,0.1725480710156262,0.0025632169945311034,0
0.0,4.212799831293523e-05,0.0191408999999112,0.0191408999999112,0.08041867601332342,4.212799831293523e-05,0.10240647601312958,0.0191408999999112,0.021987799999806157,0.0015164000005825073,0.10247823299141601,0.01921429999947577,1784949712.0522304,1784949711.3007283,1784949711.5507283,0.0,0.0,0.0,0.0,0.9955409169197083,0.08041867601332342,ablate-split-only-resnet50-cifar10-pi5-retry-20260725-111639:v1,1,4.212799831293523e-05,unknown,0.0,0.0004959999996572151,0.0007641999991392368,0.0015164000005825073,0.016987300002256234,"{'device': [], 'edge': [0, 1, 2, 3, 4, 5, 6, 7, 8, 9, 10, 11, 12, 13, 14, 15, 16, 17, 18]}",19,final,edge,True,1,1.0,5.0,1.0,0.10247823299141601,0.48760883504291996,1,1ae562d1ee884111973ff8ecb9a25423,38,"{'device_compute': 4.212799831293523e-05, 'd2e_transport': 0.08041867601332342, 'edge_queue': 0.0015164000005825073, 'edge_segment_compute': 0.016987300002256234, 'edge_exit_head_compute': 0.0007641999991392368, 'edge_exit_check': 0.0004959999996572151, 'e2c_transport': 0.0, 'cloud_queue': 0.0, 'cloud_segment_compute': 0.0, 'cloud_exit_head_compute': 0.0, 'cloud_exit_check': 0.0, 'total_latency': 0.10247823299141601, 'unattributed_overhead': 0.002253528978144459, 'request_id': '1ae562d1ee884111973ff8ecb9a25423', 'user_id': 0, 'prediction': 1, 'exit_id': 'final', 'exit_boundary_id': 19, 'exit_location': 'edge', 'confidence': 0.9955409169197083, 'executed_segments_by_node': {'device': [], 'edge': [0, 1, 2, 3, 4, 5, 6, 7, 8, 9, 10, 11, 12, 13, 14, 15, 16, 17, 18]}, 'nodes': [{'node': 'device', 'executed_segments': [], 'queue_s': 0.0, 'segment_compute_s': 0.0, 'exit_head_compute_s': 0.0, 'exit_check_s': 0.0, 'worker_elapsed_s': 4.212799831293523e-05}, {'node': 'edge', 'executed_segments': [0, 1, 2, 3, 4, 5, 6, 7, 8, 9, 10, 11, 12, 13, 14, 15, 16, 17, 18], 'queue_s': 0.0015164000005825073, 'segment_compute_s': 0.016987300002256234, 'exit_head_compute_s': 0.0007641999991392368, 'exit_check_s': 0.0004959999996572151, 'worker_elapsed_s': 0.01921429999947577}], 'sample_id': 'balanced_001_0988_00009866', 'label': 1, 'correct': True, 'observed_utility': 0.48760883504291996}",balanced_001_0988_00009866,38,9866,0.5015020370483398,9156122918710965099,0.10247823299141601,0.002253528978144459,0
0.0,4.222200368531048e-05,0.020781999999599066,0.020781999999599066,0.10728415201629105,4.222200368531048e-05,0.13083745201583952,0.020781999999599066,0.02355329999954847,0.0014858000004096539,0.13090967299649492,0.020856199999798264,1784949712.205358,1784949711.4529305,1784949711.7029305,0.0,0.0,0.0,0.0,0.9994974136352539,0.10728415201629105,ablate-split-only-resnet50-cifar10-pi5-retry-20260725-111639:v1,1,4.222200368531048e-05,unknown,0.0,0.0005033999996157945,0.0008051999993767822,0.0014858000004096539,0.018492900000637746,"{'device': [], 'edge': [0, 1, 2, 3, 4, 5, 6, 7, 8, 9, 10, 11, 12, 13, 14, 15, 16, 17, 18]}",19,final,edge,True,5,1.0,5.0,1.0,0.13090967299649492,0.3454516350175254,5,37ee9b55b11b485f90e3e3e8e4457dad,39,"{'device_compute': 4.222200368531048e-05, 'd2e_transport': 0.10728415201629105, 'edge_queue': 0.0014858000004096539, 'edge_segment_compute': 0.018492900000637746, 'edge_exit_head_compute': 0.0008051999993767822, 'edge_exit_check': 0.0005033999996157945, 'e2c_transport': 0.0, 'cloud_queue': 0.0, 'cloud_segment_compute': 0.0, 'cloud_exit_head_compute': 0.0, 'cloud_exit_check': 0.0, 'total_latency': 0.13090967299649492, 'unattributed_overhead': 0.002295998976478586, 'request_id': '37ee9b55b11b485f90e3e3e8e4457dad', 'user_id': 0, 'prediction': 5, 'exit_id': 'final', 'exit_boundary_id': 19, 'exit_location': 'edge', 'confidence': 0.9994974136352539, 'executed_segments_by_node': {'device': [], 'edge': [0, 1, 2, 3, 4, 5, 6, 7, 8, 9, 10, 11, 12, 13, 14, 15, 16, 17, 18]}, 'nodes': [{'node': 'device', 'executed_segments': [], 'queue_s': 0.0, 'segment_compute_s': 0.0, 'exit_head_compute_s': 0.0, 'exit_check_s': 0.0, 'worker_elapsed_s': 4.222200368531048e-05}, {'node': 'edge', 'executed_segments': [0, 1, 2, 3, 4, 5, 6, 7, 8, 9, 10, 11, 12, 13, 14, 15, 16, 17, 18], 'queue_s': 0.0014858000004096539, 'segment_compute_s': 0.018492900000637746, 'exit_head_compute_s': 0.0008051999993767822, 'exit_check_s': 0.0005033999996157945, 'worker_elapsed_s': 0.020856199999798264}], 'sample_id': 'balanced_005_0107_00001276', 'label': 5, 'correct': True, 'observed_utility': 0.3454516350175254}",balanced_005_0107_00001276,39,1276,0.5024275779724121,9156122918710965099,0.13090967299649492,0.002295998976478586,0
0.0,4.072097362950444e-05,0.019096500000159722,0.019096500000159722,0.09672171300280752,4.072097362950444e-05,0.11860091300331987,0.019096500000159722,0.021879200000512355,0.0016998999999486841,0.11867031897418201,0.019173399999999674,1784949712.3587196,1784949711.6067934,1784949711.8567934,0.0,0.0,0.0,0.0,0.9747992753982544,0.09672171300280752,ablate-split-only-resnet50-cifar10-pi5-retry-20260725-111639:v1,1,4.072097362950444e-05,unknown,0.0,0.0004467999997359584,0.0007053999988784199,0.0016998999999486841,0.017133299999841256,"{'device': [], 'edge': [0, 1, 2, 3, 4, 5, 6, 7, 8, 9, 10, 11, 12, 13, 14, 15, 16, 17, 18]}",19,final,edge,True,0,1.0,5.0,1.0,0.11867031897418201,0.40664840512908995,0,e323fc74e2444daf91a87437fa0c082f,40,"{'device_compute': 4.072097362950444e-05, 'd2e_transport': 0.09672171300280752, 'edge_queue': 0.0016998999999486841, 'edge_segment_compute': 0.017133299999841256, 'edge_exit_head_compute': 0.0007053999988784199, 'edge_exit_check': 0.0004467999997359584, 'e2c_transport': 0.0, 'cloud_queue': 0.0, 'cloud_segment_compute': 0.0, 'cloud_exit_head_compute': 0.0, 'cloud_exit_check': 0.0, 'total_latency': 0.11867031897418201, 'unattributed_overhead': 0.0019224849993406679, 'request_id': 'e323fc74e2444daf91a87437fa0c082f', 'user_id': 0, 'prediction': 0, 'exit_id': 'final', 'exit_boundary_id': 19, 'exit_location': 'edge', 'confidence': 0.9747992753982544, 'executed_segments_by_node': {'device': [], 'edge': [0, 1, 2, 3, 4, 5, 6, 7, 8, 9, 10, 11, 12, 13, 14, 15, 16, 17, 18]}, 'nodes': [{'node': 'device', 'executed_segments': [], 'queue_s': 0.0, 'segment_compute_s': 0.0, 'exit_head_compute_s': 0.0, 'exit_check_s': 0.0, 'worker_elapsed_s': 4.072097362950444e-05}, {'node': 'edge', 'executed_segments': [0, 1, 2, 3, 4, 5, 6, 7, 8, 9, 10, 11, 12, 13, 14, 15, 16, 17, 18], 'queue_s': 0.0016998999999486841, 'segment_compute_s': 0.017133299999841256, 'exit_head_compute_s': 0.0007053999988784199, 'exit_check_s': 0.0004467999997359584, 'worker_elapsed_s': 0.019173399999999674}], 'sample_id': 'balanced_000_0088_00000883', 'label': 0, 'correct': True, 'observed_utility': 0.40664840512908995}",balanced_000_0088_00000883,40,883,0.5019261837005615,9156122918710965099,0.11867031897418201,0.0019224849993406679,0
0.0,4.287000047042966e-05,0.022311699999590928,0.022311699999590928,0.05783201999747689,4.287000047042966e-05,0.08356051999726333,0.022311699999590928,0.025728499999786436,0.0015634000001227832,0.08363361199735664,0.02239090000057331,1784949712.5251112,1784949711.7731938,1784949712.0231938,0.0,0.0,0.0,0.0,0.9998732805252075,0.05783201999747689,ablate-split-only-resnet50-cifar10-pi5-retry-20260725-111639:v1,1,4.287000047042966e-05,unknown,0.0,0.0005479000010382151,0.0009550000013405224,0.0015634000001227832,0.019614499999988766,"{'device': [], 'edge': [0, 1, 2, 3, 4, 5, 6, 7, 8, 9, 10, 11, 12, 13, 14, 15, 16, 17, 18]}",19,final,edge,True,4,1.0,5.0,1.0,0.08363361199735664,0.5818319400132168,4,7644b72ae3e44de998cc9b4c0a788c1c,41,"{'device_compute': 4.287000047042966e-05, 'd2e_transport': 0.05783201999747689, 'edge_queue': 0.0015634000001227832, 'edge_segment_compute': 0.019614499999988766, 'edge_exit_head_compute': 0.0009550000013405224, 'edge_exit_check': 0.0005479000010382151, 'e2c_transport': 0.0, 'cloud_queue': 0.0, 'cloud_segment_compute': 0.0, 'cloud_exit_head_compute': 0.0, 'cloud_exit_check': 0.0, 'total_latency': 0.08363361199735664, 'unattributed_overhead': 0.003077921996919031, 'request_id': '7644b72ae3e44de998cc9b4c0a788c1c', 'user_id': 0, 'prediction': 4, 'exit_id': 'final', 'exit_boundary_id': 19, 'exit_location': 'edge', 'confidence': 0.9998732805252075, 'executed_segments_by_node': {'device': [], 'edge': [0, 1, 2, 3, 4, 5, 6, 7, 8, 9, 10, 11, 12, 13, 14, 15, 16, 17, 18]}, 'nodes': [{'node': 'device', 'executed_segments': [], 'queue_s': 0.0, 'segment_compute_s': 0.0, 'exit_head_compute_s': 0.0, 'exit_check_s': 0.0, 'worker_elapsed_s': 4.287000047042966e-05}, {'node': 'edge', 'executed_segments': [0, 1, 2, 3, 4, 5, 6, 7, 8, 9, 10, 11, 12, 13, 14, 15, 16, 17, 18], 'queue_s': 0.0015634000001227832, 'segment_compute_s': 0.019614499999988766, 'exit_head_compute_s': 0.0009550000013405224, 'exit_check_s': 0.0005479000010382151, 'worker_elapsed_s': 0.02239090000057331}], 'sample_id': 'balanced_004_0901_00008912', 'label': 4, 'correct': True, 'observed_utility': 0.5818319400132168}",balanced_004_0901_00008912,41,8912,0.5019173622131348,9156122918710965099,0.08363361199735664,0.003077921996919031,0
0.0,3.92769870813936e-05,0.018730499999946915,0.018730499999946915,0.08920738800043182,3.92769870813936e-05,0.11063898800057359,0.018730499999946915,0.02143160000014177,0.0014508999993267935,0.11070711599313654,0.018787800000609423,1784949712.6386762,1784949711.8817153,1784949712.1317153,0.0,0.0,0.0,0.0,0.9998084902763367,0.08920738800043182,ablate-split-only-resnet50-cifar10-pi5-retry-20260725-111639:v1,1,3.92769870813936e-05,unknown,0.0,0.000584599999456259,0.0007005999996181345,0.0014508999993267935,0.016636599998491874,"{'device': [], 'edge': [0, 1, 2, 3, 4, 5, 6, 7, 8, 9, 10, 11, 12, 13, 14, 15, 16, 17, 18]}",19,final,edge,True,3,1.0,5.0,1.0,0.11070711599313654,0.4464644200343173,3,7d221c4ca924498fbf3ba1048aff50a1,42,"{'device_compute': 3.92769870813936e-05, 'd2e_transport': 0.08920738800043182, 'edge_queue': 0.0014508999993267935, 'edge_segment_compute': 0.016636599998491874, 'edge_exit_head_compute': 0.0007005999996181345, 'edge_exit_check': 0.000584599999456259, 'e2c_transport': 0.0, 'cloud_queue': 0.0, 'cloud_segment_compute': 0.0, 'cloud_exit_head_compute': 0.0, 'cloud_exit_check': 0.0, 'total_latency': 0.11070711599313654, 'unattributed_overhead': 0.0020877510087302653, 'request_id': '7d221c4ca924498fbf3ba1048aff50a1', 'user_id': 0, 'prediction': 3, 'exit_id': 'final', 'exit_boundary_id': 19, 'exit_location': 'edge', 'confidence': 0.9998084902763367, 'executed_segments_by_node': {'device': [], 'edge': [0, 1, 2, 3, 4, 5, 6, 7, 8, 9, 10, 11, 12, 13, 14, 15, 16, 17, 18]}, 'nodes': [{'node': 'device', 'executed_segments': [], 'queue_s': 0.0, 'segment_compute_s': 0.0, 'exit_head_compute_s': 0.0, 'exit_check_s': 0.0, 'worker_elapsed_s': 3.92769870813936e-05}, {'node': 'edge', 'executed_segments': [0, 1, 2, 3, 4, 5, 6, 7, 8, 9, 10, 11, 12, 13, 14, 15, 16, 17, 18], 'queue_s': 0.0014508999993267935, 'segment_compute_s': 0.016636599998491874, 'exit_head_compute_s': 0.0007005999996181345, 'exit_check_s': 0.000584599999456259, 'worker_elapsed_s': 0.018787800000609423}], 'sample_id': 'balanced_003_0772_00007747', 'label': 3, 'correct': True, 'observed_utility': 0.4464644200343173}",balanced_003_0772_00007747,42,7747,0.5069608688354492,9156122918710965099,0.11070711599313654,0.0020877510087302653,0
0.0,4.540599184110761e-05,0.022919099999853643,0.022919099999853643,0.09201527001641807,4.540599184110761e-05,0.1179663700168021,0.022919099999853643,0.02595110000038403,0.0016378999998778454,0.11804277598275803,0.023008600000139268,1784949712.773378,1784949712.0204918,1784949712.2704918,0.0,0.0,0.0,0.0,0.9991175532341003,0.09201527001641807,ablate-split-only-resnet50-cifar10-pi5-retry-20260725-111639:v1,1,4.540599184110761e-05,unknown,0.0,0.0005476000005728565,0.0009283999988838332,0.0016378999998778454,0.02013930000066466,"{'device': [], 'edge': [0, 1, 2, 3, 4, 5, 6, 7, 8, 9, 10, 11, 12, 13, 14, 15, 16, 17, 18]}",19,final,edge,True,6,1.0,5.0,1.0,0.11804277598275803,0.40978612008620985,6,f24439553b62406586a6c69ecf9c001f,43,"{'device_compute': 4.540599184110761e-05, 'd2e_transport': 0.09201527001641807, 'edge_queue': 0.0016378999998778454, 'edge_segment_compute': 0.02013930000066466, 'edge_exit_head_compute': 0.0009283999988838332, 'edge_exit_check': 0.0005476000005728565, 'e2c_transport': 0.0, 'cloud_queue': 0.0, 'cloud_segment_compute': 0.0, 'cloud_exit_head_compute': 0.0, 'cloud_exit_check': 0.0, 'total_latency': 0.11804277598275803, 'unattributed_overhead': 0.0027288999744996545, 'request_id': 'f24439553b62406586a6c69ecf9c001f', 'user_id': 0, 'prediction': 6, 'exit_id': 'final', 'exit_boundary_id': 19, 'exit_location': 'edge', 'confidence': 0.9991175532341003, 'executed_segments_by_node': {'device': [], 'edge': [0, 1, 2, 3, 4, 5, 6, 7, 8, 9, 10, 11, 12, 13, 14, 15, 16, 17, 18]}, 'nodes': [{'node': 'device', 'executed_segments': [], 'queue_s': 0.0, 'segment_compute_s': 0.0, 'exit_head_compute_s': 0.0, 'exit_check_s': 0.0, 'worker_elapsed_s': 4.540599184110761e-05}, {'node': 'edge', 'executed_segments': [0, 1, 2, 3, 4, 5, 6, 7, 8, 9, 10, 11, 12, 13, 14, 15, 16, 17, 18], 'queue_s': 0.0016378999998778454, 'segment_compute_s': 0.02013930000066466, 'exit_head_compute_s': 0.0009283999988838332, 'exit_check_s': 0.0005476000005728565, 'worker_elapsed_s': 0.023008600000139268}], 'sample_id': 'balanced_006_0352_00003555', 'label': 6, 'correct': True, 'observed_utility': 0.40978612008620985}",balanced_006_0352_00003555,43,3555,0.5028860569000244,9156122918710965099,0.11804277598275803,0.0027288999744996545,0
0.0,4.2794999899342656e-05,0.07006240000009711,0.07006240000009711,0.10806413499449263,4.2794999899342656e-05,0.18302963499445468,0.07006240000009711,0.07496549999996205,0.0035009000002901303,0.1831026519939769,0.07013959999949293,1784949712.9375198,1784949712.1846266,1784949712.4346266,0.0,0.0,0.0,0.0,0.9999262094497681,0.10806413499449263,ablate-split-only-resnet50-cifar10-pi5-retry-20260725-111639:v1,1,4.2794999899342656e-05,unknown,0.0,0.0003310999991299468,0.0015378000007331138,0.0035009000002901303,0.06348049999905925,"{'device': [], 'edge': [0, 1, 2, 3, 4, 5, 6, 7, 8, 9, 10, 11, 12, 13, 14, 15, 16, 17, 18]}",19,final,edge,True,7,1.0,5.0,1.0,0.1831026519939769,0.08448674003011547,7,eba3588a7fb04e759b74d32f41fa656d,44,"{'device_compute': 4.2794999899342656e-05, 'd2e_transport': 0.10806413499449263, 'edge_queue': 0.0035009000002901303, 'edge_segment_compute': 0.06348049999905925, 'edge_exit_head_compute': 0.0015378000007331138, 'edge_exit_check': 0.0003310999991299468, 'e2c_transport': 0.0, 'cloud_queue': 0.0, 'cloud_segment_compute': 0.0, 'cloud_exit_head_compute': 0.0, 'cloud_exit_check': 0.0, 'total_latency': 0.1831026519939769, 'unattributed_overhead': 0.006145422000372491, 'request_id': 'eba3588a7fb04e759b74d32f41fa656d', 'user_id': 0, 'prediction': 7, 'exit_id': 'final', 'exit_boundary_id': 19, 'exit_location': 'edge', 'confidence': 0.9999262094497681, 'executed_segments_by_node': {'device': [], 'edge': [0, 1, 2, 3, 4, 5, 6, 7, 8, 9, 10, 11, 12, 13, 14, 15, 16, 17, 18]}, 'nodes': [{'node': 'device', 'executed_segments': [], 'queue_s': 0.0, 'segment_compute_s': 0.0, 'exit_head_compute_s': 0.0, 'exit_check_s': 0.0, 'worker_elapsed_s': 4.2794999899342656e-05}, {'node': 'edge', 'executed_segments': [0, 1, 2, 3, 4, 5, 6, 7, 8, 9, 10, 11, 12, 13, 14, 15, 16, 17, 18], 'queue_s': 0.0035009000002901303, 'segment_compute_s': 0.06348049999905925, 'exit_head_compute_s': 0.0015378000007331138, 'exit_check_s': 0.0003310999991299468, 'worker_elapsed_s': 0.07013959999949293}], 'sample_id': 'balanced_007_0122_00001246', 'label': 7, 'correct': True, 'observed_utility': 0.08448674003011547}",balanced_007_0122_00001246,44,1246,0.5028932094573975,9156122918710965099,0.1831026519939769,0.006145422000372491,0
0.0,5.103499279357493e-05,0.0963618999994651,0.0963618999994651,0.14362046499718417,5.103499279357493e-05,0.2437365649966523,0.0963618999994651,0.10011609999946813,0.0022761000000173226,0.24382404400967062,0.09645570000066073,1784949713.1468914,1784949712.392479,1784949712.642479,0.0,0.0,0.0,0.0,0.7250151634216309,0.14362046499718417,ablate-split-only-resnet50-cifar10-pi5-retry-20260725-111639:v1,1,5.103499279357493e-05,unknown,0.0,0.002208299999438168,0.003340600000228733,0.0022761000000173226,0.08206659999814292,"{'device': [], 'edge': [0, 1, 2, 3, 4, 5, 6, 7, 8, 9, 10, 11, 12, 13, 14, 15, 16, 17, 18]}",19,final,edge,True,9,1.0,5.0,1.0,0.24382404400967062,-0.21912022004835308,9,2d64bedc84fb4498a83cdb37b63608e6,45,"{'device_compute': 5.103499279357493e-05, 'd2e_transport': 0.14362046499718417, 'edge_queue': 0.0022761000000173226, 'edge_segment_compute': 0.08206659999814292, 'edge_exit_head_compute': 0.003340600000228733, 'edge_exit_check': 0.002208299999438168, 'e2c_transport': 0.0, 'cloud_queue': 0.0, 'cloud_segment_compute': 0.0, 'cloud_exit_head_compute': 0.0, 'cloud_exit_check': 0.0, 'total_latency': 0.24382404400967062, 'unattributed_overhead': 0.010260944021865726, 'request_id': '2d64bedc84fb4498a83cdb37b63608e6', 'user_id': 0, 'prediction': 9, 'exit_id': 'final', 'exit_boundary_id': 19, 'exit_location': 'edge', 'confidence': 0.7250151634216309, 'executed_segments_by_node': {'device': [], 'edge': [0, 1, 2, 3, 4, 5, 6, 7, 8, 9, 10, 11, 12, 13, 14, 15, 16, 17, 18]}, 'nodes': [{'node': 'device', 'executed_segments': [], 'queue_s': 0.0, 'segment_compute_s': 0.0, 'exit_head_compute_s': 0.0, 'exit_check_s': 0.0, 'worker_elapsed_s': 5.103499279357493e-05}, {'node': 'edge', 'executed_segments': [0, 1, 2, 3, 4, 5, 6, 7, 8, 9, 10, 11, 12, 13, 14, 15, 16, 17, 18], 'queue_s': 0.0022761000000173226, 'segment_compute_s': 0.08206659999814292, 'exit_head_compute_s': 0.003340600000228733, 'exit_check_s': 0.002208299999438168, 'worker_elapsed_s': 0.09645570000066073}], 'sample_id': 'balanced_009_0945_00009492', 'label': 9, 'correct': True, 'observed_utility': -0.21912022004835308}",balanced_009_0945_00009492,45,9492,0.5044124126434326,9156122918710965099,0.24382404400967062,0.010260944021865726,0
0.0,4.114699549973011e-05,0.04195079999954032,0.04195079999954032,0.20498574399607605,4.114699549973011e-05,0.25002954399678856,0.04195079999954032,0.04504380000071251,0.0015468000001419568,0.25010128298890777,0.042036300000290794,1784949713.449119,1784949712.6923802,1784949712.9423802,0.0,0.0,0.0,0.0,0.9999958276748657,0.20498574399607605,ablate-split-only-resnet50-cifar10-pi5-retry-20260725-111639:v1,1,4.114699549973011e-05,unknown,0.0,0.0003649000000223168,0.001718800000162446,0.0015468000001419568,0.03628439999647526,"{'device': [], 'edge': [0, 1, 2, 3, 4, 5, 6, 7, 8, 9, 10, 11, 12, 13, 14, 15, 16, 17, 18]}",19,final,edge,True,6,1.0,5.0,1.0,0.25010128298890777,-0.25050641494453885,6,e532e299ea19439eab5eae2433e2263d,46,"{'device_compute': 4.114699549973011e-05, 'd2e_transport': 0.20498574399607605, 'edge_queue': 0.0015468000001419568, 'edge_segment_compute': 0.03628439999647526, 'edge_exit_head_compute': 0.001718800000162446, 'edge_exit_check': 0.0003649000000223168, 'e2c_transport': 0.0, 'cloud_queue': 0.0, 'cloud_segment_compute': 0.0, 'cloud_exit_head_compute': 0.0, 'cloud_exit_check': 0.0, 'total_latency': 0.25010128298890777, 'unattributed_overhead': 0.005159492000530008, 'request_id': 'e532e299ea19439eab5eae2433e2263d', 'user_id': 0, 'prediction': 6, 'exit_id': 'final', 'exit_boundary_id': 19, 'exit_location': 'edge', 'confidence': 0.9999958276748657, 'executed_segments_by_node': {'device': [], 'edge': [0, 1, 2, 3, 4, 5, 6, 7, 8, 9, 10, 11, 12, 13, 14, 15, 16, 17, 18]}, 'nodes': [{'node': 'device', 'executed_segments': [], 'queue_s': 0.0, 'segment_compute_s': 0.0, 'exit_head_compute_s': 0.0, 'exit_check_s': 0.0, 'worker_elapsed_s': 4.114699549973011e-05}, {'node': 'edge', 'executed_segments': [0, 1, 2, 3, 4, 5, 6, 7, 8, 9, 10, 11, 12, 13, 14, 15, 16, 17, 18], 'queue_s': 0.0015468000001419568, 'segment_compute_s': 0.03628439999647526, 'exit_head_compute_s': 0.001718800000162446, 'exit_check_s': 0.0003649000000223168, 'worker_elapsed_s': 0.042036300000290794}], 'sample_id': 'balanced_006_0414_00004188', 'label': 6, 'correct': True, 'observed_utility': -0.25050641494453885}",balanced_006_0414_00004188,46,4188,0.5067389011383057,9156122918710965099,0.25010128298890777,0.005159492000530008,0
0.0,3.996200393885374e-05,0.07835810000051424,0.07835810000051424,0.12465156400230626,3.996200393885374e-05,0.20695526400231756,0.07835810000051424,0.0823037000000113,0.0017871999998533283,0.20702552099828608,0.0784336999995503,1784949713.7433307,1784949712.9909432,1784949713.2409432,0.0,0.0,0.0,0.0,0.9999797344207764,0.12465156400230626,ablate-split-only-resnet50-cifar10-pi5-retry-20260725-111639:v1,1,3.996200393885374e-05,unknown,0.0,0.000747899999623769,0.004254100000252947,0.0017871999998533283,0.06197399999928166,"{'device': [], 'edge': [0, 1, 2, 3, 4, 5, 6, 7, 8, 9, 10, 11, 12, 13, 14, 15, 16, 17, 18]}",19,final,edge,True,8,1.0,5.0,1.0,0.20702552099828608,-0.03512760499143042,8,c9891558242c4879b932b0c9c0524fab,47,"{'device_compute': 3.996200393885374e-05, 'd2e_transport': 0.12465156400230626, 'edge_queue': 0.0017871999998533283, 'edge_segment_compute': 0.06197399999928166, 'edge_exit_head_compute': 0.004254100000252947, 'edge_exit_check': 0.000747899999623769, 'e2c_transport': 0.0, 'cloud_queue': 0.0, 'cloud_segment_compute': 0.0, 'cloud_exit_head_compute': 0.0, 'cloud_exit_check': 0.0, 'total_latency': 0.20702552099828608, 'unattributed_overhead': 0.013570794993029267, 'request_id': 'c9891558242c4879b932b0c9c0524fab', 'user_id': 0, 'prediction': 8, 'exit_id': 'final', 'exit_boundary_id': 19, 'exit_location': 'edge', 'confidence': 0.9999797344207764, 'executed_segments_by_node': {'device': [], 'edge': [0, 1, 2, 3, 4, 5, 6, 7, 8, 9, 10, 11, 12, 13, 14, 15, 16, 17, 18]}, 'nodes': [{'node': 'device', 'executed_segments': [], 'queue_s': 0.0, 'segment_compute_s': 0.0, 'exit_head_compute_s': 0.0, 'exit_check_s': 0.0, 'worker_elapsed_s': 3.996200393885374e-05}, {'node': 'edge', 'executed_segments': [0, 1, 2, 3, 4, 5, 6, 7, 8, 9, 10, 11, 12, 13, 14, 15, 16, 17, 18], 'queue_s': 0.0017871999998533283, 'segment_compute_s': 0.06197399999928166, 'exit_head_compute_s': 0.004254100000252947, 'exit_check_s': 0.000747899999623769, 'worker_elapsed_s': 0.0784336999995503}], 'sample_id': 'balanced_008_0984_00009885', 'label': 8, 'correct': True, 'observed_utility': -0.03512760499143042}",balanced_008_0984_00009885,47,9885,0.502387523651123,9156122918710965099,0.20702552099828608,0.013570794993029267,0
0.0,4.912799340672791e-05,0.010357099999964703,0.010357099999964703,0.10396080502596305,4.912799340672791e-05,0.1163837050262373,0.010357099999964703,0.01242290000027424,0.0011247999991610413,0.11646453701541759,0.010411200000817189,1784949713.9736357,1784949713.2215948,1784949713.4715948,0.0,0.0,0.0,0.0,0.9999966621398926,0.10396080502596305,ablate-split-only-resnet50-cifar10-pi5-retry-20260725-111639:v1,1,4.912799340672791e-05,unknown,0.0,0.0002488999998604413,0.00047709999944345327,0.0011247999991610413,0.009096800003135286,"{'device': [], 'edge': [0, 1, 2, 3, 4, 5, 6, 7, 8, 9, 10, 11, 12, 13, 14, 15, 16, 17, 18]}",19,final,edge,True,5,1.0,5.0,1.0,0.11646453701541759,0.41767731492291205,5,7b4cce3207e34d1b9e407a42d63d8d0c,48,"{'device_compute': 4.912799340672791e-05, 'd2e_transport': 0.10396080502596305, 'edge_queue': 0.0011247999991610413, 'edge_segment_compute': 0.009096800003135286, 'edge_exit_head_compute': 0.00047709999944345327, 'edge_exit_check': 0.0002488999998604413, 'e2c_transport': 0.0, 'cloud_queue': 0.0, 'cloud_segment_compute': 0.0, 'cloud_exit_head_compute': 0.0, 'cloud_exit_check': 0.0, 'total_latency': 0.11646453701541759, 'unattributed_overhead': 0.0015070039944475866, 'request_id': '7b4cce3207e34d1b9e407a42d63d8d0c', 'user_id': 0, 'prediction': 5, 'exit_id': 'final', 'exit_boundary_id': 19, 'exit_location': 'edge', 'confidence': 0.9999966621398926, 'executed_segments_by_node': {'device': [], 'edge': [0, 1, 2, 3, 4, 5, 6, 7, 8, 9, 10, 11, 12, 13, 14, 15, 16, 17, 18]}, 'nodes': [{'node': 'device', 'executed_segments': [], 'queue_s': 0.0, 'segment_compute_s': 0.0, 'exit_head_compute_s': 0.0, 'exit_check_s': 0.0, 'worker_elapsed_s': 4.912799340672791e-05}, {'node': 'edge', 'executed_segments': [0, 1, 2, 3, 4, 5, 6, 7, 8, 9, 10, 11, 12, 13, 14, 15, 16, 17, 18], 'queue_s': 0.0011247999991610413, 'segment_compute_s': 0.009096800003135286, 'exit_head_compute_s': 0.00047709999944345327, 'exit_check_s': 0.0002488999998604413, 'worker_elapsed_s': 0.010411200000817189}], 'sample_id': 'balanced_005_0429_00004420', 'label': 5, 'correct': True, 'observed_utility': 0.41767731492291205}",balanced_005_0429_00004420,48,4420,0.5020408630371094,9156122918710965099,0.11646453701541759,0.0015070039944475866,0
0.0,5.346199031919241e-05,0.021797500000502623,0.021797500000502623,0.1098430090041802,5.346199031919241e-05,0.1346295090042986,0.021797500000502623,0.024786500000118394,0.0015628000001015607,0.1347237110021524,0.021875200000067707,1784949714.1123111,1784949713.3606157,1784949713.6106157,0.0,0.0,0.0,0.0,0.6102462410926819,0.1098430090041802,ablate-split-only-resnet50-cifar10-pi5-retry-20260725-111639:v1,1,5.346199031919241e-05,unknown,0.0,0.0007906999990154873,0.0008133000001180335,0.0015628000001015607,0.0191794000002119,"{'device': [], 'edge': [0, 1, 2, 3, 4, 5, 6, 7, 8, 9, 10, 11, 12, 13, 14, 15, 16, 17, 18]}",19,final,edge,True,5,1.0,5.0,1.0,0.1347237110021524,0.32638144498923793,5,aebc47a6faa247d0bf451a94ee3a5da6,49,"{'device_compute': 5.346199031919241e-05, 'd2e_transport': 0.1098430090041802, 'edge_queue': 0.0015628000001015607, 'edge_segment_compute': 0.0191794000002119, 'edge_exit_head_compute': 0.0008133000001180335, 'edge_exit_check': 0.0007906999990154873, 'e2c_transport': 0.0, 'cloud_queue': 0.0, 'cloud_segment_compute': 0.0, 'cloud_exit_head_compute': 0.0, 'cloud_exit_check': 0.0, 'total_latency': 0.1347237110021524, 'unattributed_overhead': 0.002481040008206037, 'request_id': 'aebc47a6faa247d0bf451a94ee3a5da6', 'user_id': 0, 'prediction': 5, 'exit_id': 'final', 'exit_boundary_id': 19, 'exit_location': 'edge', 'confidence': 0.6102462410926819, 'executed_segments_by_node': {'device': [], 'edge': [0, 1, 2, 3, 4, 5, 6, 7, 8, 9, 10, 11, 12, 13, 14, 15, 16, 17, 18]}, 'nodes': [{'node': 'device', 'executed_segments': [], 'queue_s': 0.0, 'segment_compute_s': 0.0, 'exit_head_compute_s': 0.0, 'exit_check_s': 0.0, 'worker_elapsed_s': 5.346199031919241e-05}, {'node': 'edge', 'executed_segments': [0, 1, 2, 3, 4, 5, 6, 7, 8, 9, 10, 11, 12, 13, 14, 15, 16, 17, 18], 'queue_s': 0.0015628000001015607, 'segment_compute_s': 0.0191794000002119, 'exit_head_compute_s': 0.0008133000001180335, 'exit_check_s': 0.0007906999990154873, 'worker_elapsed_s': 0.021875200000067707}], 'sample_id': 'balanced_005_0581_00005830', 'label': 5, 'correct': True, 'observed_utility': 0.32638144498923793}",balanced_005_0581_00005830,49,5830,0.5016953945159912,9156122918710965099,0.1347237110021524,0.002481040008206037,0
0.0,4.2202998884022236e-05,0.019780000000537257,0.019780000000537257,0.0953242719924674,4.2202998884022236e-05,0.11802317199180834,0.019780000000537257,0.022698899999340938,0.0015379000005850685,0.11809626300237142,0.019859299999552604,1784949714.2719674,1784949713.5173087,1784949713.7673087,0.0,0.0,0.0,0.0,0.9999884366989136,0.0953242719924674,ablate-split-only-resnet50-cifar10-pi5-retry-20260725-111639:v1,1,4.2202998884022236e-05,unknown,0.0,0.0004360999992059078,0.0008044000014706398,0.0015379000005850685,0.017550100000335078,"{'device': [], 'edge': [0, 1, 2, 3, 4, 5, 6, 7, 8, 9, 10, 11, 12, 13, 14, 15, 16, 17, 18]}",19,final,edge,True,2,1.0,5.0,1.0,0.11809626300237142,0.4095186849881429,2,21b8ebe52b6a4216ab74a7a7dbbdc41f,50,"{'device_compute': 4.2202998884022236e-05, 'd2e_transport': 0.0953242719924674, 'edge_queue': 0.0015379000005850685, 'edge_segment_compute': 0.017550100000335078, 'edge_exit_head_compute': 0.0008044000014706398, 'edge_exit_check': 0.0004360999992059078, 'e2c_transport': 0.0, 'cloud_queue': 0.0, 'cloud_segment_compute': 0.0, 'cloud_exit_head_compute': 0.0, 'cloud_exit_check': 0.0, 'total_latency': 0.11809626300237142, 'unattributed_overhead': 0.002401288009423297, 'request_id': '21b8ebe52b6a4216ab74a7a7dbbdc41f', 'user_id': 0, 'prediction': 2, 'exit_id': 'final', 'exit_boundary_id': 19, 'exit_location': 'edge', 'confidence': 0.9999884366989136, 'executed_segments_by_node': {'device': [], 'edge': [0, 1, 2, 3, 4, 5, 6, 7, 8, 9, 10, 11, 12, 13, 14, 15, 16, 17, 18]}, 'nodes': [{'node': 'device', 'executed_segments': [], 'queue_s': 0.0, 'segment_compute_s': 0.0, 'exit_head_compute_s': 0.0, 'exit_check_s': 0.0, 'worker_elapsed_s': 4.2202998884022236e-05}, {'node': 'edge', 'executed_segments': [0, 1, 2, 3, 4, 5, 6, 7, 8, 9, 10, 11, 12, 13, 14, 15, 16, 17, 18], 'queue_s': 0.0015379000005850685, 'segment_compute_s': 0.017550100000335078, 'exit_head_compute_s': 0.0008044000014706398, 'exit_check_s': 0.0004360999992059078, 'worker_elapsed_s': 0.019859299999552604}], 'sample_id': 'balanced_002_0622_00006232', 'label': 2, 'correct': True, 'observed_utility': 0.4095186849881429}",balanced_002_0622_00006232,50,6232,0.5046586990356445,9156122918710965099,0.11809626300237142,0.002401288009423297,0
0.0,4.116600030101836e-05,0.012915500000417524,0.012915500000417524,0.12355152199143049,4.116600030101836e-05,0.13928202199167572,0.012915500000417524,0.01573050000024523,0.0015561000000161584,0.1393524649902247,0.01298769999993965,1784949714.414926,1784949713.6628282,1784949713.9128282,0.0,0.0,0.0,0.0,1.0,0.12355152199143049,ablate-split-only-resnet50-cifar10-pi5-retry-20260725-111639:v1,1,4.116600030101836e-05,unknown,0.0,0.00027179999869986204,0.0005370999997467152,0.0015561000000161584,0.011410500001147739,"{'device': [], 'edge': [0, 1, 2, 3, 4, 5, 6, 7, 8, 9, 10, 11, 12, 13, 14, 15, 16, 17, 18]}",19,final,edge,True,2,1.0,5.0,1.0,0.1393524649902247,0.30323767504887655,2,a986253c537f471c9272786dc4acb986,51,"{'device_compute': 4.116600030101836e-05, 'd2e_transport': 0.12355152199143049, 'edge_queue': 0.0015561000000161584, 'edge_segment_compute': 0.011410500001147739, 'edge_exit_head_compute': 0.0005370999997467152, 'edge_exit_check': 0.00027179999869986204, 'e2c_transport': 0.0, 'cloud_queue': 0.0, 'cloud_segment_compute': 0.0, 'cloud_exit_head_compute': 0.0, 'cloud_exit_check': 0.0, 'total_latency': 0.1393524649902247, 'unattributed_overhead': 0.001984276998882706, 'request_id': 'a986253c537f471c9272786dc4acb986', 'user_id': 0, 'prediction': 2, 'exit_id': 'final', 'exit_boundary_id': 19, 'exit_location': 'edge', 'confidence': 1.0, 'executed_segments_by_node': {'device': [], 'edge': [0, 1, 2, 3, 4, 5, 6, 7, 8, 9, 10, 11, 12, 13, 14, 15, 16, 17, 18]}, 'nodes': [{'node': 'device', 'executed_segments': [], 'queue_s': 0.0, 'segment_compute_s': 0.0, 'exit_head_compute_s': 0.0, 'exit_check_s': 0.0, 'worker_elapsed_s': 4.116600030101836e-05}, {'node': 'edge', 'executed_segments': [0, 1, 2, 3, 4, 5, 6, 7, 8, 9, 10, 11, 12, 13, 14, 15, 16, 17, 18], 'queue_s': 0.0015561000000161584, 'segment_compute_s': 0.011410500001147739, 'exit_head_compute_s': 0.0005370999997467152, 'exit_check_s': 0.00027179999869986204, 'worker_elapsed_s': 0.01298769999993965}], 'sample_id': 'balanced_002_0690_00006895', 'label': 2, 'correct': True, 'observed_utility': 0.30323767504887655}",balanced_002_0690_00006895,51,6895,0.5020978450775146,9156122918710965099,0.1393524649902247,0.001984276998882706,0
0.0,4.046197864226997e-05,0.023594100000082108,0.023594100000082108,0.10698595899975771,4.046197864226997e-05,0.1334249589999672,0.023594100000082108,0.02643900000020949,0.001352700000097684,0.13349653198383749,0.023667399999794725,1784949714.5790505,1784949713.8264842,1784949714.0764842,0.0,0.0,0.0,0.0,0.9999265670776367,0.10698595899975771,ablate-split-only-resnet50-cifar10-pi5-retry-20260725-111639:v1,1,4.046197864226997e-05,unknown,0.0,0.0007018999995125341,0.0009881999994831858,0.001352700000097684,0.020798099999410624,"{'device': [], 'edge': [0, 1, 2, 3, 4, 5, 6, 7, 8, 9, 10, 11, 12, 13, 14, 15, 16, 17, 18]}",19,final,edge,True,1,1.0,5.0,1.0,0.13349653198383749,0.3325173400808126,1,8877433ec5a5437bae383bfc611dd3e0,52,"{'device_compute': 4.046197864226997e-05, 'd2e_transport': 0.10698595899975771, 'edge_queue': 0.001352700000097684, 'edge_segment_compute': 0.020798099999410624, 'edge_exit_head_compute': 0.0009881999994831858, 'edge_exit_check': 0.0007018999995125341, 'e2c_transport': 0.0, 'cloud_queue': 0.0, 'cloud_segment_compute': 0.0, 'cloud_exit_head_compute': 0.0, 'cloud_exit_check': 0.0, 'total_latency': 0.13349653198383749, 'unattributed_overhead': 0.002629211006933474, 'request_id': '8877433ec5a5437bae383bfc611dd3e0', 'user_id': 0, 'prediction': 1, 'exit_id': 'final', 'exit_boundary_id': 19, 'exit_location': 'edge', 'confidence': 0.9999265670776367, 'executed_segments_by_node': {'device': [], 'edge': [0, 1, 2, 3, 4, 5, 6, 7, 8, 9, 10, 11, 12, 13, 14, 15, 16, 17, 18]}, 'nodes': [{'node': 'device', 'executed_segments': [], 'queue_s': 0.0, 'segment_compute_s': 0.0, 'exit_head_compute_s': 0.0, 'exit_check_s': 0.0, 'worker_elapsed_s': 4.046197864226997e-05}, {'node': 'edge', 'executed_segments': [0, 1, 2, 3, 4, 5, 6, 7, 8, 9, 10, 11, 12, 13, 14, 15, 16, 17, 18], 'queue_s': 0.001352700000097684, 'segment_compute_s': 0.020798099999410624, 'exit_head_compute_s': 0.0009881999994831858, 'exit_check_s': 0.0007018999995125341, 'worker_elapsed_s': 0.023667399999794725}], 'sample_id': 'balanced_001_0469_00004752', 'label': 1, 'correct': True, 'observed_utility': 0.3325173400808126}",balanced_001_0469_00004752,52,4752,0.5025663375854492,9156122918710965099,0.13349653198383749,0.002629211006933474,0
0.0,4.142499528825283e-05,0.01670430000012857,0.01670430000012857,0.08339319400420209,4.142499528825283e-05,0.1028351940040011,0.01670430000012857,0.01944199999979901,0.0015726999999969848,0.10290600699954666,0.016777400000137277,1784949714.761177,1784949713.9891052,1784949714.2391052,0.0,0.0,0.0,0.0,0.9926148653030396,0.08339319400420209,ablate-split-only-resnet50-cifar10-pi5-retry-20260725-111639:v1,1,4.142499528825283e-05,unknown,0.0,0.0003858999998556101,0.0007774000005156267,0.0015726999999969848,0.014667000001281849,"{'device': [], 'edge': [0, 1, 2, 3, 4, 5, 6, 7, 8, 9, 10, 11, 12, 13, 14, 15, 16, 17, 18]}",19,final,edge,True,2,1.0,5.0,1.0,0.10290600699954666,0.4854699650022667,2,0c598de12ccf4cacb56d62618a1a109f,53,"{'device_compute': 4.142499528825283e-05, 'd2e_transport': 0.08339319400420209, 'edge_queue': 0.0015726999999969848, 'edge_segment_compute': 0.014667000001281849, 'edge_exit_head_compute': 0.0007774000005156267, 'edge_exit_check': 0.0003858999998556101, 'e2c_transport': 0.0, 'cloud_queue': 0.0, 'cloud_segment_compute': 0.0, 'cloud_exit_head_compute': 0.0, 'cloud_exit_check': 0.0, 'total_latency': 0.10290600699954666, 'unattributed_overhead': 0.0020683879984062514, 'request_id': '0c598de12ccf4cacb56d62618a1a109f', 'user_id': 0, 'prediction': 2, 'exit_id': 'final', 'exit_boundary_id': 19, 'exit_location': 'edge', 'confidence': 0.9926148653030396, 'executed_segments_by_node': {'device': [], 'edge': [0, 1, 2, 3, 4, 5, 6, 7, 8, 9, 10, 11, 12, 13, 14, 15, 16, 17, 18]}, 'nodes': [{'node': 'device', 'executed_segments': [], 'queue_s': 0.0, 'segment_compute_s': 0.0, 'exit_head_compute_s': 0.0, 'exit_check_s': 0.0, 'worker_elapsed_s': 4.142499528825283e-05}, {'node': 'edge', 'executed_segments': [0, 1, 2, 3, 4, 5, 6, 7, 8, 9, 10, 11, 12, 13, 14, 15, 16, 17, 18], 'queue_s': 0.0015726999999969848, 'segment_compute_s': 0.014667000001281849, 'exit_head_compute_s': 0.0007774000005156267, 'exit_check_s': 0.0003858999998556101, 'worker_elapsed_s': 0.016777400000137277}], 'sample_id': 'balanced_002_0511_00004995', 'label': 2, 'correct': True, 'observed_utility': 0.4854699650022667}",balanced_002_0511_00004995,53,4995,0.5220718383789062,9156122918710965099,0.10290600699954666,0.0020683879984062514,0
0.0,4.277698462828994e-05,0.022182199999406294,0.022182199999406294,0.10060965201137151,4.277698462828994e-05,0.12565775201073848,0.022182199999406294,0.02504809999936697,0.0013731999997617095,0.1257303069869522,0.02225300000009156,1784949714.8934042,1784949714.1416483,1784949714.3916483,0.0,0.0,0.0,0.0,0.9749953150749207,0.10060965201137151,ablate-split-only-resnet50-cifar10-pi5-retry-20260725-111639:v1,1,4.277698462828994e-05,unknown,0.0,0.0005473999999594525,0.00099320000026637,0.0013731999997617095,0.019467100001747895,"{'device': [], 'edge': [0, 1, 2, 3, 4, 5, 6, 7, 8, 9, 10, 11, 12, 13, 14, 15, 16, 17, 18]}",19,final,edge,True,3,1.0,5.0,1.0,0.1257303069869522,0.371348465065239,3,179cc9a445a44501b55a0d2b317bcba7,54,"{'device_compute': 4.277698462828994e-05, 'd2e_transport': 0.10060965201137151, 'edge_queue': 0.0013731999997617095, 'edge_segment_compute': 0.019467100001747895, 'edge_exit_head_compute': 0.00099320000026637, 'edge_exit_check': 0.0005473999999594525, 'e2c_transport': 0.0, 'cloud_queue': 0.0, 'cloud_segment_compute': 0.0, 'cloud_exit_head_compute': 0.0, 'cloud_exit_check': 0.0, 'total_latency': 0.1257303069869522, 'unattributed_overhead': 0.0026969779892169754, 'request_id': '179cc9a445a44501b55a0d2b317bcba7', 'user_id': 0, 'prediction': 3, 'exit_id': 'final', 'exit_boundary_id': 19, 'exit_location': 'edge', 'confidence': 0.9749953150749207, 'executed_segments_by_node': {'device': [], 'edge': [0, 1, 2, 3, 4, 5, 6, 7, 8, 9, 10, 11, 12, 13, 14, 15, 16, 17, 18]}, 'nodes': [{'node': 'device', 'executed_segments': [], 'queue_s': 0.0, 'segment_compute_s': 0.0, 'exit_head_compute_s': 0.0, 'exit_check_s': 0.0, 'worker_elapsed_s': 4.277698462828994e-05}, {'node': 'edge', 'executed_segments': [0, 1, 2, 3, 4, 5, 6, 7, 8, 9, 10, 11, 12, 13, 14, 15, 16, 17, 18], 'queue_s': 0.0013731999997617095, 'segment_compute_s': 0.019467100001747895, 'exit_head_compute_s': 0.00099320000026637, 'exit_check_s': 0.0005473999999594525, 'worker_elapsed_s': 0.02225300000009156}], 'sample_id': 'balanced_003_0586_00005833', 'label': 3, 'correct': True, 'observed_utility': 0.371348465065239}",balanced_003_0586_00005833,54,5833,0.501755952835083,9156122918710965099,0.1257303069869522,0.0026969779892169754,0
0.0,4.107301356270909e-05,0.022638399999777903,0.022638399999777903,0.10032021198185248,4.107301356270909e-05,0.1261149119818583,0.022638399999777903,0.025794700000005832,0.0016194999998333515,0.1261853550095111,0.022719499999766413,1784949715.0424917,1784949714.2901716,1784949714.5401716,0.0,0.0,0.0,0.0,0.9999997615814209,0.10032021198185248,ablate-split-only-resnet50-cifar10-pi5-retry-20260725-111639:v1,1,4.107301356270909e-05,unknown,0.0,0.0005144999995536637,0.0011936000000787317,0.0016194999998333515,0.019726300001821073,"{'device': [], 'edge': [0, 1, 2, 3, 4, 5, 6, 7, 8, 9, 10, 11, 12, 13, 14, 15, 16, 17, 18]}",19,final,edge,True,1,1.0,5.0,1.0,0.1261853550095111,0.36907322495244443,1,8ed01108335c44a98ed589621c91c9fa,55,"{'device_compute': 4.107301356270909e-05, 'd2e_transport': 0.10032021198185248, 'edge_queue': 0.0016194999998333515, 'edge_segment_compute': 0.019726300001821073, 'edge_exit_head_compute': 0.0011936000000787317, 'edge_exit_check': 0.0005144999995536637, 'e2c_transport': 0.0, 'cloud_queue': 0.0, 'cloud_segment_compute': 0.0, 'cloud_exit_head_compute': 0.0, 'cloud_exit_check': 0.0, 'total_latency': 0.1261853550095111, 'unattributed_overhead': 0.0027701700128091034, 'request_id': '8ed01108335c44a98ed589621c91c9fa', 'user_id': 0, 'prediction': 1, 'exit_id': 'final', 'exit_boundary_id': 19, 'exit_location': 'edge', 'confidence': 0.9999997615814209, 'executed_segments_by_node': {'device': [], 'edge': [0, 1, 2, 3, 4, 5, 6, 7, 8, 9, 10, 11, 12, 13, 14, 15, 16, 17, 18]}, 'nodes': [{'node': 'device', 'executed_segments': [], 'queue_s': 0.0, 'segment_compute_s': 0.0, 'exit_head_compute_s': 0.0, 'exit_check_s': 0.0, 'worker_elapsed_s': 4.107301356270909e-05}, {'node': 'edge', 'executed_segments': [0, 1, 2, 3, 4, 5, 6, 7, 8, 9, 10, 11, 12, 13, 14, 15, 16, 17, 18], 'queue_s': 0.0016194999998333515, 'segment_compute_s': 0.019726300001821073, 'exit_head_compute_s': 0.0011936000000787317, 'exit_check_s': 0.0005144999995536637, 'worker_elapsed_s': 0.022719499999766413}], 'sample_id': 'balanced_001_0741_00007484', 'label': 1, 'correct': True, 'observed_utility': 0.36907322495244443}",balanced_001_0741_00007484,55,7484,0.5023200511932373,9156122918710965099,0.1261853550095111,0.0027701700128091034,0
0.0,3.988799289800227e-05,0.022284700000454905,0.022284700000454905,0.0939228379911583,3.988799289800227e-05,0.11905033799121156,0.022284700000454905,0.02512750000005326,0.001503499999671476,0.11912113300058991,0.02235579999978654,1784949715.2186956,1784949714.4667096,1784949714.7167096,0.0,0.0,0.0,0.0,0.9999970197677612,0.0939228379911583,ablate-split-only-resnet50-cifar10-pi5-retry-20260725-111639:v1,1,3.988799289800227e-05,unknown,0.0,0.0005332000000635162,0.0009329000013167388,0.001503499999671476,0.01969259999896167,"{'device': [], 'edge': [0, 1, 2, 3, 4, 5, 6, 7, 8, 9, 10, 11, 12, 13, 14, 15, 16, 17, 18]}",19,final,edge,True,0,1.0,5.0,1.0,0.11912113300058991,0.40439433499705046,0,0955ed0e11884b658808053995a0fca4,56,"{'device_compute': 3.988799289800227e-05, 'd2e_transport': 0.0939228379911583, 'edge_queue': 0.001503499999671476, 'edge_segment_compute': 0.01969259999896167, 'edge_exit_head_compute': 0.0009329000013167388, 'edge_exit_check': 0.0005332000000635162, 'e2c_transport': 0.0, 'cloud_queue': 0.0, 'cloud_segment_compute': 0.0, 'cloud_exit_head_compute': 0.0, 'cloud_exit_check': 0.0, 'total_latency': 0.11912113300058991, 'unattributed_overhead': 0.002496207016520202, 'request_id': '0955ed0e11884b658808053995a0fca4', 'user_id': 0, 'prediction': 0, 'exit_id': 'final', 'exit_boundary_id': 19, 'exit_location': 'edge', 'confidence': 0.9999970197677612, 'executed_segments_by_node': {'device': [], 'edge': [0, 1, 2, 3, 4, 5, 6, 7, 8, 9, 10, 11, 12, 13, 14, 15, 16, 17, 18]}, 'nodes': [{'node': 'device', 'executed_segments': [], 'queue_s': 0.0, 'segment_compute_s': 0.0, 'exit_head_compute_s': 0.0, 'exit_check_s': 0.0, 'worker_elapsed_s': 3.988799289800227e-05}, {'node': 'edge', 'executed_segments': [0, 1, 2, 3, 4, 5, 6, 7, 8, 9, 10, 11, 12, 13, 14, 15, 16, 17, 18], 'queue_s': 0.001503499999671476, 'segment_compute_s': 0.01969259999896167, 'exit_head_compute_s': 0.0009329000013167388, 'exit_check_s': 0.0005332000000635162, 'worker_elapsed_s': 0.02235579999978654}], 'sample_id': 'balanced_000_0221_00002241', 'label': 0, 'correct': True, 'observed_utility': 0.40439433499705046}",balanced_000_0221_00002241,56,2241,0.501986026763916,9156122918710965099,0.11912113300058991,0.002496207016520202,0
0.0,4.166600410826504e-05,0.021162200000617304,0.021162200000617304,0.06764775798910705,4.166600410826504e-05,0.09176055798889138,0.021162200000617304,0.02411279999978433,0.0016413000003012712,0.09183203900465742,0.021255799999380542,1784949715.3844345,1784949714.6308956,1784949714.8808956,0.0,0.0,0.0,0.0,0.9999996423721313,0.06764775798910705,ablate-split-only-resnet50-cifar10-pi5-retry-20260725-111639:v1,1,4.166600410826504e-05,unknown,0.0,0.00048019999940152047,0.000878700000612298,0.0016413000003012712,0.018771900002320763,"{'device': [], 'edge': [0, 1, 2, 3, 4, 5, 6, 7, 8, 9, 10, 11, 12, 13, 14, 15, 16, 17, 18]}",19,final,edge,True,8,1.0,5.0,1.0,0.09183203900465742,0.5408398049767129,8,59fced23a77040b0a43e3f1a0df184a7,57,"{'device_compute': 4.166600410826504e-05, 'd2e_transport': 0.06764775798910705, 'edge_queue': 0.0016413000003012712, 'edge_segment_compute': 0.018771900002320763, 'edge_exit_head_compute': 0.000878700000612298, 'edge_exit_check': 0.00048019999940152047, 'e2c_transport': 0.0, 'cloud_queue': 0.0, 'cloud_segment_compute': 0.0, 'cloud_exit_head_compute': 0.0, 'cloud_exit_check': 0.0, 'total_latency': 0.09183203900465742, 'unattributed_overhead': 0.002370515008806251, 'request_id': '59fced23a77040b0a43e3f1a0df184a7', 'user_id': 0, 'prediction': 8, 'exit_id': 'final', 'exit_boundary_id': 19, 'exit_location': 'edge', 'confidence': 0.9999996423721313, 'executed_segments_by_node': {'device': [], 'edge': [0, 1, 2, 3, 4, 5, 6, 7, 8, 9, 10, 11, 12, 13, 14, 15, 16, 17, 18]}, 'nodes': [{'node': 'device', 'executed_segments': [], 'queue_s': 0.0, 'segment_compute_s': 0.0, 'exit_head_compute_s': 0.0, 'exit_check_s': 0.0, 'worker_elapsed_s': 4.166600410826504e-05}, {'node': 'edge', 'executed_segments': [0, 1, 2, 3, 4, 5, 6, 7, 8, 9, 10, 11, 12, 13, 14, 15, 16, 17, 18], 'queue_s': 0.0016413000003012712, 'segment_compute_s': 0.018771900002320763, 'exit_head_compute_s': 0.000878700000612298, 'exit_check_s': 0.00048019999940152047, 'worker_elapsed_s': 0.021255799999380542}], 'sample_id': 'balanced_008_0797_00008159', 'label': 8, 'correct': True, 'observed_utility': 0.5408398049767129}",balanced_008_0797_00008159,57,8159,0.5035388469696045,9156122918710965099,0.09183203900465742,0.002370515008806251,0
0.0,4.035100573673844e-05,0.021913199999289645,0.021913199999289645,0.054641075987092336,4.035100573673844e-05,0.07959627598756924,0.021913199999289645,0.024955200000476907,0.001575799999955052,0.07966453398694284,0.021988700000292738,1784949715.5052142,1784949714.753539,1784949715.003539,0.0,0.0,0.0,0.0,0.9988986253738403,0.054641075987092336,ablate-split-only-resnet50-cifar10-pi5-retry-20260725-111639:v1,1,4.035100573673844e-05,unknown,0.0,0.0005432999987533549,0.0008773999998084037,0.001575799999955052,0.019327100001646613,"{'device': [], 'edge': [0, 1, 2, 3, 4, 5, 6, 7, 8, 9, 10, 11, 12, 13, 14, 15, 16, 17, 18]}",19,final,edge,True,0,1.0,5.0,1.0,0.07966453398694284,0.6016773300652858,0,d6c1d0bfca2e4d2597454f9051a03060,58,"{'device_compute': 4.035100573673844e-05, 'd2e_transport': 0.054641075987092336, 'edge_queue': 0.001575799999955052, 'edge_segment_compute': 0.019327100001646613, 'edge_exit_head_compute': 0.0008773999998084037, 'edge_exit_check': 0.0005432999987533549, 'e2c_transport': 0.0, 'cloud_queue': 0.0, 'cloud_segment_compute': 0.0, 'cloud_exit_head_compute': 0.0, 'cloud_exit_check': 0.0, 'total_latency': 0.07966453398694284, 'unattributed_overhead': 0.0026595069939503446, 'request_id': 'd6c1d0bfca2e4d2597454f9051a03060', 'user_id': 0, 'prediction': 0, 'exit_id': 'final', 'exit_boundary_id': 19, 'exit_location': 'edge', 'confidence': 0.9988986253738403, 'executed_segments_by_node': {'device': [], 'edge': [0, 1, 2, 3, 4, 5, 6, 7, 8, 9, 10, 11, 12, 13, 14, 15, 16, 17, 18]}, 'nodes': [{'node': 'device', 'executed_segments': [], 'queue_s': 0.0, 'segment_compute_s': 0.0, 'exit_head_compute_s': 0.0, 'exit_check_s': 0.0, 'worker_elapsed_s': 4.035100573673844e-05}, {'node': 'edge', 'executed_segments': [0, 1, 2, 3, 4, 5, 6, 7, 8, 9, 10, 11, 12, 13, 14, 15, 16, 17, 18], 'queue_s': 0.001575799999955052, 'segment_compute_s': 0.019327100001646613, 'exit_head_compute_s': 0.0008773999998084037, 'exit_check_s': 0.0005432999987533549, 'worker_elapsed_s': 0.021988700000292738}], 'sample_id': 'balanced_000_0595_00006055', 'label': 0, 'correct': True, 'observed_utility': 0.6016773300652858}",balanced_000_0595_00006055,58,6055,0.5016751289367676,9156122918710965099,0.07966453398694284,0.0026595069939503446,0
0.0,4.12390218116343e-05,0.018537300000389223,0.018537300000389223,0.08406533697325358,4.12390218116343e-05,0.10571113697369583,0.018537300000389223,0.02164580000044225,0.0017007000005833106,0.10578135700779967,0.01863580000008369,1784949715.6073668,1784949714.855303,1784949715.105303,0.0,0.0,0.0,0.0,0.9999828338623047,0.08406533697325358,ablate-split-only-resnet50-cifar10-pi5-retry-20260725-111639:v1,1,4.12390218116343e-05,unknown,0.0,0.00043929999992542434,0.000856499999827065,0.0017007000005833106,0.016308599997501005,"{'device': [], 'edge': [0, 1, 2, 3, 4, 5, 6, 7, 8, 9, 10, 11, 12, 13, 14, 15, 16, 17, 18]}",19,final,edge,True,5,1.0,5.0,1.0,0.10578135700779967,0.47109321496100165,5,71594d46cfe7472f830369421ab0c443,59,"{'device_compute': 4.12390218116343e-05, 'd2e_transport': 0.08406533697325358, 'edge_queue': 0.0017007000005833106, 'edge_segment_compute': 0.016308599997501005, 'edge_exit_head_compute': 0.000856499999827065, 'edge_exit_check': 0.00043929999992542434, 'e2c_transport': 0.0, 'cloud_queue': 0.0, 'cloud_segment_compute': 0.0, 'cloud_exit_head_compute': 0.0, 'cloud_exit_check': 0.0, 'total_latency': 0.10578135700779967, 'unattributed_overhead': 0.002369681014897651, 'request_id': '71594d46cfe7472f830369421ab0c443', 'user_id': 0, 'prediction': 5, 'exit_id': 'final', 'exit_boundary_id': 19, 'exit_location': 'edge', 'confidence': 0.9999828338623047, 'executed_segments_by_node': {'device': [], 'edge': [0, 1, 2, 3, 4, 5, 6, 7, 8, 9, 10, 11, 12, 13, 14, 15, 16, 17, 18]}, 'nodes': [{'node': 'device', 'executed_segments': [], 'queue_s': 0.0, 'segment_compute_s': 0.0, 'exit_head_compute_s': 0.0, 'exit_check_s': 0.0, 'worker_elapsed_s': 4.12390218116343e-05}, {'node': 'edge', 'executed_segments': [0, 1, 2, 3, 4, 5, 6, 7, 8, 9, 10, 11, 12, 13, 14, 15, 16, 17, 18], 'queue_s': 0.0017007000005833106, 'segment_compute_s': 0.016308599997501005, 'exit_head_compute_s': 0.000856499999827065, 'exit_check_s': 0.00043929999992542434, 'worker_elapsed_s': 0.01863580000008369}], 'sample_id': 'balanced_005_0140_00001620', 'label': 5, 'correct': True, 'observed_utility': 0.47109321496100165}",balanced_005_0140_00001620,59,1620,0.5020637512207031,9156122918710965099,0.10578135700779967,0.002369681014897651,0
0.0,3.983199712820351e-05,0.02210789999935514,0.02210789999935514,0.09107802901507966,3.983199712820351e-05,0.1161400290147867,0.02210789999935514,0.02506199999970704,0.0015378000007331138,0.11620897200191393,0.02218289999927947,1784949715.7340386,1784949714.982502,1784949715.232502,0.0,0.0,0.0,0.0,0.7437324523925781,0.09107802901507966,ablate-split-only-resnet50-cifar10-pi5-retry-20260725-111639:v1,1,3.983199712820351e-05,unknown,0.0,0.0005139000004419358,0.0009029000002556131,0.0015378000007331138,0.019543799995517475,"{'device': [], 'edge': [0, 1, 2, 3, 4, 5, 6, 7, 8, 9, 10, 11, 12, 13, 14, 15, 16, 17, 18]}",19,final,edge,True,3,1.0,5.0,1.0,0.11620897200191393,0.4189551399904303,3,45d959f5fef24447b7a7159286276795,60,"{'device_compute': 3.983199712820351e-05, 'd2e_transport': 0.09107802901507966, 'edge_queue': 0.0015378000007331138, 'edge_segment_compute': 0.019543799995517475, 'edge_exit_head_compute': 0.0009029000002556131, 'edge_exit_check': 0.0005139000004419358, 'e2c_transport': 0.0, 'cloud_queue': 0.0, 'cloud_segment_compute': 0.0, 'cloud_exit_head_compute': 0.0, 'cloud_exit_check': 0.0, 'total_latency': 0.11620897200191393, 'unattributed_overhead': 0.0025927109927579295, 'request_id': '45d959f5fef24447b7a7159286276795', 'user_id': 0, 'prediction': 3, 'exit_id': 'final', 'exit_boundary_id': 19, 'exit_location': 'edge', 'confidence': 0.7437324523925781, 'executed_segments_by_node': {'device': [], 'edge': [0, 1, 2, 3, 4, 5, 6, 7, 8, 9, 10, 11, 12, 13, 14, 15, 16, 17, 18]}, 'nodes': [{'node': 'device', 'executed_segments': [], 'queue_s': 0.0, 'segment_compute_s': 0.0, 'exit_head_compute_s': 0.0, 'exit_check_s': 0.0, 'worker_elapsed_s': 3.983199712820351e-05}, {'node': 'edge', 'executed_segments': [0, 1, 2, 3, 4, 5, 6, 7, 8, 9, 10, 11, 12, 13, 14, 15, 16, 17, 18], 'queue_s': 0.0015378000007331138, 'segment_compute_s': 0.019543799995517475, 'exit_head_compute_s': 0.0009029000002556131, 'exit_check_s': 0.0005139000004419358, 'worker_elapsed_s': 0.02218289999927947}], 'sample_id': 'balanced_003_0094_00000916', 'label': 3, 'correct': True, 'observed_utility': 0.4189551399904303}",balanced_003_0094_00000916,60,916,0.5015366077423096,9156122918710965099,0.11620897200191393,0.0025927109927579295,0
0.0,4.9444002797827125e-05,0.02046840000002703,0.02046840000002703,0.058898916004181956,4.9444002797827125e-05,0.08213031600462273,0.02046840000002703,0.02323140000044077,0.001440300000467687,0.08221379600581713,0.020542700000078185,1784949715.9056025,1784949715.1446385,1784949715.3946385,0.0,0.0,0.0,0.0,0.9999563694000244,0.058898916004181956,ablate-split-only-resnet50-cifar10-pi5-retry-20260725-111639:v1,1,4.9444002797827125e-05,unknown,0.0,0.0005234000000200467,0.0007782000002407585,0.001440300000467687,0.01810389999900508,"{'device': [], 'edge': [0, 1, 2, 3, 4, 5, 6, 7, 8, 9, 10, 11, 12, 13, 14, 15, 16, 17, 18]}",19,final,edge,True,8,1.0,5.0,1.0,0.08221379600581713,0.5889310199709143,8,6f0ae4f18ef24bccac8d8fa5dd17cbb3,61,"{'device_compute': 4.9444002797827125e-05, 'd2e_transport': 0.058898916004181956, 'edge_queue': 0.001440300000467687, 'edge_segment_compute': 0.01810389999900508, 'edge_exit_head_compute': 0.0007782000002407585, 'edge_exit_check': 0.0005234000000200467, 'e2c_transport': 0.0, 'cloud_queue': 0.0, 'cloud_segment_compute': 0.0, 'cloud_exit_head_compute': 0.0, 'cloud_exit_check': 0.0, 'total_latency': 0.08221379600581713, 'unattributed_overhead': 0.0024196359991037752, 'request_id': '6f0ae4f18ef24bccac8d8fa5dd17cbb3', 'user_id': 0, 'prediction': 8, 'exit_id': 'final', 'exit_boundary_id': 19, 'exit_location': 'edge', 'confidence': 0.9999563694000244, 'executed_segments_by_node': {'device': [], 'edge': [0, 1, 2, 3, 4, 5, 6, 7, 8, 9, 10, 11, 12, 13, 14, 15, 16, 17, 18]}, 'nodes': [{'node': 'device', 'executed_segments': [], 'queue_s': 0.0, 'segment_compute_s': 0.0, 'exit_head_compute_s': 0.0, 'exit_check_s': 0.0, 'worker_elapsed_s': 4.9444002797827125e-05}, {'node': 'edge', 'executed_segments': [0, 1, 2, 3, 4, 5, 6, 7, 8, 9, 10, 11, 12, 13, 14, 15, 16, 17, 18], 'queue_s': 0.001440300000467687, 'segment_compute_s': 0.01810389999900508, 'exit_head_compute_s': 0.0007782000002407585, 'exit_check_s': 0.0005234000000200467, 'worker_elapsed_s': 0.020542700000078185}], 'sample_id': 'balanced_008_0059_00000552', 'label': 8, 'correct': True, 'observed_utility': 0.5889310199709143}",balanced_008_0059_00000552,61,552,0.5109639167785645,9156122918710965099,0.08221379600581713,0.0024196359991037752,0
0.0,4.2961997678503394e-05,0.01805389999935869,0.01805389999935869,0.09030061100474995,4.2961997678503394e-05,0.11096551100490615,0.01805389999935869,0.020664900000156194,0.0014909999999872525,0.11103919398738071,0.018130700000256184,1784949716.0164018,1784949715.260824,1784949715.510824,0.0,0.0,0.0,0.0,0.9999711513519287,0.09030061100474995,ablate-split-only-resnet50-cifar10-pi5-retry-20260725-111639:v1,1,4.2961997678503394e-05,unknown,0.0,0.0004537999993772246,0.0007783000000927132,0.0014909999999872525,0.015883099998973194,"{'device': [], 'edge': [0, 1, 2, 3, 4, 5, 6, 7, 8, 9, 10, 11, 12, 13, 14, 15, 16, 17, 18]}",19,final,edge,True,9,1.0,5.0,1.0,0.11103919398738071,0.44480403006309643,9,cd814b06b35b4a4a821bd3382204d947,62,"{'device_compute': 4.2961997678503394e-05, 'd2e_transport': 0.09030061100474995, 'edge_queue': 0.0014909999999872525, 'edge_segment_compute': 0.015883099998973194, 'edge_exit_head_compute': 0.0007783000000927132, 'edge_exit_check': 0.0004537999993772246, 'e2c_transport': 0.0, 'cloud_queue': 0.0, 'cloud_segment_compute': 0.0, 'cloud_exit_head_compute': 0.0, 'cloud_exit_check': 0.0, 'total_latency': 0.11103919398738071, 'unattributed_overhead': 0.0020894209865218727, 'request_id': 'cd814b06b35b4a4a821bd3382204d947', 'user_id': 0, 'prediction': 9, 'exit_id': 'final', 'exit_boundary_id': 19, 'exit_location': 'edge', 'confidence': 0.9999711513519287, 'executed_segments_by_node': {'device': [], 'edge': [0, 1, 2, 3, 4, 5, 6, 7, 8, 9, 10, 11, 12, 13, 14, 15, 16, 17, 18]}, 'nodes': [{'node': 'device', 'executed_segments': [], 'queue_s': 0.0, 'segment_compute_s': 0.0, 'exit_head_compute_s': 0.0, 'exit_check_s': 0.0, 'worker_elapsed_s': 4.2961997678503394e-05}, {'node': 'edge', 'executed_segments': [0, 1, 2, 3, 4, 5, 6, 7, 8, 9, 10, 11, 12, 13, 14, 15, 16, 17, 18], 'queue_s': 0.0014909999999872525, 'segment_compute_s': 0.015883099998973194, 'exit_head_compute_s': 0.0007783000000927132, 'exit_check_s': 0.0004537999993772246, 'worker_elapsed_s': 0.018130700000256184}], 'sample_id': 'balanced_009_0028_00000252', 'label': 9, 'correct': True, 'observed_utility': 0.44480403006309643}",balanced_009_0028_00000252,62,252,0.505577802658081,9156122918710965099,0.11103919398738071,0.0020894209865218727,0
0.0,3.922200994566083e-05,0.013497300000381074,0.013497300000381074,0.08150220298739441,3.922200994566083e-05,0.09750590298790485,0.013497300000381074,0.016003700000510435,0.001397500000166474,0.09757273600553162,0.013592000000244298,1784949716.1518998,1784949715.3975859,1784949715.6475859,0.0,0.0,0.0,0.0,0.999998927116394,0.08150220298739441,ablate-split-only-resnet50-cifar10-pi5-retry-20260725-111639:v1,1,3.922200994566083e-05,unknown,0.0,0.0002848999993148027,0.0005258000001049368,0.001397500000166474,0.011993199997959891,"{'device': [], 'edge': [0, 1, 2, 3, 4, 5, 6, 7, 8, 9, 10, 11, 12, 13, 14, 15, 16, 17, 18]}",19,final,edge,True,7,1.0,5.0,1.0,0.09757273600553162,0.5121363199723419,7,6cd24b7d79474e7f97c92e263cf62a93,63,"{'device_compute': 3.922200994566083e-05, 'd2e_transport': 0.08150220298739441, 'edge_queue': 0.001397500000166474, 'edge_segment_compute': 0.011993199997959891, 'edge_exit_head_compute': 0.0005258000001049368, 'edge_exit_check': 0.0002848999993148027, 'e2c_transport': 0.0, 'cloud_queue': 0.0, 'cloud_segment_compute': 0.0, 'cloud_exit_head_compute': 0.0, 'cloud_exit_check': 0.0, 'total_latency': 0.09757273600553162, 'unattributed_overhead': 0.0018299110106454464, 'request_id': '6cd24b7d79474e7f97c92e263cf62a93', 'user_id': 0, 'prediction': 7, 'exit_id': 'final', 'exit_boundary_id': 19, 'exit_location': 'edge', 'confidence': 0.999998927116394, 'executed_segments_by_node': {'device': [], 'edge': [0, 1, 2, 3, 4, 5, 6, 7, 8, 9, 10, 11, 12, 13, 14, 15, 16, 17, 18]}, 'nodes': [{'node': 'device', 'executed_segments': [], 'queue_s': 0.0, 'segment_compute_s': 0.0, 'exit_head_compute_s': 0.0, 'exit_check_s': 0.0, 'worker_elapsed_s': 3.922200994566083e-05}, {'node': 'edge', 'executed_segments': [0, 1, 2, 3, 4, 5, 6, 7, 8, 9, 10, 11, 12, 13, 14, 15, 16, 17, 18], 'queue_s': 0.001397500000166474, 'segment_compute_s': 0.011993199997959891, 'exit_head_compute_s': 0.0005258000001049368, 'exit_check_s': 0.0002848999993148027, 'worker_elapsed_s': 0.013592000000244298}], 'sample_id': 'balanced_007_0211_00002225', 'label': 7, 'correct': True, 'observed_utility': 0.5121363199723419}",balanced_007_0211_00002225,63,2225,0.5043139457702637,9156122918710965099,0.09757273600553162,0.0018299110106454464,0
0.0,4.1480991058051586e-05,0.022745600000234845,0.022745600000234845,0.09944472401730309,4.1480991058051586e-05,0.12534102401696146,0.022745600000234845,0.025896299999658368,0.0016074000004664413,0.12543187398114242,0.022821200000180397,1784949716.2721379,1784949715.5196815,1784949715.7696815,0.0,0.0,0.0,0.0,0.9984246492385864,0.09944472401730309,ablate-split-only-resnet50-cifar10-pi5-retry-20260725-111639:v1,1,4.1480991058051586e-05,unknown,0.0,0.0005362000001696288,0.0009659000006649876,0.0016074000004664413,0.02007790000152454,"{'device': [], 'edge': [0, 1, 2, 3, 4, 5, 6, 7, 8, 9, 10, 11, 12, 13, 14, 15, 16, 17, 18]}",19,final,edge,True,3,1.0,5.0,1.0,0.12543187398114242,0.3728406300942879,3,e962e080bb544de69fab66a7c6892bc6,64,"{'device_compute': 4.1480991058051586e-05, 'd2e_transport': 0.09944472401730309, 'edge_queue': 0.0016074000004664413, 'edge_segment_compute': 0.02007790000152454, 'edge_exit_head_compute': 0.0009659000006649876, 'edge_exit_check': 0.0005362000001696288, 'e2c_transport': 0.0, 'cloud_queue': 0.0, 'cloud_segment_compute': 0.0, 'cloud_exit_head_compute': 0.0, 'cloud_exit_check': 0.0, 'total_latency': 0.12543187398114242, 'unattributed_overhead': 0.0027582689699556795, 'request_id': 'e962e080bb544de69fab66a7c6892bc6', 'user_id': 0, 'prediction': 3, 'exit_id': 'final', 'exit_boundary_id': 19, 'exit_location': 'edge', 'confidence': 0.9984246492385864, 'executed_segments_by_node': {'device': [], 'edge': [0, 1, 2, 3, 4, 5, 6, 7, 8, 9, 10, 11, 12, 13, 14, 15, 16, 17, 18]}, 'nodes': [{'node': 'device', 'executed_segments': [], 'queue_s': 0.0, 'segment_compute_s': 0.0, 'exit_head_compute_s': 0.0, 'exit_check_s': 0.0, 'worker_elapsed_s': 4.1480991058051586e-05}, {'node': 'edge', 'executed_segments': [0, 1, 2, 3, 4, 5, 6, 7, 8, 9, 10, 11, 12, 13, 14, 15, 16, 17, 18], 'queue_s': 0.0016074000004664413, 'segment_compute_s': 0.02007790000152454, 'exit_head_compute_s': 0.0009659000006649876, 'exit_check_s': 0.0005362000001696288, 'worker_elapsed_s': 0.022821200000180397}], 'sample_id': 'balanced_003_0536_00005387', 'label': 3, 'correct': True, 'observed_utility': 0.3728406300942879}",balanced_003_0536_00005387,64,5387,0.5024564266204834,9156122918710965099,0.12543187398114242,0.0027582689699556795,0
0.0,4.148000152781606e-05,0.023505399999521615,0.023505399999521615,0.08930581297772733,4.148000152781606e-05,0.11561241297749802,0.023505399999521615,0.026306599999770697,0.0014605999995183083,0.1156835780129768,0.02358360000016546,1784949716.422834,1784949715.6711977,1784949715.9211977,0.0,0.0,0.0,0.0,0.9957284331321716,0.08930581297772733,ablate-split-only-resnet50-cifar10-pi5-retry-20260725-111639:v1,1,4.148000152781606e-05,unknown,0.0,0.0005707000018446706,0.00110450000011042,0.0014605999995183083,0.020574299998770584,"{'device': [], 'edge': [0, 1, 2, 3, 4, 5, 6, 7, 8, 9, 10, 11, 12, 13, 14, 15, 16, 17, 18]}",19,final,edge,True,7,1.0,5.0,1.0,0.1156835780129768,0.421582109935116,7,6ef5fb8ada3b42fa98ba06bee19f6975,65,"{'device_compute': 4.148000152781606e-05, 'd2e_transport': 0.08930581297772733, 'edge_queue': 0.0014605999995183083, 'edge_segment_compute': 0.020574299998770584, 'edge_exit_head_compute': 0.00110450000011042, 'edge_exit_check': 0.0005707000018446706, 'e2c_transport': 0.0, 'cloud_queue': 0.0, 'cloud_segment_compute': 0.0, 'cloud_exit_head_compute': 0.0, 'cloud_exit_check': 0.0, 'total_latency': 0.1156835780129768, 'unattributed_overhead': 0.002626185033477668, 'request_id': '6ef5fb8ada3b42fa98ba06bee19f6975', 'user_id': 0, 'prediction': 7, 'exit_id': 'final', 'exit_boundary_id': 19, 'exit_location': 'edge', 'confidence': 0.9957284331321716, 'executed_segments_by_node': {'device': [], 'edge': [0, 1, 2, 3, 4, 5, 6, 7, 8, 9, 10, 11, 12, 13, 14, 15, 16, 17, 18]}, 'nodes': [{'node': 'device', 'executed_segments': [], 'queue_s': 0.0, 'segment_compute_s': 0.0, 'exit_head_compute_s': 0.0, 'exit_check_s': 0.0, 'worker_elapsed_s': 4.148000152781606e-05}, {'node': 'edge', 'executed_segments': [0, 1, 2, 3, 4, 5, 6, 7, 8, 9, 10, 11, 12, 13, 14, 15, 16, 17, 18], 'queue_s': 0.0014605999995183083, 'segment_compute_s': 0.020574299998770584, 'exit_head_compute_s': 0.00110450000011042, 'exit_check_s': 0.0005707000018446706, 'worker_elapsed_s': 0.02358360000016546}], 'sample_id': 'balanced_007_0679_00006667', 'label': 7, 'correct': True, 'observed_utility': 0.421582109935116}",balanced_007_0679_00006667,65,6667,0.501636266708374,9156122918710965099,0.1156835780129768,0.002626185033477668,0
0.0,4.290699143894017e-05,0.017603399999643443,0.017603399999643443,0.09244201400269958,4.290699143894017e-05,0.11292241400224157,0.017603399999643443,0.020480399999541987,0.0014588000003641355,0.11299518999294378,0.01768019999963144,1784949716.5643697,1784949715.8113415,1784949716.0613415,0.0,0.0,0.0,0.0,0.9954415559768677,0.09244201400269958,ablate-split-only-resnet50-cifar10-pi5-retry-20260725-111639:v1,1,4.290699143894017e-05,unknown,0.0,0.0004162999994150596,0.0008075999985521776,0.0014588000003641355,0.015479900001992064,"{'device': [], 'edge': [0, 1, 2, 3, 4, 5, 6, 7, 8, 9, 10, 11, 12, 13, 14, 15, 16, 17, 18]}",19,final,edge,True,0,1.0,5.0,1.0,0.11299518999294378,0.4350240500352811,0,c1bc9b30d4c74a4bb50ae1dffb20ba64,66,"{'device_compute': 4.290699143894017e-05, 'd2e_transport': 0.09244201400269958, 'edge_queue': 0.0014588000003641355, 'edge_segment_compute': 0.015479900001992064, 'edge_exit_head_compute': 0.0008075999985521776, 'edge_exit_check': 0.0004162999994150596, 'e2c_transport': 0.0, 'cloud_queue': 0.0, 'cloud_segment_compute': 0.0, 'cloud_exit_head_compute': 0.0, 'cloud_exit_check': 0.0, 'total_latency': 0.11299518999294378, 'unattributed_overhead': 0.002347668998481822, 'request_id': 'c1bc9b30d4c74a4bb50ae1dffb20ba64', 'user_id': 0, 'prediction': 0, 'exit_id': 'final', 'exit_boundary_id': 19, 'exit_location': 'edge', 'confidence': 0.9954415559768677, 'executed_segments_by_node': {'device': [], 'edge': [0, 1, 2, 3, 4, 5, 6, 7, 8, 9, 10, 11, 12, 13, 14, 15, 16, 17, 18]}, 'nodes': [{'node': 'device', 'executed_segments': [], 'queue_s': 0.0, 'segment_compute_s': 0.0, 'exit_head_compute_s': 0.0, 'exit_check_s': 0.0, 'worker_elapsed_s': 4.290699143894017e-05}, {'node': 'edge', 'executed_segments': [0, 1, 2, 3, 4, 5, 6, 7, 8, 9, 10, 11, 12, 13, 14, 15, 16, 17, 18], 'queue_s': 0.0014588000003641355, 'segment_compute_s': 0.015479900001992064, 'exit_head_compute_s': 0.0008075999985521776, 'exit_check_s': 0.0004162999994150596, 'worker_elapsed_s': 0.01768019999963144}], 'sample_id': 'balanced_000_0119_00001103', 'label': 0, 'correct': True, 'observed_utility': 0.4350240500352811}",balanced_000_0119_00001103,66,1103,0.503028154373169,9156122918710965099,0.11299518999294378,0.002347668998481822,0
0.0,4.075799370184541e-05,0.011480899999696703,0.011480899999696703,0.0867978679962107,4.075799370184541e-05,0.10113956799614243,0.011480899999696703,0.014341699999931734,0.001565900000059628,0.10120901098707691,0.011557299999367387,1784949716.7263029,1784949715.9739077,1784949716.2239077,0.0,0.0,0.0,0.0,0.9999990463256836,0.0867978679962107,ablate-split-only-resnet50-cifar10-pi5-retry-20260725-111639:v1,1,4.075799370184541e-05,unknown,0.0,0.00029830000221409136,0.0005309999996825354,0.001565900000059628,0.009997200001635065,"{'device': [], 'edge': [0, 1, 2, 3, 4, 5, 6, 7, 8, 9, 10, 11, 12, 13, 14, 15, 16, 17, 18]}",19,final,edge,True,6,1.0,5.0,1.0,0.10120901098707691,0.49395494506461546,6,d45458842635436fb83bf842255f810a,67,"{'device_compute': 4.075799370184541e-05, 'd2e_transport': 0.0867978679962107, 'edge_queue': 0.001565900000059628, 'edge_segment_compute': 0.009997200001635065, 'edge_exit_head_compute': 0.0005309999996825354, 'edge_exit_check': 0.00029830000221409136, 'e2c_transport': 0.0, 'cloud_queue': 0.0, 'cloud_segment_compute': 0.0, 'cloud_exit_head_compute': 0.0, 'cloud_exit_check': 0.0, 'total_latency': 0.10120901098707691, 'unattributed_overhead': 0.0019779849935730454, 'request_id': 'd45458842635436fb83bf842255f810a', 'user_id': 0, 'prediction': 6, 'exit_id': 'final', 'exit_boundary_id': 19, 'exit_location': 'edge', 'confidence': 0.9999990463256836, 'executed_segments_by_node': {'device': [], 'edge': [0, 1, 2, 3, 4, 5, 6, 7, 8, 9, 10, 11, 12, 13, 14, 15, 16, 17, 18]}, 'nodes': [{'node': 'device', 'executed_segments': [], 'queue_s': 0.0, 'segment_compute_s': 0.0, 'exit_head_compute_s': 0.0, 'exit_check_s': 0.0, 'worker_elapsed_s': 4.075799370184541e-05}, {'node': 'edge', 'executed_segments': [0, 1, 2, 3, 4, 5, 6, 7, 8, 9, 10, 11, 12, 13, 14, 15, 16, 17, 18], 'queue_s': 0.001565900000059628, 'segment_compute_s': 0.009997200001635065, 'exit_head_compute_s': 0.0005309999996825354, 'exit_check_s': 0.00029830000221409136, 'worker_elapsed_s': 0.011557299999367387}], 'sample_id': 'balanced_006_0101_00000902', 'label': 6, 'correct': True, 'observed_utility': 0.49395494506461546}",balanced_006_0101_00000902,67,902,0.5023951530456543,9156122918710965099,0.10120901098707691,0.0019779849935730454,0
0.0,4.212901694700122e-05,0.021673599999303406,0.021673599999303406,0.07982960100162018,4.212901694700122e-05,0.10430850100237876,0.021673599999303406,0.024478900000758586,0.0015131999998629908,0.10438066700589843,0.021748000000116008,1784949716.854499,1784949716.0985036,1784949716.3485036,0.0,0.0,0.0,0.0,0.9999896287918091,0.07982960100162018,ablate-split-only-resnet50-cifar10-pi5-retry-20260725-111639:v1,1,4.212901694700122e-05,unknown,0.0,0.0006424000002880348,0.00088910000067699,0.0015131999998629908,0.018999500000063563,"{'device': [], 'edge': [0, 1, 2, 3, 4, 5, 6, 7, 8, 9, 10, 11, 12, 13, 14, 15, 16, 17, 18]}",19,final,edge,True,9,1.0,5.0,1.0,0.10438066700589843,0.47809666497050785,9,107fb5ce30a044bc97b2d80baef8f8cb,68,"{'device_compute': 4.212901694700122e-05, 'd2e_transport': 0.07982960100162018, 'edge_queue': 0.0015131999998629908, 'edge_segment_compute': 0.018999500000063563, 'edge_exit_head_compute': 0.00088910000067699, 'edge_exit_check': 0.0006424000002880348, 'e2c_transport': 0.0, 'cloud_queue': 0.0, 'cloud_segment_compute': 0.0, 'cloud_exit_head_compute': 0.0, 'cloud_exit_check': 0.0, 'total_latency': 0.10438066700589843, 'unattributed_overhead': 0.002464736986439675, 'request_id': '107fb5ce30a044bc97b2d80baef8f8cb', 'user_id': 0, 'prediction': 9, 'exit_id': 'final', 'exit_boundary_id': 19, 'exit_location': 'edge', 'confidence': 0.9999896287918091, 'executed_segments_by_node': {'device': [], 'edge': [0, 1, 2, 3, 4, 5, 6, 7, 8, 9, 10, 11, 12, 13, 14, 15, 16, 17, 18]}, 'nodes': [{'node': 'device', 'executed_segments': [], 'queue_s': 0.0, 'segment_compute_s': 0.0, 'exit_head_compute_s': 0.0, 'exit_check_s': 0.0, 'worker_elapsed_s': 4.212901694700122e-05}, {'node': 'edge', 'executed_segments': [0, 1, 2, 3, 4, 5, 6, 7, 8, 9, 10, 11, 12, 13, 14, 15, 16, 17, 18], 'queue_s': 0.0015131999998629908, 'segment_compute_s': 0.018999500000063563, 'exit_head_compute_s': 0.00088910000067699, 'exit_check_s': 0.0006424000002880348, 'worker_elapsed_s': 0.021748000000116008}], 'sample_id': 'balanced_009_0504_00004928', 'label': 9, 'correct': True, 'observed_utility': 0.47809666497050785}",balanced_009_0504_00004928,68,4928,0.505995512008667,9156122918710965099,0.10438066700589843,0.002464736986439675,0
0.0,4.216498928144574e-05,0.019292099999802304,0.019292099999802304,0.07749011499254266,4.216498928144574e-05,0.09984311499283649,0.019292099999802304,0.022353000000293832,0.0015955999997459003,0.0999154839955736,0.019369499999811524,1784949716.981489,1784949716.2290454,1784949716.4790454,0.0,0.0,0.0,0.0,0.9947254061698914,0.07749011499254266,ablate-split-only-resnet50-cifar10-pi5-retry-20260725-111639:v1,1,4.216498928144574e-05,unknown,0.0,0.0005079999991721706,0.0007519999999203719,0.0015955999997459003,0.017168099998343678,"{'device': [], 'edge': [0, 1, 2, 3, 4, 5, 6, 7, 8, 9, 10, 11, 12, 13, 14, 15, 16, 17, 18]}",19,final,edge,True,6,1.0,5.0,1.0,0.0999154839955736,0.500422580022132,6,fb365c9e112e4f208e9005affb80f707,69,"{'device_compute': 4.216498928144574e-05, 'd2e_transport': 0.07749011499254266, 'edge_queue': 0.0015955999997459003, 'edge_segment_compute': 0.017168099998343678, 'edge_exit_head_compute': 0.0007519999999203719, 'edge_exit_check': 0.0005079999991721706, 'e2c_transport': 0.0, 'cloud_queue': 0.0, 'cloud_segment_compute': 0.0, 'cloud_exit_head_compute': 0.0, 'cloud_exit_check': 0.0, 'total_latency': 0.0999154839955736, 'unattributed_overhead': 0.002359504016567371, 'request_id': 'fb365c9e112e4f208e9005affb80f707', 'user_id': 0, 'prediction': 6, 'exit_id': 'final', 'exit_boundary_id': 19, 'exit_location': 'edge', 'confidence': 0.9947254061698914, 'executed_segments_by_node': {'device': [], 'edge': [0, 1, 2, 3, 4, 5, 6, 7, 8, 9, 10, 11, 12, 13, 14, 15, 16, 17, 18]}, 'nodes': [{'node': 'device', 'executed_segments': [], 'queue_s': 0.0, 'segment_compute_s': 0.0, 'exit_head_compute_s': 0.0, 'exit_check_s': 0.0, 'worker_elapsed_s': 4.216498928144574e-05}, {'node': 'edge', 'executed_segments': [0, 1, 2, 3, 4, 5, 6, 7, 8, 9, 10, 11, 12, 13, 14, 15, 16, 17, 18], 'queue_s': 0.0015955999997459003, 'segment_compute_s': 0.017168099998343678, 'exit_head_compute_s': 0.0007519999999203719, 'exit_check_s': 0.0005079999991721706, 'worker_elapsed_s': 0.019369499999811524}], 'sample_id': 'balanced_006_0560_00005600', 'label': 6, 'correct': True, 'observed_utility': 0.500422580022132}",balanced_006_0560_00005600,69,5600,0.5024435520172119,9156122918710965099,0.0999154839955736,0.002359504016567371,0
0.0,4.881399217993021e-05,0.019648399999823596,0.019648399999823596,0.09073277799961943,4.881399217993021e-05,0.11319357799948193,0.019648399999823596,0.022460799999862502,0.0014617999995607533,0.11327472500852309,0.01972329999989597,1784949717.1337624,1784949716.378563,1784949716.628563,0.0,0.0,0.0,0.0,0.9999867677688599,0.09073277799961943,ablate-split-only-resnet50-cifar10-pi5-retry-20260725-111639:v1,1,4.881399217993021e-05,unknown,0.0,0.0004841999998461688,0.0007058000010147225,0.0014617999995607533,0.01760180000019318,"{'device': [], 'edge': [0, 1, 2, 3, 4, 5, 6, 7, 8, 9, 10, 11, 12, 13, 14, 15, 16, 17, 18]}",19,final,edge,True,9,1.0,5.0,1.0,0.11327472500852309,0.43362637495738454,9,4e9874db9f724938b3e5918ab0c2472a,70,"{'device_compute': 4.881399217993021e-05, 'd2e_transport': 0.09073277799961943, 'edge_queue': 0.0014617999995607533, 'edge_segment_compute': 0.01760180000019318, 'edge_exit_head_compute': 0.0007058000010147225, 'edge_exit_check': 0.0004841999998461688, 'e2c_transport': 0.0, 'cloud_queue': 0.0, 'cloud_segment_compute': 0.0, 'cloud_exit_head_compute': 0.0, 'cloud_exit_check': 0.0, 'total_latency': 0.11327472500852309, 'unattributed_overhead': 0.0022395330161089078, 'request_id': '4e9874db9f724938b3e5918ab0c2472a', 'user_id': 0, 'prediction': 9, 'exit_id': 'final', 'exit_boundary_id': 19, 'exit_location': 'edge', 'confidence': 0.9999867677688599, 'executed_segments_by_node': {'device': [], 'edge': [0, 1, 2, 3, 4, 5, 6, 7, 8, 9, 10, 11, 12, 13, 14, 15, 16, 17, 18]}, 'nodes': [{'node': 'device', 'executed_segments': [], 'queue_s': 0.0, 'segment_compute_s': 0.0, 'exit_head_compute_s': 0.0, 'exit_check_s': 0.0, 'worker_elapsed_s': 4.881399217993021e-05}, {'node': 'edge', 'executed_segments': [0, 1, 2, 3, 4, 5, 6, 7, 8, 9, 10, 11, 12, 13, 14, 15, 16, 17, 18], 'queue_s': 0.0014617999995607533, 'segment_compute_s': 0.01760180000019318, 'exit_head_compute_s': 0.0007058000010147225, 'exit_check_s': 0.0004841999998461688, 'worker_elapsed_s': 0.01972329999989597}], 'sample_id': 'balanced_009_0166_00001653', 'label': 9, 'correct': True, 'observed_utility': 0.43362637495738454}",balanced_009_0166_00001653,70,1653,0.5051994323730469,9156122918710965099,0.11327472500852309,0.0022395330161089078,0
0.0,4.2202998884022236e-05,0.02250689999982569,0.02250689999982569,0.09370496702194941,4.2202998884022236e-05,0.11935796702164225,0.02250689999982569,0.025652999999692838,0.0016051000002335059,0.11942963200272061,0.022599900000386697,1784949717.2695816,1784949716.5186036,1784949716.7686036,0.0,0.0,0.0,0.0,0.9999938011169434,0.09370496702194941,ablate-split-only-resnet50-cifar10-pi5-retry-20260725-111639:v1,1,4.2202998884022236e-05,unknown,0.0,0.0005515000011655502,0.0009479999989707721,0.0016051000002335059,0.01984550000179297,"{'device': [], 'edge': [0, 1, 2, 3, 4, 5, 6, 7, 8, 9, 10, 11, 12, 13, 14, 15, 16, 17, 18]}",19,final,edge,True,1,1.0,5.0,1.0,0.11942963200272061,0.40285183998639695,1,dea3251ed4d9481b828b3d89ccd8f02f,71,"{'device_compute': 4.2202998884022236e-05, 'd2e_transport': 0.09370496702194941, 'edge_queue': 0.0016051000002335059, 'edge_segment_compute': 0.01984550000179297, 'edge_exit_head_compute': 0.0009479999989707721, 'edge_exit_check': 0.0005515000011655502, 'e2c_transport': 0.0, 'cloud_queue': 0.0, 'cloud_segment_compute': 0.0, 'cloud_exit_head_compute': 0.0, 'cloud_exit_check': 0.0, 'total_latency': 0.11942963200272061, 'unattributed_overhead': 0.0027323619797243737, 'request_id': 'dea3251ed4d9481b828b3d89ccd8f02f', 'user_id': 0, 'prediction': 1, 'exit_id': 'final', 'exit_boundary_id': 19, 'exit_location': 'edge', 'confidence': 0.9999938011169434, 'executed_segments_by_node': {'device': [], 'edge': [0, 1, 2, 3, 4, 5, 6, 7, 8, 9, 10, 11, 12, 13, 14, 15, 16, 17, 18]}, 'nodes': [{'node': 'device', 'executed_segments': [], 'queue_s': 0.0, 'segment_compute_s': 0.0, 'exit_head_compute_s': 0.0, 'exit_check_s': 0.0, 'worker_elapsed_s': 4.2202998884022236e-05}, {'node': 'edge', 'executed_segments': [0, 1, 2, 3, 4, 5, 6, 7, 8, 9, 10, 11, 12, 13, 14, 15, 16, 17, 18], 'queue_s': 0.0016051000002335059, 'segment_compute_s': 0.01984550000179297, 'exit_head_compute_s': 0.0009479999989707721, 'exit_check_s': 0.0005515000011655502, 'worker_elapsed_s': 0.022599900000386697}], 'sample_id': 'balanced_001_0061_00000759', 'label': 1, 'correct': True, 'observed_utility': 0.40285183998639695}",balanced_001_0061_00000759,71,759,0.5009779930114746,9156122918710965099,0.11942963200272061,0.0027323619797243737,0
0.0,4.303600871935487e-05,0.02047760000004928,0.02047760000004928,0.07357242297803168,4.303600871935487e-05,0.09685562297818251,0.02047760000004928,0.023283200000150828,0.0014246999999159016,0.0969284730090294,0.020552699999825563,1784949717.429957,1784949716.6776245,1784949716.9276245,0.0,0.0,0.0,0.0,0.9999963045120239,0.07357242297803168,ablate-split-only-resnet50-cifar10-pi5-retry-20260725-111639:v1,1,4.303600871935487e-05,unknown,0.0,0.0005079999991721706,0.0008313999996971688,0.0014246999999159016,0.018070100002660183,"{'device': [], 'edge': [0, 1, 2, 3, 4, 5, 6, 7, 8, 9, 10, 11, 12, 13, 14, 15, 16, 17, 18]}",19,final,edge,True,2,1.0,5.0,1.0,0.0969284730090294,0.515357634954853,2,f567f83aec454c75abf7798603e9b367,72,"{'device_compute': 4.303600871935487e-05, 'd2e_transport': 0.07357242297803168, 'edge_queue': 0.0014246999999159016, 'edge_segment_compute': 0.018070100002660183, 'edge_exit_head_compute': 0.0008313999996971688, 'edge_exit_check': 0.0005079999991721706, 'e2c_transport': 0.0, 'cloud_queue': 0.0, 'cloud_segment_compute': 0.0, 'cloud_exit_head_compute': 0.0, 'cloud_exit_check': 0.0, 'total_latency': 0.0969284730090294, 'unattributed_overhead': 0.0024788140208329423, 'request_id': 'f567f83aec454c75abf7798603e9b367', 'user_id': 0, 'prediction': 2, 'exit_id': 'final', 'exit_boundary_id': 19, 'exit_location': 'edge', 'confidence': 0.9999963045120239, 'executed_segments_by_node': {'device': [], 'edge': [0, 1, 2, 3, 4, 5, 6, 7, 8, 9, 10, 11, 12, 13, 14, 15, 16, 17, 18]}, 'nodes': [{'node': 'device', 'executed_segments': [], 'queue_s': 0.0, 'segment_compute_s': 0.0, 'exit_head_compute_s': 0.0, 'exit_check_s': 0.0, 'worker_elapsed_s': 4.303600871935487e-05}, {'node': 'edge', 'executed_segments': [0, 1, 2, 3, 4, 5, 6, 7, 8, 9, 10, 11, 12, 13, 14, 15, 16, 17, 18], 'queue_s': 0.0014246999999159016, 'segment_compute_s': 0.018070100002660183, 'exit_head_compute_s': 0.0008313999996971688, 'exit_check_s': 0.0005079999991721706, 'worker_elapsed_s': 0.020552699999825563}], 'sample_id': 'balanced_002_0805_00007939', 'label': 2, 'correct': True, 'observed_utility': 0.515357634954853}",balanced_002_0805_00007939,72,7939,0.5023324489593506,9156122918710965099,0.0969284730090294,0.0024788140208329423,0
0.0,4.0906015783548355e-05,0.019720600000255217,0.019720600000255217,0.054176457999346894,4.0906015783548355e-05,0.07658415799960494,0.019720600000255217,0.022407700000258046,0.0015785999994477606,0.07665443400037475,0.01979750000009517,1784949717.5497677,1784949716.7983482,1784949717.0483482,0.0,0.0,0.0,0.0,0.9999995231628418,0.054176457999346894,ablate-split-only-resnet50-cifar10-pi5-retry-20260725-111639:v1,1,4.0906015783548355e-05,unknown,0.0,0.00041849999888654565,0.0008244999999078573,0.0015785999994477606,0.01750599999922997,"{'device': [], 'edge': [0, 1, 2, 3, 4, 5, 6, 7, 8, 9, 10, 11, 12, 13, 14, 15, 16, 17, 18]}",19,final,edge,True,9,1.0,5.0,1.0,0.07665443400037475,0.6167278299981263,9,2b96eecc5db743b5bcc4c758a9bccbfb,73,"{'device_compute': 4.0906015783548355e-05, 'd2e_transport': 0.054176457999346894, 'edge_queue': 0.0015785999994477606, 'edge_segment_compute': 0.01750599999922997, 'edge_exit_head_compute': 0.0008244999999078573, 'edge_exit_check': 0.00041849999888654565, 'e2c_transport': 0.0, 'cloud_queue': 0.0, 'cloud_segment_compute': 0.0, 'cloud_exit_head_compute': 0.0, 'cloud_exit_check': 0.0, 'total_latency': 0.07665443400037475, 'unattributed_overhead': 0.0021094699877721723, 'request_id': '2b96eecc5db743b5bcc4c758a9bccbfb', 'user_id': 0, 'prediction': 9, 'exit_id': 'final', 'exit_boundary_id': 19, 'exit_location': 'edge', 'confidence': 0.9999995231628418, 'executed_segments_by_node': {'device': [], 'edge': [0, 1, 2, 3, 4, 5, 6, 7, 8, 9, 10, 11, 12, 13, 14, 15, 16, 17, 18]}, 'nodes': [{'node': 'device', 'executed_segments': [], 'queue_s': 0.0, 'segment_compute_s': 0.0, 'exit_head_compute_s': 0.0, 'exit_check_s': 0.0, 'worker_elapsed_s': 4.0906015783548355e-05}, {'node': 'edge', 'executed_segments': [0, 1, 2, 3, 4, 5, 6, 7, 8, 9, 10, 11, 12, 13, 14, 15, 16, 17, 18], 'queue_s': 0.0015785999994477606, 'segment_compute_s': 0.01750599999922997, 'exit_head_compute_s': 0.0008244999999078573, 'exit_check_s': 0.00041849999888654565, 'worker_elapsed_s': 0.01979750000009517}], 'sample_id': 'balanced_009_0522_00005094', 'label': 9, 'correct': True, 'observed_utility': 0.6167278299981263}",balanced_009_0522_00005094,73,5094,0.5014195442199707,9156122918710965099,0.07665443400037475,0.0021094699877721723,0
0.0,3.923900658264756e-05,0.0207817000000432,0.0207817000000432,0.09549168399280461,3.923900658264756e-05,0.11926678399322554,0.0207817000000432,0.023775100000420935,0.001610699999218923,0.11933380100526847,0.020859000000200467,1784949717.6493132,1784949716.8971944,1784949717.1471944,0.0,0.0,0.0,0.0,0.9999969005584717,0.09549168399280461,ablate-split-only-resnet50-cifar10-pi5-retry-20260725-111639:v1,1,3.923900658264756e-05,unknown,0.0,0.0005636000005324604,0.0008299000000988599,0.001610699999218923,0.01846750000186148,"{'device': [], 'edge': [0, 1, 2, 3, 4, 5, 6, 7, 8, 9, 10, 11, 12, 13, 14, 15, 16, 17, 18]}",19,final,edge,True,6,1.0,5.0,1.0,0.11933380100526847,0.40333099497365765,6,7d191fb42705492daa0d3d38c13aea27,74,"{'device_compute': 3.923900658264756e-05, 'd2e_transport': 0.09549168399280461, 'edge_queue': 0.001610699999218923, 'edge_segment_compute': 0.01846750000186148, 'edge_exit_head_compute': 0.0008299000000988599, 'edge_exit_check': 0.0005636000005324604, 'e2c_transport': 0.0, 'cloud_queue': 0.0, 'cloud_segment_compute': 0.0, 'cloud_exit_head_compute': 0.0, 'cloud_exit_check': 0.0, 'total_latency': 0.11933380100526847, 'unattributed_overhead': 0.0023311780041694874, 'request_id': '7d191fb42705492daa0d3d38c13aea27', 'user_id': 0, 'prediction': 6, 'exit_id': 'final', 'exit_boundary_id': 19, 'exit_location': 'edge', 'confidence': 0.9999969005584717, 'executed_segments_by_node': {'device': [], 'edge': [0, 1, 2, 3, 4, 5, 6, 7, 8, 9, 10, 11, 12, 13, 14, 15, 16, 17, 18]}, 'nodes': [{'node': 'device', 'executed_segments': [], 'queue_s': 0.0, 'segment_compute_s': 0.0, 'exit_head_compute_s': 0.0, 'exit_check_s': 0.0, 'worker_elapsed_s': 3.923900658264756e-05}, {'node': 'edge', 'executed_segments': [0, 1, 2, 3, 4, 5, 6, 7, 8, 9, 10, 11, 12, 13, 14, 15, 16, 17, 18], 'queue_s': 0.001610699999218923, 'segment_compute_s': 0.01846750000186148, 'exit_head_compute_s': 0.0008299000000988599, 'exit_check_s': 0.0005636000005324604, 'worker_elapsed_s': 0.020859000000200467}], 'sample_id': 'balanced_006_0239_00002304', 'label': 6, 'correct': True, 'observed_utility': 0.40333099497365765}",balanced_006_0239_00002304,74,2304,0.5021188259124756,9156122918710965099,0.11933380100526847,0.0023311780041694874,0
0.0,3.912899410352111e-05,0.015974500000083935,0.015974500000083935,0.07618297000408347,3.912899410352111e-05,0.09530697000445798,0.015974500000083935,0.019124000000374508,0.0016196999995372607,0.09537394999642856,0.01607179999973596,1784949717.7886853,1784949717.0372245,1784949717.2872245,0.0,0.0,0.0,0.0,0.9999732971191406,0.07618297000408347,ablate-split-only-resnet50-cifar10-pi5-retry-20260725-111639:v1,1,3.912899410352111e-05,unknown,0.0,0.00037459999930433696,0.0006758999998055515,0.0016196999995372607,0.014027499999428983,"{'device': [], 'edge': [0, 1, 2, 3, 4, 5, 6, 7, 8, 9, 10, 11, 12, 13, 14, 15, 16, 17, 18]}",19,final,edge,True,3,1.0,5.0,1.0,0.09537394999642856,0.5231302500178572,3,83b66dad53d545c981274ba6e5fa6de3,75,"{'device_compute': 3.912899410352111e-05, 'd2e_transport': 0.07618297000408347, 'edge_queue': 0.0016196999995372607, 'edge_segment_compute': 0.014027499999428983, 'edge_exit_head_compute': 0.0006758999998055515, 'edge_exit_check': 0.00037459999930433696, 'e2c_transport': 0.0, 'cloud_queue': 0.0, 'cloud_segment_compute': 0.0, 'cloud_exit_head_compute': 0.0, 'cloud_exit_check': 0.0, 'total_latency': 0.09537394999642856, 'unattributed_overhead': 0.0024541510001654387, 'request_id': '83b66dad53d545c981274ba6e5fa6de3', 'user_id': 0, 'prediction': 3, 'exit_id': 'final', 'exit_boundary_id': 19, 'exit_location': 'edge', 'confidence': 0.9999732971191406, 'executed_segments_by_node': {'device': [], 'edge': [0, 1, 2, 3, 4, 5, 6, 7, 8, 9, 10, 11, 12, 13, 14, 15, 16, 17, 18]}, 'nodes': [{'node': 'device', 'executed_segments': [], 'queue_s': 0.0, 'segment_compute_s': 0.0, 'exit_head_compute_s': 0.0, 'exit_check_s': 0.0, 'worker_elapsed_s': 3.912899410352111e-05}, {'node': 'edge', 'executed_segments': [0, 1, 2, 3, 4, 5, 6, 7, 8, 9, 10, 11, 12, 13, 14, 15, 16, 17, 18], 'queue_s': 0.0016196999995372607, 'segment_compute_s': 0.014027499999428983, 'exit_head_compute_s': 0.0006758999998055515, 'exit_check_s': 0.00037459999930433696, 'worker_elapsed_s': 0.01607179999973596}], 'sample_id': 'balanced_003_0614_00006131', 'label': 3, 'correct': True, 'observed_utility': 0.5231302500178572}",balanced_003_0614_00006131,75,6131,0.5014607906341553,9156122918710965099,0.09537394999642856,0.0024541510001654387,0
0.0,4.512901068665087e-05,0.054479299999911746,0.054479299999911746,0.05650320498534711,4.512901068665087e-05,0.11390930498600937,0.054479299999911746,0.057406100000662263,0.0014754999992874218,0.11398580300738104,0.0545564000003651,1784949717.9394794,1784949717.1877396,1784949717.4377396,0.0,0.0,0.0,0.0,0.9999998807907104,0.05650320498534711,ablate-split-only-resnet50-cifar10-pi5-retry-20260725-111639:v1,1,4.512901068665087e-05,unknown,0.0,0.0004137999994782149,0.0017674999999144347,0.0014754999992874218,0.04830099999890081,"{'device': [], 'edge': [0, 1, 2, 3, 4, 5, 6, 7, 8, 9, 10, 11, 12, 13, 14, 15, 16, 17, 18]}",19,final,edge,True,2,1.0,5.0,1.0,0.11398580300738104,0.4300709849630948,2,c3f2794b958f45dca7177fc447c96acc,76,"{'device_compute': 4.512901068665087e-05, 'd2e_transport': 0.05650320498534711, 'edge_queue': 0.0014754999992874218, 'edge_segment_compute': 0.04830099999890081, 'edge_exit_head_compute': 0.0017674999999144347, 'edge_exit_check': 0.0004137999994782149, 'e2c_transport': 0.0, 'cloud_queue': 0.0, 'cloud_segment_compute': 0.0, 'cloud_exit_head_compute': 0.0, 'cloud_exit_check': 0.0, 'total_latency': 0.11398580300738104, 'unattributed_overhead': 0.005479669013766397, 'request_id': 'c3f2794b958f45dca7177fc447c96acc', 'user_id': 0, 'prediction': 2, 'exit_id': 'final', 'exit_boundary_id': 19, 'exit_location': 'edge', 'confidence': 0.9999998807907104, 'executed_segments_by_node': {'device': [], 'edge': [0, 1, 2, 3, 4, 5, 6, 7, 8, 9, 10, 11, 12, 13, 14, 15, 16, 17, 18]}, 'nodes': [{'node': 'device', 'executed_segments': [], 'queue_s': 0.0, 'segment_compute_s': 0.0, 'exit_head_compute_s': 0.0, 'exit_check_s': 0.0, 'worker_elapsed_s': 4.512901068665087e-05}, {'node': 'edge', 'executed_segments': [0, 1, 2, 3, 4, 5, 6, 7, 8, 9, 10, 11, 12, 13, 14, 15, 16, 17, 18], 'queue_s': 0.0014754999992874218, 'segment_compute_s': 0.04830099999890081, 'exit_head_compute_s': 0.0017674999999144347, 'exit_check_s': 0.0004137999994782149, 'worker_elapsed_s': 0.0545564000003651}], 'sample_id': 'balanced_002_0842_00008421', 'label': 2, 'correct': True, 'observed_utility': 0.4300709849630948}",balanced_002_0842_00008421,76,8421,0.5017397403717041,9156122918710965099,0.11398580300738104,0.005479669013766397,0
0.0,4.2091996874660254e-05,0.04637870000078692,0.04637870000078692,0.09988743599024019,4.2091996874660254e-05,0.14939543599030003,0.04637870000078692,0.04950800000005984,0.0015926999994917423,0.1494675269932486,0.046455100000457605,1784949718.091466,1784949717.3401237,1784949717.5901237,0.0,0.0,0.0,0.0,0.9999957084655762,0.09988743599024019,ablate-split-only-resnet50-cifar10-pi5-retry-20260725-111639:v1,1,4.2091996874660254e-05,unknown,0.0,0.0003547000005710288,0.0023566000008941046,0.0015926999994917423,0.039670699999987846,"{'device': [], 'edge': [0, 1, 2, 3, 4, 5, 6, 7, 8, 9, 10, 11, 12, 13, 14, 15, 16, 17, 18]}",19,final,edge,True,2,1.0,5.0,1.0,0.1494675269932486,0.25266236503375694,2,5ac91697cf3b4ba28f84f236fe148018,77,"{'device_compute': 4.2091996874660254e-05, 'd2e_transport': 0.09988743599024019, 'edge_queue': 0.0015926999994917423, 'edge_segment_compute': 0.039670699999987846, 'edge_exit_head_compute': 0.0023566000008941046, 'edge_exit_check': 0.0003547000005710288, 'e2c_transport': 0.0, 'cloud_queue': 0.0, 'cloud_segment_compute': 0.0, 'cloud_exit_head_compute': 0.0, 'cloud_exit_check': 0.0, 'total_latency': 0.1494675269932486, 'unattributed_overhead': 0.005563299005189037, 'request_id': '5ac91697cf3b4ba28f84f236fe148018', 'user_id': 0, 'prediction': 2, 'exit_id': 'final', 'exit_boundary_id': 19, 'exit_location': 'edge', 'confidence': 0.9999957084655762, 'executed_segments_by_node': {'device': [], 'edge': [0, 1, 2, 3, 4, 5, 6, 7, 8, 9, 10, 11, 12, 13, 14, 15, 16, 17, 18]}, 'nodes': [{'node': 'device', 'executed_segments': [], 'queue_s': 0.0, 'segment_compute_s': 0.0, 'exit_head_compute_s': 0.0, 'exit_check_s': 0.0, 'worker_elapsed_s': 4.2091996874660254e-05}, {'node': 'edge', 'executed_segments': [0, 1, 2, 3, 4, 5, 6, 7, 8, 9, 10, 11, 12, 13, 14, 15, 16, 17, 18], 'queue_s': 0.0015926999994917423, 'segment_compute_s': 0.039670699999987846, 'exit_head_compute_s': 0.0023566000008941046, 'exit_check_s': 0.0003547000005710288, 'worker_elapsed_s': 0.046455100000457605}], 'sample_id': 'balanced_002_0553_00005492', 'label': 2, 'correct': True, 'observed_utility': 0.25266236503375694}",balanced_002_0553_00005492,77,5492,0.5013422966003418,9156122918710965099,0.1494675269932486,0.005563299005189037,0
0.0,4.177697701379657e-05,0.02195930000016233,0.02195930000016233,0.08641375700699427,4.177697701379657e-05,0.11144185700686648,0.02195930000016233,0.02502809999987221,0.001540700000077777,0.11151357798371464,0.022033500000361528,1784949718.2650595,1784949717.5131788,1784949717.7631788,0.0,0.0,0.0,0.0,0.999964714050293,0.08641375700699427,ablate-split-only-resnet50-cifar10-pi5-retry-20260725-111639:v1,1,4.177697701379657e-05,unknown,0.0,0.0005324999992808443,0.0008949999992182711,0.001540700000077777,0.01935250000042288,"{'device': [], 'edge': [0, 1, 2, 3, 4, 5, 6, 7, 8, 9, 10, 11, 12, 13, 14, 15, 16, 17, 18]}",19,final,edge,True,1,1.0,5.0,1.0,0.11151357798371464,0.4424321100814268,1,63731d1272454f769f0b74b2351c2aee,78,"{'device_compute': 4.177697701379657e-05, 'd2e_transport': 0.08641375700699427, 'edge_queue': 0.001540700000077777, 'edge_segment_compute': 0.01935250000042288, 'edge_exit_head_compute': 0.0008949999992182711, 'edge_exit_check': 0.0005324999992808443, 'e2c_transport': 0.0, 'cloud_queue': 0.0, 'cloud_segment_compute': 0.0, 'cloud_exit_head_compute': 0.0, 'cloud_exit_check': 0.0, 'total_latency': 0.11151357798371464, 'unattributed_overhead': 0.0027373440007067984, 'request_id': '63731d1272454f769f0b74b2351c2aee', 'user_id': 0, 'prediction': 1, 'exit_id': 'final', 'exit_boundary_id': 19, 'exit_location': 'edge', 'confidence': 0.999964714050293, 'executed_segments_by_node': {'device': [], 'edge': [0, 1, 2, 3, 4, 5, 6, 7, 8, 9, 10, 11, 12, 13, 14, 15, 16, 17, 18]}, 'nodes': [{'node': 'device', 'executed_segments': [], 'queue_s': 0.0, 'segment_compute_s': 0.0, 'exit_head_compute_s': 0.0, 'exit_check_s': 0.0, 'worker_elapsed_s': 4.177697701379657e-05}, {'node': 'edge', 'executed_segments': [0, 1, 2, 3, 4, 5, 6, 7, 8, 9, 10, 11, 12, 13, 14, 15, 16, 17, 18], 'queue_s': 0.001540700000077777, 'segment_compute_s': 0.01935250000042288, 'exit_head_compute_s': 0.0008949999992182711, 'exit_check_s': 0.0005324999992808443, 'worker_elapsed_s': 0.022033500000361528}], 'sample_id': 'balanced_001_0499_00004973', 'label': 1, 'correct': True, 'observed_utility': 0.4424321100814268}",balanced_001_0499_00004973,78,4973,0.5018806457519531,9156122918710965099,0.11151357798371464,0.0027373440007067984,0
0.0,3.9609993109479547e-05,0.02011579999998503,0.02011579999998503,0.09564471902376681,3.9609993109479547e-05,0.11828691902337596,0.02011579999998503,0.022642199999609147,0.0013477000002239947,0.11835519399028271,0.020191499999782536,1784949718.4024801,1784949717.6479092,1784949717.8979092,0.0,0.0,0.0,0.0,1.0,0.09564471902376681,ablate-split-only-resnet50-cifar10-pi5-retry-20260725-111639:v1,1,3.9609993109479547e-05,unknown,0.0,0.00039910000032250537,0.0007691999990129261,0.0013477000002239947,0.01798169999892707,"{'device': [], 'edge': [0, 1, 2, 3, 4, 5, 6, 7, 8, 9, 10, 11, 12, 13, 14, 15, 16, 17, 18]}",19,final,edge,True,5,1.0,5.0,1.0,0.11835519399028271,0.40822403004858643,5,bf4c5eee324e40d8b14a71ad39ac6809,79,"{'device_compute': 3.9609993109479547e-05, 'd2e_transport': 0.09564471902376681, 'edge_queue': 0.0013477000002239947, 'edge_segment_compute': 0.01798169999892707, 'edge_exit_head_compute': 0.0007691999990129261, 'edge_exit_check': 0.00039910000032250537, 'e2c_transport': 0.0, 'cloud_queue': 0.0, 'cloud_segment_compute': 0.0, 'cloud_exit_head_compute': 0.0, 'cloud_exit_check': 0.0, 'total_latency': 0.11835519399028271, 'unattributed_overhead': 0.0021731649749199278, 'request_id': 'bf4c5eee324e40d8b14a71ad39ac6809', 'user_id': 0, 'prediction': 5, 'exit_id': 'final', 'exit_boundary_id': 19, 'exit_location': 'edge', 'confidence': 1.0, 'executed_segments_by_node': {'device': [], 'edge': [0, 1, 2, 3, 4, 5, 6, 7, 8, 9, 10, 11, 12, 13, 14, 15, 16, 17, 18]}, 'nodes': [{'node': 'device', 'executed_segments': [], 'queue_s': 0.0, 'segment_compute_s': 0.0, 'exit_head_compute_s': 0.0, 'exit_check_s': 0.0, 'worker_elapsed_s': 3.9609993109479547e-05}, {'node': 'edge', 'executed_segments': [0, 1, 2, 3, 4, 5, 6, 7, 8, 9, 10, 11, 12, 13, 14, 15, 16, 17, 18], 'queue_s': 0.0013477000002239947, 'segment_compute_s': 0.01798169999892707, 'exit_head_compute_s': 0.0007691999990129261, 'exit_check_s': 0.00039910000032250537, 'worker_elapsed_s': 0.020191499999782536}], 'sample_id': 'balanced_005_0911_00009146', 'label': 5, 'correct': True, 'observed_utility': 0.40822403004858643}",balanced_005_0911_00009146,79,9146,0.5045709609985352,9156122918710965099,0.11835519399028271,0.0021731649749199278,0
0.0,4.175800131633878e-05,0.01598400000057154,0.01598400000057154,0.06468072399366065,4.175800131633878e-05,0.08360762399388477,0.01598400000057154,0.018926900000224123,0.0015621000002283836,0.08367939997697249,0.016060799999650044,1784949718.5666683,1784949717.8150628,1784949718.0650628,0.0,0.0,0.0,0.0,0.9959304928779602,0.06468072399366065,ablate-split-only-resnet50-cifar10-pi5-retry-20260725-111639:v1,1,4.175800131633878e-05,unknown,0.0,0.00027599999884841964,0.0005374000002120738,0.0015621000002283836,0.014516700000058336,"{'device': [], 'edge': [0, 1, 2, 3, 4, 5, 6, 7, 8, 9, 10, 11, 12, 13, 14, 15, 16, 17, 18]}",19,final,edge,True,4,1.0,5.0,1.0,0.08367939997697249,0.5816030001151375,4,d91bde1c834b4e5db26a5e371141e073,80,"{'device_compute': 4.175800131633878e-05, 'd2e_transport': 0.06468072399366065, 'edge_queue': 0.0015621000002283836, 'edge_segment_compute': 0.014516700000058336, 'edge_exit_head_compute': 0.0005374000002120738, 'edge_exit_check': 0.00027599999884841964, 'e2c_transport': 0.0, 'cloud_queue': 0.0, 'cloud_segment_compute': 0.0, 'cloud_exit_head_compute': 0.0, 'cloud_exit_check': 0.0, 'total_latency': 0.08367939997697249, 'unattributed_overhead': 0.0020647179826482898, 'request_id': 'd91bde1c834b4e5db26a5e371141e073', 'user_id': 0, 'prediction': 4, 'exit_id': 'final', 'exit_boundary_id': 19, 'exit_location': 'edge', 'confidence': 0.9959304928779602, 'executed_segments_by_node': {'device': [], 'edge': [0, 1, 2, 3, 4, 5, 6, 7, 8, 9, 10, 11, 12, 13, 14, 15, 16, 17, 18]}, 'nodes': [{'node': 'device', 'executed_segments': [], 'queue_s': 0.0, 'segment_compute_s': 0.0, 'exit_head_compute_s': 0.0, 'exit_check_s': 0.0, 'worker_elapsed_s': 4.175800131633878e-05}, {'node': 'edge', 'executed_segments': [0, 1, 2, 3, 4, 5, 6, 7, 8, 9, 10, 11, 12, 13, 14, 15, 16, 17, 18], 'queue_s': 0.0015621000002283836, 'segment_compute_s': 0.014516700000058336, 'exit_head_compute_s': 0.0005374000002120738, 'exit_check_s': 0.00027599999884841964, 'worker_elapsed_s': 0.016060799999650044}], 'sample_id': 'balanced_004_0237_00002442', 'label': 4, 'correct': True, 'observed_utility': 0.5816030001151375}",balanced_004_0237_00002442,80,2442,0.5016055107116699,9156122918710965099,0.08367939997697249,0.0020647179826482898,0
0.0,4.24250029027462e-05,0.02435909999985597,0.02435909999985597,0.05129409898745507,4.24250029027462e-05,0.07874879898736253,0.02435909999985597,0.02745469999990746,0.0017255000002478482,0.0788225760043133,0.024452499999824795,1784949718.6742346,1784949717.922289,1784949718.172289,0.0,0.0,0.0,0.0,0.9988742470741272,0.05129409898745507,ablate-split-only-resnet50-cifar10-pi5-retry-20260725-111639:v1,1,4.24250029027462e-05,unknown,0.0,0.00044190000062371837,0.0008275000000139698,0.0017255000002478482,0.022085300000071584,"{'device': [], 'edge': [0, 1, 2, 3, 4, 5, 6, 7, 8, 9, 10, 11, 12, 13, 14, 15, 16, 17, 18]}",19,final,edge,True,4,1.0,5.0,1.0,0.0788225760043133,0.6058871199784335,4,75f2054218f143239416a020b9788635,81,"{'device_compute': 4.24250029027462e-05, 'd2e_transport': 0.05129409898745507, 'edge_queue': 0.0017255000002478482, 'edge_segment_compute': 0.022085300000071584, 'edge_exit_head_compute': 0.0008275000000139698, 'edge_exit_check': 0.00044190000062371837, 'e2c_transport': 0.0, 'cloud_queue': 0.0, 'cloud_segment_compute': 0.0, 'cloud_exit_head_compute': 0.0, 'cloud_exit_check': 0.0, 'total_latency': 0.0788225760043133, 'unattributed_overhead': 0.0024058520129983663, 'request_id': '75f2054218f143239416a020b9788635', 'user_id': 0, 'prediction': 4, 'exit_id': 'final', 'exit_boundary_id': 19, 'exit_location': 'edge', 'confidence': 0.9988742470741272, 'executed_segments_by_node': {'device': [], 'edge': [0, 1, 2, 3, 4, 5, 6, 7, 8, 9, 10, 11, 12, 13, 14, 15, 16, 17, 18]}, 'nodes': [{'node': 'device', 'executed_segments': [], 'queue_s': 0.0, 'segment_compute_s': 0.0, 'exit_head_compute_s': 0.0, 'exit_check_s': 0.0, 'worker_elapsed_s': 4.24250029027462e-05}, {'node': 'edge', 'executed_segments': [0, 1, 2, 3, 4, 5, 6, 7, 8, 9, 10, 11, 12, 13, 14, 15, 16, 17, 18], 'queue_s': 0.0017255000002478482, 'segment_compute_s': 0.022085300000071584, 'exit_head_compute_s': 0.0008275000000139698, 'exit_check_s': 0.00044190000062371837, 'worker_elapsed_s': 0.024452499999824795}], 'sample_id': 'balanced_004_0779_00007482', 'label': 4, 'correct': True, 'observed_utility': 0.6058871199784335}",balanced_004_0779_00007482,81,7482,0.5019457340240479,9156122918710965099,0.0788225760043133,0.0024058520129983663,0
0.0,4.3073989218100905e-05,0.020984799999496317,0.020984799999496317,0.10012366500541248,4.3073989218100905e-05,0.12384026500512846,0.020984799999496317,0.02371659999971598,0.001713200000267534,0.12391222699079663,0.02105909999954747,1784949718.7750204,1784949718.023277,1784949718.273277,0.0,0.0,0.0,0.0,0.9999768733978271,0.10012366500541248,ablate-split-only-resnet50-cifar10-pi5-retry-20260725-111639:v1,1,4.3073989218100905e-05,unknown,0.0,0.0004670000016631093,0.0009129000018219813,0.001713200000267534,0.01859630000217294,"{'device': [], 'edge': [0, 1, 2, 3, 4, 5, 6, 7, 8, 9, 10, 11, 12, 13, 14, 15, 16, 17, 18]}",19,final,edge,True,9,1.0,5.0,1.0,0.12391222699079663,0.38043886504601687,9,98570c9601054362909f7a9c72fb6a4e,82,"{'device_compute': 4.3073989218100905e-05, 'd2e_transport': 0.10012366500541248, 'edge_queue': 0.001713200000267534, 'edge_segment_compute': 0.01859630000217294, 'edge_exit_head_compute': 0.0009129000018219813, 'edge_exit_check': 0.0004670000016631093, 'e2c_transport': 0.0, 'cloud_queue': 0.0, 'cloud_segment_compute': 0.0, 'cloud_exit_head_compute': 0.0, 'cloud_exit_check': 0.0, 'total_latency': 0.12391222699079663, 'unattributed_overhead': 0.002056087990240485, 'request_id': '98570c9601054362909f7a9c72fb6a4e', 'user_id': 0, 'prediction': 9, 'exit_id': 'final', 'exit_boundary_id': 19, 'exit_location': 'edge', 'confidence': 0.9999768733978271, 'executed_segments_by_node': {'device': [], 'edge': [0, 1, 2, 3, 4, 5, 6, 7, 8, 9, 10, 11, 12, 13, 14, 15, 16, 17, 18]}, 'nodes': [{'node': 'device', 'executed_segments': [], 'queue_s': 0.0, 'segment_compute_s': 0.0, 'exit_head_compute_s': 0.0, 'exit_check_s': 0.0, 'worker_elapsed_s': 4.3073989218100905e-05}, {'node': 'edge', 'executed_segments': [0, 1, 2, 3, 4, 5, 6, 7, 8, 9, 10, 11, 12, 13, 14, 15, 16, 17, 18], 'queue_s': 0.001713200000267534, 'segment_compute_s': 0.01859630000217294, 'exit_head_compute_s': 0.0009129000018219813, 'exit_check_s': 0.0004670000016631093, 'worker_elapsed_s': 0.02105909999954747}], 'sample_id': 'balanced_009_0948_00009516', 'label': 9, 'correct': True, 'observed_utility': 0.38043886504601687}",balanced_009_0948_00009516,82,9516,0.5017433166503906,9156122918710965099,0.12391222699079663,0.002056087990240485,0
0.0,4.790601087734103e-05,0.048893799999859766,0.048893799999859766,0.11294661501869996,4.790601087734103e-05,0.16520551501889713,0.048893799999859766,0.05225890000019717,0.0018948999995700433,0.1652856430155225,0.04897060000075726,1784949718.9218729,1784949718.169669,1784949718.419669,0.0,0.0,0.0,0.0,0.9999955892562866,0.11294661501869996,ablate-split-only-resnet50-cifar10-pi5-retry-20260725-111639:v1,1,4.790601087734103e-05,unknown,0.0,0.0003293999980087392,0.0015245999984472292,0.0018948999995700433,0.041435099998125224,"{'device': [], 'edge': [0, 1, 2, 3, 4, 5, 6, 7, 8, 9, 10, 11, 12, 13, 14, 15, 16, 17, 18]}",19,final,edge,True,6,1.0,5.0,1.0,0.1652856430155225,0.17357178492238745,6,6c8886e35a7c446e86b7693229af1e1b,83,"{'device_compute': 4.790601087734103e-05, 'd2e_transport': 0.11294661501869996, 'edge_queue': 0.0018948999995700433, 'edge_segment_compute': 0.041435099998125224, 'edge_exit_head_compute': 0.0015245999984472292, 'edge_exit_check': 0.0003293999980087392, 'e2c_transport': 0.0, 'cloud_queue': 0.0, 'cloud_segment_compute': 0.0, 'cloud_exit_head_compute': 0.0, 'cloud_exit_check': 0.0, 'total_latency': 0.1652856430155225, 'unattributed_overhead': 0.007107121991793974, 'request_id': '6c8886e35a7c446e86b7693229af1e1b', 'user_id': 0, 'prediction': 6, 'exit_id': 'final', 'exit_boundary_id': 19, 'exit_location': 'edge', 'confidence': 0.9999955892562866, 'executed_segments_by_node': {'device': [], 'edge': [0, 1, 2, 3, 4, 5, 6, 7, 8, 9, 10, 11, 12, 13, 14, 15, 16, 17, 18]}, 'nodes': [{'node': 'device', 'executed_segments': [], 'queue_s': 0.0, 'segment_compute_s': 0.0, 'exit_head_compute_s': 0.0, 'exit_check_s': 0.0, 'worker_elapsed_s': 4.790601087734103e-05}, {'node': 'edge', 'executed_segments': [0, 1, 2, 3, 4, 5, 6, 7, 8, 9, 10, 11, 12, 13, 14, 15, 16, 17, 18], 'queue_s': 0.0018948999995700433, 'segment_compute_s': 0.041435099998125224, 'exit_head_compute_s': 0.0015245999984472292, 'exit_check_s': 0.0003293999980087392, 'worker_elapsed_s': 0.04897060000075726}], 'sample_id': 'balanced_006_0739_00007479', 'label': 6, 'correct': True, 'observed_utility': 0.17357178492238745}",balanced_006_0739_00007479,83,7479,0.5022039413452148,9156122918710965099,0.1652856430155225,0.007107121991793974,0
0.0,4.262899165041745e-05,0.01101849999940896,0.01101849999940896,0.08813714800635353,4.262899165041745e-05,0.10158354800660163,0.01101849999940896,0.013446400000248104,0.0012064000002283137,0.1016554539965,0.011071699999774864,1784949719.1128933,1784949718.361295,1784949718.611295,0.0,0.0,0.0,0.0,0.9999778270721436,0.08813714800635353,ablate-split-only-resnet50-cifar10-pi5-retry-20260725-111639:v1,1,4.262899165041745e-05,unknown,0.0,0.0002893999999287189,0.0005064999995738617,0.0012064000002283137,0.009633800002120552,"{'device': [], 'edge': [0, 1, 2, 3, 4, 5, 6, 7, 8, 9, 10, 11, 12, 13, 14, 15, 16, 17, 18]}",19,final,edge,True,8,1.0,5.0,1.0,0.1016554539965,0.4917227300175,8,f9403db64cd8468abfb60139415aae03,84,"{'device_compute': 4.262899165041745e-05, 'd2e_transport': 0.08813714800635353, 'edge_queue': 0.0012064000002283137, 'edge_segment_compute': 0.009633800002120552, 'edge_exit_head_compute': 0.0005064999995738617, 'edge_exit_check': 0.0002893999999287189, 'e2c_transport': 0.0, 'cloud_queue': 0.0, 'cloud_segment_compute': 0.0, 'cloud_exit_head_compute': 0.0, 'cloud_exit_check': 0.0, 'total_latency': 0.1016554539965, 'unattributed_overhead': 0.0018395769966446096, 'request_id': 'f9403db64cd8468abfb60139415aae03', 'user_id': 0, 'prediction': 8, 'exit_id': 'final', 'exit_boundary_id': 19, 'exit_location': 'edge', 'confidence': 0.9999778270721436, 'executed_segments_by_node': {'device': [], 'edge': [0, 1, 2, 3, 4, 5, 6, 7, 8, 9, 10, 11, 12, 13, 14, 15, 16, 17, 18]}, 'nodes': [{'node': 'device', 'executed_segments': [], 'queue_s': 0.0, 'segment_compute_s': 0.0, 'exit_head_compute_s': 0.0, 'exit_check_s': 0.0, 'worker_elapsed_s': 4.262899165041745e-05}, {'node': 'edge', 'executed_segments': [0, 1, 2, 3, 4, 5, 6, 7, 8, 9, 10, 11, 12, 13, 14, 15, 16, 17, 18], 'queue_s': 0.0012064000002283137, 'segment_compute_s': 0.009633800002120552, 'exit_head_compute_s': 0.0005064999995738617, 'exit_check_s': 0.0002893999999287189, 'worker_elapsed_s': 0.011071699999774864}], 'sample_id': 'balanced_008_0285_00002644', 'label': 8, 'correct': True, 'observed_utility': 0.4917227300175}",balanced_008_0285_00002644,84,2644,0.5015983581542969,9156122918710965099,0.1016554539965,0.0018395769966446096,0
0.0,4.1646999306976795e-05,0.01889240000036807,0.01889240000036807,0.10500890800085472,4.1646999306976795e-05,0.1268954080005642,0.01889240000036807,0.021886499999709486,0.0016033000001698383,0.1269667400047183,0.01896969999961584,1784949719.2422268,1784949718.4871526,1784949718.7371526,0.0,0.0,0.0,0.0,0.9999938011169434,0.10500890800085472,ablate-split-only-resnet50-cifar10-pi5-retry-20260725-111639:v1,1,4.1646999306976795e-05,unknown,0.0,0.00048319999950763304,0.0006739999998899293,0.0016033000001698383,0.016884199998457916,"{'device': [], 'edge': [0, 1, 2, 3, 4, 5, 6, 7, 8, 9, 10, 11, 12, 13, 14, 15, 16, 17, 18]}",19,final,edge,True,9,1.0,5.0,1.0,0.1269667400047183,0.3651662999764085,9,fa2c3ef87df940f98afdd3a3a221c27b,85,"{'device_compute': 4.1646999306976795e-05, 'd2e_transport': 0.10500890800085472, 'edge_queue': 0.0016033000001698383, 'edge_segment_compute': 0.016884199998457916, 'edge_exit_head_compute': 0.0006739999998899293, 'edge_exit_check': 0.00048319999950763304, 'e2c_transport': 0.0, 'cloud_queue': 0.0, 'cloud_segment_compute': 0.0, 'cloud_exit_head_compute': 0.0, 'cloud_exit_check': 0.0, 'total_latency': 0.1269667400047183, 'unattributed_overhead': 0.002271485006531293, 'request_id': 'fa2c3ef87df940f98afdd3a3a221c27b', 'user_id': 0, 'prediction': 9, 'exit_id': 'final', 'exit_boundary_id': 19, 'exit_location': 'edge', 'confidence': 0.9999938011169434, 'executed_segments_by_node': {'device': [], 'edge': [0, 1, 2, 3, 4, 5, 6, 7, 8, 9, 10, 11, 12, 13, 14, 15, 16, 17, 18]}, 'nodes': [{'node': 'device', 'executed_segments': [], 'queue_s': 0.0, 'segment_compute_s': 0.0, 'exit_head_compute_s': 0.0, 'exit_check_s': 0.0, 'worker_elapsed_s': 4.1646999306976795e-05}, {'node': 'edge', 'executed_segments': [0, 1, 2, 3, 4, 5, 6, 7, 8, 9, 10, 11, 12, 13, 14, 15, 16, 17, 18], 'queue_s': 0.0016033000001698383, 'segment_compute_s': 0.016884199998457916, 'exit_head_compute_s': 0.0006739999998899293, 'exit_check_s': 0.00048319999950763304, 'worker_elapsed_s': 0.01896969999961584}], 'sample_id': 'balanced_009_0800_00008068', 'label': 9, 'correct': True, 'observed_utility': 0.3651662999764085}",balanced_009_0800_00008068,85,8068,0.5050742626190186,9156122918710965099,0.1269667400047183,0.002271485006531293,0
0.0,4.157298826612532e-05,0.021165000000110012,0.021165000000110012,0.09903302500788413,4.157298826612532e-05,0.12309002500842325,0.021165000000110012,0.02405700000053912,0.0016415000000051805,0.12316113398992456,0.021241200000076788,1784949719.3947964,1784949718.6393309,1784949718.8893309,0.0,0.0,0.0,0.0,0.9999873638153076,0.09903302500788413,ablate-split-only-resnet50-cifar10-pi5-retry-20260725-111639:v1,1,4.157298826612532e-05,unknown,0.0,0.000471599999400496,0.0009206999993693898,0.0016415000000051805,0.01866669999981241,"{'device': [], 'edge': [0, 1, 2, 3, 4, 5, 6, 7, 8, 9, 10, 11, 12, 13, 14, 15, 16, 17, 18]}",19,final,edge,True,9,1.0,5.0,1.0,0.12316113398992456,0.3841943300503772,9,c453432a92654616b882fcf66fb27d93,86,"{'device_compute': 4.157298826612532e-05, 'd2e_transport': 0.09903302500788413, 'edge_queue': 0.0016415000000051805, 'edge_segment_compute': 0.01866669999981241, 'edge_exit_head_compute': 0.0009206999993693898, 'edge_exit_check': 0.000471599999400496, 'e2c_transport': 0.0, 'cloud_queue': 0.0, 'cloud_segment_compute': 0.0, 'cloud_exit_head_compute': 0.0, 'cloud_exit_check': 0.0, 'total_latency': 0.12316113398992456, 'unattributed_overhead': 0.0023860359951868304, 'request_id': 'c453432a92654616b882fcf66fb27d93', 'user_id': 0, 'prediction': 9, 'exit_id': 'final', 'exit_boundary_id': 19, 'exit_location': 'edge', 'confidence': 0.9999873638153076, 'executed_segments_by_node': {'device': [], 'edge': [0, 1, 2, 3, 4, 5, 6, 7, 8, 9, 10, 11, 12, 13, 14, 15, 16, 17, 18]}, 'nodes': [{'node': 'device', 'executed_segments': [], 'queue_s': 0.0, 'segment_compute_s': 0.0, 'exit_head_compute_s': 0.0, 'exit_check_s': 0.0, 'worker_elapsed_s': 4.157298826612532e-05}, {'node': 'edge', 'executed_segments': [0, 1, 2, 3, 4, 5, 6, 7, 8, 9, 10, 11, 12, 13, 14, 15, 16, 17, 18], 'queue_s': 0.0016415000000051805, 'segment_compute_s': 0.01866669999981241, 'exit_head_compute_s': 0.0009206999993693898, 'exit_check_s': 0.000471599999400496, 'worker_elapsed_s': 0.021241200000076788}], 'sample_id': 'balanced_009_0158_00001582', 'label': 9, 'correct': True, 'observed_utility': 0.3841943300503772}",balanced_009_0158_00001582,86,1582,0.5054655075073242,9156122918710965099,0.12316113398992456,0.0023860359951868304,0
0.0,4.0220998926088214e-05,0.023425999999744818,0.023425999999744818,0.10877284299203893,4.0220998926088214e-05,0.13540084299165756,0.023425999999744818,0.026627999999618623,0.0015592999998261803,0.13547102501615882,0.0235065000006216,1784949719.5390139,1784949718.7878082,1784949719.0378082,0.0,0.0,0.0,0.0,0.9981738328933716,0.10877284299203893,ablate-split-only-resnet50-cifar10-pi5-retry-20260725-111639:v1,1,4.0220998926088214e-05,unknown,0.0,0.0005860000010216027,0.0010758999987956486,0.0015592999998261803,0.020488799998929608,"{'device': [], 'edge': [0, 1, 2, 3, 4, 5, 6, 7, 8, 9, 10, 11, 12, 13, 14, 15, 16, 17, 18]}",19,final,edge,True,3,1.0,5.0,1.0,0.13547102501615882,0.3226448749192059,3,305e5041c1a5419db41b4b1d584620bf,87,"{'device_compute': 4.0220998926088214e-05, 'd2e_transport': 0.10877284299203893, 'edge_queue': 0.0015592999998261803, 'edge_segment_compute': 0.020488799998929608, 'edge_exit_head_compute': 0.0010758999987956486, 'edge_exit_check': 0.0005860000010216027, 'e2c_transport': 0.0, 'cloud_queue': 0.0, 'cloud_segment_compute': 0.0, 'cloud_exit_head_compute': 0.0, 'cloud_exit_check': 0.0, 'total_latency': 0.13547102501615882, 'unattributed_overhead': 0.00294796102662076, 'request_id': '305e5041c1a5419db41b4b1d584620bf', 'user_id': 0, 'prediction': 3, 'exit_id': 'final', 'exit_boundary_id': 19, 'exit_location': 'edge', 'confidence': 0.9981738328933716, 'executed_segments_by_node': {'device': [], 'edge': [0, 1, 2, 3, 4, 5, 6, 7, 8, 9, 10, 11, 12, 13, 14, 15, 16, 17, 18]}, 'nodes': [{'node': 'device', 'executed_segments': [], 'queue_s': 0.0, 'segment_compute_s': 0.0, 'exit_head_compute_s': 0.0, 'exit_check_s': 0.0, 'worker_elapsed_s': 4.0220998926088214e-05}, {'node': 'edge', 'executed_segments': [0, 1, 2, 3, 4, 5, 6, 7, 8, 9, 10, 11, 12, 13, 14, 15, 16, 17, 18], 'queue_s': 0.0015592999998261803, 'segment_compute_s': 0.020488799998929608, 'exit_head_compute_s': 0.0010758999987956486, 'exit_check_s': 0.0005860000010216027, 'worker_elapsed_s': 0.0235065000006216}], 'sample_id': 'balanced_003_0988_00009901', 'label': 3, 'correct': True, 'observed_utility': 0.3226448749192059}",balanced_003_0988_00009901,87,9901,0.5012056827545166,9156122918710965099,0.13547102501615882,0.00294796102662076,0
0.0,4.231400089338422e-05,0.01822230000016134,0.01822230000016134,0.10297674800040113,4.231400089338422e-05,0.12376654800027609,0.01822230000016134,0.02078979999987496,0.0012126000001444481,0.12383867602329701,0.018276800000421645,1784949719.707275,1784949718.945356,1784949719.195356,0.0,0.0,0.0,0.0,0.9999260902404785,0.10297674800040113,ablate-split-only-resnet50-cifar10-pi5-retry-20260725-111639:v1,1,4.231400089338422e-05,unknown,0.0,0.00046459999975922983,0.0006892000001244014,0.0012126000001444481,0.01628299999720184,"{'device': [], 'edge': [0, 1, 2, 3, 4, 5, 6, 7, 8, 9, 10, 11, 12, 13, 14, 15, 16, 17, 18]}",19,final,edge,True,0,1.0,5.0,1.0,0.12383867602329701,0.38080661988351494,0,a5379404bca249a8b83b927ecd3f8497,88,"{'device_compute': 4.231400089338422e-05, 'd2e_transport': 0.10297674800040113, 'edge_queue': 0.0012126000001444481, 'edge_segment_compute': 0.01628299999720184, 'edge_exit_head_compute': 0.0006892000001244014, 'edge_exit_check': 0.00046459999975922983, 'e2c_transport': 0.0, 'cloud_queue': 0.0, 'cloud_segment_compute': 0.0, 'cloud_exit_head_compute': 0.0, 'cloud_exit_check': 0.0, 'total_latency': 0.12383867602329701, 'unattributed_overhead': 0.0021702140247725765, 'request_id': 'a5379404bca249a8b83b927ecd3f8497', 'user_id': 0, 'prediction': 0, 'exit_id': 'final', 'exit_boundary_id': 19, 'exit_location': 'edge', 'confidence': 0.9999260902404785, 'executed_segments_by_node': {'device': [], 'edge': [0, 1, 2, 3, 4, 5, 6, 7, 8, 9, 10, 11, 12, 13, 14, 15, 16, 17, 18]}, 'nodes': [{'node': 'device', 'executed_segments': [], 'queue_s': 0.0, 'segment_compute_s': 0.0, 'exit_head_compute_s': 0.0, 'exit_check_s': 0.0, 'worker_elapsed_s': 4.231400089338422e-05}, {'node': 'edge', 'executed_segments': [0, 1, 2, 3, 4, 5, 6, 7, 8, 9, 10, 11, 12, 13, 14, 15, 16, 17, 18], 'queue_s': 0.0012126000001444481, 'segment_compute_s': 0.01628299999720184, 'exit_head_compute_s': 0.0006892000001244014, 'exit_check_s': 0.00046459999975922983, 'worker_elapsed_s': 0.018276800000421645}], 'sample_id': 'balanced_000_0339_00003426', 'label': 0, 'correct': True, 'observed_utility': 0.38080661988351494}",balanced_000_0339_00003426,88,3426,0.5119190216064453,9156122918710965099,0.12383867602329701,0.0021702140247725765,0
0.0,4.5720982598140836e-05,0.0118798000003153,0.0118798000003153,0.08586292301151843,4.5720982598140836e-05,0.10062862301128916,0.0118798000003153,0.014765699999770732,0.0016728999999031657,0.10070636199088767,0.011950400000387162,1784949719.8808804,1784949719.105413,1784949719.355413,0.0,0.0,0.0,0.0,0.9999676942825317,0.08586292301151843,ablate-split-only-resnet50-cifar10-pi5-retry-20260725-111639:v1,1,4.5720982598140836e-05,unknown,0.0,0.000260399999206129,0.00047960000028979266,0.0016728999999031657,0.010521700002755097,"{'device': [], 'edge': [0, 1, 2, 3, 4, 5, 6, 7, 8, 9, 10, 11, 12, 13, 14, 15, 16, 17, 18]}",19,final,edge,True,0,1.0,5.0,1.0,0.10070636199088767,0.49646819004556164,0,89f578ac500e4375b47e16c67886f726,89,"{'device_compute': 4.5720982598140836e-05, 'd2e_transport': 0.08586292301151843, 'edge_queue': 0.0016728999999031657, 'edge_segment_compute': 0.010521700002755097, 'edge_exit_head_compute': 0.00047960000028979266, 'edge_exit_check': 0.000260399999206129, 'e2c_transport': 0.0, 'cloud_queue': 0.0, 'cloud_segment_compute': 0.0, 'cloud_exit_head_compute': 0.0, 'cloud_exit_check': 0.0, 'total_latency': 0.10070636199088767, 'unattributed_overhead': 0.001863117994616914, 'request_id': '89f578ac500e4375b47e16c67886f726', 'user_id': 0, 'prediction': 0, 'exit_id': 'final', 'exit_boundary_id': 19, 'exit_location': 'edge', 'confidence': 0.9999676942825317, 'executed_segments_by_node': {'device': [], 'edge': [0, 1, 2, 3, 4, 5, 6, 7, 8, 9, 10, 11, 12, 13, 14, 15, 16, 17, 18]}, 'nodes': [{'node': 'device', 'executed_segments': [], 'queue_s': 0.0, 'segment_compute_s': 0.0, 'exit_head_compute_s': 0.0, 'exit_check_s': 0.0, 'worker_elapsed_s': 4.5720982598140836e-05}, {'node': 'edge', 'executed_segments': [0, 1, 2, 3, 4, 5, 6, 7, 8, 9, 10, 11, 12, 13, 14, 15, 16, 17, 18], 'queue_s': 0.0016728999999031657, 'segment_compute_s': 0.010521700002755097, 'exit_head_compute_s': 0.00047960000028979266, 'exit_check_s': 0.000260399999206129, 'worker_elapsed_s': 0.011950400000387162}], 'sample_id': 'balanced_000_0311_00003117', 'label': 0, 'correct': True, 'observed_utility': 0.49646819004556164}",balanced_000_0311_00003117,89,3117,0.5254673957824707,9156122918710965099,0.10070636199088767,0.001863117994616914,0
0.0,3.947998629882932e-05,0.02223709999998391,0.02223709999998391,0.09763852602281986,3.947998629882932e-05,0.12303982602315955,0.02223709999998391,0.02540130000033969,0.0017347000002700952,0.12310741600231268,0.02231649999976071,1784949720.0106285,1784949719.2594335,1784949719.5094335,0.0,0.0,0.0,0.0,0.9965493679046631,0.09763852602281986,ablate-split-only-resnet50-cifar10-pi5-retry-20260725-111639:v1,1,3.947998629882932e-05,unknown,0.0,0.0005288999991535093,0.0009215000000040163,0.0017347000002700952,0.019640999997136532,"{'device': [], 'edge': [0, 1, 2, 3, 4, 5, 6, 7, 8, 9, 10, 11, 12, 13, 14, 15, 16, 17, 18]}",19,final,edge,True,0,1.0,5.0,1.0,0.12310741600231268,0.3844629199884366,0,47bd32e86ed8494aa57d1b8b7949f524,90,"{'device_compute': 3.947998629882932e-05, 'd2e_transport': 0.09763852602281986, 'edge_queue': 0.0017347000002700952, 'edge_segment_compute': 0.019640999997136532, 'edge_exit_head_compute': 0.0009215000000040163, 'edge_exit_check': 0.0005288999991535093, 'e2c_transport': 0.0, 'cloud_queue': 0.0, 'cloud_segment_compute': 0.0, 'cloud_exit_head_compute': 0.0, 'cloud_exit_check': 0.0, 'total_latency': 0.12310741600231268, 'unattributed_overhead': 0.0026033099966298323, 'request_id': '47bd32e86ed8494aa57d1b8b7949f524', 'user_id': 0, 'prediction': 0, 'exit_id': 'final', 'exit_boundary_id': 19, 'exit_location': 'edge', 'confidence': 0.9965493679046631, 'executed_segments_by_node': {'device': [], 'edge': [0, 1, 2, 3, 4, 5, 6, 7, 8, 9, 10, 11, 12, 13, 14, 15, 16, 17, 18]}, 'nodes': [{'node': 'device', 'executed_segments': [], 'queue_s': 0.0, 'segment_compute_s': 0.0, 'exit_head_compute_s': 0.0, 'exit_check_s': 0.0, 'worker_elapsed_s': 3.947998629882932e-05}, {'node': 'edge', 'executed_segments': [0, 1, 2, 3, 4, 5, 6, 7, 8, 9, 10, 11, 12, 13, 14, 15, 16, 17, 18], 'queue_s': 0.0017347000002700952, 'segment_compute_s': 0.019640999997136532, 'exit_head_compute_s': 0.0009215000000040163, 'exit_check_s': 0.0005288999991535093, 'worker_elapsed_s': 0.02231649999976071}], 'sample_id': 'balanced_000_0632_00006355', 'label': 0, 'correct': True, 'observed_utility': 0.3844629199884366}",balanced_000_0632_00006355,90,6355,0.501194953918457,9156122918710965099,0.12310741600231268,0.0026033099966298323,0
0.0,4.127700231038034e-05,0.01778070000000298,0.01778070000000298,0.11646977001782943,4.127700231038034e-05,0.13726077001774684,0.01778070000000298,0.020790999999917403,0.0015994000004866393,0.13733052698080428,0.017855999999483174,1784949720.1544046,1784949719.4032786,1784949719.6532786,0.0,0.0,0.0,0.0,0.8835204839706421,0.11646977001782943,ablate-split-only-resnet50-cifar10-pi5-retry-20260725-111639:v1,1,4.127700231038034e-05,unknown,0.0,0.0005754000012530014,0.0006916000002092915,0.0015994000004866393,0.015636100000847364,"{'device': [], 'edge': [0, 1, 2, 3, 4, 5, 6, 7, 8, 9, 10, 11, 12, 13, 14, 15, 16, 17, 18]}",19,final,edge,True,4,1.0,5.0,1.0,0.13733052698080428,0.3133473650959786,4,aecf587be9804ba8ab2968eb5a07adbd,91,"{'device_compute': 4.127700231038034e-05, 'd2e_transport': 0.11646977001782943, 'edge_queue': 0.0015994000004866393, 'edge_segment_compute': 0.015636100000847364, 'edge_exit_head_compute': 0.0006916000002092915, 'edge_exit_check': 0.0005754000012530014, 'e2c_transport': 0.0, 'cloud_queue': 0.0, 'cloud_segment_compute': 0.0, 'cloud_exit_head_compute': 0.0, 'cloud_exit_check': 0.0, 'total_latency': 0.13733052698080428, 'unattributed_overhead': 0.0023169799578681705, 'request_id': 'aecf587be9804ba8ab2968eb5a07adbd', 'user_id': 0, 'prediction': 4, 'exit_id': 'final', 'exit_boundary_id': 19, 'exit_location': 'edge', 'confidence': 0.8835204839706421, 'executed_segments_by_node': {'device': [], 'edge': [0, 1, 2, 3, 4, 5, 6, 7, 8, 9, 10, 11, 12, 13, 14, 15, 16, 17, 18]}, 'nodes': [{'node': 'device', 'executed_segments': [], 'queue_s': 0.0, 'segment_compute_s': 0.0, 'exit_head_compute_s': 0.0, 'exit_check_s': 0.0, 'worker_elapsed_s': 4.127700231038034e-05}, {'node': 'edge', 'executed_segments': [0, 1, 2, 3, 4, 5, 6, 7, 8, 9, 10, 11, 12, 13, 14, 15, 16, 17, 18], 'queue_s': 0.0015994000004866393, 'segment_compute_s': 0.015636100000847364, 'exit_head_compute_s': 0.0006916000002092915, 'exit_check_s': 0.0005754000012530014, 'worker_elapsed_s': 0.017855999999483174}], 'sample_id': 'balanced_004_0536_00005266', 'label': 4, 'correct': True, 'observed_utility': 0.3133473650959786}",balanced_004_0536_00005266,91,5266,0.5011260509490967,9156122918710965099,0.13733052698080428,0.0023169799578681705,0
0.0,4.2740022763609886e-05,0.016315400000166846,0.016315400000166846,0.05639015602446307,4.2740022763609886e-05,0.07535785602522083,0.016315400000166846,0.01896770000075776,0.001534199999696284,0.07543142800568603,0.016393199999583885,1784949720.3172858,1784949719.562827,1784949719.812827,0.0,0.0,0.0,0.0,0.9992921352386475,0.05639015602446307,ablate-split-only-resnet50-cifar10-pi5-retry-20260725-111639:v1,1,4.2740022763609886e-05,unknown,0.0,0.00034580000101414043,0.0007222000003821449,0.001534199999696284,0.014204200004314771,"{'device': [], 'edge': [0, 1, 2, 3, 4, 5, 6, 7, 8, 9, 10, 11, 12, 13, 14, 15, 16, 17, 18]}",19,final,edge,True,3,1.0,5.0,1.0,0.07543142800568603,0.6228428599715699,3,bd125931e8de4745bf9cd07f6fe3a523,92,"{'device_compute': 4.2740022763609886e-05, 'd2e_transport': 0.05639015602446307, 'edge_queue': 0.001534199999696284, 'edge_segment_compute': 0.014204200004314771, 'edge_exit_head_compute': 0.0007222000003821449, 'edge_exit_check': 0.00034580000101414043, 'e2c_transport': 0.0, 'cloud_queue': 0.0, 'cloud_segment_compute': 0.0, 'cloud_exit_head_compute': 0.0, 'cloud_exit_check': 0.0, 'total_latency': 0.07543142800568603, 'unattributed_overhead': 0.0021921319530520122, 'request_id': 'bd125931e8de4745bf9cd07f6fe3a523', 'user_id': 0, 'prediction': 3, 'exit_id': 'final', 'exit_boundary_id': 19, 'exit_location': 'edge', 'confidence': 0.9992921352386475, 'executed_segments_by_node': {'device': [], 'edge': [0, 1, 2, 3, 4, 5, 6, 7, 8, 9, 10, 11, 12, 13, 14, 15, 16, 17, 18]}, 'nodes': [{'node': 'device', 'executed_segments': [], 'queue_s': 0.0, 'segment_compute_s': 0.0, 'exit_head_compute_s': 0.0, 'exit_check_s': 0.0, 'worker_elapsed_s': 4.2740022763609886e-05}, {'node': 'edge', 'executed_segments': [0, 1, 2, 3, 4, 5, 6, 7, 8, 9, 10, 11, 12, 13, 14, 15, 16, 17, 18], 'queue_s': 0.001534199999696284, 'segment_compute_s': 0.014204200004314771, 'exit_head_compute_s': 0.0007222000003821449, 'exit_check_s': 0.00034580000101414043, 'worker_elapsed_s': 0.016393199999583885}], 'sample_id': 'balanced_003_0797_00007962', 'label': 3, 'correct': True, 'observed_utility': 0.6228428599715699}",balanced_003_0797_00007962,92,7962,0.5044586658477783,9156122918710965099,0.07543142800568603,0.0021921319530520122,0
0.0,3.955498686991632e-05,0.011625699999967765,0.011625699999967765,0.06676497901207767,3.955498686991632e-05,0.08083427901146933,0.011625699999967765,0.01406929999939166,0.001459699999941222,0.08090342598734424,0.011700500000188185,1784949720.413665,1784949719.6620455,1784949719.9120455,0.0,0.0,0.0,0.0,0.9999823570251465,0.06676497901207767,ablate-split-only-resnet50-cifar10-pi5-retry-20260725-111639:v1,1,3.955498686991632e-05,unknown,0.0,0.000286299999061157,0.0005101999995531514,0.001459699999941222,0.010166400000343856,"{'device': [], 'edge': [0, 1, 2, 3, 4, 5, 6, 7, 8, 9, 10, 11, 12, 13, 14, 15, 16, 17, 18]}",19,final,edge,True,8,1.0,5.0,1.0,0.08090342598734424,0.5954828700632788,8,a443e086c97f496e8eb570b946ee5902,93,"{'device_compute': 3.955498686991632e-05, 'd2e_transport': 0.06676497901207767, 'edge_queue': 0.001459699999941222, 'edge_segment_compute': 0.010166400000343856, 'edge_exit_head_compute': 0.0005101999995531514, 'edge_exit_check': 0.000286299999061157, 'e2c_transport': 0.0, 'cloud_queue': 0.0, 'cloud_segment_compute': 0.0, 'cloud_exit_head_compute': 0.0, 'cloud_exit_check': 0.0, 'total_latency': 0.08090342598734424, 'unattributed_overhead': 0.0016762919894972583, 'request_id': 'a443e086c97f496e8eb570b946ee5902', 'user_id': 0, 'prediction': 8, 'exit_id': 'final', 'exit_boundary_id': 19, 'exit_location': 'edge', 'confidence': 0.9999823570251465, 'executed_segments_by_node': {'device': [], 'edge': [0, 1, 2, 3, 4, 5, 6, 7, 8, 9, 10, 11, 12, 13, 14, 15, 16, 17, 18]}, 'nodes': [{'node': 'device', 'executed_segments': [], 'queue_s': 0.0, 'segment_compute_s': 0.0, 'exit_head_compute_s': 0.0, 'exit_check_s': 0.0, 'worker_elapsed_s': 3.955498686991632e-05}, {'node': 'edge', 'executed_segments': [0, 1, 2, 3, 4, 5, 6, 7, 8, 9, 10, 11, 12, 13, 14, 15, 16, 17, 18], 'queue_s': 0.001459699999941222, 'segment_compute_s': 0.010166400000343856, 'exit_head_compute_s': 0.0005101999995531514, 'exit_check_s': 0.000286299999061157, 'worker_elapsed_s': 0.011700500000188185}], 'sample_id': 'balanced_008_0336_00003205', 'label': 8, 'correct': True, 'observed_utility': 0.5954828700632788}",balanced_008_0336_00003205,93,3205,0.5016195774078369,9156122918710965099,0.08090342598734424,0.0016762919894972583,0
0.0,4.2055005906149745e-05,0.012399899999763875,0.012399899999763875,0.10381895197951962,4.2055005906149745e-05,0.11908335197949782,0.012399899999763875,0.015264399999978195,0.0015118999999685911,0.11915562898502685,0.012475800000174786,1784949720.5228477,1784949719.7707584,1784949720.0207584,0.0,0.0,0.0,0.0,0.999996542930603,0.10381895197951962,ablate-split-only-resnet50-cifar10-pi5-retry-20260725-111639:v1,1,4.2055005906149745e-05,unknown,0.0,0.0002699000006032293,0.0005075999997643521,0.0015118999999685911,0.010868799997297174,"{'device': [], 'edge': [0, 1, 2, 3, 4, 5, 6, 7, 8, 9, 10, 11, 12, 13, 14, 15, 16, 17, 18]}",19,final,edge,True,4,1.0,5.0,1.0,0.11915562898502685,0.40422185507486574,4,3425f6df40ba4120a2fc6bb29fca6ac8,94,"{'device_compute': 4.2055005906149745e-05, 'd2e_transport': 0.10381895197951962, 'edge_queue': 0.0015118999999685911, 'edge_segment_compute': 0.010868799997297174, 'edge_exit_head_compute': 0.0005075999997643521, 'edge_exit_check': 0.0002699000006032293, 'e2c_transport': 0.0, 'cloud_queue': 0.0, 'cloud_segment_compute': 0.0, 'cloud_exit_head_compute': 0.0, 'cloud_exit_check': 0.0, 'total_latency': 0.11915562898502685, 'unattributed_overhead': 0.0021364220019677305, 'request_id': '3425f6df40ba4120a2fc6bb29fca6ac8', 'user_id': 0, 'prediction': 4, 'exit_id': 'final', 'exit_boundary_id': 19, 'exit_location': 'edge', 'confidence': 0.999996542930603, 'executed_segments_by_node': {'device': [], 'edge': [0, 1, 2, 3, 4, 5, 6, 7, 8, 9, 10, 11, 12, 13, 14, 15, 16, 17, 18]}, 'nodes': [{'node': 'device', 'executed_segments': [], 'queue_s': 0.0, 'segment_compute_s': 0.0, 'exit_head_compute_s': 0.0, 'exit_check_s': 0.0, 'worker_elapsed_s': 4.2055005906149745e-05}, {'node': 'edge', 'executed_segments': [0, 1, 2, 3, 4, 5, 6, 7, 8, 9, 10, 11, 12, 13, 14, 15, 16, 17, 18], 'queue_s': 0.0015118999999685911, 'segment_compute_s': 0.010868799997297174, 'exit_head_compute_s': 0.0005075999997643521, 'exit_check_s': 0.0002699000006032293, 'worker_elapsed_s': 0.012475800000174786}], 'sample_id': 'balanced_004_0251_00002577', 'label': 4, 'correct': True, 'observed_utility': 0.40422185507486574}",balanced_004_0251_00002577,94,2577,0.502089262008667,9156122918710965099,0.11915562898502685,0.0021364220019677305,0
0.0,4.6425004256889224e-05,0.01896149999993213,0.01896149999993213,0.11608997898474627,4.6425004256889224e-05,0.13771977898431942,0.01896149999993213,0.02162979999957315,0.001486500000282831,0.13779881401569583,0.019038600000385486,1784949720.6632621,1784949719.910993,1784949720.160993,0.0,0.0,0.0,0.0,0.9998107552528381,0.11608997898474627,ablate-split-only-resnet50-cifar10-pi5-retry-20260725-111639:v1,1,4.6425004256889224e-05,unknown,0.0,0.0004031999997096136,0.0008064999992711819,0.001486500000282831,0.01682849999906466,"{'device': [], 'edge': [0, 1, 2, 3, 4, 5, 6, 7, 8, 9, 10, 11, 12, 13, 14, 15, 16, 17, 18]}",19,final,edge,True,8,1.0,5.0,1.0,0.13779881401569583,0.3110059299215209,8,5aef15bd59ca4e87bd30c61b8d76d6ca,95,"{'device_compute': 4.6425004256889224e-05, 'd2e_transport': 0.11608997898474627, 'edge_queue': 0.001486500000282831, 'edge_segment_compute': 0.01682849999906466, 'edge_exit_head_compute': 0.0008064999992711819, 'edge_exit_check': 0.0004031999997096136, 'e2c_transport': 0.0, 'cloud_queue': 0.0, 'cloud_segment_compute': 0.0, 'cloud_exit_head_compute': 0.0, 'cloud_exit_check': 0.0, 'total_latency': 0.13779881401569583, 'unattributed_overhead': 0.0021377100283643813, 'request_id': '5aef15bd59ca4e87bd30c61b8d76d6ca', 'user_id': 0, 'prediction': 8, 'exit_id': 'final', 'exit_boundary_id': 19, 'exit_location': 'edge', 'confidence': 0.9998107552528381, 'executed_segments_by_node': {'device': [], 'edge': [0, 1, 2, 3, 4, 5, 6, 7, 8, 9, 10, 11, 12, 13, 14, 15, 16, 17, 18]}, 'nodes': [{'node': 'device', 'executed_segments': [], 'queue_s': 0.0, 'segment_compute_s': 0.0, 'exit_head_compute_s': 0.0, 'exit_check_s': 0.0, 'worker_elapsed_s': 4.6425004256889224e-05}, {'node': 'edge', 'executed_segments': [0, 1, 2, 3, 4, 5, 6, 7, 8, 9, 10, 11, 12, 13, 14, 15, 16, 17, 18], 'queue_s': 0.001486500000282831, 'segment_compute_s': 0.01682849999906466, 'exit_head_compute_s': 0.0008064999992711819, 'exit_check_s': 0.0004031999997096136, 'worker_elapsed_s': 0.019038600000385486}], 'sample_id': 'balanced_008_0025_00000196', 'label': 8, 'correct': True, 'observed_utility': 0.3110059299215209}",balanced_008_0025_00000196,95,196,0.5022690296173096,9156122918710965099,0.13779881401569583,0.0021377100283643813,0
0.0,4.6147004468366504e-05,0.015411399999720743,0.015411399999720743,0.08624695197795518,4.6147004468366504e-05,0.10395885197794996,0.015411399999720743,0.017711899999994785,0.001224999999976717,0.10403744300128892,0.015485400000216032,1784949720.8238628,1784949720.0714817,1784949720.3214817,0.0,0.0,0.0,0.0,0.9999351501464844,0.08624695197795518,ablate-split-only-resnet50-cifar10-pi5-retry-20260725-111639:v1,1,4.6147004468366504e-05,unknown,0.0,0.000387399999453919,0.000650599999971746,0.001224999999976717,0.013554600001043582,"{'device': [], 'edge': [0, 1, 2, 3, 4, 5, 6, 7, 8, 9, 10, 11, 12, 13, 14, 15, 16, 17, 18]}",19,final,edge,True,5,1.0,5.0,1.0,0.10403744300128892,0.4798127849935554,5,6b4a62b4b0c0497390f630edd58338e4,96,"{'device_compute': 4.6147004468366504e-05, 'd2e_transport': 0.08624695197795518, 'edge_queue': 0.001224999999976717, 'edge_segment_compute': 0.013554600001043582, 'edge_exit_head_compute': 0.000650599999971746, 'edge_exit_check': 0.000387399999453919, 'e2c_transport': 0.0, 'cloud_queue': 0.0, 'cloud_segment_compute': 0.0, 'cloud_exit_head_compute': 0.0, 'cloud_exit_check': 0.0, 'total_latency': 0.10403744300128892, 'unattributed_overhead': 0.001926744018419413, 'request_id': '6b4a62b4b0c0497390f630edd58338e4', 'user_id': 0, 'prediction': 5, 'exit_id': 'final', 'exit_boundary_id': 19, 'exit_location': 'edge', 'confidence': 0.9999351501464844, 'executed_segments_by_node': {'device': [], 'edge': [0, 1, 2, 3, 4, 5, 6, 7, 8, 9, 10, 11, 12, 13, 14, 15, 16, 17, 18]}, 'nodes': [{'node': 'device', 'executed_segments': [], 'queue_s': 0.0, 'segment_compute_s': 0.0, 'exit_head_compute_s': 0.0, 'exit_check_s': 0.0, 'worker_elapsed_s': 4.6147004468366504e-05}, {'node': 'edge', 'executed_segments': [0, 1, 2, 3, 4, 5, 6, 7, 8, 9, 10, 11, 12, 13, 14, 15, 16, 17, 18], 'queue_s': 0.001224999999976717, 'segment_compute_s': 0.013554600001043582, 'exit_head_compute_s': 0.000650599999971746, 'exit_check_s': 0.000387399999453919, 'worker_elapsed_s': 0.015485400000216032}], 'sample_id': 'balanced_005_0489_00005025', 'label': 5, 'correct': True, 'observed_utility': 0.4798127849935554}",balanced_005_0489_00005025,96,5025,0.5023810863494873,9156122918710965099,0.10403744300128892,0.001926744018419413,0
0.0,9.029501234181225e-05,0.02257400000053167,0.02257400000053167,0.09222116001819813,9.029501234181225e-05,0.11771966001833789,0.02257400000053167,0.025498500000139757,0.0014823000001342734,0.11784234299557284,0.022648999999546504,1784949720.9522707,1784949720.2005217,1784949720.4505217,0.0,0.0,0.0,0.0,0.8269988894462585,0.09222116001819813,ablate-split-only-resnet50-cifar10-pi5-retry-20260725-111639:v1,1,9.029501234181225e-05,unknown,0.0,0.0005640999997922336,0.0009546999990561744,0.0014823000001342734,0.019830700000056822,"{'device': [], 'edge': [0, 1, 2, 3, 4, 5, 6, 7, 8, 9, 10, 11, 12, 13, 14, 15, 16, 17, 18]}",19,final,edge,True,0,1.0,5.0,1.0,0.11784234299557284,0.4107882850221358,0,b6c39f4ad06347389a9553611d7c2f98,97,"{'device_compute': 9.029501234181225e-05, 'd2e_transport': 0.09222116001819813, 'edge_queue': 0.0014823000001342734, 'edge_segment_compute': 0.019830700000056822, 'edge_exit_head_compute': 0.0009546999990561744, 'edge_exit_check': 0.0005640999997922336, 'e2c_transport': 0.0, 'cloud_queue': 0.0, 'cloud_segment_compute': 0.0, 'cloud_exit_head_compute': 0.0, 'cloud_exit_check': 0.0, 'total_latency': 0.11784234299557284, 'unattributed_overhead': 0.0026990879659933853, 'request_id': 'b6c39f4ad06347389a9553611d7c2f98', 'user_id': 0, 'prediction': 0, 'exit_id': 'final', 'exit_boundary_id': 19, 'exit_location': 'edge', 'confidence': 0.8269988894462585, 'executed_segments_by_node': {'device': [], 'edge': [0, 1, 2, 3, 4, 5, 6, 7, 8, 9, 10, 11, 12, 13, 14, 15, 16, 17, 18]}, 'nodes': [{'node': 'device', 'executed_segments': [], 'queue_s': 0.0, 'segment_compute_s': 0.0, 'exit_head_compute_s': 0.0, 'exit_check_s': 0.0, 'worker_elapsed_s': 9.029501234181225e-05}, {'node': 'edge', 'executed_segments': [0, 1, 2, 3, 4, 5, 6, 7, 8, 9, 10, 11, 12, 13, 14, 15, 16, 17, 18], 'queue_s': 0.0014823000001342734, 'segment_compute_s': 0.019830700000056822, 'exit_head_compute_s': 0.0009546999990561744, 'exit_check_s': 0.0005640999997922336, 'worker_elapsed_s': 0.022648999999546504}], 'sample_id': 'balanced_000_0147_00001463', 'label': 0, 'correct': True, 'observed_utility': 0.4107882850221358}",balanced_000_0147_00001463,97,1463,0.5017490386962891,9156122918710965099,0.11784234299557284,0.0026990879659933853,0
0.0,4.073997843079269e-05,0.022444199999881675,0.022444199999881675,0.06503515400527249,4.073997843079269e-05,0.09065635400475003,0.022444199999881675,0.02562119999947754,0.0015723000005891663,0.09072701897821389,0.022521599999890896,1784949721.1197288,1784949720.3675725,1784949720.6175725,0.0,0.0,0.0,0.0,0.996745228767395,0.06503515400527249,ablate-split-only-resnet50-cifar10-pi5-retry-20260725-111639:v1,1,4.073997843079269e-05,unknown,0.0,0.0005436000001282082,0.000981399999545829,0.0015723000005891663,0.01970069999970292,"{'device': [], 'edge': [0, 1, 2, 3, 4, 5, 6, 7, 8, 9, 10, 11, 12, 13, 14, 15, 16, 17, 18]}",19,final,edge,True,9,1.0,5.0,1.0,0.09072701897821389,0.5463649051089305,9,b95706041d3f43c6bce00a55bda55c1d,98,"{'device_compute': 4.073997843079269e-05, 'd2e_transport': 0.06503515400527249, 'edge_queue': 0.0015723000005891663, 'edge_segment_compute': 0.01970069999970292, 'edge_exit_head_compute': 0.000981399999545829, 'edge_exit_check': 0.0005436000001282082, 'e2c_transport': 0.0, 'cloud_queue': 0.0, 'cloud_segment_compute': 0.0, 'cloud_exit_head_compute': 0.0, 'cloud_exit_check': 0.0, 'total_latency': 0.09072701897821389, 'unattributed_overhead': 0.002853124994544487, 'request_id': 'b95706041d3f43c6bce00a55bda55c1d', 'user_id': 0, 'prediction': 9, 'exit_id': 'final', 'exit_boundary_id': 19, 'exit_location': 'edge', 'confidence': 0.996745228767395, 'executed_segments_by_node': {'device': [], 'edge': [0, 1, 2, 3, 4, 5, 6, 7, 8, 9, 10, 11, 12, 13, 14, 15, 16, 17, 18]}, 'nodes': [{'node': 'device', 'executed_segments': [], 'queue_s': 0.0, 'segment_compute_s': 0.0, 'exit_head_compute_s': 0.0, 'exit_check_s': 0.0, 'worker_elapsed_s': 4.073997843079269e-05}, {'node': 'edge', 'executed_segments': [0, 1, 2, 3, 4, 5, 6, 7, 8, 9, 10, 11, 12, 13, 14, 15, 16, 17, 18], 'queue_s': 0.0015723000005891663, 'segment_compute_s': 0.01970069999970292, 'exit_head_compute_s': 0.000981399999545829, 'exit_check_s': 0.0005436000001282082, 'worker_elapsed_s': 0.022521599999890896}], 'sample_id': 'balanced_009_0661_00006672', 'label': 9, 'correct': True, 'observed_utility': 0.5463649051089305}",balanced_009_0661_00006672,98,6672,0.5021562576293945,9156122918710965099,0.09072701897821389,0.002853124994544487,0
0.0,3.968400415033102e-05,0.018696000000090862,0.018696000000090862,0.1001346919892967,3.968400415033102e-05,0.12139849198865704,0.018696000000090862,0.021263799999360344,0.001534699999865552,0.1214682679856196,0.01877059999969788,1784949721.2347212,1784949720.482045,1784949720.732045,0.0,0.0,0.0,0.0,0.9999929666519165,0.1001346919892967,ablate-split-only-resnet50-cifar10-pi5-retry-20260725-111639:v1,1,3.968400415033102e-05,unknown,0.0,0.0003888000010192627,0.00074889999905281,0.001534699999865552,0.016649099999995087,"{'device': [], 'edge': [0, 1, 2, 3, 4, 5, 6, 7, 8, 9, 10, 11, 12, 13, 14, 15, 16, 17, 18]}",19,final,edge,True,6,1.0,5.0,1.0,0.1214682679856196,0.392658660071902,6,d4365eba890649ff9aa311eba7056dfa,99,"{'device_compute': 3.968400415033102e-05, 'd2e_transport': 0.1001346919892967, 'edge_queue': 0.001534699999865552, 'edge_segment_compute': 0.016649099999995087, 'edge_exit_head_compute': 0.00074889999905281, 'edge_exit_check': 0.0003888000010192627, 'e2c_transport': 0.0, 'cloud_queue': 0.0, 'cloud_segment_compute': 0.0, 'cloud_exit_head_compute': 0.0, 'cloud_exit_check': 0.0, 'total_latency': 0.1214682679856196, 'unattributed_overhead': 0.0019723919922398636, 'request_id': 'd4365eba890649ff9aa311eba7056dfa', 'user_id': 0, 'prediction': 6, 'exit_id': 'final', 'exit_boundary_id': 19, 'exit_location': 'edge', 'confidence': 0.9999929666519165, 'executed_segments_by_node': {'device': [], 'edge': [0, 1, 2, 3, 4, 5, 6, 7, 8, 9, 10, 11, 12, 13, 14, 15, 16, 17, 18]}, 'nodes': [{'node': 'device', 'executed_segments': [], 'queue_s': 0.0, 'segment_compute_s': 0.0, 'exit_head_compute_s': 0.0, 'exit_check_s': 0.0, 'worker_elapsed_s': 3.968400415033102e-05}, {'node': 'edge', 'executed_segments': [0, 1, 2, 3, 4, 5, 6, 7, 8, 9, 10, 11, 12, 13, 14, 15, 16, 17, 18], 'queue_s': 0.001534699999865552, 'segment_compute_s': 0.016649099999995087, 'exit_head_compute_s': 0.00074889999905281, 'exit_check_s': 0.0003888000010192627, 'worker_elapsed_s': 0.01877059999969788}], 'sample_id': 'balanced_006_0824_00008346', 'label': 6, 'correct': True, 'observed_utility': 0.392658660071902}",balanced_006_0824_00008346,99,8346,0.502676248550415,9156122918710965099,0.1214682679856196,0.0019723919922398636,0
