algorithm,step,current_obj,best_obj,evaluations,elapsed_s,final_obj,batch_mean_obj,batch_std_obj,batch_size
Random,0,-15.805296250030711,-15.805296250030711,1,0.0005830000154674053,,,,
Random,1,-7.902195131411967,-7.902195131411967,2,0.0012440999853424728,,,,
Random,2,-8.478937475364342,-7.902195131411967,3,0.0019404999911785126,,,,
Random,3,-8.556779821482731,-7.902195131411967,4,0.0025606999988667667,,,,
Random,4,-6.622750711948907,-6.622750711948907,5,0.0031405999907292426,,,,
Random,5,-11.189204842984177,-6.622750711948907,6,0.0037924000062048435,,,,
Random,6,-3.5383471809395486,-3.5383471809395486,7,0.004635599965695292,,,,
Random,7,-5.387189885192173,-3.5383471809395486,8,0.00524490000680089,,,,
Random,8,-5.075870343112925,-3.5383471809395486,9,0.006249599973671138,,,,
Random,9,-4.573852646297018,-3.5383471809395486,10,0.006844200019259006,,,,
Random,10,-5.780578985854398,-3.5383471809395486,11,0.007507900008931756,,,,
Random,11,-6.654267082040401,-3.5383471809395486,12,0.008198999974410981,,,,
Random,12,-3.4089328693205205,-3.4089328693205205,13,0.009256899997126311,,,,
Random,13,-9.632280911464356,-3.4089328693205205,14,0.010067900002468377,,,,
Random,14,-1.5301082046105154,-1.5301082046105154,15,0.010902200010605156,,,,
Random,15,-9.39458410942888,-1.5301082046105154,16,0.011437700013630092,,,,
Random,16,-3.8277540742096248,-1.5301082046105154,17,0.011953099980019033,,,,
Random,17,-4.099539321929813,-1.5301082046105154,18,0.01248239999404177,,,,
Random,18,-4.801008551341534,-1.5301082046105154,19,0.013012700015679002,,,,
Random,19,-6.865912872059232,-1.5301082046105154,20,0.013564599968958646,,,,
Random,20,-4.553414621676906,-1.5301082046105154,21,0.014113300014287233,,,,
Random,21,-5.788202487453182,-1.5301082046105154,22,0.014627199969254434,,,,
Random,22,-2.928029467902801,-1.5301082046105154,23,0.01511669997125864,,,,
Random,23,-5.723451665611183,-1.5301082046105154,24,0.015602400002535433,,,,
Random,24,-4.85833443440742,-1.5301082046105154,25,0.01608849997865036,,,,
Random,25,-9.051948032745422,-1.5301082046105154,26,0.016574000008404255,,,,
Random,26,-4.379765197115491,-1.5301082046105154,27,0.017051199974957854,,,,
Random,27,-8.03511417909136,-1.5301082046105154,28,0.01758799998788163,,,,
Random,28,-6.510187242690709,-1.5301082046105154,29,0.01807689998531714,,,,
Random,29,-6.153767983125833,-1.5301082046105154,30,0.018551999994087964,,,,
Random,30,-0.9765111945553304,-0.9765111945553304,31,0.019022799970116466,,,,
Random,31,-2.111817338063456,-0.9765111945553304,32,0.019618399965111166,,,,
Random,32,-9.50884308662463,-0.9765111945553304,33,0.020159800013061613,,,,
Random,33,-4.980098683373185,-0.9765111945553304,34,0.020733200013637543,,,,
Random,34,-6.051331451740145,-0.9765111945553304,35,0.02134099998511374,,,,
Random,35,-6.1650388921926,-0.9765111945553304,36,0.022557099990081042,,,,
Random,36,-6.045291599229967,-0.9765111945553304,37,0.02348620002157986,,,,
Random,37,-5.20360364269244,-0.9765111945553304,38,0.02410410001175478,,,,
Random,38,-4.312477883420421,-0.9765111945553304,39,0.0247708999668248,,,,
Random,39,-6.754694456589986,-0.9765111945553304,40,0.025529999984428287,,,,
Random,40,-5.639376665224749,-0.9765111945553304,41,0.026454299979377538,,,,
Random,41,-11.292253267601609,-0.9765111945553304,42,0.027266999997664243,,,,
Random,42,-7.438099890929063,-0.9765111945553304,43,0.02802460000384599,,,,
Random,43,-8.13497977672991,-0.9765111945553304,44,0.028580699989106506,,,,
Random,44,-3.9810043208418904,-0.9765111945553304,45,0.029105599969625473,,,,
Random,45,-2.1041659749832116,-0.9765111945553304,46,0.029639200016390532,,,,
Random,46,-7.602918802942879,-0.9765111945553304,47,0.03015200002118945,,,,
Random,47,-8.313428261320938,-0.9765111945553304,48,0.03063950000796467,,,,
Random,48,-7.839829163654025,-0.9765111945553304,49,0.03111819998594001,,,,
Random,49,-5.861909825627101,-0.9765111945553304,50,0.031613599974662066,,,,
Random,50,-6.745221877947026,-0.9765111945553304,51,0.032117199967615306,,,,
Random,51,-3.815983242225057,-0.9765111945553304,52,0.03261749999364838,,,,
Random,52,-7.187688853641295,-0.9765111945553304,53,0.0331181000219658,,,,
Random,53,-7.286104757790513,-0.9765111945553304,54,0.033790300018154085,,,,
Random,54,-11.91615810810642,-0.9765111945553304,55,0.03439849999267608,,,,
Random,55,-7.121819100307674,-0.9765111945553304,56,0.03502110001863912,,,,
Random,56,-5.604569744307828,-0.9765111945553304,57,0.03561000002082437,,,,
Random,57,-5.872127539849848,-0.9765111945553304,58,0.036175600020214915,,,,
Random,58,-10.232841535586843,-0.9765111945553304,59,0.0367351999739185,,,,
Random,59,-7.240680374887074,-0.9765111945553304,60,0.03726730000926182,,,,
Random,60,-9.692330734044095,-0.9765111945553304,61,0.03818350000074133,,,,
Random,61,-6.843365607162687,-0.9765111945553304,62,0.0388383999816142,,,,
Random,62,-6.2526865052225755,-0.9765111945553304,63,0.03938879998167977,,,,
Random,63,-6.526053875815201,-0.9765111945553304,64,0.04000609996728599,,,,
Random,64,-3.5326689236437967,-0.9765111945553304,65,0.040621799998916686,,,,
Random,65,-4.130004565866985,-0.9765111945553304,66,0.04124220000812784,,,,
Random,66,-8.453028192670786,-0.9765111945553304,67,0.041784800007008016,,,,
Random,67,-8.001749802950295,-0.9765111945553304,68,0.04235459998017177,,,,
Random,68,-7.7158616085691785,-0.9765111945553304,69,0.043269500019960105,,,,
Random,69,-4.486122436194471,-0.9765111945553304,70,0.04397349996725097,,,,
Random,70,-2.287232689877306,-0.9765111945553304,71,0.04454570001689717,,,,
Random,71,-1.8296418845541038,-0.9765111945553304,72,0.045109700004104525,,,,
Random,72,-8.920244428904143,-0.9765111945553304,73,0.04564510000636801,,,,
Random,73,-5.804307197509701,-0.9765111945553304,74,0.04620380001142621,,,,
Random,74,-4.9957518199646405,-0.9765111945553304,75,0.04672669997671619,,,,
Random,75,-4.802110201402275,-0.9765111945553304,76,0.04721160000190139,,,,
Random,76,-11.692712288044563,-0.9765111945553304,77,0.047684499993920326,,,,
Random,77,-6.571812587809012,-0.9765111945553304,78,0.048170399968512356,,,,
Random,78,-6.690138790418179,-0.9765111945553304,79,0.048668299976270646,,,,
Random,79,-3.7661016934755436,-0.9765111945553304,80,0.04916860000230372,,,,
Random,80,-7.033689108998268,-0.9765111945553304,81,0.04965180001454428,,,,
Random,81,-4.643242316537938,-0.9765111945553304,82,0.050125100009609014,,,,
Random,82,-6.087070768814446,-0.9765111945553304,83,0.050613800005521625,,,,
Random,83,-10.986761393103532,-0.9765111945553304,84,0.0510882000089623,,,,
Random,84,-6.230696471259062,-0.9765111945553304,85,0.05156250001164153,,,,
Random,85,-3.4553515562724963,-0.9765111945553304,86,0.05203939997591078,,,,
Random,86,-4.905010551263733,-0.9765111945553304,87,0.05264179996447638,,,,
Random,87,-7.020432306859339,-0.9765111945553304,88,0.05331799999112263,,,,
Random,88,-3.778341633342823,-0.9765111945553304,89,0.053962200006935745,,,,
Random,89,-6.392265257317061,-0.9765111945553304,90,0.054476200020872056,,,,
Random,90,-3.76222139583272,-0.9765111945553304,91,0.0549598999787122,,,,
Random,91,-7.46947244677834,-0.9765111945553304,92,0.055440899974200875,,,,
Random,92,-2.005458623137258,-0.9765111945553304,93,0.05595439998432994,,,,
Random,93,-9.027632729492229,-0.9765111945553304,94,0.05648059997474775,,,,
Random,94,-2.5588080860959623,-0.9765111945553304,95,0.05706139997346327,,,,
Random,95,-5.461309769511723,-0.9765111945553304,96,0.05761829996481538,,,,
Random,96,-1.5132394226639079,-0.9765111945553304,97,0.058141899993643165,,,,
Random,97,-4.1830178276241705,-0.9765111945553304,98,0.05865929997526109,,,,
Random,98,-6.398912539367693,-0.9765111945553304,99,0.05945409997366369,,,,
Random,99,-6.669047253700702,-0.9765111945553304,100,0.06002689996967092,,,,
Random,100,-8.411322202900825,-0.9765111945553304,101,0.06060739996610209,,,,
Random,101,-9.447271944411497,-0.9765111945553304,102,0.06123330001719296,,,,
Random,102,-1.81201150111725,-0.9765111945553304,103,0.061811099993065,,,,
Random,103,-4.932585787274904,-0.9765111945553304,104,0.06233950000023469,,,,
Random,104,-0.8613996212908588,-0.8613996212908588,105,0.06290610000723973,,,,
Random,105,-9.208831499048522,-0.8613996212908588,106,0.06343360000755638,,,,
Random,106,-4.093843701034958,-0.8613996212908588,107,0.06397259997902438,,,,
Random,107,-2.6844023100881724,-0.8613996212908588,108,0.06447619997197762,,,,
Random,108,-6.418794648730714,-0.8613996212908588,109,0.06495889998041093,,,,
Random,109,-4.934899662397424,-0.8613996212908588,110,0.06544789997860789,,,,
Random,110,-10.723626354529918,-0.8613996212908588,111,0.06591760000446811,,,,
Random,111,-4.389238659281383,-0.8613996212908588,112,0.06638550001662225,,,,
Random,112,-4.4046448346085665,-0.8613996212908588,113,0.06685349997133017,,,,
Random,113,-5.012900591243043,-0.8613996212908588,114,0.06733320001512766,,,,
Random,114,-3.2245315245861375,-0.8613996212908588,115,0.06783770001493394,,,,
Random,115,-7.49331441383946,-0.8613996212908588,116,0.06833059998461977,,,,
Random,116,-5.115037470073167,-0.8613996212908588,117,0.06879709998611361,,,,
Random,117,-4.220105334019984,-0.8613996212908588,118,0.06927440001163632,,,,
Random,118,-5.987582485933416,-0.8613996212908588,119,0.06974399997852743,,,,
Random,119,-3.059745886619075,-0.8613996212908588,120,0.0702136000036262,,,,
Random,120,-5.377065482535754,-0.8613996212908588,121,0.0706787999952212,,,,
Random,121,-6.014346155637261,-0.8613996212908588,122,0.07115769997471943,,,,
Random,122,-5.507068300502379,-0.8613996212908588,123,0.07162519998382777,,,,
Random,123,-5.511617874587477,-0.8613996212908588,124,0.07209089997923002,,,,
Random,124,-2.9831445420895553,-0.8613996212908588,125,0.07255689997691661,,,,
Random,125,-7.88583187267297,-0.8613996212908588,126,0.07303430000320077,,,,
Random,126,-6.816668637242004,-0.8613996212908588,127,0.07352279999759048,,,,
Random,127,-9.111912176333247,-0.8613996212908588,128,0.0739923000219278,,,,
Random,128,-10.302327607899421,-0.8613996212908588,129,0.07445780001580715,,,,
Random,129,-4.4037442089304255,-0.8613996212908588,130,0.07493629999225959,,,,
Random,130,-7.746340073469067,-0.8613996212908588,131,0.07540610001888126,,,,
Random,131,-4.289164310027488,-0.8613996212908588,132,0.07587250001961365,,,,
Random,132,-7.175362483737487,-0.8613996212908588,133,0.0763376000104472,,,,
Random,133,-8.893704116181617,-0.8613996212908588,134,0.07745340000838041,,,,
Random,134,-7.726435863363406,-0.8613996212908588,135,0.07823959999950603,,,,
Random,135,-2.771938546225067,-0.8613996212908588,136,0.07887899997876957,,,,
Random,136,-4.696517126976922,-0.8613996212908588,137,0.07966639997903258,,,,
Random,137,-8.7887439214505,-0.8613996212908588,138,0.08038930001202971,,,,
Random,138,-2.1201262846616906,-0.8613996212908588,139,0.08099400001810864,,,,
Random,139,-3.3080691273919722,-0.8613996212908588,140,0.0816060000215657,,,,
Random,140,-8.168565144088582,-0.8613996212908588,141,0.0822090000147,,,,
Random,141,-4.089234589087514,-0.8613996212908588,142,0.08275960001628846,,,,
Random,142,-9.553144449471947,-0.8613996212908588,143,0.08357459999388084,,,,
Random,143,-5.468624426236505,-0.8613996212908588,144,0.08414370001992211,,,,
Random,144,-7.8395064555064256,-0.8613996212908588,145,0.08465629996499047,,,,
Random,145,-4.032881879770041,-0.8613996212908588,146,0.08517269999720156,,,,
Random,146,-5.301652507698638,-0.8613996212908588,147,0.0856766999932006,,,,
Random,147,-6.354329725071206,-0.8613996212908588,148,0.08617610001238063,,,,
Random,148,-6.4684808551118556,-0.8613996212908588,149,0.0866626999923028,,,,
Random,149,-3.9535316982168225,-0.8613996212908588,150,0.08714660000987351,,,,
Random,150,-6.251454716309337,-0.8613996212908588,151,0.08762339997338131,,,,
Random,151,-6.190755702047257,-0.8613996212908588,152,0.08811399998376146,,,,
Random,152,-2.9113211353419457,-0.8613996212908588,153,0.0885862999712117,,,,
Random,153,-5.77340196148572,-0.8613996212908588,154,0.08906849997583777,,,,
Random,154,-4.159249856618071,-0.8613996212908588,155,0.08953850000398234,,,,
Random,155,-2.847580077833555,-0.8613996212908588,156,0.09000670001842082,,,,
Random,156,-2.604632535940247,-0.8613996212908588,157,0.09047369996551424,,,,
Random,157,-4.738250490968688,-0.8613996212908588,158,0.09095310000702739,,,,
Random,158,-5.518292311828668,-0.8613996212908588,159,0.09143079997738823,,,,
Random,159,-8.752748691173677,-0.8613996212908588,160,0.09189659997355193,,,,
Random,160,-8.654862094967362,-0.8613996212908588,161,0.09236289997352287,,,,
Random,161,-9.349099378801252,-0.8613996212908588,162,0.093166199978441,,,,
Random,162,-6.407187088201538,-0.8613996212908588,163,0.0939290999667719,,,,
Random,163,-6.1441005380475655,-0.8613996212908588,164,0.09450579999247566,,,,
Random,164,-10.986065134386667,-0.8613996212908588,165,0.09506929997587577,,,,
Random,165,-4.601151918935532,-0.8613996212908588,166,0.09577549999812618,,,,
Random,166,-3.0273706235965383,-0.8613996212908588,167,0.09630340000148863,,,,
Random,167,-4.1678651820403125,-0.8613996212908588,168,0.09678760002134368,,,,
Random,168,-8.486694567094098,-0.8613996212908588,169,0.09729740000329912,,,,
Random,169,-5.031898584713108,-0.8613996212908588,170,0.097775999980513,,,,
Random,170,-8.25074894392483,-0.8613996212908588,171,0.09827790001872927,,,,
Random,171,-3.3320113792276795,-0.8613996212908588,172,0.09911449998617172,,,,
Random,172,-3.938868507618848,-0.8613996212908588,173,0.09987590002128854,,,,
Random,173,-6.186034066436051,-0.8613996212908588,174,0.10054989997297525,,,,
Random,174,-6.090874112799775,-0.8613996212908588,175,0.10124180000275373,,,,
Random,175,-2.2529132824721456,-0.8613996212908588,176,0.10178979998454452,,,,
Random,176,-7.285661876718671,-0.8613996212908588,177,0.10229269997216761,,,,
Random,177,-3.8206596130004202,-0.8613996212908588,178,0.10280749999219552,,,,
Random,178,-8.364296702161209,-0.8613996212908588,179,0.1033000000170432,,,,
Random,179,-3.6561412569938474,-0.8613996212908588,180,0.10381890001008287,,,,
Random,180,-6.350523141421056,-0.8613996212908588,181,0.10431570000946522,,,,
Random,181,-3.9799143631351575,-0.8613996212908588,182,0.10480779997305945,,,,
Random,182,-9.251964308809598,-0.8613996212908588,183,0.10528349998639897,,,,
Random,183,-7.368736510992721,-0.8613996212908588,184,0.10575280000921339,,,,
Random,184,-0.7449432860126843,-0.7449432860126843,185,0.10628529998939484,,,,
Random,185,-7.147918249197184,-0.7449432860126843,186,0.10677189996931702,,,,
Random,186,-8.387156317816537,-0.7449432860126843,187,0.10728039999958128,,,,
Random,187,-5.1034744574366515,-0.7449432860126843,188,0.1078049999778159,,,,
Random,188,-8.115109914930784,-0.7449432860126843,189,0.10828539996873587,,,,
Random,189,-3.9832949270002898,-0.7449432860126843,190,0.10876560001634061,,,,
Random,190,-2.1774158704481748,-0.7449432860126843,191,0.10929049999685958,,,,
Random,191,-4.784803383507054,-0.7449432860126843,192,0.1097668000147678,,,,
Random,192,-4.333648843478969,-0.7449432860126843,193,0.1102997999987565,,,,
Random,193,-3.900271434633179,-0.7449432860126843,194,0.11081510002259165,,,,
Random,194,-8.282991682411067,-0.7449432860126843,195,0.11128589999862015,,,,
Random,195,-10.407421103345737,-0.7449432860126843,196,0.11175460001686588,,,,
Random,196,-6.293283565166664,-0.7449432860126843,197,0.11222229996928945,,,,
Random,197,-7.435402120300905,-0.7449432860126843,198,0.11280439997790381,,,,
Random,198,-2.6882066136657032,-0.7449432860126843,199,0.11334450001595542,,,,
Random,199,-5.20747012497403,-0.7449432860126843,200,0.11391070001991466,,,,
Random,200,-8.660437106696362,-0.7449432860126843,201,0.11442579998401925,,,,
Random,201,-7.86771710718733,-0.7449432860126843,202,0.11490759998559952,,,,
Random,202,-8.415179392109913,-0.7449432860126843,203,0.115380399976857,,,,
Random,203,-5.672336003605905,-0.7449432860126843,204,0.11584889999357983,,,,
Random,204,-4.960027153187364,-0.7449432860126843,205,0.1163428999716416,,,,
Random,205,-4.813818002628568,-0.7449432860126843,206,0.11681809998117387,,,,
Random,206,-6.533613880533628,-0.7449432860126843,207,0.11732979997759685,,,,
Random,207,-4.513623359688555,-0.7449432860126843,208,0.11780409998027608,,,,
Random,208,-4.621080085296416,-0.7449432860126843,209,0.118274400010705,,,,
Random,209,-6.482070408894789,-0.7449432860126843,210,0.11883920000400394,,,,
Random,210,-7.9104992763689985,-0.7449432860126843,211,0.11931410001125187,,,,
Random,211,-5.95108258445836,-0.7449432860126843,212,0.11978060001274571,,,,
Random,212,-12.280784891129468,-0.7449432860126843,213,0.1202966999844648,,,,
Random,213,-3.1037247971059854,-0.7449432860126843,214,0.12078029999975115,,,,
Random,214,-4.429882413098541,-0.7449432860126843,215,0.12124979996588081,,,,
Random,215,-5.006638160464851,-0.7449432860126843,216,0.12171500001568347,,,,
Random,216,-7.962705793899591,-0.7449432860126843,217,0.12217919999966398,,,,
Random,217,-9.636755898651677,-0.7449432860126843,218,0.1226555000175722,,,,
Random,218,-7.879060455084435,-0.7449432860126843,219,0.12312389997532591,,,,
Random,219,-6.039415168712619,-0.7449432860126843,220,0.12358969997148961,,,,
Random,220,-4.403982889123544,-0.7449432860126843,221,0.12405729998135939,,,,
Random,221,-6.615233500245637,-0.7449432860126843,222,0.12453709996771067,,,,
Random,222,-5.324158400550804,-0.7449432860126843,223,0.12500900001032278,,,,
Random,223,-7.787622245869227,-0.7449432860126843,224,0.12547480000648648,,,,
Random,224,-5.706331228174644,-0.7449432860126843,225,0.1259919999865815,,,,
Random,225,-5.8653264747794625,-0.7449432860126843,226,0.12648400000762194,,,,
Random,226,-2.9037466081261822,-0.7449432860126843,227,0.12695880001410842,,,,
Random,227,-6.748195566873399,-0.7449432860126843,228,0.12751849996857345,,,,
Random,228,-11.369357982480276,-0.7449432860126843,229,0.128059700015001,,,,
Random,229,-3.741061914674594,-0.7449432860126843,230,0.1285486000124365,,,,
Random,230,-7.22495267359616,-0.7449432860126843,231,0.12937849998706952,,,,
Random,231,-5.3672289331298,-0.7449432860126843,232,0.13004299998283386,,,,
Random,232,-4.324651256597235,-0.7449432860126843,233,0.1306707999901846,,,,
Random,233,-6.856796556781855,-0.7449432860126843,234,0.1312163000111468,,,,
Random,234,-7.410291773052835,-0.7449432860126843,235,0.13174709997838363,,,,
Random,235,-5.340794073541611,-0.7449432860126843,236,0.13228169997455552,,,,
Random,236,-5.119087391132816,-0.7449432860126843,237,0.13284189999103546,,,,
Random,237,-6.128659651968375,-0.7449432860126843,238,0.13343519996851683,,,,
Random,238,-5.313281788662353,-0.7449432860126843,239,0.13403429999016225,,,,
Random,239,-4.411702435898884,-0.7449432860126843,240,0.13460079999640584,,,,
Random,240,-6.057089696943227,-0.7449432860126843,241,0.13514219998614863,,,,
Random,241,-9.26345309191396,-0.7449432860126843,242,0.13565150002250448,,,,
Random,242,-4.8089156547681045,-0.7449432860126843,243,0.13619609997840598,,,,
Random,243,-6.323862905223972,-0.7449432860126843,244,0.1367651000036858,,,,
Random,244,-5.052373180100809,-0.7449432860126843,245,0.13728229998378083,,,,
Random,245,-6.338923239089782,-0.7449432860126843,246,0.13780460000270978,,,,
Random,246,-7.4484368019011935,-0.7449432860126843,247,0.1385656999773346,,,,
Random,247,-6.1247937211294445,-0.7449432860126843,248,0.13916289998451248,,,,
Random,248,-6.008725696012284,-0.7449432860126843,249,0.13966960000107065,,,,
Random,249,-6.007983784402343,-0.7449432860126843,250,0.1402333999867551,,,,
Random,250,-6.24314883058614,-0.7449432860126843,251,0.14082369999960065,,,,
Random,251,-7.274758179878064,-0.7449432860126843,252,0.14135689998511225,,,,
Random,252,0.23119079147980548,0.23119079147980548,253,0.1418516999692656,,,,
Random,253,-2.8798808557971114,0.23119079147980548,254,0.14234249998116866,,,,
Random,254,-7.487013455368484,0.23119079147980548,255,0.1429096999927424,,,,
Random,255,-7.917604453879658,0.23119079147980548,256,0.1435662999865599,,,,
Random,256,-6.004477870751225,0.23119079147980548,257,0.1444550000014715,,,,
Random,257,-3.9386119059207116,0.23119079147980548,258,0.14511189999757335,,,,
Random,258,-1.9870754142344014,0.23119079147980548,259,0.14570340001955628,,,,
Random,259,-2.862263114600556,0.23119079147980548,260,0.14633519999915734,,,,
Random,260,-3.991786934101392,0.23119079147980548,261,0.14713009999832138,,,,
Random,261,-7.01795786001451,0.23119079147980548,262,0.14779839996481314,,,,
Random,262,-7.85315358631571,0.23119079147980548,263,0.1485134999966249,,,,
Random,263,-6.449953494744925,0.23119079147980548,264,0.1490518000209704,,,,
Random,264,-2.164030534581923,0.23119079147980548,265,0.14966049999929965,,,,
Random,265,-3.3682207593825906,0.23119079147980548,266,0.15028200001688674,,,,
Random,266,-6.561717549958341,0.23119079147980548,267,0.15091099997516721,,,,
Random,267,-8.42434206017604,0.23119079147980548,268,0.15141930000390857,,,,
Random,268,-5.327615244416918,0.23119079147980548,269,0.151935699977912,,,,
Random,269,-5.5780264170223175,0.23119079147980548,270,0.15244049998000264,,,,
Random,270,-7.637282047874326,0.23119079147980548,271,0.15293079998809844,,,,
Random,271,-6.4236621572655075,0.23119079147980548,272,0.15340910002123564,,,,
Random,272,-5.40511703234505,0.23119079147980548,273,0.15390679996926337,,,,
Random,273,-7.102033256342077,0.23119079147980548,274,0.15441540000028908,,,,
Random,274,-5.307263172985873,0.23119079147980548,275,0.15488769998773932,,,,
Random,275,-3.273172926940137,0.23119079147980548,276,0.15535559999989346,,,,
Random,276,-6.243549346625796,0.23119079147980548,277,0.1558546000160277,,,,
Random,277,-4.0449035632066135,0.23119079147980548,278,0.15633919998072088,,,,
Random,278,-5.323333452500696,0.23119079147980548,279,0.1568093000096269,,,,
Random,279,-3.905797393144446,0.23119079147980548,280,0.1572796999826096,,,,
Random,280,-7.385136082667234,0.23119079147980548,281,0.15776179998647422,,,,
Random,281,-7.419106814853809,0.23119079147980548,282,0.15824379998957738,,,,
Random,282,-6.215228701243376,0.23119079147980548,283,0.15870899998117238,,,,
Random,283,-9.788975758314779,0.23119079147980548,284,0.15917559998342767,,,,
Random,284,-6.765432410202242,0.23119079147980548,285,0.15964420000091195,,,,
Random,285,-5.478671887166047,0.23119079147980548,286,0.16037040000082925,,,,
Random,286,-4.179795919413779,0.23119079147980548,287,0.1609584999969229,,,,
Random,287,-3.3670871994135076,0.23119079147980548,288,0.16144729999359697,,,,
Random,288,-7.144848005232818,0.23119079147980548,289,0.16193429997656494,,,,
Random,289,-13.081940484860558,0.23119079147980548,290,0.16240640002069995,,,,
Random,290,-6.757840203375453,0.23119079147980548,291,0.16289849998429418,,,,
Random,291,-7.141656567570168,0.23119079147980548,292,0.16337690001819283,,,,
Random,292,-5.5262271940972445,0.23119079147980548,293,0.16389739996520802,,,,
Random,293,-7.432638308706931,0.23119079147980548,294,0.1643789999652654,,,,
Random,294,-3.7173640406560473,0.23119079147980548,295,0.1648513000109233,,,,
Random,295,-4.654586009931996,0.23119079147980548,296,0.16531939996639267,,,,
Random,296,-9.245921786491465,0.23119079147980548,297,0.1657998000155203,,,,
Random,297,-5.928053290280255,0.23119079147980548,298,0.16627169999992475,,,,
Random,298,-5.2608927715984795,0.23119079147980548,299,0.16674580000108108,,,,
Random,299,-4.6448843999235185,0.23119079147980548,300,0.16721159999724478,,,,
Random,300,-6.509471054883154,0.23119079147980548,301,0.16767569998046383,,,,
Random,301,-4.559193640981915,0.23119079147980548,302,0.16815219999989495,,,,
Random,302,-5.716694753078647,0.23119079147980548,303,0.1686222999705933,,,,
Random,303,-5.333412950071217,0.23119079147980548,304,0.16908690001582727,,,,
Random,304,-6.274714710067108,0.23119079147980548,305,0.16955220000818372,,,,
Random,305,-7.477488461833602,0.23119079147980548,306,0.17003430001204833,,,,
Random,306,-6.957694910933423,0.23119079147980548,307,0.1705029999720864,,,,
Random,307,-6.0335244233681395,0.23119079147980548,308,0.17096660000970587,,,,
Random,308,-8.655967196875592,0.23119079147980548,309,0.17143250000663102,,,,
Random,309,-0.1663804681272496,0.23119079147980548,310,0.17190869996557012,,,,
Random,310,-4.367050584351496,0.23119079147980548,311,0.17237899999599904,,,,
Random,311,-10.614774845519356,0.23119079147980548,312,0.17284630000358447,,,,
Random,312,-9.71799961868774,0.23119079147980548,313,0.17331350001040846,,,,
Random,313,-8.973173836601877,0.23119079147980548,314,0.1737788000027649,,,,
Random,314,-7.894804894408733,0.23119079147980548,315,0.17426669999258593,,,,
Random,315,-2.379125701914724,0.23119079147980548,316,0.17475519998697564,,,,
Random,316,-4.615431258936107,0.23119079147980548,317,0.1752254000166431,,,,
Random,317,-4.111140487638899,0.23119079147980548,318,0.17570620001060888,,,,
Random,318,-2.894045960916938,0.23119079147980548,319,0.17621529998723418,,,,
Random,319,-8.00702199431014,0.23119079147980548,320,0.17671319999499246,,,,
Random,320,-4.847062666364485,0.23119079147980548,321,0.17720079998252913,,,,
Random,321,-5.27911374811946,0.23119079147980548,322,0.17772530001820996,,,,
Random,322,-9.630266751596256,0.23119079147980548,323,0.17830560001311824,,,,
Random,323,-5.702272410925761,0.23119079147980548,324,0.1787810999667272,,,,
Random,324,-4.956314759565096,0.23119079147980548,325,0.17925059999106452,,,,
Random,325,-8.339963841181993,0.23119079147980548,326,0.1797307999804616,,,,
Random,326,-6.354377433298608,0.23119079147980548,327,0.18020369997248054,,,,
Random,327,-7.855135860933138,0.23119079147980548,328,0.18066969997016713,,,,
Random,328,-6.049898391402587,0.23119079147980548,329,0.1811349000199698,,,,
Random,329,-4.0831794433142266,0.23119079147980548,330,0.18160979996901006,,,,
Random,330,-6.924228357363262,0.23119079147980548,331,0.18207839998649433,,,,
Random,331,-9.65398353153897,0.23119079147980548,332,0.1825480000115931,,,,
Random,332,-1.7922969507333129,0.23119079147980548,333,0.18301229999633506,,,,
Random,333,-7.464830449578968,0.23119079147980548,334,0.18347539997193962,,,,
Random,334,-3.1105428083206577,0.23119079147980548,335,0.18395069998223335,,,,
Random,335,-7.543404504702741,0.23119079147980548,336,0.18441929999971762,,,,
Random,336,-5.816148732403746,0.23119079147980548,337,0.18488359998445958,,,,
Random,337,-3.6958257030795614,0.23119079147980548,338,0.18534729996463284,,,,
Random,338,-8.140966336497517,0.23119079147980548,339,0.1858236999833025,,,,
Random,339,-6.282941475318726,0.23119079147980548,340,0.18629330000840127,,,,
Random,340,-7.977370635969084,0.23119079147980548,341,0.18675860000075772,,,,
Random,341,-5.868508850232955,0.23119079147980548,342,0.18722409999463707,,,,
Random,342,-4.445170013739919,0.23119079147980548,343,0.18771749996813014,,,,
Random,343,-3.440241416410659,0.23119079147980548,344,0.18819640000583604,,,,
Random,344,-6.408264859388823,0.23119079147980548,345,0.1890560999745503,,,,
Random,345,-10.507023015400268,0.23119079147980548,346,0.19013609999092296,,,,
Random,346,-7.417484841200864,0.23119079147980548,347,0.1907333999988623,,,,
Random,347,-3.6622056002314136,0.23119079147980548,348,0.19132049998734146,,,,
Random,348,-6.345481424704558,0.23119079147980548,349,0.19186570000601932,,,,
Random,349,-7.179756891842283,0.23119079147980548,350,0.19244229997275397,,,,
Random,350,-4.544003143986759,0.23119079147980548,351,0.19329209998250008,,,,
Random,351,-3.29616888874982,0.23119079147980548,352,0.19393120001768693,,,,
Random,352,-4.250246527920481,0.23119079147980548,353,0.19443649996537715,,,,
Random,353,-6.139130148968635,0.23119079147980548,354,0.19490180001594126,,,,
Random,354,-7.877604705481202,0.23119079147980548,355,0.19535840000025928,,,,
Random,355,-3.8115481816889503,0.23119079147980548,356,0.19582849997095764,,,,
Random,356,-5.155377415820881,0.23119079147980548,357,0.19631759996991605,,,,
Random,357,-9.327676355589507,0.23119079147980548,358,0.19678599998587742,,,,
Random,358,-10.951948893606538,0.23119079147980548,359,0.19727679999778047,,,,
Random,359,-7.24049932925433,0.23119079147980548,360,0.19775859999936074,,,,
Random,360,-3.67687702876003,0.23119079147980548,361,0.19823430001270026,,,,
Random,361,-0.2666005826374902,0.23119079147980548,362,0.19870259996969253,,,,
Random,362,-9.264774948007148,0.23119079147980548,363,0.19917029998032376,,,,
Random,363,-7.831905293481279,0.23119079147980548,364,0.199642599967774,,,,
Random,364,-7.900397608095175,0.23119079147980548,365,0.2001518000033684,,,,
Random,365,-0.5487914426337146,0.23119079147980548,366,0.20063069998286664,,,,
Random,366,-5.0357483766029745,0.23119079147980548,367,0.2011124999844469,,,,
Random,367,-6.491101111606052,0.23119079147980548,368,0.20157819997984916,,,,
Random,368,-7.975612577175696,0.23119079147980548,369,0.20206099998904392,,,,
Random,369,-7.485740961724021,0.23119079147980548,370,0.202530000009574,,,,
Random,370,-3.536801451406411,0.23119079147980548,371,0.20299069996690378,,,,
Random,371,-4.80571985169882,0.23119079147980548,372,0.20345059997634962,,,,
Random,372,-5.2852366230351535,0.23119079147980548,373,0.20391829998698086,,,,
Random,373,-6.631465951571858,0.23119079147980548,374,0.20437849999871105,,,,
Random,374,-4.102644181270251,0.23119079147980548,375,0.2048763000057079,,,,
Random,375,-5.365540244076145,0.23119079147980548,376,0.20533480000449345,,,,
Random,376,-7.103835705219171,0.23119079147980548,377,0.20580100000370294,,,,
Random,377,-7.716465705635056,0.23119079147980548,378,0.20627580001018941,,,,
Random,378,-1.9766967319713777,0.23119079147980548,379,0.20672810001997277,,,,
Random,379,-6.255692934599534,0.23119079147980548,380,0.20718159998068586,,,,
Random,380,-5.677524553078726,0.23119079147980548,381,0.20764699997380376,,,,
Random,381,-5.5343805537754225,0.23119079147980548,382,0.20810360001632944,,,,
Random,382,-3.3829598869147346,0.23119079147980548,383,0.20855689997551963,,,,
Random,383,-2.7757992637772104,0.23119079147980548,384,0.20901130000129342,,,,
Random,384,-7.308639806144951,0.23119079147980548,385,0.20946939999703318,,,,
Random,385,-5.399530259201981,0.23119079147980548,386,0.20994109997991472,,,,
Random,386,-2.162628684070848,0.23119079147980548,387,0.2108310000039637,,,,
Random,387,-7.679150512350691,0.23119079147980548,388,0.21146799996495247,,,,
Random,388,-4.970342612849068,0.23119079147980548,389,0.21204269997542724,,,,
Random,389,-4.044877322382029,0.23119079147980548,390,0.21258429996669292,,,,
Random,390,-8.712357116253093,0.23119079147980548,391,0.21320709999417886,,,,
Random,391,-7.137947797175127,0.23119079147980548,392,0.21378370001912117,,,,
Random,392,-6.842075343957482,0.23119079147980548,393,0.21433270000852644,,,,
Random,393,-5.072225999480398,0.23119079147980548,394,0.2148348999908194,,,,
Random,394,-4.493768471846612,0.23119079147980548,395,0.21533129998715594,,,,
Random,395,-10.347903490236044,0.23119079147980548,396,0.21581339999102056,,,,
Random,396,-3.577426149379814,0.23119079147980548,397,0.21630799997365102,,,,
Random,397,-8.348084616992242,0.23119079147980548,398,0.21678560000145808,,,,
Random,398,-8.8644342519293,0.23119079147980548,399,0.2172718999790959,,,,
Random,399,-7.30904517760956,0.23119079147980548,400,0.21775469998829067,,,,
Random,400,-5.152980485400507,0.23119079147980548,401,0.2182405000203289,,,,
Random,401,-6.342019708042265,0.23119079147980548,402,0.21871629997622222,,,,
Random,402,-8.215096458101488,0.23119079147980548,403,0.21918720001121983,,,,
Random,403,-6.511146000537073,0.23119079147980548,404,0.21984430000884458,,,,
Random,404,-2.9810997553336875,0.23119079147980548,405,0.220362699998077,,,,
Random,405,-3.0020211137958217,0.23119079147980548,406,0.22084690001793206,,,,
Random,406,-9.806202721962306,0.23119079147980548,407,0.22131579997949302,,,,
Random,407,-5.54726935267641,0.23119079147980548,408,0.22181419999105856,,,,
Random,408,-4.949118376717165,0.23119079147980548,409,0.2222934999736026,,,,
Random,409,-7.113522305444254,0.23119079147980548,410,0.22277069999836385,,,,
Random,410,-5.692830228466489,0.23119079147980548,411,0.22325119999004528,,,,
Random,411,-6.239368081284667,0.23119079147980548,412,0.22377649997361004,,,,
Random,412,-4.663889260508749,0.23119079147980548,413,0.22427379997679964,,,,
Random,413,-6.307029693765534,0.23119079147980548,414,0.2247512000030838,,,,
Random,414,-4.486540308753494,0.23119079147980548,415,0.22521940001752228,,,,
Random,415,-6.663770587260707,0.23119079147980548,416,0.22572370001580566,,,,
Random,416,-5.120140972415198,0.23119079147980548,417,0.22652119997655973,,,,
Random,417,-4.147330031424008,0.23119079147980548,418,0.22725170000921935,,,,
Random,418,-7.410424519014484,0.23119079147980548,419,0.2278220999869518,,,,
Random,419,-6.5513254567974455,0.23119079147980548,420,0.22847460000775754,,,,
Random,420,-5.374499460750885,0.23119079147980548,421,0.2290313999983482,,,,
Random,421,-3.866387873628492,0.23119079147980548,422,0.22962850000476465,,,,
Random,422,-5.240484449341711,0.23119079147980548,423,0.23015839996514842,,,,
Random,423,-3.0911791394471106,0.23119079147980548,424,0.2306447000009939,,,,
Random,424,-2.9219116387287722,0.23119079147980548,425,0.2311166999861598,,,,
Random,425,-7.858437461364181,0.23119079147980548,426,0.23158979997970164,,,,
Random,426,-6.570454061793303,0.23119079147980548,427,0.23206209996715188,,,,
Random,427,-6.255052717854435,0.23119079147980548,428,0.23252129997126758,,,,
Random,428,-7.957507062362257,0.23119079147980548,429,0.23299569997470826,,,,
Random,429,-4.482987963698651,0.23119079147980548,430,0.23345230001723394,,,,
Random,430,-6.552692469630705,0.23119079147980548,431,0.2339211999787949,,,,
Random,431,-3.3899285370495407,0.23119079147980548,432,0.23438009998062626,,,,
Random,432,-4.524570889511546,0.23119079147980548,433,0.23488780000479892,,,,
Random,433,-3.4882868532008486,0.23119079147980548,434,0.23536029999377206,,,,
Random,434,-9.706870070400548,0.23119079147980548,435,0.2358329999842681,,,,
Random,435,-7.723196242555415,0.23119079147980548,436,0.2362915999838151,,,,
Random,436,-5.4054153636013815,0.23119079147980548,437,0.2367468000156805,,,,
Random,437,-6.746825940287858,0.23119079147980548,438,0.23721920000389218,,,,
Random,438,-7.649143297190506,0.23119079147980548,439,0.2376755999866873,,,,
Random,439,-7.259595045058024,0.23119079147980548,440,0.23814029997447506,,,,
Random,440,-3.288252306959371,0.23119079147980548,441,0.23859809996793047,,,,
Random,441,-7.8501222812387565,0.23119079147980548,442,0.23905189998913556,,,,
Random,442,-6.786614828356408,0.23119079147980548,443,0.2395054000080563,,,,
Random,443,-6.942630659553599,0.23119079147980548,444,0.23998710000887513,,,,
Random,444,-6.462638865621264,0.23119079147980548,445,0.24044600001070648,,,,
Random,445,-3.4430141012946573,0.23119079147980548,446,0.24089959997218102,,,,
Random,446,-5.601729228519581,0.23119079147980548,447,0.24135239998577163,,,,
Random,447,-3.6317213340405496,0.23119079147980548,448,0.2418212000047788,,,,
Random,448,-3.83385493450528,0.23119079147980548,449,0.24228649999713525,,,,
Random,449,-7.588523875922705,0.23119079147980548,450,0.24284540000371635,,,,
Random,450,-5.923319623984986,0.23119079147980548,451,0.24351319996640086,,,,
Random,451,-1.3366950749553017,0.23119079147980548,452,0.24402240000199527,,,,
Random,452,-1.7261291134629362,0.23119079147980548,453,0.24449620000086725,,,,
Random,453,-5.802772589692991,0.23119079147980548,454,0.24495289998594671,,,,
Random,454,-6.250008068052345,0.23119079147980548,455,0.24541739997221157,,,,
Random,455,-5.2374354777446746,0.23119079147980548,456,0.24589520000154153,,,,
Random,456,-7.605102069579806,0.23119079147980548,457,0.24636200000531971,,,,
Random,457,-3.3779486668096186,0.23119079147980548,458,0.24681919999420643,,,,
Random,458,-9.415987129672036,0.23119079147980548,459,0.24727419996634126,,,,
Random,459,-4.204802519647185,0.23119079147980548,460,0.24773840000852942,,,,
Random,460,-10.371736044282201,0.23119079147980548,461,0.24819660000503063,,,,
Random,461,-6.936337577804522,0.23119079147980548,462,0.24865979998139665,,,,
Random,462,-7.571353422455557,0.23119079147980548,463,0.24912089999997988,,,,
Random,463,-5.404289051568956,0.23119079147980548,464,0.2495914999744855,,,,
Random,464,-10.604040768572442,0.23119079147980548,465,0.25024670001585037,,,,
Random,465,-7.0196025051276365,0.23119079147980548,466,0.2507532999734394,,,,
Random,466,-6.332757746954181,0.23119079147980548,467,0.2512198999756947,,,,
Random,467,-11.044506634891516,0.23119079147980548,468,0.2517343999934383,,,,
Random,468,-4.619657878893582,0.23119079147980548,469,0.25219889997970313,,,,
Random,469,-2.050368446972096,0.23119079147980548,470,0.25266559998271987,,,,
Random,470,-2.9361468173539986,0.23119079147980548,471,0.2531260999967344,,,,
Random,471,-5.260812607729816,0.23119079147980548,472,0.25362470000982285,,,,
Random,472,-6.789303935820097,0.23119079147980548,473,0.25409010000294074,,,,
Random,473,-7.683380933047378,0.23119079147980548,474,0.25454649998573586,,,,
Random,474,-6.268675045294214,0.23119079147980548,475,0.2550041999784298,,,,
Random,475,-7.46650173244348,0.23119079147980548,476,0.25547209999058396,,,,
Random,476,-1.758669621996546,0.23119079147980548,477,0.25593089999165386,,,,
Random,477,-2.2321268982006535,0.23119079147980548,478,0.2563941999687813,,,,
Random,478,-8.238412394333595,0.23119079147980548,479,0.2568547999835573,,,,
Random,479,-4.694868002117492,0.23119079147980548,480,0.2573391000041738,,,,
Random,480,-8.522754226285029,0.23119079147980548,481,0.2578027999843471,,,,
Random,481,-9.544293863618174,0.23119079147980548,482,0.25826689996756613,,,,
Random,482,-7.410282823073019,0.23119079147980548,483,0.25872340000933036,,,,
Random,483,-4.942322664017585,0.23119079147980548,484,0.25917929998831823,,,,
Random,484,-6.206424078816175,0.23119079147980548,485,0.2596616999944672,,,,
Random,485,-3.5165189663624896,0.23119079147980548,486,0.2601348999887705,,,,
Random,486,-4.269205144710848,0.23119079147980548,487,0.2607570000109263,,,,
Random,487,-6.228391339595334,0.23119079147980548,488,0.261315600015223,,,,
Random,488,-8.447832405031203,0.23119079147980548,489,0.261840499995742,,,,
Random,489,-6.336008552457076,0.23119079147980548,490,0.26242699997965246,,,,
Random,490,-4.305626760223715,0.23119079147980548,491,0.2629913999699056,,,,
Random,491,-5.938637457557774,0.23119079147980548,492,0.26356890000170097,,,,
Random,492,-6.461816971152424,0.23119079147980548,493,0.2640700999763794,,,,
Random,493,-3.860678630856804,0.23119079147980548,494,0.2645998999942094,,,,
Random,494,-2.2316307959085133,0.23119079147980548,495,0.2653367000166327,,,,
Random,495,-3.7700140964411304,0.23119079147980548,496,0.26594279997516423,,,,
Random,496,-8.33094948632455,0.23119079147980548,497,0.2667191000073217,,,,
Random,497,-6.630376938169256,0.23119079147980548,498,0.26739970000926405,,,,
Random,498,-7.822021968994115,0.23119079147980548,499,0.26795020001009107,,,,
Random,499,-2.955462881474188,0.23119079147980548,500,0.2685024999664165,,,,
Random,500,-7.79821098723968,0.23119079147980548,501,0.2690529999672435,,,,
Random,501,-3.521951952470937,0.23119079147980548,502,0.26963709999108687,,,,
Random,502,-2.3110328963824394,0.23119079147980548,503,0.27015379996737465,,,,
Random,503,-7.723229123074866,0.23119079147980548,504,0.2707141999853775,,,,
Random,504,-3.3121474448219104,0.23119079147980548,505,0.2712216000072658,,,,
Random,505,-4.408974543846127,0.23119079147980548,506,0.2716911999741569,,,,
Random,506,-6.588551654650947,0.23119079147980548,507,0.27215049997903407,,,,
Random,507,-8.974631466286223,0.23119079147980548,508,0.27261949999956414,,,,
Random,508,-5.8554617477528215,0.23119079147980548,509,0.27309400000376627,,,,
Random,509,-2.43235215490933,0.23119079147980548,510,0.2735547000193037,,,,
Random,510,-9.041952324531891,0.23119079147980548,511,0.2740137999644503,,,,
Random,511,-4.4670065040936215,0.23119079147980548,512,0.27448620001086965,,,,
Random,512,-6.206039290522998,0.23119079147980548,513,0.2749599000089802,,,,
Random,513,-2.788353920413113,0.23119079147980548,514,0.2754172999993898,,,,
Random,514,-8.05022586419156,0.23119079147980548,515,0.27604769996833056,,,,
Random,515,-6.25490870379538,0.23119079147980548,516,0.2765328999958001,,,,
Random,516,-6.420360660246185,0.23119079147980548,517,0.27698089997284114,,,,
Random,517,-4.453726974713315,0.23119079147980548,518,0.27764089999254793,,,,
Random,518,-5.197875429065744,0.23119079147980548,519,0.2781618000008166,,,,
Random,519,-6.544474276951438,0.23119079147980548,520,0.2786154000204988,,,,
Random,520,-7.031490521095305,0.23119079147980548,521,0.27906450000591576,,,,
Random,521,-5.967960473972734,0.23119079147980548,522,0.27952370001003146,,,,
Random,522,-8.670147562135238,0.23119079147980548,523,0.2806099000154063,,,,
Random,523,-6.909958269797363,0.23119079147980548,524,0.28139189997455105,,,,
Random,524,-8.59269721482864,0.23119079147980548,525,0.2819341999711469,,,,
Random,525,-4.9998573324551145,0.23119079147980548,526,0.28243650001240894,,,,
Random,526,-9.680471631472376,0.23119079147980548,527,0.28293180000036955,,,,
Random,527,-6.787430957249537,0.23119079147980548,528,0.2834632999729365,,,,
Random,528,-5.106368092693069,0.23119079147980548,529,0.2839896999648772,,,,
Random,529,-5.182227439955735,0.23119079147980548,530,0.2844664999865927,,,,
Random,530,-5.808875974174005,0.23119079147980548,531,0.284955799987074,,,,
Random,531,-6.043726951984674,0.23119079147980548,532,0.28542049997486174,,,,
Random,532,-4.5705612925121475,0.23119079147980548,533,0.28590540000004694,,,,
Random,533,-8.113724458658258,0.23119079147980548,534,0.2863736000144854,,,,
Random,534,-6.409162853885675,0.23119079147980548,535,0.286844199988991,,,,
Random,535,-4.892935269574732,0.23119079147980548,536,0.28732329997001216,,,,
Random,536,-6.1318219085454935,0.23119079147980548,537,0.2878288999781944,,,,
Random,537,-8.210270937136421,0.23119079147980548,538,0.28830909996759146,,,,
Random,538,-3.541148394067524,0.23119079147980548,539,0.28883189999032766,,,,
Random,539,-1.7084487165751856,0.23119079147980548,540,0.2893019000184722,,,,
Random,540,-6.55207173302975,0.23119079147980548,541,0.2897611000225879,,,,
Random,541,-7.27601529695292,0.23119079147980548,542,0.29021369997644797,,,,
Random,542,-5.254926882762825,0.23119079147980548,543,0.2906719999737106,,,,
Random,543,-3.412735644585298,0.23119079147980548,544,0.29112479998730123,,,,
Random,544,-6.398797503481978,0.23119079147980548,545,0.29157970001688227,,,,
Random,545,-6.6953850945168485,0.23119079147980548,546,0.2920260999817401,,,,
Random,546,-6.348259413748794,0.23119079147980548,547,0.29246849997434765,,,,
Random,547,-5.013467280182739,0.23119079147980548,548,0.2932135000010021,,,,
Random,548,-6.889061456013323,0.23119079147980548,549,0.29410910001024604,,,,
Random,549,-3.6155611091268796,0.23119079147980548,550,0.29470450000371784,,,,
Random,550,-2.458766272625006,0.23119079147980548,551,0.2953882999718189,,,,
Random,551,-7.9052250789895595,0.23119079147980548,552,0.295886599982623,,,,
Random,552,-4.019833562740092,0.23119079147980548,553,0.29634589998750016,,,,
Random,553,-7.780244737223229,0.23119079147980548,554,0.29681149998214096,,,,
Random,554,-4.206043193267922,0.23119079147980548,555,0.29726490000030026,,,,
Random,555,-8.545467680566443,0.23119079147980548,556,0.29771359998267144,,,,
Random,556,-4.104192581105489,0.23119079147980548,557,0.29817710001952946,,,,
Random,557,-7.458627199191167,0.23119079147980548,558,0.2986723000067286,,,,
Random,558,-6.015510064865868,0.23119079147980548,559,0.2991628000163473,,,,
Random,559,-6.055347194045392,0.23119079147980548,560,0.2996934999828227,,,,
Random,560,-6.740040848979793,0.23119079147980548,561,0.300182799983304,,,,
Random,561,-7.494111033396569,0.23119079147980548,562,0.3007348999963142,,,,
Random,562,-6.258026642705317,0.23119079147980548,563,0.30122710001887754,,,,
Random,563,-6.8239781119901,0.23119079147980548,564,0.3017174999695271,,,,
Random,564,-3.238657091588239,0.23119079147980548,565,0.3021767999744043,,,,
Random,565,-8.61314261202713,0.23119079147980548,566,0.30264539999188855,,,,
Random,566,-6.988307499785318,0.23119079147980548,567,0.3031208000029437,,,,
Random,567,-9.013270074227437,0.23119079147980548,568,0.30358690000139177,,,,
Random,568,-4.776659846769096,0.23119079147980548,569,0.3040360999875702,,,,
Random,569,-5.986423568658485,0.23119079147980548,570,0.30449910002062097,,,,
Random,570,-6.237309538161996,0.23119079147980548,571,0.30497479997575283,,,,
Random,571,-10.792166253821042,0.23119079147980548,572,0.30542950000381097,,,,
Random,572,-8.801477225248487,0.23119079147980548,573,0.30587899999227375,,,,
Random,573,-8.998666228947489,0.23119079147980548,574,0.30632500001229346,,,,
Random,574,-4.779232332150396,0.23119079147980548,575,0.30678819998865947,,,,
Random,575,-5.693726151256226,0.23119079147980548,576,0.30738860002020374,,,,
Random,576,-6.495123114916872,0.23119079147980548,577,0.3079050999949686,,,,
Random,577,-7.713826009733824,0.23119079147980548,578,0.30848349997540936,,,,
Random,578,-5.673943410373036,0.23119079147980548,579,0.3089814999839291,,,,
Random,579,-3.893778757973617,0.23119079147980548,580,0.3095184999983758,,,,
Random,580,-6.056555891441608,0.23119079147980548,581,0.31006210000487044,,,,
Random,581,-0.8876373259587305,0.23119079147980548,582,0.3111493000178598,,,,
Random,582,-9.013290178149294,0.23119079147980548,583,0.3117281000013463,,,,
Random,583,-1.4066009684373126,0.23119079147980548,584,0.31227019999641925,,,,
Random,584,-8.795579525844532,0.23119079147980548,585,0.31276770000113174,,,,
Random,585,-5.147157402136799,0.23119079147980548,586,0.31328230001963675,,,,
Random,586,-7.258060588854254,0.23119079147980548,587,0.3138628000160679,,,,
Random,587,-8.30020624784655,0.23119079147980548,588,0.31435150001198053,,,,
Random,588,-4.459956909978059,0.23119079147980548,589,0.3148450999869965,,,,
Random,589,-4.9457495112966665,0.23119079147980548,590,0.3153323999722488,,,,
Random,590,-3.339188965720286,0.23119079147980548,591,0.31580869999015704,,,,
Random,591,-3.6537561372085916,0.23119079147980548,592,0.3162809999776073,,,,
Random,592,-8.527087919220659,0.23119079147980548,593,0.3167538999696262,,,,
Random,593,-3.2842395534527196,0.23119079147980548,594,0.3172222999855876,,,,
Random,594,-3.8916600376651522,0.23119079147980548,595,0.3176878999802284,,,,
Random,595,-2.292905977996022,0.23119079147980548,596,0.3181514000170864,,,,
Random,596,-10.044831696339209,0.23119079147980548,597,0.3186212999862619,,,,
Random,597,-3.4877600939165805,0.23119079147980548,598,0.3190867999801412,,,,
Random,598,-7.681036144058991,0.23119079147980548,599,0.319534600013867,,,,
Random,599,-5.13950393928334,0.23119079147980548,600,0.3199777000118047,,,,
Random,600,-6.627884352642142,0.23119079147980548,601,0.3204334999900311,,,,
Random,601,-4.32181283305095,0.23119079147980548,602,0.3208927999949083,,,,
Random,602,-6.077507786178727,0.23119079147980548,603,0.3213361999951303,,,,
Random,603,-6.065225399247263,0.23119079147980548,604,0.3217806000029668,,,,
Random,604,-8.655048593927587,0.23119079147980548,605,0.3222391000017524,,,,
Random,605,-6.442879865712522,0.23119079147980548,606,0.3226913000107743,,,,
Random,606,-5.923357006890511,0.23119079147980548,607,0.32314340001903474,,,,
Random,607,-5.126516130561275,0.23119079147980548,608,0.32359260000521317,,,,
Random,608,-4.833437982002238,0.23119079147980548,609,0.324049599992577,,,,
Random,609,-9.857644915897524,0.23119079147980548,610,0.32449590001488104,,,,
Random,610,-3.8532652556898515,0.23119079147980548,611,0.3249352999846451,,,,
Random,611,-3.794363984345432,0.23119079147980548,612,0.32536969997454435,,,,
Random,612,-7.178709756133161,0.23119079147980548,613,0.32623579999199137,,,,
Random,613,-6.9649419111639945,0.23119079147980548,614,0.3267284000176005,,,,
Random,614,-4.458268925713955,0.23119079147980548,615,0.3272286999854259,,,,
Random,615,-6.149934998579763,0.23119079147980548,616,0.327731599973049,,,,
Random,616,-6.248849417321652,0.23119079147980548,617,0.3282552000018768,,,,
Random,617,-6.019255632921964,0.23119079147980548,618,0.3287807999877259,,,,
Random,618,-8.133636610245953,0.23119079147980548,619,0.3293155999854207,,,,
Random,619,-6.432325608426485,0.23119079147980548,620,0.32991450000554323,,,,
Random,620,-5.725391396922453,0.23119079147980548,621,0.33046620001550764,,,,
Random,621,-3.7387910334842966,0.23119079147980548,622,0.3309685999993235,,,,
Random,622,-8.410708388555827,0.23119079147980548,623,0.33141210000030696,,,,
Random,623,-10.089788536794991,0.23119079147980548,624,0.3318862000014633,,,,
Random,624,-3.4895298366338805,0.23119079147980548,625,0.33234169997740537,,,,
Random,625,-5.378411717113037,0.23119079147980548,626,0.3327870999928564,,,,
Random,626,-5.711245171287402,0.23119079147980548,627,0.33323119999840856,,,,
Random,627,-10.486294023753631,0.23119079147980548,628,0.33367949997773394,,,,
Random,628,-9.374703879703038,0.23119079147980548,629,0.33412529999623075,,,,
Random,629,-4.614479226322384,0.23119079147980548,630,0.3345636000158265,,,,
Random,630,-7.247390561016879,0.23119079147980548,631,0.3349957999889739,,,,
Random,631,-0.64385947974103,0.23119079147980548,632,0.3354300999781117,,,,
Random,632,-4.85506380804982,0.23119079147980548,633,0.33587359997909516,,,,
Random,633,-6.924367268997585,0.23119079147980548,634,0.3363221000181511,,,,
Random,634,-3.328720553107029,0.23119079147980548,635,0.3367547999951057,,,,
Random,635,-7.553155907677805,0.23119079147980548,636,0.3371869999682531,,,,
Random,636,-4.534367796660781,0.23119079147980548,637,0.33762669999850914,,,,
Random,637,-8.368681273063132,0.23119079147980548,638,0.33807669999077916,,,,
Random,638,-6.743497340757827,0.23119079147980548,639,0.3385161000187509,,,,
Random,639,-4.788586735584253,0.23119079147980548,640,0.3389564999961294,,,,
Random,640,-4.176404905052234,0.23119079147980548,641,0.3393892999738455,,,,
Random,641,-8.267373659595918,0.23119079147980548,642,0.3398309000185691,,,,
Random,642,-3.316262991581767,0.23119079147980548,643,0.34044850000645965,,,,
Random,643,-4.192973293130371,0.23119079147980548,644,0.3410583999939263,,,,
Random,644,-4.536392337299746,0.23119079147980548,645,0.34154839999973774,,,,
Random,645,-6.292161585654714,0.23119079147980548,646,0.34202370001003146,,,,
Random,646,-5.222476455379315,0.23119079147980548,647,0.3424881999962963,,,,
Random,647,-7.015307052958606,0.23119079147980548,648,0.3430235999985598,,,,
Random,648,-3.8176005721244546,0.23119079147980548,649,0.34360059996834025,,,,
Random,649,-3.5303284335833536,0.23119079147980548,650,0.3441377999843098,,,,
Random,650,-1.685047821409308,0.23119079147980548,651,0.34463599999435246,,,,
Random,651,-6.272215434945378,0.23119079147980548,652,0.3450985999661498,,,,
Random,652,-5.295350867700396,0.23119079147980548,653,0.3455674999859184,,,,
Random,653,-5.807560673947232,0.23119079147980548,654,0.34605629998259246,,,,
Random,654,-5.582870524977689,0.23119079147980548,655,0.34652089996961877,,,,
Random,655,-7.469865453663445,0.23119079147980548,656,0.34696659998735413,,,,
Random,656,-10.02001184958551,0.23119079147980548,657,0.3474364000139758,,,,
Random,657,-3.2085565836610552,0.23119079147980548,658,0.3478842999902554,,,,
Random,658,-6.024824531251208,0.23119079147980548,659,0.3483356999931857,,,,
Random,659,-4.210882217493757,0.23119079147980548,660,0.3487817000132054,,,,
Random,660,-9.761039122862172,0.23119079147980548,661,0.3492817999795079,,,,
Random,661,-7.406366581230752,0.23119079147980548,662,0.3497268999926746,,,,
Random,662,-7.532762421212253,0.23119079147980548,663,0.3501877000089735,,,,
Random,663,-2.790385364369382,0.23119079147980548,664,0.3506510999868624,,,,
Random,664,-2.3293296990087664,0.23119079147980548,665,0.35109140002168715,,,,
Random,665,-4.125040367811065,0.23119079147980548,666,0.35152710002148524,,,,
Random,666,-7.214860374426054,0.23119079147980548,667,0.35198599996510893,,,,
Random,667,-5.061828628213494,0.23119079147980548,668,0.35243690002243966,,,,
Random,668,-7.3575351032178835,0.23119079147980548,669,0.35287539998535067,,,,
Random,669,-9.417585482395765,0.23119079147980548,670,0.3533158000209369,,,,
Random,670,-7.59027739255316,0.23119079147980548,671,0.35376349999569356,,,,
Random,671,-5.969712032209985,0.23119079147980548,672,0.35420539998449385,,,,
Random,672,-7.567882751833347,0.23119079147980548,673,0.3546415999880992,,,,
Random,673,-7.611844665126881,0.23119079147980548,674,0.35508549999212846,,,,
Random,674,-3.721825654228107,0.23119079147980548,675,0.3555843000067398,,,,
Random,675,-3.394231839667814,0.23119079147980548,676,0.35603600001195446,,,,
Random,676,-2.4301737989920476,0.23119079147980548,677,0.3564749999786727,,,,
Random,677,-5.324240152453958,0.23119079147980548,678,0.35690720001002774,,,,
Random,678,-3.41216193755716,0.23119079147980548,679,0.35734400001820177,,,,
Random,679,-4.4102899296195925,0.23119079147980548,680,0.3577909999876283,,,,
Random,680,-6.129543291687732,0.23119079147980548,681,0.3582293000072241,,,,
Random,681,-5.748813376575626,0.23119079147980548,682,0.35866349999560043,,,,
Random,682,-8.542789618524912,0.23119079147980548,683,0.3590958999702707,,,,
Random,683,0.14748753724619457,0.23119079147980548,684,0.3595348999951966,,,,
Random,684,-5.751202250099974,0.23119079147980548,685,0.3599893000209704,,,,
Random,685,-5.419687293965719,0.23119079147980548,686,0.36043669999344274,,,,
Random,686,-6.367252507752752,0.23119079147980548,687,0.36087659996701404,,,,
Random,687,-8.054444183267398,0.23119079147980548,688,0.3613107000128366,,,,
Random,688,-5.937634824075872,0.23119079147980548,689,0.36175330000696704,,,,
Random,689,-6.7904268853875855,0.23119079147980548,690,0.3621950999950059,,,,
Random,690,-9.770049973416878,0.23119079147980548,691,0.3626479000085965,,,,
Random,691,-3.3022637872042946,0.23119079147980548,692,0.3630886999890208,,,,
Random,692,-7.421947234244902,0.23119079147980548,693,0.3635346000082791,,,,
Random,693,-5.682075696499571,0.23119079147980548,694,0.3639841999975033,,,,
Random,694,-4.462389099174931,0.23119079147980548,695,0.36442160001024604,,,,
Random,695,-7.402178332526682,0.23119079147980548,696,0.36485630000242963,,,,
Random,696,-2.167198750898979,0.23119079147980548,697,0.3652916999999434,,,,
Random,697,-3.16385199314096,0.23119079147980548,698,0.3657351000001654,,,,
Random,698,-7.2304837950435035,0.23119079147980548,699,0.366174399969168,,,,
Random,699,-4.2951685120338325,0.23119079147980548,700,0.3666176999686286,,,,
Random,700,-3.2506084372928337,0.23119079147980548,701,0.36705379997147247,,,,
Random,701,-6.3588323458400975,0.23119079147980548,702,0.36749689996941015,,,,
Random,702,-7.37652861733233,0.23119079147980548,703,0.3679444000008516,,,,
Random,703,-5.070009838915253,0.23119079147980548,704,0.36839179997332394,,,,
Random,704,-6.285525071970959,0.23119079147980548,705,0.3688478000112809,,,,
Random,705,-3.137033103571542,0.23119079147980548,706,0.3692886999924667,,,,
Random,706,-3.545453214031524,0.23119079147980548,707,0.36972730001434684,,,,
Random,707,-4.429715444092928,0.23119079147980548,708,0.37016099999891594,,,,
Random,708,-6.835014445336014,0.23119079147980548,709,0.3707752000191249,,,,
Random,709,-12.89380326440656,0.23119079147980548,710,0.3713149999966845,,,,
Random,710,-7.44389016378361,0.23119079147980548,711,0.37225269997725263,,,,
Random,711,-8.656251640034181,0.23119079147980548,712,0.37279940000735223,,,,
Random,712,-8.358058691557382,0.23119079147980548,713,0.37333279999438673,,,,
Random,713,-3.014934697092678,0.23119079147980548,714,0.3739066999987699,,,,
Random,714,-12.468881777206226,0.23119079147980548,715,0.3744203000096604,,,,
Random,715,-4.389679677501759,0.23119079147980548,716,0.37489999999525025,,,,
Random,716,-5.262026549282759,0.23119079147980548,717,0.3753866999759339,,,,
Random,717,-7.34248582124561,0.23119079147980548,718,0.3758613999816589,,,,
Random,718,-4.629360466543044,0.23119079147980548,719,0.37655180000001565,,,,
Random,719,-5.576350781137954,0.23119079147980548,720,0.377138499985449,,,,
Random,720,-6.3795101350882355,0.23119079147980548,721,0.37762430001748726,,,,
Random,721,-3.9294102576051344,0.23119079147980548,722,0.37810029997490346,,,,
Random,722,-8.559201906250259,0.23119079147980548,723,0.37856009998358786,,,,
Random,723,-6.996431246939424,0.23119079147980548,724,0.3790255999774672,,,,
Random,724,-7.8743912127852465,0.23119079147980548,725,0.3794647000031546,,,,
Random,725,-1.2010344942708997,0.23119079147980548,726,0.37989829998696223,,,,
Random,726,-9.102823909690562,0.23119079147980548,727,0.3803436000016518,,,,
Random,727,-4.090672805667989,0.23119079147980548,728,0.3807984999730252,,,,
Random,728,-6.162508317284944,0.23119079147980548,729,0.38124670000979677,,,,
Random,729,-7.551825856264958,0.23119079147980548,730,0.38169000000925735,,,,
Random,730,-6.745242265275369,0.23119079147980548,731,0.38213169999653473,,,,
Random,731,-7.364709095550472,0.23119079147980548,732,0.3825791999697685,,,,
Random,732,-7.3550222884036405,0.23119079147980548,733,0.3830298999673687,,,,
Random,733,-7.772102667331702,0.23119079147980548,734,0.38346320000709966,,,,
Random,734,-7.194498298817155,0.23119079147980548,735,0.3839087999658659,,,,
Random,735,-4.9532623519146055,0.23119079147980548,736,0.38435529998969287,,,,
Random,736,-5.538214459872584,0.23119079147980548,737,0.3848442999878898,,,,
Random,737,-9.043067581459105,0.23119079147980548,738,0.38542549998965114,,,,
Random,738,-3.680525318067401,0.23119079147980548,739,0.38607170002069324,,,,
Random,739,-4.944506252307016,0.23119079147980548,740,0.38661509996745735,,,,
Random,740,-7.45657829550224,0.23119079147980548,741,0.3871610999922268,,,,
Random,741,-6.426117982785013,0.23119079147980548,742,0.38770770002156496,,,,
Random,742,-1.8718608611528174,0.23119079147980548,743,0.38824299996485934,,,,
Random,743,-5.069515651913758,0.23119079147980548,744,0.38872230000561103,,,,
Random,744,-6.248647516649387,0.23119079147980548,745,0.389225399994757,,,,
Random,745,-6.96034172450301,0.23119079147980548,746,0.38974979997146875,,,,
Random,746,-3.8991087395013344,0.23119079147980548,747,0.39023550000274554,,,,
Random,747,-5.699098389338075,0.23119079147980548,748,0.3907803000183776,,,,
Random,748,-7.775060830650055,0.23119079147980548,749,0.39125960000092164,,,,
Random,749,-9.28513891283517,0.23119079147980548,750,0.3917342000058852,,,,
Random,750,-7.172523489149935,0.23119079147980548,751,0.3921972999814898,,,,
Random,751,-5.115402206676221,0.23119079147980548,752,0.39266589999897406,,,,
Random,752,-6.506642338457097,0.23119079147980548,753,0.39324830000987276,,,,
Random,753,-4.048852233776653,0.23119079147980548,754,0.3939548999769613,,,,
Random,754,-3.777925292443222,0.23119079147980548,755,0.3944348000222817,,,,
Random,755,-1.8331463564383812,0.23119079147980548,756,0.39489230001345277,,,,
Random,756,-8.654184711372375,0.23119079147980548,757,0.3953518000198528,,,,
Random,757,-4.941832970971301,0.23119079147980548,758,0.39579819998471066,,,,
Random,758,-5.6391494683542245,0.23119079147980548,759,0.3962288000038825,,,,
Random,759,-7.344651450970645,0.23119079147980548,760,0.3966546999872662,,,,
Random,760,-4.379708493908019,0.23119079147980548,761,0.3971039999742061,,,,
Random,761,-1.237688936940673,0.23119079147980548,762,0.3975771999685094,,,,
Random,762,-6.142081793866957,0.23119079147980548,763,0.39801269996678457,,,,
Random,763,-7.336164625628865,0.23119079147980548,764,0.3984412999707274,,,,
Random,764,-9.132599911725453,0.23119079147980548,765,0.3988697999739088,,,,
Random,765,-0.9006879495469224,0.23119079147980548,766,0.3993235999951139,,,,
Random,766,-5.521916718453802,0.23119079147980548,767,0.39978149998933077,,,,
Random,767,-7.1957721524055,0.23119079147980548,768,0.40021260001230985,,,,
Random,768,-6.347399234964398,0.23119079147980548,769,0.40065169997978956,,,,
Random,769,-6.387845695950055,0.23119079147980548,770,0.4013052000082098,,,,
Random,770,-6.296975247944144,0.23119079147980548,771,0.4017691999906674,,,,
Random,771,-1.584997240984876,0.23119079147980548,772,0.4022469000192359,,,,
Random,772,-3.7134925711148288,0.23119079147980548,773,0.4026886000065133,,,,
Random,773,-8.604786117496873,0.23119079147980548,774,0.40315670002019033,,,,
Random,774,-7.031107628008601,0.23119079147980548,775,0.40361749997828156,,,,
Random,775,-6.373633002495177,0.23119079147980548,776,0.4040742000215687,,,,
Random,776,-5.48950257476761,0.23119079147980548,777,0.40456140000605956,,,,
Random,777,-3.149290371024253,0.23119079147980548,778,0.40503199998056516,,,,
Random,778,-6.249138463821399,0.23119079147980548,779,0.4054857000010088,,,,
Random,779,-6.5451651510483515,0.23119079147980548,780,0.4059247999684885,,,,
Random,780,-8.49265323000383,0.23119079147980548,781,0.4063608999713324,,,,
Random,781,-5.482417081539449,0.23119079147980548,782,0.4067868000129238,,,,
Random,782,-5.098591749632877,0.23119079147980548,783,0.4072493999847211,,,,
Random,783,-7.1048488548345805,0.23119079147980548,784,0.40769329998875037,,,,
Random,784,-6.025870246728713,0.23119079147980548,785,0.4081414999673143,,,,
Random,785,-9.394370768907248,0.23119079147980548,786,0.4085812999983318,,,,
Random,786,-4.972606478393249,0.23119079147980548,787,0.40901190001750365,,,,
Random,787,-3.9861430723214912,0.23119079147980548,788,0.4095662999898195,,,,
Random,788,-10.604237972502661,0.23119079147980548,789,0.41015529999276623,,,,
Random,789,-4.70911941294451,0.23119079147980548,790,0.41062819998478517,,,,
Random,790,-6.290323485992436,0.23119079147980548,791,0.4110755000147037,,,,
Random,791,-5.143428475471452,0.23119079147980548,792,0.41152109997347,,,,
Random,792,-7.4839336754214445,0.23119079147980548,793,0.41194959997665137,,,,
Random,793,-7.62135368838713,0.23119079147980548,794,0.4123734000022523,,,,
Random,794,-8.234967949693678,0.23119079147980548,795,0.41286089998902753,,,,
Random,795,-7.178963024720001,0.23119079147980548,796,0.4133278999943286,,,,
Random,796,-4.207202654650733,0.23119079147980548,797,0.4137598999659531,,,,
Random,797,-3.21047728664516,0.23119079147980548,798,0.41419460001634434,,,,
Random,798,-6.550778535399704,0.23119079147980548,799,0.4146235999651253,,,,
Random,799,-0.6480791070723937,0.23119079147980548,800,0.41508549998980016,,,,
Random,800,-3.3519475774594953,0.23119079147980548,801,0.415691300004255,,,,
Random,801,-4.46885806683215,0.23119079147980548,802,0.416565699968487,,,,
Random,802,-5.562257926366762,0.23119079147980548,803,0.4171802999917418,,,,
Random,803,-5.366305436884934,0.23119079147980548,804,0.41765099996700883,,,,
Random,804,-6.957697670640793,0.23119079147980548,805,0.41809639998245984,,,,
Random,805,-6.275302944739259,0.23119079147980548,806,0.41854240000247955,,,,
Random,806,-6.096416276414313,0.23119079147980548,807,0.4189853999996558,,,,
Random,807,-3.4730397754126985,0.23119079147980548,808,0.4194767000153661,,,,
Random,808,-7.254192431441754,0.23119079147980548,809,0.419953299977351,,,,
Random,809,-5.743668323225827,0.23119079147980548,810,0.42039079999085516,,,,
Random,810,-4.401752868751081,0.23119079147980548,811,0.4208333999849856,,,,
Random,811,-12.15833418476221,0.23119079147980548,812,0.42128170002251863,,,,
Random,812,-1.9144870645849101,0.23119079147980548,813,0.4217633999651298,,,,
Random,813,-4.74329722329362,0.23119079147980548,814,0.4222107999958098,,,,
Random,814,-2.330111947334497,0.23119079147980548,815,0.4226466999971308,,,,
Random,815,-1.4645596835764172,0.23119079147980548,816,0.42308109998703003,,,,
Random,816,-3.4420416816376944,0.23119079147980548,817,0.42352589999791235,,,,
Random,817,-3.2973327983826466,0.23119079147980548,818,0.42396220000227913,,,,
Random,818,-4.118070643720614,0.23119079147980548,819,0.4243957999860868,,,,
Random,819,-6.345607195906673,0.23119079147980548,820,0.4248274000128731,,,,
Random,820,-6.914732628723246,0.23119079147980548,821,0.42539920000126585,,,,
Random,821,-7.117335076463557,0.23119079147980548,822,0.42624329996760935,,,,
Random,822,-5.4203864430814335,0.23119079147980548,823,0.42708569997921586,,,,
Random,823,-8.476964794569962,0.23119079147980548,824,0.42766330001177266,,,,
Random,824,-7.383430026814922,0.23119079147980548,825,0.42815429996699095,,,,
Random,825,-6.731969963830357,0.23119079147980548,826,0.4286038000136614,,,,
Random,826,-4.126725787865721,0.23119079147980548,827,0.4290663999854587,,,,
Random,827,-4.337154259391635,0.23119079147980548,828,0.42960829997900873,,,,
Random,828,-4.5830186308176355,0.23119079147980548,829,0.43008919997373596,,,,
Random,829,-0.5982248536667174,0.23119079147980548,830,0.4308988999691792,,,,
Random,830,-6.156268781844968,0.23119079147980548,831,0.4314332000212744,,,,
Random,831,-5.313470515547505,0.23119079147980548,832,0.4319388999720104,,,,
Random,832,-5.324278618508776,0.23119079147980548,833,0.4324489000136964,,,,
Random,833,-7.614873004924799,0.23119079147980548,834,0.43295789998956025,,,,
Random,834,-7.549580832469819,0.23119079147980548,835,0.4334887000150047,,,,
Random,835,-7.057150890749925,0.23119079147980548,836,0.43397519999416545,,,,
Random,836,-3.219822542637697,0.23119079147980548,837,0.4344837999669835,,,,
Random,837,-6.955967540892885,0.23119079147980548,838,0.43495279998751357,,,,
Random,838,-8.059860903529543,0.23119079147980548,839,0.43539689999306574,,,,
Random,839,-8.041715141196946,0.23119079147980548,840,0.43603559996699914,,,,
Random,840,-9.562828386279076,0.23119079147980548,841,0.4365185999777168,,,,
Random,841,-7.706898453465196,0.23119079147980548,842,0.4369713999913074,,,,
Random,842,-4.309363630885898,0.23119079147980548,843,0.4375159000046551,,,,
Random,843,-1.7860450450238345,0.23119079147980548,844,0.43807139998534694,,,,
Random,844,-5.644983448851066,0.23119079147980548,845,0.4386732999701053,,,,
Random,845,-4.93158568578527,0.23119079147980548,846,0.43920159997651353,,,,
Random,846,-4.448140313799408,0.23119079147980548,847,0.43971639999654144,,,,
Random,847,-4.794598866541027,0.23119079147980548,848,0.440194699971471,,,,
Random,848,-6.304123584500307,0.23119079147980548,849,0.44066889997338876,,,,
Random,849,-6.36193660158235,0.23119079147980548,850,0.4411231999984011,,,,
Random,850,-7.50080308825161,0.23119079147980548,851,0.4415883999899961,,,,
Random,851,-6.519785994494964,0.23119079147980548,852,0.4420326999970712,,,,
Random,852,-5.929274719165027,0.23119079147980548,853,0.4424845000030473,,,,
Random,853,-5.879865085758973,0.23119079147980548,854,0.44317689997842535,,,,
Random,854,-5.819047021703421,0.23119079147980548,855,0.44374030001927167,,,,
Random,855,-3.547251181452242,0.23119079147980548,856,0.4442498999997042,,,,
Random,856,-5.637634400507733,0.23119079147980548,857,0.44473039999138564,,,,
Random,857,-3.73056117525545,0.23119079147980548,858,0.4451960999867879,,,,
Random,858,-2.2990438415112933,0.23119079147980548,859,0.44565559999318793,,,,
Random,859,-5.606139174858794,0.23119079147980548,860,0.44610020000254735,,,,
Random,860,-5.664032699591623,0.23119079147980548,861,0.44656149996444583,,,,
Random,861,-10.050660189365061,0.23119079147980548,862,0.4472454999922775,,,,
Random,862,-4.884986644584936,0.23119079147980548,863,0.44779710000148043,,,,
Random,863,-6.814705158749612,0.23119079147980548,864,0.4483256000094116,,,,
Random,864,-7.366746363570309,0.23119079147980548,865,0.4488746999995783,,,,
Random,865,-6.006475206877909,0.23119079147980548,866,0.4493951000040397,,,,
Random,866,-2.546135855551367,0.23119079147980548,867,0.4499197999830358,,,,
Random,867,-6.208350293694009,0.23119079147980548,868,0.4504465999780223,,,,
Random,868,-7.087219988971958,0.23119079147980548,869,0.4509515999816358,,,,
Random,869,-10.826063983955597,0.23119079147980548,870,0.4514039999921806,,,,
Random,870,-9.215785258765505,0.23119079147980548,871,0.4518489000038244,,,,
Random,871,-4.202878750976801,0.23119079147980548,872,0.4522853000089526,,,,
Random,872,-9.28712866304788,0.23119079147980548,873,0.45273989997804165,,,,
Random,873,-5.583455101383725,0.23119079147980548,874,0.45317849999992177,,,,
Random,874,-7.103111192200899,0.23119079147980548,875,0.45361859997501597,,,,
Random,875,-5.457697477603175,0.23119079147980548,876,0.4540665000095032,,,,
Random,876,-9.176906517124225,0.23119079147980548,877,0.45451900002080947,,,,
Random,877,-5.24911286368253,0.23119079147980548,878,0.4549634999711998,,,,
Random,878,-9.513904797379375,0.23119079147980548,879,0.45539820002159104,,,,
Random,879,-3.1311623759294624,0.23119079147980548,880,0.4558371999883093,,,,
Random,880,-7.3819858058965035,0.23119079147980548,881,0.4562708999728784,,,,
Random,881,-0.796528741633991,0.23119079147980548,882,0.4567168999928981,,,,
Random,882,-9.012735144363726,0.23119079147980548,883,0.45715209998888895,,,,
Random,883,-8.071101801363385,0.23119079147980548,884,0.4576002999674529,,,,
Random,884,-5.241670992751627,0.23119079147980548,885,0.4582110000192188,,,,
Random,885,-6.531973514883291,0.23119079147980548,886,0.458729800011497,,,,
Random,886,-2.0782375037997025,0.23119079147980548,887,0.4592500000144355,,,,
Random,887,-9.638360912469626,0.23119079147980548,888,0.4602005999768153,,,,
Random,888,-2.929455671015759,0.23119079147980548,889,0.4610431999899447,,,,
Random,889,-4.418572824686055,0.23119079147980548,890,0.4616830999730155,,,,
Random,890,-8.689202881763318,0.23119079147980548,891,0.46243720001075417,,,,
Random,891,-7.318232149465904,0.23119079147980548,892,0.46346190001349896,,,,
Random,892,-7.970934284248832,0.23119079147980548,893,0.4641606999794021,,,,
Random,893,-4.3092784653877345,0.23119079147980548,894,0.4646818999899551,,,,
Random,894,-4.621187393777336,0.23119079147980548,895,0.46517059998586774,,,,
Random,895,-8.959954150636317,0.23119079147980548,896,0.46565249998820946,,,,
Random,896,-6.196381530671339,0.23119079147980548,897,0.46611350000603124,,,,
Random,897,-6.507540505362155,0.23119079147980548,898,0.46657529997173697,,,,
Random,898,-7.382791593999397,0.23119079147980548,899,0.4670202999841422,,,,
Random,899,-6.489526165072898,0.23119079147980548,900,0.46747340000001714,,,,
Random,900,-9.402748249943851,0.23119079147980548,901,0.46794790000421926,,,,
Random,901,-6.841540456887024,0.23119079147980548,902,0.4684123999904841,,,,
Random,902,-4.300300687175513,0.23119079147980548,903,0.46886019996600226,,,,
Random,903,-6.51444517684272,0.23119079147980548,904,0.469305099977646,,,,
Random,904,-7.675102405480206,0.23119079147980548,905,0.469759100000374,,,,
Random,905,-6.219645516627989,0.23119079147980548,906,0.47020450001582503,,,,
Random,906,-11.370304008518072,0.23119079147980548,907,0.47064119996502995,,,,
Random,907,-8.573757283511231,0.23119079147980548,908,0.47107660002075136,,,,
Random,908,-7.432877606644252,0.23119079147980548,909,0.4715141999768093,,,,
Random,909,-2.6723558803814074,0.23119079147980548,910,0.4719640999683179,,,,
Random,910,-8.580225445381831,0.23119079147980548,911,0.4724020999856293,,,,
Random,911,-1.9285988859888468,0.23119079147980548,912,0.47283629997400567,,,,
Random,912,-6.652916519422865,0.23119079147980548,913,0.47327219997532666,,,,
Random,913,-6.788608284365994,0.23119079147980548,914,0.4737180999945849,,,,
Random,914,-7.0938157971247655,0.23119079147980548,915,0.47415730002103373,,,,
Random,915,-6.2268079107048475,0.23119079147980548,916,0.4745913000078872,,,,
Random,916,-8.203238308737436,0.23119079147980548,917,0.47502409998560324,,,,
Random,917,-4.726211437033992,0.23119079147980548,918,0.4754687999957241,,,,
Random,918,-7.826115253169105,0.23119079147980548,919,0.4759065000107512,,,,
Random,919,-6.978035817866812,0.23119079147980548,920,0.4764416000107303,,,,
Random,920,-5.069801269303257,0.23119079147980548,921,0.4769323000218719,,,,
Random,921,-5.630437188264142,0.23119079147980548,922,0.47743670002091676,,,,
Random,922,-5.770493709133904,0.23119079147980548,923,0.47791269997833297,,,,
Random,923,-7.5508058158271725,0.23119079147980548,924,0.4783659999957308,,,,
Random,924,-3.5644592591275823,0.23119079147980548,925,0.4788240999914706,,,,
Random,925,-2.349622041788116,0.23119079147980548,926,0.47926140000345185,,,,
Random,926,-4.833922472056778,0.23119079147980548,927,0.4797235999722034,,,,
Random,927,-6.992741615823439,0.23119079147980548,928,0.4801811000215821,,,,
Random,928,-3.9074647997345178,0.23119079147980548,929,0.4806281999917701,,,,
Random,929,-3.7394105370930073,0.23119079147980548,930,0.4810664000106044,,,,
Random,930,-7.284725490990798,0.23119079147980548,931,0.48151339998003095,,,,
Random,931,-7.481185685472283,0.23119079147980548,932,0.4819509999942966,,,,
Random,932,-7.5299277728504475,0.23119079147980548,933,0.48238319996744394,,,,
Random,933,-5.693445908843755,0.23119079147980548,934,0.4828241000068374,,,,
Random,934,-4.178595404462778,0.23119079147980548,935,0.48325649998150766,,,,
Random,935,-8.872981552028797,0.23119079147980548,936,0.48370059998705983,,,,
Random,936,-3.4128349023282514,0.23119079147980548,937,0.484136099985335,,,,
Random,937,-1.0608552326307872,0.23119079147980548,938,0.4845698999706656,,,,
Random,938,-8.89348462926765,0.23119079147980548,939,0.48500260000582784,,,,
Random,939,-6.166507704333912,0.23119079147980548,940,0.48544429999310523,,,,
Random,940,-7.207860349083234,0.23119079147980548,941,0.4858812000020407,,,,
Random,941,-4.336051466602385,0.23119079147980548,942,0.48631760000716895,,,,
Random,942,-8.214319263267527,0.23119079147980548,943,0.48675069998716936,,,,
Random,943,-3.7376891580427984,0.23119079147980548,944,0.4871894000098109,,,,
Random,944,-8.348002854590035,0.23119079147980548,945,0.4876411000150256,,,,
Random,945,-10.139009522565551,0.23119079147980548,946,0.48808540002210066,,,,
Random,946,-11.855642038073018,0.23119079147980548,947,0.488562099984847,,,,
Random,947,-5.016770020383277,0.23119079147980548,948,0.48903019999852404,,,,
Random,948,-8.639758231668468,0.23119079147980548,949,0.4894914000178687,,,,
Random,949,-9.516008439987685,0.23119079147980548,950,0.48994679999304935,,,,
Random,950,-4.732486271511004,0.23119079147980548,951,0.49039400002220646,,,,
Random,951,-4.329705615008035,0.23119079147980548,952,0.4908354000071995,,,,
Random,952,-8.047925001375948,0.23119079147980548,953,0.49127559998305514,,,,
Random,953,-7.2783796919761015,0.23119079147980548,954,0.49172759999055415,,,,
Random,954,-5.48441377339698,0.23119079147980548,955,0.49217089999001473,,,,
Random,955,-6.137858243847383,0.23119079147980548,956,0.4933393999817781,,,,
Random,956,-4.5160583441137065,0.23119079147980548,957,0.49426449998281896,,,,
Random,957,-8.810933354361653,0.23119079147980548,958,0.49482399999396876,,,,
Random,958,-3.783830795014646,0.23119079147980548,959,0.4953622000175528,,,,
Random,959,-7.471514858683223,0.23119079147980548,960,0.49593400000594556,,,,
Random,960,-7.86049977657912,0.23119079147980548,961,0.4963856000103988,,,,
Random,961,-9.72934003539424,0.23119079147980548,962,0.4968415999901481,,,,
Random,962,-7.041640849592875,0.23119079147980548,963,0.4973454999853857,,,,
Random,963,-6.043922684353447,0.23119079147980548,964,0.4978349999873899,,,,
Random,964,-8.000063152948297,0.23119079147980548,965,0.49829269998008385,,,,
Random,965,-3.8713346952598124,0.23119079147980548,966,0.4987597999861464,,,,
Random,966,-4.736556970492352,0.23119079147980548,967,0.4992612000205554,,,,
Random,967,-6.078670930275753,0.23119079147980548,968,0.49980029999278486,,,,
Random,968,-10.014215595416438,0.23119079147980548,969,0.5002874999772757,,,,
Random,969,-6.189611018224948,0.23119079147980548,970,0.5008083999855444,,,,
Random,970,-5.134322688506016,0.23119079147980548,971,0.501277300005313,,,,
Random,971,-6.290812868417493,0.23119079147980548,972,0.5017231999663636,,,,
Random,972,-8.6001896380526,0.23119079147980548,973,0.5021755999769084,,,,
Random,973,-4.362899362544327,0.23119079147980548,974,0.5026207999908365,,,,
Random,974,-8.07402333447624,0.23119079147980548,975,0.5030732000013813,,,,
Random,975,-8.765012190340837,0.23119079147980548,976,0.5039247999666259,,,,
Random,976,-5.027052524296817,0.23119079147980548,977,0.5047219999833032,,,,
Random,977,-10.86001996436957,0.23119079147980548,978,0.5051983000012115,,,,
Random,978,-3.69293409196911,0.23119079147980548,979,0.5056934999884106,,,,
Random,979,-7.203657626968518,0.23119079147980548,980,0.5061389000038616,,,,
Random,980,-5.814084374196035,0.23119079147980548,981,0.5065765000181273,,,,
Random,981,-6.2857646101827935,0.23119079147980548,982,0.5070912999799475,,,,
Random,982,-6.639477423740379,0.23119079147980548,983,0.5075991000048816,,,,
Random,983,-5.37226907927032,0.23119079147980548,984,0.5081082999822684,,,,
Random,984,-6.166379751859725,0.23119079147980548,985,0.5085653999703936,,,,
Random,985,-3.949559010133897,0.23119079147980548,986,0.5090210000053048,,,,
Random,986,-5.671343369556377,0.23119079147980548,987,0.5096562000107951,,,,
Random,987,-6.6224807939396,0.23119079147980548,988,0.5102259999839589,,,,
Random,988,-2.173703892880778,0.23119079147980548,989,0.5107334000058472,,,,
Random,989,-5.115343739442748,0.23119079147980548,990,0.5112098999670707,,,,
Random,990,-6.611013128713472,0.23119079147980548,991,0.5116592000122182,,,,
Random,991,-6.887576466925468,0.23119079147980548,992,0.512125700013712,,,,
Random,992,-5.2399475296671305,0.23119079147980548,993,0.5126553999725729,,,,
Random,993,-6.8999539736287385,0.23119079147980548,994,0.5131801000097767,,,,
Random,994,-3.325965190341048,0.23119079147980548,995,0.5136592999915592,,,,
Random,995,-4.382829552706335,0.23119079147980548,996,0.514163899992127,,,,
Random,996,-1.515883581861381,0.23119079147980548,997,0.5146424999693409,,,,
Random,997,-6.026858703824268,0.23119079147980548,998,0.515085100021679,,,,
Random,998,-5.110279038202956,0.23119079147980548,999,0.5155390999861993,,,,
Random,999,-8.475617284141103,0.23119079147980548,1000,0.5159737999783829,,,,
Random,1000,-3.433967284330033,0.23119079147980548,1001,0.516409499978181,,,,
Random,1001,-3.6237004592231576,0.23119079147980548,1002,0.5168504000175744,,,,
Random,1002,-2.417826872654507,0.23119079147980548,1003,0.5172959999763407,,,,
Random,1003,-3.0700731130405066,0.23119079147980548,1004,0.5177248999825679,,,,
Random,1004,-8.45444577796555,0.23119079147980548,1005,0.5181492000119761,,,,
Random,1005,-5.88925621621577,0.23119079147980548,1006,0.5185997000080533,,,,
Random,1006,-4.717910019641804,0.23119079147980548,1007,0.5190364000154659,,,,
Random,1007,-8.824491544400303,0.23119079147980548,1008,0.5194846999947913,,,,
Random,1008,-8.305717661045861,0.23119079147980548,1009,0.5199192999862134,,,,
Random,1009,-6.0104177611703165,0.23119079147980548,1010,0.5203442000201903,,,,
Random,1010,-5.986922565639072,0.23119079147980548,1011,0.5207815999747254,,,,
Random,1011,-7.379837123687032,0.23119079147980548,1012,0.5212368000065908,,,,
Random,1012,-1.7519069871584332,0.23119079147980548,1013,0.5216715999995358,,,,
Random,1013,-9.622692585419383,0.23119079147980548,1014,0.5221007000072859,,,,
Random,1014,-7.376839057492434,0.23119079147980548,1015,0.5225262999883853,,,,
Random,1015,-2.0024376671760056,0.23119079147980548,1016,0.5230300999828614,,,,
Random,1016,-5.746261236737026,0.23119079147980548,1017,0.5235059999977238,,,,
Random,1017,-6.892155850352754,0.23119079147980548,1018,0.5239633999881335,,,,
Random,1018,-5.929981125912376,0.23119079147980548,1019,0.5243953000172041,,,,
Random,1019,-6.761243658653516,0.23119079147980548,1020,0.5248442000010982,,,,
Random,1020,-5.991197319571711,0.23119079147980548,1021,0.5252751999651082,,,,
Random,1021,-6.842111415848973,0.23119079147980548,1022,0.5257006000028923,,,,
Random,1022,-2.96326297534777,0.23119079147980548,1023,0.5261241999687627,,,,
Random,1023,-4.171793805375129,0.23119079147980548,1024,0.5265808000112884,,,,
Random,1024,-4.120594374395729,0.23119079147980548,1025,0.5270390000077896,,,,
Random,1025,-5.3135065063871725,0.23119079147980548,1026,0.527502299984917,,,,
Random,1026,-2.274805334908859,0.23119079147980548,1027,0.527948800008744,,,,
Random,1027,-3.0755553411456793,0.23119079147980548,1028,0.5283816999872215,,,,
Random,1028,-2.415825070786714,0.23119079147980548,1029,0.5288198000052944,,,,
Random,1029,-4.781633504280173,0.23119079147980548,1030,0.5292667999747209,,,,
Random,1030,-5.431227301273143,0.23119079147980548,1031,0.529772799985949,,,,
Random,1031,-4.40527920097445,0.23119079147980548,1032,0.5302465999848209,,,,
Random,1032,-7.794413957988642,0.23119079147980548,1033,0.5306999000022188,,,,
Random,1033,-5.6125717820402246,0.23119079147980548,1034,0.5311618999694474,,,,
Random,1034,-6.120645436673815,0.23119079147980548,1035,0.5316013999981806,,,,
Random,1035,-8.799860983675906,0.23119079147980548,1036,0.5320345999789424,,,,
Random,1036,-8.598475817590023,0.23119079147980548,1037,0.5324791999883018,,,,
Random,1037,-8.367346652391872,0.23119079147980548,1038,0.5329139999812469,,,,
Random,1038,-5.022731995758372,0.23119079147980548,1039,0.5333411999745294,,,,
Random,1039,-6.643826754283713,0.23119079147980548,1040,0.533781000005547,,,,
Random,1040,-4.881996807687646,0.23119079147980548,1041,0.5342089000041597,,,,
Random,1041,-6.525583784535784,0.23119079147980548,1042,0.5346529000089504,,,,
Random,1042,-8.318951639962586,0.23119079147980548,1043,0.535081000009086,,,,
Random,1043,-5.967149448382114,0.23119079147980548,1044,0.5355195999727584,,,,
Random,1044,-4.6560311067948925,0.23119079147980548,1045,0.5359479999751784,,,,
Random,1045,-7.352385364426505,0.23119079147980548,1046,0.5363838999764994,,,,
Random,1046,-5.35228367637726,0.23119079147980548,1047,0.5368118999758735,,,,
Random,1047,-7.1495969283352645,0.23119079147980548,1048,0.5372770999674685,,,,
Random,1048,-1.7071659187056767,0.23119079147980548,1049,0.5379721000208519,,,,
Random,1049,-4.857404422532338,0.23119079147980548,1050,0.5384561999817379,,,,
Random,1050,-10.100350499779882,0.23119079147980548,1051,0.5388901999685913,,,,
Random,1051,-8.293280083385802,0.23119079147980548,1052,0.5393487999681383,,,,
Random,1052,-8.001094873771386,0.23119079147980548,1053,0.5397793999873102,,,,
Random,1053,-3.254084460053986,0.23119079147980548,1054,0.5402138999779709,,,,
Random,1054,-4.997163762322711,0.23119079147980548,1055,0.540649599977769,,,,
Random,1055,-6.038373505564556,0.23119079147980548,1056,0.5410755000193603,,,,
Random,1056,-8.752107475543113,0.23119079147980548,1057,0.5415118999662809,,,,
Random,1057,-5.0130165707988255,0.23119079147980548,1058,0.5419412999763153,,,,
Random,1058,-6.110282803838668,0.23119079147980548,1059,0.5423665000125766,,,,
Random,1059,-6.626728014724921,0.23119079147980548,1060,0.5427909999853,,,,
Random,1060,-8.865826415916105,0.23119079147980548,1061,0.5435845999745652,,,,
Random,1061,-8.078005737612216,0.23119079147980548,1062,0.5442391000105999,,,,
Random,1062,-6.114508072667119,0.23119079147980548,1063,0.5447850999771617,,,,
Random,1063,0.21258015711232536,0.23119079147980548,1064,0.5452302999910899,,,,
Random,1064,-5.045714418707721,0.23119079147980548,1065,0.5456976999994367,,,,
Random,1065,-7.437174236834263,0.23119079147980548,1066,0.5462120000156574,,,,
Random,1066,-5.275423214742046,0.23119079147980548,1067,0.5466523999930359,,,,
Random,1067,-7.84731394401949,0.23119079147980548,1068,0.5471278000040911,,,,
Random,1068,-1.6966031687297178,0.23119079147980548,1069,0.5475777999963611,,,,
Random,1069,-9.262310520389638,0.23119079147980548,1070,0.5480568999773823,,,,
Random,1070,-4.271851317067756,0.23119079147980548,1071,0.5485293999663554,,,,
Random,1071,-7.374049322806616,0.23119079147980548,1072,0.5490192999714054,,,,
Random,1072,-2.3590830076831883,0.23119079147980548,1073,0.549620000005234,,,,
Random,1073,-5.235699319048536,0.23119079147980548,1074,0.5501903999829665,,,,
Random,1074,-8.20276795242184,0.23119079147980548,1075,0.5507546999724582,,,,
Random,1075,-7.5705998343230805,0.23119079147980548,1076,0.5512237999937497,,,,
Random,1076,-7.502099467519134,0.23119079147980548,1077,0.5517096999683417,,,,
Random,1077,-5.593319705523259,0.23119079147980548,1078,0.5521605999674648,,,,
Random,1078,-6.241332017427462,0.23119079147980548,1079,0.552600099996198,,,,
Random,1079,-10.741911935386046,0.23119079147980548,1080,0.5533005999750458,,,,
Random,1080,-8.457264195655547,0.23119079147980548,1081,0.5538093000068329,,,,
Random,1081,-3.541533211092773,0.23119079147980548,1082,0.5542577999876812,,,,
Random,1082,-4.57750727425649,0.23119079147980548,1083,0.554746099980548,,,,
Random,1083,-4.667009938822465,0.23119079147980548,1084,0.5551882999716327,,,,
Random,1084,-4.860189905371438,0.23119079147980548,1085,0.5556265999912284,,,,
Random,1085,-4.399198767189032,0.23119079147980548,1086,0.5560697999899276,,,,
Random,1086,-4.21425596439461,0.23119079147980548,1087,0.5565128999878652,,,,
Random,1087,-5.71762466828525,0.23119079147980548,1088,0.5569701999775134,,,,
Random,1088,-5.046065685517429,0.23119079147980548,1089,0.5574730999651365,,,,
Random,1089,-2.948384438211547,0.23119079147980548,1090,0.5579068000079133,,,,
Random,1090,-7.601047870053043,0.23119079147980548,1091,0.5583430000115186,,,,
Random,1091,-5.510484256700545,0.23119079147980548,1092,0.5587842999957502,,,,
Random,1092,-9.284634022611542,0.23119079147980548,1093,0.5592223000130616,,,,
Random,1093,-8.999161857771941,0.23119079147980548,1094,0.559857300017029,,,,
Random,1094,-10.324660087352976,0.23119079147980548,1095,0.5605012999731116,,,,
Random,1095,-2.9939589389339174,0.23119079147980548,1096,0.561003000009805,,,,
Random,1096,-3.137983026261389,0.23119079147980548,1097,0.5615097999689169,,,,
Random,1097,-6.948149634800268,0.23119079147980548,1098,0.5619889000081457,,,,
Random,1098,-2.740604093020316,0.23119079147980548,1099,0.5625082000042312,,,,
Random,1099,-3.122655244646168,0.23119079147980548,1100,0.5630218000151217,,,,
Random,1100,-5.401330643212148,0.23119079147980548,1101,0.5635265000164509,,,,
Random,1101,-2.3070963787466034,0.23119079147980548,1102,0.5640023999731056,,,,
Random,1102,-3.5856994845517782,0.23119079147980548,1103,0.5645076999790035,,,,
Random,1103,-3.8866503063956195,0.23119079147980548,1104,0.5649744999827817,,,,
Random,1104,-5.810053959748981,0.23119079147980548,1105,0.5654118999955244,,,,
Random,1105,-4.189800928596089,0.23119079147980548,1106,0.5658472999930382,,,,
Random,1106,-3.7046737681038775,0.23119079147980548,1107,0.566281599982176,,,,
Random,1107,-0.37217576957032783,0.23119079147980548,1108,0.5667228999664076,,,,
Random,1108,-2.6767626502450153,0.23119079147980548,1109,0.5671540999901481,,,,
Random,1109,-7.140852808991472,0.23119079147980548,1110,0.567590199992992,,,,
Random,1110,-2.0205534308120154,0.23119079147980548,1111,0.568021500017494,,,,
Random,1111,-0.8389971663210067,0.23119079147980548,1112,0.5686695000040345,,,,
Random,1112,-6.034078936720848,0.23119079147980548,1113,0.5691579999984242,,,,
Random,1113,-6.890483205048858,0.23119079147980548,1114,0.5696517999749631,,,,
Random,1114,-8.51126866891141,0.23119079147980548,1115,0.5701016999664716,,,,
Random,1115,-6.907675513674473,0.23119079147980548,1116,0.5705926999798976,,,,
Random,1116,-8.261386732134495,0.23119079147980548,1117,0.5711104000220075,,,,
Random,1117,-10.224026724639755,0.23119079147980548,1118,0.5715854999725707,,,,
Random,1118,-5.190519663189514,0.23119079147980548,1119,0.5720503000193276,,,,
Random,1119,-6.407061597240424,0.23119079147980548,1120,0.5725161000154912,,,,
Random,1120,-3.1777934482946737,0.23119079147980548,1121,0.5729659000062384,,,,
Random,1121,-6.353071670664146,0.23119079147980548,1122,0.5733954000170343,,,,
Random,1122,-8.336570024682517,0.23119079147980548,1123,0.5738209999981336,,,,
Random,1123,-3.382976002440305,0.23119079147980548,1124,0.5742635999922641,,,,
Random,1124,-6.823554578481761,0.23119079147980548,1125,0.5746917999931611,,,,
Random,1125,-5.523876543489972,0.23119079147980548,1126,0.5751146000111476,,,,
Random,1126,-1.2620443881188548,0.23119079147980548,1127,0.5755423000082374,,,,
Random,1127,-7.3423422727732985,0.23119079147980548,1128,0.5759645000216551,,,,
Random,1128,-7.791476246279132,0.23119079147980548,1129,0.5764149000169709,,,,
Random,1129,-3.3430026406566515,0.23119079147980548,1130,0.5768518999684602,,,,
Random,1130,-7.848217576139938,0.23119079147980548,1131,0.577277900010813,,,,
Random,1131,-2.2111968229605283,0.23119079147980548,1132,0.5777021999820136,,,,
Random,1132,-9.352273285394993,0.23119079147980548,1133,0.5781352000194602,,,,
Random,1133,-3.747480911982844,0.23119079147980548,1134,0.5787294000037946,,,,
Random,1134,-3.4438377633840602,0.23119079147980548,1135,0.5792307999799959,,,,
Random,1135,-1.4686732000723035,0.23119079147980548,1136,0.5797408000216819,,,,
Random,1136,-5.4371151226961665,0.23119079147980548,1137,0.5802441000123508,,,,
Random,1137,-9.61805629348057,0.23119079147980548,1138,0.5807575000217184,,,,
Random,1138,-6.701131105694808,0.23119079147980548,1139,0.5813242999720387,,,,
Random,1139,-7.8102921944697785,0.23119079147980548,1140,0.5818294999771751,,,,
Random,1140,-6.612380622281562,0.23119079147980548,1141,0.5823184999753721,,,,
Random,1141,-3.465590173470292,0.23119079147980548,1142,0.582861699978821,,,,
Random,1142,-3.675137435520365,0.23119079147980548,1143,0.5835001000086777,,,,
Random,1143,-2.5176683164797224,0.23119079147980548,1144,0.5841467999853194,,,,
Random,1144,-5.310980931571519,0.23119079147980548,1145,0.5846415999694727,,,,
Random,1145,-3.315829185066552,0.23119079147980548,1146,0.5851165999774821,,,,
Random,1146,-4.774932656723133,0.23119079147980548,1147,0.5856049999711104,,,,
Random,1147,-4.874007416361806,0.23119079147980548,1148,0.5860847000149079,,,,
Random,1148,-5.581242187313457,0.23119079147980548,1149,0.586598799971398,,,,
Random,1149,-2.1998043561916356,0.23119079147980548,1150,0.5870920000015758,,,,
Random,1150,-4.935295215610875,0.23119079147980548,1151,0.5876069000223652,,,,
Random,1151,-5.063041839145786,0.23119079147980548,1152,0.5881523999851197,,,,
Random,1152,-0.6336307342107221,0.23119079147980548,1153,0.5886386000202037,,,,
Random,1153,-5.906816261947991,0.23119079147980548,1154,0.5891321999952197,,,,
Random,1154,-7.525471070809969,0.23119079147980548,1155,0.5896016000187956,,,,
Random,1155,-5.03658164981835,0.23119079147980548,1156,0.5900439000106417,,,,
Random,1156,-6.588355356389829,0.23119079147980548,1157,0.5904939000029117,,,,
Random,1157,-2.4079493438282373,0.23119079147980548,1158,0.5909714999725111,,,,
Random,1158,-4.640801224494395,0.23119079147980548,1159,0.5914389999816194,,,,
Random,1159,-1.0202148831537587,0.23119079147980548,1160,0.5919006000040099,,,,
Random,1160,-4.539050933451689,0.23119079147980548,1161,0.5923521000077017,,,,
Random,1161,-2.017052179664712,0.23119079147980548,1162,0.5928019999992102,,,,
Random,1162,-3.3475582112596807,0.23119079147980548,1163,0.5934426999883726,,,,
Random,1163,-5.683530661073313,0.23119079147980548,1164,0.5941756999818608,,,,
Random,1164,-6.60739310606121,0.23119079147980548,1165,0.5947784999734722,,,,
Random,1165,-7.208747417529215,0.23119079147980548,1166,0.5952833999763243,,,,
Random,1166,-2.9206572908935033,0.23119079147980548,1167,0.5957559999660589,,,,
Random,1167,-3.7488680428575427,0.23119079147980548,1168,0.5962099999887869,,,,
Random,1168,-9.191912910178372,0.23119079147980548,1169,0.5966468999977224,,,,
Random,1169,-2.6384420571490557,0.23119079147980548,1170,0.5970943999709561,,,,
Random,1170,-5.5399641864001605,0.23119079147980548,1171,0.5975458999746479,,,,
Random,1171,-1.6634439124652878,0.23119079147980548,1172,0.5980227999971248,,,,
Random,1172,-3.5418802994201775,0.23119079147980548,1173,0.5984772999654524,,,,
Random,1173,-3.3162071738053847,0.23119079147980548,1174,0.5990729000186548,,,,
Random,1174,-9.518506355383144,0.23119079147980548,1175,0.5999142000218853,,,,
Random,1175,-4.0152964144443155,0.23119079147980548,1176,0.6006905999965966,,,,
Random,1176,-4.827194328133074,0.23119079147980548,1177,0.6011582000064664,,,,
Random,1177,-11.18684030991621,0.23119079147980548,1178,0.601603300019633,,,,
Random,1178,-6.834614094118149,0.23119079147980548,1179,0.6020350999897346,,,,
Random,1179,-7.449637481543264,0.23119079147980548,1180,0.6024683999712579,,,,
Random,1180,-8.569815063051912,0.23119079147980548,1181,0.6029082000022754,,,,
Random,1181,0.36649410850789055,0.36649410850789055,1182,0.6033504999941215,,,,
Random,1182,-5.849403135847402,0.36649410850789055,1183,0.6037777999881655,,,,
Random,1183,-5.691620692743184,0.36649410850789055,1184,0.6042062999913469,,,,
Random,1184,-4.626781997083061,0.36649410850789055,1185,0.6046391999698244,,,,
Random,1185,-4.888371449677249,0.36649410850789055,1186,0.6050697999889962,,,,
Random,1186,-9.36298761852646,0.36649410850789055,1187,0.6054946999647655,,,,
Random,1187,-5.504644891038996,0.36649410850789055,1188,0.605918199988082,,,,
Random,1188,-6.57151927291038,0.36649410850789055,1189,0.6063418000121601,,,,
Random,1189,-4.628026350094814,0.36649410850789055,1190,0.6067741999868304,,,,
Random,1190,-0.6052694482989947,0.36649410850789055,1191,0.6072036999976262,,,,
Random,1191,-9.633929800127525,0.36649410850789055,1192,0.6076271000201814,,,,
Random,1192,-7.509783898825864,0.36649410850789055,1193,0.6080503999837674,,,,
Random,1193,-5.3237677813563895,0.36649410850789055,1194,0.6084756000200287,,,,
Random,1194,-7.612699481775978,0.36649410850789055,1195,0.6089177000103518,,,,
Random,1195,-2.9062734879199885,0.36649410850789055,1196,0.6093488999758847,,,,
Random,1196,-5.362802045273716,0.36649410850789055,1197,0.6100554000004195,,,,
Random,1197,-2.629139164427881,0.36649410850789055,1198,0.6107125999988057,,,,
Random,1198,-0.7551330879965943,0.36649410850789055,1199,0.6113312999950722,,,,
Random,1199,-4.503294080481126,0.36649410850789055,1200,0.612053599965293,,,,
Random,1200,-6.878640448669213,0.36649410850789055,1201,0.6125326000037603,,,,
Random,1201,-6.480430826956401,0.36649410850789055,1202,0.6130061000003479,,,,
Random,1202,-4.458611678476502,0.36649410850789055,1203,0.6134992999723181,,,,
Random,1203,-4.067850068704821,0.36649410850789055,1204,0.6139450999908149,,,,
Random,1204,-2.4164850843194894,0.36649410850789055,1205,0.6146257999935187,,,,
Random,1205,-8.278120160197453,0.36649410850789055,1206,0.6151634000125341,,,,
Random,1206,-1.781288642997295,0.36649410850789055,1207,0.6156427999958396,,,,
Random,1207,-6.438105137840996,0.36649410850789055,1208,0.6161497000139207,,,,
Random,1208,-7.462053930105517,0.36649410850789055,1209,0.6166042999830097,,,,
Random,1209,-9.160564859907376,0.36649410850789055,1210,0.6170559999882244,,,,
Random,1210,-4.465747881279356,0.36649410850789055,1211,0.6175689999945462,,,,
Random,1211,-3.8461165814434946,0.36649410850789055,1212,0.6182883000001311,,,,
Random,1212,-0.6108275005296986,0.36649410850789055,1213,0.6187788000097498,,,,
Random,1213,-3.156870663502644,0.36649410850789055,1214,0.6192884999909438,,,,
Random,1214,-7.496314931401402,0.36649410850789055,1215,0.6197765999822877,,,,
Random,1215,-5.363019458974508,0.36649410850789055,1216,0.6202114999759942,,,,
Random,1216,-7.4480404858945395,0.36649410850789055,1217,0.6206708999816328,,,,
Random,1217,-6.3292723169363985,0.36649410850789055,1218,0.6211116000195034,,,,
Random,1218,-5.630897403474586,0.36649410850789055,1219,0.6215477999649011,,,,
Random,1219,-5.986965871113841,0.36649410850789055,1220,0.622006599965971,,,,
Random,1220,-6.659744645080439,0.36649410850789055,1221,0.622455800010357,,,,
Random,1221,-3.7961553030132404,0.36649410850789055,1222,0.6229306000168435,,,,
Random,1222,-6.838164206879247,0.36649410850789055,1223,0.6234085999894887,,,,
Random,1223,-3.903720914353306,0.36649410850789055,1224,0.6239418999757618,,,,
Random,1224,-7.201282054303446,0.36649410850789055,1225,0.6244257999933325,,,,
Random,1225,-4.253357355080319,0.36649410850789055,1226,0.624897499976214,,,,
Random,1226,-6.519080764497339,0.36649410850789055,1227,0.6253532000118867,,,,
Random,1227,-5.78309198861079,0.36649410850789055,1228,0.625810099998489,,,,
Random,1228,-7.228297914050417,0.36649410850789055,1229,0.6263151000021026,,,,
Random,1229,-6.996066786154504,0.36649410850789055,1230,0.6269600999657996,,,,
Random,1230,-6.421845632131541,0.36649410850789055,1231,0.6275041999761015,,,,
Random,1231,-11.238726746161433,0.36649410850789055,1232,0.628080399997998,,,,
Random,1232,-5.46772739472282,0.36649410850789055,1233,0.6285776000004262,,,,
Random,1233,-3.4154125996086866,0.36649410850789055,1234,0.6290935999713838,,,,
Random,1234,-6.652672563744711,0.36649410850789055,1235,0.6297183000133373,,,,
Random,1235,-3.515401750721475,0.36649410850789055,1236,0.630367900012061,,,,
Random,1236,-7.657313384645491,0.36649410850789055,1237,0.6308398999972269,,,,
Random,1237,-4.352842216949326,0.36649410850789055,1238,0.6313053999911062,,,,
Random,1238,-6.914133297957228,0.36649410850789055,1239,0.6317754000192508,,,,
Random,1239,-10.524275610569898,0.36649410850789055,1240,0.6322351999697275,,,,
Random,1240,-3.198020611320441,0.36649410850789055,1241,0.6327643999829888,,,,
Random,1241,-6.421060325770201,0.36649410850789055,1242,0.6332416000077501,,,,
Random,1242,-6.580200158034908,0.36649410850789055,1243,0.6337039999780245,,,,
Random,1243,0.05310963017306625,0.36649410850789055,1244,0.6342015999834985,,,,
Random,1244,-3.7440035535316487,0.36649410850789055,1245,0.6346792000113055,,,,
Random,1245,-5.936494920865613,0.36649410850789055,1246,0.6351475999690592,,,,
Random,1246,-8.727883957847318,0.36649410850789055,1247,0.6356069999746978,,,,
Random,1247,-1.7716158097522596,0.36649410850789055,1248,0.6360788000165485,,,,
Random,1248,-3.3038263094559666,0.36649410850789055,1249,0.6365313999704085,,,,
Random,1249,-8.028947627001969,0.36649410850789055,1250,0.6369862999999896,,,,
Random,1250,-7.398938698952441,0.36649410850789055,1251,0.6374477000208572,,,,
Random,1251,-3.9668880459591818,0.36649410850789055,1252,0.6379317999817431,,,,
Random,1252,-3.520403028595601,0.36649410850789055,1253,0.6384441999834962,,,,
Random,1253,-6.553034804715254,0.36649410850789055,1254,0.6389176999800839,,,,
Random,1254,-4.677307046042614,0.36649410850789055,1255,0.6394761999836192,,,,
Random,1255,-10.251343250035326,0.36649410850789055,1256,0.6400543000199832,,,,
Random,1256,-4.210568257484455,0.36649410850789055,1257,0.6405323999933898,,,,
Random,1257,-5.575714007842471,0.36649410850789055,1258,0.6409977999865077,,,,
Random,1258,-5.688077806251403,0.36649410850789055,1259,0.6414471999742091,,,,
Random,1259,-5.121880937723193,0.36649410850789055,1260,0.6419239999959245,,,,
Random,1260,-8.603512191282572,0.36649410850789055,1261,0.6423636999679729,,,,
Random,1261,-13.111190729474615,0.36649410850789055,1262,0.6428158999769948,,,,
Random,1262,-2.5465734062850727,0.36649410850789055,1263,0.6434669999871403,,,,
Random,1263,-8.081912208476151,0.36649410850789055,1264,0.6442294999724254,,,,
Random,1264,-5.981114798806723,0.36649410850789055,1265,0.6448270999826491,,,,
Random,1265,-6.267526897108766,0.36649410850789055,1266,0.6453205000143498,,,,
Random,1266,-3.0781143953508785,0.36649410850789055,1267,0.6457915999926627,,,,
Random,1267,-5.2104100730183625,0.36649410850789055,1268,0.6462273999932222,,,,
Random,1268,-5.43993599393406,0.36649410850789055,1269,0.6466701999888755,,,,
Random,1269,-3.622666709831914,0.36649410850789055,1270,0.647125999967102,,,,
Random,1270,-5.155318255566363,0.36649410850789055,1271,0.6476063000154682,,,,
Random,1271,-9.224421076111067,0.36649410850789055,1272,0.6480739999678917,,,,
Random,1272,-2.393540012096878,0.36649410850789055,1273,0.6485838000080548,,,,
Random,1273,-6.084354158571998,0.36649410850789055,1274,0.6491266000084579,,,,
Random,1274,-6.2284502226649066,0.36649410850789055,1275,0.6496631000190973,,,,
Random,1275,-5.1780437037557245,0.36649410850789055,1276,0.6501979000167921,,,,
Random,1276,-4.1203097438998455,0.36649410850789055,1277,0.6507195999729447,,,,
Random,1277,-4.889459336634795,0.36649410850789055,1278,0.6511931999702938,,,,
Random,1278,-4.6588371544065135,0.36649410850789055,1279,0.6516386999865063,,,,
Random,1279,-5.756446093498582,0.36649410850789055,1280,0.6520939000183716,,,,
Random,1280,-5.687241954674285,0.36649410850789055,1281,0.6525344999972731,,,,
Random,1281,-5.840416108881136,0.36649410850789055,1282,0.6529854999971576,,,,
Random,1282,-6.240054491606024,0.36649410850789055,1283,0.6534347999840975,,,,
Random,1283,-5.229976196046373,0.36649410850789055,1284,0.6538683999679051,,,,
Random,1284,-9.101979691969515,0.36649410850789055,1285,0.6543222999898717,,,,
Random,1285,-7.179591830456184,0.36649410850789055,1286,0.6547708999714814,,,,
Random,1286,-4.1026285813982835,0.36649410850789055,1287,0.655209599994123,,,,
Random,1287,-7.332608787479631,0.36649410850789055,1288,0.6556474000099115,,,,
Random,1288,-7.294778959621477,0.36649410850789055,1289,0.656085999973584,,,,
Random,1289,-5.034420389351453,0.36649410850789055,1290,0.6565112000098452,,,,
Random,1290,-4.406474177762004,0.36649410850789055,1291,0.6569467000081204,,,,
Random,1291,-6.793097501823377,0.36649410850789055,1292,0.6576109000016004,,,,
Random,1292,-3.524944404293075,0.36649410850789055,1293,0.6580952000222169,,,,
Random,1293,-6.718708492639395,0.36649410850789055,1294,0.6585403999779373,,,,
Random,1294,-8.283936343411831,0.36649410850789055,1295,0.6589719000039622,,,,
Random,1295,-6.451228291007628,0.36649410850789055,1296,0.6599564999924041,,,,
Random,1296,-8.804760222319773,0.36649410850789055,1297,0.660571800020989,,,,
Random,1297,-3.5551910741277064,0.36649410850789055,1298,0.6611608999664895,,,,
Random,1298,-4.266388919868367,0.36649410850789055,1299,0.6617658999748528,,,,
Random,1299,-9.911100216346794,0.36649410850789055,1300,0.662386099982541,,,,
Random,1300,-6.903959120549347,0.36649410850789055,1301,0.6629037999664433,,,,
Random,1301,-4.464604068324661,0.36649410850789055,1302,0.6635151999653317,,,,
Random,1302,-6.000013884752649,0.36649410850789055,1303,0.6640227999887429,,,,
Random,1303,-8.67549505860374,0.36649410850789055,1304,0.6645411999779753,,,,
Random,1304,-5.76416286586509,0.36649410850789055,1305,0.6650302999769337,,,,
Random,1305,-2.832686972429298,0.36649410850789055,1306,0.6655213999911211,,,,
Random,1306,-8.780156846759933,0.36649410850789055,1307,0.665999999968335,,,,
Random,1307,-5.780845549157093,0.36649410850789055,1308,0.6665135999792255,,,,
Random,1308,-6.7595556964955605,0.36649410850789055,1309,0.6670017999713309,,,,
Random,1309,-4.338753396159156,0.36649410850789055,1310,0.6675272000138648,,,,
Random,1310,-4.635245725236684,0.36649410850789055,1311,0.6680263999733143,,,,
Random,1311,-1.976980310986768,0.36649410850789055,1312,0.6685228999704123,,,,
Random,1312,-1.9374231383910923,0.36649410850789055,1313,0.6689792000106536,,,,
Random,1313,-4.721733880022878,0.36649410850789055,1314,0.6694335999782197,,,,
Random,1314,-4.822310170660877,0.36649410850789055,1315,0.6698970000143163,,,,
Random,1315,-6.7848766163177965,0.36649410850789055,1316,0.670328599982895,,,,
Random,1316,-4.884460054608273,0.36649410850789055,1317,0.6707791999797337,,,,
Random,1317,-4.1666259518829305,0.36649410850789055,1318,0.6712292999727651,,,,
Random,1318,-2.5860849854207446,0.36649410850789055,1319,0.6716897999867797,,,,
Random,1319,-6.431084662661387,0.36649410850789055,1320,0.6721235999721102,,,,
Random,1320,-7.35908232331517,0.36649410850789055,1321,0.6725585999665782,,,,
Random,1321,-6.745185813529531,0.36649410850789055,1322,0.6730026999721304,,,,
Random,1322,-3.6815467703023215,0.36649410850789055,1323,0.6734428000054322,,,,
Random,1323,-7.252536324869087,0.36649410850789055,1324,0.6738972999737598,,,,
Random,1324,-2.182087505668403,0.36649410850789055,1325,0.674338600016199,,,,
Random,1325,-8.73895349287785,0.36649410850789055,1326,0.6747751999646425,,,,
Random,1326,-5.964814705483329,0.36649410850789055,1327,0.6752187999663875,,,,
Random,1327,-3.6067528580404224,0.36649410850789055,1328,0.6757521000108682,,,,
Random,1328,-3.6413175434336784,0.36649410850789055,1329,0.6762189000146464,,,,
Random,1329,-1.1043902383715558,0.36649410850789055,1330,0.6769582999986596,,,,
Random,1330,-1.8682189794243347,0.36649410850789055,1331,0.6775293999817222,,,,
Random,1331,-5.656805503499926,0.36649410850789055,1332,0.6780353999929503,,,,
Random,1332,-1.4339142746576936,0.36649410850789055,1333,0.678537999978289,,,,
Random,1333,-2.8022575873400637,0.36649410850789055,1334,0.6790487999678589,,,,
Random,1334,-6.141656356234392,0.36649410850789055,1335,0.6796207000152208,,,,
Random,1335,-7.07838521176787,0.36649410850789055,1336,0.6801903999876231,,,,
Random,1336,-8.134043401210178,0.36649410850789055,1337,0.6807899000123143,,,,
Random,1337,-7.200842616512306,0.36649410850789055,1338,0.6813216999871656,,,,
Random,1338,-9.718250401350065,0.36649410850789055,1339,0.6817834000103176,,,,
Random,1339,-1.504085755280122,0.36649410850789055,1340,0.6822443999699317,,,,
Random,1340,-9.275333831714295,0.36649410850789055,1341,0.6826978999888524,,,,
Random,1341,-4.372748018263602,0.36649410850789055,1342,0.6831409999867901,,,,
Random,1342,-2.271727400998229,0.36649410850789055,1343,0.6835787000018172,,,,
Random,1343,-11.749277552820667,0.36649410850789055,1344,0.6840289999963716,,,,
Random,1344,-7.078127739683238,0.36649410850789055,1345,0.6844806000008248,,,,
Random,1345,-7.3337761439717095,0.36649410850789055,1346,0.6849151999922469,,,,
Random,1346,-3.0488091779779345,0.36649410850789055,1347,0.6853453000076115,,,,
Random,1347,-0.8079332391664527,0.36649410850789055,1348,0.6857713999925181,,,,
Random,1348,-11.112212219988434,0.36649410850789055,1349,0.6862736999755725,,,,
Random,1349,-6.035386302228827,0.36649410850789055,1350,0.6867177999811247,,,,
Random,1350,-4.736893739858923,0.36649410850789055,1351,0.687201599997934,,,,
Random,1351,-6.219740357019825,0.36649410850789055,1352,0.6876952999737114,,,,
Random,1352,-3.813444889095659,0.36649410850789055,1353,0.6882303999736905,,,,
Random,1353,-1.9026078966517987,0.36649410850789055,1354,0.6887348999734968,,,,
Random,1354,-1.03634025421391,0.36649410850789055,1355,0.6892161999712698,,,,
Random,1355,-2.163950182750544,0.36649410850789055,1356,0.6896539999870583,,,,
Random,1356,-5.059391627627342,0.36649410850789055,1357,0.6900887999800034,,,,
Random,1357,-6.194745397791121,0.36649410850789055,1358,0.6907270000083372,,,,
Random,1358,-9.227050657659147,0.36649410850789055,1359,0.691289099981077,,,,
Random,1359,-7.469382413741749,0.36649410850789055,1360,0.6917828000150621,,,,
Random,1360,-6.076400123804376,0.36649410850789055,1361,0.6922655999660492,,,,
Random,1361,-4.103237242196998,0.36649410850789055,1362,0.6927277999930084,,,,
Random,1362,-5.037400262592232,0.36649410850789055,1363,0.6932294999714941,,,,
Random,1363,-6.417298867291264,0.36649410850789055,1364,0.6938250999664888,,,,
Random,1364,-2.713541238073958,0.36649410850789055,1365,0.6944692999823019,,,,
Random,1365,-11.514462604457997,0.36649410850789055,1366,0.6950055999914184,,,,
Random,1366,-6.410854575914529,0.36649410850789055,1367,0.6954965000040829,,,,
Random,1367,-5.61907224858207,0.36649410850789055,1368,0.6961229000007734,,,,
Random,1368,-5.742934216705036,0.36649410850789055,1369,0.6967555999872275,,,,
Random,1369,-3.840745195730216,0.36649410850789055,1370,0.6972715000156313,,,,
Random,1370,-5.979645138677849,0.36649410850789055,1371,0.6980147999711335,,,,
Random,1371,-6.960717564210856,0.36649410850789055,1372,0.6985849000047892,,,,
Random,1372,-7.405831650525822,0.36649410850789055,1373,0.699411700014025,,,,
Random,1373,-8.655777683561048,0.36649410850789055,1374,0.6999326999648474,,,,
Random,1374,-9.949433455594198,0.36649410850789055,1375,0.7004311999771744,,,,
Random,1375,-5.488482136766727,0.36649410850789055,1376,0.7009074999950826,,,,
Random,1376,-4.693134887757637,0.36649410850789055,1377,0.7014649999910034,,,,
Random,1377,-7.176012324039402,0.36649410850789055,1378,0.7019531999831088,,,,
Random,1378,-10.829189734388121,0.36649410850789055,1379,0.7024366999976337,,,,
Random,1379,-3.4016426536822535,0.36649410850789055,1380,0.7028997999732383,,,,
Random,1380,-8.266258159476994,0.36649410850789055,1381,0.7033843999961391,,,,
Random,1381,-6.467377174133087,0.36649410850789055,1382,0.7038400999736041,,,,
Random,1382,-6.351234846282239,0.36649410850789055,1383,0.7042863999959081,,,,
Random,1383,-3.5656492324690143,0.36649410850789055,1384,0.7047511999844573,,,,
Random,1384,-7.806126109491148,0.36649410850789055,1385,0.7052007999736816,,,,
Random,1385,-6.746971268268899,0.36649410850789055,1386,0.7056780999992043,,,,
Random,1386,-10.412815797673229,0.36649410850789055,1387,0.7061733999871649,,,,
Random,1387,-4.9377220495638525,0.36649410850789055,1388,0.7066462999791838,,,,
Random,1388,-9.644756412367766,0.36649410850789055,1389,0.7071059999871068,,,,
Random,1389,-2.9066915656339827,0.36649410850789055,1390,0.7076118999975733,,,,
Random,1390,-8.571004353033025,0.36649410850789055,1391,0.708094000001438,,,,
Random,1391,-6.264266677059696,0.36649410850789055,1392,0.708563799969852,,,,
Random,1392,-2.9143382880149202,0.36649410850789055,1393,0.70898739999393,,,,
Random,1393,-3.4307801748910443,0.36649410850789055,1394,0.7094208999769762,,,,
Random,1394,-3.8712271298769942,0.36649410850789055,1395,0.7098609000095166,,,,
Random,1395,-3.806256614244998,0.36649410850789055,1396,0.7103186000022106,,,,
Random,1396,0.579102873135116,0.579102873135116,1397,0.7107785000116564,,,,
Random,1397,-5.704558867557011,0.579102873135116,1398,0.7112516000051983,,,,
Random,1398,-8.1667318163343,0.579102873135116,1399,0.7116895000217482,,,,
Random,1399,-6.336860689517933,0.579102873135116,1400,0.7121203999849968,,,,
Random,1400,-5.72578847612763,0.579102873135116,1401,0.7125451000174507,,,,
Random,1401,-4.733624219553104,0.579102873135116,1402,0.7129891000222415,,,,
Random,1402,-6.217002193297004,0.579102873135116,1403,0.7134170000208542,,,,
Random,1403,-9.77151020288817,0.579102873135116,1404,0.713844700017944,,,,
Random,1404,-3.911849752707373,0.579102873135116,1405,0.714273699966725,,,,
Random,1405,-5.59911916924284,0.579102873135116,1406,0.7147100999718532,,,,
Random,1406,-3.635037697606489,0.579102873135116,1407,0.7151524999644607,,,,
Random,1407,-6.987767861993114,0.579102873135116,1408,0.7155854000011459,,,,
Random,1408,-8.873158708630354,0.579102873135116,1409,0.7160132999997586,,,,
Random,1409,-5.576767126598689,0.579102873135116,1410,0.7164380999747664,,,,
Random,1410,-7.074439760213437,0.579102873135116,1411,0.7168906999868341,,,,
Random,1411,-2.6769933587364756,0.579102873135116,1412,0.7173189999884926,,,,
Random,1412,-4.484714074157829,0.579102873135116,1413,0.7178873000084423,,,,
Random,1413,-7.135142023404356,0.579102873135116,1414,0.7183808999834582,,,,
Random,1414,-2.5835034383414692,0.579102873135116,1415,0.7188560999929905,,,,
Random,1415,-5.138262726929976,0.579102873135116,1416,0.7193758999928832,,,,
Random,1416,-7.749904831952417,0.579102873135116,1417,0.7198990000179037,,,,
Random,1417,-9.04883720778634,0.579102873135116,1418,0.7204334000125527,,,,
Random,1418,-4.401793763046437,0.579102873135116,1419,0.7211396999773569,,,,
Random,1419,-4.641912772909944,0.579102873135116,1420,0.7217953000217676,,,,
Random,1420,-4.35162315948774,0.579102873135116,1421,0.7222748000058345,,,,
Random,1421,-10.5247381828639,0.579102873135116,1422,0.7227366999723017,,,,
Random,1422,-4.578047682623993,0.579102873135116,1423,0.723242099978961,,,,
Random,1423,-5.566731550404459,0.579102873135116,1424,0.7237656000070274,,,,
Random,1424,-7.807528316685369,0.579102873135116,1425,0.7242735999752767,,,,
Random,1425,-8.145568270571903,0.579102873135116,1426,0.7247876999899745,,,,
Random,1426,-7.904945215880901,0.579102873135116,1427,0.7252794000087306,,,,
Random,1427,-4.030909200625363,0.579102873135116,1428,0.725733199971728,,,,
Random,1428,-8.959504938057734,0.579102873135116,1429,0.7262421000050381,,,,
Random,1429,-3.45634193931963,0.579102873135116,1430,0.7268867999664508,,,,
Random,1430,-2.1340788644724267,0.579102873135116,1431,0.7274344000034034,,,,
Random,1431,-7.629587197125375,0.579102873135116,1432,0.7281961999833584,,,,
Random,1432,-6.9987577513860515,0.579102873135116,1433,0.7288628999958746,,,,
Random,1433,-4.632890454292593,0.579102873135116,1434,0.7294403999694623,,,,
Random,1434,-6.0408685768585695,0.579102873135116,1435,0.7299994999775663,,,,
Random,1435,-0.5461220320602904,0.579102873135116,1436,0.7306023999699391,,,,
Random,1436,-7.750934731873451,0.579102873135116,1437,0.731296600017231,,,,
Random,1437,-2.554909476894449,0.579102873135116,1438,0.7318129999912344,,,,
Random,1438,-4.147611341529469,0.579102873135116,1439,0.7323194000055082,,,,
Random,1439,-4.193771601522023,0.579102873135116,1440,0.7328165000071749,,,,
Random,1440,-3.5342385792467246,0.579102873135116,1441,0.733345000015106,,,,
Random,1441,-6.434436512824953,0.579102873135116,1442,0.7338269000174478,,,,
Random,1442,-5.402287494439298,0.579102873135116,1443,0.7342764000059105,,,,
Random,1443,-6.428352360447491,0.579102873135116,1444,0.7347475999849848,,,,
Random,1444,-5.9996719945324575,0.579102873135116,1445,0.7352161000017077,,,,
Random,1445,-6.960424944984917,0.579102873135116,1446,0.7356835000100546,,,,
Random,1446,-7.757332525444039,0.579102873135116,1447,0.7363330000080168,,,,
Random,1447,-4.601361314379867,0.579102873135116,1448,0.7368592999991961,,,,
Random,1448,-10.178877960744686,0.579102873135116,1449,0.7373290999676101,,,,
Random,1449,-1.8814393068180006,0.579102873135116,1450,0.7380702999653295,,,,
Random,1450,-6.941057274929063,0.579102873135116,1451,0.7386465999879874,,,,
Random,1451,-7.624442275265961,0.579102873135116,1452,0.739127799984999,,,,
Random,1452,-4.167546281731728,0.579102873135116,1453,0.7395989000215195,,,,
Random,1453,-6.176858622244337,0.579102873135116,1454,0.7400514999753796,,,,
Random,1454,-5.088299089515706,0.579102873135116,1455,0.7405090999673121,,,,
Random,1455,-7.903014922005365,0.579102873135116,1456,0.7409593000193126,,,,
Random,1456,-4.901548554111591,0.579102873135116,1457,0.7414253000169992,,,,
Random,1457,-6.414426073572649,0.579102873135116,1458,0.741888899996411,,,,
Random,1458,-5.413888315743698,0.579102873135116,1459,0.7423518999712542,,,,
Random,1459,-6.391241194344678,0.579102873135116,1460,0.7427935000159778,,,,
Random,1460,-5.292741459704608,0.579102873135116,1461,0.7435336000053212,,,,
Random,1461,-9.854522743253806,0.579102873135116,1462,0.744052299996838,,,,
Random,1462,-7.941164069753442,0.579102873135116,1463,0.744542200001888,,,,
Random,1463,-10.862620933899684,0.579102873135116,1464,0.7450484000146389,,,,
Random,1464,-8.67278309940232,0.579102873135116,1465,0.7455346999922767,,,,
Random,1465,-9.679751269317336,0.579102873135116,1466,0.7460165999946184,,,,
Random,1466,-5.818623616298624,0.579102873135116,1467,0.7465207999921404,,,,
Random,1467,-3.9695412537757875,0.579102873135116,1468,0.7470647000009194,,,,
Random,1468,-0.5524351092685644,0.579102873135116,1469,0.7476292999926955,,,,
Random,1469,-2.8482920786292634,0.579102873135116,1470,0.7481528000207618,,,,
Random,1470,-7.0443900677261055,0.579102873135116,1471,0.7486290999804623,,,,
Random,1471,-9.15403743110925,0.579102873135116,1472,0.7491503999917768,,,,
Random,1472,-6.057904265622966,0.579102873135116,1473,0.7497219999786466,,,,
Random,1473,-6.996854482177545,0.579102873135116,1474,0.7502683000057004,,,,
Random,1474,-5.044376789775624,0.579102873135116,1475,0.7507852999842726,,,,
Random,1475,-4.6742851259935705,0.579102873135116,1476,0.7515260999789461,,,,
Random,1476,-8.86968299889058,0.579102873135116,1477,0.752106299973093,,,,
Random,1477,-2.7156038784472356,0.579102873135116,1478,0.7525887999800034,,,,
Random,1478,-2.5993937015608766,0.579102873135116,1479,0.7530594000127167,,,,
Random,1479,-6.97821838842825,0.579102873135116,1480,0.753508800000418,,,,
Random,1480,-11.735547449939443,0.579102873135116,1481,0.7539499999838881,,,,
Random,1481,-3.436092530539878,0.579102873135116,1482,0.7543993999715894,,,,
Random,1482,-3.3313681021603876,0.579102873135116,1483,0.7548431999748573,,,,
Random,1483,-5.443100539261428,0.579102873135116,1484,0.7552953999838792,,,,
Random,1484,-7.542388136382795,0.579102873135116,1485,0.7558189000119455,,,,
Random,1485,-5.720839000463921,0.579102873135116,1486,0.7562679999973625,,,,
Random,1486,-8.243992049212537,0.579102873135116,1487,0.7567032999941148,,,,
Random,1487,-3.1657231482323307,0.579102873135116,1488,0.7571861000033095,,,,
Random,1488,-8.003217262676465,0.579102873135116,1489,0.7577084000222385,,,,
Random,1489,-2.7064414290504333,0.579102873135116,1490,0.7581819000188261,,,,
Random,1490,-2.351687568769925,0.579102873135116,1491,0.7586252000182867,,,,
Random,1491,-9.147288226915862,0.579102873135116,1492,0.7590833000140265,,,,
Random,1492,-9.308635150038247,0.579102873135116,1493,0.7595239999936894,,,,
Random,1493,-6.240390984138912,0.579102873135116,1494,0.7603376000188291,,,,
Random,1494,-6.157023016624397,0.579102873135116,1495,0.761027299973648,,,,
Random,1495,-6.2197988775519555,0.579102873135116,1496,0.761508799972944,,,,
Random,1496,-4.371725736017128,0.579102873135116,1497,0.7620105000096373,,,,
Random,1497,-3.6436083497391856,0.579102873135116,1498,0.7624627000186592,,,,
Random,1498,-5.94381389302517,0.579102873135116,1499,0.7629016999853775,,,,
Random,1499,-7.83486687077488,0.579102873135116,1500,0.7633756999857724,,,,
Random,1500,-8.847209311038412,0.579102873135116,1501,0.7638171999715269,,,,
Random,1501,-8.81898581774717,0.579102873135116,1502,0.7642529999720864,,,,
Random,1502,-8.247609104868442,0.579102873135116,1503,0.7646869000163861,,,,
Random,1503,-5.409073579046983,0.579102873135116,1504,0.7651317999698222,,,,
Random,1504,-8.184512654054286,0.579102873135116,1505,0.7655682999757119,,,,
Random,1505,-2.977445971582362,0.579102873135116,1506,0.7660082000074908,,,,
Random,1506,-3.846372793151022,0.579102873135116,1507,0.7666421000030823,,,,
Random,1507,-4.092029077015695,0.579102873135116,1508,0.7671966999769211,,,,
Random,1508,-3.528251131803709,0.579102873135116,1509,0.7676868999842554,,,,
Random,1509,-6.031285452608975,0.579102873135116,1510,0.7683141999877989,,,,
Random,1510,-5.359172662713016,0.579102873135116,1511,0.7688453000155278,,,,
Random,1511,-3.4490132792011567,0.579102873135116,1512,0.7693849999923259,,,,
Random,1512,-4.084822232672138,0.579102873135116,1513,0.7700175999780186,,,,
Random,1513,-9.615988978085275,0.579102873135116,1514,0.7705878000124358,,,,
Random,1514,-2.898217932765226,0.579102873135116,1515,0.7711700000218116,,,,
Random,1515,-2.7193096499816285,0.579102873135116,1516,0.7716862999950536,,,,
Random,1516,-5.66861169723163,0.579102873135116,1517,0.7721695000072941,,,,
Random,1517,-2.9479756151966936,0.579102873135116,1518,0.7726380999665707,,,,
Random,1518,-5.969742140740577,0.579102873135116,1519,0.7731100000091828,,,,
Random,1519,-5.432902808544446,0.579102873135116,1520,0.7735594999976456,,,,
Random,1520,-3.2943213016195187,0.579102873135116,1521,0.7740057000191882,,,,
Random,1521,-4.508909598606877,0.579102873135116,1522,0.774456100014504,,,,
Random,1522,-3.9301052089237514,0.579102873135116,1523,0.7749210000038147,,,,
Random,1523,-5.741301077175221,0.579102873135116,1524,0.7753922999836504,,,,
Random,1524,-5.8246843927535155,0.579102873135116,1525,0.7758325000177138,,,,
Random,1525,-7.93922073298008,0.579102873135116,1526,0.7762677000137046,,,,
Random,1526,-2.638924383847769,0.579102873135116,1527,0.7772180999745615,,,,
Random,1527,-7.542106291366991,0.579102873135116,1528,0.7778259000042453,,,,
Random,1528,-7.737439847028981,0.579102873135116,1529,0.7783481999649666,,,,
Random,1529,-6.483914073533222,0.579102873135116,1530,0.7789210000191815,,,,
Random,1530,-5.245685405989757,0.579102873135116,1531,0.7794585999799892,,,,
Random,1531,-7.450962477796285,0.579102873135116,1532,0.7800194000010379,,,,
Random,1532,-8.108298964437862,0.579102873135116,1533,0.7806404000148177,,,,
Random,1533,-7.975916278089287,0.579102873135116,1534,0.7812709999852814,,,,
Random,1534,-3.819957496821197,0.579102873135116,1535,0.7820945999701507,,,,
Random,1535,-1.2049265042886885,0.579102873135116,1536,0.7826086999848485,,,,
Random,1536,-4.544005251354103,0.579102873135116,1537,0.7830777000053786,,,,
Random,1537,-8.309583363522886,0.579102873135116,1538,0.7836166999768466,,,,
Random,1538,-8.26519011862856,0.579102873135116,1539,0.7841251000063494,,,,
Random,1539,-6.297279736498407,0.579102873135116,1540,0.7846242999657989,,,,
Random,1540,-2.0251990744972903,0.579102873135116,1541,0.7851711999974214,,,,
Random,1541,-8.62122623017729,0.579102873135116,1542,0.7856918000034057,,,,
Random,1542,-4.329520880031517,0.579102873135116,1543,0.7861522000166588,,,,
Random,1543,-8.905645571285318,0.579102873135116,1544,0.7866152999922633,,,,
Random,1544,-8.00802931592856,0.579102873135116,1545,0.7871062000049278,,,,
Random,1545,-4.738831401374457,0.579102873135116,1546,0.7876094999955967,,,,
Random,1546,-7.212642886240621,0.579102873135116,1547,0.7880789000191726,,,,
Random,1547,-5.799007538473891,0.579102873135116,1548,0.7885646999930032,,,,
Random,1548,-2.3400156397011656,0.579102873135116,1549,0.789049300015904,,,,
Random,1549,-8.588219246108348,0.579102873135116,1550,0.7894976999959908,,,,
Random,1550,-2.204262621008106,0.579102873135116,1551,0.789943800016772,,,,
Random,1551,-7.448515478083138,0.579102873135116,1552,0.7903837999911048,,,,
Random,1552,-8.314408886463092,0.579102873135116,1553,0.7908319999696687,,,,
Random,1553,-5.717160047033704,0.579102873135116,1554,0.791281700017862,,,,
Random,1554,-8.473289967860364,0.579102873135116,1555,0.7917197999777272,,,,
Random,1555,-2.271171185049474,0.579102873135116,1556,0.7921625999733806,,,,
Random,1556,-4.613977962153099,0.579102873135116,1557,0.7926047000219114,,,,
Random,1557,-9.54461437073508,0.579102873135116,1558,0.793037399998866,,,,
Random,1558,-7.0943713081483555,0.579102873135116,1559,0.7935211000149138,,,,
Random,1559,-6.004083230438709,0.579102873135116,1560,0.793972700019367,,,,
Random,1560,-6.477781395071524,0.579102873135116,1561,0.794437000004109,,,,
Random,1561,-11.373103221168396,0.579102873135116,1562,0.7948715999955311,,,,
Random,1562,-9.630468882627985,0.579102873135116,1563,0.7953180000185966,,,,
Random,1563,-7.722893775565623,0.579102873135116,1564,0.79576339997584,,,,
Random,1564,-4.833554277534805,0.579102873135116,1565,0.7962171999970451,,,,
Random,1565,-1.2793672938746843,0.579102873135116,1566,0.7968353999895044,,,,
Random,1566,-6.883561878685459,0.579102873135116,1567,0.7977984999888577,,,,
Random,1567,-5.217041692739792,0.579102873135116,1568,0.7986038000090048,,,,
Random,1568,-1.4179840837146505,0.579102873135116,1569,0.7992298000026494,,,,
Random,1569,-6.648744812144474,0.579102873135116,1570,0.7997948999982327,,,,
Random,1570,-7.5253483709762525,0.579102873135116,1571,0.8003325000172481,,,,
Random,1571,-6.377827548552682,0.579102873135116,1572,0.8010056000202894,,,,
Random,1572,-7.936626111513851,0.579102873135116,1573,0.8015593999880366,,,,
Random,1573,-2.9325169443722685,0.579102873135116,1574,0.8021171999862418,,,,
Random,1574,-12.1381527268679,0.579102873135116,1575,0.8026373999891803,,,,
Random,1575,-9.444931697305597,0.579102873135116,1576,0.8031180999823846,,,,
Random,1576,-9.33489673134731,0.579102873135116,1577,0.803596900019329,,,,
Random,1577,-1.0305992076886672,0.579102873135116,1578,0.8040619000094011,,,,
Random,1578,-9.70048612997655,0.579102873135116,1579,0.8045589000103064,,,,
Random,1579,-4.80879866469405,0.579102873135116,1580,0.8050296999863349,,,,
Random,1580,-10.790475054768626,0.579102873135116,1581,0.8054918000125326,,,,
Random,1581,-5.497998096401945,0.579102873135116,1582,0.8059675999684259,,,,
Random,1582,-6.864890327078142,0.579102873135116,1583,0.8064323000144213,,,,
Random,1583,0.7795803678406799,0.7795803678406799,1584,0.8068977000075392,,,,
Random,1584,-5.983981311707394,0.7795803678406799,1585,0.807375599979423,,,,
Random,1585,-3.6473032883579033,0.7795803678406799,1586,0.8079046999919228,,,,
Random,1586,-6.473755577829024,0.7795803678406799,1587,0.80842549999943,,,,
Random,1587,-2.428540331590588,0.7795803678406799,1588,0.8089211999904364,,,,
Random,1588,-4.999470708168645,0.7795803678406799,1589,0.8094038999988697,,,,
Random,1589,-4.780739772138012,0.7795803678406799,1590,0.8101297999965027,,,,
Random,1590,-6.01667671652632,0.7795803678406799,1591,0.8107412999961525,,,,
Random,1591,-6.513873678888377,0.7795803678406799,1592,0.8118105999892578,,,,
Random,1592,-12.205790264910076,0.7795803678406799,1593,0.8124107000185177,,,,
Random,1593,-4.019518745313835,0.7795803678406799,1594,0.8129315999685787,,,,
Random,1594,-5.291507135554739,0.7795803678406799,1595,0.8134618999902159,,,,
Random,1595,-6.929734198408979,0.7795803678406799,1596,0.8140338999801315,,,,
Random,1596,-7.297919732847765,0.7795803678406799,1597,0.8146004999871366,,,,
Random,1597,-4.2030689936550605,0.7795803678406799,1598,0.8151173999649473,,,,
Random,1598,-5.2648092730235625,0.7795803678406799,1599,0.8156414999975823,,,,
Random,1599,-7.662199430452869,0.7795803678406799,1600,0.8161266999668442,0.7795803678406799,,,
GA,0,-2.8564334274200602,-2.8564334274200602,20,0.01181140000699088,,-6.552366906310811,2.7428326669961445,20.0
GA,1,-1.4501900794647304,-1.4501900794647304,38,0.02118119999067858,,-5.0470482411703275,2.3353956521619823,20.0
GA,2,-0.5873739204397701,-0.5873739204397701,56,0.032004799984861165,,-3.303743879023911,1.687569793065867,20.0
GA,3,-0.5427003654477298,-0.5427003654477298,74,0.041063599986955523,,-2.171392419653018,1.6262970324875141,20.0
GA,4,-0.13715661045686378,-0.13715661045686378,92,0.049852200027089566,,-1.2928889187205834,1.3878184279877508,20.0
GA,5,0.5994823690440381,0.5994823690440381,110,0.05972909997217357,,-1.1943063132106349,1.6377299251267519,20.0
GA,6,1.1813131565319548,1.1813131565319548,128,0.06808890000684187,,-0.3945703847918941,0.9762469548765793,20.0
GA,7,1.2497714326991214,1.2497714326991214,146,0.077740199980326,,-0.5337886255566818,2.144388520700003,20.0
GA,8,1.2551800705382186,1.2551800705382186,164,0.08635310002136976,,0.7466283082044212,0.5869867661985135,20.0
GA,9,1.2951709833654017,1.2951709833654017,182,0.09474889998091385,,0.16643509698231013,1.9729127807153002,20.0
GA,10,1.2951709833654017,1.2951709833654017,200,0.10424459999194369,,0.14557139888392764,2.133344302207326,20.0
GA,11,1.342975993135518,1.342975993135518,218,0.11327019997406751,,0.611409952155914,1.3115354347704504,20.0
GA,12,1.3588371283904679,1.3588371283904679,236,0.12258530000690371,,0.5284082744780448,1.4067650898994393,20.0
GA,13,1.3793799268371252,1.3793799268371252,254,0.13373220001813024,,0.3792410779612183,1.437521701356066,20.0
GA,14,1.398251721361715,1.398251721361715,272,0.14327569998567924,,0.3472929504752607,1.8824470228616554,20.0
GA,15,1.474402642480946,1.474402642480946,290,0.15374600002542138,,0.8806638732749187,1.3548688767366546,20.0
GA,16,1.5765942817642655,1.5765942817642655,308,0.16489080002065748,,0.9037462880331086,1.4510091726542138,20.0
GA,17,1.5765942817642655,1.5765942817642655,326,0.1738933000015095,,0.47581808776818335,1.9635592654070824,20.0
GA,18,1.6081777041307521,1.6081777041307521,344,0.1876124999835156,,0.7881527642427177,1.6285429292396123,20.0
GA,19,1.6288691597274365,1.6288691597274365,362,0.20049710001330823,,1.1472019275499659,1.1412181287963876,20.0
GA,20,1.6642994226434222,1.6642994226434222,380,0.2105582000222057,,1.2859320208107985,0.5317818865627996,20.0
GA,21,1.7304788875800252,1.7304788875800252,398,0.2190219999756664,,1.19880687495289,0.7933259638489748,20.0
GA,22,1.7349077655689575,1.7349077655689575,416,0.22959990001982078,,0.9798133134926534,0.9739549603309899,20.0
GA,23,1.7410853161232134,1.7410853161232134,434,0.23875780001981184,,0.9480108728297758,1.204913252651674,20.0
GA,24,1.7410853161232134,1.7410853161232134,452,0.24814290000358596,,0.5573928837247746,1.6687525251711668,20.0
GA,25,1.7447336330938252,1.7447336330938252,470,0.2566923000267707,,0.815387995063511,1.3541089637110844,20.0
GA,26,1.7539381904157652,1.7539381904157652,488,0.2653211000142619,,1.1010475542146545,0.8586061331224556,20.0
GA,27,1.7599718634580772,1.7599718634580772,506,0.2737988000153564,,1.332734926138229,0.7724500965925513,20.0
GA,28,1.7706288906602414,1.7706288906602414,524,0.28326639998704195,,0.26389175431321255,2.9310099845779067,20.0
GA,29,1.7706288906602414,1.7706288906602414,542,0.29175749997375533,,0.906285013731409,1.0950753139965301,20.0
GA,30,1.7776368484334184,1.7776368484334184,560,0.3018323999713175,,1.0349787268318096,1.0560607090051095,20.0
GA,31,1.7779239362766082,1.7779239362766082,578,0.31004870001925156,,0.39870397671038066,2.29378757565436,20.0
GA,32,1.7846218883834795,1.7846218883834795,596,0.31845680001424626,,-0.04366121533554064,2.6640112130513205,20.0
GA,33,1.7846218883834795,1.7846218883834795,614,0.32728109997697175,,1.18252903539172,2.367409946770976,20.0
GA,34,1.7846218883834795,1.7846218883834795,632,0.3363266999949701,,1.096736035323685,1.3502069925033076,20.0
GA,35,1.7849122761787777,1.7849122761787777,650,0.34589619998587295,,1.1244449329599844,1.4856697295268666,20.0
GA,36,1.9227765687643168,1.9227765687643168,668,0.355110100004822,,0.6287876206267861,1.5916061639291919,20.0
GA,37,1.9227765687643168,1.9227765687643168,686,0.3652299999957904,,1.1032082283282363,1.3227341477985324,20.0
GA,38,1.9229888839604978,1.9229888839604978,704,0.37383699999190867,,1.6783461890410745,0.38068178611081543,20.0
GA,39,1.9229888839604978,1.9229888839604978,722,0.383053999976255,,1.1945924861650083,1.4299658709796235,20.0
GA,40,1.9229888839604978,1.9229888839604978,740,0.3921769000007771,,0.4891131720243509,2.751860875719474,20.0
GA,41,1.9237447542895991,1.9237447542895991,758,0.4016589000239037,,1.3684104649151503,1.1269239864527498,20.0
GA,42,1.9424579280781384,1.9424579280781384,776,0.4103921999922022,,1.5714361894713507,0.663770700519274,20.0
GA,43,1.9424579280781384,1.9424579280781384,794,0.41907639999408275,,1.0271977690754175,1.6387639409816601,20.0
GA,44,1.9424579280781384,1.9424579280781384,812,0.4279081000131555,,1.3319313119611749,1.5711992440247204,20.0
GA,45,1.9498960087463904,1.9498960087463904,830,0.43723629997111857,,0.8750975018857321,1.3467797690978078,20.0
GA,46,1.983034022045743,1.983034022045743,848,0.446213599992916,,1.648253872962087,0.8964571430682504,20.0
GA,47,1.983034022045743,1.983034022045743,866,0.4548810999840498,,1.3011798888776371,1.715501063466656,20.0
GA,48,1.9957999748312334,1.9957999748312334,884,0.4634030999732204,,1.5435222931877446,1.2324067887272312,20.0
GA,49,1.9957999748312334,1.9957999748312334,902,0.4714376999763772,,1.5381655577872528,1.0523635675108316,20.0
GA,50,2.0260228049008844,2.0260228049008844,920,0.4805144999991171,,1.1968309989767916,1.7939424845562078,20.0
GA,51,2.0306683507063994,2.0306683507063994,938,0.4899967000237666,,1.3048121312892504,1.480086412996355,20.0
GA,52,2.0306683507063994,2.0306683507063994,956,0.49948669999139383,,1.4569163930753766,1.7804535943270934,20.0
GA,53,2.0399909256982887,2.0399909256982887,974,0.5074395000119694,,1.190069751046069,1.5256426564438554,20.0
GA,54,2.0632812989617086,2.0632812989617086,992,0.5167286000214517,,1.3016351749018242,2.179073679899071,20.0
GA,55,2.247449725876992,2.247449725876992,1010,0.526612900022883,,1.3660514312544012,1.1969220412215207,20.0
GA,56,2.3120074755128828,2.3120074755128828,1028,0.5362480999901891,,1.918952357504238,0.46170091255776746,20.0
GA,57,2.319041752240292,2.319041752240292,1046,0.5451046000234783,,1.3188900409872966,1.9394854452974204,20.0
GA,58,2.319041752240292,2.319041752240292,1064,0.5540874000289477,,0.9860356997663983,2.1762721203925923,20.0
GA,59,2.319041752240292,2.319041752240292,1082,0.5641790999798104,,1.3510244397389877,1.6906987593547265,20.0
GA,60,2.326167667530609,2.326167667530609,1100,0.5733022000058554,,1.0610958672309838,2.1050875914706486,20.0
GA,61,2.327721011607462,2.327721011607462,1118,0.5827016999828629,,1.920442788086462,0.8636235828853416,20.0
GA,62,2.330406023793848,2.330406023793848,1136,0.5915062000276521,,0.9805947657498754,1.971649756616468,20.0
GA,63,2.330784051693259,2.330784051693259,1154,0.600563800020609,,0.7644851597323933,2.1338233241237115,20.0
GA,64,2.3341148908590212,2.3341148908590212,1172,0.6086519000236876,,1.7930508820722146,1.33410561630131,20.0
GA,65,2.334509125766563,2.334509125766563,1190,0.61765839997679,,1.2913276242157947,1.780611652895755,20.0
GA,66,2.3475931401929726,2.3475931401929726,1208,0.6280353000038303,,1.467858104208776,1.4853645105432087,20.0
GA,67,2.34955784446272,2.34955784446272,1226,0.6375080000143498,,1.2756026756408905,2.281421859335755,20.0
GA,68,2.3511940022480964,2.3511940022480964,1244,0.6462707999744453,,1.0658761469913904,2.4273225197359207,20.0
GA,69,2.351473211311624,2.351473211311624,1262,0.6552223999751732,,1.516443575518137,1.199104487853159,20.0
GA,70,2.3828248489035557,2.3828248489035557,1280,0.6646192999905907,,1.163768139550125,1.9935693401834464,20.0
GA,71,2.3828248489035557,2.3828248489035557,1298,0.6732809999957681,,1.3993100786325763,1.3790307928949672,20.0
GA,72,2.384533879079542,2.384533879079542,1316,0.6836487000109628,,1.8160569175509362,1.110710834331127,20.0
GA,73,2.384533879079542,2.384533879079542,1334,0.6931249999906868,,1.5990215665356564,1.0714009018695896,20.0
GA,74,2.3919649723343372,2.3919649723343372,1352,0.7017084999824874,,1.283956670728584,1.7807081135997962,20.0
GA,75,2.3964044020857527,2.3964044020857527,1370,0.7099659999948926,,1.8824262085359837,1.0139965671810551,20.0
GA,76,2.3964044020857527,2.3964044020857527,1388,0.7185472000273876,,1.794291104098988,1.790906732168858,20.0
GA,77,2.3965527634255945,2.3965527634255945,1406,0.7277965000248514,,1.1077356904117042,2.14796784401823,20.0
GA,78,2.397356971779994,2.397356971779994,1424,0.7364252000115812,,1.2895459620172331,1.858580537091246,20.0
GA,79,2.3981636132157527,2.3981636132157527,1442,0.7454872999805957,,1.1492316353000924,2.4142440556089513,20.0
GA,80,2.3987596833462335,2.3987596833462335,1460,0.7547809000243433,,1.680451453095094,1.2570979139065817,20.0
GA,81,2.400988220092448,2.400988220092448,1478,0.7643282000208274,,0.6916692560725508,3.098206585626474,20.0
GA,82,2.4019466373444622,2.4019466373444622,1496,0.7734370999969542,,1.3052388162736592,1.8406828145120184,20.0
GA,83,2.4033124759417923,2.4033124759417923,1514,0.7830029000178911,,0.7496135159714223,2.5197101466192118,20.0
GA,84,2.404030547735067,2.404030547735067,1532,0.7912425000104122,,1.4218526026725837,1.6654999931427847,20.0
GA,85,2.40406580122567,2.40406580122567,1550,0.8007014999748208,,1.421153879600116,1.5775675166132936,20.0
GA,86,2.404146419226509,2.404146419226509,1568,0.8086619999958202,,0.8094275780979874,2.6241494291460796,20.0
GA,87,2.4043395893121993,2.4043395893121993,1586,0.8173804000252858,,1.561864799134345,1.728641934423163,20.0
GA,88,2.4043395893121993,2.4043395893121993,1604,0.8260250000166707,2.4043395893121993,1.3180145780799684,1.5945541971971897,20.0
