algorithm,step,episode,best_obj,current_obj,utility,evaluations,elapsed_s,curve_type
DSCI,10,10.0,-1.445876899656172,-1.445876899656172,-1.445876899656172,10.0,0.09798859996953979,dsci_train
DSCI,20,20.0,-1.445876899656172,-3.0521674490331523,-1.445876899656172,20.0,0.23094629996921867,dsci_train
DSCI,30,30.0,-1.445876899656172,-3.101105623286421,-1.445876899656172,30.0,0.32756899995729327,dsci_train
DSCI,40,40.0,-1.445876899656172,-3.1376787411008604,-1.445876899656172,40.0,0.43177490000380203,dsci_train
DSCI,50,50.0,-1.445876899656172,-2.514313851875192,-1.445876899656172,50.0,0.5491042999783531,dsci_train
DSCI,60,60.0,-0.4971202099076195,-0.4971202099076195,-0.4971202099076195,60.0,0.6581269999733195,dsci_train
DSCI,70,70.0,-0.4971202099076195,-3.764675819659579,-0.4971202099076195,70.0,0.7588805999839678,dsci_train
DSCI,80,80.0,-0.4971202099076195,-3.760707564913531,-0.4971202099076195,80.0,0.8913503999938257,dsci_train
DSCI,90,90.0,-0.4971202099076195,-3.8716920481920303,-0.4971202099076195,90.0,1.0362266000011005,dsci_train
DSCI,100,100.0,-0.4971202099076195,-3.517751006763417,-0.4971202099076195,100.0,1.200783499982208,dsci_train
DSCI,110,110.0,-0.4971202099076195,-1.515150654862666,-0.4971202099076195,110.0,1.388218899955973,dsci_train
DSCI,120,120.0,-0.4971202099076195,-3.331124851402749,-0.4971202099076195,120.0,1.5673970999778248,dsci_train
DSCI,130,130.0,-0.4971202099076195,-1.867225274095968,-0.4971202099076195,130.0,1.7079995999811217,dsci_train
DSCI,140,140.0,-0.4971202099076195,-2.3173288621406165,-0.4971202099076195,140.0,1.8582877999870107,dsci_train
DSCI,150,150.0,-0.4971202099076195,-4.797137755154851,-0.4971202099076195,150.0,1.9807226999546401,dsci_train
DSCI,160,160.0,-0.4971202099076195,-2.1422433682386606,-0.4971202099076195,160.0,2.150154199975077,dsci_train
DSCI,170,170.0,-0.4971202099076195,-2.533527504528256,-0.4971202099076195,170.0,2.3291211999603547,dsci_train
DSCI,180,180.0,-0.4971202099076195,-2.3101670691200376,-0.4971202099076195,180.0,2.5036937999539077,dsci_train
DSCI,190,190.0,-0.4971202099076195,-2.2752670863869238,-0.4971202099076195,190.0,2.6156266999896616,dsci_train
DSCI,200,200.0,-0.4971202099076195,-1.1487538796064154,-0.4971202099076195,200.0,2.7079877999494784,dsci_train
DSCI,210,210.0,-0.41536184693881495,-0.41536184693881495,-0.41536184693881495,210.0,2.867831799958367,dsci_train
DSCI,220,220.0,-0.41536184693881495,-3.305241118664752,-0.41536184693881495,220.0,3.040944699954707,dsci_train
DSCI,230,230.0,-0.41536184693881495,-5.005248458058906,-0.41536184693881495,230.0,3.1797824999666773,dsci_train
DSCI,240,240.0,-0.41536184693881495,-0.7754262179233797,-0.41536184693881495,240.0,3.3069855999783613,dsci_train
DSCI,250,250.0,-0.41536184693881495,-1.3746629433276216,-0.41536184693881495,250.0,3.4645278999814764,dsci_train
DSCI,260,260.0,-0.41536184693881495,-1.5808129180097277,-0.41536184693881495,260.0,3.6414717999869026,dsci_train
DSCI,270,270.0,-0.41536184693881495,-2.1724161968721507,-0.41536184693881495,270.0,3.7679723000037484,dsci_train
DSCI,280,280.0,-0.41536184693881495,-0.6230966081472078,-0.41536184693881495,280.0,3.9140041999635287,dsci_train
DSCI,290,290.0,-0.41536184693881495,-2.0190109867361654,-0.41536184693881495,290.0,4.036933199968189,dsci_train
DSCI,300,300.0,-0.41536184693881495,-4.331761236912588,-0.41536184693881495,300.0,4.151760699984152,dsci_train
DSCI,310,310.0,-0.41536184693881495,-4.588226049575368,-0.41536184693881495,310.0,4.269335699966177,dsci_train
DSCI,320,320.0,-0.41536184693881495,-1.971926579352349,-0.41536184693881495,320.0,4.380118899978697,dsci_train
DSCI,330,330.0,-0.41536184693881495,-2.5359474908208726,-0.41536184693881495,330.0,4.48946299997624,dsci_train
DSCI,340,340.0,-0.41536184693881495,-1.607461314838719,-0.41536184693881495,340.0,4.587627600005362,dsci_train
DSCI,350,350.0,-0.41536184693881495,-2.55485047051342,-0.41536184693881495,350.0,4.685218899976462,dsci_train
DSCI,360,360.0,-0.41536184693881495,-4.150057205754116,-0.41536184693881495,360.0,4.778719299996737,dsci_train
DSCI,370,370.0,-0.41536184693881495,-3.060611079443628,-0.41536184693881495,370.0,4.875838299980387,dsci_train
DSCI,380,380.0,-0.41536184693881495,-1.3338568597119198,-0.41536184693881495,380.0,4.9741017000051215,dsci_train
DSCI,390,390.0,0.6446967182001471,0.6446967182001471,0.6446967182001471,390.0,5.071481999999378,dsci_train
DSCI,400,400.0,0.6446967182001471,-3.38462285170047,0.6446967182001471,400.0,5.196233599970583,dsci_train
DSCI,410,410.0,0.6446967182001471,0.6270447741828893,0.6446967182001471,410.0,5.3366204999620095,dsci_train
DSCI,420,420.0,0.6446967182001471,-1.9435537050400828,0.6446967182001471,420.0,5.45126609998988,dsci_train
DSCI,430,430.0,0.6446967182001471,-3.0953809715738156,0.6446967182001471,430.0,5.563847099954728,dsci_train
DSCI,440,440.0,0.6446967182001471,-3.373933088869366,0.6446967182001471,440.0,5.664641599985771,dsci_train
DSCI,450,450.0,0.6446967182001471,-2.263023710347764,0.6446967182001471,450.0,5.763217600004282,dsci_train
DSCI,460,460.0,0.6446967182001471,-0.7230958833682335,0.6446967182001471,460.0,5.864942999964114,dsci_train
DSCI,470,470.0,0.6446967182001471,-0.749030939460954,0.6446967182001471,470.0,5.983508199977223,dsci_train
DSCI,480,480.0,0.6446967182001471,-1.135565794954179,0.6446967182001471,480.0,6.122464499960188,dsci_train
DSCI,490,490.0,0.6446967182001471,-1.0381755745116843,0.6446967182001471,490.0,6.234041699965019,dsci_train
DSCI,500,500.0,0.6446967182001471,-1.9358775383129818,0.6446967182001471,500.0,6.354338100005407,dsci_train
DSCI,510,510.0,1.0938353370377747,1.0938353370377747,1.0938353370377747,510.0,6.45434319996275,dsci_train
DSCI,520,520.0,1.0938353370377747,-0.08686628848286393,1.0938353370377747,520.0,6.562109899998177,dsci_train
DSCI,530,530.0,1.0938353370377747,-2.460847727816215,1.0938353370377747,530.0,6.718288799980655,dsci_train
DSCI,540,540.0,1.0938353370377747,-1.6811245769241143,1.0938353370377747,540.0,6.88103739998769,dsci_train
DSCI,550,550.0,1.0938353370377747,-1.8516257651626842,1.0938353370377747,550.0,7.0018769999733195,dsci_train
DSCI,560,560.0,1.0938353370377747,-1.1732944094602087,1.0938353370377747,560.0,7.104614599957131,dsci_train
DSCI,570,570.0,1.0938353370377747,-1.4807066493778853,1.0938353370377747,570.0,7.206180099979974,dsci_train
DSCI,580,580.0,1.0938353370377747,-3.1490281076176547,1.0938353370377747,580.0,7.317313999985345,dsci_train
DSCI,590,590.0,1.0938353370377747,-0.37964636624837844,1.0938353370377747,590.0,7.425770099973306,dsci_train
DSCI,600,600.0,1.0938353370377747,-1.6061230535671145,1.0938353370377747,600.0,7.526872599963099,dsci_train
DSCI,610,610.0,1.0938353370377747,-1.8364430310841513,1.0938353370377747,610.0,7.665861899964511,dsci_train
DSCI,620,620.0,1.0938353370377747,-1.5645671163298571,1.0938353370377747,620.0,7.764454499993008,dsci_train
DSCI,630,630.0,1.0938353370377747,-2.7604229962188596,1.0938353370377747,630.0,7.874846999999136,dsci_train
DSCI,640,640.0,1.0938353370377747,-2.7164090169025483,1.0938353370377747,640.0,7.984275299997535,dsci_train
DSCI,650,650.0,1.0938353370377747,-0.590564245314062,1.0938353370377747,650.0,8.077190299984068,dsci_train
DSCI,660,660.0,1.0938353370377747,0.05842282264607368,1.0938353370377747,660.0,8.167637799982913,dsci_train
DSCI,670,670.0,1.0938353370377747,-0.6866530574160596,1.0938353370377747,670.0,8.263315599993803,dsci_train
DSCI,680,680.0,1.0938353370377747,-1.6861387063709978,1.0938353370377747,680.0,8.355597699992359,dsci_train
DSCI,690,690.0,1.0938353370377747,-1.6763397106276234,1.0938353370377747,690.0,8.457388999988325,dsci_train
DSCI,700,700.0,1.0938353370377747,0.8039935217250962,1.0938353370377747,700.0,8.551666699990164,dsci_train
DSCI,710,710.0,1.0938353370377747,0.17040069291141502,1.0938353370377747,710.0,8.65728779998608,dsci_train
DSCI,720,720.0,1.0938353370377747,-2.5158921463836794,1.0938353370377747,720.0,8.77219749998767,dsci_train
DSCI,730,730.0,1.0938353370377747,-0.7359379216655582,1.0938353370377747,730.0,8.890498999971896,dsci_train
DSCI,740,740.0,1.0938353370377747,0.10520623002588958,1.0938353370377747,740.0,9.012039499997627,dsci_train
DSCI,750,750.0,1.0938353370377747,-0.451321076430629,1.0938353370377747,750.0,9.139993599965237,dsci_train
DSCI,760,760.0,1.0938353370377747,-2.317889799922709,1.0938353370377747,760.0,9.250674099952448,dsci_train
DSCI,770,770.0,1.0938353370377747,-2.0725726809049743,1.0938353370377747,770.0,9.371339499950409,dsci_train
DSCI,780,780.0,1.0938353370377747,-1.1280471226232742,1.0938353370377747,780.0,9.500281199987512,dsci_train
DSCI,790,790.0,1.0938353370377747,-0.07864347997441912,1.0938353370377747,790.0,9.622208299988415,dsci_train
DSCI,800,800.0,1.0938353370377747,-0.061852043933167566,1.0938353370377747,800.0,9.730673799989745,dsci_train
DSCI,810,810.0,1.0938353370377747,-0.37792455076207565,1.0938353370377747,810.0,9.835750399972312,dsci_train
DSCI,820,820.0,1.0938353370377747,-0.055468693502950916,1.0938353370377747,820.0,9.934136600000784,dsci_train
DSCI,830,830.0,1.0938353370377747,-0.3911652117606794,1.0938353370377747,830.0,10.031090300006326,dsci_train
DSCI,840,840.0,1.0938353370377747,-1.3326882320135542,1.0938353370377747,840.0,10.12679259997094,dsci_train
DSCI,850,850.0,1.0938353370377747,-1.0045610794292354,1.0938353370377747,850.0,10.224298299988732,dsci_train
DSCI,860,860.0,1.0938353370377747,0.8351404512694585,1.0938353370377747,860.0,10.326905799971428,dsci_train
DSCI,870,870.0,1.0938353370377747,-0.29800182477252624,1.0938353370377747,870.0,10.433102599985432,dsci_train
DSCI,880,880.0,1.0938353370377747,-0.5370782677478618,1.0938353370377747,880.0,10.539139000000432,dsci_train
DSCI,890,890.0,1.0938353370377747,-0.9100153242150943,1.0938353370377747,890.0,10.645141799992416,dsci_train
DSCI,900,900.0,1.0938353370377747,-0.32376012297316326,1.0938353370377747,900.0,10.772591599961743,dsci_train
DSCI,910,910.0,1.0938353370377747,-1.8740252430731488,1.0938353370377747,910.0,10.886410699982662,dsci_train
DSCI,920,920.0,1.0938353370377747,-1.2041315064516374,1.0938353370377747,920.0,10.987394499999937,dsci_train
DSCI,930,930.0,1.0938353370377747,-0.06607042838599786,1.0938353370377747,930.0,11.091479900002014,dsci_train
DSCI,940,940.0,1.0938353370377747,-0.30209625781546423,1.0938353370377747,940.0,11.187892799964175,dsci_train
DSCI,950,950.0,1.0938353370377747,-0.05114071316685864,1.0938353370377747,950.0,11.290462599950843,dsci_train
DSCI,960,960.0,1.0938353370377747,-0.7691093025553846,1.0938353370377747,960.0,11.397482300002594,dsci_train
DSCI,970,970.0,1.0938353370377747,-0.6470239912265454,1.0938353370377747,970.0,11.517953299975488,dsci_train
DSCI,980,980.0,1.0938353370377747,0.45181786167886284,1.0938353370377747,980.0,11.60777349997079,dsci_train
DSCI,990,990.0,1.0938353370377747,-2.0827741904586086,1.0938353370377747,990.0,11.711440999992192,dsci_train
DSCI,1000,1000.0,1.0938353370377747,-0.7642445530537121,1.0938353370377747,1000.0,11.808945900003891,dsci_train
DSCI,1010,1010.0,1.0938353370377747,-2.000438620632907,1.0938353370377747,1010.0,11.906132099975366,dsci_train
DSCI,1020,1020.0,1.0938353370377747,-0.1942632222625269,1.0938353370377747,1020.0,12.01803859998472,dsci_train
DSCI,1030,1030.0,1.0938353370377747,-1.5525902653606671,1.0938353370377747,1030.0,12.114261699956842,dsci_train
DSCI,1040,1040.0,1.0938353370377747,-0.32402539147492293,1.0938353370377747,1040.0,12.217394699982833,dsci_train
DSCI,1050,1050.0,1.0938353370377747,-0.20469182180106338,1.0938353370377747,1050.0,12.328304299968295,dsci_train
DSCI,1060,1060.0,1.0938353370377747,-0.753215058716695,1.0938353370377747,1060.0,12.439000799960922,dsci_train
DSCI,1070,1070.0,1.0938353370377747,-0.5538345531676621,1.0938353370377747,1070.0,12.539782599953469,dsci_train
DSCI,1080,1080.0,1.0938353370377747,-0.5891954577092653,1.0938353370377747,1080.0,12.649036499962676,dsci_train
DSCI,1090,1090.0,1.0938353370377747,-0.946025236240009,1.0938353370377747,1090.0,12.758126200002152,dsci_train
DSCI,1100,1100.0,1.0938353370377747,-0.29800182477252624,1.0938353370377747,1100.0,12.870786699990276,dsci_train
DSCI,1110,1110.0,1.0938353370377747,0.502293727728917,1.0938353370377747,1110.0,12.978379699983634,dsci_train
DSCI,1120,1120.0,1.0938353370377747,0.0069541419342902255,1.0938353370377747,1120.0,13.094273499969859,dsci_train
DSCI,1130,1130.0,1.0938353370377747,-0.20492018096607478,1.0938353370377747,1130.0,13.198187100002542,dsci_train
DSCI,1140,1140.0,1.0938353370377747,-0.577055844193735,1.0938353370377747,1140.0,13.292974999989383,dsci_train
DSCI,1150,1150.0,1.0938353370377747,-0.8489966853141251,1.0938353370377747,1150.0,13.391244099999312,dsci_train
DSCI,1160,1160.0,1.0938353370377747,-0.35811302496067365,1.0938353370377747,1160.0,13.494327199994586,dsci_train
DSCI,1170,1170.0,1.0938353370377747,-1.2341243990913102,1.0938353370377747,1170.0,13.591712399967946,dsci_train
DSCI,1180,1180.0,1.0938353370377747,0.03364143449772983,1.0938353370377747,1180.0,13.702048599952832,dsci_train
DSCI,1190,1190.0,1.0938353370377747,-0.9008569451116819,1.0938353370377747,1190.0,13.80479490000289,dsci_train
DSCI,1200,1200.0,1.0938353370377747,-0.2852380940958834,1.0938353370377747,1200.0,13.90100579999853,dsci_train
DSCI,1210,1210.0,1.0938353370377747,0.28345402020352806,1.0938353370377747,1210.0,14.002356399956625,dsci_train
DSCI,1220,1220.0,1.0938353370377747,-1.6758123054485619,1.0938353370377747,1220.0,14.09695079998346,dsci_train
DSCI,1230,1230.0,1.0938353370377747,-1.530509528384238,1.0938353370377747,1230.0,14.202477099956013,dsci_train
DSCI,1240,1240.0,1.0938353370377747,-0.7642445530537121,1.0938353370377747,1240.0,14.308795299963094,dsci_train
DSCI,1250,1250.0,1.0938353370377747,-0.09196783899424377,1.0938353370377747,1250.0,14.422009799978696,dsci_train
DSCI,1260,1260.0,1.0938353370377747,-0.1911986695027985,1.0938353370377747,1260.0,14.521245799958706,dsci_train
DSCI,1270,1270.0,1.0938353370377747,-0.2567014793908098,1.0938353370377747,1270.0,14.61935439996887,dsci_train
DSCI,1280,1280.0,1.0938353370377747,-0.2852380940958834,1.0938353370377747,1280.0,14.717798199970275,dsci_train
DSCI,1290,1290.0,1.0938353370377747,0.3587362178724114,1.0938353370377747,1290.0,14.815788199950475,dsci_train
DSCI,1300,1300.0,1.0938353370377747,0.03364143449772983,1.0938353370377747,1300.0,14.922902799968142,dsci_train
DSCI,1310,1310.0,1.0938353370377747,0.526121560917131,1.0938353370377747,1310.0,15.023908799979836,dsci_train
DSCI,1320,1320.0,1.0938353370377747,-0.7260960056414103,1.0938353370377747,1320.0,15.12221189995762,dsci_train
DSCI,1330,1330.0,1.0938353370377747,-0.2852380940958834,1.0938353370377747,1330.0,15.210586000001058,dsci_train
DSCI,1340,1340.0,1.0938353370377747,-1.1012480191710552,1.0938353370377747,1340.0,15.30313189997105,dsci_train
DSCI,1350,1350.0,1.0938353370377747,-0.45928858634689607,1.0938353370377747,1350.0,15.398288399970625,dsci_train
DSCI,1360,1360.0,1.0938353370377747,0.3308395682062062,1.0938353370377747,1360.0,15.494109199964441,dsci_train
DSCI,1370,1370.0,1.0938353370377747,-0.3905556824358163,1.0938353370377747,1370.0,15.588056499953382,dsci_train
DSCI,1380,1380.0,1.0938353370377747,0.7232820244871754,1.0938353370377747,1380.0,15.684088199981488,dsci_train
DSCI,1390,1390.0,1.0938353370377747,0.02723957458546522,1.0938353370377747,1390.0,15.783007299993187,dsci_train
DSCI,1400,1400.0,1.0938353370377747,0.06654398184223775,1.0938353370377747,1400.0,15.875011599971913,dsci_train
DSCI,1410,1410.0,1.0938353370377747,-0.2852380940958834,1.0938353370377747,1410.0,15.972550999955274,dsci_train
DSCI,1420,1420.0,1.0938353370377747,0.2439323929505517,1.0938353370377747,1420.0,16.06483109999681,dsci_train
DSCI,1430,1430.0,1.0938353370377747,0.06654398184223775,1.0938353370377747,1430.0,16.160711099975742,dsci_train
DSCI,1440,1440.0,1.0938353370377747,-0.8279380605474966,1.0938353370377747,1440.0,16.256657399993856,dsci_train
DSCI,1450,1450.0,1.0938353370377747,-0.8333747647926775,1.0938353370377747,1450.0,16.35172649996821,dsci_train
DSCI,1460,1460.0,1.0938353370377747,-1.0148510676056117,1.0938353370377747,1460.0,16.45196129998658,dsci_train
DSCI,1470,1470.0,1.0938353370377747,0.18035369887055053,1.0938353370377747,1470.0,16.55869629996596,dsci_train
DSCI,1480,1480.0,1.0938353370377747,0.7232820244871754,1.0938353370377747,1480.0,16.65475129999686,dsci_train
DSCI,1490,1490.0,1.0938353370377747,0.4272590470572284,1.0938353370377747,1490.0,16.7588015999645,dsci_train
DSCI,1500,1500.0,1.0938353370377747,-0.2375943691455713,1.0938353370377747,1500.0,16.85576529998798,dsci_train
DSCI,1510,1510.0,1.0938353370377747,0.06654398184223775,1.0938353370377747,1510.0,16.962996599962935,dsci_train
DSCI,1520,1520.0,1.0938353370377747,0.45181786167886284,1.0938353370377747,1520.0,17.070069599954877,dsci_train
DSCI,1530,1530.0,1.0938353370377747,-0.20492018096607478,1.0938353370377747,1530.0,17.18254569999408,dsci_train
DSCI,1540,1540.0,1.0938353370377747,0.29847537822876613,1.0938353370377747,1540.0,17.278212999983225,dsci_train
DSCI,1550,1550.0,1.0938353370377747,-1.456120286941759,1.0938353370377747,1550.0,17.380289199994877,dsci_train
DSCI,1560,1560.0,1.0938353370377747,0.06654398184223775,1.0938353370377747,1560.0,17.478950899967458,dsci_train
DSCI,1570,1570.0,1.0938353370377747,-0.8943324117905085,1.0938353370377747,1570.0,17.570894399948884,dsci_train
DSCI,1580,1580.0,1.0938353370377747,0.4702297739635468,1.0938353370377747,1580.0,17.66094469995005,dsci_train
DSCI,1590,1590.0,1.0938353370377747,0.08750041422911026,1.0938353370377747,1590.0,17.756164699967485,dsci_train
DSCI,1600,1600.0,1.0938353370377747,-0.03301824158599209,1.0938353370377747,1600.0,17.85309759998927,dsci_train
DSCI,1601,1600.0,2.5435084054371324,2.5435084054371324,2.5435084054371324,1600.0,65.65389770001639,dsci_train
Random,0,1.0,-15.805296250030711,-15.805296250030711,-15.805296250030711,1.0,0.0005830000154674053,baseline_progress
Random,1,2.0,-7.902195131411967,-7.902195131411967,-7.902195131411967,2.0,0.0012440999853424728,baseline_progress
Random,2,3.0,-7.902195131411967,-8.478937475364342,-7.902195131411967,3.0,0.0019404999911785126,baseline_progress
Random,3,4.0,-7.902195131411967,-8.556779821482731,-7.902195131411967,4.0,0.0025606999988667667,baseline_progress
Random,4,5.0,-6.622750711948907,-6.622750711948907,-6.622750711948907,5.0,0.0031405999907292426,baseline_progress
Random,5,6.0,-6.622750711948907,-11.189204842984177,-6.622750711948907,6.0,0.0037924000062048435,baseline_progress
Random,6,7.0,-3.5383471809395486,-3.5383471809395486,-3.5383471809395486,7.0,0.004635599965695292,baseline_progress
Random,7,8.0,-3.5383471809395486,-5.387189885192173,-3.5383471809395486,8.0,0.00524490000680089,baseline_progress
Random,8,9.0,-3.5383471809395486,-5.075870343112925,-3.5383471809395486,9.0,0.006249599973671138,baseline_progress
Random,9,10.0,-3.5383471809395486,-4.573852646297018,-3.5383471809395486,10.0,0.006844200019259006,baseline_progress
Random,10,11.0,-3.5383471809395486,-5.780578985854398,-3.5383471809395486,11.0,0.007507900008931756,baseline_progress
Random,11,12.0,-3.5383471809395486,-6.654267082040401,-3.5383471809395486,12.0,0.008198999974410981,baseline_progress
Random,12,13.0,-3.4089328693205205,-3.4089328693205205,-3.4089328693205205,13.0,0.009256899997126311,baseline_progress
Random,13,14.0,-3.4089328693205205,-9.632280911464356,-3.4089328693205205,14.0,0.010067900002468377,baseline_progress
Random,14,15.0,-1.5301082046105154,-1.5301082046105154,-1.5301082046105154,15.0,0.010902200010605156,baseline_progress
Random,15,16.0,-1.5301082046105154,-9.39458410942888,-1.5301082046105154,16.0,0.011437700013630092,baseline_progress
Random,16,17.0,-1.5301082046105154,-3.8277540742096248,-1.5301082046105154,17.0,0.011953099980019033,baseline_progress
Random,17,18.0,-1.5301082046105154,-4.099539321929813,-1.5301082046105154,18.0,0.01248239999404177,baseline_progress
Random,18,19.0,-1.5301082046105154,-4.801008551341534,-1.5301082046105154,19.0,0.013012700015679002,baseline_progress
Random,19,20.0,-1.5301082046105154,-6.865912872059232,-1.5301082046105154,20.0,0.013564599968958646,baseline_progress
Random,20,21.0,-1.5301082046105154,-4.553414621676906,-1.5301082046105154,21.0,0.014113300014287233,baseline_progress
Random,21,22.0,-1.5301082046105154,-5.788202487453182,-1.5301082046105154,22.0,0.014627199969254434,baseline_progress
Random,22,23.0,-1.5301082046105154,-2.928029467902801,-1.5301082046105154,23.0,0.01511669997125864,baseline_progress
Random,23,24.0,-1.5301082046105154,-5.723451665611183,-1.5301082046105154,24.0,0.015602400002535433,baseline_progress
Random,24,25.0,-1.5301082046105154,-4.85833443440742,-1.5301082046105154,25.0,0.01608849997865036,baseline_progress
Random,25,26.0,-1.5301082046105154,-9.051948032745422,-1.5301082046105154,26.0,0.016574000008404255,baseline_progress
Random,26,27.0,-1.5301082046105154,-4.379765197115491,-1.5301082046105154,27.0,0.017051199974957854,baseline_progress
Random,27,28.0,-1.5301082046105154,-8.03511417909136,-1.5301082046105154,28.0,0.01758799998788163,baseline_progress
Random,28,29.0,-1.5301082046105154,-6.510187242690709,-1.5301082046105154,29.0,0.01807689998531714,baseline_progress
Random,29,30.0,-1.5301082046105154,-6.153767983125833,-1.5301082046105154,30.0,0.018551999994087964,baseline_progress
Random,30,31.0,-0.9765111945553304,-0.9765111945553304,-0.9765111945553304,31.0,0.019022799970116466,baseline_progress
Random,31,32.0,-0.9765111945553304,-2.111817338063456,-0.9765111945553304,32.0,0.019618399965111166,baseline_progress
Random,32,33.0,-0.9765111945553304,-9.50884308662463,-0.9765111945553304,33.0,0.020159800013061613,baseline_progress
Random,33,34.0,-0.9765111945553304,-4.980098683373185,-0.9765111945553304,34.0,0.020733200013637543,baseline_progress
Random,34,35.0,-0.9765111945553304,-6.051331451740145,-0.9765111945553304,35.0,0.02134099998511374,baseline_progress
Random,35,36.0,-0.9765111945553304,-6.1650388921926,-0.9765111945553304,36.0,0.022557099990081042,baseline_progress
Random,36,37.0,-0.9765111945553304,-6.045291599229967,-0.9765111945553304,37.0,0.02348620002157986,baseline_progress
Random,37,38.0,-0.9765111945553304,-5.20360364269244,-0.9765111945553304,38.0,0.02410410001175478,baseline_progress
Random,38,39.0,-0.9765111945553304,-4.312477883420421,-0.9765111945553304,39.0,0.0247708999668248,baseline_progress
Random,39,40.0,-0.9765111945553304,-6.754694456589986,-0.9765111945553304,40.0,0.025529999984428287,baseline_progress
Random,40,41.0,-0.9765111945553304,-5.639376665224749,-0.9765111945553304,41.0,0.026454299979377538,baseline_progress
Random,41,42.0,-0.9765111945553304,-11.292253267601609,-0.9765111945553304,42.0,0.027266999997664243,baseline_progress
Random,42,43.0,-0.9765111945553304,-7.438099890929063,-0.9765111945553304,43.0,0.02802460000384599,baseline_progress
Random,43,44.0,-0.9765111945553304,-8.13497977672991,-0.9765111945553304,44.0,0.028580699989106506,baseline_progress
Random,44,45.0,-0.9765111945553304,-3.9810043208418904,-0.9765111945553304,45.0,0.029105599969625473,baseline_progress
Random,45,46.0,-0.9765111945553304,-2.1041659749832116,-0.9765111945553304,46.0,0.029639200016390532,baseline_progress
Random,46,47.0,-0.9765111945553304,-7.602918802942879,-0.9765111945553304,47.0,0.03015200002118945,baseline_progress
Random,47,48.0,-0.9765111945553304,-8.313428261320938,-0.9765111945553304,48.0,0.03063950000796467,baseline_progress
Random,48,49.0,-0.9765111945553304,-7.839829163654025,-0.9765111945553304,49.0,0.03111819998594001,baseline_progress
Random,49,50.0,-0.9765111945553304,-5.861909825627101,-0.9765111945553304,50.0,0.031613599974662066,baseline_progress
Random,50,51.0,-0.9765111945553304,-6.745221877947026,-0.9765111945553304,51.0,0.032117199967615306,baseline_progress
Random,51,52.0,-0.9765111945553304,-3.815983242225057,-0.9765111945553304,52.0,0.03261749999364838,baseline_progress
Random,52,53.0,-0.9765111945553304,-7.187688853641295,-0.9765111945553304,53.0,0.0331181000219658,baseline_progress
Random,53,54.0,-0.9765111945553304,-7.286104757790513,-0.9765111945553304,54.0,0.033790300018154085,baseline_progress
Random,54,55.0,-0.9765111945553304,-11.91615810810642,-0.9765111945553304,55.0,0.03439849999267608,baseline_progress
Random,55,56.0,-0.9765111945553304,-7.121819100307674,-0.9765111945553304,56.0,0.03502110001863912,baseline_progress
Random,56,57.0,-0.9765111945553304,-5.604569744307828,-0.9765111945553304,57.0,0.03561000002082437,baseline_progress
Random,57,58.0,-0.9765111945553304,-5.872127539849848,-0.9765111945553304,58.0,0.036175600020214915,baseline_progress
Random,58,59.0,-0.9765111945553304,-10.232841535586843,-0.9765111945553304,59.0,0.0367351999739185,baseline_progress
Random,59,60.0,-0.9765111945553304,-7.240680374887074,-0.9765111945553304,60.0,0.03726730000926182,baseline_progress
Random,60,61.0,-0.9765111945553304,-9.692330734044095,-0.9765111945553304,61.0,0.03818350000074133,baseline_progress
Random,61,62.0,-0.9765111945553304,-6.843365607162687,-0.9765111945553304,62.0,0.0388383999816142,baseline_progress
Random,62,63.0,-0.9765111945553304,-6.2526865052225755,-0.9765111945553304,63.0,0.03938879998167977,baseline_progress
Random,63,64.0,-0.9765111945553304,-6.526053875815201,-0.9765111945553304,64.0,0.04000609996728599,baseline_progress
Random,64,65.0,-0.9765111945553304,-3.5326689236437967,-0.9765111945553304,65.0,0.040621799998916686,baseline_progress
Random,65,66.0,-0.9765111945553304,-4.130004565866985,-0.9765111945553304,66.0,0.04124220000812784,baseline_progress
Random,66,67.0,-0.9765111945553304,-8.453028192670786,-0.9765111945553304,67.0,0.041784800007008016,baseline_progress
Random,67,68.0,-0.9765111945553304,-8.001749802950295,-0.9765111945553304,68.0,0.04235459998017177,baseline_progress
Random,68,69.0,-0.9765111945553304,-7.7158616085691785,-0.9765111945553304,69.0,0.043269500019960105,baseline_progress
Random,69,70.0,-0.9765111945553304,-4.486122436194471,-0.9765111945553304,70.0,0.04397349996725097,baseline_progress
Random,70,71.0,-0.9765111945553304,-2.287232689877306,-0.9765111945553304,71.0,0.04454570001689717,baseline_progress
Random,71,72.0,-0.9765111945553304,-1.8296418845541038,-0.9765111945553304,72.0,0.045109700004104525,baseline_progress
Random,72,73.0,-0.9765111945553304,-8.920244428904143,-0.9765111945553304,73.0,0.04564510000636801,baseline_progress
Random,73,74.0,-0.9765111945553304,-5.804307197509701,-0.9765111945553304,74.0,0.04620380001142621,baseline_progress
Random,74,75.0,-0.9765111945553304,-4.9957518199646405,-0.9765111945553304,75.0,0.04672669997671619,baseline_progress
Random,75,76.0,-0.9765111945553304,-4.802110201402275,-0.9765111945553304,76.0,0.04721160000190139,baseline_progress
Random,76,77.0,-0.9765111945553304,-11.692712288044563,-0.9765111945553304,77.0,0.047684499993920326,baseline_progress
Random,77,78.0,-0.9765111945553304,-6.571812587809012,-0.9765111945553304,78.0,0.048170399968512356,baseline_progress
Random,78,79.0,-0.9765111945553304,-6.690138790418179,-0.9765111945553304,79.0,0.048668299976270646,baseline_progress
Random,79,80.0,-0.9765111945553304,-3.7661016934755436,-0.9765111945553304,80.0,0.04916860000230372,baseline_progress
Random,80,81.0,-0.9765111945553304,-7.033689108998268,-0.9765111945553304,81.0,0.04965180001454428,baseline_progress
Random,81,82.0,-0.9765111945553304,-4.643242316537938,-0.9765111945553304,82.0,0.050125100009609014,baseline_progress
Random,82,83.0,-0.9765111945553304,-6.087070768814446,-0.9765111945553304,83.0,0.050613800005521625,baseline_progress
Random,83,84.0,-0.9765111945553304,-10.986761393103532,-0.9765111945553304,84.0,0.0510882000089623,baseline_progress
Random,84,85.0,-0.9765111945553304,-6.230696471259062,-0.9765111945553304,85.0,0.05156250001164153,baseline_progress
Random,85,86.0,-0.9765111945553304,-3.4553515562724963,-0.9765111945553304,86.0,0.05203939997591078,baseline_progress
Random,86,87.0,-0.9765111945553304,-4.905010551263733,-0.9765111945553304,87.0,0.05264179996447638,baseline_progress
Random,87,88.0,-0.9765111945553304,-7.020432306859339,-0.9765111945553304,88.0,0.05331799999112263,baseline_progress
Random,88,89.0,-0.9765111945553304,-3.778341633342823,-0.9765111945553304,89.0,0.053962200006935745,baseline_progress
Random,89,90.0,-0.9765111945553304,-6.392265257317061,-0.9765111945553304,90.0,0.054476200020872056,baseline_progress
Random,90,91.0,-0.9765111945553304,-3.76222139583272,-0.9765111945553304,91.0,0.0549598999787122,baseline_progress
Random,91,92.0,-0.9765111945553304,-7.46947244677834,-0.9765111945553304,92.0,0.055440899974200875,baseline_progress
Random,92,93.0,-0.9765111945553304,-2.005458623137258,-0.9765111945553304,93.0,0.05595439998432994,baseline_progress
Random,93,94.0,-0.9765111945553304,-9.027632729492229,-0.9765111945553304,94.0,0.05648059997474775,baseline_progress
Random,94,95.0,-0.9765111945553304,-2.5588080860959623,-0.9765111945553304,95.0,0.05706139997346327,baseline_progress
Random,95,96.0,-0.9765111945553304,-5.461309769511723,-0.9765111945553304,96.0,0.05761829996481538,baseline_progress
Random,96,97.0,-0.9765111945553304,-1.5132394226639079,-0.9765111945553304,97.0,0.058141899993643165,baseline_progress
Random,97,98.0,-0.9765111945553304,-4.1830178276241705,-0.9765111945553304,98.0,0.05865929997526109,baseline_progress
Random,98,99.0,-0.9765111945553304,-6.398912539367693,-0.9765111945553304,99.0,0.05945409997366369,baseline_progress
Random,99,100.0,-0.9765111945553304,-6.669047253700702,-0.9765111945553304,100.0,0.06002689996967092,baseline_progress
Random,100,101.0,-0.9765111945553304,-8.411322202900825,-0.9765111945553304,101.0,0.06060739996610209,baseline_progress
Random,101,102.0,-0.9765111945553304,-9.447271944411497,-0.9765111945553304,102.0,0.06123330001719296,baseline_progress
Random,102,103.0,-0.9765111945553304,-1.81201150111725,-0.9765111945553304,103.0,0.061811099993065,baseline_progress
Random,103,104.0,-0.9765111945553304,-4.932585787274904,-0.9765111945553304,104.0,0.06233950000023469,baseline_progress
Random,104,105.0,-0.8613996212908588,-0.8613996212908588,-0.8613996212908588,105.0,0.06290610000723973,baseline_progress
Random,105,106.0,-0.8613996212908588,-9.208831499048522,-0.8613996212908588,106.0,0.06343360000755638,baseline_progress
Random,106,107.0,-0.8613996212908588,-4.093843701034958,-0.8613996212908588,107.0,0.06397259997902438,baseline_progress
Random,107,108.0,-0.8613996212908588,-2.6844023100881724,-0.8613996212908588,108.0,0.06447619997197762,baseline_progress
Random,108,109.0,-0.8613996212908588,-6.418794648730714,-0.8613996212908588,109.0,0.06495889998041093,baseline_progress
Random,109,110.0,-0.8613996212908588,-4.934899662397424,-0.8613996212908588,110.0,0.06544789997860789,baseline_progress
Random,110,111.0,-0.8613996212908588,-10.723626354529918,-0.8613996212908588,111.0,0.06591760000446811,baseline_progress
Random,111,112.0,-0.8613996212908588,-4.389238659281383,-0.8613996212908588,112.0,0.06638550001662225,baseline_progress
Random,112,113.0,-0.8613996212908588,-4.4046448346085665,-0.8613996212908588,113.0,0.06685349997133017,baseline_progress
Random,113,114.0,-0.8613996212908588,-5.012900591243043,-0.8613996212908588,114.0,0.06733320001512766,baseline_progress
Random,114,115.0,-0.8613996212908588,-3.2245315245861375,-0.8613996212908588,115.0,0.06783770001493394,baseline_progress
Random,115,116.0,-0.8613996212908588,-7.49331441383946,-0.8613996212908588,116.0,0.06833059998461977,baseline_progress
Random,116,117.0,-0.8613996212908588,-5.115037470073167,-0.8613996212908588,117.0,0.06879709998611361,baseline_progress
Random,117,118.0,-0.8613996212908588,-4.220105334019984,-0.8613996212908588,118.0,0.06927440001163632,baseline_progress
Random,118,119.0,-0.8613996212908588,-5.987582485933416,-0.8613996212908588,119.0,0.06974399997852743,baseline_progress
Random,119,120.0,-0.8613996212908588,-3.059745886619075,-0.8613996212908588,120.0,0.0702136000036262,baseline_progress
Random,120,121.0,-0.8613996212908588,-5.377065482535754,-0.8613996212908588,121.0,0.0706787999952212,baseline_progress
Random,121,122.0,-0.8613996212908588,-6.014346155637261,-0.8613996212908588,122.0,0.07115769997471943,baseline_progress
Random,122,123.0,-0.8613996212908588,-5.507068300502379,-0.8613996212908588,123.0,0.07162519998382777,baseline_progress
Random,123,124.0,-0.8613996212908588,-5.511617874587477,-0.8613996212908588,124.0,0.07209089997923002,baseline_progress
Random,124,125.0,-0.8613996212908588,-2.9831445420895553,-0.8613996212908588,125.0,0.07255689997691661,baseline_progress
Random,125,126.0,-0.8613996212908588,-7.88583187267297,-0.8613996212908588,126.0,0.07303430000320077,baseline_progress
Random,126,127.0,-0.8613996212908588,-6.816668637242004,-0.8613996212908588,127.0,0.07352279999759048,baseline_progress
Random,127,128.0,-0.8613996212908588,-9.111912176333247,-0.8613996212908588,128.0,0.0739923000219278,baseline_progress
Random,128,129.0,-0.8613996212908588,-10.302327607899421,-0.8613996212908588,129.0,0.07445780001580715,baseline_progress
Random,129,130.0,-0.8613996212908588,-4.4037442089304255,-0.8613996212908588,130.0,0.07493629999225959,baseline_progress
Random,130,131.0,-0.8613996212908588,-7.746340073469067,-0.8613996212908588,131.0,0.07540610001888126,baseline_progress
Random,131,132.0,-0.8613996212908588,-4.289164310027488,-0.8613996212908588,132.0,0.07587250001961365,baseline_progress
Random,132,133.0,-0.8613996212908588,-7.175362483737487,-0.8613996212908588,133.0,0.0763376000104472,baseline_progress
Random,133,134.0,-0.8613996212908588,-8.893704116181617,-0.8613996212908588,134.0,0.07745340000838041,baseline_progress
Random,134,135.0,-0.8613996212908588,-7.726435863363406,-0.8613996212908588,135.0,0.07823959999950603,baseline_progress
Random,135,136.0,-0.8613996212908588,-2.771938546225067,-0.8613996212908588,136.0,0.07887899997876957,baseline_progress
Random,136,137.0,-0.8613996212908588,-4.696517126976922,-0.8613996212908588,137.0,0.07966639997903258,baseline_progress
Random,137,138.0,-0.8613996212908588,-8.7887439214505,-0.8613996212908588,138.0,0.08038930001202971,baseline_progress
Random,138,139.0,-0.8613996212908588,-2.1201262846616906,-0.8613996212908588,139.0,0.08099400001810864,baseline_progress
Random,139,140.0,-0.8613996212908588,-3.3080691273919722,-0.8613996212908588,140.0,0.0816060000215657,baseline_progress
Random,140,141.0,-0.8613996212908588,-8.168565144088582,-0.8613996212908588,141.0,0.0822090000147,baseline_progress
Random,141,142.0,-0.8613996212908588,-4.089234589087514,-0.8613996212908588,142.0,0.08275960001628846,baseline_progress
Random,142,143.0,-0.8613996212908588,-9.553144449471947,-0.8613996212908588,143.0,0.08357459999388084,baseline_progress
Random,143,144.0,-0.8613996212908588,-5.468624426236505,-0.8613996212908588,144.0,0.08414370001992211,baseline_progress
Random,144,145.0,-0.8613996212908588,-7.8395064555064256,-0.8613996212908588,145.0,0.08465629996499047,baseline_progress
Random,145,146.0,-0.8613996212908588,-4.032881879770041,-0.8613996212908588,146.0,0.08517269999720156,baseline_progress
Random,146,147.0,-0.8613996212908588,-5.301652507698638,-0.8613996212908588,147.0,0.0856766999932006,baseline_progress
Random,147,148.0,-0.8613996212908588,-6.354329725071206,-0.8613996212908588,148.0,0.08617610001238063,baseline_progress
Random,148,149.0,-0.8613996212908588,-6.4684808551118556,-0.8613996212908588,149.0,0.0866626999923028,baseline_progress
Random,149,150.0,-0.8613996212908588,-3.9535316982168225,-0.8613996212908588,150.0,0.08714660000987351,baseline_progress
Random,150,151.0,-0.8613996212908588,-6.251454716309337,-0.8613996212908588,151.0,0.08762339997338131,baseline_progress
Random,151,152.0,-0.8613996212908588,-6.190755702047257,-0.8613996212908588,152.0,0.08811399998376146,baseline_progress
Random,152,153.0,-0.8613996212908588,-2.9113211353419457,-0.8613996212908588,153.0,0.0885862999712117,baseline_progress
Random,153,154.0,-0.8613996212908588,-5.77340196148572,-0.8613996212908588,154.0,0.08906849997583777,baseline_progress
Random,154,155.0,-0.8613996212908588,-4.159249856618071,-0.8613996212908588,155.0,0.08953850000398234,baseline_progress
Random,155,156.0,-0.8613996212908588,-2.847580077833555,-0.8613996212908588,156.0,0.09000670001842082,baseline_progress
Random,156,157.0,-0.8613996212908588,-2.604632535940247,-0.8613996212908588,157.0,0.09047369996551424,baseline_progress
Random,157,158.0,-0.8613996212908588,-4.738250490968688,-0.8613996212908588,158.0,0.09095310000702739,baseline_progress
Random,158,159.0,-0.8613996212908588,-5.518292311828668,-0.8613996212908588,159.0,0.09143079997738823,baseline_progress
Random,159,160.0,-0.8613996212908588,-8.752748691173677,-0.8613996212908588,160.0,0.09189659997355193,baseline_progress
Random,160,161.0,-0.8613996212908588,-8.654862094967362,-0.8613996212908588,161.0,0.09236289997352287,baseline_progress
Random,161,162.0,-0.8613996212908588,-9.349099378801252,-0.8613996212908588,162.0,0.093166199978441,baseline_progress
Random,162,163.0,-0.8613996212908588,-6.407187088201538,-0.8613996212908588,163.0,0.0939290999667719,baseline_progress
Random,163,164.0,-0.8613996212908588,-6.1441005380475655,-0.8613996212908588,164.0,0.09450579999247566,baseline_progress
Random,164,165.0,-0.8613996212908588,-10.986065134386667,-0.8613996212908588,165.0,0.09506929997587577,baseline_progress
Random,165,166.0,-0.8613996212908588,-4.601151918935532,-0.8613996212908588,166.0,0.09577549999812618,baseline_progress
Random,166,167.0,-0.8613996212908588,-3.0273706235965383,-0.8613996212908588,167.0,0.09630340000148863,baseline_progress
Random,167,168.0,-0.8613996212908588,-4.1678651820403125,-0.8613996212908588,168.0,0.09678760002134368,baseline_progress
Random,168,169.0,-0.8613996212908588,-8.486694567094098,-0.8613996212908588,169.0,0.09729740000329912,baseline_progress
Random,169,170.0,-0.8613996212908588,-5.031898584713108,-0.8613996212908588,170.0,0.097775999980513,baseline_progress
Random,170,171.0,-0.8613996212908588,-8.25074894392483,-0.8613996212908588,171.0,0.09827790001872927,baseline_progress
Random,171,172.0,-0.8613996212908588,-3.3320113792276795,-0.8613996212908588,172.0,0.09911449998617172,baseline_progress
Random,172,173.0,-0.8613996212908588,-3.938868507618848,-0.8613996212908588,173.0,0.09987590002128854,baseline_progress
Random,173,174.0,-0.8613996212908588,-6.186034066436051,-0.8613996212908588,174.0,0.10054989997297525,baseline_progress
Random,174,175.0,-0.8613996212908588,-6.090874112799775,-0.8613996212908588,175.0,0.10124180000275373,baseline_progress
Random,175,176.0,-0.8613996212908588,-2.2529132824721456,-0.8613996212908588,176.0,0.10178979998454452,baseline_progress
Random,176,177.0,-0.8613996212908588,-7.285661876718671,-0.8613996212908588,177.0,0.10229269997216761,baseline_progress
Random,177,178.0,-0.8613996212908588,-3.8206596130004202,-0.8613996212908588,178.0,0.10280749999219552,baseline_progress
Random,178,179.0,-0.8613996212908588,-8.364296702161209,-0.8613996212908588,179.0,0.1033000000170432,baseline_progress
Random,179,180.0,-0.8613996212908588,-3.6561412569938474,-0.8613996212908588,180.0,0.10381890001008287,baseline_progress
Random,180,181.0,-0.8613996212908588,-6.350523141421056,-0.8613996212908588,181.0,0.10431570000946522,baseline_progress
Random,181,182.0,-0.8613996212908588,-3.9799143631351575,-0.8613996212908588,182.0,0.10480779997305945,baseline_progress
Random,182,183.0,-0.8613996212908588,-9.251964308809598,-0.8613996212908588,183.0,0.10528349998639897,baseline_progress
Random,183,184.0,-0.8613996212908588,-7.368736510992721,-0.8613996212908588,184.0,0.10575280000921339,baseline_progress
Random,184,185.0,-0.7449432860126843,-0.7449432860126843,-0.7449432860126843,185.0,0.10628529998939484,baseline_progress
Random,185,186.0,-0.7449432860126843,-7.147918249197184,-0.7449432860126843,186.0,0.10677189996931702,baseline_progress
Random,186,187.0,-0.7449432860126843,-8.387156317816537,-0.7449432860126843,187.0,0.10728039999958128,baseline_progress
Random,187,188.0,-0.7449432860126843,-5.1034744574366515,-0.7449432860126843,188.0,0.1078049999778159,baseline_progress
Random,188,189.0,-0.7449432860126843,-8.115109914930784,-0.7449432860126843,189.0,0.10828539996873587,baseline_progress
Random,189,190.0,-0.7449432860126843,-3.9832949270002898,-0.7449432860126843,190.0,0.10876560001634061,baseline_progress
Random,190,191.0,-0.7449432860126843,-2.1774158704481748,-0.7449432860126843,191.0,0.10929049999685958,baseline_progress
Random,191,192.0,-0.7449432860126843,-4.784803383507054,-0.7449432860126843,192.0,0.1097668000147678,baseline_progress
Random,192,193.0,-0.7449432860126843,-4.333648843478969,-0.7449432860126843,193.0,0.1102997999987565,baseline_progress
Random,193,194.0,-0.7449432860126843,-3.900271434633179,-0.7449432860126843,194.0,0.11081510002259165,baseline_progress
Random,194,195.0,-0.7449432860126843,-8.282991682411067,-0.7449432860126843,195.0,0.11128589999862015,baseline_progress
Random,195,196.0,-0.7449432860126843,-10.407421103345737,-0.7449432860126843,196.0,0.11175460001686588,baseline_progress
Random,196,197.0,-0.7449432860126843,-6.293283565166664,-0.7449432860126843,197.0,0.11222229996928945,baseline_progress
Random,197,198.0,-0.7449432860126843,-7.435402120300905,-0.7449432860126843,198.0,0.11280439997790381,baseline_progress
Random,198,199.0,-0.7449432860126843,-2.6882066136657032,-0.7449432860126843,199.0,0.11334450001595542,baseline_progress
Random,199,200.0,-0.7449432860126843,-5.20747012497403,-0.7449432860126843,200.0,0.11391070001991466,baseline_progress
Random,200,201.0,-0.7449432860126843,-8.660437106696362,-0.7449432860126843,201.0,0.11442579998401925,baseline_progress
Random,201,202.0,-0.7449432860126843,-7.86771710718733,-0.7449432860126843,202.0,0.11490759998559952,baseline_progress
Random,202,203.0,-0.7449432860126843,-8.415179392109913,-0.7449432860126843,203.0,0.115380399976857,baseline_progress
Random,203,204.0,-0.7449432860126843,-5.672336003605905,-0.7449432860126843,204.0,0.11584889999357983,baseline_progress
Random,204,205.0,-0.7449432860126843,-4.960027153187364,-0.7449432860126843,205.0,0.1163428999716416,baseline_progress
Random,205,206.0,-0.7449432860126843,-4.813818002628568,-0.7449432860126843,206.0,0.11681809998117387,baseline_progress
Random,206,207.0,-0.7449432860126843,-6.533613880533628,-0.7449432860126843,207.0,0.11732979997759685,baseline_progress
Random,207,208.0,-0.7449432860126843,-4.513623359688555,-0.7449432860126843,208.0,0.11780409998027608,baseline_progress
Random,208,209.0,-0.7449432860126843,-4.621080085296416,-0.7449432860126843,209.0,0.118274400010705,baseline_progress
Random,209,210.0,-0.7449432860126843,-6.482070408894789,-0.7449432860126843,210.0,0.11883920000400394,baseline_progress
Random,210,211.0,-0.7449432860126843,-7.9104992763689985,-0.7449432860126843,211.0,0.11931410001125187,baseline_progress
Random,211,212.0,-0.7449432860126843,-5.95108258445836,-0.7449432860126843,212.0,0.11978060001274571,baseline_progress
Random,212,213.0,-0.7449432860126843,-12.280784891129468,-0.7449432860126843,213.0,0.1202966999844648,baseline_progress
Random,213,214.0,-0.7449432860126843,-3.1037247971059854,-0.7449432860126843,214.0,0.12078029999975115,baseline_progress
Random,214,215.0,-0.7449432860126843,-4.429882413098541,-0.7449432860126843,215.0,0.12124979996588081,baseline_progress
Random,215,216.0,-0.7449432860126843,-5.006638160464851,-0.7449432860126843,216.0,0.12171500001568347,baseline_progress
Random,216,217.0,-0.7449432860126843,-7.962705793899591,-0.7449432860126843,217.0,0.12217919999966398,baseline_progress
Random,217,218.0,-0.7449432860126843,-9.636755898651677,-0.7449432860126843,218.0,0.1226555000175722,baseline_progress
Random,218,219.0,-0.7449432860126843,-7.879060455084435,-0.7449432860126843,219.0,0.12312389997532591,baseline_progress
Random,219,220.0,-0.7449432860126843,-6.039415168712619,-0.7449432860126843,220.0,0.12358969997148961,baseline_progress
Random,220,221.0,-0.7449432860126843,-4.403982889123544,-0.7449432860126843,221.0,0.12405729998135939,baseline_progress
Random,221,222.0,-0.7449432860126843,-6.615233500245637,-0.7449432860126843,222.0,0.12453709996771067,baseline_progress
Random,222,223.0,-0.7449432860126843,-5.324158400550804,-0.7449432860126843,223.0,0.12500900001032278,baseline_progress
Random,223,224.0,-0.7449432860126843,-7.787622245869227,-0.7449432860126843,224.0,0.12547480000648648,baseline_progress
Random,224,225.0,-0.7449432860126843,-5.706331228174644,-0.7449432860126843,225.0,0.1259919999865815,baseline_progress
Random,225,226.0,-0.7449432860126843,-5.8653264747794625,-0.7449432860126843,226.0,0.12648400000762194,baseline_progress
Random,226,227.0,-0.7449432860126843,-2.9037466081261822,-0.7449432860126843,227.0,0.12695880001410842,baseline_progress
Random,227,228.0,-0.7449432860126843,-6.748195566873399,-0.7449432860126843,228.0,0.12751849996857345,baseline_progress
Random,228,229.0,-0.7449432860126843,-11.369357982480276,-0.7449432860126843,229.0,0.128059700015001,baseline_progress
Random,229,230.0,-0.7449432860126843,-3.741061914674594,-0.7449432860126843,230.0,0.1285486000124365,baseline_progress
Random,230,231.0,-0.7449432860126843,-7.22495267359616,-0.7449432860126843,231.0,0.12937849998706952,baseline_progress
Random,231,232.0,-0.7449432860126843,-5.3672289331298,-0.7449432860126843,232.0,0.13004299998283386,baseline_progress
Random,232,233.0,-0.7449432860126843,-4.324651256597235,-0.7449432860126843,233.0,0.1306707999901846,baseline_progress
Random,233,234.0,-0.7449432860126843,-6.856796556781855,-0.7449432860126843,234.0,0.1312163000111468,baseline_progress
Random,234,235.0,-0.7449432860126843,-7.410291773052835,-0.7449432860126843,235.0,0.13174709997838363,baseline_progress
Random,235,236.0,-0.7449432860126843,-5.340794073541611,-0.7449432860126843,236.0,0.13228169997455552,baseline_progress
Random,236,237.0,-0.7449432860126843,-5.119087391132816,-0.7449432860126843,237.0,0.13284189999103546,baseline_progress
Random,237,238.0,-0.7449432860126843,-6.128659651968375,-0.7449432860126843,238.0,0.13343519996851683,baseline_progress
Random,238,239.0,-0.7449432860126843,-5.313281788662353,-0.7449432860126843,239.0,0.13403429999016225,baseline_progress
Random,239,240.0,-0.7449432860126843,-4.411702435898884,-0.7449432860126843,240.0,0.13460079999640584,baseline_progress
Random,240,241.0,-0.7449432860126843,-6.057089696943227,-0.7449432860126843,241.0,0.13514219998614863,baseline_progress
Random,241,242.0,-0.7449432860126843,-9.26345309191396,-0.7449432860126843,242.0,0.13565150002250448,baseline_progress
Random,242,243.0,-0.7449432860126843,-4.8089156547681045,-0.7449432860126843,243.0,0.13619609997840598,baseline_progress
Random,243,244.0,-0.7449432860126843,-6.323862905223972,-0.7449432860126843,244.0,0.1367651000036858,baseline_progress
Random,244,245.0,-0.7449432860126843,-5.052373180100809,-0.7449432860126843,245.0,0.13728229998378083,baseline_progress
Random,245,246.0,-0.7449432860126843,-6.338923239089782,-0.7449432860126843,246.0,0.13780460000270978,baseline_progress
Random,246,247.0,-0.7449432860126843,-7.4484368019011935,-0.7449432860126843,247.0,0.1385656999773346,baseline_progress
Random,247,248.0,-0.7449432860126843,-6.1247937211294445,-0.7449432860126843,248.0,0.13916289998451248,baseline_progress
Random,248,249.0,-0.7449432860126843,-6.008725696012284,-0.7449432860126843,249.0,0.13966960000107065,baseline_progress
Random,249,250.0,-0.7449432860126843,-6.007983784402343,-0.7449432860126843,250.0,0.1402333999867551,baseline_progress
Random,250,251.0,-0.7449432860126843,-6.24314883058614,-0.7449432860126843,251.0,0.14082369999960065,baseline_progress
Random,251,252.0,-0.7449432860126843,-7.274758179878064,-0.7449432860126843,252.0,0.14135689998511225,baseline_progress
Random,252,253.0,0.23119079147980548,0.23119079147980548,0.23119079147980548,253.0,0.1418516999692656,baseline_progress
Random,253,254.0,0.23119079147980548,-2.8798808557971114,0.23119079147980548,254.0,0.14234249998116866,baseline_progress
Random,254,255.0,0.23119079147980548,-7.487013455368484,0.23119079147980548,255.0,0.1429096999927424,baseline_progress
Random,255,256.0,0.23119079147980548,-7.917604453879658,0.23119079147980548,256.0,0.1435662999865599,baseline_progress
Random,256,257.0,0.23119079147980548,-6.004477870751225,0.23119079147980548,257.0,0.1444550000014715,baseline_progress
Random,257,258.0,0.23119079147980548,-3.9386119059207116,0.23119079147980548,258.0,0.14511189999757335,baseline_progress
Random,258,259.0,0.23119079147980548,-1.9870754142344014,0.23119079147980548,259.0,0.14570340001955628,baseline_progress
Random,259,260.0,0.23119079147980548,-2.862263114600556,0.23119079147980548,260.0,0.14633519999915734,baseline_progress
Random,260,261.0,0.23119079147980548,-3.991786934101392,0.23119079147980548,261.0,0.14713009999832138,baseline_progress
Random,261,262.0,0.23119079147980548,-7.01795786001451,0.23119079147980548,262.0,0.14779839996481314,baseline_progress
Random,262,263.0,0.23119079147980548,-7.85315358631571,0.23119079147980548,263.0,0.1485134999966249,baseline_progress
Random,263,264.0,0.23119079147980548,-6.449953494744925,0.23119079147980548,264.0,0.1490518000209704,baseline_progress
Random,264,265.0,0.23119079147980548,-2.164030534581923,0.23119079147980548,265.0,0.14966049999929965,baseline_progress
Random,265,266.0,0.23119079147980548,-3.3682207593825906,0.23119079147980548,266.0,0.15028200001688674,baseline_progress
Random,266,267.0,0.23119079147980548,-6.561717549958341,0.23119079147980548,267.0,0.15091099997516721,baseline_progress
Random,267,268.0,0.23119079147980548,-8.42434206017604,0.23119079147980548,268.0,0.15141930000390857,baseline_progress
Random,268,269.0,0.23119079147980548,-5.327615244416918,0.23119079147980548,269.0,0.151935699977912,baseline_progress
Random,269,270.0,0.23119079147980548,-5.5780264170223175,0.23119079147980548,270.0,0.15244049998000264,baseline_progress
Random,270,271.0,0.23119079147980548,-7.637282047874326,0.23119079147980548,271.0,0.15293079998809844,baseline_progress
Random,271,272.0,0.23119079147980548,-6.4236621572655075,0.23119079147980548,272.0,0.15340910002123564,baseline_progress
Random,272,273.0,0.23119079147980548,-5.40511703234505,0.23119079147980548,273.0,0.15390679996926337,baseline_progress
Random,273,274.0,0.23119079147980548,-7.102033256342077,0.23119079147980548,274.0,0.15441540000028908,baseline_progress
Random,274,275.0,0.23119079147980548,-5.307263172985873,0.23119079147980548,275.0,0.15488769998773932,baseline_progress
Random,275,276.0,0.23119079147980548,-3.273172926940137,0.23119079147980548,276.0,0.15535559999989346,baseline_progress
Random,276,277.0,0.23119079147980548,-6.243549346625796,0.23119079147980548,277.0,0.1558546000160277,baseline_progress
Random,277,278.0,0.23119079147980548,-4.0449035632066135,0.23119079147980548,278.0,0.15633919998072088,baseline_progress
Random,278,279.0,0.23119079147980548,-5.323333452500696,0.23119079147980548,279.0,0.1568093000096269,baseline_progress
Random,279,280.0,0.23119079147980548,-3.905797393144446,0.23119079147980548,280.0,0.1572796999826096,baseline_progress
Random,280,281.0,0.23119079147980548,-7.385136082667234,0.23119079147980548,281.0,0.15776179998647422,baseline_progress
Random,281,282.0,0.23119079147980548,-7.419106814853809,0.23119079147980548,282.0,0.15824379998957738,baseline_progress
Random,282,283.0,0.23119079147980548,-6.215228701243376,0.23119079147980548,283.0,0.15870899998117238,baseline_progress
Random,283,284.0,0.23119079147980548,-9.788975758314779,0.23119079147980548,284.0,0.15917559998342767,baseline_progress
Random,284,285.0,0.23119079147980548,-6.765432410202242,0.23119079147980548,285.0,0.15964420000091195,baseline_progress
Random,285,286.0,0.23119079147980548,-5.478671887166047,0.23119079147980548,286.0,0.16037040000082925,baseline_progress
Random,286,287.0,0.23119079147980548,-4.179795919413779,0.23119079147980548,287.0,0.1609584999969229,baseline_progress
Random,287,288.0,0.23119079147980548,-3.3670871994135076,0.23119079147980548,288.0,0.16144729999359697,baseline_progress
Random,288,289.0,0.23119079147980548,-7.144848005232818,0.23119079147980548,289.0,0.16193429997656494,baseline_progress
Random,289,290.0,0.23119079147980548,-13.081940484860558,0.23119079147980548,290.0,0.16240640002069995,baseline_progress
Random,290,291.0,0.23119079147980548,-6.757840203375453,0.23119079147980548,291.0,0.16289849998429418,baseline_progress
Random,291,292.0,0.23119079147980548,-7.141656567570168,0.23119079147980548,292.0,0.16337690001819283,baseline_progress
Random,292,293.0,0.23119079147980548,-5.5262271940972445,0.23119079147980548,293.0,0.16389739996520802,baseline_progress
Random,293,294.0,0.23119079147980548,-7.432638308706931,0.23119079147980548,294.0,0.1643789999652654,baseline_progress
Random,294,295.0,0.23119079147980548,-3.7173640406560473,0.23119079147980548,295.0,0.1648513000109233,baseline_progress
Random,295,296.0,0.23119079147980548,-4.654586009931996,0.23119079147980548,296.0,0.16531939996639267,baseline_progress
Random,296,297.0,0.23119079147980548,-9.245921786491465,0.23119079147980548,297.0,0.1657998000155203,baseline_progress
Random,297,298.0,0.23119079147980548,-5.928053290280255,0.23119079147980548,298.0,0.16627169999992475,baseline_progress
Random,298,299.0,0.23119079147980548,-5.2608927715984795,0.23119079147980548,299.0,0.16674580000108108,baseline_progress
Random,299,300.0,0.23119079147980548,-4.6448843999235185,0.23119079147980548,300.0,0.16721159999724478,baseline_progress
Random,300,301.0,0.23119079147980548,-6.509471054883154,0.23119079147980548,301.0,0.16767569998046383,baseline_progress
Random,301,302.0,0.23119079147980548,-4.559193640981915,0.23119079147980548,302.0,0.16815219999989495,baseline_progress
Random,302,303.0,0.23119079147980548,-5.716694753078647,0.23119079147980548,303.0,0.1686222999705933,baseline_progress
Random,303,304.0,0.23119079147980548,-5.333412950071217,0.23119079147980548,304.0,0.16908690001582727,baseline_progress
Random,304,305.0,0.23119079147980548,-6.274714710067108,0.23119079147980548,305.0,0.16955220000818372,baseline_progress
Random,305,306.0,0.23119079147980548,-7.477488461833602,0.23119079147980548,306.0,0.17003430001204833,baseline_progress
Random,306,307.0,0.23119079147980548,-6.957694910933423,0.23119079147980548,307.0,0.1705029999720864,baseline_progress
Random,307,308.0,0.23119079147980548,-6.0335244233681395,0.23119079147980548,308.0,0.17096660000970587,baseline_progress
Random,308,309.0,0.23119079147980548,-8.655967196875592,0.23119079147980548,309.0,0.17143250000663102,baseline_progress
Random,309,310.0,0.23119079147980548,-0.1663804681272496,0.23119079147980548,310.0,0.17190869996557012,baseline_progress
Random,310,311.0,0.23119079147980548,-4.367050584351496,0.23119079147980548,311.0,0.17237899999599904,baseline_progress
Random,311,312.0,0.23119079147980548,-10.614774845519356,0.23119079147980548,312.0,0.17284630000358447,baseline_progress
Random,312,313.0,0.23119079147980548,-9.71799961868774,0.23119079147980548,313.0,0.17331350001040846,baseline_progress
Random,313,314.0,0.23119079147980548,-8.973173836601877,0.23119079147980548,314.0,0.1737788000027649,baseline_progress
Random,314,315.0,0.23119079147980548,-7.894804894408733,0.23119079147980548,315.0,0.17426669999258593,baseline_progress
Random,315,316.0,0.23119079147980548,-2.379125701914724,0.23119079147980548,316.0,0.17475519998697564,baseline_progress
Random,316,317.0,0.23119079147980548,-4.615431258936107,0.23119079147980548,317.0,0.1752254000166431,baseline_progress
Random,317,318.0,0.23119079147980548,-4.111140487638899,0.23119079147980548,318.0,0.17570620001060888,baseline_progress
Random,318,319.0,0.23119079147980548,-2.894045960916938,0.23119079147980548,319.0,0.17621529998723418,baseline_progress
Random,319,320.0,0.23119079147980548,-8.00702199431014,0.23119079147980548,320.0,0.17671319999499246,baseline_progress
Random,320,321.0,0.23119079147980548,-4.847062666364485,0.23119079147980548,321.0,0.17720079998252913,baseline_progress
Random,321,322.0,0.23119079147980548,-5.27911374811946,0.23119079147980548,322.0,0.17772530001820996,baseline_progress
Random,322,323.0,0.23119079147980548,-9.630266751596256,0.23119079147980548,323.0,0.17830560001311824,baseline_progress
Random,323,324.0,0.23119079147980548,-5.702272410925761,0.23119079147980548,324.0,0.1787810999667272,baseline_progress
Random,324,325.0,0.23119079147980548,-4.956314759565096,0.23119079147980548,325.0,0.17925059999106452,baseline_progress
Random,325,326.0,0.23119079147980548,-8.339963841181993,0.23119079147980548,326.0,0.1797307999804616,baseline_progress
Random,326,327.0,0.23119079147980548,-6.354377433298608,0.23119079147980548,327.0,0.18020369997248054,baseline_progress
Random,327,328.0,0.23119079147980548,-7.855135860933138,0.23119079147980548,328.0,0.18066969997016713,baseline_progress
Random,328,329.0,0.23119079147980548,-6.049898391402587,0.23119079147980548,329.0,0.1811349000199698,baseline_progress
Random,329,330.0,0.23119079147980548,-4.0831794433142266,0.23119079147980548,330.0,0.18160979996901006,baseline_progress
Random,330,331.0,0.23119079147980548,-6.924228357363262,0.23119079147980548,331.0,0.18207839998649433,baseline_progress
Random,331,332.0,0.23119079147980548,-9.65398353153897,0.23119079147980548,332.0,0.1825480000115931,baseline_progress
Random,332,333.0,0.23119079147980548,-1.7922969507333129,0.23119079147980548,333.0,0.18301229999633506,baseline_progress
Random,333,334.0,0.23119079147980548,-7.464830449578968,0.23119079147980548,334.0,0.18347539997193962,baseline_progress
Random,334,335.0,0.23119079147980548,-3.1105428083206577,0.23119079147980548,335.0,0.18395069998223335,baseline_progress
Random,335,336.0,0.23119079147980548,-7.543404504702741,0.23119079147980548,336.0,0.18441929999971762,baseline_progress
Random,336,337.0,0.23119079147980548,-5.816148732403746,0.23119079147980548,337.0,0.18488359998445958,baseline_progress
Random,337,338.0,0.23119079147980548,-3.6958257030795614,0.23119079147980548,338.0,0.18534729996463284,baseline_progress
Random,338,339.0,0.23119079147980548,-8.140966336497517,0.23119079147980548,339.0,0.1858236999833025,baseline_progress
Random,339,340.0,0.23119079147980548,-6.282941475318726,0.23119079147980548,340.0,0.18629330000840127,baseline_progress
Random,340,341.0,0.23119079147980548,-7.977370635969084,0.23119079147980548,341.0,0.18675860000075772,baseline_progress
Random,341,342.0,0.23119079147980548,-5.868508850232955,0.23119079147980548,342.0,0.18722409999463707,baseline_progress
Random,342,343.0,0.23119079147980548,-4.445170013739919,0.23119079147980548,343.0,0.18771749996813014,baseline_progress
Random,343,344.0,0.23119079147980548,-3.440241416410659,0.23119079147980548,344.0,0.18819640000583604,baseline_progress
Random,344,345.0,0.23119079147980548,-6.408264859388823,0.23119079147980548,345.0,0.1890560999745503,baseline_progress
Random,345,346.0,0.23119079147980548,-10.507023015400268,0.23119079147980548,346.0,0.19013609999092296,baseline_progress
Random,346,347.0,0.23119079147980548,-7.417484841200864,0.23119079147980548,347.0,0.1907333999988623,baseline_progress
Random,347,348.0,0.23119079147980548,-3.6622056002314136,0.23119079147980548,348.0,0.19132049998734146,baseline_progress
Random,348,349.0,0.23119079147980548,-6.345481424704558,0.23119079147980548,349.0,0.19186570000601932,baseline_progress
Random,349,350.0,0.23119079147980548,-7.179756891842283,0.23119079147980548,350.0,0.19244229997275397,baseline_progress
Random,350,351.0,0.23119079147980548,-4.544003143986759,0.23119079147980548,351.0,0.19329209998250008,baseline_progress
Random,351,352.0,0.23119079147980548,-3.29616888874982,0.23119079147980548,352.0,0.19393120001768693,baseline_progress
Random,352,353.0,0.23119079147980548,-4.250246527920481,0.23119079147980548,353.0,0.19443649996537715,baseline_progress
Random,353,354.0,0.23119079147980548,-6.139130148968635,0.23119079147980548,354.0,0.19490180001594126,baseline_progress
Random,354,355.0,0.23119079147980548,-7.877604705481202,0.23119079147980548,355.0,0.19535840000025928,baseline_progress
Random,355,356.0,0.23119079147980548,-3.8115481816889503,0.23119079147980548,356.0,0.19582849997095764,baseline_progress
Random,356,357.0,0.23119079147980548,-5.155377415820881,0.23119079147980548,357.0,0.19631759996991605,baseline_progress
Random,357,358.0,0.23119079147980548,-9.327676355589507,0.23119079147980548,358.0,0.19678599998587742,baseline_progress
Random,358,359.0,0.23119079147980548,-10.951948893606538,0.23119079147980548,359.0,0.19727679999778047,baseline_progress
Random,359,360.0,0.23119079147980548,-7.24049932925433,0.23119079147980548,360.0,0.19775859999936074,baseline_progress
Random,360,361.0,0.23119079147980548,-3.67687702876003,0.23119079147980548,361.0,0.19823430001270026,baseline_progress
Random,361,362.0,0.23119079147980548,-0.2666005826374902,0.23119079147980548,362.0,0.19870259996969253,baseline_progress
Random,362,363.0,0.23119079147980548,-9.264774948007148,0.23119079147980548,363.0,0.19917029998032376,baseline_progress
Random,363,364.0,0.23119079147980548,-7.831905293481279,0.23119079147980548,364.0,0.199642599967774,baseline_progress
Random,364,365.0,0.23119079147980548,-7.900397608095175,0.23119079147980548,365.0,0.2001518000033684,baseline_progress
Random,365,366.0,0.23119079147980548,-0.5487914426337146,0.23119079147980548,366.0,0.20063069998286664,baseline_progress
Random,366,367.0,0.23119079147980548,-5.0357483766029745,0.23119079147980548,367.0,0.2011124999844469,baseline_progress
Random,367,368.0,0.23119079147980548,-6.491101111606052,0.23119079147980548,368.0,0.20157819997984916,baseline_progress
Random,368,369.0,0.23119079147980548,-7.975612577175696,0.23119079147980548,369.0,0.20206099998904392,baseline_progress
Random,369,370.0,0.23119079147980548,-7.485740961724021,0.23119079147980548,370.0,0.202530000009574,baseline_progress
Random,370,371.0,0.23119079147980548,-3.536801451406411,0.23119079147980548,371.0,0.20299069996690378,baseline_progress
Random,371,372.0,0.23119079147980548,-4.80571985169882,0.23119079147980548,372.0,0.20345059997634962,baseline_progress
Random,372,373.0,0.23119079147980548,-5.2852366230351535,0.23119079147980548,373.0,0.20391829998698086,baseline_progress
Random,373,374.0,0.23119079147980548,-6.631465951571858,0.23119079147980548,374.0,0.20437849999871105,baseline_progress
Random,374,375.0,0.23119079147980548,-4.102644181270251,0.23119079147980548,375.0,0.2048763000057079,baseline_progress
Random,375,376.0,0.23119079147980548,-5.365540244076145,0.23119079147980548,376.0,0.20533480000449345,baseline_progress
Random,376,377.0,0.23119079147980548,-7.103835705219171,0.23119079147980548,377.0,0.20580100000370294,baseline_progress
Random,377,378.0,0.23119079147980548,-7.716465705635056,0.23119079147980548,378.0,0.20627580001018941,baseline_progress
Random,378,379.0,0.23119079147980548,-1.9766967319713777,0.23119079147980548,379.0,0.20672810001997277,baseline_progress
Random,379,380.0,0.23119079147980548,-6.255692934599534,0.23119079147980548,380.0,0.20718159998068586,baseline_progress
Random,380,381.0,0.23119079147980548,-5.677524553078726,0.23119079147980548,381.0,0.20764699997380376,baseline_progress
Random,381,382.0,0.23119079147980548,-5.5343805537754225,0.23119079147980548,382.0,0.20810360001632944,baseline_progress
Random,382,383.0,0.23119079147980548,-3.3829598869147346,0.23119079147980548,383.0,0.20855689997551963,baseline_progress
Random,383,384.0,0.23119079147980548,-2.7757992637772104,0.23119079147980548,384.0,0.20901130000129342,baseline_progress
Random,384,385.0,0.23119079147980548,-7.308639806144951,0.23119079147980548,385.0,0.20946939999703318,baseline_progress
Random,385,386.0,0.23119079147980548,-5.399530259201981,0.23119079147980548,386.0,0.20994109997991472,baseline_progress
Random,386,387.0,0.23119079147980548,-2.162628684070848,0.23119079147980548,387.0,0.2108310000039637,baseline_progress
Random,387,388.0,0.23119079147980548,-7.679150512350691,0.23119079147980548,388.0,0.21146799996495247,baseline_progress
Random,388,389.0,0.23119079147980548,-4.970342612849068,0.23119079147980548,389.0,0.21204269997542724,baseline_progress
Random,389,390.0,0.23119079147980548,-4.044877322382029,0.23119079147980548,390.0,0.21258429996669292,baseline_progress
Random,390,391.0,0.23119079147980548,-8.712357116253093,0.23119079147980548,391.0,0.21320709999417886,baseline_progress
Random,391,392.0,0.23119079147980548,-7.137947797175127,0.23119079147980548,392.0,0.21378370001912117,baseline_progress
Random,392,393.0,0.23119079147980548,-6.842075343957482,0.23119079147980548,393.0,0.21433270000852644,baseline_progress
Random,393,394.0,0.23119079147980548,-5.072225999480398,0.23119079147980548,394.0,0.2148348999908194,baseline_progress
Random,394,395.0,0.23119079147980548,-4.493768471846612,0.23119079147980548,395.0,0.21533129998715594,baseline_progress
Random,395,396.0,0.23119079147980548,-10.347903490236044,0.23119079147980548,396.0,0.21581339999102056,baseline_progress
Random,396,397.0,0.23119079147980548,-3.577426149379814,0.23119079147980548,397.0,0.21630799997365102,baseline_progress
Random,397,398.0,0.23119079147980548,-8.348084616992242,0.23119079147980548,398.0,0.21678560000145808,baseline_progress
Random,398,399.0,0.23119079147980548,-8.8644342519293,0.23119079147980548,399.0,0.2172718999790959,baseline_progress
Random,399,400.0,0.23119079147980548,-7.30904517760956,0.23119079147980548,400.0,0.21775469998829067,baseline_progress
Random,400,401.0,0.23119079147980548,-5.152980485400507,0.23119079147980548,401.0,0.2182405000203289,baseline_progress
Random,401,402.0,0.23119079147980548,-6.342019708042265,0.23119079147980548,402.0,0.21871629997622222,baseline_progress
Random,402,403.0,0.23119079147980548,-8.215096458101488,0.23119079147980548,403.0,0.21918720001121983,baseline_progress
Random,403,404.0,0.23119079147980548,-6.511146000537073,0.23119079147980548,404.0,0.21984430000884458,baseline_progress
Random,404,405.0,0.23119079147980548,-2.9810997553336875,0.23119079147980548,405.0,0.220362699998077,baseline_progress
Random,405,406.0,0.23119079147980548,-3.0020211137958217,0.23119079147980548,406.0,0.22084690001793206,baseline_progress
Random,406,407.0,0.23119079147980548,-9.806202721962306,0.23119079147980548,407.0,0.22131579997949302,baseline_progress
Random,407,408.0,0.23119079147980548,-5.54726935267641,0.23119079147980548,408.0,0.22181419999105856,baseline_progress
Random,408,409.0,0.23119079147980548,-4.949118376717165,0.23119079147980548,409.0,0.2222934999736026,baseline_progress
Random,409,410.0,0.23119079147980548,-7.113522305444254,0.23119079147980548,410.0,0.22277069999836385,baseline_progress
Random,410,411.0,0.23119079147980548,-5.692830228466489,0.23119079147980548,411.0,0.22325119999004528,baseline_progress
Random,411,412.0,0.23119079147980548,-6.239368081284667,0.23119079147980548,412.0,0.22377649997361004,baseline_progress
Random,412,413.0,0.23119079147980548,-4.663889260508749,0.23119079147980548,413.0,0.22427379997679964,baseline_progress
Random,413,414.0,0.23119079147980548,-6.307029693765534,0.23119079147980548,414.0,0.2247512000030838,baseline_progress
Random,414,415.0,0.23119079147980548,-4.486540308753494,0.23119079147980548,415.0,0.22521940001752228,baseline_progress
Random,415,416.0,0.23119079147980548,-6.663770587260707,0.23119079147980548,416.0,0.22572370001580566,baseline_progress
Random,416,417.0,0.23119079147980548,-5.120140972415198,0.23119079147980548,417.0,0.22652119997655973,baseline_progress
Random,417,418.0,0.23119079147980548,-4.147330031424008,0.23119079147980548,418.0,0.22725170000921935,baseline_progress
Random,418,419.0,0.23119079147980548,-7.410424519014484,0.23119079147980548,419.0,0.2278220999869518,baseline_progress
Random,419,420.0,0.23119079147980548,-6.5513254567974455,0.23119079147980548,420.0,0.22847460000775754,baseline_progress
Random,420,421.0,0.23119079147980548,-5.374499460750885,0.23119079147980548,421.0,0.2290313999983482,baseline_progress
Random,421,422.0,0.23119079147980548,-3.866387873628492,0.23119079147980548,422.0,0.22962850000476465,baseline_progress
Random,422,423.0,0.23119079147980548,-5.240484449341711,0.23119079147980548,423.0,0.23015839996514842,baseline_progress
Random,423,424.0,0.23119079147980548,-3.0911791394471106,0.23119079147980548,424.0,0.2306447000009939,baseline_progress
Random,424,425.0,0.23119079147980548,-2.9219116387287722,0.23119079147980548,425.0,0.2311166999861598,baseline_progress
Random,425,426.0,0.23119079147980548,-7.858437461364181,0.23119079147980548,426.0,0.23158979997970164,baseline_progress
Random,426,427.0,0.23119079147980548,-6.570454061793303,0.23119079147980548,427.0,0.23206209996715188,baseline_progress
Random,427,428.0,0.23119079147980548,-6.255052717854435,0.23119079147980548,428.0,0.23252129997126758,baseline_progress
Random,428,429.0,0.23119079147980548,-7.957507062362257,0.23119079147980548,429.0,0.23299569997470826,baseline_progress
Random,429,430.0,0.23119079147980548,-4.482987963698651,0.23119079147980548,430.0,0.23345230001723394,baseline_progress
Random,430,431.0,0.23119079147980548,-6.552692469630705,0.23119079147980548,431.0,0.2339211999787949,baseline_progress
Random,431,432.0,0.23119079147980548,-3.3899285370495407,0.23119079147980548,432.0,0.23438009998062626,baseline_progress
Random,432,433.0,0.23119079147980548,-4.524570889511546,0.23119079147980548,433.0,0.23488780000479892,baseline_progress
Random,433,434.0,0.23119079147980548,-3.4882868532008486,0.23119079147980548,434.0,0.23536029999377206,baseline_progress
Random,434,435.0,0.23119079147980548,-9.706870070400548,0.23119079147980548,435.0,0.2358329999842681,baseline_progress
Random,435,436.0,0.23119079147980548,-7.723196242555415,0.23119079147980548,436.0,0.2362915999838151,baseline_progress
Random,436,437.0,0.23119079147980548,-5.4054153636013815,0.23119079147980548,437.0,0.2367468000156805,baseline_progress
Random,437,438.0,0.23119079147980548,-6.746825940287858,0.23119079147980548,438.0,0.23721920000389218,baseline_progress
Random,438,439.0,0.23119079147980548,-7.649143297190506,0.23119079147980548,439.0,0.2376755999866873,baseline_progress
Random,439,440.0,0.23119079147980548,-7.259595045058024,0.23119079147980548,440.0,0.23814029997447506,baseline_progress
Random,440,441.0,0.23119079147980548,-3.288252306959371,0.23119079147980548,441.0,0.23859809996793047,baseline_progress
Random,441,442.0,0.23119079147980548,-7.8501222812387565,0.23119079147980548,442.0,0.23905189998913556,baseline_progress
Random,442,443.0,0.23119079147980548,-6.786614828356408,0.23119079147980548,443.0,0.2395054000080563,baseline_progress
Random,443,444.0,0.23119079147980548,-6.942630659553599,0.23119079147980548,444.0,0.23998710000887513,baseline_progress
Random,444,445.0,0.23119079147980548,-6.462638865621264,0.23119079147980548,445.0,0.24044600001070648,baseline_progress
Random,445,446.0,0.23119079147980548,-3.4430141012946573,0.23119079147980548,446.0,0.24089959997218102,baseline_progress
Random,446,447.0,0.23119079147980548,-5.601729228519581,0.23119079147980548,447.0,0.24135239998577163,baseline_progress
Random,447,448.0,0.23119079147980548,-3.6317213340405496,0.23119079147980548,448.0,0.2418212000047788,baseline_progress
Random,448,449.0,0.23119079147980548,-3.83385493450528,0.23119079147980548,449.0,0.24228649999713525,baseline_progress
Random,449,450.0,0.23119079147980548,-7.588523875922705,0.23119079147980548,450.0,0.24284540000371635,baseline_progress
Random,450,451.0,0.23119079147980548,-5.923319623984986,0.23119079147980548,451.0,0.24351319996640086,baseline_progress
Random,451,452.0,0.23119079147980548,-1.3366950749553017,0.23119079147980548,452.0,0.24402240000199527,baseline_progress
Random,452,453.0,0.23119079147980548,-1.7261291134629362,0.23119079147980548,453.0,0.24449620000086725,baseline_progress
Random,453,454.0,0.23119079147980548,-5.802772589692991,0.23119079147980548,454.0,0.24495289998594671,baseline_progress
Random,454,455.0,0.23119079147980548,-6.250008068052345,0.23119079147980548,455.0,0.24541739997221157,baseline_progress
Random,455,456.0,0.23119079147980548,-5.2374354777446746,0.23119079147980548,456.0,0.24589520000154153,baseline_progress
Random,456,457.0,0.23119079147980548,-7.605102069579806,0.23119079147980548,457.0,0.24636200000531971,baseline_progress
Random,457,458.0,0.23119079147980548,-3.3779486668096186,0.23119079147980548,458.0,0.24681919999420643,baseline_progress
Random,458,459.0,0.23119079147980548,-9.415987129672036,0.23119079147980548,459.0,0.24727419996634126,baseline_progress
Random,459,460.0,0.23119079147980548,-4.204802519647185,0.23119079147980548,460.0,0.24773840000852942,baseline_progress
Random,460,461.0,0.23119079147980548,-10.371736044282201,0.23119079147980548,461.0,0.24819660000503063,baseline_progress
Random,461,462.0,0.23119079147980548,-6.936337577804522,0.23119079147980548,462.0,0.24865979998139665,baseline_progress
Random,462,463.0,0.23119079147980548,-7.571353422455557,0.23119079147980548,463.0,0.24912089999997988,baseline_progress
Random,463,464.0,0.23119079147980548,-5.404289051568956,0.23119079147980548,464.0,0.2495914999744855,baseline_progress
Random,464,465.0,0.23119079147980548,-10.604040768572442,0.23119079147980548,465.0,0.25024670001585037,baseline_progress
Random,465,466.0,0.23119079147980548,-7.0196025051276365,0.23119079147980548,466.0,0.2507532999734394,baseline_progress
Random,466,467.0,0.23119079147980548,-6.332757746954181,0.23119079147980548,467.0,0.2512198999756947,baseline_progress
Random,467,468.0,0.23119079147980548,-11.044506634891516,0.23119079147980548,468.0,0.2517343999934383,baseline_progress
Random,468,469.0,0.23119079147980548,-4.619657878893582,0.23119079147980548,469.0,0.25219889997970313,baseline_progress
Random,469,470.0,0.23119079147980548,-2.050368446972096,0.23119079147980548,470.0,0.25266559998271987,baseline_progress
Random,470,471.0,0.23119079147980548,-2.9361468173539986,0.23119079147980548,471.0,0.2531260999967344,baseline_progress
Random,471,472.0,0.23119079147980548,-5.260812607729816,0.23119079147980548,472.0,0.25362470000982285,baseline_progress
Random,472,473.0,0.23119079147980548,-6.789303935820097,0.23119079147980548,473.0,0.25409010000294074,baseline_progress
Random,473,474.0,0.23119079147980548,-7.683380933047378,0.23119079147980548,474.0,0.25454649998573586,baseline_progress
Random,474,475.0,0.23119079147980548,-6.268675045294214,0.23119079147980548,475.0,0.2550041999784298,baseline_progress
Random,475,476.0,0.23119079147980548,-7.46650173244348,0.23119079147980548,476.0,0.25547209999058396,baseline_progress
Random,476,477.0,0.23119079147980548,-1.758669621996546,0.23119079147980548,477.0,0.25593089999165386,baseline_progress
Random,477,478.0,0.23119079147980548,-2.2321268982006535,0.23119079147980548,478.0,0.2563941999687813,baseline_progress
Random,478,479.0,0.23119079147980548,-8.238412394333595,0.23119079147980548,479.0,0.2568547999835573,baseline_progress
Random,479,480.0,0.23119079147980548,-4.694868002117492,0.23119079147980548,480.0,0.2573391000041738,baseline_progress
Random,480,481.0,0.23119079147980548,-8.522754226285029,0.23119079147980548,481.0,0.2578027999843471,baseline_progress
Random,481,482.0,0.23119079147980548,-9.544293863618174,0.23119079147980548,482.0,0.25826689996756613,baseline_progress
Random,482,483.0,0.23119079147980548,-7.410282823073019,0.23119079147980548,483.0,0.25872340000933036,baseline_progress
Random,483,484.0,0.23119079147980548,-4.942322664017585,0.23119079147980548,484.0,0.25917929998831823,baseline_progress
Random,484,485.0,0.23119079147980548,-6.206424078816175,0.23119079147980548,485.0,0.2596616999944672,baseline_progress
Random,485,486.0,0.23119079147980548,-3.5165189663624896,0.23119079147980548,486.0,0.2601348999887705,baseline_progress
Random,486,487.0,0.23119079147980548,-4.269205144710848,0.23119079147980548,487.0,0.2607570000109263,baseline_progress
Random,487,488.0,0.23119079147980548,-6.228391339595334,0.23119079147980548,488.0,0.261315600015223,baseline_progress
Random,488,489.0,0.23119079147980548,-8.447832405031203,0.23119079147980548,489.0,0.261840499995742,baseline_progress
Random,489,490.0,0.23119079147980548,-6.336008552457076,0.23119079147980548,490.0,0.26242699997965246,baseline_progress
Random,490,491.0,0.23119079147980548,-4.305626760223715,0.23119079147980548,491.0,0.2629913999699056,baseline_progress
Random,491,492.0,0.23119079147980548,-5.938637457557774,0.23119079147980548,492.0,0.26356890000170097,baseline_progress
Random,492,493.0,0.23119079147980548,-6.461816971152424,0.23119079147980548,493.0,0.2640700999763794,baseline_progress
Random,493,494.0,0.23119079147980548,-3.860678630856804,0.23119079147980548,494.0,0.2645998999942094,baseline_progress
Random,494,495.0,0.23119079147980548,-2.2316307959085133,0.23119079147980548,495.0,0.2653367000166327,baseline_progress
Random,495,496.0,0.23119079147980548,-3.7700140964411304,0.23119079147980548,496.0,0.26594279997516423,baseline_progress
Random,496,497.0,0.23119079147980548,-8.33094948632455,0.23119079147980548,497.0,0.2667191000073217,baseline_progress
Random,497,498.0,0.23119079147980548,-6.630376938169256,0.23119079147980548,498.0,0.26739970000926405,baseline_progress
Random,498,499.0,0.23119079147980548,-7.822021968994115,0.23119079147980548,499.0,0.26795020001009107,baseline_progress
Random,499,500.0,0.23119079147980548,-2.955462881474188,0.23119079147980548,500.0,0.2685024999664165,baseline_progress
Random,500,501.0,0.23119079147980548,-7.79821098723968,0.23119079147980548,501.0,0.2690529999672435,baseline_progress
Random,501,502.0,0.23119079147980548,-3.521951952470937,0.23119079147980548,502.0,0.26963709999108687,baseline_progress
Random,502,503.0,0.23119079147980548,-2.3110328963824394,0.23119079147980548,503.0,0.27015379996737465,baseline_progress
Random,503,504.0,0.23119079147980548,-7.723229123074866,0.23119079147980548,504.0,0.2707141999853775,baseline_progress
Random,504,505.0,0.23119079147980548,-3.3121474448219104,0.23119079147980548,505.0,0.2712216000072658,baseline_progress
Random,505,506.0,0.23119079147980548,-4.408974543846127,0.23119079147980548,506.0,0.2716911999741569,baseline_progress
Random,506,507.0,0.23119079147980548,-6.588551654650947,0.23119079147980548,507.0,0.27215049997903407,baseline_progress
Random,507,508.0,0.23119079147980548,-8.974631466286223,0.23119079147980548,508.0,0.27261949999956414,baseline_progress
Random,508,509.0,0.23119079147980548,-5.8554617477528215,0.23119079147980548,509.0,0.27309400000376627,baseline_progress
Random,509,510.0,0.23119079147980548,-2.43235215490933,0.23119079147980548,510.0,0.2735547000193037,baseline_progress
Random,510,511.0,0.23119079147980548,-9.041952324531891,0.23119079147980548,511.0,0.2740137999644503,baseline_progress
Random,511,512.0,0.23119079147980548,-4.4670065040936215,0.23119079147980548,512.0,0.27448620001086965,baseline_progress
Random,512,513.0,0.23119079147980548,-6.206039290522998,0.23119079147980548,513.0,0.2749599000089802,baseline_progress
Random,513,514.0,0.23119079147980548,-2.788353920413113,0.23119079147980548,514.0,0.2754172999993898,baseline_progress
Random,514,515.0,0.23119079147980548,-8.05022586419156,0.23119079147980548,515.0,0.27604769996833056,baseline_progress
Random,515,516.0,0.23119079147980548,-6.25490870379538,0.23119079147980548,516.0,0.2765328999958001,baseline_progress
Random,516,517.0,0.23119079147980548,-6.420360660246185,0.23119079147980548,517.0,0.27698089997284114,baseline_progress
Random,517,518.0,0.23119079147980548,-4.453726974713315,0.23119079147980548,518.0,0.27764089999254793,baseline_progress
Random,518,519.0,0.23119079147980548,-5.197875429065744,0.23119079147980548,519.0,0.2781618000008166,baseline_progress
Random,519,520.0,0.23119079147980548,-6.544474276951438,0.23119079147980548,520.0,0.2786154000204988,baseline_progress
Random,520,521.0,0.23119079147980548,-7.031490521095305,0.23119079147980548,521.0,0.27906450000591576,baseline_progress
Random,521,522.0,0.23119079147980548,-5.967960473972734,0.23119079147980548,522.0,0.27952370001003146,baseline_progress
Random,522,523.0,0.23119079147980548,-8.670147562135238,0.23119079147980548,523.0,0.2806099000154063,baseline_progress
Random,523,524.0,0.23119079147980548,-6.909958269797363,0.23119079147980548,524.0,0.28139189997455105,baseline_progress
Random,524,525.0,0.23119079147980548,-8.59269721482864,0.23119079147980548,525.0,0.2819341999711469,baseline_progress
Random,525,526.0,0.23119079147980548,-4.9998573324551145,0.23119079147980548,526.0,0.28243650001240894,baseline_progress
Random,526,527.0,0.23119079147980548,-9.680471631472376,0.23119079147980548,527.0,0.28293180000036955,baseline_progress
Random,527,528.0,0.23119079147980548,-6.787430957249537,0.23119079147980548,528.0,0.2834632999729365,baseline_progress
Random,528,529.0,0.23119079147980548,-5.106368092693069,0.23119079147980548,529.0,0.2839896999648772,baseline_progress
Random,529,530.0,0.23119079147980548,-5.182227439955735,0.23119079147980548,530.0,0.2844664999865927,baseline_progress
Random,530,531.0,0.23119079147980548,-5.808875974174005,0.23119079147980548,531.0,0.284955799987074,baseline_progress
Random,531,532.0,0.23119079147980548,-6.043726951984674,0.23119079147980548,532.0,0.28542049997486174,baseline_progress
Random,532,533.0,0.23119079147980548,-4.5705612925121475,0.23119079147980548,533.0,0.28590540000004694,baseline_progress
Random,533,534.0,0.23119079147980548,-8.113724458658258,0.23119079147980548,534.0,0.2863736000144854,baseline_progress
Random,534,535.0,0.23119079147980548,-6.409162853885675,0.23119079147980548,535.0,0.286844199988991,baseline_progress
Random,535,536.0,0.23119079147980548,-4.892935269574732,0.23119079147980548,536.0,0.28732329997001216,baseline_progress
Random,536,537.0,0.23119079147980548,-6.1318219085454935,0.23119079147980548,537.0,0.2878288999781944,baseline_progress
Random,537,538.0,0.23119079147980548,-8.210270937136421,0.23119079147980548,538.0,0.28830909996759146,baseline_progress
Random,538,539.0,0.23119079147980548,-3.541148394067524,0.23119079147980548,539.0,0.28883189999032766,baseline_progress
Random,539,540.0,0.23119079147980548,-1.7084487165751856,0.23119079147980548,540.0,0.2893019000184722,baseline_progress
Random,540,541.0,0.23119079147980548,-6.55207173302975,0.23119079147980548,541.0,0.2897611000225879,baseline_progress
Random,541,542.0,0.23119079147980548,-7.27601529695292,0.23119079147980548,542.0,0.29021369997644797,baseline_progress
Random,542,543.0,0.23119079147980548,-5.254926882762825,0.23119079147980548,543.0,0.2906719999737106,baseline_progress
Random,543,544.0,0.23119079147980548,-3.412735644585298,0.23119079147980548,544.0,0.29112479998730123,baseline_progress
Random,544,545.0,0.23119079147980548,-6.398797503481978,0.23119079147980548,545.0,0.29157970001688227,baseline_progress
Random,545,546.0,0.23119079147980548,-6.6953850945168485,0.23119079147980548,546.0,0.2920260999817401,baseline_progress
Random,546,547.0,0.23119079147980548,-6.348259413748794,0.23119079147980548,547.0,0.29246849997434765,baseline_progress
Random,547,548.0,0.23119079147980548,-5.013467280182739,0.23119079147980548,548.0,0.2932135000010021,baseline_progress
Random,548,549.0,0.23119079147980548,-6.889061456013323,0.23119079147980548,549.0,0.29410910001024604,baseline_progress
Random,549,550.0,0.23119079147980548,-3.6155611091268796,0.23119079147980548,550.0,0.29470450000371784,baseline_progress
Random,550,551.0,0.23119079147980548,-2.458766272625006,0.23119079147980548,551.0,0.2953882999718189,baseline_progress
Random,551,552.0,0.23119079147980548,-7.9052250789895595,0.23119079147980548,552.0,0.295886599982623,baseline_progress
Random,552,553.0,0.23119079147980548,-4.019833562740092,0.23119079147980548,553.0,0.29634589998750016,baseline_progress
Random,553,554.0,0.23119079147980548,-7.780244737223229,0.23119079147980548,554.0,0.29681149998214096,baseline_progress
Random,554,555.0,0.23119079147980548,-4.206043193267922,0.23119079147980548,555.0,0.29726490000030026,baseline_progress
Random,555,556.0,0.23119079147980548,-8.545467680566443,0.23119079147980548,556.0,0.29771359998267144,baseline_progress
Random,556,557.0,0.23119079147980548,-4.104192581105489,0.23119079147980548,557.0,0.29817710001952946,baseline_progress
Random,557,558.0,0.23119079147980548,-7.458627199191167,0.23119079147980548,558.0,0.2986723000067286,baseline_progress
Random,558,559.0,0.23119079147980548,-6.015510064865868,0.23119079147980548,559.0,0.2991628000163473,baseline_progress
Random,559,560.0,0.23119079147980548,-6.055347194045392,0.23119079147980548,560.0,0.2996934999828227,baseline_progress
Random,560,561.0,0.23119079147980548,-6.740040848979793,0.23119079147980548,561.0,0.300182799983304,baseline_progress
Random,561,562.0,0.23119079147980548,-7.494111033396569,0.23119079147980548,562.0,0.3007348999963142,baseline_progress
Random,562,563.0,0.23119079147980548,-6.258026642705317,0.23119079147980548,563.0,0.30122710001887754,baseline_progress
Random,563,564.0,0.23119079147980548,-6.8239781119901,0.23119079147980548,564.0,0.3017174999695271,baseline_progress
Random,564,565.0,0.23119079147980548,-3.238657091588239,0.23119079147980548,565.0,0.3021767999744043,baseline_progress
Random,565,566.0,0.23119079147980548,-8.61314261202713,0.23119079147980548,566.0,0.30264539999188855,baseline_progress
Random,566,567.0,0.23119079147980548,-6.988307499785318,0.23119079147980548,567.0,0.3031208000029437,baseline_progress
Random,567,568.0,0.23119079147980548,-9.013270074227437,0.23119079147980548,568.0,0.30358690000139177,baseline_progress
Random,568,569.0,0.23119079147980548,-4.776659846769096,0.23119079147980548,569.0,0.3040360999875702,baseline_progress
Random,569,570.0,0.23119079147980548,-5.986423568658485,0.23119079147980548,570.0,0.30449910002062097,baseline_progress
Random,570,571.0,0.23119079147980548,-6.237309538161996,0.23119079147980548,571.0,0.30497479997575283,baseline_progress
Random,571,572.0,0.23119079147980548,-10.792166253821042,0.23119079147980548,572.0,0.30542950000381097,baseline_progress
Random,572,573.0,0.23119079147980548,-8.801477225248487,0.23119079147980548,573.0,0.30587899999227375,baseline_progress
Random,573,574.0,0.23119079147980548,-8.998666228947489,0.23119079147980548,574.0,0.30632500001229346,baseline_progress
Random,574,575.0,0.23119079147980548,-4.779232332150396,0.23119079147980548,575.0,0.30678819998865947,baseline_progress
Random,575,576.0,0.23119079147980548,-5.693726151256226,0.23119079147980548,576.0,0.30738860002020374,baseline_progress
Random,576,577.0,0.23119079147980548,-6.495123114916872,0.23119079147980548,577.0,0.3079050999949686,baseline_progress
Random,577,578.0,0.23119079147980548,-7.713826009733824,0.23119079147980548,578.0,0.30848349997540936,baseline_progress
Random,578,579.0,0.23119079147980548,-5.673943410373036,0.23119079147980548,579.0,0.3089814999839291,baseline_progress
Random,579,580.0,0.23119079147980548,-3.893778757973617,0.23119079147980548,580.0,0.3095184999983758,baseline_progress
Random,580,581.0,0.23119079147980548,-6.056555891441608,0.23119079147980548,581.0,0.31006210000487044,baseline_progress
Random,581,582.0,0.23119079147980548,-0.8876373259587305,0.23119079147980548,582.0,0.3111493000178598,baseline_progress
Random,582,583.0,0.23119079147980548,-9.013290178149294,0.23119079147980548,583.0,0.3117281000013463,baseline_progress
Random,583,584.0,0.23119079147980548,-1.4066009684373126,0.23119079147980548,584.0,0.31227019999641925,baseline_progress
Random,584,585.0,0.23119079147980548,-8.795579525844532,0.23119079147980548,585.0,0.31276770000113174,baseline_progress
Random,585,586.0,0.23119079147980548,-5.147157402136799,0.23119079147980548,586.0,0.31328230001963675,baseline_progress
Random,586,587.0,0.23119079147980548,-7.258060588854254,0.23119079147980548,587.0,0.3138628000160679,baseline_progress
Random,587,588.0,0.23119079147980548,-8.30020624784655,0.23119079147980548,588.0,0.31435150001198053,baseline_progress
Random,588,589.0,0.23119079147980548,-4.459956909978059,0.23119079147980548,589.0,0.3148450999869965,baseline_progress
Random,589,590.0,0.23119079147980548,-4.9457495112966665,0.23119079147980548,590.0,0.3153323999722488,baseline_progress
Random,590,591.0,0.23119079147980548,-3.339188965720286,0.23119079147980548,591.0,0.31580869999015704,baseline_progress
Random,591,592.0,0.23119079147980548,-3.6537561372085916,0.23119079147980548,592.0,0.3162809999776073,baseline_progress
Random,592,593.0,0.23119079147980548,-8.527087919220659,0.23119079147980548,593.0,0.3167538999696262,baseline_progress
Random,593,594.0,0.23119079147980548,-3.2842395534527196,0.23119079147980548,594.0,0.3172222999855876,baseline_progress
Random,594,595.0,0.23119079147980548,-3.8916600376651522,0.23119079147980548,595.0,0.3176878999802284,baseline_progress
Random,595,596.0,0.23119079147980548,-2.292905977996022,0.23119079147980548,596.0,0.3181514000170864,baseline_progress
Random,596,597.0,0.23119079147980548,-10.044831696339209,0.23119079147980548,597.0,0.3186212999862619,baseline_progress
Random,597,598.0,0.23119079147980548,-3.4877600939165805,0.23119079147980548,598.0,0.3190867999801412,baseline_progress
Random,598,599.0,0.23119079147980548,-7.681036144058991,0.23119079147980548,599.0,0.319534600013867,baseline_progress
Random,599,600.0,0.23119079147980548,-5.13950393928334,0.23119079147980548,600.0,0.3199777000118047,baseline_progress
Random,600,601.0,0.23119079147980548,-6.627884352642142,0.23119079147980548,601.0,0.3204334999900311,baseline_progress
Random,601,602.0,0.23119079147980548,-4.32181283305095,0.23119079147980548,602.0,0.3208927999949083,baseline_progress
Random,602,603.0,0.23119079147980548,-6.077507786178727,0.23119079147980548,603.0,0.3213361999951303,baseline_progress
Random,603,604.0,0.23119079147980548,-6.065225399247263,0.23119079147980548,604.0,0.3217806000029668,baseline_progress
Random,604,605.0,0.23119079147980548,-8.655048593927587,0.23119079147980548,605.0,0.3222391000017524,baseline_progress
Random,605,606.0,0.23119079147980548,-6.442879865712522,0.23119079147980548,606.0,0.3226913000107743,baseline_progress
Random,606,607.0,0.23119079147980548,-5.923357006890511,0.23119079147980548,607.0,0.32314340001903474,baseline_progress
Random,607,608.0,0.23119079147980548,-5.126516130561275,0.23119079147980548,608.0,0.32359260000521317,baseline_progress
Random,608,609.0,0.23119079147980548,-4.833437982002238,0.23119079147980548,609.0,0.324049599992577,baseline_progress
Random,609,610.0,0.23119079147980548,-9.857644915897524,0.23119079147980548,610.0,0.32449590001488104,baseline_progress
Random,610,611.0,0.23119079147980548,-3.8532652556898515,0.23119079147980548,611.0,0.3249352999846451,baseline_progress
Random,611,612.0,0.23119079147980548,-3.794363984345432,0.23119079147980548,612.0,0.32536969997454435,baseline_progress
Random,612,613.0,0.23119079147980548,-7.178709756133161,0.23119079147980548,613.0,0.32623579999199137,baseline_progress
Random,613,614.0,0.23119079147980548,-6.9649419111639945,0.23119079147980548,614.0,0.3267284000176005,baseline_progress
Random,614,615.0,0.23119079147980548,-4.458268925713955,0.23119079147980548,615.0,0.3272286999854259,baseline_progress
Random,615,616.0,0.23119079147980548,-6.149934998579763,0.23119079147980548,616.0,0.327731599973049,baseline_progress
Random,616,617.0,0.23119079147980548,-6.248849417321652,0.23119079147980548,617.0,0.3282552000018768,baseline_progress
Random,617,618.0,0.23119079147980548,-6.019255632921964,0.23119079147980548,618.0,0.3287807999877259,baseline_progress
Random,618,619.0,0.23119079147980548,-8.133636610245953,0.23119079147980548,619.0,0.3293155999854207,baseline_progress
Random,619,620.0,0.23119079147980548,-6.432325608426485,0.23119079147980548,620.0,0.32991450000554323,baseline_progress
Random,620,621.0,0.23119079147980548,-5.725391396922453,0.23119079147980548,621.0,0.33046620001550764,baseline_progress
Random,621,622.0,0.23119079147980548,-3.7387910334842966,0.23119079147980548,622.0,0.3309685999993235,baseline_progress
Random,622,623.0,0.23119079147980548,-8.410708388555827,0.23119079147980548,623.0,0.33141210000030696,baseline_progress
Random,623,624.0,0.23119079147980548,-10.089788536794991,0.23119079147980548,624.0,0.3318862000014633,baseline_progress
Random,624,625.0,0.23119079147980548,-3.4895298366338805,0.23119079147980548,625.0,0.33234169997740537,baseline_progress
Random,625,626.0,0.23119079147980548,-5.378411717113037,0.23119079147980548,626.0,0.3327870999928564,baseline_progress
Random,626,627.0,0.23119079147980548,-5.711245171287402,0.23119079147980548,627.0,0.33323119999840856,baseline_progress
Random,627,628.0,0.23119079147980548,-10.486294023753631,0.23119079147980548,628.0,0.33367949997773394,baseline_progress
Random,628,629.0,0.23119079147980548,-9.374703879703038,0.23119079147980548,629.0,0.33412529999623075,baseline_progress
Random,629,630.0,0.23119079147980548,-4.614479226322384,0.23119079147980548,630.0,0.3345636000158265,baseline_progress
Random,630,631.0,0.23119079147980548,-7.247390561016879,0.23119079147980548,631.0,0.3349957999889739,baseline_progress
Random,631,632.0,0.23119079147980548,-0.64385947974103,0.23119079147980548,632.0,0.3354300999781117,baseline_progress
Random,632,633.0,0.23119079147980548,-4.85506380804982,0.23119079147980548,633.0,0.33587359997909516,baseline_progress
Random,633,634.0,0.23119079147980548,-6.924367268997585,0.23119079147980548,634.0,0.3363221000181511,baseline_progress
Random,634,635.0,0.23119079147980548,-3.328720553107029,0.23119079147980548,635.0,0.3367547999951057,baseline_progress
Random,635,636.0,0.23119079147980548,-7.553155907677805,0.23119079147980548,636.0,0.3371869999682531,baseline_progress
Random,636,637.0,0.23119079147980548,-4.534367796660781,0.23119079147980548,637.0,0.33762669999850914,baseline_progress
Random,637,638.0,0.23119079147980548,-8.368681273063132,0.23119079147980548,638.0,0.33807669999077916,baseline_progress
Random,638,639.0,0.23119079147980548,-6.743497340757827,0.23119079147980548,639.0,0.3385161000187509,baseline_progress
Random,639,640.0,0.23119079147980548,-4.788586735584253,0.23119079147980548,640.0,0.3389564999961294,baseline_progress
Random,640,641.0,0.23119079147980548,-4.176404905052234,0.23119079147980548,641.0,0.3393892999738455,baseline_progress
Random,641,642.0,0.23119079147980548,-8.267373659595918,0.23119079147980548,642.0,0.3398309000185691,baseline_progress
Random,642,643.0,0.23119079147980548,-3.316262991581767,0.23119079147980548,643.0,0.34044850000645965,baseline_progress
Random,643,644.0,0.23119079147980548,-4.192973293130371,0.23119079147980548,644.0,0.3410583999939263,baseline_progress
Random,644,645.0,0.23119079147980548,-4.536392337299746,0.23119079147980548,645.0,0.34154839999973774,baseline_progress
Random,645,646.0,0.23119079147980548,-6.292161585654714,0.23119079147980548,646.0,0.34202370001003146,baseline_progress
Random,646,647.0,0.23119079147980548,-5.222476455379315,0.23119079147980548,647.0,0.3424881999962963,baseline_progress
Random,647,648.0,0.23119079147980548,-7.015307052958606,0.23119079147980548,648.0,0.3430235999985598,baseline_progress
Random,648,649.0,0.23119079147980548,-3.8176005721244546,0.23119079147980548,649.0,0.34360059996834025,baseline_progress
Random,649,650.0,0.23119079147980548,-3.5303284335833536,0.23119079147980548,650.0,0.3441377999843098,baseline_progress
Random,650,651.0,0.23119079147980548,-1.685047821409308,0.23119079147980548,651.0,0.34463599999435246,baseline_progress
Random,651,652.0,0.23119079147980548,-6.272215434945378,0.23119079147980548,652.0,0.3450985999661498,baseline_progress
Random,652,653.0,0.23119079147980548,-5.295350867700396,0.23119079147980548,653.0,0.3455674999859184,baseline_progress
Random,653,654.0,0.23119079147980548,-5.807560673947232,0.23119079147980548,654.0,0.34605629998259246,baseline_progress
Random,654,655.0,0.23119079147980548,-5.582870524977689,0.23119079147980548,655.0,0.34652089996961877,baseline_progress
Random,655,656.0,0.23119079147980548,-7.469865453663445,0.23119079147980548,656.0,0.34696659998735413,baseline_progress
Random,656,657.0,0.23119079147980548,-10.02001184958551,0.23119079147980548,657.0,0.3474364000139758,baseline_progress
Random,657,658.0,0.23119079147980548,-3.2085565836610552,0.23119079147980548,658.0,0.3478842999902554,baseline_progress
Random,658,659.0,0.23119079147980548,-6.024824531251208,0.23119079147980548,659.0,0.3483356999931857,baseline_progress
Random,659,660.0,0.23119079147980548,-4.210882217493757,0.23119079147980548,660.0,0.3487817000132054,baseline_progress
Random,660,661.0,0.23119079147980548,-9.761039122862172,0.23119079147980548,661.0,0.3492817999795079,baseline_progress
Random,661,662.0,0.23119079147980548,-7.406366581230752,0.23119079147980548,662.0,0.3497268999926746,baseline_progress
Random,662,663.0,0.23119079147980548,-7.532762421212253,0.23119079147980548,663.0,0.3501877000089735,baseline_progress
Random,663,664.0,0.23119079147980548,-2.790385364369382,0.23119079147980548,664.0,0.3506510999868624,baseline_progress
Random,664,665.0,0.23119079147980548,-2.3293296990087664,0.23119079147980548,665.0,0.35109140002168715,baseline_progress
Random,665,666.0,0.23119079147980548,-4.125040367811065,0.23119079147980548,666.0,0.35152710002148524,baseline_progress
Random,666,667.0,0.23119079147980548,-7.214860374426054,0.23119079147980548,667.0,0.35198599996510893,baseline_progress
Random,667,668.0,0.23119079147980548,-5.061828628213494,0.23119079147980548,668.0,0.35243690002243966,baseline_progress
Random,668,669.0,0.23119079147980548,-7.3575351032178835,0.23119079147980548,669.0,0.35287539998535067,baseline_progress
Random,669,670.0,0.23119079147980548,-9.417585482395765,0.23119079147980548,670.0,0.3533158000209369,baseline_progress
Random,670,671.0,0.23119079147980548,-7.59027739255316,0.23119079147980548,671.0,0.35376349999569356,baseline_progress
Random,671,672.0,0.23119079147980548,-5.969712032209985,0.23119079147980548,672.0,0.35420539998449385,baseline_progress
Random,672,673.0,0.23119079147980548,-7.567882751833347,0.23119079147980548,673.0,0.3546415999880992,baseline_progress
Random,673,674.0,0.23119079147980548,-7.611844665126881,0.23119079147980548,674.0,0.35508549999212846,baseline_progress
Random,674,675.0,0.23119079147980548,-3.721825654228107,0.23119079147980548,675.0,0.3555843000067398,baseline_progress
Random,675,676.0,0.23119079147980548,-3.394231839667814,0.23119079147980548,676.0,0.35603600001195446,baseline_progress
Random,676,677.0,0.23119079147980548,-2.4301737989920476,0.23119079147980548,677.0,0.3564749999786727,baseline_progress
Random,677,678.0,0.23119079147980548,-5.324240152453958,0.23119079147980548,678.0,0.35690720001002774,baseline_progress
Random,678,679.0,0.23119079147980548,-3.41216193755716,0.23119079147980548,679.0,0.35734400001820177,baseline_progress
Random,679,680.0,0.23119079147980548,-4.4102899296195925,0.23119079147980548,680.0,0.3577909999876283,baseline_progress
Random,680,681.0,0.23119079147980548,-6.129543291687732,0.23119079147980548,681.0,0.3582293000072241,baseline_progress
Random,681,682.0,0.23119079147980548,-5.748813376575626,0.23119079147980548,682.0,0.35866349999560043,baseline_progress
Random,682,683.0,0.23119079147980548,-8.542789618524912,0.23119079147980548,683.0,0.3590958999702707,baseline_progress
Random,683,684.0,0.23119079147980548,0.14748753724619457,0.23119079147980548,684.0,0.3595348999951966,baseline_progress
Random,684,685.0,0.23119079147980548,-5.751202250099974,0.23119079147980548,685.0,0.3599893000209704,baseline_progress
Random,685,686.0,0.23119079147980548,-5.419687293965719,0.23119079147980548,686.0,0.36043669999344274,baseline_progress
Random,686,687.0,0.23119079147980548,-6.367252507752752,0.23119079147980548,687.0,0.36087659996701404,baseline_progress
Random,687,688.0,0.23119079147980548,-8.054444183267398,0.23119079147980548,688.0,0.3613107000128366,baseline_progress
Random,688,689.0,0.23119079147980548,-5.937634824075872,0.23119079147980548,689.0,0.36175330000696704,baseline_progress
Random,689,690.0,0.23119079147980548,-6.7904268853875855,0.23119079147980548,690.0,0.3621950999950059,baseline_progress
Random,690,691.0,0.23119079147980548,-9.770049973416878,0.23119079147980548,691.0,0.3626479000085965,baseline_progress
Random,691,692.0,0.23119079147980548,-3.3022637872042946,0.23119079147980548,692.0,0.3630886999890208,baseline_progress
Random,692,693.0,0.23119079147980548,-7.421947234244902,0.23119079147980548,693.0,0.3635346000082791,baseline_progress
Random,693,694.0,0.23119079147980548,-5.682075696499571,0.23119079147980548,694.0,0.3639841999975033,baseline_progress
Random,694,695.0,0.23119079147980548,-4.462389099174931,0.23119079147980548,695.0,0.36442160001024604,baseline_progress
Random,695,696.0,0.23119079147980548,-7.402178332526682,0.23119079147980548,696.0,0.36485630000242963,baseline_progress
Random,696,697.0,0.23119079147980548,-2.167198750898979,0.23119079147980548,697.0,0.3652916999999434,baseline_progress
Random,697,698.0,0.23119079147980548,-3.16385199314096,0.23119079147980548,698.0,0.3657351000001654,baseline_progress
Random,698,699.0,0.23119079147980548,-7.2304837950435035,0.23119079147980548,699.0,0.366174399969168,baseline_progress
Random,699,700.0,0.23119079147980548,-4.2951685120338325,0.23119079147980548,700.0,0.3666176999686286,baseline_progress
Random,700,701.0,0.23119079147980548,-3.2506084372928337,0.23119079147980548,701.0,0.36705379997147247,baseline_progress
Random,701,702.0,0.23119079147980548,-6.3588323458400975,0.23119079147980548,702.0,0.36749689996941015,baseline_progress
Random,702,703.0,0.23119079147980548,-7.37652861733233,0.23119079147980548,703.0,0.3679444000008516,baseline_progress
Random,703,704.0,0.23119079147980548,-5.070009838915253,0.23119079147980548,704.0,0.36839179997332394,baseline_progress
Random,704,705.0,0.23119079147980548,-6.285525071970959,0.23119079147980548,705.0,0.3688478000112809,baseline_progress
Random,705,706.0,0.23119079147980548,-3.137033103571542,0.23119079147980548,706.0,0.3692886999924667,baseline_progress
Random,706,707.0,0.23119079147980548,-3.545453214031524,0.23119079147980548,707.0,0.36972730001434684,baseline_progress
Random,707,708.0,0.23119079147980548,-4.429715444092928,0.23119079147980548,708.0,0.37016099999891594,baseline_progress
Random,708,709.0,0.23119079147980548,-6.835014445336014,0.23119079147980548,709.0,0.3707752000191249,baseline_progress
Random,709,710.0,0.23119079147980548,-12.89380326440656,0.23119079147980548,710.0,0.3713149999966845,baseline_progress
Random,710,711.0,0.23119079147980548,-7.44389016378361,0.23119079147980548,711.0,0.37225269997725263,baseline_progress
Random,711,712.0,0.23119079147980548,-8.656251640034181,0.23119079147980548,712.0,0.37279940000735223,baseline_progress
Random,712,713.0,0.23119079147980548,-8.358058691557382,0.23119079147980548,713.0,0.37333279999438673,baseline_progress
Random,713,714.0,0.23119079147980548,-3.014934697092678,0.23119079147980548,714.0,0.3739066999987699,baseline_progress
Random,714,715.0,0.23119079147980548,-12.468881777206226,0.23119079147980548,715.0,0.3744203000096604,baseline_progress
Random,715,716.0,0.23119079147980548,-4.389679677501759,0.23119079147980548,716.0,0.37489999999525025,baseline_progress
Random,716,717.0,0.23119079147980548,-5.262026549282759,0.23119079147980548,717.0,0.3753866999759339,baseline_progress
Random,717,718.0,0.23119079147980548,-7.34248582124561,0.23119079147980548,718.0,0.3758613999816589,baseline_progress
Random,718,719.0,0.23119079147980548,-4.629360466543044,0.23119079147980548,719.0,0.37655180000001565,baseline_progress
Random,719,720.0,0.23119079147980548,-5.576350781137954,0.23119079147980548,720.0,0.377138499985449,baseline_progress
Random,720,721.0,0.23119079147980548,-6.3795101350882355,0.23119079147980548,721.0,0.37762430001748726,baseline_progress
Random,721,722.0,0.23119079147980548,-3.9294102576051344,0.23119079147980548,722.0,0.37810029997490346,baseline_progress
Random,722,723.0,0.23119079147980548,-8.559201906250259,0.23119079147980548,723.0,0.37856009998358786,baseline_progress
Random,723,724.0,0.23119079147980548,-6.996431246939424,0.23119079147980548,724.0,0.3790255999774672,baseline_progress
Random,724,725.0,0.23119079147980548,-7.8743912127852465,0.23119079147980548,725.0,0.3794647000031546,baseline_progress
Random,725,726.0,0.23119079147980548,-1.2010344942708997,0.23119079147980548,726.0,0.37989829998696223,baseline_progress
Random,726,727.0,0.23119079147980548,-9.102823909690562,0.23119079147980548,727.0,0.3803436000016518,baseline_progress
Random,727,728.0,0.23119079147980548,-4.090672805667989,0.23119079147980548,728.0,0.3807984999730252,baseline_progress
Random,728,729.0,0.23119079147980548,-6.162508317284944,0.23119079147980548,729.0,0.38124670000979677,baseline_progress
Random,729,730.0,0.23119079147980548,-7.551825856264958,0.23119079147980548,730.0,0.38169000000925735,baseline_progress
Random,730,731.0,0.23119079147980548,-6.745242265275369,0.23119079147980548,731.0,0.38213169999653473,baseline_progress
Random,731,732.0,0.23119079147980548,-7.364709095550472,0.23119079147980548,732.0,0.3825791999697685,baseline_progress
Random,732,733.0,0.23119079147980548,-7.3550222884036405,0.23119079147980548,733.0,0.3830298999673687,baseline_progress
Random,733,734.0,0.23119079147980548,-7.772102667331702,0.23119079147980548,734.0,0.38346320000709966,baseline_progress
Random,734,735.0,0.23119079147980548,-7.194498298817155,0.23119079147980548,735.0,0.3839087999658659,baseline_progress
Random,735,736.0,0.23119079147980548,-4.9532623519146055,0.23119079147980548,736.0,0.38435529998969287,baseline_progress
Random,736,737.0,0.23119079147980548,-5.538214459872584,0.23119079147980548,737.0,0.3848442999878898,baseline_progress
Random,737,738.0,0.23119079147980548,-9.043067581459105,0.23119079147980548,738.0,0.38542549998965114,baseline_progress
Random,738,739.0,0.23119079147980548,-3.680525318067401,0.23119079147980548,739.0,0.38607170002069324,baseline_progress
Random,739,740.0,0.23119079147980548,-4.944506252307016,0.23119079147980548,740.0,0.38661509996745735,baseline_progress
Random,740,741.0,0.23119079147980548,-7.45657829550224,0.23119079147980548,741.0,0.3871610999922268,baseline_progress
Random,741,742.0,0.23119079147980548,-6.426117982785013,0.23119079147980548,742.0,0.38770770002156496,baseline_progress
Random,742,743.0,0.23119079147980548,-1.8718608611528174,0.23119079147980548,743.0,0.38824299996485934,baseline_progress
Random,743,744.0,0.23119079147980548,-5.069515651913758,0.23119079147980548,744.0,0.38872230000561103,baseline_progress
Random,744,745.0,0.23119079147980548,-6.248647516649387,0.23119079147980548,745.0,0.389225399994757,baseline_progress
Random,745,746.0,0.23119079147980548,-6.96034172450301,0.23119079147980548,746.0,0.38974979997146875,baseline_progress
Random,746,747.0,0.23119079147980548,-3.8991087395013344,0.23119079147980548,747.0,0.39023550000274554,baseline_progress
Random,747,748.0,0.23119079147980548,-5.699098389338075,0.23119079147980548,748.0,0.3907803000183776,baseline_progress
Random,748,749.0,0.23119079147980548,-7.775060830650055,0.23119079147980548,749.0,0.39125960000092164,baseline_progress
Random,749,750.0,0.23119079147980548,-9.28513891283517,0.23119079147980548,750.0,0.3917342000058852,baseline_progress
Random,750,751.0,0.23119079147980548,-7.172523489149935,0.23119079147980548,751.0,0.3921972999814898,baseline_progress
Random,751,752.0,0.23119079147980548,-5.115402206676221,0.23119079147980548,752.0,0.39266589999897406,baseline_progress
Random,752,753.0,0.23119079147980548,-6.506642338457097,0.23119079147980548,753.0,0.39324830000987276,baseline_progress
Random,753,754.0,0.23119079147980548,-4.048852233776653,0.23119079147980548,754.0,0.3939548999769613,baseline_progress
Random,754,755.0,0.23119079147980548,-3.777925292443222,0.23119079147980548,755.0,0.3944348000222817,baseline_progress
Random,755,756.0,0.23119079147980548,-1.8331463564383812,0.23119079147980548,756.0,0.39489230001345277,baseline_progress
Random,756,757.0,0.23119079147980548,-8.654184711372375,0.23119079147980548,757.0,0.3953518000198528,baseline_progress
Random,757,758.0,0.23119079147980548,-4.941832970971301,0.23119079147980548,758.0,0.39579819998471066,baseline_progress
Random,758,759.0,0.23119079147980548,-5.6391494683542245,0.23119079147980548,759.0,0.3962288000038825,baseline_progress
Random,759,760.0,0.23119079147980548,-7.344651450970645,0.23119079147980548,760.0,0.3966546999872662,baseline_progress
Random,760,761.0,0.23119079147980548,-4.379708493908019,0.23119079147980548,761.0,0.3971039999742061,baseline_progress
Random,761,762.0,0.23119079147980548,-1.237688936940673,0.23119079147980548,762.0,0.3975771999685094,baseline_progress
Random,762,763.0,0.23119079147980548,-6.142081793866957,0.23119079147980548,763.0,0.39801269996678457,baseline_progress
Random,763,764.0,0.23119079147980548,-7.336164625628865,0.23119079147980548,764.0,0.3984412999707274,baseline_progress
Random,764,765.0,0.23119079147980548,-9.132599911725453,0.23119079147980548,765.0,0.3988697999739088,baseline_progress
Random,765,766.0,0.23119079147980548,-0.9006879495469224,0.23119079147980548,766.0,0.3993235999951139,baseline_progress
Random,766,767.0,0.23119079147980548,-5.521916718453802,0.23119079147980548,767.0,0.39978149998933077,baseline_progress
Random,767,768.0,0.23119079147980548,-7.1957721524055,0.23119079147980548,768.0,0.40021260001230985,baseline_progress
Random,768,769.0,0.23119079147980548,-6.347399234964398,0.23119079147980548,769.0,0.40065169997978956,baseline_progress
Random,769,770.0,0.23119079147980548,-6.387845695950055,0.23119079147980548,770.0,0.4013052000082098,baseline_progress
Random,770,771.0,0.23119079147980548,-6.296975247944144,0.23119079147980548,771.0,0.4017691999906674,baseline_progress
Random,771,772.0,0.23119079147980548,-1.584997240984876,0.23119079147980548,772.0,0.4022469000192359,baseline_progress
Random,772,773.0,0.23119079147980548,-3.7134925711148288,0.23119079147980548,773.0,0.4026886000065133,baseline_progress
Random,773,774.0,0.23119079147980548,-8.604786117496873,0.23119079147980548,774.0,0.40315670002019033,baseline_progress
Random,774,775.0,0.23119079147980548,-7.031107628008601,0.23119079147980548,775.0,0.40361749997828156,baseline_progress
Random,775,776.0,0.23119079147980548,-6.373633002495177,0.23119079147980548,776.0,0.4040742000215687,baseline_progress
Random,776,777.0,0.23119079147980548,-5.48950257476761,0.23119079147980548,777.0,0.40456140000605956,baseline_progress
Random,777,778.0,0.23119079147980548,-3.149290371024253,0.23119079147980548,778.0,0.40503199998056516,baseline_progress
Random,778,779.0,0.23119079147980548,-6.249138463821399,0.23119079147980548,779.0,0.4054857000010088,baseline_progress
Random,779,780.0,0.23119079147980548,-6.5451651510483515,0.23119079147980548,780.0,0.4059247999684885,baseline_progress
Random,780,781.0,0.23119079147980548,-8.49265323000383,0.23119079147980548,781.0,0.4063608999713324,baseline_progress
Random,781,782.0,0.23119079147980548,-5.482417081539449,0.23119079147980548,782.0,0.4067868000129238,baseline_progress
Random,782,783.0,0.23119079147980548,-5.098591749632877,0.23119079147980548,783.0,0.4072493999847211,baseline_progress
Random,783,784.0,0.23119079147980548,-7.1048488548345805,0.23119079147980548,784.0,0.40769329998875037,baseline_progress
Random,784,785.0,0.23119079147980548,-6.025870246728713,0.23119079147980548,785.0,0.4081414999673143,baseline_progress
Random,785,786.0,0.23119079147980548,-9.394370768907248,0.23119079147980548,786.0,0.4085812999983318,baseline_progress
Random,786,787.0,0.23119079147980548,-4.972606478393249,0.23119079147980548,787.0,0.40901190001750365,baseline_progress
Random,787,788.0,0.23119079147980548,-3.9861430723214912,0.23119079147980548,788.0,0.4095662999898195,baseline_progress
Random,788,789.0,0.23119079147980548,-10.604237972502661,0.23119079147980548,789.0,0.41015529999276623,baseline_progress
Random,789,790.0,0.23119079147980548,-4.70911941294451,0.23119079147980548,790.0,0.41062819998478517,baseline_progress
Random,790,791.0,0.23119079147980548,-6.290323485992436,0.23119079147980548,791.0,0.4110755000147037,baseline_progress
Random,791,792.0,0.23119079147980548,-5.143428475471452,0.23119079147980548,792.0,0.41152109997347,baseline_progress
Random,792,793.0,0.23119079147980548,-7.4839336754214445,0.23119079147980548,793.0,0.41194959997665137,baseline_progress
Random,793,794.0,0.23119079147980548,-7.62135368838713,0.23119079147980548,794.0,0.4123734000022523,baseline_progress
Random,794,795.0,0.23119079147980548,-8.234967949693678,0.23119079147980548,795.0,0.41286089998902753,baseline_progress
Random,795,796.0,0.23119079147980548,-7.178963024720001,0.23119079147980548,796.0,0.4133278999943286,baseline_progress
Random,796,797.0,0.23119079147980548,-4.207202654650733,0.23119079147980548,797.0,0.4137598999659531,baseline_progress
Random,797,798.0,0.23119079147980548,-3.21047728664516,0.23119079147980548,798.0,0.41419460001634434,baseline_progress
Random,798,799.0,0.23119079147980548,-6.550778535399704,0.23119079147980548,799.0,0.4146235999651253,baseline_progress
Random,799,800.0,0.23119079147980548,-0.6480791070723937,0.23119079147980548,800.0,0.41508549998980016,baseline_progress
Random,800,801.0,0.23119079147980548,-3.3519475774594953,0.23119079147980548,801.0,0.415691300004255,baseline_progress
Random,801,802.0,0.23119079147980548,-4.46885806683215,0.23119079147980548,802.0,0.416565699968487,baseline_progress
Random,802,803.0,0.23119079147980548,-5.562257926366762,0.23119079147980548,803.0,0.4171802999917418,baseline_progress
Random,803,804.0,0.23119079147980548,-5.366305436884934,0.23119079147980548,804.0,0.41765099996700883,baseline_progress
Random,804,805.0,0.23119079147980548,-6.957697670640793,0.23119079147980548,805.0,0.41809639998245984,baseline_progress
Random,805,806.0,0.23119079147980548,-6.275302944739259,0.23119079147980548,806.0,0.41854240000247955,baseline_progress
Random,806,807.0,0.23119079147980548,-6.096416276414313,0.23119079147980548,807.0,0.4189853999996558,baseline_progress
Random,807,808.0,0.23119079147980548,-3.4730397754126985,0.23119079147980548,808.0,0.4194767000153661,baseline_progress
Random,808,809.0,0.23119079147980548,-7.254192431441754,0.23119079147980548,809.0,0.419953299977351,baseline_progress
Random,809,810.0,0.23119079147980548,-5.743668323225827,0.23119079147980548,810.0,0.42039079999085516,baseline_progress
Random,810,811.0,0.23119079147980548,-4.401752868751081,0.23119079147980548,811.0,0.4208333999849856,baseline_progress
Random,811,812.0,0.23119079147980548,-12.15833418476221,0.23119079147980548,812.0,0.42128170002251863,baseline_progress
Random,812,813.0,0.23119079147980548,-1.9144870645849101,0.23119079147980548,813.0,0.4217633999651298,baseline_progress
Random,813,814.0,0.23119079147980548,-4.74329722329362,0.23119079147980548,814.0,0.4222107999958098,baseline_progress
Random,814,815.0,0.23119079147980548,-2.330111947334497,0.23119079147980548,815.0,0.4226466999971308,baseline_progress
Random,815,816.0,0.23119079147980548,-1.4645596835764172,0.23119079147980548,816.0,0.42308109998703003,baseline_progress
Random,816,817.0,0.23119079147980548,-3.4420416816376944,0.23119079147980548,817.0,0.42352589999791235,baseline_progress
Random,817,818.0,0.23119079147980548,-3.2973327983826466,0.23119079147980548,818.0,0.42396220000227913,baseline_progress
Random,818,819.0,0.23119079147980548,-4.118070643720614,0.23119079147980548,819.0,0.4243957999860868,baseline_progress
Random,819,820.0,0.23119079147980548,-6.345607195906673,0.23119079147980548,820.0,0.4248274000128731,baseline_progress
Random,820,821.0,0.23119079147980548,-6.914732628723246,0.23119079147980548,821.0,0.42539920000126585,baseline_progress
Random,821,822.0,0.23119079147980548,-7.117335076463557,0.23119079147980548,822.0,0.42624329996760935,baseline_progress
Random,822,823.0,0.23119079147980548,-5.4203864430814335,0.23119079147980548,823.0,0.42708569997921586,baseline_progress
Random,823,824.0,0.23119079147980548,-8.476964794569962,0.23119079147980548,824.0,0.42766330001177266,baseline_progress
Random,824,825.0,0.23119079147980548,-7.383430026814922,0.23119079147980548,825.0,0.42815429996699095,baseline_progress
Random,825,826.0,0.23119079147980548,-6.731969963830357,0.23119079147980548,826.0,0.4286038000136614,baseline_progress
Random,826,827.0,0.23119079147980548,-4.126725787865721,0.23119079147980548,827.0,0.4290663999854587,baseline_progress
Random,827,828.0,0.23119079147980548,-4.337154259391635,0.23119079147980548,828.0,0.42960829997900873,baseline_progress
Random,828,829.0,0.23119079147980548,-4.5830186308176355,0.23119079147980548,829.0,0.43008919997373596,baseline_progress
Random,829,830.0,0.23119079147980548,-0.5982248536667174,0.23119079147980548,830.0,0.4308988999691792,baseline_progress
Random,830,831.0,0.23119079147980548,-6.156268781844968,0.23119079147980548,831.0,0.4314332000212744,baseline_progress
Random,831,832.0,0.23119079147980548,-5.313470515547505,0.23119079147980548,832.0,0.4319388999720104,baseline_progress
Random,832,833.0,0.23119079147980548,-5.324278618508776,0.23119079147980548,833.0,0.4324489000136964,baseline_progress
Random,833,834.0,0.23119079147980548,-7.614873004924799,0.23119079147980548,834.0,0.43295789998956025,baseline_progress
Random,834,835.0,0.23119079147980548,-7.549580832469819,0.23119079147980548,835.0,0.4334887000150047,baseline_progress
Random,835,836.0,0.23119079147980548,-7.057150890749925,0.23119079147980548,836.0,0.43397519999416545,baseline_progress
Random,836,837.0,0.23119079147980548,-3.219822542637697,0.23119079147980548,837.0,0.4344837999669835,baseline_progress
Random,837,838.0,0.23119079147980548,-6.955967540892885,0.23119079147980548,838.0,0.43495279998751357,baseline_progress
Random,838,839.0,0.23119079147980548,-8.059860903529543,0.23119079147980548,839.0,0.43539689999306574,baseline_progress
Random,839,840.0,0.23119079147980548,-8.041715141196946,0.23119079147980548,840.0,0.43603559996699914,baseline_progress
Random,840,841.0,0.23119079147980548,-9.562828386279076,0.23119079147980548,841.0,0.4365185999777168,baseline_progress
Random,841,842.0,0.23119079147980548,-7.706898453465196,0.23119079147980548,842.0,0.4369713999913074,baseline_progress
Random,842,843.0,0.23119079147980548,-4.309363630885898,0.23119079147980548,843.0,0.4375159000046551,baseline_progress
Random,843,844.0,0.23119079147980548,-1.7860450450238345,0.23119079147980548,844.0,0.43807139998534694,baseline_progress
Random,844,845.0,0.23119079147980548,-5.644983448851066,0.23119079147980548,845.0,0.4386732999701053,baseline_progress
Random,845,846.0,0.23119079147980548,-4.93158568578527,0.23119079147980548,846.0,0.43920159997651353,baseline_progress
Random,846,847.0,0.23119079147980548,-4.448140313799408,0.23119079147980548,847.0,0.43971639999654144,baseline_progress
Random,847,848.0,0.23119079147980548,-4.794598866541027,0.23119079147980548,848.0,0.440194699971471,baseline_progress
Random,848,849.0,0.23119079147980548,-6.304123584500307,0.23119079147980548,849.0,0.44066889997338876,baseline_progress
Random,849,850.0,0.23119079147980548,-6.36193660158235,0.23119079147980548,850.0,0.4411231999984011,baseline_progress
Random,850,851.0,0.23119079147980548,-7.50080308825161,0.23119079147980548,851.0,0.4415883999899961,baseline_progress
Random,851,852.0,0.23119079147980548,-6.519785994494964,0.23119079147980548,852.0,0.4420326999970712,baseline_progress
Random,852,853.0,0.23119079147980548,-5.929274719165027,0.23119079147980548,853.0,0.4424845000030473,baseline_progress
Random,853,854.0,0.23119079147980548,-5.879865085758973,0.23119079147980548,854.0,0.44317689997842535,baseline_progress
Random,854,855.0,0.23119079147980548,-5.819047021703421,0.23119079147980548,855.0,0.44374030001927167,baseline_progress
Random,855,856.0,0.23119079147980548,-3.547251181452242,0.23119079147980548,856.0,0.4442498999997042,baseline_progress
Random,856,857.0,0.23119079147980548,-5.637634400507733,0.23119079147980548,857.0,0.44473039999138564,baseline_progress
Random,857,858.0,0.23119079147980548,-3.73056117525545,0.23119079147980548,858.0,0.4451960999867879,baseline_progress
Random,858,859.0,0.23119079147980548,-2.2990438415112933,0.23119079147980548,859.0,0.44565559999318793,baseline_progress
Random,859,860.0,0.23119079147980548,-5.606139174858794,0.23119079147980548,860.0,0.44610020000254735,baseline_progress
Random,860,861.0,0.23119079147980548,-5.664032699591623,0.23119079147980548,861.0,0.44656149996444583,baseline_progress
Random,861,862.0,0.23119079147980548,-10.050660189365061,0.23119079147980548,862.0,0.4472454999922775,baseline_progress
Random,862,863.0,0.23119079147980548,-4.884986644584936,0.23119079147980548,863.0,0.44779710000148043,baseline_progress
Random,863,864.0,0.23119079147980548,-6.814705158749612,0.23119079147980548,864.0,0.4483256000094116,baseline_progress
Random,864,865.0,0.23119079147980548,-7.366746363570309,0.23119079147980548,865.0,0.4488746999995783,baseline_progress
Random,865,866.0,0.23119079147980548,-6.006475206877909,0.23119079147980548,866.0,0.4493951000040397,baseline_progress
Random,866,867.0,0.23119079147980548,-2.546135855551367,0.23119079147980548,867.0,0.4499197999830358,baseline_progress
Random,867,868.0,0.23119079147980548,-6.208350293694009,0.23119079147980548,868.0,0.4504465999780223,baseline_progress
Random,868,869.0,0.23119079147980548,-7.087219988971958,0.23119079147980548,869.0,0.4509515999816358,baseline_progress
Random,869,870.0,0.23119079147980548,-10.826063983955597,0.23119079147980548,870.0,0.4514039999921806,baseline_progress
Random,870,871.0,0.23119079147980548,-9.215785258765505,0.23119079147980548,871.0,0.4518489000038244,baseline_progress
Random,871,872.0,0.23119079147980548,-4.202878750976801,0.23119079147980548,872.0,0.4522853000089526,baseline_progress
Random,872,873.0,0.23119079147980548,-9.28712866304788,0.23119079147980548,873.0,0.45273989997804165,baseline_progress
Random,873,874.0,0.23119079147980548,-5.583455101383725,0.23119079147980548,874.0,0.45317849999992177,baseline_progress
Random,874,875.0,0.23119079147980548,-7.103111192200899,0.23119079147980548,875.0,0.45361859997501597,baseline_progress
Random,875,876.0,0.23119079147980548,-5.457697477603175,0.23119079147980548,876.0,0.4540665000095032,baseline_progress
Random,876,877.0,0.23119079147980548,-9.176906517124225,0.23119079147980548,877.0,0.45451900002080947,baseline_progress
Random,877,878.0,0.23119079147980548,-5.24911286368253,0.23119079147980548,878.0,0.4549634999711998,baseline_progress
Random,878,879.0,0.23119079147980548,-9.513904797379375,0.23119079147980548,879.0,0.45539820002159104,baseline_progress
Random,879,880.0,0.23119079147980548,-3.1311623759294624,0.23119079147980548,880.0,0.4558371999883093,baseline_progress
Random,880,881.0,0.23119079147980548,-7.3819858058965035,0.23119079147980548,881.0,0.4562708999728784,baseline_progress
Random,881,882.0,0.23119079147980548,-0.796528741633991,0.23119079147980548,882.0,0.4567168999928981,baseline_progress
Random,882,883.0,0.23119079147980548,-9.012735144363726,0.23119079147980548,883.0,0.45715209998888895,baseline_progress
Random,883,884.0,0.23119079147980548,-8.071101801363385,0.23119079147980548,884.0,0.4576002999674529,baseline_progress
Random,884,885.0,0.23119079147980548,-5.241670992751627,0.23119079147980548,885.0,0.4582110000192188,baseline_progress
Random,885,886.0,0.23119079147980548,-6.531973514883291,0.23119079147980548,886.0,0.458729800011497,baseline_progress
Random,886,887.0,0.23119079147980548,-2.0782375037997025,0.23119079147980548,887.0,0.4592500000144355,baseline_progress
Random,887,888.0,0.23119079147980548,-9.638360912469626,0.23119079147980548,888.0,0.4602005999768153,baseline_progress
Random,888,889.0,0.23119079147980548,-2.929455671015759,0.23119079147980548,889.0,0.4610431999899447,baseline_progress
Random,889,890.0,0.23119079147980548,-4.418572824686055,0.23119079147980548,890.0,0.4616830999730155,baseline_progress
Random,890,891.0,0.23119079147980548,-8.689202881763318,0.23119079147980548,891.0,0.46243720001075417,baseline_progress
Random,891,892.0,0.23119079147980548,-7.318232149465904,0.23119079147980548,892.0,0.46346190001349896,baseline_progress
Random,892,893.0,0.23119079147980548,-7.970934284248832,0.23119079147980548,893.0,0.4641606999794021,baseline_progress
Random,893,894.0,0.23119079147980548,-4.3092784653877345,0.23119079147980548,894.0,0.4646818999899551,baseline_progress
Random,894,895.0,0.23119079147980548,-4.621187393777336,0.23119079147980548,895.0,0.46517059998586774,baseline_progress
Random,895,896.0,0.23119079147980548,-8.959954150636317,0.23119079147980548,896.0,0.46565249998820946,baseline_progress
Random,896,897.0,0.23119079147980548,-6.196381530671339,0.23119079147980548,897.0,0.46611350000603124,baseline_progress
Random,897,898.0,0.23119079147980548,-6.507540505362155,0.23119079147980548,898.0,0.46657529997173697,baseline_progress
Random,898,899.0,0.23119079147980548,-7.382791593999397,0.23119079147980548,899.0,0.4670202999841422,baseline_progress
Random,899,900.0,0.23119079147980548,-6.489526165072898,0.23119079147980548,900.0,0.46747340000001714,baseline_progress
Random,900,901.0,0.23119079147980548,-9.402748249943851,0.23119079147980548,901.0,0.46794790000421926,baseline_progress
Random,901,902.0,0.23119079147980548,-6.841540456887024,0.23119079147980548,902.0,0.4684123999904841,baseline_progress
Random,902,903.0,0.23119079147980548,-4.300300687175513,0.23119079147980548,903.0,0.46886019996600226,baseline_progress
Random,903,904.0,0.23119079147980548,-6.51444517684272,0.23119079147980548,904.0,0.469305099977646,baseline_progress
Random,904,905.0,0.23119079147980548,-7.675102405480206,0.23119079147980548,905.0,0.469759100000374,baseline_progress
Random,905,906.0,0.23119079147980548,-6.219645516627989,0.23119079147980548,906.0,0.47020450001582503,baseline_progress
Random,906,907.0,0.23119079147980548,-11.370304008518072,0.23119079147980548,907.0,0.47064119996502995,baseline_progress
Random,907,908.0,0.23119079147980548,-8.573757283511231,0.23119079147980548,908.0,0.47107660002075136,baseline_progress
Random,908,909.0,0.23119079147980548,-7.432877606644252,0.23119079147980548,909.0,0.4715141999768093,baseline_progress
Random,909,910.0,0.23119079147980548,-2.6723558803814074,0.23119079147980548,910.0,0.4719640999683179,baseline_progress
Random,910,911.0,0.23119079147980548,-8.580225445381831,0.23119079147980548,911.0,0.4724020999856293,baseline_progress
Random,911,912.0,0.23119079147980548,-1.9285988859888468,0.23119079147980548,912.0,0.47283629997400567,baseline_progress
Random,912,913.0,0.23119079147980548,-6.652916519422865,0.23119079147980548,913.0,0.47327219997532666,baseline_progress
Random,913,914.0,0.23119079147980548,-6.788608284365994,0.23119079147980548,914.0,0.4737180999945849,baseline_progress
Random,914,915.0,0.23119079147980548,-7.0938157971247655,0.23119079147980548,915.0,0.47415730002103373,baseline_progress
Random,915,916.0,0.23119079147980548,-6.2268079107048475,0.23119079147980548,916.0,0.4745913000078872,baseline_progress
Random,916,917.0,0.23119079147980548,-8.203238308737436,0.23119079147980548,917.0,0.47502409998560324,baseline_progress
Random,917,918.0,0.23119079147980548,-4.726211437033992,0.23119079147980548,918.0,0.4754687999957241,baseline_progress
Random,918,919.0,0.23119079147980548,-7.826115253169105,0.23119079147980548,919.0,0.4759065000107512,baseline_progress
Random,919,920.0,0.23119079147980548,-6.978035817866812,0.23119079147980548,920.0,0.4764416000107303,baseline_progress
Random,920,921.0,0.23119079147980548,-5.069801269303257,0.23119079147980548,921.0,0.4769323000218719,baseline_progress
Random,921,922.0,0.23119079147980548,-5.630437188264142,0.23119079147980548,922.0,0.47743670002091676,baseline_progress
Random,922,923.0,0.23119079147980548,-5.770493709133904,0.23119079147980548,923.0,0.47791269997833297,baseline_progress
Random,923,924.0,0.23119079147980548,-7.5508058158271725,0.23119079147980548,924.0,0.4783659999957308,baseline_progress
Random,924,925.0,0.23119079147980548,-3.5644592591275823,0.23119079147980548,925.0,0.4788240999914706,baseline_progress
Random,925,926.0,0.23119079147980548,-2.349622041788116,0.23119079147980548,926.0,0.47926140000345185,baseline_progress
Random,926,927.0,0.23119079147980548,-4.833922472056778,0.23119079147980548,927.0,0.4797235999722034,baseline_progress
Random,927,928.0,0.23119079147980548,-6.992741615823439,0.23119079147980548,928.0,0.4801811000215821,baseline_progress
Random,928,929.0,0.23119079147980548,-3.9074647997345178,0.23119079147980548,929.0,0.4806281999917701,baseline_progress
Random,929,930.0,0.23119079147980548,-3.7394105370930073,0.23119079147980548,930.0,0.4810664000106044,baseline_progress
Random,930,931.0,0.23119079147980548,-7.284725490990798,0.23119079147980548,931.0,0.48151339998003095,baseline_progress
Random,931,932.0,0.23119079147980548,-7.481185685472283,0.23119079147980548,932.0,0.4819509999942966,baseline_progress
Random,932,933.0,0.23119079147980548,-7.5299277728504475,0.23119079147980548,933.0,0.48238319996744394,baseline_progress
Random,933,934.0,0.23119079147980548,-5.693445908843755,0.23119079147980548,934.0,0.4828241000068374,baseline_progress
Random,934,935.0,0.23119079147980548,-4.178595404462778,0.23119079147980548,935.0,0.48325649998150766,baseline_progress
Random,935,936.0,0.23119079147980548,-8.872981552028797,0.23119079147980548,936.0,0.48370059998705983,baseline_progress
Random,936,937.0,0.23119079147980548,-3.4128349023282514,0.23119079147980548,937.0,0.484136099985335,baseline_progress
Random,937,938.0,0.23119079147980548,-1.0608552326307872,0.23119079147980548,938.0,0.4845698999706656,baseline_progress
Random,938,939.0,0.23119079147980548,-8.89348462926765,0.23119079147980548,939.0,0.48500260000582784,baseline_progress
Random,939,940.0,0.23119079147980548,-6.166507704333912,0.23119079147980548,940.0,0.48544429999310523,baseline_progress
Random,940,941.0,0.23119079147980548,-7.207860349083234,0.23119079147980548,941.0,0.4858812000020407,baseline_progress
Random,941,942.0,0.23119079147980548,-4.336051466602385,0.23119079147980548,942.0,0.48631760000716895,baseline_progress
Random,942,943.0,0.23119079147980548,-8.214319263267527,0.23119079147980548,943.0,0.48675069998716936,baseline_progress
Random,943,944.0,0.23119079147980548,-3.7376891580427984,0.23119079147980548,944.0,0.4871894000098109,baseline_progress
Random,944,945.0,0.23119079147980548,-8.348002854590035,0.23119079147980548,945.0,0.4876411000150256,baseline_progress
Random,945,946.0,0.23119079147980548,-10.139009522565551,0.23119079147980548,946.0,0.48808540002210066,baseline_progress
Random,946,947.0,0.23119079147980548,-11.855642038073018,0.23119079147980548,947.0,0.488562099984847,baseline_progress
Random,947,948.0,0.23119079147980548,-5.016770020383277,0.23119079147980548,948.0,0.48903019999852404,baseline_progress
Random,948,949.0,0.23119079147980548,-8.639758231668468,0.23119079147980548,949.0,0.4894914000178687,baseline_progress
Random,949,950.0,0.23119079147980548,-9.516008439987685,0.23119079147980548,950.0,0.48994679999304935,baseline_progress
Random,950,951.0,0.23119079147980548,-4.732486271511004,0.23119079147980548,951.0,0.49039400002220646,baseline_progress
Random,951,952.0,0.23119079147980548,-4.329705615008035,0.23119079147980548,952.0,0.4908354000071995,baseline_progress
Random,952,953.0,0.23119079147980548,-8.047925001375948,0.23119079147980548,953.0,0.49127559998305514,baseline_progress
Random,953,954.0,0.23119079147980548,-7.2783796919761015,0.23119079147980548,954.0,0.49172759999055415,baseline_progress
Random,954,955.0,0.23119079147980548,-5.48441377339698,0.23119079147980548,955.0,0.49217089999001473,baseline_progress
Random,955,956.0,0.23119079147980548,-6.137858243847383,0.23119079147980548,956.0,0.4933393999817781,baseline_progress
Random,956,957.0,0.23119079147980548,-4.5160583441137065,0.23119079147980548,957.0,0.49426449998281896,baseline_progress
Random,957,958.0,0.23119079147980548,-8.810933354361653,0.23119079147980548,958.0,0.49482399999396876,baseline_progress
Random,958,959.0,0.23119079147980548,-3.783830795014646,0.23119079147980548,959.0,0.4953622000175528,baseline_progress
Random,959,960.0,0.23119079147980548,-7.471514858683223,0.23119079147980548,960.0,0.49593400000594556,baseline_progress
Random,960,961.0,0.23119079147980548,-7.86049977657912,0.23119079147980548,961.0,0.4963856000103988,baseline_progress
Random,961,962.0,0.23119079147980548,-9.72934003539424,0.23119079147980548,962.0,0.4968415999901481,baseline_progress
Random,962,963.0,0.23119079147980548,-7.041640849592875,0.23119079147980548,963.0,0.4973454999853857,baseline_progress
Random,963,964.0,0.23119079147980548,-6.043922684353447,0.23119079147980548,964.0,0.4978349999873899,baseline_progress
Random,964,965.0,0.23119079147980548,-8.000063152948297,0.23119079147980548,965.0,0.49829269998008385,baseline_progress
Random,965,966.0,0.23119079147980548,-3.8713346952598124,0.23119079147980548,966.0,0.4987597999861464,baseline_progress
Random,966,967.0,0.23119079147980548,-4.736556970492352,0.23119079147980548,967.0,0.4992612000205554,baseline_progress
Random,967,968.0,0.23119079147980548,-6.078670930275753,0.23119079147980548,968.0,0.49980029999278486,baseline_progress
Random,968,969.0,0.23119079147980548,-10.014215595416438,0.23119079147980548,969.0,0.5002874999772757,baseline_progress
Random,969,970.0,0.23119079147980548,-6.189611018224948,0.23119079147980548,970.0,0.5008083999855444,baseline_progress
Random,970,971.0,0.23119079147980548,-5.134322688506016,0.23119079147980548,971.0,0.501277300005313,baseline_progress
Random,971,972.0,0.23119079147980548,-6.290812868417493,0.23119079147980548,972.0,0.5017231999663636,baseline_progress
Random,972,973.0,0.23119079147980548,-8.6001896380526,0.23119079147980548,973.0,0.5021755999769084,baseline_progress
Random,973,974.0,0.23119079147980548,-4.362899362544327,0.23119079147980548,974.0,0.5026207999908365,baseline_progress
Random,974,975.0,0.23119079147980548,-8.07402333447624,0.23119079147980548,975.0,0.5030732000013813,baseline_progress
Random,975,976.0,0.23119079147980548,-8.765012190340837,0.23119079147980548,976.0,0.5039247999666259,baseline_progress
Random,976,977.0,0.23119079147980548,-5.027052524296817,0.23119079147980548,977.0,0.5047219999833032,baseline_progress
Random,977,978.0,0.23119079147980548,-10.86001996436957,0.23119079147980548,978.0,0.5051983000012115,baseline_progress
Random,978,979.0,0.23119079147980548,-3.69293409196911,0.23119079147980548,979.0,0.5056934999884106,baseline_progress
Random,979,980.0,0.23119079147980548,-7.203657626968518,0.23119079147980548,980.0,0.5061389000038616,baseline_progress
Random,980,981.0,0.23119079147980548,-5.814084374196035,0.23119079147980548,981.0,0.5065765000181273,baseline_progress
Random,981,982.0,0.23119079147980548,-6.2857646101827935,0.23119079147980548,982.0,0.5070912999799475,baseline_progress
Random,982,983.0,0.23119079147980548,-6.639477423740379,0.23119079147980548,983.0,0.5075991000048816,baseline_progress
Random,983,984.0,0.23119079147980548,-5.37226907927032,0.23119079147980548,984.0,0.5081082999822684,baseline_progress
Random,984,985.0,0.23119079147980548,-6.166379751859725,0.23119079147980548,985.0,0.5085653999703936,baseline_progress
Random,985,986.0,0.23119079147980548,-3.949559010133897,0.23119079147980548,986.0,0.5090210000053048,baseline_progress
Random,986,987.0,0.23119079147980548,-5.671343369556377,0.23119079147980548,987.0,0.5096562000107951,baseline_progress
Random,987,988.0,0.23119079147980548,-6.6224807939396,0.23119079147980548,988.0,0.5102259999839589,baseline_progress
Random,988,989.0,0.23119079147980548,-2.173703892880778,0.23119079147980548,989.0,0.5107334000058472,baseline_progress
Random,989,990.0,0.23119079147980548,-5.115343739442748,0.23119079147980548,990.0,0.5112098999670707,baseline_progress
Random,990,991.0,0.23119079147980548,-6.611013128713472,0.23119079147980548,991.0,0.5116592000122182,baseline_progress
Random,991,992.0,0.23119079147980548,-6.887576466925468,0.23119079147980548,992.0,0.512125700013712,baseline_progress
Random,992,993.0,0.23119079147980548,-5.2399475296671305,0.23119079147980548,993.0,0.5126553999725729,baseline_progress
Random,993,994.0,0.23119079147980548,-6.8999539736287385,0.23119079147980548,994.0,0.5131801000097767,baseline_progress
Random,994,995.0,0.23119079147980548,-3.325965190341048,0.23119079147980548,995.0,0.5136592999915592,baseline_progress
Random,995,996.0,0.23119079147980548,-4.382829552706335,0.23119079147980548,996.0,0.514163899992127,baseline_progress
Random,996,997.0,0.23119079147980548,-1.515883581861381,0.23119079147980548,997.0,0.5146424999693409,baseline_progress
Random,997,998.0,0.23119079147980548,-6.026858703824268,0.23119079147980548,998.0,0.515085100021679,baseline_progress
Random,998,999.0,0.23119079147980548,-5.110279038202956,0.23119079147980548,999.0,0.5155390999861993,baseline_progress
Random,999,1000.0,0.23119079147980548,-8.475617284141103,0.23119079147980548,1000.0,0.5159737999783829,baseline_progress
Random,1000,1001.0,0.23119079147980548,-3.433967284330033,0.23119079147980548,1001.0,0.516409499978181,baseline_progress
Random,1001,1002.0,0.23119079147980548,-3.6237004592231576,0.23119079147980548,1002.0,0.5168504000175744,baseline_progress
Random,1002,1003.0,0.23119079147980548,-2.417826872654507,0.23119079147980548,1003.0,0.5172959999763407,baseline_progress
Random,1003,1004.0,0.23119079147980548,-3.0700731130405066,0.23119079147980548,1004.0,0.5177248999825679,baseline_progress
Random,1004,1005.0,0.23119079147980548,-8.45444577796555,0.23119079147980548,1005.0,0.5181492000119761,baseline_progress
Random,1005,1006.0,0.23119079147980548,-5.88925621621577,0.23119079147980548,1006.0,0.5185997000080533,baseline_progress
Random,1006,1007.0,0.23119079147980548,-4.717910019641804,0.23119079147980548,1007.0,0.5190364000154659,baseline_progress
Random,1007,1008.0,0.23119079147980548,-8.824491544400303,0.23119079147980548,1008.0,0.5194846999947913,baseline_progress
Random,1008,1009.0,0.23119079147980548,-8.305717661045861,0.23119079147980548,1009.0,0.5199192999862134,baseline_progress
Random,1009,1010.0,0.23119079147980548,-6.0104177611703165,0.23119079147980548,1010.0,0.5203442000201903,baseline_progress
Random,1010,1011.0,0.23119079147980548,-5.986922565639072,0.23119079147980548,1011.0,0.5207815999747254,baseline_progress
Random,1011,1012.0,0.23119079147980548,-7.379837123687032,0.23119079147980548,1012.0,0.5212368000065908,baseline_progress
Random,1012,1013.0,0.23119079147980548,-1.7519069871584332,0.23119079147980548,1013.0,0.5216715999995358,baseline_progress
Random,1013,1014.0,0.23119079147980548,-9.622692585419383,0.23119079147980548,1014.0,0.5221007000072859,baseline_progress
Random,1014,1015.0,0.23119079147980548,-7.376839057492434,0.23119079147980548,1015.0,0.5225262999883853,baseline_progress
Random,1015,1016.0,0.23119079147980548,-2.0024376671760056,0.23119079147980548,1016.0,0.5230300999828614,baseline_progress
Random,1016,1017.0,0.23119079147980548,-5.746261236737026,0.23119079147980548,1017.0,0.5235059999977238,baseline_progress
Random,1017,1018.0,0.23119079147980548,-6.892155850352754,0.23119079147980548,1018.0,0.5239633999881335,baseline_progress
Random,1018,1019.0,0.23119079147980548,-5.929981125912376,0.23119079147980548,1019.0,0.5243953000172041,baseline_progress
Random,1019,1020.0,0.23119079147980548,-6.761243658653516,0.23119079147980548,1020.0,0.5248442000010982,baseline_progress
Random,1020,1021.0,0.23119079147980548,-5.991197319571711,0.23119079147980548,1021.0,0.5252751999651082,baseline_progress
Random,1021,1022.0,0.23119079147980548,-6.842111415848973,0.23119079147980548,1022.0,0.5257006000028923,baseline_progress
Random,1022,1023.0,0.23119079147980548,-2.96326297534777,0.23119079147980548,1023.0,0.5261241999687627,baseline_progress
Random,1023,1024.0,0.23119079147980548,-4.171793805375129,0.23119079147980548,1024.0,0.5265808000112884,baseline_progress
Random,1024,1025.0,0.23119079147980548,-4.120594374395729,0.23119079147980548,1025.0,0.5270390000077896,baseline_progress
Random,1025,1026.0,0.23119079147980548,-5.3135065063871725,0.23119079147980548,1026.0,0.527502299984917,baseline_progress
Random,1026,1027.0,0.23119079147980548,-2.274805334908859,0.23119079147980548,1027.0,0.527948800008744,baseline_progress
Random,1027,1028.0,0.23119079147980548,-3.0755553411456793,0.23119079147980548,1028.0,0.5283816999872215,baseline_progress
Random,1028,1029.0,0.23119079147980548,-2.415825070786714,0.23119079147980548,1029.0,0.5288198000052944,baseline_progress
Random,1029,1030.0,0.23119079147980548,-4.781633504280173,0.23119079147980548,1030.0,0.5292667999747209,baseline_progress
Random,1030,1031.0,0.23119079147980548,-5.431227301273143,0.23119079147980548,1031.0,0.529772799985949,baseline_progress
Random,1031,1032.0,0.23119079147980548,-4.40527920097445,0.23119079147980548,1032.0,0.5302465999848209,baseline_progress
Random,1032,1033.0,0.23119079147980548,-7.794413957988642,0.23119079147980548,1033.0,0.5306999000022188,baseline_progress
Random,1033,1034.0,0.23119079147980548,-5.6125717820402246,0.23119079147980548,1034.0,0.5311618999694474,baseline_progress
Random,1034,1035.0,0.23119079147980548,-6.120645436673815,0.23119079147980548,1035.0,0.5316013999981806,baseline_progress
Random,1035,1036.0,0.23119079147980548,-8.799860983675906,0.23119079147980548,1036.0,0.5320345999789424,baseline_progress
Random,1036,1037.0,0.23119079147980548,-8.598475817590023,0.23119079147980548,1037.0,0.5324791999883018,baseline_progress
Random,1037,1038.0,0.23119079147980548,-8.367346652391872,0.23119079147980548,1038.0,0.5329139999812469,baseline_progress
Random,1038,1039.0,0.23119079147980548,-5.022731995758372,0.23119079147980548,1039.0,0.5333411999745294,baseline_progress
Random,1039,1040.0,0.23119079147980548,-6.643826754283713,0.23119079147980548,1040.0,0.533781000005547,baseline_progress
Random,1040,1041.0,0.23119079147980548,-4.881996807687646,0.23119079147980548,1041.0,0.5342089000041597,baseline_progress
Random,1041,1042.0,0.23119079147980548,-6.525583784535784,0.23119079147980548,1042.0,0.5346529000089504,baseline_progress
Random,1042,1043.0,0.23119079147980548,-8.318951639962586,0.23119079147980548,1043.0,0.535081000009086,baseline_progress
Random,1043,1044.0,0.23119079147980548,-5.967149448382114,0.23119079147980548,1044.0,0.5355195999727584,baseline_progress
Random,1044,1045.0,0.23119079147980548,-4.6560311067948925,0.23119079147980548,1045.0,0.5359479999751784,baseline_progress
Random,1045,1046.0,0.23119079147980548,-7.352385364426505,0.23119079147980548,1046.0,0.5363838999764994,baseline_progress
Random,1046,1047.0,0.23119079147980548,-5.35228367637726,0.23119079147980548,1047.0,0.5368118999758735,baseline_progress
Random,1047,1048.0,0.23119079147980548,-7.1495969283352645,0.23119079147980548,1048.0,0.5372770999674685,baseline_progress
Random,1048,1049.0,0.23119079147980548,-1.7071659187056767,0.23119079147980548,1049.0,0.5379721000208519,baseline_progress
Random,1049,1050.0,0.23119079147980548,-4.857404422532338,0.23119079147980548,1050.0,0.5384561999817379,baseline_progress
Random,1050,1051.0,0.23119079147980548,-10.100350499779882,0.23119079147980548,1051.0,0.5388901999685913,baseline_progress
Random,1051,1052.0,0.23119079147980548,-8.293280083385802,0.23119079147980548,1052.0,0.5393487999681383,baseline_progress
Random,1052,1053.0,0.23119079147980548,-8.001094873771386,0.23119079147980548,1053.0,0.5397793999873102,baseline_progress
Random,1053,1054.0,0.23119079147980548,-3.254084460053986,0.23119079147980548,1054.0,0.5402138999779709,baseline_progress
Random,1054,1055.0,0.23119079147980548,-4.997163762322711,0.23119079147980548,1055.0,0.540649599977769,baseline_progress
Random,1055,1056.0,0.23119079147980548,-6.038373505564556,0.23119079147980548,1056.0,0.5410755000193603,baseline_progress
Random,1056,1057.0,0.23119079147980548,-8.752107475543113,0.23119079147980548,1057.0,0.5415118999662809,baseline_progress
Random,1057,1058.0,0.23119079147980548,-5.0130165707988255,0.23119079147980548,1058.0,0.5419412999763153,baseline_progress
Random,1058,1059.0,0.23119079147980548,-6.110282803838668,0.23119079147980548,1059.0,0.5423665000125766,baseline_progress
Random,1059,1060.0,0.23119079147980548,-6.626728014724921,0.23119079147980548,1060.0,0.5427909999853,baseline_progress
Random,1060,1061.0,0.23119079147980548,-8.865826415916105,0.23119079147980548,1061.0,0.5435845999745652,baseline_progress
Random,1061,1062.0,0.23119079147980548,-8.078005737612216,0.23119079147980548,1062.0,0.5442391000105999,baseline_progress
Random,1062,1063.0,0.23119079147980548,-6.114508072667119,0.23119079147980548,1063.0,0.5447850999771617,baseline_progress
Random,1063,1064.0,0.23119079147980548,0.21258015711232536,0.23119079147980548,1064.0,0.5452302999910899,baseline_progress
Random,1064,1065.0,0.23119079147980548,-5.045714418707721,0.23119079147980548,1065.0,0.5456976999994367,baseline_progress
Random,1065,1066.0,0.23119079147980548,-7.437174236834263,0.23119079147980548,1066.0,0.5462120000156574,baseline_progress
Random,1066,1067.0,0.23119079147980548,-5.275423214742046,0.23119079147980548,1067.0,0.5466523999930359,baseline_progress
Random,1067,1068.0,0.23119079147980548,-7.84731394401949,0.23119079147980548,1068.0,0.5471278000040911,baseline_progress
Random,1068,1069.0,0.23119079147980548,-1.6966031687297178,0.23119079147980548,1069.0,0.5475777999963611,baseline_progress
Random,1069,1070.0,0.23119079147980548,-9.262310520389638,0.23119079147980548,1070.0,0.5480568999773823,baseline_progress
Random,1070,1071.0,0.23119079147980548,-4.271851317067756,0.23119079147980548,1071.0,0.5485293999663554,baseline_progress
Random,1071,1072.0,0.23119079147980548,-7.374049322806616,0.23119079147980548,1072.0,0.5490192999714054,baseline_progress
Random,1072,1073.0,0.23119079147980548,-2.3590830076831883,0.23119079147980548,1073.0,0.549620000005234,baseline_progress
Random,1073,1074.0,0.23119079147980548,-5.235699319048536,0.23119079147980548,1074.0,0.5501903999829665,baseline_progress
Random,1074,1075.0,0.23119079147980548,-8.20276795242184,0.23119079147980548,1075.0,0.5507546999724582,baseline_progress
Random,1075,1076.0,0.23119079147980548,-7.5705998343230805,0.23119079147980548,1076.0,0.5512237999937497,baseline_progress
Random,1076,1077.0,0.23119079147980548,-7.502099467519134,0.23119079147980548,1077.0,0.5517096999683417,baseline_progress
Random,1077,1078.0,0.23119079147980548,-5.593319705523259,0.23119079147980548,1078.0,0.5521605999674648,baseline_progress
Random,1078,1079.0,0.23119079147980548,-6.241332017427462,0.23119079147980548,1079.0,0.552600099996198,baseline_progress
Random,1079,1080.0,0.23119079147980548,-10.741911935386046,0.23119079147980548,1080.0,0.5533005999750458,baseline_progress
Random,1080,1081.0,0.23119079147980548,-8.457264195655547,0.23119079147980548,1081.0,0.5538093000068329,baseline_progress
Random,1081,1082.0,0.23119079147980548,-3.541533211092773,0.23119079147980548,1082.0,0.5542577999876812,baseline_progress
Random,1082,1083.0,0.23119079147980548,-4.57750727425649,0.23119079147980548,1083.0,0.554746099980548,baseline_progress
Random,1083,1084.0,0.23119079147980548,-4.667009938822465,0.23119079147980548,1084.0,0.5551882999716327,baseline_progress
Random,1084,1085.0,0.23119079147980548,-4.860189905371438,0.23119079147980548,1085.0,0.5556265999912284,baseline_progress
Random,1085,1086.0,0.23119079147980548,-4.399198767189032,0.23119079147980548,1086.0,0.5560697999899276,baseline_progress
Random,1086,1087.0,0.23119079147980548,-4.21425596439461,0.23119079147980548,1087.0,0.5565128999878652,baseline_progress
Random,1087,1088.0,0.23119079147980548,-5.71762466828525,0.23119079147980548,1088.0,0.5569701999775134,baseline_progress
Random,1088,1089.0,0.23119079147980548,-5.046065685517429,0.23119079147980548,1089.0,0.5574730999651365,baseline_progress
Random,1089,1090.0,0.23119079147980548,-2.948384438211547,0.23119079147980548,1090.0,0.5579068000079133,baseline_progress
Random,1090,1091.0,0.23119079147980548,-7.601047870053043,0.23119079147980548,1091.0,0.5583430000115186,baseline_progress
Random,1091,1092.0,0.23119079147980548,-5.510484256700545,0.23119079147980548,1092.0,0.5587842999957502,baseline_progress
Random,1092,1093.0,0.23119079147980548,-9.284634022611542,0.23119079147980548,1093.0,0.5592223000130616,baseline_progress
Random,1093,1094.0,0.23119079147980548,-8.999161857771941,0.23119079147980548,1094.0,0.559857300017029,baseline_progress
Random,1094,1095.0,0.23119079147980548,-10.324660087352976,0.23119079147980548,1095.0,0.5605012999731116,baseline_progress
Random,1095,1096.0,0.23119079147980548,-2.9939589389339174,0.23119079147980548,1096.0,0.561003000009805,baseline_progress
Random,1096,1097.0,0.23119079147980548,-3.137983026261389,0.23119079147980548,1097.0,0.5615097999689169,baseline_progress
Random,1097,1098.0,0.23119079147980548,-6.948149634800268,0.23119079147980548,1098.0,0.5619889000081457,baseline_progress
Random,1098,1099.0,0.23119079147980548,-2.740604093020316,0.23119079147980548,1099.0,0.5625082000042312,baseline_progress
Random,1099,1100.0,0.23119079147980548,-3.122655244646168,0.23119079147980548,1100.0,0.5630218000151217,baseline_progress
Random,1100,1101.0,0.23119079147980548,-5.401330643212148,0.23119079147980548,1101.0,0.5635265000164509,baseline_progress
Random,1101,1102.0,0.23119079147980548,-2.3070963787466034,0.23119079147980548,1102.0,0.5640023999731056,baseline_progress
Random,1102,1103.0,0.23119079147980548,-3.5856994845517782,0.23119079147980548,1103.0,0.5645076999790035,baseline_progress
Random,1103,1104.0,0.23119079147980548,-3.8866503063956195,0.23119079147980548,1104.0,0.5649744999827817,baseline_progress
Random,1104,1105.0,0.23119079147980548,-5.810053959748981,0.23119079147980548,1105.0,0.5654118999955244,baseline_progress
Random,1105,1106.0,0.23119079147980548,-4.189800928596089,0.23119079147980548,1106.0,0.5658472999930382,baseline_progress
Random,1106,1107.0,0.23119079147980548,-3.7046737681038775,0.23119079147980548,1107.0,0.566281599982176,baseline_progress
Random,1107,1108.0,0.23119079147980548,-0.37217576957032783,0.23119079147980548,1108.0,0.5667228999664076,baseline_progress
Random,1108,1109.0,0.23119079147980548,-2.6767626502450153,0.23119079147980548,1109.0,0.5671540999901481,baseline_progress
Random,1109,1110.0,0.23119079147980548,-7.140852808991472,0.23119079147980548,1110.0,0.567590199992992,baseline_progress
Random,1110,1111.0,0.23119079147980548,-2.0205534308120154,0.23119079147980548,1111.0,0.568021500017494,baseline_progress
Random,1111,1112.0,0.23119079147980548,-0.8389971663210067,0.23119079147980548,1112.0,0.5686695000040345,baseline_progress
Random,1112,1113.0,0.23119079147980548,-6.034078936720848,0.23119079147980548,1113.0,0.5691579999984242,baseline_progress
Random,1113,1114.0,0.23119079147980548,-6.890483205048858,0.23119079147980548,1114.0,0.5696517999749631,baseline_progress
Random,1114,1115.0,0.23119079147980548,-8.51126866891141,0.23119079147980548,1115.0,0.5701016999664716,baseline_progress
Random,1115,1116.0,0.23119079147980548,-6.907675513674473,0.23119079147980548,1116.0,0.5705926999798976,baseline_progress
Random,1116,1117.0,0.23119079147980548,-8.261386732134495,0.23119079147980548,1117.0,0.5711104000220075,baseline_progress
Random,1117,1118.0,0.23119079147980548,-10.224026724639755,0.23119079147980548,1118.0,0.5715854999725707,baseline_progress
Random,1118,1119.0,0.23119079147980548,-5.190519663189514,0.23119079147980548,1119.0,0.5720503000193276,baseline_progress
Random,1119,1120.0,0.23119079147980548,-6.407061597240424,0.23119079147980548,1120.0,0.5725161000154912,baseline_progress
Random,1120,1121.0,0.23119079147980548,-3.1777934482946737,0.23119079147980548,1121.0,0.5729659000062384,baseline_progress
Random,1121,1122.0,0.23119079147980548,-6.353071670664146,0.23119079147980548,1122.0,0.5733954000170343,baseline_progress
Random,1122,1123.0,0.23119079147980548,-8.336570024682517,0.23119079147980548,1123.0,0.5738209999981336,baseline_progress
Random,1123,1124.0,0.23119079147980548,-3.382976002440305,0.23119079147980548,1124.0,0.5742635999922641,baseline_progress
Random,1124,1125.0,0.23119079147980548,-6.823554578481761,0.23119079147980548,1125.0,0.5746917999931611,baseline_progress
Random,1125,1126.0,0.23119079147980548,-5.523876543489972,0.23119079147980548,1126.0,0.5751146000111476,baseline_progress
Random,1126,1127.0,0.23119079147980548,-1.2620443881188548,0.23119079147980548,1127.0,0.5755423000082374,baseline_progress
Random,1127,1128.0,0.23119079147980548,-7.3423422727732985,0.23119079147980548,1128.0,0.5759645000216551,baseline_progress
Random,1128,1129.0,0.23119079147980548,-7.791476246279132,0.23119079147980548,1129.0,0.5764149000169709,baseline_progress
Random,1129,1130.0,0.23119079147980548,-3.3430026406566515,0.23119079147980548,1130.0,0.5768518999684602,baseline_progress
Random,1130,1131.0,0.23119079147980548,-7.848217576139938,0.23119079147980548,1131.0,0.577277900010813,baseline_progress
Random,1131,1132.0,0.23119079147980548,-2.2111968229605283,0.23119079147980548,1132.0,0.5777021999820136,baseline_progress
Random,1132,1133.0,0.23119079147980548,-9.352273285394993,0.23119079147980548,1133.0,0.5781352000194602,baseline_progress
Random,1133,1134.0,0.23119079147980548,-3.747480911982844,0.23119079147980548,1134.0,0.5787294000037946,baseline_progress
Random,1134,1135.0,0.23119079147980548,-3.4438377633840602,0.23119079147980548,1135.0,0.5792307999799959,baseline_progress
Random,1135,1136.0,0.23119079147980548,-1.4686732000723035,0.23119079147980548,1136.0,0.5797408000216819,baseline_progress
Random,1136,1137.0,0.23119079147980548,-5.4371151226961665,0.23119079147980548,1137.0,0.5802441000123508,baseline_progress
Random,1137,1138.0,0.23119079147980548,-9.61805629348057,0.23119079147980548,1138.0,0.5807575000217184,baseline_progress
Random,1138,1139.0,0.23119079147980548,-6.701131105694808,0.23119079147980548,1139.0,0.5813242999720387,baseline_progress
Random,1139,1140.0,0.23119079147980548,-7.8102921944697785,0.23119079147980548,1140.0,0.5818294999771751,baseline_progress
Random,1140,1141.0,0.23119079147980548,-6.612380622281562,0.23119079147980548,1141.0,0.5823184999753721,baseline_progress
Random,1141,1142.0,0.23119079147980548,-3.465590173470292,0.23119079147980548,1142.0,0.582861699978821,baseline_progress
Random,1142,1143.0,0.23119079147980548,-3.675137435520365,0.23119079147980548,1143.0,0.5835001000086777,baseline_progress
Random,1143,1144.0,0.23119079147980548,-2.5176683164797224,0.23119079147980548,1144.0,0.5841467999853194,baseline_progress
Random,1144,1145.0,0.23119079147980548,-5.310980931571519,0.23119079147980548,1145.0,0.5846415999694727,baseline_progress
Random,1145,1146.0,0.23119079147980548,-3.315829185066552,0.23119079147980548,1146.0,0.5851165999774821,baseline_progress
Random,1146,1147.0,0.23119079147980548,-4.774932656723133,0.23119079147980548,1147.0,0.5856049999711104,baseline_progress
Random,1147,1148.0,0.23119079147980548,-4.874007416361806,0.23119079147980548,1148.0,0.5860847000149079,baseline_progress
Random,1148,1149.0,0.23119079147980548,-5.581242187313457,0.23119079147980548,1149.0,0.586598799971398,baseline_progress
Random,1149,1150.0,0.23119079147980548,-2.1998043561916356,0.23119079147980548,1150.0,0.5870920000015758,baseline_progress
Random,1150,1151.0,0.23119079147980548,-4.935295215610875,0.23119079147980548,1151.0,0.5876069000223652,baseline_progress
Random,1151,1152.0,0.23119079147980548,-5.063041839145786,0.23119079147980548,1152.0,0.5881523999851197,baseline_progress
Random,1152,1153.0,0.23119079147980548,-0.6336307342107221,0.23119079147980548,1153.0,0.5886386000202037,baseline_progress
Random,1153,1154.0,0.23119079147980548,-5.906816261947991,0.23119079147980548,1154.0,0.5891321999952197,baseline_progress
Random,1154,1155.0,0.23119079147980548,-7.525471070809969,0.23119079147980548,1155.0,0.5896016000187956,baseline_progress
Random,1155,1156.0,0.23119079147980548,-5.03658164981835,0.23119079147980548,1156.0,0.5900439000106417,baseline_progress
Random,1156,1157.0,0.23119079147980548,-6.588355356389829,0.23119079147980548,1157.0,0.5904939000029117,baseline_progress
Random,1157,1158.0,0.23119079147980548,-2.4079493438282373,0.23119079147980548,1158.0,0.5909714999725111,baseline_progress
Random,1158,1159.0,0.23119079147980548,-4.640801224494395,0.23119079147980548,1159.0,0.5914389999816194,baseline_progress
Random,1159,1160.0,0.23119079147980548,-1.0202148831537587,0.23119079147980548,1160.0,0.5919006000040099,baseline_progress
Random,1160,1161.0,0.23119079147980548,-4.539050933451689,0.23119079147980548,1161.0,0.5923521000077017,baseline_progress
Random,1161,1162.0,0.23119079147980548,-2.017052179664712,0.23119079147980548,1162.0,0.5928019999992102,baseline_progress
Random,1162,1163.0,0.23119079147980548,-3.3475582112596807,0.23119079147980548,1163.0,0.5934426999883726,baseline_progress
Random,1163,1164.0,0.23119079147980548,-5.683530661073313,0.23119079147980548,1164.0,0.5941756999818608,baseline_progress
Random,1164,1165.0,0.23119079147980548,-6.60739310606121,0.23119079147980548,1165.0,0.5947784999734722,baseline_progress
Random,1165,1166.0,0.23119079147980548,-7.208747417529215,0.23119079147980548,1166.0,0.5952833999763243,baseline_progress
Random,1166,1167.0,0.23119079147980548,-2.9206572908935033,0.23119079147980548,1167.0,0.5957559999660589,baseline_progress
Random,1167,1168.0,0.23119079147980548,-3.7488680428575427,0.23119079147980548,1168.0,0.5962099999887869,baseline_progress
Random,1168,1169.0,0.23119079147980548,-9.191912910178372,0.23119079147980548,1169.0,0.5966468999977224,baseline_progress
Random,1169,1170.0,0.23119079147980548,-2.6384420571490557,0.23119079147980548,1170.0,0.5970943999709561,baseline_progress
Random,1170,1171.0,0.23119079147980548,-5.5399641864001605,0.23119079147980548,1171.0,0.5975458999746479,baseline_progress
Random,1171,1172.0,0.23119079147980548,-1.6634439124652878,0.23119079147980548,1172.0,0.5980227999971248,baseline_progress
Random,1172,1173.0,0.23119079147980548,-3.5418802994201775,0.23119079147980548,1173.0,0.5984772999654524,baseline_progress
Random,1173,1174.0,0.23119079147980548,-3.3162071738053847,0.23119079147980548,1174.0,0.5990729000186548,baseline_progress
Random,1174,1175.0,0.23119079147980548,-9.518506355383144,0.23119079147980548,1175.0,0.5999142000218853,baseline_progress
Random,1175,1176.0,0.23119079147980548,-4.0152964144443155,0.23119079147980548,1176.0,0.6006905999965966,baseline_progress
Random,1176,1177.0,0.23119079147980548,-4.827194328133074,0.23119079147980548,1177.0,0.6011582000064664,baseline_progress
Random,1177,1178.0,0.23119079147980548,-11.18684030991621,0.23119079147980548,1178.0,0.601603300019633,baseline_progress
Random,1178,1179.0,0.23119079147980548,-6.834614094118149,0.23119079147980548,1179.0,0.6020350999897346,baseline_progress
Random,1179,1180.0,0.23119079147980548,-7.449637481543264,0.23119079147980548,1180.0,0.6024683999712579,baseline_progress
Random,1180,1181.0,0.23119079147980548,-8.569815063051912,0.23119079147980548,1181.0,0.6029082000022754,baseline_progress
Random,1181,1182.0,0.36649410850789055,0.36649410850789055,0.36649410850789055,1182.0,0.6033504999941215,baseline_progress
Random,1182,1183.0,0.36649410850789055,-5.849403135847402,0.36649410850789055,1183.0,0.6037777999881655,baseline_progress
Random,1183,1184.0,0.36649410850789055,-5.691620692743184,0.36649410850789055,1184.0,0.6042062999913469,baseline_progress
Random,1184,1185.0,0.36649410850789055,-4.626781997083061,0.36649410850789055,1185.0,0.6046391999698244,baseline_progress
Random,1185,1186.0,0.36649410850789055,-4.888371449677249,0.36649410850789055,1186.0,0.6050697999889962,baseline_progress
Random,1186,1187.0,0.36649410850789055,-9.36298761852646,0.36649410850789055,1187.0,0.6054946999647655,baseline_progress
Random,1187,1188.0,0.36649410850789055,-5.504644891038996,0.36649410850789055,1188.0,0.605918199988082,baseline_progress
Random,1188,1189.0,0.36649410850789055,-6.57151927291038,0.36649410850789055,1189.0,0.6063418000121601,baseline_progress
Random,1189,1190.0,0.36649410850789055,-4.628026350094814,0.36649410850789055,1190.0,0.6067741999868304,baseline_progress
Random,1190,1191.0,0.36649410850789055,-0.6052694482989947,0.36649410850789055,1191.0,0.6072036999976262,baseline_progress
Random,1191,1192.0,0.36649410850789055,-9.633929800127525,0.36649410850789055,1192.0,0.6076271000201814,baseline_progress
Random,1192,1193.0,0.36649410850789055,-7.509783898825864,0.36649410850789055,1193.0,0.6080503999837674,baseline_progress
Random,1193,1194.0,0.36649410850789055,-5.3237677813563895,0.36649410850789055,1194.0,0.6084756000200287,baseline_progress
Random,1194,1195.0,0.36649410850789055,-7.612699481775978,0.36649410850789055,1195.0,0.6089177000103518,baseline_progress
Random,1195,1196.0,0.36649410850789055,-2.9062734879199885,0.36649410850789055,1196.0,0.6093488999758847,baseline_progress
Random,1196,1197.0,0.36649410850789055,-5.362802045273716,0.36649410850789055,1197.0,0.6100554000004195,baseline_progress
Random,1197,1198.0,0.36649410850789055,-2.629139164427881,0.36649410850789055,1198.0,0.6107125999988057,baseline_progress
Random,1198,1199.0,0.36649410850789055,-0.7551330879965943,0.36649410850789055,1199.0,0.6113312999950722,baseline_progress
Random,1199,1200.0,0.36649410850789055,-4.503294080481126,0.36649410850789055,1200.0,0.612053599965293,baseline_progress
Random,1200,1201.0,0.36649410850789055,-6.878640448669213,0.36649410850789055,1201.0,0.6125326000037603,baseline_progress
Random,1201,1202.0,0.36649410850789055,-6.480430826956401,0.36649410850789055,1202.0,0.6130061000003479,baseline_progress
Random,1202,1203.0,0.36649410850789055,-4.458611678476502,0.36649410850789055,1203.0,0.6134992999723181,baseline_progress
Random,1203,1204.0,0.36649410850789055,-4.067850068704821,0.36649410850789055,1204.0,0.6139450999908149,baseline_progress
Random,1204,1205.0,0.36649410850789055,-2.4164850843194894,0.36649410850789055,1205.0,0.6146257999935187,baseline_progress
Random,1205,1206.0,0.36649410850789055,-8.278120160197453,0.36649410850789055,1206.0,0.6151634000125341,baseline_progress
Random,1206,1207.0,0.36649410850789055,-1.781288642997295,0.36649410850789055,1207.0,0.6156427999958396,baseline_progress
Random,1207,1208.0,0.36649410850789055,-6.438105137840996,0.36649410850789055,1208.0,0.6161497000139207,baseline_progress
Random,1208,1209.0,0.36649410850789055,-7.462053930105517,0.36649410850789055,1209.0,0.6166042999830097,baseline_progress
Random,1209,1210.0,0.36649410850789055,-9.160564859907376,0.36649410850789055,1210.0,0.6170559999882244,baseline_progress
Random,1210,1211.0,0.36649410850789055,-4.465747881279356,0.36649410850789055,1211.0,0.6175689999945462,baseline_progress
Random,1211,1212.0,0.36649410850789055,-3.8461165814434946,0.36649410850789055,1212.0,0.6182883000001311,baseline_progress
Random,1212,1213.0,0.36649410850789055,-0.6108275005296986,0.36649410850789055,1213.0,0.6187788000097498,baseline_progress
Random,1213,1214.0,0.36649410850789055,-3.156870663502644,0.36649410850789055,1214.0,0.6192884999909438,baseline_progress
Random,1214,1215.0,0.36649410850789055,-7.496314931401402,0.36649410850789055,1215.0,0.6197765999822877,baseline_progress
Random,1215,1216.0,0.36649410850789055,-5.363019458974508,0.36649410850789055,1216.0,0.6202114999759942,baseline_progress
Random,1216,1217.0,0.36649410850789055,-7.4480404858945395,0.36649410850789055,1217.0,0.6206708999816328,baseline_progress
Random,1217,1218.0,0.36649410850789055,-6.3292723169363985,0.36649410850789055,1218.0,0.6211116000195034,baseline_progress
Random,1218,1219.0,0.36649410850789055,-5.630897403474586,0.36649410850789055,1219.0,0.6215477999649011,baseline_progress
Random,1219,1220.0,0.36649410850789055,-5.986965871113841,0.36649410850789055,1220.0,0.622006599965971,baseline_progress
Random,1220,1221.0,0.36649410850789055,-6.659744645080439,0.36649410850789055,1221.0,0.622455800010357,baseline_progress
Random,1221,1222.0,0.36649410850789055,-3.7961553030132404,0.36649410850789055,1222.0,0.6229306000168435,baseline_progress
Random,1222,1223.0,0.36649410850789055,-6.838164206879247,0.36649410850789055,1223.0,0.6234085999894887,baseline_progress
Random,1223,1224.0,0.36649410850789055,-3.903720914353306,0.36649410850789055,1224.0,0.6239418999757618,baseline_progress
Random,1224,1225.0,0.36649410850789055,-7.201282054303446,0.36649410850789055,1225.0,0.6244257999933325,baseline_progress
Random,1225,1226.0,0.36649410850789055,-4.253357355080319,0.36649410850789055,1226.0,0.624897499976214,baseline_progress
Random,1226,1227.0,0.36649410850789055,-6.519080764497339,0.36649410850789055,1227.0,0.6253532000118867,baseline_progress
Random,1227,1228.0,0.36649410850789055,-5.78309198861079,0.36649410850789055,1228.0,0.625810099998489,baseline_progress
Random,1228,1229.0,0.36649410850789055,-7.228297914050417,0.36649410850789055,1229.0,0.6263151000021026,baseline_progress
Random,1229,1230.0,0.36649410850789055,-6.996066786154504,0.36649410850789055,1230.0,0.6269600999657996,baseline_progress
Random,1230,1231.0,0.36649410850789055,-6.421845632131541,0.36649410850789055,1231.0,0.6275041999761015,baseline_progress
Random,1231,1232.0,0.36649410850789055,-11.238726746161433,0.36649410850789055,1232.0,0.628080399997998,baseline_progress
Random,1232,1233.0,0.36649410850789055,-5.46772739472282,0.36649410850789055,1233.0,0.6285776000004262,baseline_progress
Random,1233,1234.0,0.36649410850789055,-3.4154125996086866,0.36649410850789055,1234.0,0.6290935999713838,baseline_progress
Random,1234,1235.0,0.36649410850789055,-6.652672563744711,0.36649410850789055,1235.0,0.6297183000133373,baseline_progress
Random,1235,1236.0,0.36649410850789055,-3.515401750721475,0.36649410850789055,1236.0,0.630367900012061,baseline_progress
Random,1236,1237.0,0.36649410850789055,-7.657313384645491,0.36649410850789055,1237.0,0.6308398999972269,baseline_progress
Random,1237,1238.0,0.36649410850789055,-4.352842216949326,0.36649410850789055,1238.0,0.6313053999911062,baseline_progress
Random,1238,1239.0,0.36649410850789055,-6.914133297957228,0.36649410850789055,1239.0,0.6317754000192508,baseline_progress
Random,1239,1240.0,0.36649410850789055,-10.524275610569898,0.36649410850789055,1240.0,0.6322351999697275,baseline_progress
Random,1240,1241.0,0.36649410850789055,-3.198020611320441,0.36649410850789055,1241.0,0.6327643999829888,baseline_progress
Random,1241,1242.0,0.36649410850789055,-6.421060325770201,0.36649410850789055,1242.0,0.6332416000077501,baseline_progress
Random,1242,1243.0,0.36649410850789055,-6.580200158034908,0.36649410850789055,1243.0,0.6337039999780245,baseline_progress
Random,1243,1244.0,0.36649410850789055,0.05310963017306625,0.36649410850789055,1244.0,0.6342015999834985,baseline_progress
Random,1244,1245.0,0.36649410850789055,-3.7440035535316487,0.36649410850789055,1245.0,0.6346792000113055,baseline_progress
Random,1245,1246.0,0.36649410850789055,-5.936494920865613,0.36649410850789055,1246.0,0.6351475999690592,baseline_progress
Random,1246,1247.0,0.36649410850789055,-8.727883957847318,0.36649410850789055,1247.0,0.6356069999746978,baseline_progress
Random,1247,1248.0,0.36649410850789055,-1.7716158097522596,0.36649410850789055,1248.0,0.6360788000165485,baseline_progress
Random,1248,1249.0,0.36649410850789055,-3.3038263094559666,0.36649410850789055,1249.0,0.6365313999704085,baseline_progress
Random,1249,1250.0,0.36649410850789055,-8.028947627001969,0.36649410850789055,1250.0,0.6369862999999896,baseline_progress
Random,1250,1251.0,0.36649410850789055,-7.398938698952441,0.36649410850789055,1251.0,0.6374477000208572,baseline_progress
Random,1251,1252.0,0.36649410850789055,-3.9668880459591818,0.36649410850789055,1252.0,0.6379317999817431,baseline_progress
Random,1252,1253.0,0.36649410850789055,-3.520403028595601,0.36649410850789055,1253.0,0.6384441999834962,baseline_progress
Random,1253,1254.0,0.36649410850789055,-6.553034804715254,0.36649410850789055,1254.0,0.6389176999800839,baseline_progress
Random,1254,1255.0,0.36649410850789055,-4.677307046042614,0.36649410850789055,1255.0,0.6394761999836192,baseline_progress
Random,1255,1256.0,0.36649410850789055,-10.251343250035326,0.36649410850789055,1256.0,0.6400543000199832,baseline_progress
Random,1256,1257.0,0.36649410850789055,-4.210568257484455,0.36649410850789055,1257.0,0.6405323999933898,baseline_progress
Random,1257,1258.0,0.36649410850789055,-5.575714007842471,0.36649410850789055,1258.0,0.6409977999865077,baseline_progress
Random,1258,1259.0,0.36649410850789055,-5.688077806251403,0.36649410850789055,1259.0,0.6414471999742091,baseline_progress
Random,1259,1260.0,0.36649410850789055,-5.121880937723193,0.36649410850789055,1260.0,0.6419239999959245,baseline_progress
Random,1260,1261.0,0.36649410850789055,-8.603512191282572,0.36649410850789055,1261.0,0.6423636999679729,baseline_progress
Random,1261,1262.0,0.36649410850789055,-13.111190729474615,0.36649410850789055,1262.0,0.6428158999769948,baseline_progress
Random,1262,1263.0,0.36649410850789055,-2.5465734062850727,0.36649410850789055,1263.0,0.6434669999871403,baseline_progress
Random,1263,1264.0,0.36649410850789055,-8.081912208476151,0.36649410850789055,1264.0,0.6442294999724254,baseline_progress
Random,1264,1265.0,0.36649410850789055,-5.981114798806723,0.36649410850789055,1265.0,0.6448270999826491,baseline_progress
Random,1265,1266.0,0.36649410850789055,-6.267526897108766,0.36649410850789055,1266.0,0.6453205000143498,baseline_progress
Random,1266,1267.0,0.36649410850789055,-3.0781143953508785,0.36649410850789055,1267.0,0.6457915999926627,baseline_progress
Random,1267,1268.0,0.36649410850789055,-5.2104100730183625,0.36649410850789055,1268.0,0.6462273999932222,baseline_progress
Random,1268,1269.0,0.36649410850789055,-5.43993599393406,0.36649410850789055,1269.0,0.6466701999888755,baseline_progress
Random,1269,1270.0,0.36649410850789055,-3.622666709831914,0.36649410850789055,1270.0,0.647125999967102,baseline_progress
Random,1270,1271.0,0.36649410850789055,-5.155318255566363,0.36649410850789055,1271.0,0.6476063000154682,baseline_progress
Random,1271,1272.0,0.36649410850789055,-9.224421076111067,0.36649410850789055,1272.0,0.6480739999678917,baseline_progress
Random,1272,1273.0,0.36649410850789055,-2.393540012096878,0.36649410850789055,1273.0,0.6485838000080548,baseline_progress
Random,1273,1274.0,0.36649410850789055,-6.084354158571998,0.36649410850789055,1274.0,0.6491266000084579,baseline_progress
Random,1274,1275.0,0.36649410850789055,-6.2284502226649066,0.36649410850789055,1275.0,0.6496631000190973,baseline_progress
Random,1275,1276.0,0.36649410850789055,-5.1780437037557245,0.36649410850789055,1276.0,0.6501979000167921,baseline_progress
Random,1276,1277.0,0.36649410850789055,-4.1203097438998455,0.36649410850789055,1277.0,0.6507195999729447,baseline_progress
Random,1277,1278.0,0.36649410850789055,-4.889459336634795,0.36649410850789055,1278.0,0.6511931999702938,baseline_progress
Random,1278,1279.0,0.36649410850789055,-4.6588371544065135,0.36649410850789055,1279.0,0.6516386999865063,baseline_progress
Random,1279,1280.0,0.36649410850789055,-5.756446093498582,0.36649410850789055,1280.0,0.6520939000183716,baseline_progress
Random,1280,1281.0,0.36649410850789055,-5.687241954674285,0.36649410850789055,1281.0,0.6525344999972731,baseline_progress
Random,1281,1282.0,0.36649410850789055,-5.840416108881136,0.36649410850789055,1282.0,0.6529854999971576,baseline_progress
Random,1282,1283.0,0.36649410850789055,-6.240054491606024,0.36649410850789055,1283.0,0.6534347999840975,baseline_progress
Random,1283,1284.0,0.36649410850789055,-5.229976196046373,0.36649410850789055,1284.0,0.6538683999679051,baseline_progress
Random,1284,1285.0,0.36649410850789055,-9.101979691969515,0.36649410850789055,1285.0,0.6543222999898717,baseline_progress
Random,1285,1286.0,0.36649410850789055,-7.179591830456184,0.36649410850789055,1286.0,0.6547708999714814,baseline_progress
Random,1286,1287.0,0.36649410850789055,-4.1026285813982835,0.36649410850789055,1287.0,0.655209599994123,baseline_progress
Random,1287,1288.0,0.36649410850789055,-7.332608787479631,0.36649410850789055,1288.0,0.6556474000099115,baseline_progress
Random,1288,1289.0,0.36649410850789055,-7.294778959621477,0.36649410850789055,1289.0,0.656085999973584,baseline_progress
Random,1289,1290.0,0.36649410850789055,-5.034420389351453,0.36649410850789055,1290.0,0.6565112000098452,baseline_progress
Random,1290,1291.0,0.36649410850789055,-4.406474177762004,0.36649410850789055,1291.0,0.6569467000081204,baseline_progress
Random,1291,1292.0,0.36649410850789055,-6.793097501823377,0.36649410850789055,1292.0,0.6576109000016004,baseline_progress
Random,1292,1293.0,0.36649410850789055,-3.524944404293075,0.36649410850789055,1293.0,0.6580952000222169,baseline_progress
Random,1293,1294.0,0.36649410850789055,-6.718708492639395,0.36649410850789055,1294.0,0.6585403999779373,baseline_progress
Random,1294,1295.0,0.36649410850789055,-8.283936343411831,0.36649410850789055,1295.0,0.6589719000039622,baseline_progress
Random,1295,1296.0,0.36649410850789055,-6.451228291007628,0.36649410850789055,1296.0,0.6599564999924041,baseline_progress
Random,1296,1297.0,0.36649410850789055,-8.804760222319773,0.36649410850789055,1297.0,0.660571800020989,baseline_progress
Random,1297,1298.0,0.36649410850789055,-3.5551910741277064,0.36649410850789055,1298.0,0.6611608999664895,baseline_progress
Random,1298,1299.0,0.36649410850789055,-4.266388919868367,0.36649410850789055,1299.0,0.6617658999748528,baseline_progress
Random,1299,1300.0,0.36649410850789055,-9.911100216346794,0.36649410850789055,1300.0,0.662386099982541,baseline_progress
Random,1300,1301.0,0.36649410850789055,-6.903959120549347,0.36649410850789055,1301.0,0.6629037999664433,baseline_progress
Random,1301,1302.0,0.36649410850789055,-4.464604068324661,0.36649410850789055,1302.0,0.6635151999653317,baseline_progress
Random,1302,1303.0,0.36649410850789055,-6.000013884752649,0.36649410850789055,1303.0,0.6640227999887429,baseline_progress
Random,1303,1304.0,0.36649410850789055,-8.67549505860374,0.36649410850789055,1304.0,0.6645411999779753,baseline_progress
Random,1304,1305.0,0.36649410850789055,-5.76416286586509,0.36649410850789055,1305.0,0.6650302999769337,baseline_progress
Random,1305,1306.0,0.36649410850789055,-2.832686972429298,0.36649410850789055,1306.0,0.6655213999911211,baseline_progress
Random,1306,1307.0,0.36649410850789055,-8.780156846759933,0.36649410850789055,1307.0,0.665999999968335,baseline_progress
Random,1307,1308.0,0.36649410850789055,-5.780845549157093,0.36649410850789055,1308.0,0.6665135999792255,baseline_progress
Random,1308,1309.0,0.36649410850789055,-6.7595556964955605,0.36649410850789055,1309.0,0.6670017999713309,baseline_progress
Random,1309,1310.0,0.36649410850789055,-4.338753396159156,0.36649410850789055,1310.0,0.6675272000138648,baseline_progress
Random,1310,1311.0,0.36649410850789055,-4.635245725236684,0.36649410850789055,1311.0,0.6680263999733143,baseline_progress
Random,1311,1312.0,0.36649410850789055,-1.976980310986768,0.36649410850789055,1312.0,0.6685228999704123,baseline_progress
Random,1312,1313.0,0.36649410850789055,-1.9374231383910923,0.36649410850789055,1313.0,0.6689792000106536,baseline_progress
Random,1313,1314.0,0.36649410850789055,-4.721733880022878,0.36649410850789055,1314.0,0.6694335999782197,baseline_progress
Random,1314,1315.0,0.36649410850789055,-4.822310170660877,0.36649410850789055,1315.0,0.6698970000143163,baseline_progress
Random,1315,1316.0,0.36649410850789055,-6.7848766163177965,0.36649410850789055,1316.0,0.670328599982895,baseline_progress
Random,1316,1317.0,0.36649410850789055,-4.884460054608273,0.36649410850789055,1317.0,0.6707791999797337,baseline_progress
Random,1317,1318.0,0.36649410850789055,-4.1666259518829305,0.36649410850789055,1318.0,0.6712292999727651,baseline_progress
Random,1318,1319.0,0.36649410850789055,-2.5860849854207446,0.36649410850789055,1319.0,0.6716897999867797,baseline_progress
Random,1319,1320.0,0.36649410850789055,-6.431084662661387,0.36649410850789055,1320.0,0.6721235999721102,baseline_progress
Random,1320,1321.0,0.36649410850789055,-7.35908232331517,0.36649410850789055,1321.0,0.6725585999665782,baseline_progress
Random,1321,1322.0,0.36649410850789055,-6.745185813529531,0.36649410850789055,1322.0,0.6730026999721304,baseline_progress
Random,1322,1323.0,0.36649410850789055,-3.6815467703023215,0.36649410850789055,1323.0,0.6734428000054322,baseline_progress
Random,1323,1324.0,0.36649410850789055,-7.252536324869087,0.36649410850789055,1324.0,0.6738972999737598,baseline_progress
Random,1324,1325.0,0.36649410850789055,-2.182087505668403,0.36649410850789055,1325.0,0.674338600016199,baseline_progress
Random,1325,1326.0,0.36649410850789055,-8.73895349287785,0.36649410850789055,1326.0,0.6747751999646425,baseline_progress
Random,1326,1327.0,0.36649410850789055,-5.964814705483329,0.36649410850789055,1327.0,0.6752187999663875,baseline_progress
Random,1327,1328.0,0.36649410850789055,-3.6067528580404224,0.36649410850789055,1328.0,0.6757521000108682,baseline_progress
Random,1328,1329.0,0.36649410850789055,-3.6413175434336784,0.36649410850789055,1329.0,0.6762189000146464,baseline_progress
Random,1329,1330.0,0.36649410850789055,-1.1043902383715558,0.36649410850789055,1330.0,0.6769582999986596,baseline_progress
Random,1330,1331.0,0.36649410850789055,-1.8682189794243347,0.36649410850789055,1331.0,0.6775293999817222,baseline_progress
Random,1331,1332.0,0.36649410850789055,-5.656805503499926,0.36649410850789055,1332.0,0.6780353999929503,baseline_progress
Random,1332,1333.0,0.36649410850789055,-1.4339142746576936,0.36649410850789055,1333.0,0.678537999978289,baseline_progress
Random,1333,1334.0,0.36649410850789055,-2.8022575873400637,0.36649410850789055,1334.0,0.6790487999678589,baseline_progress
Random,1334,1335.0,0.36649410850789055,-6.141656356234392,0.36649410850789055,1335.0,0.6796207000152208,baseline_progress
Random,1335,1336.0,0.36649410850789055,-7.07838521176787,0.36649410850789055,1336.0,0.6801903999876231,baseline_progress
Random,1336,1337.0,0.36649410850789055,-8.134043401210178,0.36649410850789055,1337.0,0.6807899000123143,baseline_progress
Random,1337,1338.0,0.36649410850789055,-7.200842616512306,0.36649410850789055,1338.0,0.6813216999871656,baseline_progress
Random,1338,1339.0,0.36649410850789055,-9.718250401350065,0.36649410850789055,1339.0,0.6817834000103176,baseline_progress
Random,1339,1340.0,0.36649410850789055,-1.504085755280122,0.36649410850789055,1340.0,0.6822443999699317,baseline_progress
Random,1340,1341.0,0.36649410850789055,-9.275333831714295,0.36649410850789055,1341.0,0.6826978999888524,baseline_progress
Random,1341,1342.0,0.36649410850789055,-4.372748018263602,0.36649410850789055,1342.0,0.6831409999867901,baseline_progress
Random,1342,1343.0,0.36649410850789055,-2.271727400998229,0.36649410850789055,1343.0,0.6835787000018172,baseline_progress
Random,1343,1344.0,0.36649410850789055,-11.749277552820667,0.36649410850789055,1344.0,0.6840289999963716,baseline_progress
Random,1344,1345.0,0.36649410850789055,-7.078127739683238,0.36649410850789055,1345.0,0.6844806000008248,baseline_progress
Random,1345,1346.0,0.36649410850789055,-7.3337761439717095,0.36649410850789055,1346.0,0.6849151999922469,baseline_progress
Random,1346,1347.0,0.36649410850789055,-3.0488091779779345,0.36649410850789055,1347.0,0.6853453000076115,baseline_progress
Random,1347,1348.0,0.36649410850789055,-0.8079332391664527,0.36649410850789055,1348.0,0.6857713999925181,baseline_progress
Random,1348,1349.0,0.36649410850789055,-11.112212219988434,0.36649410850789055,1349.0,0.6862736999755725,baseline_progress
Random,1349,1350.0,0.36649410850789055,-6.035386302228827,0.36649410850789055,1350.0,0.6867177999811247,baseline_progress
Random,1350,1351.0,0.36649410850789055,-4.736893739858923,0.36649410850789055,1351.0,0.687201599997934,baseline_progress
Random,1351,1352.0,0.36649410850789055,-6.219740357019825,0.36649410850789055,1352.0,0.6876952999737114,baseline_progress
Random,1352,1353.0,0.36649410850789055,-3.813444889095659,0.36649410850789055,1353.0,0.6882303999736905,baseline_progress
Random,1353,1354.0,0.36649410850789055,-1.9026078966517987,0.36649410850789055,1354.0,0.6887348999734968,baseline_progress
Random,1354,1355.0,0.36649410850789055,-1.03634025421391,0.36649410850789055,1355.0,0.6892161999712698,baseline_progress
Random,1355,1356.0,0.36649410850789055,-2.163950182750544,0.36649410850789055,1356.0,0.6896539999870583,baseline_progress
Random,1356,1357.0,0.36649410850789055,-5.059391627627342,0.36649410850789055,1357.0,0.6900887999800034,baseline_progress
Random,1357,1358.0,0.36649410850789055,-6.194745397791121,0.36649410850789055,1358.0,0.6907270000083372,baseline_progress
Random,1358,1359.0,0.36649410850789055,-9.227050657659147,0.36649410850789055,1359.0,0.691289099981077,baseline_progress
Random,1359,1360.0,0.36649410850789055,-7.469382413741749,0.36649410850789055,1360.0,0.6917828000150621,baseline_progress
Random,1360,1361.0,0.36649410850789055,-6.076400123804376,0.36649410850789055,1361.0,0.6922655999660492,baseline_progress
Random,1361,1362.0,0.36649410850789055,-4.103237242196998,0.36649410850789055,1362.0,0.6927277999930084,baseline_progress
Random,1362,1363.0,0.36649410850789055,-5.037400262592232,0.36649410850789055,1363.0,0.6932294999714941,baseline_progress
Random,1363,1364.0,0.36649410850789055,-6.417298867291264,0.36649410850789055,1364.0,0.6938250999664888,baseline_progress
Random,1364,1365.0,0.36649410850789055,-2.713541238073958,0.36649410850789055,1365.0,0.6944692999823019,baseline_progress
Random,1365,1366.0,0.36649410850789055,-11.514462604457997,0.36649410850789055,1366.0,0.6950055999914184,baseline_progress
Random,1366,1367.0,0.36649410850789055,-6.410854575914529,0.36649410850789055,1367.0,0.6954965000040829,baseline_progress
Random,1367,1368.0,0.36649410850789055,-5.61907224858207,0.36649410850789055,1368.0,0.6961229000007734,baseline_progress
Random,1368,1369.0,0.36649410850789055,-5.742934216705036,0.36649410850789055,1369.0,0.6967555999872275,baseline_progress
Random,1369,1370.0,0.36649410850789055,-3.840745195730216,0.36649410850789055,1370.0,0.6972715000156313,baseline_progress
Random,1370,1371.0,0.36649410850789055,-5.979645138677849,0.36649410850789055,1371.0,0.6980147999711335,baseline_progress
Random,1371,1372.0,0.36649410850789055,-6.960717564210856,0.36649410850789055,1372.0,0.6985849000047892,baseline_progress
Random,1372,1373.0,0.36649410850789055,-7.405831650525822,0.36649410850789055,1373.0,0.699411700014025,baseline_progress
Random,1373,1374.0,0.36649410850789055,-8.655777683561048,0.36649410850789055,1374.0,0.6999326999648474,baseline_progress
Random,1374,1375.0,0.36649410850789055,-9.949433455594198,0.36649410850789055,1375.0,0.7004311999771744,baseline_progress
Random,1375,1376.0,0.36649410850789055,-5.488482136766727,0.36649410850789055,1376.0,0.7009074999950826,baseline_progress
Random,1376,1377.0,0.36649410850789055,-4.693134887757637,0.36649410850789055,1377.0,0.7014649999910034,baseline_progress
Random,1377,1378.0,0.36649410850789055,-7.176012324039402,0.36649410850789055,1378.0,0.7019531999831088,baseline_progress
Random,1378,1379.0,0.36649410850789055,-10.829189734388121,0.36649410850789055,1379.0,0.7024366999976337,baseline_progress
Random,1379,1380.0,0.36649410850789055,-3.4016426536822535,0.36649410850789055,1380.0,0.7028997999732383,baseline_progress
Random,1380,1381.0,0.36649410850789055,-8.266258159476994,0.36649410850789055,1381.0,0.7033843999961391,baseline_progress
Random,1381,1382.0,0.36649410850789055,-6.467377174133087,0.36649410850789055,1382.0,0.7038400999736041,baseline_progress
Random,1382,1383.0,0.36649410850789055,-6.351234846282239,0.36649410850789055,1383.0,0.7042863999959081,baseline_progress
Random,1383,1384.0,0.36649410850789055,-3.5656492324690143,0.36649410850789055,1384.0,0.7047511999844573,baseline_progress
Random,1384,1385.0,0.36649410850789055,-7.806126109491148,0.36649410850789055,1385.0,0.7052007999736816,baseline_progress
Random,1385,1386.0,0.36649410850789055,-6.746971268268899,0.36649410850789055,1386.0,0.7056780999992043,baseline_progress
Random,1386,1387.0,0.36649410850789055,-10.412815797673229,0.36649410850789055,1387.0,0.7061733999871649,baseline_progress
Random,1387,1388.0,0.36649410850789055,-4.9377220495638525,0.36649410850789055,1388.0,0.7066462999791838,baseline_progress
Random,1388,1389.0,0.36649410850789055,-9.644756412367766,0.36649410850789055,1389.0,0.7071059999871068,baseline_progress
Random,1389,1390.0,0.36649410850789055,-2.9066915656339827,0.36649410850789055,1390.0,0.7076118999975733,baseline_progress
Random,1390,1391.0,0.36649410850789055,-8.571004353033025,0.36649410850789055,1391.0,0.708094000001438,baseline_progress
Random,1391,1392.0,0.36649410850789055,-6.264266677059696,0.36649410850789055,1392.0,0.708563799969852,baseline_progress
Random,1392,1393.0,0.36649410850789055,-2.9143382880149202,0.36649410850789055,1393.0,0.70898739999393,baseline_progress
Random,1393,1394.0,0.36649410850789055,-3.4307801748910443,0.36649410850789055,1394.0,0.7094208999769762,baseline_progress
Random,1394,1395.0,0.36649410850789055,-3.8712271298769942,0.36649410850789055,1395.0,0.7098609000095166,baseline_progress
Random,1395,1396.0,0.36649410850789055,-3.806256614244998,0.36649410850789055,1396.0,0.7103186000022106,baseline_progress
Random,1396,1397.0,0.579102873135116,0.579102873135116,0.579102873135116,1397.0,0.7107785000116564,baseline_progress
Random,1397,1398.0,0.579102873135116,-5.704558867557011,0.579102873135116,1398.0,0.7112516000051983,baseline_progress
Random,1398,1399.0,0.579102873135116,-8.1667318163343,0.579102873135116,1399.0,0.7116895000217482,baseline_progress
Random,1399,1400.0,0.579102873135116,-6.336860689517933,0.579102873135116,1400.0,0.7121203999849968,baseline_progress
Random,1400,1401.0,0.579102873135116,-5.72578847612763,0.579102873135116,1401.0,0.7125451000174507,baseline_progress
Random,1401,1402.0,0.579102873135116,-4.733624219553104,0.579102873135116,1402.0,0.7129891000222415,baseline_progress
Random,1402,1403.0,0.579102873135116,-6.217002193297004,0.579102873135116,1403.0,0.7134170000208542,baseline_progress
Random,1403,1404.0,0.579102873135116,-9.77151020288817,0.579102873135116,1404.0,0.713844700017944,baseline_progress
Random,1404,1405.0,0.579102873135116,-3.911849752707373,0.579102873135116,1405.0,0.714273699966725,baseline_progress
Random,1405,1406.0,0.579102873135116,-5.59911916924284,0.579102873135116,1406.0,0.7147100999718532,baseline_progress
Random,1406,1407.0,0.579102873135116,-3.635037697606489,0.579102873135116,1407.0,0.7151524999644607,baseline_progress
Random,1407,1408.0,0.579102873135116,-6.987767861993114,0.579102873135116,1408.0,0.7155854000011459,baseline_progress
Random,1408,1409.0,0.579102873135116,-8.873158708630354,0.579102873135116,1409.0,0.7160132999997586,baseline_progress
Random,1409,1410.0,0.579102873135116,-5.576767126598689,0.579102873135116,1410.0,0.7164380999747664,baseline_progress
Random,1410,1411.0,0.579102873135116,-7.074439760213437,0.579102873135116,1411.0,0.7168906999868341,baseline_progress
Random,1411,1412.0,0.579102873135116,-2.6769933587364756,0.579102873135116,1412.0,0.7173189999884926,baseline_progress
Random,1412,1413.0,0.579102873135116,-4.484714074157829,0.579102873135116,1413.0,0.7178873000084423,baseline_progress
Random,1413,1414.0,0.579102873135116,-7.135142023404356,0.579102873135116,1414.0,0.7183808999834582,baseline_progress
Random,1414,1415.0,0.579102873135116,-2.5835034383414692,0.579102873135116,1415.0,0.7188560999929905,baseline_progress
Random,1415,1416.0,0.579102873135116,-5.138262726929976,0.579102873135116,1416.0,0.7193758999928832,baseline_progress
Random,1416,1417.0,0.579102873135116,-7.749904831952417,0.579102873135116,1417.0,0.7198990000179037,baseline_progress
Random,1417,1418.0,0.579102873135116,-9.04883720778634,0.579102873135116,1418.0,0.7204334000125527,baseline_progress
Random,1418,1419.0,0.579102873135116,-4.401793763046437,0.579102873135116,1419.0,0.7211396999773569,baseline_progress
Random,1419,1420.0,0.579102873135116,-4.641912772909944,0.579102873135116,1420.0,0.7217953000217676,baseline_progress
Random,1420,1421.0,0.579102873135116,-4.35162315948774,0.579102873135116,1421.0,0.7222748000058345,baseline_progress
Random,1421,1422.0,0.579102873135116,-10.5247381828639,0.579102873135116,1422.0,0.7227366999723017,baseline_progress
Random,1422,1423.0,0.579102873135116,-4.578047682623993,0.579102873135116,1423.0,0.723242099978961,baseline_progress
Random,1423,1424.0,0.579102873135116,-5.566731550404459,0.579102873135116,1424.0,0.7237656000070274,baseline_progress
Random,1424,1425.0,0.579102873135116,-7.807528316685369,0.579102873135116,1425.0,0.7242735999752767,baseline_progress
Random,1425,1426.0,0.579102873135116,-8.145568270571903,0.579102873135116,1426.0,0.7247876999899745,baseline_progress
Random,1426,1427.0,0.579102873135116,-7.904945215880901,0.579102873135116,1427.0,0.7252794000087306,baseline_progress
Random,1427,1428.0,0.579102873135116,-4.030909200625363,0.579102873135116,1428.0,0.725733199971728,baseline_progress
Random,1428,1429.0,0.579102873135116,-8.959504938057734,0.579102873135116,1429.0,0.7262421000050381,baseline_progress
Random,1429,1430.0,0.579102873135116,-3.45634193931963,0.579102873135116,1430.0,0.7268867999664508,baseline_progress
Random,1430,1431.0,0.579102873135116,-2.1340788644724267,0.579102873135116,1431.0,0.7274344000034034,baseline_progress
Random,1431,1432.0,0.579102873135116,-7.629587197125375,0.579102873135116,1432.0,0.7281961999833584,baseline_progress
Random,1432,1433.0,0.579102873135116,-6.9987577513860515,0.579102873135116,1433.0,0.7288628999958746,baseline_progress
Random,1433,1434.0,0.579102873135116,-4.632890454292593,0.579102873135116,1434.0,0.7294403999694623,baseline_progress
Random,1434,1435.0,0.579102873135116,-6.0408685768585695,0.579102873135116,1435.0,0.7299994999775663,baseline_progress
Random,1435,1436.0,0.579102873135116,-0.5461220320602904,0.579102873135116,1436.0,0.7306023999699391,baseline_progress
Random,1436,1437.0,0.579102873135116,-7.750934731873451,0.579102873135116,1437.0,0.731296600017231,baseline_progress
Random,1437,1438.0,0.579102873135116,-2.554909476894449,0.579102873135116,1438.0,0.7318129999912344,baseline_progress
Random,1438,1439.0,0.579102873135116,-4.147611341529469,0.579102873135116,1439.0,0.7323194000055082,baseline_progress
Random,1439,1440.0,0.579102873135116,-4.193771601522023,0.579102873135116,1440.0,0.7328165000071749,baseline_progress
Random,1440,1441.0,0.579102873135116,-3.5342385792467246,0.579102873135116,1441.0,0.733345000015106,baseline_progress
Random,1441,1442.0,0.579102873135116,-6.434436512824953,0.579102873135116,1442.0,0.7338269000174478,baseline_progress
Random,1442,1443.0,0.579102873135116,-5.402287494439298,0.579102873135116,1443.0,0.7342764000059105,baseline_progress
Random,1443,1444.0,0.579102873135116,-6.428352360447491,0.579102873135116,1444.0,0.7347475999849848,baseline_progress
Random,1444,1445.0,0.579102873135116,-5.9996719945324575,0.579102873135116,1445.0,0.7352161000017077,baseline_progress
Random,1445,1446.0,0.579102873135116,-6.960424944984917,0.579102873135116,1446.0,0.7356835000100546,baseline_progress
Random,1446,1447.0,0.579102873135116,-7.757332525444039,0.579102873135116,1447.0,0.7363330000080168,baseline_progress
Random,1447,1448.0,0.579102873135116,-4.601361314379867,0.579102873135116,1448.0,0.7368592999991961,baseline_progress
Random,1448,1449.0,0.579102873135116,-10.178877960744686,0.579102873135116,1449.0,0.7373290999676101,baseline_progress
Random,1449,1450.0,0.579102873135116,-1.8814393068180006,0.579102873135116,1450.0,0.7380702999653295,baseline_progress
Random,1450,1451.0,0.579102873135116,-6.941057274929063,0.579102873135116,1451.0,0.7386465999879874,baseline_progress
Random,1451,1452.0,0.579102873135116,-7.624442275265961,0.579102873135116,1452.0,0.739127799984999,baseline_progress
Random,1452,1453.0,0.579102873135116,-4.167546281731728,0.579102873135116,1453.0,0.7395989000215195,baseline_progress
Random,1453,1454.0,0.579102873135116,-6.176858622244337,0.579102873135116,1454.0,0.7400514999753796,baseline_progress
Random,1454,1455.0,0.579102873135116,-5.088299089515706,0.579102873135116,1455.0,0.7405090999673121,baseline_progress
Random,1455,1456.0,0.579102873135116,-7.903014922005365,0.579102873135116,1456.0,0.7409593000193126,baseline_progress
Random,1456,1457.0,0.579102873135116,-4.901548554111591,0.579102873135116,1457.0,0.7414253000169992,baseline_progress
Random,1457,1458.0,0.579102873135116,-6.414426073572649,0.579102873135116,1458.0,0.741888899996411,baseline_progress
Random,1458,1459.0,0.579102873135116,-5.413888315743698,0.579102873135116,1459.0,0.7423518999712542,baseline_progress
Random,1459,1460.0,0.579102873135116,-6.391241194344678,0.579102873135116,1460.0,0.7427935000159778,baseline_progress
Random,1460,1461.0,0.579102873135116,-5.292741459704608,0.579102873135116,1461.0,0.7435336000053212,baseline_progress
Random,1461,1462.0,0.579102873135116,-9.854522743253806,0.579102873135116,1462.0,0.744052299996838,baseline_progress
Random,1462,1463.0,0.579102873135116,-7.941164069753442,0.579102873135116,1463.0,0.744542200001888,baseline_progress
Random,1463,1464.0,0.579102873135116,-10.862620933899684,0.579102873135116,1464.0,0.7450484000146389,baseline_progress
Random,1464,1465.0,0.579102873135116,-8.67278309940232,0.579102873135116,1465.0,0.7455346999922767,baseline_progress
Random,1465,1466.0,0.579102873135116,-9.679751269317336,0.579102873135116,1466.0,0.7460165999946184,baseline_progress
Random,1466,1467.0,0.579102873135116,-5.818623616298624,0.579102873135116,1467.0,0.7465207999921404,baseline_progress
Random,1467,1468.0,0.579102873135116,-3.9695412537757875,0.579102873135116,1468.0,0.7470647000009194,baseline_progress
Random,1468,1469.0,0.579102873135116,-0.5524351092685644,0.579102873135116,1469.0,0.7476292999926955,baseline_progress
Random,1469,1470.0,0.579102873135116,-2.8482920786292634,0.579102873135116,1470.0,0.7481528000207618,baseline_progress
Random,1470,1471.0,0.579102873135116,-7.0443900677261055,0.579102873135116,1471.0,0.7486290999804623,baseline_progress
Random,1471,1472.0,0.579102873135116,-9.15403743110925,0.579102873135116,1472.0,0.7491503999917768,baseline_progress
Random,1472,1473.0,0.579102873135116,-6.057904265622966,0.579102873135116,1473.0,0.7497219999786466,baseline_progress
Random,1473,1474.0,0.579102873135116,-6.996854482177545,0.579102873135116,1474.0,0.7502683000057004,baseline_progress
Random,1474,1475.0,0.579102873135116,-5.044376789775624,0.579102873135116,1475.0,0.7507852999842726,baseline_progress
Random,1475,1476.0,0.579102873135116,-4.6742851259935705,0.579102873135116,1476.0,0.7515260999789461,baseline_progress
Random,1476,1477.0,0.579102873135116,-8.86968299889058,0.579102873135116,1477.0,0.752106299973093,baseline_progress
Random,1477,1478.0,0.579102873135116,-2.7156038784472356,0.579102873135116,1478.0,0.7525887999800034,baseline_progress
Random,1478,1479.0,0.579102873135116,-2.5993937015608766,0.579102873135116,1479.0,0.7530594000127167,baseline_progress
Random,1479,1480.0,0.579102873135116,-6.97821838842825,0.579102873135116,1480.0,0.753508800000418,baseline_progress
Random,1480,1481.0,0.579102873135116,-11.735547449939443,0.579102873135116,1481.0,0.7539499999838881,baseline_progress
Random,1481,1482.0,0.579102873135116,-3.436092530539878,0.579102873135116,1482.0,0.7543993999715894,baseline_progress
Random,1482,1483.0,0.579102873135116,-3.3313681021603876,0.579102873135116,1483.0,0.7548431999748573,baseline_progress
Random,1483,1484.0,0.579102873135116,-5.443100539261428,0.579102873135116,1484.0,0.7552953999838792,baseline_progress
Random,1484,1485.0,0.579102873135116,-7.542388136382795,0.579102873135116,1485.0,0.7558189000119455,baseline_progress
Random,1485,1486.0,0.579102873135116,-5.720839000463921,0.579102873135116,1486.0,0.7562679999973625,baseline_progress
Random,1486,1487.0,0.579102873135116,-8.243992049212537,0.579102873135116,1487.0,0.7567032999941148,baseline_progress
Random,1487,1488.0,0.579102873135116,-3.1657231482323307,0.579102873135116,1488.0,0.7571861000033095,baseline_progress
Random,1488,1489.0,0.579102873135116,-8.003217262676465,0.579102873135116,1489.0,0.7577084000222385,baseline_progress
Random,1489,1490.0,0.579102873135116,-2.7064414290504333,0.579102873135116,1490.0,0.7581819000188261,baseline_progress
Random,1490,1491.0,0.579102873135116,-2.351687568769925,0.579102873135116,1491.0,0.7586252000182867,baseline_progress
Random,1491,1492.0,0.579102873135116,-9.147288226915862,0.579102873135116,1492.0,0.7590833000140265,baseline_progress
Random,1492,1493.0,0.579102873135116,-9.308635150038247,0.579102873135116,1493.0,0.7595239999936894,baseline_progress
Random,1493,1494.0,0.579102873135116,-6.240390984138912,0.579102873135116,1494.0,0.7603376000188291,baseline_progress
Random,1494,1495.0,0.579102873135116,-6.157023016624397,0.579102873135116,1495.0,0.761027299973648,baseline_progress
Random,1495,1496.0,0.579102873135116,-6.2197988775519555,0.579102873135116,1496.0,0.761508799972944,baseline_progress
Random,1496,1497.0,0.579102873135116,-4.371725736017128,0.579102873135116,1497.0,0.7620105000096373,baseline_progress
Random,1497,1498.0,0.579102873135116,-3.6436083497391856,0.579102873135116,1498.0,0.7624627000186592,baseline_progress
Random,1498,1499.0,0.579102873135116,-5.94381389302517,0.579102873135116,1499.0,0.7629016999853775,baseline_progress
Random,1499,1500.0,0.579102873135116,-7.83486687077488,0.579102873135116,1500.0,0.7633756999857724,baseline_progress
Random,1500,1501.0,0.579102873135116,-8.847209311038412,0.579102873135116,1501.0,0.7638171999715269,baseline_progress
Random,1501,1502.0,0.579102873135116,-8.81898581774717,0.579102873135116,1502.0,0.7642529999720864,baseline_progress
Random,1502,1503.0,0.579102873135116,-8.247609104868442,0.579102873135116,1503.0,0.7646869000163861,baseline_progress
Random,1503,1504.0,0.579102873135116,-5.409073579046983,0.579102873135116,1504.0,0.7651317999698222,baseline_progress
Random,1504,1505.0,0.579102873135116,-8.184512654054286,0.579102873135116,1505.0,0.7655682999757119,baseline_progress
Random,1505,1506.0,0.579102873135116,-2.977445971582362,0.579102873135116,1506.0,0.7660082000074908,baseline_progress
Random,1506,1507.0,0.579102873135116,-3.846372793151022,0.579102873135116,1507.0,0.7666421000030823,baseline_progress
Random,1507,1508.0,0.579102873135116,-4.092029077015695,0.579102873135116,1508.0,0.7671966999769211,baseline_progress
Random,1508,1509.0,0.579102873135116,-3.528251131803709,0.579102873135116,1509.0,0.7676868999842554,baseline_progress
Random,1509,1510.0,0.579102873135116,-6.031285452608975,0.579102873135116,1510.0,0.7683141999877989,baseline_progress
Random,1510,1511.0,0.579102873135116,-5.359172662713016,0.579102873135116,1511.0,0.7688453000155278,baseline_progress
Random,1511,1512.0,0.579102873135116,-3.4490132792011567,0.579102873135116,1512.0,0.7693849999923259,baseline_progress
Random,1512,1513.0,0.579102873135116,-4.084822232672138,0.579102873135116,1513.0,0.7700175999780186,baseline_progress
Random,1513,1514.0,0.579102873135116,-9.615988978085275,0.579102873135116,1514.0,0.7705878000124358,baseline_progress
Random,1514,1515.0,0.579102873135116,-2.898217932765226,0.579102873135116,1515.0,0.7711700000218116,baseline_progress
Random,1515,1516.0,0.579102873135116,-2.7193096499816285,0.579102873135116,1516.0,0.7716862999950536,baseline_progress
Random,1516,1517.0,0.579102873135116,-5.66861169723163,0.579102873135116,1517.0,0.7721695000072941,baseline_progress
Random,1517,1518.0,0.579102873135116,-2.9479756151966936,0.579102873135116,1518.0,0.7726380999665707,baseline_progress
Random,1518,1519.0,0.579102873135116,-5.969742140740577,0.579102873135116,1519.0,0.7731100000091828,baseline_progress
Random,1519,1520.0,0.579102873135116,-5.432902808544446,0.579102873135116,1520.0,0.7735594999976456,baseline_progress
Random,1520,1521.0,0.579102873135116,-3.2943213016195187,0.579102873135116,1521.0,0.7740057000191882,baseline_progress
Random,1521,1522.0,0.579102873135116,-4.508909598606877,0.579102873135116,1522.0,0.774456100014504,baseline_progress
Random,1522,1523.0,0.579102873135116,-3.9301052089237514,0.579102873135116,1523.0,0.7749210000038147,baseline_progress
Random,1523,1524.0,0.579102873135116,-5.741301077175221,0.579102873135116,1524.0,0.7753922999836504,baseline_progress
Random,1524,1525.0,0.579102873135116,-5.8246843927535155,0.579102873135116,1525.0,0.7758325000177138,baseline_progress
Random,1525,1526.0,0.579102873135116,-7.93922073298008,0.579102873135116,1526.0,0.7762677000137046,baseline_progress
Random,1526,1527.0,0.579102873135116,-2.638924383847769,0.579102873135116,1527.0,0.7772180999745615,baseline_progress
Random,1527,1528.0,0.579102873135116,-7.542106291366991,0.579102873135116,1528.0,0.7778259000042453,baseline_progress
Random,1528,1529.0,0.579102873135116,-7.737439847028981,0.579102873135116,1529.0,0.7783481999649666,baseline_progress
Random,1529,1530.0,0.579102873135116,-6.483914073533222,0.579102873135116,1530.0,0.7789210000191815,baseline_progress
Random,1530,1531.0,0.579102873135116,-5.245685405989757,0.579102873135116,1531.0,0.7794585999799892,baseline_progress
Random,1531,1532.0,0.579102873135116,-7.450962477796285,0.579102873135116,1532.0,0.7800194000010379,baseline_progress
Random,1532,1533.0,0.579102873135116,-8.108298964437862,0.579102873135116,1533.0,0.7806404000148177,baseline_progress
Random,1533,1534.0,0.579102873135116,-7.975916278089287,0.579102873135116,1534.0,0.7812709999852814,baseline_progress
Random,1534,1535.0,0.579102873135116,-3.819957496821197,0.579102873135116,1535.0,0.7820945999701507,baseline_progress
Random,1535,1536.0,0.579102873135116,-1.2049265042886885,0.579102873135116,1536.0,0.7826086999848485,baseline_progress
Random,1536,1537.0,0.579102873135116,-4.544005251354103,0.579102873135116,1537.0,0.7830777000053786,baseline_progress
Random,1537,1538.0,0.579102873135116,-8.309583363522886,0.579102873135116,1538.0,0.7836166999768466,baseline_progress
Random,1538,1539.0,0.579102873135116,-8.26519011862856,0.579102873135116,1539.0,0.7841251000063494,baseline_progress
Random,1539,1540.0,0.579102873135116,-6.297279736498407,0.579102873135116,1540.0,0.7846242999657989,baseline_progress
Random,1540,1541.0,0.579102873135116,-2.0251990744972903,0.579102873135116,1541.0,0.7851711999974214,baseline_progress
Random,1541,1542.0,0.579102873135116,-8.62122623017729,0.579102873135116,1542.0,0.7856918000034057,baseline_progress
Random,1542,1543.0,0.579102873135116,-4.329520880031517,0.579102873135116,1543.0,0.7861522000166588,baseline_progress
Random,1543,1544.0,0.579102873135116,-8.905645571285318,0.579102873135116,1544.0,0.7866152999922633,baseline_progress
Random,1544,1545.0,0.579102873135116,-8.00802931592856,0.579102873135116,1545.0,0.7871062000049278,baseline_progress
Random,1545,1546.0,0.579102873135116,-4.738831401374457,0.579102873135116,1546.0,0.7876094999955967,baseline_progress
Random,1546,1547.0,0.579102873135116,-7.212642886240621,0.579102873135116,1547.0,0.7880789000191726,baseline_progress
Random,1547,1548.0,0.579102873135116,-5.799007538473891,0.579102873135116,1548.0,0.7885646999930032,baseline_progress
Random,1548,1549.0,0.579102873135116,-2.3400156397011656,0.579102873135116,1549.0,0.789049300015904,baseline_progress
Random,1549,1550.0,0.579102873135116,-8.588219246108348,0.579102873135116,1550.0,0.7894976999959908,baseline_progress
Random,1550,1551.0,0.579102873135116,-2.204262621008106,0.579102873135116,1551.0,0.789943800016772,baseline_progress
Random,1551,1552.0,0.579102873135116,-7.448515478083138,0.579102873135116,1552.0,0.7903837999911048,baseline_progress
Random,1552,1553.0,0.579102873135116,-8.314408886463092,0.579102873135116,1553.0,0.7908319999696687,baseline_progress
Random,1553,1554.0,0.579102873135116,-5.717160047033704,0.579102873135116,1554.0,0.791281700017862,baseline_progress
Random,1554,1555.0,0.579102873135116,-8.473289967860364,0.579102873135116,1555.0,0.7917197999777272,baseline_progress
Random,1555,1556.0,0.579102873135116,-2.271171185049474,0.579102873135116,1556.0,0.7921625999733806,baseline_progress
Random,1556,1557.0,0.579102873135116,-4.613977962153099,0.579102873135116,1557.0,0.7926047000219114,baseline_progress
Random,1557,1558.0,0.579102873135116,-9.54461437073508,0.579102873135116,1558.0,0.793037399998866,baseline_progress
Random,1558,1559.0,0.579102873135116,-7.0943713081483555,0.579102873135116,1559.0,0.7935211000149138,baseline_progress
Random,1559,1560.0,0.579102873135116,-6.004083230438709,0.579102873135116,1560.0,0.793972700019367,baseline_progress
Random,1560,1561.0,0.579102873135116,-6.477781395071524,0.579102873135116,1561.0,0.794437000004109,baseline_progress
Random,1561,1562.0,0.579102873135116,-11.373103221168396,0.579102873135116,1562.0,0.7948715999955311,baseline_progress
Random,1562,1563.0,0.579102873135116,-9.630468882627985,0.579102873135116,1563.0,0.7953180000185966,baseline_progress
Random,1563,1564.0,0.579102873135116,-7.722893775565623,0.579102873135116,1564.0,0.79576339997584,baseline_progress
Random,1564,1565.0,0.579102873135116,-4.833554277534805,0.579102873135116,1565.0,0.7962171999970451,baseline_progress
Random,1565,1566.0,0.579102873135116,-1.2793672938746843,0.579102873135116,1566.0,0.7968353999895044,baseline_progress
Random,1566,1567.0,0.579102873135116,-6.883561878685459,0.579102873135116,1567.0,0.7977984999888577,baseline_progress
Random,1567,1568.0,0.579102873135116,-5.217041692739792,0.579102873135116,1568.0,0.7986038000090048,baseline_progress
Random,1568,1569.0,0.579102873135116,-1.4179840837146505,0.579102873135116,1569.0,0.7992298000026494,baseline_progress
Random,1569,1570.0,0.579102873135116,-6.648744812144474,0.579102873135116,1570.0,0.7997948999982327,baseline_progress
Random,1570,1571.0,0.579102873135116,-7.5253483709762525,0.579102873135116,1571.0,0.8003325000172481,baseline_progress
Random,1571,1572.0,0.579102873135116,-6.377827548552682,0.579102873135116,1572.0,0.8010056000202894,baseline_progress
Random,1572,1573.0,0.579102873135116,-7.936626111513851,0.579102873135116,1573.0,0.8015593999880366,baseline_progress
Random,1573,1574.0,0.579102873135116,-2.9325169443722685,0.579102873135116,1574.0,0.8021171999862418,baseline_progress
Random,1574,1575.0,0.579102873135116,-12.1381527268679,0.579102873135116,1575.0,0.8026373999891803,baseline_progress
Random,1575,1576.0,0.579102873135116,-9.444931697305597,0.579102873135116,1576.0,0.8031180999823846,baseline_progress
Random,1576,1577.0,0.579102873135116,-9.33489673134731,0.579102873135116,1577.0,0.803596900019329,baseline_progress
Random,1577,1578.0,0.579102873135116,-1.0305992076886672,0.579102873135116,1578.0,0.8040619000094011,baseline_progress
Random,1578,1579.0,0.579102873135116,-9.70048612997655,0.579102873135116,1579.0,0.8045589000103064,baseline_progress
Random,1579,1580.0,0.579102873135116,-4.80879866469405,0.579102873135116,1580.0,0.8050296999863349,baseline_progress
Random,1580,1581.0,0.579102873135116,-10.790475054768626,0.579102873135116,1581.0,0.8054918000125326,baseline_progress
Random,1581,1582.0,0.579102873135116,-5.497998096401945,0.579102873135116,1582.0,0.8059675999684259,baseline_progress
Random,1582,1583.0,0.579102873135116,-6.864890327078142,0.579102873135116,1583.0,0.8064323000144213,baseline_progress
Random,1583,1584.0,0.7795803678406799,0.7795803678406799,0.7795803678406799,1584.0,0.8068977000075392,baseline_progress
Random,1584,1585.0,0.7795803678406799,-5.983981311707394,0.7795803678406799,1585.0,0.807375599979423,baseline_progress
Random,1585,1586.0,0.7795803678406799,-3.6473032883579033,0.7795803678406799,1586.0,0.8079046999919228,baseline_progress
Random,1586,1587.0,0.7795803678406799,-6.473755577829024,0.7795803678406799,1587.0,0.80842549999943,baseline_progress
Random,1587,1588.0,0.7795803678406799,-2.428540331590588,0.7795803678406799,1588.0,0.8089211999904364,baseline_progress
Random,1588,1589.0,0.7795803678406799,-4.999470708168645,0.7795803678406799,1589.0,0.8094038999988697,baseline_progress
Random,1589,1590.0,0.7795803678406799,-4.780739772138012,0.7795803678406799,1590.0,0.8101297999965027,baseline_progress
Random,1590,1591.0,0.7795803678406799,-6.01667671652632,0.7795803678406799,1591.0,0.8107412999961525,baseline_progress
Random,1591,1592.0,0.7795803678406799,-6.513873678888377,0.7795803678406799,1592.0,0.8118105999892578,baseline_progress
Random,1592,1593.0,0.7795803678406799,-12.205790264910076,0.7795803678406799,1593.0,0.8124107000185177,baseline_progress
Random,1593,1594.0,0.7795803678406799,-4.019518745313835,0.7795803678406799,1594.0,0.8129315999685787,baseline_progress
Random,1594,1595.0,0.7795803678406799,-5.291507135554739,0.7795803678406799,1595.0,0.8134618999902159,baseline_progress
Random,1595,1596.0,0.7795803678406799,-6.929734198408979,0.7795803678406799,1596.0,0.8140338999801315,baseline_progress
Random,1596,1597.0,0.7795803678406799,-7.297919732847765,0.7795803678406799,1597.0,0.8146004999871366,baseline_progress
Random,1597,1598.0,0.7795803678406799,-4.2030689936550605,0.7795803678406799,1598.0,0.8151173999649473,baseline_progress
Random,1598,1599.0,0.7795803678406799,-5.2648092730235625,0.7795803678406799,1599.0,0.8156414999975823,baseline_progress
Random,1599,1600.0,0.7795803678406799,-7.662199430452869,0.7795803678406799,1600.0,0.8161266999668442,baseline_progress
GA,0,20.0,-2.8564334274200602,-2.8564334274200602,-2.8564334274200602,20.0,0.01181140000699088,baseline_progress
GA,1,38.0,-1.4501900794647304,-1.4501900794647304,-1.4501900794647304,38.0,0.02118119999067858,baseline_progress
GA,2,56.0,-0.5873739204397701,-0.5873739204397701,-0.5873739204397701,56.0,0.032004799984861165,baseline_progress
GA,3,74.0,-0.5427003654477298,-0.5427003654477298,-0.5427003654477298,74.0,0.041063599986955523,baseline_progress
GA,4,92.0,-0.13715661045686378,-0.13715661045686378,-0.13715661045686378,92.0,0.049852200027089566,baseline_progress
GA,5,110.0,0.5994823690440381,0.5994823690440381,0.5994823690440381,110.0,0.05972909997217357,baseline_progress
GA,6,128.0,1.1813131565319548,1.1813131565319548,1.1813131565319548,128.0,0.06808890000684187,baseline_progress
GA,7,146.0,1.2497714326991214,1.2497714326991214,1.2497714326991214,146.0,0.077740199980326,baseline_progress
GA,8,164.0,1.2551800705382186,1.2551800705382186,1.2551800705382186,164.0,0.08635310002136976,baseline_progress
GA,9,182.0,1.2951709833654017,1.2951709833654017,1.2951709833654017,182.0,0.09474889998091385,baseline_progress
GA,10,200.0,1.2951709833654017,1.2951709833654017,1.2951709833654017,200.0,0.10424459999194369,baseline_progress
GA,11,218.0,1.342975993135518,1.342975993135518,1.342975993135518,218.0,0.11327019997406751,baseline_progress
GA,12,236.0,1.3588371283904679,1.3588371283904679,1.3588371283904679,236.0,0.12258530000690371,baseline_progress
GA,13,254.0,1.3793799268371252,1.3793799268371252,1.3793799268371252,254.0,0.13373220001813024,baseline_progress
GA,14,272.0,1.398251721361715,1.398251721361715,1.398251721361715,272.0,0.14327569998567924,baseline_progress
GA,15,290.0,1.474402642480946,1.474402642480946,1.474402642480946,290.0,0.15374600002542138,baseline_progress
GA,16,308.0,1.5765942817642655,1.5765942817642655,1.5765942817642655,308.0,0.16489080002065748,baseline_progress
GA,17,326.0,1.5765942817642655,1.5765942817642655,1.5765942817642655,326.0,0.1738933000015095,baseline_progress
GA,18,344.0,1.6081777041307521,1.6081777041307521,1.6081777041307521,344.0,0.1876124999835156,baseline_progress
GA,19,362.0,1.6288691597274365,1.6288691597274365,1.6288691597274365,362.0,0.20049710001330823,baseline_progress
GA,20,380.0,1.6642994226434222,1.6642994226434222,1.6642994226434222,380.0,0.2105582000222057,baseline_progress
GA,21,398.0,1.7304788875800252,1.7304788875800252,1.7304788875800252,398.0,0.2190219999756664,baseline_progress
GA,22,416.0,1.7349077655689575,1.7349077655689575,1.7349077655689575,416.0,0.22959990001982078,baseline_progress
GA,23,434.0,1.7410853161232134,1.7410853161232134,1.7410853161232134,434.0,0.23875780001981184,baseline_progress
GA,24,452.0,1.7410853161232134,1.7410853161232134,1.7410853161232134,452.0,0.24814290000358596,baseline_progress
GA,25,470.0,1.7447336330938252,1.7447336330938252,1.7447336330938252,470.0,0.2566923000267707,baseline_progress
GA,26,488.0,1.7539381904157652,1.7539381904157652,1.7539381904157652,488.0,0.2653211000142619,baseline_progress
GA,27,506.0,1.7599718634580772,1.7599718634580772,1.7599718634580772,506.0,0.2737988000153564,baseline_progress
GA,28,524.0,1.7706288906602414,1.7706288906602414,1.7706288906602414,524.0,0.28326639998704195,baseline_progress
GA,29,542.0,1.7706288906602414,1.7706288906602414,1.7706288906602414,542.0,0.29175749997375533,baseline_progress
GA,30,560.0,1.7776368484334184,1.7776368484334184,1.7776368484334184,560.0,0.3018323999713175,baseline_progress
GA,31,578.0,1.7779239362766082,1.7779239362766082,1.7779239362766082,578.0,0.31004870001925156,baseline_progress
GA,32,596.0,1.7846218883834795,1.7846218883834795,1.7846218883834795,596.0,0.31845680001424626,baseline_progress
GA,33,614.0,1.7846218883834795,1.7846218883834795,1.7846218883834795,614.0,0.32728109997697175,baseline_progress
GA,34,632.0,1.7846218883834795,1.7846218883834795,1.7846218883834795,632.0,0.3363266999949701,baseline_progress
GA,35,650.0,1.7849122761787777,1.7849122761787777,1.7849122761787777,650.0,0.34589619998587295,baseline_progress
GA,36,668.0,1.9227765687643168,1.9227765687643168,1.9227765687643168,668.0,0.355110100004822,baseline_progress
GA,37,686.0,1.9227765687643168,1.9227765687643168,1.9227765687643168,686.0,0.3652299999957904,baseline_progress
GA,38,704.0,1.9229888839604978,1.9229888839604978,1.9229888839604978,704.0,0.37383699999190867,baseline_progress
GA,39,722.0,1.9229888839604978,1.9229888839604978,1.9229888839604978,722.0,0.383053999976255,baseline_progress
GA,40,740.0,1.9229888839604978,1.9229888839604978,1.9229888839604978,740.0,0.3921769000007771,baseline_progress
GA,41,758.0,1.9237447542895991,1.9237447542895991,1.9237447542895991,758.0,0.4016589000239037,baseline_progress
GA,42,776.0,1.9424579280781384,1.9424579280781384,1.9424579280781384,776.0,0.4103921999922022,baseline_progress
GA,43,794.0,1.9424579280781384,1.9424579280781384,1.9424579280781384,794.0,0.41907639999408275,baseline_progress
GA,44,812.0,1.9424579280781384,1.9424579280781384,1.9424579280781384,812.0,0.4279081000131555,baseline_progress
GA,45,830.0,1.9498960087463904,1.9498960087463904,1.9498960087463904,830.0,0.43723629997111857,baseline_progress
GA,46,848.0,1.983034022045743,1.983034022045743,1.983034022045743,848.0,0.446213599992916,baseline_progress
GA,47,866.0,1.983034022045743,1.983034022045743,1.983034022045743,866.0,0.4548810999840498,baseline_progress
GA,48,884.0,1.9957999748312334,1.9957999748312334,1.9957999748312334,884.0,0.4634030999732204,baseline_progress
GA,49,902.0,1.9957999748312334,1.9957999748312334,1.9957999748312334,902.0,0.4714376999763772,baseline_progress
GA,50,920.0,2.0260228049008844,2.0260228049008844,2.0260228049008844,920.0,0.4805144999991171,baseline_progress
GA,51,938.0,2.0306683507063994,2.0306683507063994,2.0306683507063994,938.0,0.4899967000237666,baseline_progress
GA,52,956.0,2.0306683507063994,2.0306683507063994,2.0306683507063994,956.0,0.49948669999139383,baseline_progress
GA,53,974.0,2.0399909256982887,2.0399909256982887,2.0399909256982887,974.0,0.5074395000119694,baseline_progress
GA,54,992.0,2.0632812989617086,2.0632812989617086,2.0632812989617086,992.0,0.5167286000214517,baseline_progress
GA,55,1010.0,2.247449725876992,2.247449725876992,2.247449725876992,1010.0,0.526612900022883,baseline_progress
GA,56,1028.0,2.3120074755128828,2.3120074755128828,2.3120074755128828,1028.0,0.5362480999901891,baseline_progress
GA,57,1046.0,2.319041752240292,2.319041752240292,2.319041752240292,1046.0,0.5451046000234783,baseline_progress
GA,58,1064.0,2.319041752240292,2.319041752240292,2.319041752240292,1064.0,0.5540874000289477,baseline_progress
GA,59,1082.0,2.319041752240292,2.319041752240292,2.319041752240292,1082.0,0.5641790999798104,baseline_progress
GA,60,1100.0,2.326167667530609,2.326167667530609,2.326167667530609,1100.0,0.5733022000058554,baseline_progress
GA,61,1118.0,2.327721011607462,2.327721011607462,2.327721011607462,1118.0,0.5827016999828629,baseline_progress
GA,62,1136.0,2.330406023793848,2.330406023793848,2.330406023793848,1136.0,0.5915062000276521,baseline_progress
GA,63,1154.0,2.330784051693259,2.330784051693259,2.330784051693259,1154.0,0.600563800020609,baseline_progress
GA,64,1172.0,2.3341148908590212,2.3341148908590212,2.3341148908590212,1172.0,0.6086519000236876,baseline_progress
GA,65,1190.0,2.334509125766563,2.334509125766563,2.334509125766563,1190.0,0.61765839997679,baseline_progress
GA,66,1208.0,2.3475931401929726,2.3475931401929726,2.3475931401929726,1208.0,0.6280353000038303,baseline_progress
GA,67,1226.0,2.34955784446272,2.34955784446272,2.34955784446272,1226.0,0.6375080000143498,baseline_progress
GA,68,1244.0,2.3511940022480964,2.3511940022480964,2.3511940022480964,1244.0,0.6462707999744453,baseline_progress
GA,69,1262.0,2.351473211311624,2.351473211311624,2.351473211311624,1262.0,0.6552223999751732,baseline_progress
GA,70,1280.0,2.3828248489035557,2.3828248489035557,2.3828248489035557,1280.0,0.6646192999905907,baseline_progress
GA,71,1298.0,2.3828248489035557,2.3828248489035557,2.3828248489035557,1298.0,0.6732809999957681,baseline_progress
GA,72,1316.0,2.384533879079542,2.384533879079542,2.384533879079542,1316.0,0.6836487000109628,baseline_progress
GA,73,1334.0,2.384533879079542,2.384533879079542,2.384533879079542,1334.0,0.6931249999906868,baseline_progress
GA,74,1352.0,2.3919649723343372,2.3919649723343372,2.3919649723343372,1352.0,0.7017084999824874,baseline_progress
GA,75,1370.0,2.3964044020857527,2.3964044020857527,2.3964044020857527,1370.0,0.7099659999948926,baseline_progress
GA,76,1388.0,2.3964044020857527,2.3964044020857527,2.3964044020857527,1388.0,0.7185472000273876,baseline_progress
GA,77,1406.0,2.3965527634255945,2.3965527634255945,2.3965527634255945,1406.0,0.7277965000248514,baseline_progress
GA,78,1424.0,2.397356971779994,2.397356971779994,2.397356971779994,1424.0,0.7364252000115812,baseline_progress
GA,79,1442.0,2.3981636132157527,2.3981636132157527,2.3981636132157527,1442.0,0.7454872999805957,baseline_progress
GA,80,1460.0,2.3987596833462335,2.3987596833462335,2.3987596833462335,1460.0,0.7547809000243433,baseline_progress
GA,81,1478.0,2.400988220092448,2.400988220092448,2.400988220092448,1478.0,0.7643282000208274,baseline_progress
GA,82,1496.0,2.4019466373444622,2.4019466373444622,2.4019466373444622,1496.0,0.7734370999969542,baseline_progress
GA,83,1514.0,2.4033124759417923,2.4033124759417923,2.4033124759417923,1514.0,0.7830029000178911,baseline_progress
GA,84,1532.0,2.404030547735067,2.404030547735067,2.404030547735067,1532.0,0.7912425000104122,baseline_progress
GA,85,1550.0,2.40406580122567,2.40406580122567,2.40406580122567,1550.0,0.8007014999748208,baseline_progress
GA,86,1568.0,2.404146419226509,2.404146419226509,2.404146419226509,1568.0,0.8086619999958202,baseline_progress
GA,87,1586.0,2.4043395893121993,2.4043395893121993,2.4043395893121993,1586.0,0.8173804000252858,baseline_progress
GA,88,1604.0,2.4043395893121993,2.4043395893121993,2.4043395893121993,1604.0,0.8260250000166707,baseline_progress
