T_bandwidth_calibration,T_compute_device,T_d_compute,T_total,T_worker_elapsed_s,actual_start_at_utc,barrier_ready_at_utc,barrier_release_at_utc,cloud_exit_check,cloud_exit_head_compute,cloud_queue,cloud_segment_compute,confidence,d2e_transport,decision_id,decision_version,device_compute,difficulty,e2c_transport,edge_exit_check,edge_exit_head_compute,edge_queue,edge_segment_compute,executed_segments_by_node,exit_boundary_id,exit_id,exit_location,is_correct,label,objective_alpha,objective_beta,observed_accuracy,observed_latency,observed_utility,prediction,request_id,request_seq,request_trace,sample_id,sample_index,source_index,start_skew_s,test_sample_seed,total_latency,unattributed_overhead,user_id
0.0,0.28013464697869495,0.28013464697869495,0.28017044498119503,0.28013464697869495,1784947379.9494882,1784947379.2240157,1784947379.4740157,0.0,0.0,0.0,0.0,0.4120303690433502,0.0,ablate-end-only-resnet50-cifar10-pi5-r3-20260725-104252:v1,1,0.28013464697869495,unknown,0.0,0.0,0.0,0.0,0.0,"{'device': [0, 1, 2, 3, 4, 5, 6, 7, 8, 9, 10, 11, 12, 13, 14, 15, 16, 17, 18]}",19,final,device,False,5,1.0,5.0,0.0,0.28017044498119503,-1.4008522249059752,4,c2376ff030fa4148a3c815de798b7a3a,0,"{'device_compute': 0.28013464697869495, 'd2e_transport': 0.0, 'edge_queue': 0.0, 'edge_segment_compute': 0.0, 'edge_exit_head_compute': 0.0, 'edge_exit_check': 0.0, 'e2c_transport': 0.0, 'cloud_queue': 0.0, 'cloud_segment_compute': 0.0, 'cloud_exit_head_compute': 0.0, 'cloud_exit_check': 0.0, 'total_latency': 0.28017044498119503, 'unattributed_overhead': 3.579800250008702e-05, 'request_id': 'c2376ff030fa4148a3c815de798b7a3a', 'user_id': 0, 'prediction': 4, 'exit_id': 'final', 'exit_boundary_id': 19, 'exit_location': 'device', 'confidence': 0.4120303690433502, 'executed_segments_by_node': {'device': [0, 1, 2, 3, 4, 5, 6, 7, 8, 9, 10, 11, 12, 13, 14, 15, 16, 17, 18]}, 'nodes': [{'node': 'device', 'executed_segments': [0, 1, 2, 3, 4, 5, 6, 7, 8, 9, 10, 11, 12, 13, 14, 15, 16, 17, 18], 'queue_s': 0.0, 'segment_compute_s': 0.27627244306495413, 'exit_head_compute_s': 0.0029938789957668632, 'exit_check_s': 0.00032975300564430654, 'worker_elapsed_s': 0.28013464697869495}], 'sample_id': 'balanced_005_0631_00006257', 'label': 5, 'correct': False, 'observed_utility': -1.4008522249059752}",balanced_005_0631_00006257,0,6257,0.47547245025634766,7897155903844714889,0.28017044498119503,3.579800250008702e-05,0
0.0,0.25056265998864546,0.25056265998864546,0.25059201300609857,0.25056265998864546,1784947381.1698444,1784947380.4493573,1784947380.6993573,0.0,0.0,0.0,0.0,0.9999948740005493,0.0,ablate-end-only-resnet50-cifar10-pi5-r3-20260725-104252:v1,1,0.25056265998864546,unknown,0.0,0.0,0.0,0.0,0.0,"{'device': [0, 1, 2, 3, 4, 5, 6, 7, 8, 9, 10, 11, 12, 13, 14, 15, 16, 17, 18]}",19,final,device,True,2,1.0,5.0,1.0,0.25059201300609857,-0.25296006503049284,2,c10e682c392f42888404faaf93e8d0a5,1,"{'device_compute': 0.25056265998864546, 'd2e_transport': 0.0, 'edge_queue': 0.0, 'edge_segment_compute': 0.0, 'edge_exit_head_compute': 0.0, 'edge_exit_check': 0.0, 'e2c_transport': 0.0, 'cloud_queue': 0.0, 'cloud_segment_compute': 0.0, 'cloud_exit_head_compute': 0.0, 'cloud_exit_check': 0.0, 'total_latency': 0.25059201300609857, 'unattributed_overhead': 2.9353017453104258e-05, 'request_id': 'c10e682c392f42888404faaf93e8d0a5', 'user_id': 0, 'prediction': 2, 'exit_id': 'final', 'exit_boundary_id': 19, 'exit_location': 'device', 'confidence': 0.9999948740005493, 'executed_segments_by_node': {'device': [0, 1, 2, 3, 4, 5, 6, 7, 8, 9, 10, 11, 12, 13, 14, 15, 16, 17, 18]}, 'nodes': [{'node': 'device', 'executed_segments': [0, 1, 2, 3, 4, 5, 6, 7, 8, 9, 10, 11, 12, 13, 14, 15, 16, 17, 18], 'queue_s': 0.0, 'segment_compute_s': 0.2464790980448015, 'exit_head_compute_s': 0.003290906024631113, 'exit_check_s': 0.00026749103562906384, 'worker_elapsed_s': 0.25056265998864546}], 'sample_id': 'balanced_002_0767_00007646', 'label': 2, 'correct': True, 'observed_utility': -0.25296006503049284}",balanced_002_0767_00007646,1,7646,0.470487117767334,7897155903844714889,0.25059201300609857,2.9353017453104258e-05,0
0.0,0.25565583200659603,0.25565583200659603,0.2556850730034057,0.25565583200659603,1784947381.4838681,1784947380.7622457,1784947381.0122457,0.0,0.0,0.0,0.0,0.9999977350234985,0.0,ablate-end-only-resnet50-cifar10-pi5-r3-20260725-104252:v1,1,0.25565583200659603,unknown,0.0,0.0,0.0,0.0,0.0,"{'device': [0, 1, 2, 3, 4, 5, 6, 7, 8, 9, 10, 11, 12, 13, 14, 15, 16, 17, 18]}",19,final,device,True,0,1.0,5.0,1.0,0.2556850730034057,-0.2784253650170285,0,e7e2788db17644e4b273c08b79150ff4,2,"{'device_compute': 0.25565583200659603, 'd2e_transport': 0.0, 'edge_queue': 0.0, 'edge_segment_compute': 0.0, 'edge_exit_head_compute': 0.0, 'edge_exit_check': 0.0, 'e2c_transport': 0.0, 'cloud_queue': 0.0, 'cloud_segment_compute': 0.0, 'cloud_exit_head_compute': 0.0, 'cloud_exit_check': 0.0, 'total_latency': 0.2556850730034057, 'unattributed_overhead': 2.924099680967629e-05, 'request_id': 'e7e2788db17644e4b273c08b79150ff4', 'user_id': 0, 'prediction': 0, 'exit_id': 'final', 'exit_boundary_id': 19, 'exit_location': 'device', 'confidence': 0.9999977350234985, 'executed_segments_by_node': {'device': [0, 1, 2, 3, 4, 5, 6, 7, 8, 9, 10, 11, 12, 13, 14, 15, 16, 17, 18]}, 'nodes': [{'node': 'device', 'executed_segments': [0, 1, 2, 3, 4, 5, 6, 7, 8, 9, 10, 11, 12, 13, 14, 15, 16, 17, 18], 'queue_s': 0.0, 'segment_compute_s': 0.25280875590397045, 'exit_head_compute_s': 0.002115775045240298, 'exit_check_s': 0.00024685997050255537, 'worker_elapsed_s': 0.25565583200659603}], 'sample_id': 'balanced_000_0188_00001903', 'label': 0, 'correct': True, 'observed_utility': -0.2784253650170285}",balanced_000_0188_00001903,2,1903,0.4716224670410156,7897155903844714889,0.2556850730034057,2.924099680967629e-05,0
0.0,0.25405760799185373,0.25405760799185373,0.2540875529812183,0.25405760799185373,1784947381.7932622,1784947381.0680814,1784947381.3180814,0.0,0.0,0.0,0.0,0.9978600144386292,0.0,ablate-end-only-resnet50-cifar10-pi5-r3-20260725-104252:v1,1,0.25405760799185373,unknown,0.0,0.0,0.0,0.0,0.0,"{'device': [0, 1, 2, 3, 4, 5, 6, 7, 8, 9, 10, 11, 12, 13, 14, 15, 16, 17, 18]}",19,final,device,True,8,1.0,5.0,1.0,0.2540875529812183,-0.2704377649060916,8,270434b057e84c95bcfd174a617fc3d1,3,"{'device_compute': 0.25405760799185373, 'd2e_transport': 0.0, 'edge_queue': 0.0, 'edge_segment_compute': 0.0, 'edge_exit_head_compute': 0.0, 'edge_exit_check': 0.0, 'e2c_transport': 0.0, 'cloud_queue': 0.0, 'cloud_segment_compute': 0.0, 'cloud_exit_head_compute': 0.0, 'cloud_exit_check': 0.0, 'total_latency': 0.2540875529812183, 'unattributed_overhead': 2.994498936459422e-05, 'request_id': '270434b057e84c95bcfd174a617fc3d1', 'user_id': 0, 'prediction': 8, 'exit_id': 'final', 'exit_boundary_id': 19, 'exit_location': 'device', 'confidence': 0.9978600144386292, 'executed_segments_by_node': {'device': [0, 1, 2, 3, 4, 5, 6, 7, 8, 9, 10, 11, 12, 13, 14, 15, 16, 17, 18]}, 'nodes': [{'node': 'device', 'executed_segments': [0, 1, 2, 3, 4, 5, 6, 7, 8, 9, 10, 11, 12, 13, 14, 15, 16, 17, 18], 'queue_s': 0.0, 'segment_compute_s': 0.249934578925604, 'exit_head_compute_s': 0.0033938730484806, 'exit_check_s': 0.00025073098368011415, 'worker_elapsed_s': 0.25405760799185373}], 'sample_id': 'balanced_008_0934_00009347', 'label': 8, 'correct': True, 'observed_utility': -0.2704377649060916}",balanced_008_0934_00009347,3,9347,0.47518086433410645,7897155903844714889,0.2540875529812183,2.994498936459422e-05,0
0.0,0.2503811540082097,0.2503811540082097,0.25041065498953685,0.2503811540082097,1784947382.0908988,1784947381.37034,1784947381.62034,0.0,0.0,0.0,0.0,0.9999948740005493,0.0,ablate-end-only-resnet50-cifar10-pi5-r3-20260725-104252:v1,1,0.2503811540082097,unknown,0.0,0.0,0.0,0.0,0.0,"{'device': [0, 1, 2, 3, 4, 5, 6, 7, 8, 9, 10, 11, 12, 13, 14, 15, 16, 17, 18]}",19,final,device,True,4,1.0,5.0,1.0,0.25041065498953685,-0.25205327494768426,4,9229834372f44191ab2061fe9e80ded6,4,"{'device_compute': 0.2503811540082097, 'd2e_transport': 0.0, 'edge_queue': 0.0, 'edge_segment_compute': 0.0, 'edge_exit_head_compute': 0.0, 'edge_exit_check': 0.0, 'e2c_transport': 0.0, 'cloud_queue': 0.0, 'cloud_segment_compute': 0.0, 'cloud_exit_head_compute': 0.0, 'cloud_exit_check': 0.0, 'total_latency': 0.25041065498953685, 'unattributed_overhead': 2.9500981327146292e-05, 'request_id': '9229834372f44191ab2061fe9e80ded6', 'user_id': 0, 'prediction': 4, 'exit_id': 'final', 'exit_boundary_id': 19, 'exit_location': 'device', 'confidence': 0.9999948740005493, 'executed_segments_by_node': {'device': [0, 1, 2, 3, 4, 5, 6, 7, 8, 9, 10, 11, 12, 13, 14, 15, 16, 17, 18]}, 'nodes': [{'node': 'device', 'executed_segments': [0, 1, 2, 3, 4, 5, 6, 7, 8, 9, 10, 11, 12, 13, 14, 15, 16, 17, 18], 'queue_s': 0.0, 'segment_compute_s': 0.24667843693168834, 'exit_head_compute_s': 0.002944208972621709, 'exit_check_s': 0.0002705650113057345, 'worker_elapsed_s': 0.2503811540082097}], 'sample_id': 'balanced_004_0849_00008375', 'label': 4, 'correct': True, 'observed_utility': -0.25205327494768426}",balanced_004_0849_00008375,4,8375,0.47055864334106445,7897155903844714889,0.25041065498953685,2.9500981327146292e-05,0
0.0,0.25974367099115625,0.25974367099115625,0.2597729499975685,0.25974367099115625,1784947382.4115555,1784947381.6875408,1784947381.9375408,0.0,0.0,0.0,0.0,0.9999363422393799,0.0,ablate-end-only-resnet50-cifar10-pi5-r3-20260725-104252:v1,1,0.25974367099115625,unknown,0.0,0.0,0.0,0.0,0.0,"{'device': [0, 1, 2, 3, 4, 5, 6, 7, 8, 9, 10, 11, 12, 13, 14, 15, 16, 17, 18]}",19,final,device,True,6,1.0,5.0,1.0,0.2597729499975685,-0.2988647499878425,6,d03ac9085fc7489f8cbd1641cb74b1d3,5,"{'device_compute': 0.25974367099115625, 'd2e_transport': 0.0, 'edge_queue': 0.0, 'edge_segment_compute': 0.0, 'edge_exit_head_compute': 0.0, 'edge_exit_check': 0.0, 'e2c_transport': 0.0, 'cloud_queue': 0.0, 'cloud_segment_compute': 0.0, 'cloud_exit_head_compute': 0.0, 'cloud_exit_check': 0.0, 'total_latency': 0.2597729499975685, 'unattributed_overhead': 2.9279006412252784e-05, 'request_id': 'd03ac9085fc7489f8cbd1641cb74b1d3', 'user_id': 0, 'prediction': 6, 'exit_id': 'final', 'exit_boundary_id': 19, 'exit_location': 'device', 'confidence': 0.9999363422393799, 'executed_segments_by_node': {'device': [0, 1, 2, 3, 4, 5, 6, 7, 8, 9, 10, 11, 12, 13, 14, 15, 16, 17, 18]}, 'nodes': [{'node': 'device', 'executed_segments': [0, 1, 2, 3, 4, 5, 6, 7, 8, 9, 10, 11, 12, 13, 14, 15, 16, 17, 18], 'queue_s': 0.0, 'segment_compute_s': 0.251923244970385, 'exit_head_compute_s': 0.007007142994552851, 'exit_check_s': 0.0002990100474562496, 'worker_elapsed_s': 0.25974367099115625}], 'sample_id': 'balanced_006_0127_00001087', 'label': 6, 'correct': True, 'observed_utility': -0.2988647499878425}",balanced_006_0127_00001087,5,1087,0.4740147590637207,7897155903844714889,0.2597729499975685,2.9279006412252784e-05,0
0.0,0.2396548859833274,0.2396548859833274,0.23968368300120346,0.2396548859833274,1784947382.708328,1784947381.983754,1784947382.233754,0.0,0.0,0.0,0.0,0.8373332619667053,0.0,ablate-end-only-resnet50-cifar10-pi5-r3-20260725-104252:v1,1,0.2396548859833274,unknown,0.0,0.0,0.0,0.0,0.0,"{'device': [0, 1, 2, 3, 4, 5, 6, 7, 8, 9, 10, 11, 12, 13, 14, 15, 16, 17, 18]}",19,final,device,False,5,1.0,5.0,0.0,0.23968368300120346,-1.1984184150060173,3,9f360ef0af094f18934ee8c80162698a,6,"{'device_compute': 0.2396548859833274, 'd2e_transport': 0.0, 'edge_queue': 0.0, 'edge_segment_compute': 0.0, 'edge_exit_head_compute': 0.0, 'edge_exit_check': 0.0, 'e2c_transport': 0.0, 'cloud_queue': 0.0, 'cloud_segment_compute': 0.0, 'cloud_exit_head_compute': 0.0, 'cloud_exit_check': 0.0, 'total_latency': 0.23968368300120346, 'unattributed_overhead': 2.8797017876058817e-05, 'request_id': '9f360ef0af094f18934ee8c80162698a', 'user_id': 0, 'prediction': 3, 'exit_id': 'final', 'exit_boundary_id': 19, 'exit_location': 'device', 'confidence': 0.8373332619667053, 'executed_segments_by_node': {'device': [0, 1, 2, 3, 4, 5, 6, 7, 8, 9, 10, 11, 12, 13, 14, 15, 16, 17, 18]}, 'nodes': [{'node': 'device', 'executed_segments': [0, 1, 2, 3, 4, 5, 6, 7, 8, 9, 10, 11, 12, 13, 14, 15, 16, 17, 18], 'queue_s': 0.0, 'segment_compute_s': 0.2367760099878069, 'exit_head_compute_s': 0.002141091041266918, 'exit_check_s': 0.0002509349724277854, 'worker_elapsed_s': 0.2396548859833274}], 'sample_id': 'balanced_005_0417_00004275', 'label': 5, 'correct': False, 'observed_utility': -1.1984184150060173}",balanced_005_0417_00004275,6,4275,0.47457408905029297,7897155903844714889,0.23968368300120346,2.8797017876058817e-05,0
0.0,0.24803818599320948,0.24803818599320948,0.2480671500088647,0.24803818599320948,1784947383.0092995,1784947382.2445412,1784947382.4945412,0.0,0.0,0.0,0.0,0.9998378753662109,0.0,ablate-end-only-resnet50-cifar10-pi5-r3-20260725-104252:v1,1,0.24803818599320948,unknown,0.0,0.0,0.0,0.0,0.0,"{'device': [0, 1, 2, 3, 4, 5, 6, 7, 8, 9, 10, 11, 12, 13, 14, 15, 16, 17, 18]}",19,final,device,True,2,1.0,5.0,1.0,0.2480671500088647,-0.2403357500443235,2,ac6f480e9d9741279c0a8a3894bf8036,7,"{'device_compute': 0.24803818599320948, 'd2e_transport': 0.0, 'edge_queue': 0.0, 'edge_segment_compute': 0.0, 'edge_exit_head_compute': 0.0, 'edge_exit_check': 0.0, 'e2c_transport': 0.0, 'cloud_queue': 0.0, 'cloud_segment_compute': 0.0, 'cloud_exit_head_compute': 0.0, 'cloud_exit_check': 0.0, 'total_latency': 0.2480671500088647, 'unattributed_overhead': 2.8964015655219555e-05, 'request_id': 'ac6f480e9d9741279c0a8a3894bf8036', 'user_id': 0, 'prediction': 2, 'exit_id': 'final', 'exit_boundary_id': 19, 'exit_location': 'device', 'confidence': 0.9998378753662109, 'executed_segments_by_node': {'device': [0, 1, 2, 3, 4, 5, 6, 7, 8, 9, 10, 11, 12, 13, 14, 15, 16, 17, 18]}, 'nodes': [{'node': 'device', 'executed_segments': [0, 1, 2, 3, 4, 5, 6, 7, 8, 9, 10, 11, 12, 13, 14, 15, 16, 17, 18], 'queue_s': 0.0, 'segment_compute_s': 0.24408457000390626, 'exit_head_compute_s': 0.0031672919867560267, 'exit_check_s': 0.00025411901879124343, 'worker_elapsed_s': 0.24803818599320948}], 'sample_id': 'balanced_002_0336_00003250', 'label': 2, 'correct': True, 'observed_utility': -0.2403357500443235}",balanced_002_0336_00003250,7,3250,0.5147583484649658,7897155903844714889,0.2480671500088647,2.8964015655219555e-05,0
0.0,0.24870765302330256,0.24870765302330256,0.24873582102009095,0.24870765302330256,1784947383.3165622,1784947382.554483,1784947382.804483,0.0,0.0,0.0,0.0,0.8954404592514038,0.0,ablate-end-only-resnet50-cifar10-pi5-r3-20260725-104252:v1,1,0.24870765302330256,unknown,0.0,0.0,0.0,0.0,0.0,"{'device': [0, 1, 2, 3, 4, 5, 6, 7, 8, 9, 10, 11, 12, 13, 14, 15, 16, 17, 18]}",19,final,device,False,6,1.0,5.0,0.0,0.24873582102009095,-1.2436791051004548,3,3bc146e2ed5e4b5097dde0a79ff8c7a0,8,"{'device_compute': 0.24870765302330256, 'd2e_transport': 0.0, 'edge_queue': 0.0, 'edge_segment_compute': 0.0, 'edge_exit_head_compute': 0.0, 'edge_exit_check': 0.0, 'e2c_transport': 0.0, 'cloud_queue': 0.0, 'cloud_segment_compute': 0.0, 'cloud_exit_head_compute': 0.0, 'cloud_exit_check': 0.0, 'total_latency': 0.24873582102009095, 'unattributed_overhead': 2.816799678839743e-05, 'request_id': '3bc146e2ed5e4b5097dde0a79ff8c7a0', 'user_id': 0, 'prediction': 3, 'exit_id': 'final', 'exit_boundary_id': 19, 'exit_location': 'device', 'confidence': 0.8954404592514038, 'executed_segments_by_node': {'device': [0, 1, 2, 3, 4, 5, 6, 7, 8, 9, 10, 11, 12, 13, 14, 15, 16, 17, 18]}, 'nodes': [{'node': 'device', 'executed_segments': [0, 1, 2, 3, 4, 5, 6, 7, 8, 9, 10, 11, 12, 13, 14, 15, 16, 17, 18], 'queue_s': 0.0, 'segment_compute_s': 0.2447905049775727, 'exit_head_compute_s': 0.0031699399987701327, 'exit_check_s': 0.0002566949697211385, 'worker_elapsed_s': 0.24870765302330256}], 'sample_id': 'balanced_006_0238_00002299', 'label': 6, 'correct': False, 'observed_utility': -1.2436791051004548}",balanced_006_0238_00002299,8,2299,0.5120792388916016,7897155903844714889,0.24873582102009095,2.816799678839743e-05,0
0.0,0.26247539100586437,0.26247539100586437,0.26250431800144725,0.26247539100586437,1784947383.6301897,1784947382.9092526,1784947383.1592526,0.0,0.0,0.0,0.0,0.9999972581863403,0.0,ablate-end-only-resnet50-cifar10-pi5-r3-20260725-104252:v1,1,0.26247539100586437,unknown,0.0,0.0,0.0,0.0,0.0,"{'device': [0, 1, 2, 3, 4, 5, 6, 7, 8, 9, 10, 11, 12, 13, 14, 15, 16, 17, 18]}",19,final,device,True,7,1.0,5.0,1.0,0.26250431800144725,-0.3125215900072362,7,b8680b97ddcc467aa2f943f986289129,9,"{'device_compute': 0.26247539100586437, 'd2e_transport': 0.0, 'edge_queue': 0.0, 'edge_segment_compute': 0.0, 'edge_exit_head_compute': 0.0, 'edge_exit_check': 0.0, 'e2c_transport': 0.0, 'cloud_queue': 0.0, 'cloud_segment_compute': 0.0, 'cloud_exit_head_compute': 0.0, 'cloud_exit_check': 0.0, 'total_latency': 0.26250431800144725, 'unattributed_overhead': 2.892699558287859e-05, 'request_id': 'b8680b97ddcc467aa2f943f986289129', 'user_id': 0, 'prediction': 7, 'exit_id': 'final', 'exit_boundary_id': 19, 'exit_location': 'device', 'confidence': 0.9999972581863403, 'executed_segments_by_node': {'device': [0, 1, 2, 3, 4, 5, 6, 7, 8, 9, 10, 11, 12, 13, 14, 15, 16, 17, 18]}, 'nodes': [{'node': 'device', 'executed_segments': [0, 1, 2, 3, 4, 5, 6, 7, 8, 9, 10, 11, 12, 13, 14, 15, 16, 17, 18], 'queue_s': 0.0, 'segment_compute_s': 0.2588288239494432, 'exit_head_compute_s': 0.002879337000194937, 'exit_check_s': 0.0002645630156621337, 'worker_elapsed_s': 0.26247539100586437}], 'sample_id': 'balanced_007_0800_00008004', 'label': 7, 'correct': True, 'observed_utility': -0.3125215900072362}",balanced_007_0800_00008004,9,8004,0.47093701362609863,7897155903844714889,0.26250431800144725,2.892699558287859e-05,0
0.0,0.24716377098229714,0.24716377098229714,0.24719219698454253,0.24716377098229714,1784947383.958618,1784947383.232009,1784947383.482009,0.0,0.0,0.0,0.0,0.5966489315032959,0.0,ablate-end-only-resnet50-cifar10-pi5-r3-20260725-104252:v1,1,0.24716377098229714,unknown,0.0,0.0,0.0,0.0,0.0,"{'device': [0, 1, 2, 3, 4, 5, 6, 7, 8, 9, 10, 11, 12, 13, 14, 15, 16, 17, 18]}",19,final,device,False,2,1.0,5.0,0.0,0.24719219698454253,-1.2359609849227127,0,d658c512ebae4ac0a0d1f0b7e11e4596,10,"{'device_compute': 0.24716377098229714, 'd2e_transport': 0.0, 'edge_queue': 0.0, 'edge_segment_compute': 0.0, 'edge_exit_head_compute': 0.0, 'edge_exit_check': 0.0, 'e2c_transport': 0.0, 'cloud_queue': 0.0, 'cloud_segment_compute': 0.0, 'cloud_exit_head_compute': 0.0, 'cloud_exit_check': 0.0, 'total_latency': 0.24719219698454253, 'unattributed_overhead': 2.8426002245396376e-05, 'request_id': 'd658c512ebae4ac0a0d1f0b7e11e4596', 'user_id': 0, 'prediction': 0, 'exit_id': 'final', 'exit_boundary_id': 19, 'exit_location': 'device', 'confidence': 0.5966489315032959, 'executed_segments_by_node': {'device': [0, 1, 2, 3, 4, 5, 6, 7, 8, 9, 10, 11, 12, 13, 14, 15, 16, 17, 18]}, 'nodes': [{'node': 'device', 'executed_segments': [0, 1, 2, 3, 4, 5, 6, 7, 8, 9, 10, 11, 12, 13, 14, 15, 16, 17, 18], 'queue_s': 0.0, 'segment_compute_s': 0.24408679991029203, 'exit_head_compute_s': 0.0023383190273307264, 'exit_check_s': 0.0002519349509384483, 'worker_elapsed_s': 0.24716377098229714}], 'sample_id': 'balanced_002_0788_00007821', 'label': 2, 'correct': False, 'observed_utility': -1.2359609849227127}",balanced_002_0788_00007821,10,7821,0.4766089916229248,7897155903844714889,0.24719219698454253,2.8426002245396376e-05,0
0.0,0.2605955119943246,0.2605955119943246,0.260624160990119,0.2605955119943246,1784947384.2413862,1784947383.5202043,1784947383.7702043,0.0,0.0,0.0,0.0,0.9995946288108826,0.0,ablate-end-only-resnet50-cifar10-pi5-r3-20260725-104252:v1,1,0.2605955119943246,unknown,0.0,0.0,0.0,0.0,0.0,"{'device': [0, 1, 2, 3, 4, 5, 6, 7, 8, 9, 10, 11, 12, 13, 14, 15, 16, 17, 18]}",19,final,device,True,3,1.0,5.0,1.0,0.260624160990119,-0.3031208049505949,3,c003384d8c9e4a6191d222f73372904f,11,"{'device_compute': 0.2605955119943246, 'd2e_transport': 0.0, 'edge_queue': 0.0, 'edge_segment_compute': 0.0, 'edge_exit_head_compute': 0.0, 'edge_exit_check': 0.0, 'e2c_transport': 0.0, 'cloud_queue': 0.0, 'cloud_segment_compute': 0.0, 'cloud_exit_head_compute': 0.0, 'cloud_exit_check': 0.0, 'total_latency': 0.260624160990119, 'unattributed_overhead': 2.864899579435587e-05, 'request_id': 'c003384d8c9e4a6191d222f73372904f', 'user_id': 0, 'prediction': 3, 'exit_id': 'final', 'exit_boundary_id': 19, 'exit_location': 'device', 'confidence': 0.9995946288108826, 'executed_segments_by_node': {'device': [0, 1, 2, 3, 4, 5, 6, 7, 8, 9, 10, 11, 12, 13, 14, 15, 16, 17, 18]}, 'nodes': [{'node': 'device', 'executed_segments': [0, 1, 2, 3, 4, 5, 6, 7, 8, 9, 10, 11, 12, 13, 14, 15, 16, 17, 18], 'queue_s': 0.0, 'segment_compute_s': 0.25114677296369337, 'exit_head_compute_s': 0.008676937985001132, 'exit_check_s': 0.0002775639877654612, 'worker_elapsed_s': 0.2605955119943246}], 'sample_id': 'balanced_003_0554_00005535', 'label': 3, 'correct': True, 'observed_utility': -0.3031208049505949}",balanced_003_0554_00005535,11,5535,0.47118186950683594,7897155903844714889,0.260624160990119,2.864899579435587e-05,0
0.0,0.2546536110166926,0.2546536110166926,0.2546827970072627,0.2546536110166926,1784947384.5639765,1784947383.8278506,1784947384.0778506,0.0,0.0,0.0,0.0,0.999894380569458,0.0,ablate-end-only-resnet50-cifar10-pi5-r3-20260725-104252:v1,1,0.2546536110166926,unknown,0.0,0.0,0.0,0.0,0.0,"{'device': [0, 1, 2, 3, 4, 5, 6, 7, 8, 9, 10, 11, 12, 13, 14, 15, 16, 17, 18]}",19,final,device,True,1,1.0,5.0,1.0,0.2546827970072627,-0.27341398503631353,1,7ccf0f1a4f8444b98be8d6acfd8166f1,12,"{'device_compute': 0.2546536110166926, 'd2e_transport': 0.0, 'edge_queue': 0.0, 'edge_segment_compute': 0.0, 'edge_exit_head_compute': 0.0, 'edge_exit_check': 0.0, 'e2c_transport': 0.0, 'cloud_queue': 0.0, 'cloud_segment_compute': 0.0, 'cloud_exit_head_compute': 0.0, 'cloud_exit_check': 0.0, 'total_latency': 0.2546827970072627, 'unattributed_overhead': 2.9185990570113063e-05, 'request_id': '7ccf0f1a4f8444b98be8d6acfd8166f1', 'user_id': 0, 'prediction': 1, 'exit_id': 'final', 'exit_boundary_id': 19, 'exit_location': 'device', 'confidence': 0.999894380569458, 'executed_segments_by_node': {'device': [0, 1, 2, 3, 4, 5, 6, 7, 8, 9, 10, 11, 12, 13, 14, 15, 16, 17, 18]}, 'nodes': [{'node': 'device', 'executed_segments': [0, 1, 2, 3, 4, 5, 6, 7, 8, 9, 10, 11, 12, 13, 14, 15, 16, 17, 18], 'queue_s': 0.0, 'segment_compute_s': 0.2506489410297945, 'exit_head_compute_s': 0.0032826290116645396, 'exit_check_s': 0.000249268050538376, 'worker_elapsed_s': 0.2546536110166926}], 'sample_id': 'balanced_001_0044_00000572', 'label': 1, 'correct': True, 'observed_utility': -0.27341398503631353}",balanced_001_0044_00000572,12,572,0.4861259460449219,7897155903844714889,0.2546827970072627,2.9185990570113063e-05,0
0.0,0.24485412699868903,0.24485412699868903,0.24488309098524041,0.24485412699868903,1784947384.8649807,1784947384.138525,1784947384.388525,0.0,0.0,0.0,0.0,0.999994158744812,0.0,ablate-end-only-resnet50-cifar10-pi5-r3-20260725-104252:v1,1,0.24485412699868903,unknown,0.0,0.0,0.0,0.0,0.0,"{'device': [0, 1, 2, 3, 4, 5, 6, 7, 8, 9, 10, 11, 12, 13, 14, 15, 16, 17, 18]}",19,final,device,True,9,1.0,5.0,1.0,0.24488309098524041,-0.22441545492620207,9,fd4ba4d3ae6c4a9abe9b4ff1f906a996,13,"{'device_compute': 0.24485412699868903, 'd2e_transport': 0.0, 'edge_queue': 0.0, 'edge_segment_compute': 0.0, 'edge_exit_head_compute': 0.0, 'edge_exit_check': 0.0, 'e2c_transport': 0.0, 'cloud_queue': 0.0, 'cloud_segment_compute': 0.0, 'cloud_exit_head_compute': 0.0, 'cloud_exit_check': 0.0, 'total_latency': 0.24488309098524041, 'unattributed_overhead': 2.8963986551389098e-05, 'request_id': 'fd4ba4d3ae6c4a9abe9b4ff1f906a996', 'user_id': 0, 'prediction': 9, 'exit_id': 'final', 'exit_boundary_id': 19, 'exit_location': 'device', 'confidence': 0.999994158744812, 'executed_segments_by_node': {'device': [0, 1, 2, 3, 4, 5, 6, 7, 8, 9, 10, 11, 12, 13, 14, 15, 16, 17, 18]}, 'nodes': [{'node': 'device', 'executed_segments': [0, 1, 2, 3, 4, 5, 6, 7, 8, 9, 10, 11, 12, 13, 14, 15, 16, 17, 18], 'queue_s': 0.0, 'segment_compute_s': 0.24197236291365698, 'exit_head_compute_s': 0.0021407760214060545, 'exit_check_s': 0.0002505259762983769, 'worker_elapsed_s': 0.24485412699868903}], 'sample_id': 'balanced_009_0076_00000651', 'label': 9, 'correct': True, 'observed_utility': -0.22441545492620207}",balanced_009_0076_00000651,13,651,0.4764556884765625,7897155903844714889,0.24488309098524041,2.8963986551389098e-05,0
0.0,0.24027402000501752,0.24027402000501752,0.24030215098173358,0.24027402000501752,1784947385.1694708,1784947384.4466898,1784947384.6966898,0.0,0.0,0.0,0.0,0.9998611211776733,0.0,ablate-end-only-resnet50-cifar10-pi5-r3-20260725-104252:v1,1,0.24027402000501752,unknown,0.0,0.0,0.0,0.0,0.0,"{'device': [0, 1, 2, 3, 4, 5, 6, 7, 8, 9, 10, 11, 12, 13, 14, 15, 16, 17, 18]}",19,final,device,True,9,1.0,5.0,1.0,0.24030215098173358,-0.20151075490866788,9,0fed7d34d2c4438b9dedb3bfb2cb88dc,14,"{'device_compute': 0.24027402000501752, 'd2e_transport': 0.0, 'edge_queue': 0.0, 'edge_segment_compute': 0.0, 'edge_exit_head_compute': 0.0, 'edge_exit_check': 0.0, 'e2c_transport': 0.0, 'cloud_queue': 0.0, 'cloud_segment_compute': 0.0, 'cloud_exit_head_compute': 0.0, 'cloud_exit_check': 0.0, 'total_latency': 0.24030215098173358, 'unattributed_overhead': 2.8130976716056466e-05, 'request_id': '0fed7d34d2c4438b9dedb3bfb2cb88dc', 'user_id': 0, 'prediction': 9, 'exit_id': 'final', 'exit_boundary_id': 19, 'exit_location': 'device', 'confidence': 0.9998611211776733, 'executed_segments_by_node': {'device': [0, 1, 2, 3, 4, 5, 6, 7, 8, 9, 10, 11, 12, 13, 14, 15, 16, 17, 18]}, 'nodes': [{'node': 'device', 'executed_segments': [0, 1, 2, 3, 4, 5, 6, 7, 8, 9, 10, 11, 12, 13, 14, 15, 16, 17, 18], 'queue_s': 0.0, 'segment_compute_s': 0.2373926870059222, 'exit_head_compute_s': 0.0021428119798656553, 'exit_check_s': 0.0002459710231050849, 'worker_elapsed_s': 0.24027402000501752}], 'sample_id': 'balanced_009_0078_00000660', 'label': 9, 'correct': True, 'observed_utility': -0.20151075490866788}",balanced_009_0078_00000660,14,660,0.4727809429168701,7897155903844714889,0.24030215098173358,2.8130976716056466e-05,0
0.0,0.24231738498201594,0.24231738498201594,0.24234571898705326,0.24231738498201594,1784947385.4772332,1784947384.751791,1784947385.001791,0.0,0.0,0.0,0.0,0.9999717473983765,0.0,ablate-end-only-resnet50-cifar10-pi5-r3-20260725-104252:v1,1,0.24231738498201594,unknown,0.0,0.0,0.0,0.0,0.0,"{'device': [0, 1, 2, 3, 4, 5, 6, 7, 8, 9, 10, 11, 12, 13, 14, 15, 16, 17, 18]}",19,final,device,True,8,1.0,5.0,1.0,0.24234571898705326,-0.2117285949352663,8,f0640c7a8be1424fa33918d4da691175,15,"{'device_compute': 0.24231738498201594, 'd2e_transport': 0.0, 'edge_queue': 0.0, 'edge_segment_compute': 0.0, 'edge_exit_head_compute': 0.0, 'edge_exit_check': 0.0, 'e2c_transport': 0.0, 'cloud_queue': 0.0, 'cloud_segment_compute': 0.0, 'cloud_exit_head_compute': 0.0, 'cloud_exit_check': 0.0, 'total_latency': 0.24234571898705326, 'unattributed_overhead': 2.833400503732264e-05, 'request_id': 'f0640c7a8be1424fa33918d4da691175', 'user_id': 0, 'prediction': 8, 'exit_id': 'final', 'exit_boundary_id': 19, 'exit_location': 'device', 'confidence': 0.9999717473983765, 'executed_segments_by_node': {'device': [0, 1, 2, 3, 4, 5, 6, 7, 8, 9, 10, 11, 12, 13, 14, 15, 16, 17, 18]}, 'nodes': [{'node': 'device', 'executed_segments': [0, 1, 2, 3, 4, 5, 6, 7, 8, 9, 10, 11, 12, 13, 14, 15, 16, 17, 18], 'queue_s': 0.0, 'segment_compute_s': 0.23933945002499968, 'exit_head_compute_s': 0.002238037995994091, 'exit_check_s': 0.00025611798628233373, 'worker_elapsed_s': 0.24231738498201594}], 'sample_id': 'balanced_008_0306_00002921', 'label': 8, 'correct': True, 'observed_utility': -0.2117285949352663}",balanced_008_0306_00002921,15,2921,0.47544217109680176,7897155903844714889,0.24234571898705326,2.833400503732264e-05,0
0.0,0.2382605619786773,0.2382605619786773,0.23828956298530102,0.2382605619786773,1784947385.780412,1784947385.0578911,1784947385.3078911,0.0,0.0,0.0,0.0,0.9544128775596619,0.0,ablate-end-only-resnet50-cifar10-pi5-r3-20260725-104252:v1,1,0.2382605619786773,unknown,0.0,0.0,0.0,0.0,0.0,"{'device': [0, 1, 2, 3, 4, 5, 6, 7, 8, 9, 10, 11, 12, 13, 14, 15, 16, 17, 18]}",19,final,device,True,0,1.0,5.0,1.0,0.23828956298530102,-0.1914478149265051,0,799596fdf7f240d5baa8ee661ff4e2d7,16,"{'device_compute': 0.2382605619786773, 'd2e_transport': 0.0, 'edge_queue': 0.0, 'edge_segment_compute': 0.0, 'edge_exit_head_compute': 0.0, 'edge_exit_check': 0.0, 'e2c_transport': 0.0, 'cloud_queue': 0.0, 'cloud_segment_compute': 0.0, 'cloud_exit_head_compute': 0.0, 'cloud_exit_check': 0.0, 'total_latency': 0.23828956298530102, 'unattributed_overhead': 2.9001006623730063e-05, 'request_id': '799596fdf7f240d5baa8ee661ff4e2d7', 'user_id': 0, 'prediction': 0, 'exit_id': 'final', 'exit_boundary_id': 19, 'exit_location': 'device', 'confidence': 0.9544128775596619, 'executed_segments_by_node': {'device': [0, 1, 2, 3, 4, 5, 6, 7, 8, 9, 10, 11, 12, 13, 14, 15, 16, 17, 18]}, 'nodes': [{'node': 'device', 'executed_segments': [0, 1, 2, 3, 4, 5, 6, 7, 8, 9, 10, 11, 12, 13, 14, 15, 16, 17, 18], 'queue_s': 0.0, 'segment_compute_s': 0.23476531804772094, 'exit_head_compute_s': 0.002747146994806826, 'exit_check_s': 0.0002563050074968487, 'worker_elapsed_s': 0.2382605619786773}], 'sample_id': 'balanced_000_0635_00006394', 'label': 0, 'correct': True, 'observed_utility': -0.1914478149265051}",balanced_000_0635_00006394,16,6394,0.4725208282470703,7897155903844714889,0.23828956298530102,2.9001006623730063e-05,0
0.0,0.25185912699089386,0.25185912699089386,0.25188823899952695,0.25185912699089386,1784947386.0816026,1784947385.3219328,1784947385.5719328,0.0,0.0,0.0,0.0,0.9999985694885254,0.0,ablate-end-only-resnet50-cifar10-pi5-r3-20260725-104252:v1,1,0.25185912699089386,unknown,0.0,0.0,0.0,0.0,0.0,"{'device': [0, 1, 2, 3, 4, 5, 6, 7, 8, 9, 10, 11, 12, 13, 14, 15, 16, 17, 18]}",19,final,device,True,9,1.0,5.0,1.0,0.25188823899952695,-0.25944119499763474,9,bd7ecaaa67ae448688caf87fec34c176,17,"{'device_compute': 0.25185912699089386, 'd2e_transport': 0.0, 'edge_queue': 0.0, 'edge_segment_compute': 0.0, 'edge_exit_head_compute': 0.0, 'edge_exit_check': 0.0, 'e2c_transport': 0.0, 'cloud_queue': 0.0, 'cloud_segment_compute': 0.0, 'cloud_exit_head_compute': 0.0, 'cloud_exit_check': 0.0, 'total_latency': 0.25188823899952695, 'unattributed_overhead': 2.9112008633092046e-05, 'request_id': 'bd7ecaaa67ae448688caf87fec34c176', 'user_id': 0, 'prediction': 9, 'exit_id': 'final', 'exit_boundary_id': 19, 'exit_location': 'device', 'confidence': 0.9999985694885254, 'executed_segments_by_node': {'device': [0, 1, 2, 3, 4, 5, 6, 7, 8, 9, 10, 11, 12, 13, 14, 15, 16, 17, 18]}, 'nodes': [{'node': 'device', 'executed_segments': [0, 1, 2, 3, 4, 5, 6, 7, 8, 9, 10, 11, 12, 13, 14, 15, 16, 17, 18], 'queue_s': 0.0, 'segment_compute_s': 0.2488555089221336, 'exit_head_compute_s': 0.0021989080123603344, 'exit_check_s': 0.0002583430032245815, 'worker_elapsed_s': 0.25185912699089386}], 'sample_id': 'balanced_009_0606_00006034', 'label': 9, 'correct': True, 'observed_utility': -0.25944119499763474}",balanced_009_0606_00006034,17,6034,0.5096697807312012,7897155903844714889,0.25188823899952695,2.9112008633092046e-05,0
0.0,0.24153719199239276,0.24153719199239276,0.24156611898797564,0.24153719199239276,1784947386.3941972,1784947385.6740584,1784947385.9240584,0.0,0.0,0.0,0.0,0.9983335137367249,0.0,ablate-end-only-resnet50-cifar10-pi5-r3-20260725-104252:v1,1,0.24153719199239276,unknown,0.0,0.0,0.0,0.0,0.0,"{'device': [0, 1, 2, 3, 4, 5, 6, 7, 8, 9, 10, 11, 12, 13, 14, 15, 16, 17, 18]}",19,final,device,True,4,1.0,5.0,1.0,0.24156611898797564,-0.2078305949398782,4,6d84819ac9fe44aeac2f16264a200914,18,"{'device_compute': 0.24153719199239276, 'd2e_transport': 0.0, 'edge_queue': 0.0, 'edge_segment_compute': 0.0, 'edge_exit_head_compute': 0.0, 'edge_exit_check': 0.0, 'e2c_transport': 0.0, 'cloud_queue': 0.0, 'cloud_segment_compute': 0.0, 'cloud_exit_head_compute': 0.0, 'cloud_exit_check': 0.0, 'total_latency': 0.24156611898797564, 'unattributed_overhead': 2.892699558287859e-05, 'request_id': '6d84819ac9fe44aeac2f16264a200914', 'user_id': 0, 'prediction': 4, 'exit_id': 'final', 'exit_boundary_id': 19, 'exit_location': 'device', 'confidence': 0.9983335137367249, 'executed_segments_by_node': {'device': [0, 1, 2, 3, 4, 5, 6, 7, 8, 9, 10, 11, 12, 13, 14, 15, 16, 17, 18]}, 'nodes': [{'node': 'device', 'executed_segments': [0, 1, 2, 3, 4, 5, 6, 7, 8, 9, 10, 11, 12, 13, 14, 15, 16, 17, 18], 'queue_s': 0.0, 'segment_compute_s': 0.23866774392081425, 'exit_head_compute_s': 0.00214003401924856, 'exit_check_s': 0.0002461560070514679, 'worker_elapsed_s': 0.24153719199239276}], 'sample_id': 'balanced_004_0649_00006250', 'label': 4, 'correct': True, 'observed_utility': -0.2078305949398782}",balanced_004_0649_00006250,18,6250,0.4701387882232666,7897155903844714889,0.24156611898797564,2.892699558287859e-05,0
0.0,0.2667967160232365,0.2667967160232365,0.2668260320206173,0.2667967160232365,1784947386.6952457,1784947385.9360309,1784947386.1860309,0.0,0.0,0.0,0.0,0.9997509121894836,0.0,ablate-end-only-resnet50-cifar10-pi5-r3-20260725-104252:v1,1,0.2667967160232365,unknown,0.0,0.0,0.0,0.0,0.0,"{'device': [0, 1, 2, 3, 4, 5, 6, 7, 8, 9, 10, 11, 12, 13, 14, 15, 16, 17, 18]}",19,final,device,True,4,1.0,5.0,1.0,0.2668260320206173,-0.3341301601030864,4,6c59198a1abe4305b44a28e8de37f88b,19,"{'device_compute': 0.2667967160232365, 'd2e_transport': 0.0, 'edge_queue': 0.0, 'edge_segment_compute': 0.0, 'edge_exit_head_compute': 0.0, 'edge_exit_check': 0.0, 'e2c_transport': 0.0, 'cloud_queue': 0.0, 'cloud_segment_compute': 0.0, 'cloud_exit_head_compute': 0.0, 'cloud_exit_check': 0.0, 'total_latency': 0.2668260320206173, 'unattributed_overhead': 2.9315997380763292e-05, 'request_id': '6c59198a1abe4305b44a28e8de37f88b', 'user_id': 0, 'prediction': 4, 'exit_id': 'final', 'exit_boundary_id': 19, 'exit_location': 'device', 'confidence': 0.9997509121894836, 'executed_segments_by_node': {'device': [0, 1, 2, 3, 4, 5, 6, 7, 8, 9, 10, 11, 12, 13, 14, 15, 16, 17, 18]}, 'nodes': [{'node': 'device', 'executed_segments': [0, 1, 2, 3, 4, 5, 6, 7, 8, 9, 10, 11, 12, 13, 14, 15, 16, 17, 18], 'queue_s': 0.0, 'segment_compute_s': 0.26377785502700135, 'exit_head_compute_s': 0.0022344079916365445, 'exit_check_s': 0.00026360200718045235, 'worker_elapsed_s': 0.2667967160232365}], 'sample_id': 'balanced_004_0301_00003041', 'label': 4, 'correct': True, 'observed_utility': -0.3341301601030864}",balanced_004_0301_00003041,19,3041,0.5092148780822754,7897155903844714889,0.2668260320206173,2.9315997380763292e-05,0
0.0,0.24966975799179636,0.24966975799179636,0.2497127039823681,0.24966975799179636,1784947387.0130668,1784947386.2863643,1784947386.5363643,0.0,0.0,0.0,0.0,0.9999878406524658,0.0,ablate-end-only-resnet50-cifar10-pi5-r3-20260725-104252:v1,1,0.24966975799179636,unknown,0.0,0.0,0.0,0.0,0.0,"{'device': [0, 1, 2, 3, 4, 5, 6, 7, 8, 9, 10, 11, 12, 13, 14, 15, 16, 17, 18]}",19,final,device,True,9,1.0,5.0,1.0,0.2497127039823681,-0.24856351991184056,9,aa5714fe14ac49f39c37eeeb0b08ace7,20,"{'device_compute': 0.24966975799179636, 'd2e_transport': 0.0, 'edge_queue': 0.0, 'edge_segment_compute': 0.0, 'edge_exit_head_compute': 0.0, 'edge_exit_check': 0.0, 'e2c_transport': 0.0, 'cloud_queue': 0.0, 'cloud_segment_compute': 0.0, 'cloud_exit_head_compute': 0.0, 'cloud_exit_check': 0.0, 'total_latency': 0.2497127039823681, 'unattributed_overhead': 4.294599057175219e-05, 'request_id': 'aa5714fe14ac49f39c37eeeb0b08ace7', 'user_id': 0, 'prediction': 9, 'exit_id': 'final', 'exit_boundary_id': 19, 'exit_location': 'device', 'confidence': 0.9999878406524658, 'executed_segments_by_node': {'device': [0, 1, 2, 3, 4, 5, 6, 7, 8, 9, 10, 11, 12, 13, 14, 15, 16, 17, 18]}, 'nodes': [{'node': 'device', 'executed_segments': [0, 1, 2, 3, 4, 5, 6, 7, 8, 9, 10, 11, 12, 13, 14, 15, 16, 17, 18], 'queue_s': 0.0, 'segment_compute_s': 0.2456821619416587, 'exit_head_compute_s': 0.0032409039849881083, 'exit_check_s': 0.000253452017204836, 'worker_elapsed_s': 0.24966975799179636}], 'sample_id': 'balanced_009_0108_00000981', 'label': 9, 'correct': True, 'observed_utility': -0.24856351991184056}",balanced_009_0108_00000981,20,981,0.4767024517059326,7897155903844714889,0.2497127039823681,4.294599057175219e-05,0
0.0,0.2600471389887389,0.2600471389887389,0.26007736299652606,0.2600471389887389,1784947387.3368576,1784947386.6100128,1784947386.8600128,0.0,0.0,0.0,0.0,0.8136190176010132,0.0,ablate-end-only-resnet50-cifar10-pi5-r3-20260725-104252:v1,1,0.2600471389887389,unknown,0.0,0.0,0.0,0.0,0.0,"{'device': [0, 1, 2, 3, 4, 5, 6, 7, 8, 9, 10, 11, 12, 13, 14, 15, 16, 17, 18]}",19,final,device,False,0,1.0,5.0,0.0,0.26007736299652606,-1.3003868149826303,2,54ecd7a558dc44eab04d757645435d11,21,"{'device_compute': 0.2600471389887389, 'd2e_transport': 0.0, 'edge_queue': 0.0, 'edge_segment_compute': 0.0, 'edge_exit_head_compute': 0.0, 'edge_exit_check': 0.0, 'e2c_transport': 0.0, 'cloud_queue': 0.0, 'cloud_segment_compute': 0.0, 'cloud_exit_head_compute': 0.0, 'cloud_exit_check': 0.0, 'total_latency': 0.26007736299652606, 'unattributed_overhead': 3.0224007787182927e-05, 'request_id': '54ecd7a558dc44eab04d757645435d11', 'user_id': 0, 'prediction': 2, 'exit_id': 'final', 'exit_boundary_id': 19, 'exit_location': 'device', 'confidence': 0.8136190176010132, 'executed_segments_by_node': {'device': [0, 1, 2, 3, 4, 5, 6, 7, 8, 9, 10, 11, 12, 13, 14, 15, 16, 17, 18]}, 'nodes': [{'node': 'device', 'executed_segments': [0, 1, 2, 3, 4, 5, 6, 7, 8, 9, 10, 11, 12, 13, 14, 15, 16, 17, 18], 'queue_s': 0.0, 'segment_compute_s': 0.25604169300640933, 'exit_head_compute_s': 0.003184717003023252, 'exit_check_s': 0.0003096589935012162, 'worker_elapsed_s': 0.2600471389887389}], 'sample_id': 'balanced_000_0733_00007289', 'label': 0, 'correct': False, 'observed_utility': -1.3003868149826303}",balanced_000_0733_00007289,21,7289,0.47684478759765625,7897155903844714889,0.26007736299652606,3.0224007787182927e-05,0
0.0,0.260154938994674,0.260154938994674,0.2601840510033071,0.260154938994674,1784947387.6223667,1784947386.9008608,1784947387.1508608,0.0,0.0,0.0,0.0,0.999992847442627,0.0,ablate-end-only-resnet50-cifar10-pi5-r3-20260725-104252:v1,1,0.260154938994674,unknown,0.0,0.0,0.0,0.0,0.0,"{'device': [0, 1, 2, 3, 4, 5, 6, 7, 8, 9, 10, 11, 12, 13, 14, 15, 16, 17, 18]}",19,final,device,True,6,1.0,5.0,1.0,0.2601840510033071,-0.3009202550165355,6,1f5c72f8f1ce445b95bc5679399e8ade,22,"{'device_compute': 0.260154938994674, 'd2e_transport': 0.0, 'edge_queue': 0.0, 'edge_segment_compute': 0.0, 'edge_exit_head_compute': 0.0, 'edge_exit_check': 0.0, 'e2c_transport': 0.0, 'cloud_queue': 0.0, 'cloud_segment_compute': 0.0, 'cloud_exit_head_compute': 0.0, 'cloud_exit_check': 0.0, 'total_latency': 0.2601840510033071, 'unattributed_overhead': 2.9112008633092046e-05, 'request_id': '1f5c72f8f1ce445b95bc5679399e8ade', 'user_id': 0, 'prediction': 6, 'exit_id': 'final', 'exit_boundary_id': 19, 'exit_location': 'device', 'confidence': 0.999992847442627, 'executed_segments_by_node': {'device': [0, 1, 2, 3, 4, 5, 6, 7, 8, 9, 10, 11, 12, 13, 14, 15, 16, 17, 18]}, 'nodes': [{'node': 'device', 'executed_segments': [0, 1, 2, 3, 4, 5, 6, 7, 8, 9, 10, 11, 12, 13, 14, 15, 16, 17, 18], 'queue_s': 0.0, 'segment_compute_s': 0.25709694999386556, 'exit_head_compute_s': 0.0022999459761194885, 'exit_check_s': 0.00026862099184654653, 'worker_elapsed_s': 0.260154938994674}], 'sample_id': 'balanced_006_0029_00000272', 'label': 6, 'correct': True, 'observed_utility': -0.3009202550165355}",balanced_006_0029_00000272,22,272,0.47150588035583496,7897155903844714889,0.2601840510033071,2.9112008633092046e-05,0
0.0,0.23674416900030337,0.23674416900030337,0.23677272602799349,0.23674416900030337,1784947387.9331043,1784947387.211787,1784947387.461787,0.0,0.0,0.0,0.0,0.9999456405639648,0.0,ablate-end-only-resnet50-cifar10-pi5-r3-20260725-104252:v1,1,0.23674416900030337,unknown,0.0,0.0,0.0,0.0,0.0,"{'device': [0, 1, 2, 3, 4, 5, 6, 7, 8, 9, 10, 11, 12, 13, 14, 15, 16, 17, 18]}",19,final,device,True,0,1.0,5.0,1.0,0.23677272602799349,-0.18386363013996743,0,7766a7cb96d5436c813404f0fc8d9f89,23,"{'device_compute': 0.23674416900030337, 'd2e_transport': 0.0, 'edge_queue': 0.0, 'edge_segment_compute': 0.0, 'edge_exit_head_compute': 0.0, 'edge_exit_check': 0.0, 'e2c_transport': 0.0, 'cloud_queue': 0.0, 'cloud_segment_compute': 0.0, 'cloud_exit_head_compute': 0.0, 'cloud_exit_check': 0.0, 'total_latency': 0.23677272602799349, 'unattributed_overhead': 2.855702769011259e-05, 'request_id': '7766a7cb96d5436c813404f0fc8d9f89', 'user_id': 0, 'prediction': 0, 'exit_id': 'final', 'exit_boundary_id': 19, 'exit_location': 'device', 'confidence': 0.9999456405639648, 'executed_segments_by_node': {'device': [0, 1, 2, 3, 4, 5, 6, 7, 8, 9, 10, 11, 12, 13, 14, 15, 16, 17, 18]}, 'nodes': [{'node': 'device', 'executed_segments': [0, 1, 2, 3, 4, 5, 6, 7, 8, 9, 10, 11, 12, 13, 14, 15, 16, 17, 18], 'queue_s': 0.0, 'segment_compute_s': 0.23163085206761025, 'exit_head_compute_s': 0.0043118470057379454, 'exit_check_s': 0.00029113900382071733, 'worker_elapsed_s': 0.23674416900030337}], 'sample_id': 'balanced_000_0011_00000116', 'label': 0, 'correct': True, 'observed_utility': -0.18386363013996743}",balanced_000_0011_00000116,23,116,0.4713172912597656,7897155903844714889,0.23677272602799349,2.855702769011259e-05,0
0.0,0.2539744750247337,0.2539744750247337,0.2540025870257523,0.2539744750247337,1784947388.2350323,1784947387.4655888,1784947387.7155888,0.0,0.0,0.0,0.0,0.9999833106994629,0.0,ablate-end-only-resnet50-cifar10-pi5-r3-20260725-104252:v1,1,0.2539744750247337,unknown,0.0,0.0,0.0,0.0,0.0,"{'device': [0, 1, 2, 3, 4, 5, 6, 7, 8, 9, 10, 11, 12, 13, 14, 15, 16, 17, 18]}",19,final,device,True,0,1.0,5.0,1.0,0.2540025870257523,-0.27001293512876146,0,81fd9ddef5574c349a80e339eeed8bb1,24,"{'device_compute': 0.2539744750247337, 'd2e_transport': 0.0, 'edge_queue': 0.0, 'edge_segment_compute': 0.0, 'edge_exit_head_compute': 0.0, 'edge_exit_check': 0.0, 'e2c_transport': 0.0, 'cloud_queue': 0.0, 'cloud_segment_compute': 0.0, 'cloud_exit_head_compute': 0.0, 'cloud_exit_check': 0.0, 'total_latency': 0.2540025870257523, 'unattributed_overhead': 2.8112001018598676e-05, 'request_id': '81fd9ddef5574c349a80e339eeed8bb1', 'user_id': 0, 'prediction': 0, 'exit_id': 'final', 'exit_boundary_id': 19, 'exit_location': 'device', 'confidence': 0.9999833106994629, 'executed_segments_by_node': {'device': [0, 1, 2, 3, 4, 5, 6, 7, 8, 9, 10, 11, 12, 13, 14, 15, 16, 17, 18]}, 'nodes': [{'node': 'device', 'executed_segments': [0, 1, 2, 3, 4, 5, 6, 7, 8, 9, 10, 11, 12, 13, 14, 15, 16, 17, 18], 'queue_s': 0.0, 'segment_compute_s': 0.2499602879397571, 'exit_head_compute_s': 0.0032665349717717618, 'exit_check_s': 0.0002539909619372338, 'worker_elapsed_s': 0.2539744750247337}], 'sample_id': 'balanced_000_0232_00002341', 'label': 0, 'correct': True, 'observed_utility': -0.27001293512876146}",balanced_000_0232_00002341,24,2341,0.5194435119628906,7897155903844714889,0.2540025870257523,2.8112001018598676e-05,0
0.0,0.24047171301208436,0.24047171301208436,0.2405012139934115,0.24047171301208436,1784947388.5441613,1784947387.8238301,1784947388.0738301,0.0,0.0,0.0,0.0,0.9982837438583374,0.0,ablate-end-only-resnet50-cifar10-pi5-r3-20260725-104252:v1,1,0.24047171301208436,unknown,0.0,0.0,0.0,0.0,0.0,"{'device': [0, 1, 2, 3, 4, 5, 6, 7, 8, 9, 10, 11, 12, 13, 14, 15, 16, 17, 18]}",19,final,device,True,8,1.0,5.0,1.0,0.2405012139934115,-0.20250606996705756,8,2854c5f361e14b5c8cd87ce29ae89b93,25,"{'device_compute': 0.24047171301208436, 'd2e_transport': 0.0, 'edge_queue': 0.0, 'edge_segment_compute': 0.0, 'edge_exit_head_compute': 0.0, 'edge_exit_check': 0.0, 'e2c_transport': 0.0, 'cloud_queue': 0.0, 'cloud_segment_compute': 0.0, 'cloud_exit_head_compute': 0.0, 'cloud_exit_check': 0.0, 'total_latency': 0.2405012139934115, 'unattributed_overhead': 2.9500981327146292e-05, 'request_id': '2854c5f361e14b5c8cd87ce29ae89b93', 'user_id': 0, 'prediction': 8, 'exit_id': 'final', 'exit_boundary_id': 19, 'exit_location': 'device', 'confidence': 0.9982837438583374, 'executed_segments_by_node': {'device': [0, 1, 2, 3, 4, 5, 6, 7, 8, 9, 10, 11, 12, 13, 14, 15, 16, 17, 18]}, 'nodes': [{'node': 'device', 'executed_segments': [0, 1, 2, 3, 4, 5, 6, 7, 8, 9, 10, 11, 12, 13, 14, 15, 16, 17, 18], 'queue_s': 0.0, 'segment_compute_s': 0.23642844997812063, 'exit_head_compute_s': 0.003292570967460051, 'exit_check_s': 0.000257675041211769, 'worker_elapsed_s': 0.24047171301208436}], 'sample_id': 'balanced_008_0499_00004919', 'label': 8, 'correct': True, 'observed_utility': -0.20250606996705756}",balanced_008_0499_00004919,25,4919,0.47033119201660156,7897155903844714889,0.2405012139934115,2.9500981327146292e-05,0
0.0,0.25444100101594813,0.25444100101594813,0.2544698720157612,0.25444100101594813,1784947388.8460052,1784947388.0828037,1784947388.3328037,0.0,0.0,0.0,0.0,0.999995231628418,0.0,ablate-end-only-resnet50-cifar10-pi5-r3-20260725-104252:v1,1,0.25444100101594813,unknown,0.0,0.0,0.0,0.0,0.0,"{'device': [0, 1, 2, 3, 4, 5, 6, 7, 8, 9, 10, 11, 12, 13, 14, 15, 16, 17, 18]}",19,final,device,True,8,1.0,5.0,1.0,0.2544698720157612,-0.27234936007880606,8,bcc95355b25c4b1a963946b159b4c865,26,"{'device_compute': 0.25444100101594813, 'd2e_transport': 0.0, 'edge_queue': 0.0, 'edge_segment_compute': 0.0, 'edge_exit_head_compute': 0.0, 'edge_exit_check': 0.0, 'e2c_transport': 0.0, 'cloud_queue': 0.0, 'cloud_segment_compute': 0.0, 'cloud_exit_head_compute': 0.0, 'cloud_exit_check': 0.0, 'total_latency': 0.2544698720157612, 'unattributed_overhead': 2.8870999813079834e-05, 'request_id': 'bcc95355b25c4b1a963946b159b4c865', 'user_id': 0, 'prediction': 8, 'exit_id': 'final', 'exit_boundary_id': 19, 'exit_location': 'device', 'confidence': 0.999995231628418, 'executed_segments_by_node': {'device': [0, 1, 2, 3, 4, 5, 6, 7, 8, 9, 10, 11, 12, 13, 14, 15, 16, 17, 18]}, 'nodes': [{'node': 'device', 'executed_segments': [0, 1, 2, 3, 4, 5, 6, 7, 8, 9, 10, 11, 12, 13, 14, 15, 16, 17, 18], 'queue_s': 0.0, 'segment_compute_s': 0.24958307805354707, 'exit_head_compute_s': 0.004096653021406382, 'exit_check_s': 0.00027215800946578383, 'worker_elapsed_s': 0.25444100101594813}], 'sample_id': 'balanced_008_0721_00007418', 'label': 8, 'correct': True, 'observed_utility': -0.27234936007880606}",balanced_008_0721_00007418,26,7418,0.5132014751434326,7897155903844714889,0.2544698720157612,2.8870999813079834e-05,0
0.0,0.2573569740052335,0.2573569740052335,0.25738601200282574,0.2573569740052335,1784947389.1612227,1784947388.4410877,1784947388.6910877,0.0,0.0,0.0,0.0,0.999983549118042,0.0,ablate-end-only-resnet50-cifar10-pi5-r3-20260725-104252:v1,1,0.2573569740052335,unknown,0.0,0.0,0.0,0.0,0.0,"{'device': [0, 1, 2, 3, 4, 5, 6, 7, 8, 9, 10, 11, 12, 13, 14, 15, 16, 17, 18]}",19,final,device,True,5,1.0,5.0,1.0,0.25738601200282574,-0.2869300600141287,5,9a30a9658186482281ce969a4bfb0e86,27,"{'device_compute': 0.2573569740052335, 'd2e_transport': 0.0, 'edge_queue': 0.0, 'edge_segment_compute': 0.0, 'edge_exit_head_compute': 0.0, 'edge_exit_check': 0.0, 'e2c_transport': 0.0, 'cloud_queue': 0.0, 'cloud_segment_compute': 0.0, 'cloud_exit_head_compute': 0.0, 'cloud_exit_check': 0.0, 'total_latency': 0.25738601200282574, 'unattributed_overhead': 2.9037997592240572e-05, 'request_id': '9a30a9658186482281ce969a4bfb0e86', 'user_id': 0, 'prediction': 5, 'exit_id': 'final', 'exit_boundary_id': 19, 'exit_location': 'device', 'confidence': 0.999983549118042, 'executed_segments_by_node': {'device': [0, 1, 2, 3, 4, 5, 6, 7, 8, 9, 10, 11, 12, 13, 14, 15, 16, 17, 18]}, 'nodes': [{'node': 'device', 'executed_segments': [0, 1, 2, 3, 4, 5, 6, 7, 8, 9, 10, 11, 12, 13, 14, 15, 16, 17, 18], 'queue_s': 0.0, 'segment_compute_s': 0.25342614311375655, 'exit_head_compute_s': 0.0032075509952846915, 'exit_check_s': 0.0002448790182825178, 'worker_elapsed_s': 0.2573569740052335}], 'sample_id': 'balanced_005_0156_00001745', 'label': 5, 'correct': True, 'observed_utility': -0.2869300600141287}",balanced_005_0156_00001745,27,1745,0.470134973526001,7897155903844714889,0.25738601200282574,2.9037997592240572e-05,0
0.0,0.24450519899255596,0.24450519899255596,0.244533755001612,0.24450519899255596,1784947389.4774585,1784947388.7523193,1784947389.0023193,0.0,0.0,0.0,0.0,0.7674466371536255,0.0,ablate-end-only-resnet50-cifar10-pi5-r3-20260725-104252:v1,1,0.24450519899255596,unknown,0.0,0.0,0.0,0.0,0.0,"{'device': [0, 1, 2, 3, 4, 5, 6, 7, 8, 9, 10, 11, 12, 13, 14, 15, 16, 17, 18]}",19,final,device,True,3,1.0,5.0,1.0,0.244533755001612,-0.22266877500806004,3,650daa0d7c694e86bea4953f4a8e2c84,28,"{'device_compute': 0.24450519899255596, 'd2e_transport': 0.0, 'edge_queue': 0.0, 'edge_segment_compute': 0.0, 'edge_exit_head_compute': 0.0, 'edge_exit_check': 0.0, 'e2c_transport': 0.0, 'cloud_queue': 0.0, 'cloud_segment_compute': 0.0, 'cloud_exit_head_compute': 0.0, 'cloud_exit_check': 0.0, 'total_latency': 0.244533755001612, 'unattributed_overhead': 2.8556009056046605e-05, 'request_id': '650daa0d7c694e86bea4953f4a8e2c84', 'user_id': 0, 'prediction': 3, 'exit_id': 'final', 'exit_boundary_id': 19, 'exit_location': 'device', 'confidence': 0.7674466371536255, 'executed_segments_by_node': {'device': [0, 1, 2, 3, 4, 5, 6, 7, 8, 9, 10, 11, 12, 13, 14, 15, 16, 17, 18]}, 'nodes': [{'node': 'device', 'executed_segments': [0, 1, 2, 3, 4, 5, 6, 7, 8, 9, 10, 11, 12, 13, 14, 15, 16, 17, 18], 'queue_s': 0.0, 'segment_compute_s': 0.24168336507864296, 'exit_head_compute_s': 0.0020889579609502107, 'exit_check_s': 0.00024615597794763744, 'worker_elapsed_s': 0.24450519899255596}], 'sample_id': 'balanced_003_0034_00000356', 'label': 3, 'correct': True, 'observed_utility': -0.22266877500806004}",balanced_003_0034_00000356,28,356,0.47513914108276367,7897155903844714889,0.244533755001612,2.8556009056046605e-05,0
0.0,0.2508448489825241,0.2508448489825241,0.25087397900642827,0.2508448489825241,1784947389.7988112,1784947389.069169,1784947389.319169,0.0,0.0,0.0,0.0,0.9978427886962891,0.0,ablate-end-only-resnet50-cifar10-pi5-r3-20260725-104252:v1,1,0.2508448489825241,unknown,0.0,0.0,0.0,0.0,0.0,"{'device': [0, 1, 2, 3, 4, 5, 6, 7, 8, 9, 10, 11, 12, 13, 14, 15, 16, 17, 18]}",19,final,device,True,5,1.0,5.0,1.0,0.25087397900642827,-0.25436989503214136,5,4dfee5a8dea64964b0db0c7d928c6cf8,29,"{'device_compute': 0.2508448489825241, 'd2e_transport': 0.0, 'edge_queue': 0.0, 'edge_segment_compute': 0.0, 'edge_exit_head_compute': 0.0, 'edge_exit_check': 0.0, 'e2c_transport': 0.0, 'cloud_queue': 0.0, 'cloud_segment_compute': 0.0, 'cloud_exit_head_compute': 0.0, 'cloud_exit_check': 0.0, 'total_latency': 0.25087397900642827, 'unattributed_overhead': 2.9130023904144764e-05, 'request_id': '4dfee5a8dea64964b0db0c7d928c6cf8', 'user_id': 0, 'prediction': 5, 'exit_id': 'final', 'exit_boundary_id': 19, 'exit_location': 'device', 'confidence': 0.9978427886962891, 'executed_segments_by_node': {'device': [0, 1, 2, 3, 4, 5, 6, 7, 8, 9, 10, 11, 12, 13, 14, 15, 16, 17, 18]}, 'nodes': [{'node': 'device', 'executed_segments': [0, 1, 2, 3, 4, 5, 6, 7, 8, 9, 10, 11, 12, 13, 14, 15, 16, 17, 18], 'queue_s': 0.0, 'segment_compute_s': 0.2479078060714528, 'exit_head_compute_s': 0.002191868028603494, 'exit_check_s': 0.0002506010059732944, 'worker_elapsed_s': 0.2508448489825241}], 'sample_id': 'balanced_005_0219_00002277', 'label': 5, 'correct': True, 'observed_utility': -0.25436989503214136}",balanced_005_0219_00002277,29,2277,0.4796421527862549,7897155903844714889,0.25087397900642827,2.9130023904144764e-05,0
0.0,0.24901138502173126,0.24901138502173126,0.2490400340175256,0.24901138502173126,1784947390.0835266,1784947389.3595228,1784947389.6095228,0.0,0.0,0.0,0.0,0.9917551279067993,0.0,ablate-end-only-resnet50-cifar10-pi5-r3-20260725-104252:v1,1,0.24901138502173126,unknown,0.0,0.0,0.0,0.0,0.0,"{'device': [0, 1, 2, 3, 4, 5, 6, 7, 8, 9, 10, 11, 12, 13, 14, 15, 16, 17, 18]}",19,final,device,True,0,1.0,5.0,1.0,0.2490400340175256,-0.24520017008762807,0,03e10f823aa84386bf4a5fc517233205,30,"{'device_compute': 0.24901138502173126, 'd2e_transport': 0.0, 'edge_queue': 0.0, 'edge_segment_compute': 0.0, 'edge_exit_head_compute': 0.0, 'edge_exit_check': 0.0, 'e2c_transport': 0.0, 'cloud_queue': 0.0, 'cloud_segment_compute': 0.0, 'cloud_exit_head_compute': 0.0, 'cloud_exit_check': 0.0, 'total_latency': 0.2490400340175256, 'unattributed_overhead': 2.864899579435587e-05, 'request_id': '03e10f823aa84386bf4a5fc517233205', 'user_id': 0, 'prediction': 0, 'exit_id': 'final', 'exit_boundary_id': 19, 'exit_location': 'device', 'confidence': 0.9917551279067993, 'executed_segments_by_node': {'device': [0, 1, 2, 3, 4, 5, 6, 7, 8, 9, 10, 11, 12, 13, 14, 15, 16, 17, 18]}, 'nodes': [{'node': 'device', 'executed_segments': [0, 1, 2, 3, 4, 5, 6, 7, 8, 9, 10, 11, 12, 13, 14, 15, 16, 17, 18], 'queue_s': 0.0, 'segment_compute_s': 0.2461481790523976, 'exit_head_compute_s': 0.0021339590311981738, 'exit_check_s': 0.00024754501646384597, 'worker_elapsed_s': 0.24901138502173126}], 'sample_id': 'balanced_000_0493_00005043', 'label': 0, 'correct': True, 'observed_utility': -0.24520017008762807}",balanced_000_0493_00005043,30,5043,0.47400379180908203,7897155903844714889,0.2490400340175256,2.864899579435587e-05,0
0.0,0.24134963197866455,0.24134963197866455,0.2413788359845057,0.24134963197866455,1784947390.3914661,1784947389.669091,1784947389.919091,0.0,0.0,0.0,0.0,0.9999727010726929,0.0,ablate-end-only-resnet50-cifar10-pi5-r3-20260725-104252:v1,1,0.24134963197866455,unknown,0.0,0.0,0.0,0.0,0.0,"{'device': [0, 1, 2, 3, 4, 5, 6, 7, 8, 9, 10, 11, 12, 13, 14, 15, 16, 17, 18]}",19,final,device,True,1,1.0,5.0,1.0,0.2413788359845057,-0.20689417992252856,1,a47ba576807d41c98a98ef716e32e102,31,"{'device_compute': 0.24134963197866455, 'd2e_transport': 0.0, 'edge_queue': 0.0, 'edge_segment_compute': 0.0, 'edge_exit_head_compute': 0.0, 'edge_exit_check': 0.0, 'e2c_transport': 0.0, 'cloud_queue': 0.0, 'cloud_segment_compute': 0.0, 'cloud_exit_head_compute': 0.0, 'cloud_exit_check': 0.0, 'total_latency': 0.2413788359845057, 'unattributed_overhead': 2.920400584116578e-05, 'request_id': 'a47ba576807d41c98a98ef716e32e102', 'user_id': 0, 'prediction': 1, 'exit_id': 'final', 'exit_boundary_id': 19, 'exit_location': 'device', 'confidence': 0.9999727010726929, 'executed_segments_by_node': {'device': [0, 1, 2, 3, 4, 5, 6, 7, 8, 9, 10, 11, 12, 13, 14, 15, 16, 17, 18]}, 'nodes': [{'node': 'device', 'executed_segments': [0, 1, 2, 3, 4, 5, 6, 7, 8, 9, 10, 11, 12, 13, 14, 15, 16, 17, 18], 'queue_s': 0.0, 'segment_compute_s': 0.23839260803651996, 'exit_head_compute_s': 0.002198164991568774, 'exit_check_s': 0.0002520080015528947, 'worker_elapsed_s': 0.24134963197866455}], 'sample_id': 'balanced_001_0203_00002063', 'label': 1, 'correct': True, 'observed_utility': -0.20689417992252856}",balanced_001_0203_00002063,31,2063,0.47237515449523926,7897155903844714889,0.2413788359845057,2.920400584116578e-05,0
0.0,0.252294066012837,0.252294066012837,0.2523234560212586,0.252294066012837,1784947390.6894891,1784947389.9235222,1784947390.1735222,0.0,0.0,0.0,0.0,1.0,0.0,ablate-end-only-resnet50-cifar10-pi5-r3-20260725-104252:v1,1,0.252294066012837,unknown,0.0,0.0,0.0,0.0,0.0,"{'device': [0, 1, 2, 3, 4, 5, 6, 7, 8, 9, 10, 11, 12, 13, 14, 15, 16, 17, 18]}",19,final,device,True,5,1.0,5.0,1.0,0.2523234560212586,-0.26161728010629304,5,313615ada4bc42558b70837311d5832e,32,"{'device_compute': 0.252294066012837, 'd2e_transport': 0.0, 'edge_queue': 0.0, 'edge_segment_compute': 0.0, 'edge_exit_head_compute': 0.0, 'edge_exit_check': 0.0, 'e2c_transport': 0.0, 'cloud_queue': 0.0, 'cloud_segment_compute': 0.0, 'cloud_exit_head_compute': 0.0, 'cloud_exit_check': 0.0, 'total_latency': 0.2523234560212586, 'unattributed_overhead': 2.9390008421614766e-05, 'request_id': '313615ada4bc42558b70837311d5832e', 'user_id': 0, 'prediction': 5, 'exit_id': 'final', 'exit_boundary_id': 19, 'exit_location': 'device', 'confidence': 1.0, 'executed_segments_by_node': {'device': [0, 1, 2, 3, 4, 5, 6, 7, 8, 9, 10, 11, 12, 13, 14, 15, 16, 17, 18]}, 'nodes': [{'node': 'device', 'executed_segments': [0, 1, 2, 3, 4, 5, 6, 7, 8, 9, 10, 11, 12, 13, 14, 15, 16, 17, 18], 'queue_s': 0.0, 'segment_compute_s': 0.24835911899572238, 'exit_head_compute_s': 0.003197272017132491, 'exit_check_s': 0.0002477299713063985, 'worker_elapsed_s': 0.252294066012837}], 'sample_id': 'balanced_005_0055_00000544', 'label': 5, 'correct': True, 'observed_utility': -0.26161728010629304}",balanced_005_0055_00000544,32,544,0.5159668922424316,7897155903844714889,0.2523234560212586,2.9390008421614766e-05,0
0.0,0.24227220000466332,0.24227220000466332,0.2423017010150943,0.24227220000466332,1784947390.9973567,1784947390.2311885,1784947390.4811885,0.0,0.0,0.0,0.0,0.9995982050895691,0.0,ablate-end-only-resnet50-cifar10-pi5-r3-20260725-104252:v1,1,0.24227220000466332,unknown,0.0,0.0,0.0,0.0,0.0,"{'device': [0, 1, 2, 3, 4, 5, 6, 7, 8, 9, 10, 11, 12, 13, 14, 15, 16, 17, 18]}",19,final,device,True,4,1.0,5.0,1.0,0.2423017010150943,-0.21150850507547148,4,591f2433fad3481aa264c491f3ffa4d9,33,"{'device_compute': 0.24227220000466332, 'd2e_transport': 0.0, 'edge_queue': 0.0, 'edge_segment_compute': 0.0, 'edge_exit_head_compute': 0.0, 'edge_exit_check': 0.0, 'e2c_transport': 0.0, 'cloud_queue': 0.0, 'cloud_segment_compute': 0.0, 'cloud_exit_head_compute': 0.0, 'cloud_exit_check': 0.0, 'total_latency': 0.2423017010150943, 'unattributed_overhead': 2.950101043097675e-05, 'request_id': '591f2433fad3481aa264c491f3ffa4d9', 'user_id': 0, 'prediction': 4, 'exit_id': 'final', 'exit_boundary_id': 19, 'exit_location': 'device', 'confidence': 0.9995982050895691, 'executed_segments_by_node': {'device': [0, 1, 2, 3, 4, 5, 6, 7, 8, 9, 10, 11, 12, 13, 14, 15, 16, 17, 18]}, 'nodes': [{'node': 'device', 'executed_segments': [0, 1, 2, 3, 4, 5, 6, 7, 8, 9, 10, 11, 12, 13, 14, 15, 16, 17, 18], 'queue_s': 0.0, 'segment_compute_s': 0.2382758290041238, 'exit_head_compute_s': 0.003266031970269978, 'exit_check_s': 0.0002573590027168393, 'worker_elapsed_s': 0.24227220000466332}], 'sample_id': 'balanced_004_0865_00008574', 'label': 4, 'correct': True, 'observed_utility': -0.21150850507547148}",balanced_004_0865_00008574,33,8574,0.5161681175231934,7897155903844714889,0.2423017010150943,2.950101043097675e-05,0
0.0,0.26767508999910206,0.26767508999910206,0.26770316500915214,0.26767508999910206,1784947391.3046932,1784947390.5386362,1784947390.7886362,0.0,0.0,0.0,0.0,1.0,0.0,ablate-end-only-resnet50-cifar10-pi5-r3-20260725-104252:v1,1,0.26767508999910206,unknown,0.0,0.0,0.0,0.0,0.0,"{'device': [0, 1, 2, 3, 4, 5, 6, 7, 8, 9, 10, 11, 12, 13, 14, 15, 16, 17, 18]}",19,final,device,True,2,1.0,5.0,1.0,0.26770316500915214,-0.3385158250457607,2,828f01b866e94515b4e178e6c51c02c6,34,"{'device_compute': 0.26767508999910206, 'd2e_transport': 0.0, 'edge_queue': 0.0, 'edge_segment_compute': 0.0, 'edge_exit_head_compute': 0.0, 'edge_exit_check': 0.0, 'e2c_transport': 0.0, 'cloud_queue': 0.0, 'cloud_segment_compute': 0.0, 'cloud_exit_head_compute': 0.0, 'cloud_exit_check': 0.0, 'total_latency': 0.26770316500915214, 'unattributed_overhead': 2.8075010050088167e-05, 'request_id': '828f01b866e94515b4e178e6c51c02c6', 'user_id': 0, 'prediction': 2, 'exit_id': 'final', 'exit_boundary_id': 19, 'exit_location': 'device', 'confidence': 1.0, 'executed_segments_by_node': {'device': [0, 1, 2, 3, 4, 5, 6, 7, 8, 9, 10, 11, 12, 13, 14, 15, 16, 17, 18]}, 'nodes': [{'node': 'device', 'executed_segments': [0, 1, 2, 3, 4, 5, 6, 7, 8, 9, 10, 11, 12, 13, 14, 15, 16, 17, 18], 'queue_s': 0.0, 'segment_compute_s': 0.2647904370969627, 'exit_head_compute_s': 0.00216092198388651, 'exit_check_s': 0.00024711896548978984, 'worker_elapsed_s': 0.26767508999910206}], 'sample_id': 'balanced_002_0083_00000832', 'label': 2, 'correct': True, 'observed_utility': -0.3385158250457607}",balanced_002_0083_00000832,34,832,0.516057014465332,7897155903844714889,0.26770316500915214,2.8075010050088167e-05,0
0.0,0.24056334697525017,0.24056334697525017,0.24059262598166242,0.24056334697525017,1784947391.6215947,1784947390.9007516,1784947391.1507516,0.0,0.0,0.0,0.0,0.998309850692749,0.0,ablate-end-only-resnet50-cifar10-pi5-r3-20260725-104252:v1,1,0.24056334697525017,unknown,0.0,0.0,0.0,0.0,0.0,"{'device': [0, 1, 2, 3, 4, 5, 6, 7, 8, 9, 10, 11, 12, 13, 14, 15, 16, 17, 18]}",19,final,device,True,0,1.0,5.0,1.0,0.24059262598166242,-0.2029631299083121,0,1b18c08d6b8744839cda8a78eebe6fb7,35,"{'device_compute': 0.24056334697525017, 'd2e_transport': 0.0, 'edge_queue': 0.0, 'edge_segment_compute': 0.0, 'edge_exit_head_compute': 0.0, 'edge_exit_check': 0.0, 'e2c_transport': 0.0, 'cloud_queue': 0.0, 'cloud_segment_compute': 0.0, 'cloud_exit_head_compute': 0.0, 'cloud_exit_check': 0.0, 'total_latency': 0.24059262598166242, 'unattributed_overhead': 2.9279006412252784e-05, 'request_id': '1b18c08d6b8744839cda8a78eebe6fb7', 'user_id': 0, 'prediction': 0, 'exit_id': 'final', 'exit_boundary_id': 19, 'exit_location': 'device', 'confidence': 0.998309850692749, 'executed_segments_by_node': {'device': [0, 1, 2, 3, 4, 5, 6, 7, 8, 9, 10, 11, 12, 13, 14, 15, 16, 17, 18]}, 'nodes': [{'node': 'device', 'executed_segments': [0, 1, 2, 3, 4, 5, 6, 7, 8, 9, 10, 11, 12, 13, 14, 15, 16, 17, 18], 'queue_s': 0.0, 'segment_compute_s': 0.2376702340261545, 'exit_head_compute_s': 0.0021398279641289264, 'exit_check_s': 0.00027121102903038263, 'worker_elapsed_s': 0.24056334697525017}], 'sample_id': 'balanced_000_0617_00006258', 'label': 0, 'correct': True, 'observed_utility': -0.2029631299083121}",balanced_000_0617_00006258,35,6258,0.4708430767059326,7897155903844714889,0.24059262598166242,2.9279006412252784e-05,0
0.0,0.2508870250021573,0.2508870250021573,0.25091548898490146,0.2508870250021573,1784947391.930538,1784947391.2088814,1784947391.4588814,0.0,0.0,0.0,0.0,0.9658353328704834,0.0,ablate-end-only-resnet50-cifar10-pi5-r3-20260725-104252:v1,1,0.2508870250021573,unknown,0.0,0.0,0.0,0.0,0.0,"{'device': [0, 1, 2, 3, 4, 5, 6, 7, 8, 9, 10, 11, 12, 13, 14, 15, 16, 17, 18]}",19,final,device,True,2,1.0,5.0,1.0,0.25091548898490146,-0.2545774449245073,2,d83312eb8eeb44ff91147089ba0706cc,36,"{'device_compute': 0.2508870250021573, 'd2e_transport': 0.0, 'edge_queue': 0.0, 'edge_segment_compute': 0.0, 'edge_exit_head_compute': 0.0, 'edge_exit_check': 0.0, 'e2c_transport': 0.0, 'cloud_queue': 0.0, 'cloud_segment_compute': 0.0, 'cloud_exit_head_compute': 0.0, 'cloud_exit_check': 0.0, 'total_latency': 0.25091548898490146, 'unattributed_overhead': 2.8463982744142413e-05, 'request_id': 'd83312eb8eeb44ff91147089ba0706cc', 'user_id': 0, 'prediction': 2, 'exit_id': 'final', 'exit_boundary_id': 19, 'exit_location': 'device', 'confidence': 0.9658353328704834, 'executed_segments_by_node': {'device': [0, 1, 2, 3, 4, 5, 6, 7, 8, 9, 10, 11, 12, 13, 14, 15, 16, 17, 18]}, 'nodes': [{'node': 'device', 'executed_segments': [0, 1, 2, 3, 4, 5, 6, 7, 8, 9, 10, 11, 12, 13, 14, 15, 16, 17, 18], 'queue_s': 0.0, 'segment_compute_s': 0.24799948500003666, 'exit_head_compute_s': 0.002129162021446973, 'exit_check_s': 0.0002865270071197301, 'worker_elapsed_s': 0.2508870250021573}], 'sample_id': 'balanced_002_0153_00001547', 'label': 2, 'correct': True, 'observed_utility': -0.2545774449245073}",balanced_002_0153_00001547,36,1547,0.47165656089782715,7897155903844714889,0.25091548898490146,2.8463982744142413e-05,0
0.0,0.26261982999858446,0.26261982999858446,0.2626482199993916,0.26261982999858446,1784947392.2415493,1784947391.5160174,1784947391.7660174,0.0,0.0,0.0,0.0,0.9998519420623779,0.0,ablate-end-only-resnet50-cifar10-pi5-r3-20260725-104252:v1,1,0.26261982999858446,unknown,0.0,0.0,0.0,0.0,0.0,"{'device': [0, 1, 2, 3, 4, 5, 6, 7, 8, 9, 10, 11, 12, 13, 14, 15, 16, 17, 18]}",19,final,device,True,1,1.0,5.0,1.0,0.2626482199993916,-0.31324109999695793,1,c09e703a78cb464e89fb70083bdc8486,37,"{'device_compute': 0.26261982999858446, 'd2e_transport': 0.0, 'edge_queue': 0.0, 'edge_segment_compute': 0.0, 'edge_exit_head_compute': 0.0, 'edge_exit_check': 0.0, 'e2c_transport': 0.0, 'cloud_queue': 0.0, 'cloud_segment_compute': 0.0, 'cloud_exit_head_compute': 0.0, 'cloud_exit_check': 0.0, 'total_latency': 0.2626482199993916, 'unattributed_overhead': 2.8390000807121396e-05, 'request_id': 'c09e703a78cb464e89fb70083bdc8486', 'user_id': 0, 'prediction': 1, 'exit_id': 'final', 'exit_boundary_id': 19, 'exit_location': 'device', 'confidence': 0.9998519420623779, 'executed_segments_by_node': {'device': [0, 1, 2, 3, 4, 5, 6, 7, 8, 9, 10, 11, 12, 13, 14, 15, 16, 17, 18]}, 'nodes': [{'node': 'device', 'executed_segments': [0, 1, 2, 3, 4, 5, 6, 7, 8, 9, 10, 11, 12, 13, 14, 15, 16, 17, 18], 'queue_s': 0.0, 'segment_compute_s': 0.25970671596587636, 'exit_head_compute_s': 0.002179625997086987, 'exit_check_s': 0.0002491189807187766, 'worker_elapsed_s': 0.26261982999858446}], 'sample_id': 'balanced_001_0031_00000369', 'label': 1, 'correct': True, 'observed_utility': -0.31324109999695793}",balanced_001_0031_00000369,37,369,0.47553181648254395,7897155903844714889,0.2626482199993916,2.8390000807121396e-05,0
0.0,0.25283326901262626,0.25283326901262626,0.25286202901043,0.25283326901262626,1784947392.5477076,1784947391.8163865,1784947392.0663865,0.0,0.0,0.0,0.0,0.9971169233322144,0.0,ablate-end-only-resnet50-cifar10-pi5-r3-20260725-104252:v1,1,0.25283326901262626,unknown,0.0,0.0,0.0,0.0,0.0,"{'device': [0, 1, 2, 3, 4, 5, 6, 7, 8, 9, 10, 11, 12, 13, 14, 15, 16, 17, 18]}",19,final,device,True,7,1.0,5.0,1.0,0.25286202901043,-0.2643101450521499,7,30b9a4fa6ed84a24825dfa04b899a1cf,38,"{'device_compute': 0.25283326901262626, 'd2e_transport': 0.0, 'edge_queue': 0.0, 'edge_segment_compute': 0.0, 'edge_exit_head_compute': 0.0, 'edge_exit_check': 0.0, 'e2c_transport': 0.0, 'cloud_queue': 0.0, 'cloud_segment_compute': 0.0, 'cloud_exit_head_compute': 0.0, 'cloud_exit_check': 0.0, 'total_latency': 0.25286202901043, 'unattributed_overhead': 2.875999780371785e-05, 'request_id': '30b9a4fa6ed84a24825dfa04b899a1cf', 'user_id': 0, 'prediction': 7, 'exit_id': 'final', 'exit_boundary_id': 19, 'exit_location': 'device', 'confidence': 0.9971169233322144, 'executed_segments_by_node': {'device': [0, 1, 2, 3, 4, 5, 6, 7, 8, 9, 10, 11, 12, 13, 14, 15, 16, 17, 18]}, 'nodes': [{'node': 'device', 'executed_segments': [0, 1, 2, 3, 4, 5, 6, 7, 8, 9, 10, 11, 12, 13, 14, 15, 16, 17, 18], 'queue_s': 0.0, 'segment_compute_s': 0.24983861594228074, 'exit_head_compute_s': 0.0022541279904544353, 'exit_check_s': 0.0002545829920563847, 'worker_elapsed_s': 0.25283326901262626}], 'sample_id': 'balanced_007_0922_00009282', 'label': 7, 'correct': True, 'observed_utility': -0.2643101450521499}",balanced_007_0922_00009282,38,9282,0.4813210964202881,7897155903844714889,0.25286202901043,2.875999780371785e-05,0
0.0,0.24431494600139558,0.24431494600139558,0.24434372401447035,0.24431494600139558,1784947392.8587909,1784947392.1244903,1784947392.3744903,0.0,0.0,0.0,0.0,0.9956884980201721,0.0,ablate-end-only-resnet50-cifar10-pi5-r3-20260725-104252:v1,1,0.24431494600139558,unknown,0.0,0.0,0.0,0.0,0.0,"{'device': [0, 1, 2, 3, 4, 5, 6, 7, 8, 9, 10, 11, 12, 13, 14, 15, 16, 17, 18]}",19,final,device,True,5,1.0,5.0,1.0,0.24434372401447035,-0.22171862007235177,5,d7bddbffd816435bb045a7f46ed05855,39,"{'device_compute': 0.24431494600139558, 'd2e_transport': 0.0, 'edge_queue': 0.0, 'edge_segment_compute': 0.0, 'edge_exit_head_compute': 0.0, 'edge_exit_check': 0.0, 'e2c_transport': 0.0, 'cloud_queue': 0.0, 'cloud_segment_compute': 0.0, 'cloud_exit_head_compute': 0.0, 'cloud_exit_check': 0.0, 'total_latency': 0.24434372401447035, 'unattributed_overhead': 2.877801307477057e-05, 'request_id': 'd7bddbffd816435bb045a7f46ed05855', 'user_id': 0, 'prediction': 5, 'exit_id': 'final', 'exit_boundary_id': 19, 'exit_location': 'device', 'confidence': 0.9956884980201721, 'executed_segments_by_node': {'device': [0, 1, 2, 3, 4, 5, 6, 7, 8, 9, 10, 11, 12, 13, 14, 15, 16, 17, 18]}, 'nodes': [{'node': 'device', 'executed_segments': [0, 1, 2, 3, 4, 5, 6, 7, 8, 9, 10, 11, 12, 13, 14, 15, 16, 17, 18], 'queue_s': 0.0, 'segment_compute_s': 0.24147774005541578, 'exit_head_compute_s': 0.0021115319977980107, 'exit_check_s': 0.00024956397828646004, 'worker_elapsed_s': 0.24431494600139558}], 'sample_id': 'balanced_005_0147_00001675', 'label': 5, 'correct': True, 'observed_utility': -0.22171862007235177}",balanced_005_0147_00001675,39,1675,0.4843006134033203,7897155903844714889,0.24434372401447035,2.877801307477057e-05,0
0.0,0.2611026130034588,0.2611026130034588,0.2611318920098711,0.2611026130034588,1784947393.157214,1784947392.4361084,1784947392.6861084,0.0,0.0,0.0,0.0,0.9999773502349854,0.0,ablate-end-only-resnet50-cifar10-pi5-r3-20260725-104252:v1,1,0.2611026130034588,unknown,0.0,0.0,0.0,0.0,0.0,"{'device': [0, 1, 2, 3, 4, 5, 6, 7, 8, 9, 10, 11, 12, 13, 14, 15, 16, 17, 18]}",19,final,device,True,3,1.0,5.0,1.0,0.2611318920098711,-0.3056594600493554,3,d34e4e92e8a740fc9f3dafe6e5237592,40,"{'device_compute': 0.2611026130034588, 'd2e_transport': 0.0, 'edge_queue': 0.0, 'edge_segment_compute': 0.0, 'edge_exit_head_compute': 0.0, 'edge_exit_check': 0.0, 'e2c_transport': 0.0, 'cloud_queue': 0.0, 'cloud_segment_compute': 0.0, 'cloud_exit_head_compute': 0.0, 'cloud_exit_check': 0.0, 'total_latency': 0.2611318920098711, 'unattributed_overhead': 2.9279006412252784e-05, 'request_id': 'd34e4e92e8a740fc9f3dafe6e5237592', 'user_id': 0, 'prediction': 3, 'exit_id': 'final', 'exit_boundary_id': 19, 'exit_location': 'device', 'confidence': 0.9999773502349854, 'executed_segments_by_node': {'device': [0, 1, 2, 3, 4, 5, 6, 7, 8, 9, 10, 11, 12, 13, 14, 15, 16, 17, 18]}, 'nodes': [{'node': 'device', 'executed_segments': [0, 1, 2, 3, 4, 5, 6, 7, 8, 9, 10, 11, 12, 13, 14, 15, 16, 17, 18], 'queue_s': 0.0, 'segment_compute_s': 0.2582256700261496, 'exit_head_compute_s': 0.0021502180316019803, 'exit_check_s': 0.000249600998358801, 'worker_elapsed_s': 0.2611026130034588}], 'sample_id': 'balanced_003_0664_00006698', 'label': 3, 'correct': True, 'observed_utility': -0.3056594600493554}",balanced_003_0664_00006698,40,6698,0.47110557556152344,7897155903844714889,0.2611318920098711,2.9279006412252784e-05,0
0.0,0.253435177000938,0.253435177000938,0.25346443700254895,0.253435177000938,1784947393.4708884,1784947392.7371893,1784947392.9871893,0.0,0.0,0.0,0.0,0.9999804496765137,0.0,ablate-end-only-resnet50-cifar10-pi5-r3-20260725-104252:v1,1,0.253435177000938,unknown,0.0,0.0,0.0,0.0,0.0,"{'device': [0, 1, 2, 3, 4, 5, 6, 7, 8, 9, 10, 11, 12, 13, 14, 15, 16, 17, 18]}",19,final,device,True,2,1.0,5.0,1.0,0.25346443700254895,-0.26732218501274474,2,286ee98c4f6047ddb5b3daf00a0e5b3b,41,"{'device_compute': 0.253435177000938, 'd2e_transport': 0.0, 'edge_queue': 0.0, 'edge_segment_compute': 0.0, 'edge_exit_head_compute': 0.0, 'edge_exit_check': 0.0, 'e2c_transport': 0.0, 'cloud_queue': 0.0, 'cloud_segment_compute': 0.0, 'cloud_exit_head_compute': 0.0, 'cloud_exit_check': 0.0, 'total_latency': 0.25346443700254895, 'unattributed_overhead': 2.9260001610964537e-05, 'request_id': '286ee98c4f6047ddb5b3daf00a0e5b3b', 'user_id': 0, 'prediction': 2, 'exit_id': 'final', 'exit_boundary_id': 19, 'exit_location': 'device', 'confidence': 0.9999804496765137, 'executed_segments_by_node': {'device': [0, 1, 2, 3, 4, 5, 6, 7, 8, 9, 10, 11, 12, 13, 14, 15, 16, 17, 18]}, 'nodes': [{'node': 'device', 'executed_segments': [0, 1, 2, 3, 4, 5, 6, 7, 8, 9, 10, 11, 12, 13, 14, 15, 16, 17, 18], 'queue_s': 0.0, 'segment_compute_s': 0.2504630980256479, 'exit_head_compute_s': 0.002230813988717273, 'exit_check_s': 0.00025793499662540853, 'worker_elapsed_s': 0.253435177000938}], 'sample_id': 'balanced_002_0639_00006387', 'label': 2, 'correct': True, 'observed_utility': -0.26732218501274474}",balanced_002_0639_00006387,41,6387,0.48369908332824707,7897155903844714889,0.25346443700254895,2.9260001610964537e-05,0
0.0,0.2605659810069483,0.2605659810069483,0.26059468599851243,0.2605659810069483,1784947393.779478,1784947393.0537515,1784947393.3037515,0.0,0.0,0.0,0.0,0.9999972581863403,0.0,ablate-end-only-resnet50-cifar10-pi5-r3-20260725-104252:v1,1,0.2605659810069483,unknown,0.0,0.0,0.0,0.0,0.0,"{'device': [0, 1, 2, 3, 4, 5, 6, 7, 8, 9, 10, 11, 12, 13, 14, 15, 16, 17, 18]}",19,final,device,True,6,1.0,5.0,1.0,0.26059468599851243,-0.30297342999256216,6,0b57c7ef265c4b7e9383c9af7d4cfd5c,42,"{'device_compute': 0.2605659810069483, 'd2e_transport': 0.0, 'edge_queue': 0.0, 'edge_segment_compute': 0.0, 'edge_exit_head_compute': 0.0, 'edge_exit_check': 0.0, 'e2c_transport': 0.0, 'cloud_queue': 0.0, 'cloud_segment_compute': 0.0, 'cloud_exit_head_compute': 0.0, 'cloud_exit_check': 0.0, 'total_latency': 0.26059468599851243, 'unattributed_overhead': 2.8704991564154625e-05, 'request_id': '0b57c7ef265c4b7e9383c9af7d4cfd5c', 'user_id': 0, 'prediction': 6, 'exit_id': 'final', 'exit_boundary_id': 19, 'exit_location': 'device', 'confidence': 0.9999972581863403, 'executed_segments_by_node': {'device': [0, 1, 2, 3, 4, 5, 6, 7, 8, 9, 10, 11, 12, 13, 14, 15, 16, 17, 18]}, 'nodes': [{'node': 'device', 'executed_segments': [0, 1, 2, 3, 4, 5, 6, 7, 8, 9, 10, 11, 12, 13, 14, 15, 16, 17, 18], 'queue_s': 0.0, 'segment_compute_s': 0.2576569020166062, 'exit_head_compute_s': 0.002192517014918849, 'exit_check_s': 0.00024606200167909265, 'worker_elapsed_s': 0.2605659810069483}], 'sample_id': 'balanced_006_0141_00001204', 'label': 6, 'correct': True, 'observed_utility': -0.30297342999256216}",balanced_006_0141_00001204,42,1204,0.4757266044616699,7897155903844714889,0.26059468599851243,2.8704991564154625e-05,0
0.0,0.24192276498069987,0.24192276498069987,0.2419523769931402,0.24192276498069987,1784947394.0781996,1784947393.3566895,1784947393.6066895,0.0,0.0,0.0,0.0,0.9999721050262451,0.0,ablate-end-only-resnet50-cifar10-pi5-r3-20260725-104252:v1,1,0.24192276498069987,unknown,0.0,0.0,0.0,0.0,0.0,"{'device': [0, 1, 2, 3, 4, 5, 6, 7, 8, 9, 10, 11, 12, 13, 14, 15, 16, 17, 18]}",19,final,device,True,6,1.0,5.0,1.0,0.2419523769931402,-0.20976188496570103,6,bc621ed56a74496e8fbb79ad0f8d86ae,43,"{'device_compute': 0.24192276498069987, 'd2e_transport': 0.0, 'edge_queue': 0.0, 'edge_segment_compute': 0.0, 'edge_exit_head_compute': 0.0, 'edge_exit_check': 0.0, 'e2c_transport': 0.0, 'cloud_queue': 0.0, 'cloud_segment_compute': 0.0, 'cloud_exit_head_compute': 0.0, 'cloud_exit_check': 0.0, 'total_latency': 0.2419523769931402, 'unattributed_overhead': 2.961201244033873e-05, 'request_id': 'bc621ed56a74496e8fbb79ad0f8d86ae', 'user_id': 0, 'prediction': 6, 'exit_id': 'final', 'exit_boundary_id': 19, 'exit_location': 'device', 'confidence': 0.9999721050262451, 'executed_segments_by_node': {'device': [0, 1, 2, 3, 4, 5, 6, 7, 8, 9, 10, 11, 12, 13, 14, 15, 16, 17, 18]}, 'nodes': [{'node': 'device', 'executed_segments': [0, 1, 2, 3, 4, 5, 6, 7, 8, 9, 10, 11, 12, 13, 14, 15, 16, 17, 18], 'queue_s': 0.0, 'segment_compute_s': 0.23892888805130497, 'exit_head_compute_s': 0.002268518030177802, 'exit_check_s': 0.0002500460250303149, 'worker_elapsed_s': 0.24192276498069987}], 'sample_id': 'balanced_006_0726_00007337', 'label': 6, 'correct': True, 'observed_utility': -0.20976188496570103}",balanced_006_0726_00007337,43,7337,0.4715101718902588,7897155903844714889,0.2419523769931402,2.961201244033873e-05,0
0.0,0.2452247049950529,0.2452247049950529,0.24525387299945578,0.2452247049950529,1784947394.4153018,1784947393.689615,1784947393.939615,0.0,0.0,0.0,0.0,0.9999986886978149,0.0,ablate-end-only-resnet50-cifar10-pi5-r3-20260725-104252:v1,1,0.2452247049950529,unknown,0.0,0.0,0.0,0.0,0.0,"{'device': [0, 1, 2, 3, 4, 5, 6, 7, 8, 9, 10, 11, 12, 13, 14, 15, 16, 17, 18]}",19,final,device,True,8,1.0,5.0,1.0,0.24525387299945578,-0.2262693649972789,8,aa2a3fa54bb04c4f94ceda15b661d16c,44,"{'device_compute': 0.2452247049950529, 'd2e_transport': 0.0, 'edge_queue': 0.0, 'edge_segment_compute': 0.0, 'edge_exit_head_compute': 0.0, 'edge_exit_check': 0.0, 'e2c_transport': 0.0, 'cloud_queue': 0.0, 'cloud_segment_compute': 0.0, 'cloud_exit_head_compute': 0.0, 'cloud_exit_check': 0.0, 'total_latency': 0.24525387299945578, 'unattributed_overhead': 2.91680044028908e-05, 'request_id': 'aa2a3fa54bb04c4f94ceda15b661d16c', 'user_id': 0, 'prediction': 8, 'exit_id': 'final', 'exit_boundary_id': 19, 'exit_location': 'device', 'confidence': 0.9999986886978149, 'executed_segments_by_node': {'device': [0, 1, 2, 3, 4, 5, 6, 7, 8, 9, 10, 11, 12, 13, 14, 15, 16, 17, 18]}, 'nodes': [{'node': 'device', 'executed_segments': [0, 1, 2, 3, 4, 5, 6, 7, 8, 9, 10, 11, 12, 13, 14, 15, 16, 17, 18], 'queue_s': 0.0, 'segment_compute_s': 0.2422389580460731, 'exit_head_compute_s': 0.0022785379842389375, 'exit_check_s': 0.00024180300533771515, 'worker_elapsed_s': 0.2452247049950529}], 'sample_id': 'balanced_008_0607_00006295', 'label': 8, 'correct': True, 'observed_utility': -0.2262693649972789}",balanced_008_0607_00006295,44,6295,0.47568678855895996,7897155903844714889,0.24525387299945578,2.91680044028908e-05,0
0.0,0.23496762997820042,0.23496762997820042,0.23499653799808584,0.23496762997820042,1784947394.6958225,1784947393.9662168,1784947394.2162168,0.0,0.0,0.0,0.0,0.9999964237213135,0.0,ablate-end-only-resnet50-cifar10-pi5-r3-20260725-104252:v1,1,0.23496762997820042,unknown,0.0,0.0,0.0,0.0,0.0,"{'device': [0, 1, 2, 3, 4, 5, 6, 7, 8, 9, 10, 11, 12, 13, 14, 15, 16, 17, 18]}",19,final,device,True,9,1.0,5.0,1.0,0.23499653799808584,-0.1749826899904292,9,acfe32cedc74470cb8e3fd740db80817,45,"{'device_compute': 0.23496762997820042, 'd2e_transport': 0.0, 'edge_queue': 0.0, 'edge_segment_compute': 0.0, 'edge_exit_head_compute': 0.0, 'edge_exit_check': 0.0, 'e2c_transport': 0.0, 'cloud_queue': 0.0, 'cloud_segment_compute': 0.0, 'cloud_exit_head_compute': 0.0, 'cloud_exit_check': 0.0, 'total_latency': 0.23499653799808584, 'unattributed_overhead': 2.89080198854208e-05, 'request_id': 'acfe32cedc74470cb8e3fd740db80817', 'user_id': 0, 'prediction': 9, 'exit_id': 'final', 'exit_boundary_id': 19, 'exit_location': 'device', 'confidence': 0.9999964237213135, 'executed_segments_by_node': {'device': [0, 1, 2, 3, 4, 5, 6, 7, 8, 9, 10, 11, 12, 13, 14, 15, 16, 17, 18]}, 'nodes': [{'node': 'device', 'executed_segments': [0, 1, 2, 3, 4, 5, 6, 7, 8, 9, 10, 11, 12, 13, 14, 15, 16, 17, 18], 'queue_s': 0.0, 'segment_compute_s': 0.232023091026349, 'exit_head_compute_s': 0.002228979952633381, 'exit_check_s': 0.0002480809926055372, 'worker_elapsed_s': 0.23496762997820042}], 'sample_id': 'balanced_009_0119_00001155', 'label': 9, 'correct': True, 'observed_utility': -0.1749826899904292}",balanced_009_0119_00001155,45,1155,0.47960567474365234,7897155903844714889,0.23499653799808584,2.89080198854208e-05,0
0.0,0.24612943900865503,0.24612943900865503,0.24615914400783367,0.24612943900865503,1784947394.9913163,1784947394.240006,1784947394.490006,0.0,0.0,0.0,0.0,0.9990907907485962,0.0,ablate-end-only-resnet50-cifar10-pi5-r3-20260725-104252:v1,1,0.24612943900865503,unknown,0.0,0.0,0.0,0.0,0.0,"{'device': [0, 1, 2, 3, 4, 5, 6, 7, 8, 9, 10, 11, 12, 13, 14, 15, 16, 17, 18]}",19,final,device,True,1,1.0,5.0,1.0,0.24615914400783367,-0.23079572003916837,1,fd441531be684666b47e44f500bec642,46,"{'device_compute': 0.24612943900865503, 'd2e_transport': 0.0, 'edge_queue': 0.0, 'edge_segment_compute': 0.0, 'edge_exit_head_compute': 0.0, 'edge_exit_check': 0.0, 'e2c_transport': 0.0, 'cloud_queue': 0.0, 'cloud_segment_compute': 0.0, 'cloud_exit_head_compute': 0.0, 'cloud_exit_check': 0.0, 'total_latency': 0.24615914400783367, 'unattributed_overhead': 2.9704999178647995e-05, 'request_id': 'fd441531be684666b47e44f500bec642', 'user_id': 0, 'prediction': 1, 'exit_id': 'final', 'exit_boundary_id': 19, 'exit_location': 'device', 'confidence': 0.9990907907485962, 'executed_segments_by_node': {'device': [0, 1, 2, 3, 4, 5, 6, 7, 8, 9, 10, 11, 12, 13, 14, 15, 16, 17, 18]}, 'nodes': [{'node': 'device', 'executed_segments': [0, 1, 2, 3, 4, 5, 6, 7, 8, 9, 10, 11, 12, 13, 14, 15, 16, 17, 18], 'queue_s': 0.0, 'segment_compute_s': 0.2416478280792944, 'exit_head_compute_s': 0.0036942509468644857, 'exit_check_s': 0.00027306401170790195, 'worker_elapsed_s': 0.24612943900865503}], 'sample_id': 'balanced_001_0494_00004930', 'label': 1, 'correct': True, 'observed_utility': -0.23079572003916837}",balanced_001_0494_00004930,46,4930,0.5013103485107422,7897155903844714889,0.24615914400783367,2.9704999178647995e-05,0
0.0,0.23903331899782643,0.23903331899782643,0.23906294998596422,0.23903331899782643,1784947395.2996166,1784947394.532432,1784947394.782432,0.0,0.0,0.0,0.0,0.9063811302185059,0.0,ablate-end-only-resnet50-cifar10-pi5-r3-20260725-104252:v1,1,0.23903331899782643,unknown,0.0,0.0,0.0,0.0,0.0,"{'device': [0, 1, 2, 3, 4, 5, 6, 7, 8, 9, 10, 11, 12, 13, 14, 15, 16, 17, 18]}",19,final,device,False,2,1.0,5.0,0.0,0.23906294998596422,-1.1953147499298211,0,b330ed03b6ea4f3784d6ae6e3510838a,47,"{'device_compute': 0.23903331899782643, 'd2e_transport': 0.0, 'edge_queue': 0.0, 'edge_segment_compute': 0.0, 'edge_exit_head_compute': 0.0, 'edge_exit_check': 0.0, 'e2c_transport': 0.0, 'cloud_queue': 0.0, 'cloud_segment_compute': 0.0, 'cloud_exit_head_compute': 0.0, 'cloud_exit_check': 0.0, 'total_latency': 0.23906294998596422, 'unattributed_overhead': 2.963098813779652e-05, 'request_id': 'b330ed03b6ea4f3784d6ae6e3510838a', 'user_id': 0, 'prediction': 0, 'exit_id': 'final', 'exit_boundary_id': 19, 'exit_location': 'device', 'confidence': 0.9063811302185059, 'executed_segments_by_node': {'device': [0, 1, 2, 3, 4, 5, 6, 7, 8, 9, 10, 11, 12, 13, 14, 15, 16, 17, 18]}, 'nodes': [{'node': 'device', 'executed_segments': [0, 1, 2, 3, 4, 5, 6, 7, 8, 9, 10, 11, 12, 13, 14, 15, 16, 17, 18], 'queue_s': 0.0, 'segment_compute_s': 0.2361695579602383, 'exit_head_compute_s': 0.002141218981705606, 'exit_check_s': 0.000246155948843807, 'worker_elapsed_s': 0.23903331899782643}], 'sample_id': 'balanced_002_0433_00004101', 'label': 2, 'correct': False, 'observed_utility': -1.1953147499298211}",balanced_002_0433_00004101,47,4101,0.5171844959259033,7897155903844714889,0.23906294998596422,2.963098813779652e-05,0
0.0,0.2391395080194343,0.2391395080194343,0.23916854601702653,0.2391395080194343,1784947395.6063178,1784947394.8373692,1784947395.0873692,0.0,0.0,0.0,0.0,0.6522315740585327,0.0,ablate-end-only-resnet50-cifar10-pi5-r3-20260725-104252:v1,1,0.2391395080194343,unknown,0.0,0.0,0.0,0.0,0.0,"{'device': [0, 1, 2, 3, 4, 5, 6, 7, 8, 9, 10, 11, 12, 13, 14, 15, 16, 17, 18]}",19,final,device,False,3,1.0,5.0,0.0,0.23916854601702653,-1.1958427300851326,7,4363b416011d4755be1bef316f6bf198,48,"{'device_compute': 0.2391395080194343, 'd2e_transport': 0.0, 'edge_queue': 0.0, 'edge_segment_compute': 0.0, 'edge_exit_head_compute': 0.0, 'edge_exit_check': 0.0, 'e2c_transport': 0.0, 'cloud_queue': 0.0, 'cloud_segment_compute': 0.0, 'cloud_exit_head_compute': 0.0, 'cloud_exit_check': 0.0, 'total_latency': 0.23916854601702653, 'unattributed_overhead': 2.9037997592240572e-05, 'request_id': '4363b416011d4755be1bef316f6bf198', 'user_id': 0, 'prediction': 7, 'exit_id': 'final', 'exit_boundary_id': 19, 'exit_location': 'device', 'confidence': 0.6522315740585327, 'executed_segments_by_node': {'device': [0, 1, 2, 3, 4, 5, 6, 7, 8, 9, 10, 11, 12, 13, 14, 15, 16, 17, 18]}, 'nodes': [{'node': 'device', 'executed_segments': [0, 1, 2, 3, 4, 5, 6, 7, 8, 9, 10, 11, 12, 13, 14, 15, 16, 17, 18], 'queue_s': 0.0, 'segment_compute_s': 0.23620479999226518, 'exit_head_compute_s': 0.002158182003768161, 'exit_check_s': 0.0002783060190267861, 'worker_elapsed_s': 0.2391395080194343}], 'sample_id': 'balanced_003_0390_00004032', 'label': 3, 'correct': False, 'observed_utility': -1.1958427300851326}",balanced_003_0390_00004032,48,4032,0.5189485549926758,7897155903844714889,0.23916854601702653,2.9037997592240572e-05,0
0.0,0.24355167700559832,0.24355167700559832,0.24357964098453522,0.24355167700559832,1784947395.912076,1784947395.138043,1784947395.388043,0.0,0.0,0.0,0.0,0.9999926090240479,0.0,ablate-end-only-resnet50-cifar10-pi5-r3-20260725-104252:v1,1,0.24355167700559832,unknown,0.0,0.0,0.0,0.0,0.0,"{'device': [0, 1, 2, 3, 4, 5, 6, 7, 8, 9, 10, 11, 12, 13, 14, 15, 16, 17, 18]}",19,final,device,True,3,1.0,5.0,1.0,0.24357964098453522,-0.2178982049226761,3,dc75a3b7072e4371ac3718cf2486ca86,49,"{'device_compute': 0.24355167700559832, 'd2e_transport': 0.0, 'edge_queue': 0.0, 'edge_segment_compute': 0.0, 'edge_exit_head_compute': 0.0, 'edge_exit_check': 0.0, 'e2c_transport': 0.0, 'cloud_queue': 0.0, 'cloud_segment_compute': 0.0, 'cloud_exit_head_compute': 0.0, 'cloud_exit_check': 0.0, 'total_latency': 0.24357964098453522, 'unattributed_overhead': 2.7963978936895728e-05, 'request_id': 'dc75a3b7072e4371ac3718cf2486ca86', 'user_id': 0, 'prediction': 3, 'exit_id': 'final', 'exit_boundary_id': 19, 'exit_location': 'device', 'confidence': 0.9999926090240479, 'executed_segments_by_node': {'device': [0, 1, 2, 3, 4, 5, 6, 7, 8, 9, 10, 11, 12, 13, 14, 15, 16, 17, 18]}, 'nodes': [{'node': 'device', 'executed_segments': [0, 1, 2, 3, 4, 5, 6, 7, 8, 9, 10, 11, 12, 13, 14, 15, 16, 17, 18], 'queue_s': 0.0, 'segment_compute_s': 0.24065434103249572, 'exit_head_compute_s': 0.0021379760291893035, 'exit_check_s': 0.0002862309920601547, 'worker_elapsed_s': 0.24355167700559832}], 'sample_id': 'balanced_003_0142_00001386', 'label': 3, 'correct': True, 'observed_utility': -0.2178982049226761}",balanced_003_0142_00001386,49,1386,0.5240330696105957,7897155903844714889,0.24357964098453522,2.7963978936895728e-05,0
0.0,0.2507412009872496,0.2507412009872496,0.25076990498928353,0.2507412009872496,1784947396.2188127,1784947395.4518168,1784947395.7018168,0.0,0.0,0.0,0.0,0.9999934434890747,0.0,ablate-end-only-resnet50-cifar10-pi5-r3-20260725-104252:v1,1,0.2507412009872496,unknown,0.0,0.0,0.0,0.0,0.0,"{'device': [0, 1, 2, 3, 4, 5, 6, 7, 8, 9, 10, 11, 12, 13, 14, 15, 16, 17, 18]}",19,final,device,True,6,1.0,5.0,1.0,0.25076990498928353,-0.25384952494641766,6,aefe13e588bb43279b7bde75125faf3f,50,"{'device_compute': 0.2507412009872496, 'd2e_transport': 0.0, 'edge_queue': 0.0, 'edge_segment_compute': 0.0, 'edge_exit_head_compute': 0.0, 'edge_exit_check': 0.0, 'e2c_transport': 0.0, 'cloud_queue': 0.0, 'cloud_segment_compute': 0.0, 'cloud_exit_head_compute': 0.0, 'cloud_exit_check': 0.0, 'total_latency': 0.25076990498928353, 'unattributed_overhead': 2.8704002033919096e-05, 'request_id': 'aefe13e588bb43279b7bde75125faf3f', 'user_id': 0, 'prediction': 6, 'exit_id': 'final', 'exit_boundary_id': 19, 'exit_location': 'device', 'confidence': 0.9999934434890747, 'executed_segments_by_node': {'device': [0, 1, 2, 3, 4, 5, 6, 7, 8, 9, 10, 11, 12, 13, 14, 15, 16, 17, 18]}, 'nodes': [{'node': 'device', 'executed_segments': [0, 1, 2, 3, 4, 5, 6, 7, 8, 9, 10, 11, 12, 13, 14, 15, 16, 17, 18], 'queue_s': 0.0, 'segment_compute_s': 0.247790290042758, 'exit_head_compute_s': 0.002225628006272018, 'exit_check_s': 0.00025076803285628557, 'worker_elapsed_s': 0.2507412009872496}], 'sample_id': 'balanced_006_0727_00007339', 'label': 6, 'correct': True, 'observed_utility': -0.25384952494641766}",balanced_006_0727_00007339,50,7339,0.516995906829834,7897155903844714889,0.25076990498928353,2.8704002033919096e-05,0
0.0,0.24064185400493443,0.24064185400493443,0.2406690770003479,0.24064185400493443,1784947396.532854,1784947395.8092623,1784947396.0592623,0.0,0.0,0.0,0.0,0.9982200264930725,0.0,ablate-end-only-resnet50-cifar10-pi5-r3-20260725-104252:v1,1,0.24064185400493443,unknown,0.0,0.0,0.0,0.0,0.0,"{'device': [0, 1, 2, 3, 4, 5, 6, 7, 8, 9, 10, 11, 12, 13, 14, 15, 16, 17, 18]}",19,final,device,True,4,1.0,5.0,1.0,0.2406690770003479,-0.2033453850017395,4,8cebce5ff93d4270ad8872efc3fde479,51,"{'device_compute': 0.24064185400493443, 'd2e_transport': 0.0, 'edge_queue': 0.0, 'edge_segment_compute': 0.0, 'edge_exit_head_compute': 0.0, 'edge_exit_check': 0.0, 'e2c_transport': 0.0, 'cloud_queue': 0.0, 'cloud_segment_compute': 0.0, 'cloud_exit_head_compute': 0.0, 'cloud_exit_check': 0.0, 'total_latency': 0.2406690770003479, 'unattributed_overhead': 2.7222995413467288e-05, 'request_id': '8cebce5ff93d4270ad8872efc3fde479', 'user_id': 0, 'prediction': 4, 'exit_id': 'final', 'exit_boundary_id': 19, 'exit_location': 'device', 'confidence': 0.9982200264930725, 'executed_segments_by_node': {'device': [0, 1, 2, 3, 4, 5, 6, 7, 8, 9, 10, 11, 12, 13, 14, 15, 16, 17, 18]}, 'nodes': [{'node': 'device', 'executed_segments': [0, 1, 2, 3, 4, 5, 6, 7, 8, 9, 10, 11, 12, 13, 14, 15, 16, 17, 18], 'queue_s': 0.0, 'segment_compute_s': 0.2377978180302307, 'exit_head_compute_s': 0.002129791013430804, 'exit_check_s': 0.000249862001510337, 'worker_elapsed_s': 0.24064185400493443}], 'sample_id': 'balanced_004_0837_00008277', 'label': 4, 'correct': True, 'observed_utility': -0.2033453850017395}",balanced_004_0837_00008277,51,8277,0.47359180450439453,7897155903844714889,0.2406690770003479,2.7222995413467288e-05,0
0.0,0.23538266000105068,0.23538266000105068,0.23541108702193014,0.23538266000105068,1784947396.8340604,1784947396.0734277,1784947396.3234277,0.0,0.0,0.0,0.0,0.99394690990448,0.0,ablate-end-only-resnet50-cifar10-pi5-r3-20260725-104252:v1,1,0.23538266000105068,unknown,0.0,0.0,0.0,0.0,0.0,"{'device': [0, 1, 2, 3, 4, 5, 6, 7, 8, 9, 10, 11, 12, 13, 14, 15, 16, 17, 18]}",19,final,device,True,7,1.0,5.0,1.0,0.23541108702193014,-0.17705543510965072,7,f63adf35834d439ba98b43016dcbaf2e,52,"{'device_compute': 0.23538266000105068, 'd2e_transport': 0.0, 'edge_queue': 0.0, 'edge_segment_compute': 0.0, 'edge_exit_head_compute': 0.0, 'edge_exit_check': 0.0, 'e2c_transport': 0.0, 'cloud_queue': 0.0, 'cloud_segment_compute': 0.0, 'cloud_exit_head_compute': 0.0, 'cloud_exit_check': 0.0, 'total_latency': 0.23541108702193014, 'unattributed_overhead': 2.842702087946236e-05, 'request_id': 'f63adf35834d439ba98b43016dcbaf2e', 'user_id': 0, 'prediction': 7, 'exit_id': 'final', 'exit_boundary_id': 19, 'exit_location': 'device', 'confidence': 0.99394690990448, 'executed_segments_by_node': {'device': [0, 1, 2, 3, 4, 5, 6, 7, 8, 9, 10, 11, 12, 13, 14, 15, 16, 17, 18]}, 'nodes': [{'node': 'device', 'executed_segments': [0, 1, 2, 3, 4, 5, 6, 7, 8, 9, 10, 11, 12, 13, 14, 15, 16, 17, 18], 'queue_s': 0.0, 'segment_compute_s': 0.2324399880017154, 'exit_head_compute_s': 0.0021828279714100063, 'exit_check_s': 0.00025273000937886536, 'worker_elapsed_s': 0.23538266000105068}], 'sample_id': 'balanced_007_0089_00000856', 'label': 7, 'correct': True, 'observed_utility': -0.17705543510965072}",balanced_007_0089_00000856,52,856,0.5106327533721924,7897155903844714889,0.23541108702193014,2.842702087946236e-05,0
0.0,0.24775182601297274,0.24775182601297274,0.24778077099472284,0.24775182601297274,1784947397.0929236,1784947396.3645608,1784947396.6145608,0.0,0.0,0.0,0.0,0.9999836683273315,0.0,ablate-end-only-resnet50-cifar10-pi5-r3-20260725-104252:v1,1,0.24775182601297274,unknown,0.0,0.0,0.0,0.0,0.0,"{'device': [0, 1, 2, 3, 4, 5, 6, 7, 8, 9, 10, 11, 12, 13, 14, 15, 16, 17, 18]}",19,final,device,True,6,1.0,5.0,1.0,0.24778077099472284,-0.23890385497361422,6,967036d9cd394fce87dbac9e6cdd55f6,53,"{'device_compute': 0.24775182601297274, 'd2e_transport': 0.0, 'edge_queue': 0.0, 'edge_segment_compute': 0.0, 'edge_exit_head_compute': 0.0, 'edge_exit_check': 0.0, 'e2c_transport': 0.0, 'cloud_queue': 0.0, 'cloud_segment_compute': 0.0, 'cloud_exit_head_compute': 0.0, 'cloud_exit_check': 0.0, 'total_latency': 0.24778077099472284, 'unattributed_overhead': 2.894498175010085e-05, 'request_id': '967036d9cd394fce87dbac9e6cdd55f6', 'user_id': 0, 'prediction': 6, 'exit_id': 'final', 'exit_boundary_id': 19, 'exit_location': 'device', 'confidence': 0.9999836683273315, 'executed_segments_by_node': {'device': [0, 1, 2, 3, 4, 5, 6, 7, 8, 9, 10, 11, 12, 13, 14, 15, 16, 17, 18]}, 'nodes': [{'node': 'device', 'executed_segments': [0, 1, 2, 3, 4, 5, 6, 7, 8, 9, 10, 11, 12, 13, 14, 15, 16, 17, 18], 'queue_s': 0.0, 'segment_compute_s': 0.2437744000053499, 'exit_head_compute_s': 0.003213936957763508, 'exit_check_s': 0.0002490260230842978, 'worker_elapsed_s': 0.24775182601297274}], 'sample_id': 'balanced_006_0443_00004577', 'label': 6, 'correct': True, 'observed_utility': -0.23890385497361422}",balanced_006_0443_00004577,53,4577,0.4783627986907959,7897155903844714889,0.24778077099472284,2.894498175010085e-05,0
0.0,0.2811066470167134,0.2811066470167134,0.28113455601851456,0.2811066470167134,1784947397.355587,1784947396.6333556,1784947396.8833556,0.0,0.0,0.0,0.0,0.9996142387390137,0.0,ablate-end-only-resnet50-cifar10-pi5-r3-20260725-104252:v1,1,0.2811066470167134,unknown,0.0,0.0,0.0,0.0,0.0,"{'device': [0, 1, 2, 3, 4, 5, 6, 7, 8, 9, 10, 11, 12, 13, 14, 15, 16, 17, 18]}",19,final,device,True,7,1.0,5.0,1.0,0.28113455601851456,-0.4056727800925728,7,026a44466a4c4c24b5a2720daeee5256,54,"{'device_compute': 0.2811066470167134, 'd2e_transport': 0.0, 'edge_queue': 0.0, 'edge_segment_compute': 0.0, 'edge_exit_head_compute': 0.0, 'edge_exit_check': 0.0, 'e2c_transport': 0.0, 'cloud_queue': 0.0, 'cloud_segment_compute': 0.0, 'cloud_exit_head_compute': 0.0, 'cloud_exit_check': 0.0, 'total_latency': 0.28113455601851456, 'unattributed_overhead': 2.7909001801162958e-05, 'request_id': '026a44466a4c4c24b5a2720daeee5256', 'user_id': 0, 'prediction': 7, 'exit_id': 'final', 'exit_boundary_id': 19, 'exit_location': 'device', 'confidence': 0.9996142387390137, 'executed_segments_by_node': {'device': [0, 1, 2, 3, 4, 5, 6, 7, 8, 9, 10, 11, 12, 13, 14, 15, 16, 17, 18]}, 'nodes': [{'node': 'device', 'executed_segments': [0, 1, 2, 3, 4, 5, 6, 7, 8, 9, 10, 11, 12, 13, 14, 15, 16, 17, 18], 'queue_s': 0.0, 'segment_compute_s': 0.27695406807470135, 'exit_head_compute_s': 0.0034296280064154416, 'exit_check_s': 0.00025160101358778775, 'worker_elapsed_s': 0.2811066470167134}], 'sample_id': 'balanced_007_0729_00007237', 'label': 7, 'correct': True, 'observed_utility': -0.4056727800925728}",balanced_007_0729_00007237,54,7237,0.472231388092041,7897155903844714889,0.28113455601851456,2.7909001801162958e-05,0
0.0,0.26494886400178075,0.26494886400178075,0.26497764300438575,0.26494886400178075,1784947397.66103,1784947396.9368196,1784947397.1868196,0.0,0.0,0.0,0.0,0.9996780157089233,0.0,ablate-end-only-resnet50-cifar10-pi5-r3-20260725-104252:v1,1,0.26494886400178075,unknown,0.0,0.0,0.0,0.0,0.0,"{'device': [0, 1, 2, 3, 4, 5, 6, 7, 8, 9, 10, 11, 12, 13, 14, 15, 16, 17, 18]}",19,final,device,True,0,1.0,5.0,1.0,0.26497764300438575,-0.3248882150219288,0,17193bda0741488ca30da61b13b1cdb7,55,"{'device_compute': 0.26494886400178075, 'd2e_transport': 0.0, 'edge_queue': 0.0, 'edge_segment_compute': 0.0, 'edge_exit_head_compute': 0.0, 'edge_exit_check': 0.0, 'e2c_transport': 0.0, 'cloud_queue': 0.0, 'cloud_segment_compute': 0.0, 'cloud_exit_head_compute': 0.0, 'cloud_exit_check': 0.0, 'total_latency': 0.26497764300438575, 'unattributed_overhead': 2.87790026050061e-05, 'request_id': '17193bda0741488ca30da61b13b1cdb7', 'user_id': 0, 'prediction': 0, 'exit_id': 'final', 'exit_boundary_id': 19, 'exit_location': 'device', 'confidence': 0.9996780157089233, 'executed_segments_by_node': {'device': [0, 1, 2, 3, 4, 5, 6, 7, 8, 9, 10, 11, 12, 13, 14, 15, 16, 17, 18]}, 'nodes': [{'node': 'device', 'executed_segments': [0, 1, 2, 3, 4, 5, 6, 7, 8, 9, 10, 11, 12, 13, 14, 15, 16, 17, 18], 'queue_s': 0.0, 'segment_compute_s': 0.26200871396576986, 'exit_head_compute_s': 0.002175181027268991, 'exit_check_s': 0.00029506502323783934, 'worker_elapsed_s': 0.26494886400178075}], 'sample_id': 'balanced_000_0427_00004340', 'label': 0, 'correct': True, 'observed_utility': -0.3248882150219288}",balanced_000_0427_00004340,55,4340,0.4742105007171631,7897155903844714889,0.26497764300438575,2.87790026050061e-05,0
0.0,0.2478992760006804,0.2478992760006804,0.24792749900370836,0.2478992760006804,1784947397.9816587,1784947397.2569635,1784947397.5069635,0.0,0.0,0.0,0.0,0.9999861717224121,0.0,ablate-end-only-resnet50-cifar10-pi5-r3-20260725-104252:v1,1,0.2478992760006804,unknown,0.0,0.0,0.0,0.0,0.0,"{'device': [0, 1, 2, 3, 4, 5, 6, 7, 8, 9, 10, 11, 12, 13, 14, 15, 16, 17, 18]}",19,final,device,True,4,1.0,5.0,1.0,0.24792749900370836,-0.2396374950185418,4,aca07b9009d6438d9c4f399180770bc2,56,"{'device_compute': 0.2478992760006804, 'd2e_transport': 0.0, 'edge_queue': 0.0, 'edge_segment_compute': 0.0, 'edge_exit_head_compute': 0.0, 'edge_exit_check': 0.0, 'e2c_transport': 0.0, 'cloud_queue': 0.0, 'cloud_segment_compute': 0.0, 'cloud_exit_head_compute': 0.0, 'cloud_exit_check': 0.0, 'total_latency': 0.24792749900370836, 'unattributed_overhead': 2.8223003027960658e-05, 'request_id': 'aca07b9009d6438d9c4f399180770bc2', 'user_id': 0, 'prediction': 4, 'exit_id': 'final', 'exit_boundary_id': 19, 'exit_location': 'device', 'confidence': 0.9999861717224121, 'executed_segments_by_node': {'device': [0, 1, 2, 3, 4, 5, 6, 7, 8, 9, 10, 11, 12, 13, 14, 15, 16, 17, 18]}, 'nodes': [{'node': 'device', 'executed_segments': [0, 1, 2, 3, 4, 5, 6, 7, 8, 9, 10, 11, 12, 13, 14, 15, 16, 17, 18], 'queue_s': 0.0, 'segment_compute_s': 0.2449617350648623, 'exit_head_compute_s': 0.0021957739954814315, 'exit_check_s': 0.00026025003171525896, 'worker_elapsed_s': 0.2478992760006804}], 'sample_id': 'balanced_004_0467_00004576', 'label': 4, 'correct': True, 'observed_utility': -0.2396374950185418}",balanced_004_0467_00004576,56,4576,0.47469520568847656,7897155903844714889,0.24792749900370836,2.8223003027960658e-05,0
0.0,0.2561954139964655,0.2561954139964655,0.25622511899564415,0.2561954139964655,1784947398.2813373,1784947397.5548031,1784947397.8048031,0.0,0.0,0.0,0.0,0.9998911619186401,0.0,ablate-end-only-resnet50-cifar10-pi5-r3-20260725-104252:v1,1,0.2561954139964655,unknown,0.0,0.0,0.0,0.0,0.0,"{'device': [0, 1, 2, 3, 4, 5, 6, 7, 8, 9, 10, 11, 12, 13, 14, 15, 16, 17, 18]}",19,final,device,True,7,1.0,5.0,1.0,0.25622511899564415,-0.28112559497822076,7,c1066940ecc646b2806007e03b901c4f,57,"{'device_compute': 0.2561954139964655, 'd2e_transport': 0.0, 'edge_queue': 0.0, 'edge_segment_compute': 0.0, 'edge_exit_head_compute': 0.0, 'edge_exit_check': 0.0, 'e2c_transport': 0.0, 'cloud_queue': 0.0, 'cloud_segment_compute': 0.0, 'cloud_exit_head_compute': 0.0, 'cloud_exit_check': 0.0, 'total_latency': 0.25622511899564415, 'unattributed_overhead': 2.9704999178647995e-05, 'request_id': 'c1066940ecc646b2806007e03b901c4f', 'user_id': 0, 'prediction': 7, 'exit_id': 'final', 'exit_boundary_id': 19, 'exit_location': 'device', 'confidence': 0.9998911619186401, 'executed_segments_by_node': {'device': [0, 1, 2, 3, 4, 5, 6, 7, 8, 9, 10, 11, 12, 13, 14, 15, 16, 17, 18]}, 'nodes': [{'node': 'device', 'executed_segments': [0, 1, 2, 3, 4, 5, 6, 7, 8, 9, 10, 11, 12, 13, 14, 15, 16, 17, 18], 'queue_s': 0.0, 'segment_compute_s': 0.2533083220187109, 'exit_head_compute_s': 0.002161587035516277, 'exit_check_s': 0.0002524350129533559, 'worker_elapsed_s': 0.2561954139964655}], 'sample_id': 'balanced_007_0409_00004064', 'label': 7, 'correct': True, 'observed_utility': -0.28112559497822076}",balanced_007_0409_00004064,57,4064,0.4765341281890869,7897155903844714889,0.25622511899564415,2.9704999178647995e-05,0
0.0,0.24832338199485093,0.24832338199485093,0.24837795799248852,0.24832338199485093,1784947398.576475,1784947397.8554924,1784947398.1054924,0.0,0.0,0.0,0.0,0.999871015548706,0.0,ablate-end-only-resnet50-cifar10-pi5-r3-20260725-104252:v1,1,0.24832338199485093,unknown,0.0,0.0,0.0,0.0,0.0,"{'device': [0, 1, 2, 3, 4, 5, 6, 7, 8, 9, 10, 11, 12, 13, 14, 15, 16, 17, 18]}",19,final,device,True,3,1.0,5.0,1.0,0.24837795799248852,-0.2418897899624426,3,8868308c514849d993c5607707163509,58,"{'device_compute': 0.24832338199485093, 'd2e_transport': 0.0, 'edge_queue': 0.0, 'edge_segment_compute': 0.0, 'edge_exit_head_compute': 0.0, 'edge_exit_check': 0.0, 'e2c_transport': 0.0, 'cloud_queue': 0.0, 'cloud_segment_compute': 0.0, 'cloud_exit_head_compute': 0.0, 'cloud_exit_check': 0.0, 'total_latency': 0.24837795799248852, 'unattributed_overhead': 5.4575997637584805e-05, 'request_id': '8868308c514849d993c5607707163509', 'user_id': 0, 'prediction': 3, 'exit_id': 'final', 'exit_boundary_id': 19, 'exit_location': 'device', 'confidence': 0.999871015548706, 'executed_segments_by_node': {'device': [0, 1, 2, 3, 4, 5, 6, 7, 8, 9, 10, 11, 12, 13, 14, 15, 16, 17, 18]}, 'nodes': [{'node': 'device', 'executed_segments': [0, 1, 2, 3, 4, 5, 6, 7, 8, 9, 10, 11, 12, 13, 14, 15, 16, 17, 18], 'queue_s': 0.0, 'segment_compute_s': 0.24542086198925972, 'exit_head_compute_s': 0.0021605700021609664, 'exit_check_s': 0.0002593579702079296, 'worker_elapsed_s': 0.24832338199485093}], 'sample_id': 'balanced_003_0696_00006990', 'label': 3, 'correct': True, 'observed_utility': -0.2418897899624426}",balanced_003_0696_00006990,58,6990,0.47098255157470703,7897155903844714889,0.24837795799248852,5.4575997637584805e-05,0
0.0,0.24946111199096777,0.24946111199096777,0.24949026099056937,0.24946111199096777,1784947398.883605,1784947398.1616843,1784947398.4116843,0.0,0.0,0.0,0.0,0.9154565930366516,0.0,ablate-end-only-resnet50-cifar10-pi5-r3-20260725-104252:v1,1,0.24946111199096777,unknown,0.0,0.0,0.0,0.0,0.0,"{'device': [0, 1, 2, 3, 4, 5, 6, 7, 8, 9, 10, 11, 12, 13, 14, 15, 16, 17, 18]}",19,final,device,False,6,1.0,5.0,0.0,0.24949026099056937,-1.2474513049528468,3,cb4ab254bf184d1fbded91782c2af75e,59,"{'device_compute': 0.24946111199096777, 'd2e_transport': 0.0, 'edge_queue': 0.0, 'edge_segment_compute': 0.0, 'edge_exit_head_compute': 0.0, 'edge_exit_check': 0.0, 'e2c_transport': 0.0, 'cloud_queue': 0.0, 'cloud_segment_compute': 0.0, 'cloud_exit_head_compute': 0.0, 'cloud_exit_check': 0.0, 'total_latency': 0.24949026099056937, 'unattributed_overhead': 2.9148999601602554e-05, 'request_id': 'cb4ab254bf184d1fbded91782c2af75e', 'user_id': 0, 'prediction': 3, 'exit_id': 'final', 'exit_boundary_id': 19, 'exit_location': 'device', 'confidence': 0.9154565930366516, 'executed_segments_by_node': {'device': [0, 1, 2, 3, 4, 5, 6, 7, 8, 9, 10, 11, 12, 13, 14, 15, 16, 17, 18]}, 'nodes': [{'node': 'device', 'executed_segments': [0, 1, 2, 3, 4, 5, 6, 7, 8, 9, 10, 11, 12, 13, 14, 15, 16, 17, 18], 'queue_s': 0.0, 'segment_compute_s': 0.24657309602480382, 'exit_head_compute_s': 0.0021684039966203272, 'exit_check_s': 0.00025449099484831095, 'worker_elapsed_s': 0.24946111199096777}], 'sample_id': 'balanced_006_0342_00003446', 'label': 6, 'correct': False, 'observed_utility': -1.2474513049528468}",balanced_006_0342_00003446,59,3446,0.4719207286834717,7897155903844714889,0.24949026099056937,2.9148999601602554e-05,0
0.0,0.25621761797810905,0.25621761797810905,0.25624654500279576,0.25621761797810905,1784947399.1967812,1784947398.4753633,1784947398.7253633,0.0,0.0,0.0,0.0,0.7562057971954346,0.0,ablate-end-only-resnet50-cifar10-pi5-r3-20260725-104252:v1,1,0.25621761797810905,unknown,0.0,0.0,0.0,0.0,0.0,"{'device': [0, 1, 2, 3, 4, 5, 6, 7, 8, 9, 10, 11, 12, 13, 14, 15, 16, 17, 18]}",19,final,device,True,4,1.0,5.0,1.0,0.25624654500279576,-0.2812327250139788,4,223d9dcd62a8404693936bb2f4c4d18a,60,"{'device_compute': 0.25621761797810905, 'd2e_transport': 0.0, 'edge_queue': 0.0, 'edge_segment_compute': 0.0, 'edge_exit_head_compute': 0.0, 'edge_exit_check': 0.0, 'e2c_transport': 0.0, 'cloud_queue': 0.0, 'cloud_segment_compute': 0.0, 'cloud_exit_head_compute': 0.0, 'cloud_exit_check': 0.0, 'total_latency': 0.25624654500279576, 'unattributed_overhead': 2.8927024686709046e-05, 'request_id': '223d9dcd62a8404693936bb2f4c4d18a', 'user_id': 0, 'prediction': 4, 'exit_id': 'final', 'exit_boundary_id': 19, 'exit_location': 'device', 'confidence': 0.7562057971954346, 'executed_segments_by_node': {'device': [0, 1, 2, 3, 4, 5, 6, 7, 8, 9, 10, 11, 12, 13, 14, 15, 16, 17, 18]}, 'nodes': [{'node': 'device', 'executed_segments': [0, 1, 2, 3, 4, 5, 6, 7, 8, 9, 10, 11, 12, 13, 14, 15, 16, 17, 18], 'queue_s': 0.0, 'segment_compute_s': 0.2515410399646498, 'exit_head_compute_s': 0.003936200984753668, 'exit_check_s': 0.0002677860320545733, 'worker_elapsed_s': 0.25621761797810905}], 'sample_id': 'balanced_004_0343_00003439', 'label': 4, 'correct': True, 'observed_utility': -0.2812327250139788}",balanced_004_0343_00003439,60,3439,0.4714179039001465,7897155903844714889,0.25624654500279576,2.8927024686709046e-05,0
0.0,0.24592024899902754,0.24592024899902754,0.24594965801225044,0.24592024899902754,1784947399.5101225,1784947398.782521,1784947399.032521,0.0,0.0,0.0,0.0,0.9999823570251465,0.0,ablate-end-only-resnet50-cifar10-pi5-r3-20260725-104252:v1,1,0.24592024899902754,unknown,0.0,0.0,0.0,0.0,0.0,"{'device': [0, 1, 2, 3, 4, 5, 6, 7, 8, 9, 10, 11, 12, 13, 14, 15, 16, 17, 18]}",19,final,device,True,7,1.0,5.0,1.0,0.24594965801225044,-0.2297482900612522,7,61fd9988570a4d3d8ee47d41f1ba915e,61,"{'device_compute': 0.24592024899902754, 'd2e_transport': 0.0, 'edge_queue': 0.0, 'edge_segment_compute': 0.0, 'edge_exit_head_compute': 0.0, 'edge_exit_check': 0.0, 'e2c_transport': 0.0, 'cloud_queue': 0.0, 'cloud_segment_compute': 0.0, 'cloud_exit_head_compute': 0.0, 'cloud_exit_check': 0.0, 'total_latency': 0.24594965801225044, 'unattributed_overhead': 2.9409013222903013e-05, 'request_id': '61fd9988570a4d3d8ee47d41f1ba915e', 'user_id': 0, 'prediction': 7, 'exit_id': 'final', 'exit_boundary_id': 19, 'exit_location': 'device', 'confidence': 0.9999823570251465, 'executed_segments_by_node': {'device': [0, 1, 2, 3, 4, 5, 6, 7, 8, 9, 10, 11, 12, 13, 14, 15, 16, 17, 18]}, 'nodes': [{'node': 'device', 'executed_segments': [0, 1, 2, 3, 4, 5, 6, 7, 8, 9, 10, 11, 12, 13, 14, 15, 16, 17, 18], 'queue_s': 0.0, 'segment_compute_s': 0.24220046392292716, 'exit_head_compute_s': 0.002946985012385994, 'exit_check_s': 0.00026456298655830324, 'worker_elapsed_s': 0.24592024899902754}], 'sample_id': 'balanced_007_0513_00005153', 'label': 7, 'correct': True, 'observed_utility': -0.2297482900612522}",balanced_007_0513_00005153,61,5153,0.4776015281677246,7897155903844714889,0.24594965801225044,2.9409013222903013e-05,0
0.0,0.25003087500226684,0.25003087500226684,0.25006032100645825,0.25003087500226684,1784947399.8311732,1784947399.0955207,1784947399.3455207,0.0,0.0,0.0,0.0,0.9999998807907104,0.0,ablate-end-only-resnet50-cifar10-pi5-r3-20260725-104252:v1,1,0.25003087500226684,unknown,0.0,0.0,0.0,0.0,0.0,"{'device': [0, 1, 2, 3, 4, 5, 6, 7, 8, 9, 10, 11, 12, 13, 14, 15, 16, 17, 18]}",19,final,device,True,2,1.0,5.0,1.0,0.25006032100645825,-0.25030160503229126,2,7dc76f8a97d64c28b9fc762c2b7c155d,62,"{'device_compute': 0.25003087500226684, 'd2e_transport': 0.0, 'edge_queue': 0.0, 'edge_segment_compute': 0.0, 'edge_exit_head_compute': 0.0, 'edge_exit_check': 0.0, 'e2c_transport': 0.0, 'cloud_queue': 0.0, 'cloud_segment_compute': 0.0, 'cloud_exit_head_compute': 0.0, 'cloud_exit_check': 0.0, 'total_latency': 0.25006032100645825, 'unattributed_overhead': 2.9446004191413522e-05, 'request_id': '7dc76f8a97d64c28b9fc762c2b7c155d', 'user_id': 0, 'prediction': 2, 'exit_id': 'final', 'exit_boundary_id': 19, 'exit_location': 'device', 'confidence': 0.9999998807907104, 'executed_segments_by_node': {'device': [0, 1, 2, 3, 4, 5, 6, 7, 8, 9, 10, 11, 12, 13, 14, 15, 16, 17, 18]}, 'nodes': [{'node': 'device', 'executed_segments': [0, 1, 2, 3, 4, 5, 6, 7, 8, 9, 10, 11, 12, 13, 14, 15, 16, 17, 18], 'queue_s': 0.0, 'segment_compute_s': 0.2465800259669777, 'exit_head_compute_s': 0.0027356439968571067, 'exit_check_s': 0.000253898004302755, 'worker_elapsed_s': 0.25003087500226684}], 'sample_id': 'balanced_002_0581_00005785', 'label': 2, 'correct': True, 'observed_utility': -0.25030160503229126}",balanced_002_0581_00005785,62,5785,0.48565244674682617,7897155903844714889,0.25006032100645825,2.9446004191413522e-05,0
0.0,0.24947953000082634,0.24947953000082634,0.24950991998775862,0.24947953000082634,1784947400.13989,1784947399.416028,1784947399.666028,0.0,0.0,0.0,0.0,0.9961227774620056,0.0,ablate-end-only-resnet50-cifar10-pi5-r3-20260725-104252:v1,1,0.24947953000082634,unknown,0.0,0.0,0.0,0.0,0.0,"{'device': [0, 1, 2, 3, 4, 5, 6, 7, 8, 9, 10, 11, 12, 13, 14, 15, 16, 17, 18]}",19,final,device,True,8,1.0,5.0,1.0,0.24950991998775862,-0.2475495999387931,8,0c518f4c82cb43dc823a54b1db0f6d3c,63,"{'device_compute': 0.24947953000082634, 'd2e_transport': 0.0, 'edge_queue': 0.0, 'edge_segment_compute': 0.0, 'edge_exit_head_compute': 0.0, 'edge_exit_check': 0.0, 'e2c_transport': 0.0, 'cloud_queue': 0.0, 'cloud_segment_compute': 0.0, 'cloud_exit_head_compute': 0.0, 'cloud_exit_check': 0.0, 'total_latency': 0.24950991998775862, 'unattributed_overhead': 3.038998693227768e-05, 'request_id': '0c518f4c82cb43dc823a54b1db0f6d3c', 'user_id': 0, 'prediction': 8, 'exit_id': 'final', 'exit_boundary_id': 19, 'exit_location': 'device', 'confidence': 0.9961227774620056, 'executed_segments_by_node': {'device': [0, 1, 2, 3, 4, 5, 6, 7, 8, 9, 10, 11, 12, 13, 14, 15, 16, 17, 18]}, 'nodes': [{'node': 'device', 'executed_segments': [0, 1, 2, 3, 4, 5, 6, 7, 8, 9, 10, 11, 12, 13, 14, 15, 16, 17, 18], 'queue_s': 0.0, 'segment_compute_s': 0.246320647012908, 'exit_head_compute_s': 0.002355945995077491, 'exit_check_s': 0.0002550630015321076, 'worker_elapsed_s': 0.24947953000082634}], 'sample_id': 'balanced_008_0743_00007601', 'label': 8, 'correct': True, 'observed_utility': -0.2475495999387931}",balanced_008_0743_00007601,63,7601,0.4738619327545166,7897155903844714889,0.24950991998775862,3.038998693227768e-05,0
0.0,0.24693083800957538,0.24693083800957538,0.24695889401482418,0.24693083800957538,1784947400.4450781,1784947399.7138565,1784947399.9638565,0.0,0.0,0.0,0.0,0.8454874157905579,0.0,ablate-end-only-resnet50-cifar10-pi5-r3-20260725-104252:v1,1,0.24693083800957538,unknown,0.0,0.0,0.0,0.0,0.0,"{'device': [0, 1, 2, 3, 4, 5, 6, 7, 8, 9, 10, 11, 12, 13, 14, 15, 16, 17, 18]}",19,final,device,True,3,1.0,5.0,1.0,0.24695889401482418,-0.2347944700741209,3,92ed7b3643e74e799761ba2492b65c45,64,"{'device_compute': 0.24693083800957538, 'd2e_transport': 0.0, 'edge_queue': 0.0, 'edge_segment_compute': 0.0, 'edge_exit_head_compute': 0.0, 'edge_exit_check': 0.0, 'e2c_transport': 0.0, 'cloud_queue': 0.0, 'cloud_segment_compute': 0.0, 'cloud_exit_head_compute': 0.0, 'cloud_exit_check': 0.0, 'total_latency': 0.24695889401482418, 'unattributed_overhead': 2.805600524879992e-05, 'request_id': '92ed7b3643e74e799761ba2492b65c45', 'user_id': 0, 'prediction': 3, 'exit_id': 'final', 'exit_boundary_id': 19, 'exit_location': 'device', 'confidence': 0.8454874157905579, 'executed_segments_by_node': {'device': [0, 1, 2, 3, 4, 5, 6, 7, 8, 9, 10, 11, 12, 13, 14, 15, 16, 17, 18]}, 'nodes': [{'node': 'device', 'executed_segments': [0, 1, 2, 3, 4, 5, 6, 7, 8, 9, 10, 11, 12, 13, 14, 15, 16, 17, 18], 'queue_s': 0.0, 'segment_compute_s': 0.2428969269094523, 'exit_head_compute_s': 0.0032947540166787803, 'exit_check_s': 0.00026021196390502155, 'worker_elapsed_s': 0.24693083800957538}], 'sample_id': 'balanced_003_0434_00004487', 'label': 3, 'correct': True, 'observed_utility': -0.2347944700741209}",balanced_003_0434_00004487,64,4487,0.48122167587280273,7897155903844714889,0.24695889401482418,2.805600524879992e-05,0
0.0,0.24677403600071557,0.24677403600071557,0.2468020929954946,0.24677403600071557,1784947400.7577622,1784947400.0346076,1784947400.2846076,0.0,0.0,0.0,0.0,0.9998136162757874,0.0,ablate-end-only-resnet50-cifar10-pi5-r3-20260725-104252:v1,1,0.24677403600071557,unknown,0.0,0.0,0.0,0.0,0.0,"{'device': [0, 1, 2, 3, 4, 5, 6, 7, 8, 9, 10, 11, 12, 13, 14, 15, 16, 17, 18]}",19,final,device,True,5,1.0,5.0,1.0,0.2468020929954946,-0.23401046497747302,5,40e1af1f5e324e02975927807bc94e4e,65,"{'device_compute': 0.24677403600071557, 'd2e_transport': 0.0, 'edge_queue': 0.0, 'edge_segment_compute': 0.0, 'edge_exit_head_compute': 0.0, 'edge_exit_check': 0.0, 'e2c_transport': 0.0, 'cloud_queue': 0.0, 'cloud_segment_compute': 0.0, 'cloud_exit_head_compute': 0.0, 'cloud_exit_check': 0.0, 'total_latency': 0.2468020929954946, 'unattributed_overhead': 2.805699477903545e-05, 'request_id': '40e1af1f5e324e02975927807bc94e4e', 'user_id': 0, 'prediction': 5, 'exit_id': 'final', 'exit_boundary_id': 19, 'exit_location': 'device', 'confidence': 0.9998136162757874, 'executed_segments_by_node': {'device': [0, 1, 2, 3, 4, 5, 6, 7, 8, 9, 10, 11, 12, 13, 14, 15, 16, 17, 18]}, 'nodes': [{'node': 'device', 'executed_segments': [0, 1, 2, 3, 4, 5, 6, 7, 8, 9, 10, 11, 12, 13, 14, 15, 16, 17, 18], 'queue_s': 0.0, 'segment_compute_s': 0.24385520000942051, 'exit_head_compute_s': 0.0021985899948049337, 'exit_check_s': 0.00024806396686472, 'worker_elapsed_s': 0.24677403600071557}], 'sample_id': 'balanced_005_0032_00000343', 'label': 5, 'correct': True, 'observed_utility': -0.23401046497747302}",balanced_005_0032_00000343,65,343,0.47315454483032227,7897155903844714889,0.2468020929954946,2.805699477903545e-05,0
0.0,0.249577385984594,0.249577385984594,0.24960696100606583,0.249577385984594,1784947401.039276,1784947400.314455,1784947400.564455,0.0,0.0,0.0,0.0,0.9999511241912842,0.0,ablate-end-only-resnet50-cifar10-pi5-r3-20260725-104252:v1,1,0.249577385984594,unknown,0.0,0.0,0.0,0.0,0.0,"{'device': [0, 1, 2, 3, 4, 5, 6, 7, 8, 9, 10, 11, 12, 13, 14, 15, 16, 17, 18]}",19,final,device,True,6,1.0,5.0,1.0,0.24960696100606583,-0.24803480503032915,6,41a67e1333ea452da3bb7ef99d652a3d,66,"{'device_compute': 0.249577385984594, 'd2e_transport': 0.0, 'edge_queue': 0.0, 'edge_segment_compute': 0.0, 'edge_exit_head_compute': 0.0, 'edge_exit_check': 0.0, 'e2c_transport': 0.0, 'cloud_queue': 0.0, 'cloud_segment_compute': 0.0, 'cloud_exit_head_compute': 0.0, 'cloud_exit_check': 0.0, 'total_latency': 0.24960696100606583, 'unattributed_overhead': 2.9575021471828222e-05, 'request_id': '41a67e1333ea452da3bb7ef99d652a3d', 'user_id': 0, 'prediction': 6, 'exit_id': 'final', 'exit_boundary_id': 19, 'exit_location': 'device', 'confidence': 0.9999511241912842, 'executed_segments_by_node': {'device': [0, 1, 2, 3, 4, 5, 6, 7, 8, 9, 10, 11, 12, 13, 14, 15, 16, 17, 18]}, 'nodes': [{'node': 'device', 'executed_segments': [0, 1, 2, 3, 4, 5, 6, 7, 8, 9, 10, 11, 12, 13, 14, 15, 16, 17, 18], 'queue_s': 0.0, 'segment_compute_s': 0.24661771397222765, 'exit_head_compute_s': 0.0022162200475577265, 'exit_check_s': 0.0002666209766175598, 'worker_elapsed_s': 0.249577385984594}], 'sample_id': 'balanced_006_0583_00005807', 'label': 6, 'correct': True, 'observed_utility': -0.24803480503032915}",balanced_006_0583_00005807,66,5807,0.4748208522796631,7897155903844714889,0.24960696100606583,2.9575021471828222e-05,0
0.0,0.26054455299163237,0.26054455299163237,0.2605734419776127,0.26054455299163237,1784947401.3724928,1784947400.6507535,1784947400.9007535,0.0,0.0,0.0,0.0,0.9988183379173279,0.0,ablate-end-only-resnet50-cifar10-pi5-r3-20260725-104252:v1,1,0.26054455299163237,unknown,0.0,0.0,0.0,0.0,0.0,"{'device': [0, 1, 2, 3, 4, 5, 6, 7, 8, 9, 10, 11, 12, 13, 14, 15, 16, 17, 18]}",19,final,device,True,9,1.0,5.0,1.0,0.2605734419776127,-0.30286720988806337,9,b8bf71bee35442c5873944179b481334,67,"{'device_compute': 0.26054455299163237, 'd2e_transport': 0.0, 'edge_queue': 0.0, 'edge_segment_compute': 0.0, 'edge_exit_head_compute': 0.0, 'edge_exit_check': 0.0, 'e2c_transport': 0.0, 'cloud_queue': 0.0, 'cloud_segment_compute': 0.0, 'cloud_exit_head_compute': 0.0, 'cloud_exit_check': 0.0, 'total_latency': 0.2605734419776127, 'unattributed_overhead': 2.8888985980302095e-05, 'request_id': 'b8bf71bee35442c5873944179b481334', 'user_id': 0, 'prediction': 9, 'exit_id': 'final', 'exit_boundary_id': 19, 'exit_location': 'device', 'confidence': 0.9988183379173279, 'executed_segments_by_node': {'device': [0, 1, 2, 3, 4, 5, 6, 7, 8, 9, 10, 11, 12, 13, 14, 15, 16, 17, 18]}, 'nodes': [{'node': 'device', 'executed_segments': [0, 1, 2, 3, 4, 5, 6, 7, 8, 9, 10, 11, 12, 13, 14, 15, 16, 17, 18], 'queue_s': 0.0, 'segment_compute_s': 0.25762874001520686, 'exit_head_compute_s': 0.002205144992331043, 'exit_check_s': 0.0002488579775672406, 'worker_elapsed_s': 0.26054455299163237}], 'sample_id': 'balanced_009_0143_00001370', 'label': 9, 'correct': True, 'observed_utility': -0.30286720988806337}",balanced_009_0143_00001370,67,1370,0.4717392921447754,7897155903844714889,0.2605734419776127,2.8888985980302095e-05,0
0.0,0.24626978000742383,0.24626978000742383,0.24629896599799395,0.24626978000742383,1784947401.6792274,1784947400.956573,1784947401.206573,0.0,0.0,0.0,0.0,0.9999635219573975,0.0,ablate-end-only-resnet50-cifar10-pi5-r3-20260725-104252:v1,1,0.24626978000742383,unknown,0.0,0.0,0.0,0.0,0.0,"{'device': [0, 1, 2, 3, 4, 5, 6, 7, 8, 9, 10, 11, 12, 13, 14, 15, 16, 17, 18]}",19,final,device,True,2,1.0,5.0,1.0,0.24629896599799395,-0.23149482998996973,2,51398ce08cf047cf84153752167aa88b,68,"{'device_compute': 0.24626978000742383, 'd2e_transport': 0.0, 'edge_queue': 0.0, 'edge_segment_compute': 0.0, 'edge_exit_head_compute': 0.0, 'edge_exit_check': 0.0, 'e2c_transport': 0.0, 'cloud_queue': 0.0, 'cloud_segment_compute': 0.0, 'cloud_exit_head_compute': 0.0, 'cloud_exit_check': 0.0, 'total_latency': 0.24629896599799395, 'unattributed_overhead': 2.9185990570113063e-05, 'request_id': '51398ce08cf047cf84153752167aa88b', 'user_id': 0, 'prediction': 2, 'exit_id': 'final', 'exit_boundary_id': 19, 'exit_location': 'device', 'confidence': 0.9999635219573975, 'executed_segments_by_node': {'device': [0, 1, 2, 3, 4, 5, 6, 7, 8, 9, 10, 11, 12, 13, 14, 15, 16, 17, 18]}, 'nodes': [{'node': 'device', 'executed_segments': [0, 1, 2, 3, 4, 5, 6, 7, 8, 9, 10, 11, 12, 13, 14, 15, 16, 17, 18], 'queue_s': 0.0, 'segment_compute_s': 0.24283846604521386, 'exit_head_compute_s': 0.0026400300266686827, 'exit_check_s': 0.0002671749971341342, 'worker_elapsed_s': 0.24626978000742383}], 'sample_id': 'balanced_002_0794_00007849', 'label': 2, 'correct': True, 'observed_utility': -0.23149482998996973}",balanced_002_0794_00007849,68,7849,0.4726543426513672,7897155903844714889,0.24629896599799395,2.9185990570113063e-05,0
0.0,0.24296978599159047,0.24296978599159047,0.24299906499800272,0.24296978599159047,1784947401.9905593,1784947401.2641444,1784947401.5141444,0.0,0.0,0.0,0.0,0.9999985694885254,0.0,ablate-end-only-resnet50-cifar10-pi5-r3-20260725-104252:v1,1,0.24296978599159047,unknown,0.0,0.0,0.0,0.0,0.0,"{'device': [0, 1, 2, 3, 4, 5, 6, 7, 8, 9, 10, 11, 12, 13, 14, 15, 16, 17, 18]}",19,final,device,True,1,1.0,5.0,1.0,0.24299906499800272,-0.21499532499001361,1,e5aacfb1f487404bb51b8fd46c7d90ee,69,"{'device_compute': 0.24296978599159047, 'd2e_transport': 0.0, 'edge_queue': 0.0, 'edge_segment_compute': 0.0, 'edge_exit_head_compute': 0.0, 'edge_exit_check': 0.0, 'e2c_transport': 0.0, 'cloud_queue': 0.0, 'cloud_segment_compute': 0.0, 'cloud_exit_head_compute': 0.0, 'cloud_exit_check': 0.0, 'total_latency': 0.24299906499800272, 'unattributed_overhead': 2.9279006412252784e-05, 'request_id': 'e5aacfb1f487404bb51b8fd46c7d90ee', 'user_id': 0, 'prediction': 1, 'exit_id': 'final', 'exit_boundary_id': 19, 'exit_location': 'device', 'confidence': 0.9999985694885254, 'executed_segments_by_node': {'device': [0, 1, 2, 3, 4, 5, 6, 7, 8, 9, 10, 11, 12, 13, 14, 15, 16, 17, 18]}, 'nodes': [{'node': 'device', 'executed_segments': [0, 1, 2, 3, 4, 5, 6, 7, 8, 9, 10, 11, 12, 13, 14, 15, 16, 17, 18], 'queue_s': 0.0, 'segment_compute_s': 0.2401237549202051, 'exit_head_compute_s': 0.002129901055013761, 'exit_check_s': 0.000249305012403056, 'worker_elapsed_s': 0.24296978599159047}], 'sample_id': 'balanced_001_0069_00000844', 'label': 1, 'correct': True, 'observed_utility': -0.21499532499001361}",balanced_001_0069_00000844,69,844,0.47641491889953613,7897155903844714889,0.24299906499800272,2.9279006412252784e-05,0
0.0,0.26556547300424427,0.26556547300424427,0.2655947880120948,0.26556547300424427,1784947402.2642252,1784947401.5424705,1784947401.7924705,0.0,0.0,0.0,0.0,0.998600423336029,0.0,ablate-end-only-resnet50-cifar10-pi5-r3-20260725-104252:v1,1,0.26556547300424427,unknown,0.0,0.0,0.0,0.0,0.0,"{'device': [0, 1, 2, 3, 4, 5, 6, 7, 8, 9, 10, 11, 12, 13, 14, 15, 16, 17, 18]}",19,final,device,True,1,1.0,5.0,1.0,0.2655947880120948,-0.327973940060474,1,6ab2e2648fca40faa9014a179b5cf7a6,70,"{'device_compute': 0.26556547300424427, 'd2e_transport': 0.0, 'edge_queue': 0.0, 'edge_segment_compute': 0.0, 'edge_exit_head_compute': 0.0, 'edge_exit_check': 0.0, 'e2c_transport': 0.0, 'cloud_queue': 0.0, 'cloud_segment_compute': 0.0, 'cloud_exit_head_compute': 0.0, 'cloud_exit_check': 0.0, 'total_latency': 0.2655947880120948, 'unattributed_overhead': 2.9315007850527763e-05, 'request_id': '6ab2e2648fca40faa9014a179b5cf7a6', 'user_id': 0, 'prediction': 1, 'exit_id': 'final', 'exit_boundary_id': 19, 'exit_location': 'device', 'confidence': 0.998600423336029, 'executed_segments_by_node': {'device': [0, 1, 2, 3, 4, 5, 6, 7, 8, 9, 10, 11, 12, 13, 14, 15, 16, 17, 18]}, 'nodes': [{'node': 'device', 'executed_segments': [0, 1, 2, 3, 4, 5, 6, 7, 8, 9, 10, 11, 12, 13, 14, 15, 16, 17, 18], 'queue_s': 0.0, 'segment_compute_s': 0.2611832199327182, 'exit_head_compute_s': 0.003648838959634304, 'exit_check_s': 0.0002576920378487557, 'worker_elapsed_s': 0.26556547300424427}], 'sample_id': 'balanced_001_0890_00008811', 'label': 1, 'correct': True, 'observed_utility': -0.327973940060474}",balanced_001_0890_00008811,70,8811,0.471754789352417,7897155903844714889,0.2655947880120948,2.9315007850527763e-05,0
0.0,0.24213236998184584,0.24213236998184584,0.242165148985805,0.24213236998184584,1784947402.5714147,1784947401.850051,1784947402.100051,0.0,0.0,0.0,0.0,0.9992470741271973,0.0,ablate-end-only-resnet50-cifar10-pi5-r3-20260725-104252:v1,1,0.24213236998184584,unknown,0.0,0.0,0.0,0.0,0.0,"{'device': [0, 1, 2, 3, 4, 5, 6, 7, 8, 9, 10, 11, 12, 13, 14, 15, 16, 17, 18]}",19,final,device,True,9,1.0,5.0,1.0,0.242165148985805,-0.21082574492902495,9,1e3a3251d4ec4a18b2456f48f0e735d8,71,"{'device_compute': 0.24213236998184584, 'd2e_transport': 0.0, 'edge_queue': 0.0, 'edge_segment_compute': 0.0, 'edge_exit_head_compute': 0.0, 'edge_exit_check': 0.0, 'e2c_transport': 0.0, 'cloud_queue': 0.0, 'cloud_segment_compute': 0.0, 'cloud_exit_head_compute': 0.0, 'cloud_exit_check': 0.0, 'total_latency': 0.242165148985805, 'unattributed_overhead': 3.277900395914912e-05, 'request_id': '1e3a3251d4ec4a18b2456f48f0e735d8', 'user_id': 0, 'prediction': 9, 'exit_id': 'final', 'exit_boundary_id': 19, 'exit_location': 'device', 'confidence': 0.9992470741271973, 'executed_segments_by_node': {'device': [0, 1, 2, 3, 4, 5, 6, 7, 8, 9, 10, 11, 12, 13, 14, 15, 16, 17, 18]}, 'nodes': [{'node': 'device', 'executed_segments': [0, 1, 2, 3, 4, 5, 6, 7, 8, 9, 10, 11, 12, 13, 14, 15, 16, 17, 18], 'queue_s': 0.0, 'segment_compute_s': 0.2392359449295327, 'exit_head_compute_s': 0.0021414390357676893, 'exit_check_s': 0.0002607859787531197, 'worker_elapsed_s': 0.24213236998184584}], 'sample_id': 'balanced_009_0655_00006570', 'label': 9, 'correct': True, 'observed_utility': -0.21082574492902495}",balanced_009_0655_00006570,71,6570,0.47136378288269043,7897155903844714889,0.242165148985805,3.277900395914912e-05,0
0.0,0.24733880499843508,0.24733880499843508,0.2473675280052703,0.24733880499843508,1784947402.8881342,1784947402.1654823,1784947402.4154823,0.0,0.0,0.0,0.0,0.9998824596405029,0.0,ablate-end-only-resnet50-cifar10-pi5-r3-20260725-104252:v1,1,0.24733880499843508,unknown,0.0,0.0,0.0,0.0,0.0,"{'device': [0, 1, 2, 3, 4, 5, 6, 7, 8, 9, 10, 11, 12, 13, 14, 15, 16, 17, 18]}",19,final,device,True,9,1.0,5.0,1.0,0.2473675280052703,-0.23683764002635144,9,5bdce30d8a014095be6a71bdedff4c94,72,"{'device_compute': 0.24733880499843508, 'd2e_transport': 0.0, 'edge_queue': 0.0, 'edge_segment_compute': 0.0, 'edge_exit_head_compute': 0.0, 'edge_exit_check': 0.0, 'e2c_transport': 0.0, 'cloud_queue': 0.0, 'cloud_segment_compute': 0.0, 'cloud_exit_head_compute': 0.0, 'cloud_exit_check': 0.0, 'total_latency': 0.2473675280052703, 'unattributed_overhead': 2.8723006835207343e-05, 'request_id': '5bdce30d8a014095be6a71bdedff4c94', 'user_id': 0, 'prediction': 9, 'exit_id': 'final', 'exit_boundary_id': 19, 'exit_location': 'device', 'confidence': 0.9998824596405029, 'executed_segments_by_node': {'device': [0, 1, 2, 3, 4, 5, 6, 7, 8, 9, 10, 11, 12, 13, 14, 15, 16, 17, 18]}, 'nodes': [{'node': 'device', 'executed_segments': [0, 1, 2, 3, 4, 5, 6, 7, 8, 9, 10, 11, 12, 13, 14, 15, 16, 17, 18], 'queue_s': 0.0, 'segment_compute_s': 0.2436047419323586, 'exit_head_compute_s': 0.002978169999551028, 'exit_check_s': 0.00027308097924105823, 'worker_elapsed_s': 0.24733880499843508}], 'sample_id': 'balanced_009_0507_00004932', 'label': 9, 'correct': True, 'observed_utility': -0.23683764002635144}",balanced_009_0507_00004932,72,4932,0.47265195846557617,7897155903844714889,0.2473675280052703,2.8723006835207343e-05,0
0.0,0.24753408101969399,0.24753408101969399,0.24760365701513365,0.24753408101969399,1784947403.1971705,1784947402.469009,1784947402.719009,0.0,0.0,0.0,0.0,0.999976634979248,0.0,ablate-end-only-resnet50-cifar10-pi5-r3-20260725-104252:v1,1,0.24753408101969399,unknown,0.0,0.0,0.0,0.0,0.0,"{'device': [0, 1, 2, 3, 4, 5, 6, 7, 8, 9, 10, 11, 12, 13, 14, 15, 16, 17, 18]}",19,final,device,True,4,1.0,5.0,1.0,0.24760365701513365,-0.23801828507566825,4,ac06a03a47114efc92ae3de03a4136a8,73,"{'device_compute': 0.24753408101969399, 'd2e_transport': 0.0, 'edge_queue': 0.0, 'edge_segment_compute': 0.0, 'edge_exit_head_compute': 0.0, 'edge_exit_check': 0.0, 'e2c_transport': 0.0, 'cloud_queue': 0.0, 'cloud_segment_compute': 0.0, 'cloud_exit_head_compute': 0.0, 'cloud_exit_check': 0.0, 'total_latency': 0.24760365701513365, 'unattributed_overhead': 6.957599543966353e-05, 'request_id': 'ac06a03a47114efc92ae3de03a4136a8', 'user_id': 0, 'prediction': 4, 'exit_id': 'final', 'exit_boundary_id': 19, 'exit_location': 'device', 'confidence': 0.999976634979248, 'executed_segments_by_node': {'device': [0, 1, 2, 3, 4, 5, 6, 7, 8, 9, 10, 11, 12, 13, 14, 15, 16, 17, 18]}, 'nodes': [{'node': 'device', 'executed_segments': [0, 1, 2, 3, 4, 5, 6, 7, 8, 9, 10, 11, 12, 13, 14, 15, 16, 17, 18], 'queue_s': 0.0, 'segment_compute_s': 0.243311057012761, 'exit_head_compute_s': 0.003470518015092239, 'exit_check_s': 0.0002646369975991547, 'worker_elapsed_s': 0.24753408101969399}], 'sample_id': 'balanced_004_0701_00006757', 'label': 4, 'correct': True, 'observed_utility': -0.23801828507566825}",balanced_004_0701_00006757,73,6757,0.4781615734100342,7897155903844714889,0.24760365701513365,6.957599543966353e-05,0
0.0,0.2630084090051241,0.2630084090051241,0.2630373539868742,0.2630084090051241,1784947403.5006568,1784947402.7744446,1784947403.0244446,0.0,0.0,0.0,0.0,0.9953436255455017,0.0,ablate-end-only-resnet50-cifar10-pi5-r3-20260725-104252:v1,1,0.2630084090051241,unknown,0.0,0.0,0.0,0.0,0.0,"{'device': [0, 1, 2, 3, 4, 5, 6, 7, 8, 9, 10, 11, 12, 13, 14, 15, 16, 17, 18]}",19,final,device,True,6,1.0,5.0,1.0,0.2630373539868742,-0.3151867699343711,6,95cd4a5b99c84c719e52697fb34ce249,74,"{'device_compute': 0.2630084090051241, 'd2e_transport': 0.0, 'edge_queue': 0.0, 'edge_segment_compute': 0.0, 'edge_exit_head_compute': 0.0, 'edge_exit_check': 0.0, 'e2c_transport': 0.0, 'cloud_queue': 0.0, 'cloud_segment_compute': 0.0, 'cloud_exit_head_compute': 0.0, 'cloud_exit_check': 0.0, 'total_latency': 0.2630373539868742, 'unattributed_overhead': 2.894498175010085e-05, 'request_id': '95cd4a5b99c84c719e52697fb34ce249', 'user_id': 0, 'prediction': 6, 'exit_id': 'final', 'exit_boundary_id': 19, 'exit_location': 'device', 'confidence': 0.9953436255455017, 'executed_segments_by_node': {'device': [0, 1, 2, 3, 4, 5, 6, 7, 8, 9, 10, 11, 12, 13, 14, 15, 16, 17, 18]}, 'nodes': [{'node': 'device', 'executed_segments': [0, 1, 2, 3, 4, 5, 6, 7, 8, 9, 10, 11, 12, 13, 14, 15, 16, 17, 18], 'queue_s': 0.0, 'segment_compute_s': 0.2592444740294013, 'exit_head_compute_s': 0.0030070229549892247, 'exit_check_s': 0.00027914001839235425, 'worker_elapsed_s': 0.2630084090051241}], 'sample_id': 'balanced_006_0242_00002313', 'label': 6, 'correct': True, 'observed_utility': -0.3151867699343711}",balanced_006_0242_00002313,74,2313,0.4762122631072998,7897155903844714889,0.2630373539868742,2.894498175010085e-05,0
0.0,0.24306397198233753,0.24306397198233753,0.24309445399558172,0.24306397198233753,1784947403.801615,1784947403.0778112,1784947403.3278112,0.0,0.0,0.0,0.0,0.9998489618301392,0.0,ablate-end-only-resnet50-cifar10-pi5-r3-20260725-104252:v1,1,0.24306397198233753,unknown,0.0,0.0,0.0,0.0,0.0,"{'device': [0, 1, 2, 3, 4, 5, 6, 7, 8, 9, 10, 11, 12, 13, 14, 15, 16, 17, 18]}",19,final,device,True,7,1.0,5.0,1.0,0.24309445399558172,-0.21547226997790858,7,b6b0a740761345e988e903181b49a82a,75,"{'device_compute': 0.24306397198233753, 'd2e_transport': 0.0, 'edge_queue': 0.0, 'edge_segment_compute': 0.0, 'edge_exit_head_compute': 0.0, 'edge_exit_check': 0.0, 'e2c_transport': 0.0, 'cloud_queue': 0.0, 'cloud_segment_compute': 0.0, 'cloud_exit_head_compute': 0.0, 'cloud_exit_check': 0.0, 'total_latency': 0.24309445399558172, 'unattributed_overhead': 3.048201324418187e-05, 'request_id': 'b6b0a740761345e988e903181b49a82a', 'user_id': 0, 'prediction': 7, 'exit_id': 'final', 'exit_boundary_id': 19, 'exit_location': 'device', 'confidence': 0.9998489618301392, 'executed_segments_by_node': {'device': [0, 1, 2, 3, 4, 5, 6, 7, 8, 9, 10, 11, 12, 13, 14, 15, 16, 17, 18]}, 'nodes': [{'node': 'device', 'executed_segments': [0, 1, 2, 3, 4, 5, 6, 7, 8, 9, 10, 11, 12, 13, 14, 15, 16, 17, 18], 'queue_s': 0.0, 'segment_compute_s': 0.2401602110476233, 'exit_head_compute_s': 0.0021506419871002436, 'exit_check_s': 0.0002524720039218664, 'worker_elapsed_s': 0.24306397198233753}], 'sample_id': 'balanced_007_0926_00009301', 'label': 7, 'correct': True, 'observed_utility': -0.21547226997790858}",balanced_007_0926_00009301,75,9301,0.4738037586212158,7897155903844714889,0.24309445399558172,3.048201324418187e-05,0
0.0,0.23953527098638006,0.23953527098638006,0.23956390097737312,0.23953527098638006,1784947404.1231763,1784947403.3957467,1784947403.6457467,0.0,0.0,0.0,0.0,0.999995231628418,0.0,ablate-end-only-resnet50-cifar10-pi5-r3-20260725-104252:v1,1,0.23953527098638006,unknown,0.0,0.0,0.0,0.0,0.0,"{'device': [0, 1, 2, 3, 4, 5, 6, 7, 8, 9, 10, 11, 12, 13, 14, 15, 16, 17, 18]}",19,final,device,True,1,1.0,5.0,1.0,0.23956390097737312,-0.19781950488686562,1,b3779b17da6b4049ba3d7cf89de5b277,76,"{'device_compute': 0.23953527098638006, 'd2e_transport': 0.0, 'edge_queue': 0.0, 'edge_segment_compute': 0.0, 'edge_exit_head_compute': 0.0, 'edge_exit_check': 0.0, 'e2c_transport': 0.0, 'cloud_queue': 0.0, 'cloud_segment_compute': 0.0, 'cloud_exit_head_compute': 0.0, 'cloud_exit_check': 0.0, 'total_latency': 0.23956390097737312, 'unattributed_overhead': 2.8629990993067622e-05, 'request_id': 'b3779b17da6b4049ba3d7cf89de5b277', 'user_id': 0, 'prediction': 1, 'exit_id': 'final', 'exit_boundary_id': 19, 'exit_location': 'device', 'confidence': 0.999995231628418, 'executed_segments_by_node': {'device': [0, 1, 2, 3, 4, 5, 6, 7, 8, 9, 10, 11, 12, 13, 14, 15, 16, 17, 18]}, 'nodes': [{'node': 'device', 'executed_segments': [0, 1, 2, 3, 4, 5, 6, 7, 8, 9, 10, 11, 12, 13, 14, 15, 16, 17, 18], 'queue_s': 0.0, 'segment_compute_s': 0.23548940001637675, 'exit_head_compute_s': 0.00331201299559325, 'exit_check_s': 0.00025756401009857655, 'worker_elapsed_s': 0.23953527098638006}], 'sample_id': 'balanced_001_0323_00003370', 'label': 1, 'correct': True, 'observed_utility': -0.19781950488686562}",balanced_001_0323_00003370,76,3370,0.4774296283721924,7897155903844714889,0.23956390097737312,2.8629990993067622e-05,0
0.0,0.24549329400178976,0.24549329400178976,0.24552238700562157,0.24549329400178976,1784947404.4265177,1784947403.7012458,1784947403.9512458,0.0,0.0,0.0,0.0,0.9979233145713806,0.0,ablate-end-only-resnet50-cifar10-pi5-r3-20260725-104252:v1,1,0.24549329400178976,unknown,0.0,0.0,0.0,0.0,0.0,"{'device': [0, 1, 2, 3, 4, 5, 6, 7, 8, 9, 10, 11, 12, 13, 14, 15, 16, 17, 18]}",19,final,device,True,8,1.0,5.0,1.0,0.24552238700562157,-0.22761193502810784,8,a737517901834729a114c023d6377f98,77,"{'device_compute': 0.24549329400178976, 'd2e_transport': 0.0, 'edge_queue': 0.0, 'edge_segment_compute': 0.0, 'edge_exit_head_compute': 0.0, 'edge_exit_check': 0.0, 'e2c_transport': 0.0, 'cloud_queue': 0.0, 'cloud_segment_compute': 0.0, 'cloud_exit_head_compute': 0.0, 'cloud_exit_check': 0.0, 'total_latency': 0.24552238700562157, 'unattributed_overhead': 2.90930038318038e-05, 'request_id': 'a737517901834729a114c023d6377f98', 'user_id': 0, 'prediction': 8, 'exit_id': 'final', 'exit_boundary_id': 19, 'exit_location': 'device', 'confidence': 0.9979233145713806, 'executed_segments_by_node': {'device': [0, 1, 2, 3, 4, 5, 6, 7, 8, 9, 10, 11, 12, 13, 14, 15, 16, 17, 18]}, 'nodes': [{'node': 'device', 'executed_segments': [0, 1, 2, 3, 4, 5, 6, 7, 8, 9, 10, 11, 12, 13, 14, 15, 16, 17, 18], 'queue_s': 0.0, 'segment_compute_s': 0.24258445791201666, 'exit_head_compute_s': 0.0021565500064752996, 'exit_check_s': 0.00024846900487318635, 'worker_elapsed_s': 0.24549329400178976}], 'sample_id': 'balanced_008_0606_00006286', 'label': 8, 'correct': True, 'observed_utility': -0.22761193502810784}",balanced_008_0606_00006286,77,6286,0.47527194023132324,7897155903844714889,0.24552238700562157,2.90930038318038e-05,0
0.0,0.24375468198559247,0.24375468198559247,0.24378296098439023,0.24375468198559247,1784947404.742607,1784947404.0199487,1784947404.2699487,0.0,0.0,0.0,0.0,0.9999425411224365,0.0,ablate-end-only-resnet50-cifar10-pi5-r3-20260725-104252:v1,1,0.24375468198559247,unknown,0.0,0.0,0.0,0.0,0.0,"{'device': [0, 1, 2, 3, 4, 5, 6, 7, 8, 9, 10, 11, 12, 13, 14, 15, 16, 17, 18]}",19,final,device,True,3,1.0,5.0,1.0,0.24378296098439023,-0.21891480492195114,3,b28570071fd7430ab61c50f144838de8,78,"{'device_compute': 0.24375468198559247, 'd2e_transport': 0.0, 'edge_queue': 0.0, 'edge_segment_compute': 0.0, 'edge_exit_head_compute': 0.0, 'edge_exit_check': 0.0, 'e2c_transport': 0.0, 'cloud_queue': 0.0, 'cloud_segment_compute': 0.0, 'cloud_exit_head_compute': 0.0, 'cloud_exit_check': 0.0, 'total_latency': 0.24378296098439023, 'unattributed_overhead': 2.8278998797759414e-05, 'request_id': 'b28570071fd7430ab61c50f144838de8', 'user_id': 0, 'prediction': 3, 'exit_id': 'final', 'exit_boundary_id': 19, 'exit_location': 'device', 'confidence': 0.9999425411224365, 'executed_segments_by_node': {'device': [0, 1, 2, 3, 4, 5, 6, 7, 8, 9, 10, 11, 12, 13, 14, 15, 16, 17, 18]}, 'nodes': [{'node': 'device', 'executed_segments': [0, 1, 2, 3, 4, 5, 6, 7, 8, 9, 10, 11, 12, 13, 14, 15, 16, 17, 18], 'queue_s': 0.0, 'segment_compute_s': 0.23978018498746678, 'exit_head_compute_s': 0.0032393639849033207, 'exit_check_s': 0.00026173103833571076, 'worker_elapsed_s': 0.24375468198559247}], 'sample_id': 'balanced_003_0044_00000453', 'label': 3, 'correct': True, 'observed_utility': -0.21891480492195114}",balanced_003_0044_00000453,78,453,0.4726583957672119,7897155903844714889,0.24378296098439023,2.8278998797759414e-05,0
0.0,0.2495077189814765,0.2495077189814765,0.24953668299713172,0.2495077189814765,1784947405.0385005,1784947404.3092852,1784947404.5592852,0.0,0.0,0.0,0.0,0.9999738931655884,0.0,ablate-end-only-resnet50-cifar10-pi5-r3-20260725-104252:v1,1,0.2495077189814765,unknown,0.0,0.0,0.0,0.0,0.0,"{'device': [0, 1, 2, 3, 4, 5, 6, 7, 8, 9, 10, 11, 12, 13, 14, 15, 16, 17, 18]}",19,final,device,True,8,1.0,5.0,1.0,0.24953668299713172,-0.2476834149856586,8,63e7f0d7fabc4353903970bbdcbf98bd,79,"{'device_compute': 0.2495077189814765, 'd2e_transport': 0.0, 'edge_queue': 0.0, 'edge_segment_compute': 0.0, 'edge_exit_head_compute': 0.0, 'edge_exit_check': 0.0, 'e2c_transport': 0.0, 'cloud_queue': 0.0, 'cloud_segment_compute': 0.0, 'cloud_exit_head_compute': 0.0, 'cloud_exit_check': 0.0, 'total_latency': 0.24953668299713172, 'unattributed_overhead': 2.8964015655219555e-05, 'request_id': '63e7f0d7fabc4353903970bbdcbf98bd', 'user_id': 0, 'prediction': 8, 'exit_id': 'final', 'exit_boundary_id': 19, 'exit_location': 'device', 'confidence': 0.9999738931655884, 'executed_segments_by_node': {'device': [0, 1, 2, 3, 4, 5, 6, 7, 8, 9, 10, 11, 12, 13, 14, 15, 16, 17, 18]}, 'nodes': [{'node': 'device', 'executed_segments': [0, 1, 2, 3, 4, 5, 6, 7, 8, 9, 10, 11, 12, 13, 14, 15, 16, 17, 18], 'queue_s': 0.0, 'segment_compute_s': 0.24631022795801982, 'exit_head_compute_s': 0.002468097023665905, 'exit_check_s': 0.0002599339932203293, 'worker_elapsed_s': 0.2495077189814765}], 'sample_id': 'balanced_008_0830_00008409', 'label': 8, 'correct': True, 'observed_utility': -0.2476834149856586}",balanced_008_0830_00008409,79,8409,0.4792153835296631,7897155903844714889,0.24953668299713172,2.8964015655219555e-05,0
0.0,0.24412506600492634,0.24412506600492634,0.24415545599185862,0.24412506600492634,1784947405.3459983,1784947404.622277,1784947404.872277,0.0,0.0,0.0,0.0,0.9999985694885254,0.0,ablate-end-only-resnet50-cifar10-pi5-r3-20260725-104252:v1,1,0.24412506600492634,unknown,0.0,0.0,0.0,0.0,0.0,"{'device': [0, 1, 2, 3, 4, 5, 6, 7, 8, 9, 10, 11, 12, 13, 14, 15, 16, 17, 18]}",19,final,device,True,7,1.0,5.0,1.0,0.24415545599185862,-0.22077727995929308,7,f1c73c44524f49f09bf564e5338e1209,80,"{'device_compute': 0.24412506600492634, 'd2e_transport': 0.0, 'edge_queue': 0.0, 'edge_segment_compute': 0.0, 'edge_exit_head_compute': 0.0, 'edge_exit_check': 0.0, 'e2c_transport': 0.0, 'cloud_queue': 0.0, 'cloud_segment_compute': 0.0, 'cloud_exit_head_compute': 0.0, 'cloud_exit_check': 0.0, 'total_latency': 0.24415545599185862, 'unattributed_overhead': 3.038998693227768e-05, 'request_id': 'f1c73c44524f49f09bf564e5338e1209', 'user_id': 0, 'prediction': 7, 'exit_id': 'final', 'exit_boundary_id': 19, 'exit_location': 'device', 'confidence': 0.9999985694885254, 'executed_segments_by_node': {'device': [0, 1, 2, 3, 4, 5, 6, 7, 8, 9, 10, 11, 12, 13, 14, 15, 16, 17, 18]}, 'nodes': [{'node': 'device', 'executed_segments': [0, 1, 2, 3, 4, 5, 6, 7, 8, 9, 10, 11, 12, 13, 14, 15, 16, 17, 18], 'queue_s': 0.0, 'segment_compute_s': 0.24128216100507416, 'exit_head_compute_s': 0.0021175299771130085, 'exit_check_s': 0.00025256501976400614, 'worker_elapsed_s': 0.24412506600492634}], 'sample_id': 'balanced_007_0345_00003482', 'label': 7, 'correct': True, 'observed_utility': -0.22077727995929308}",balanced_007_0345_00003482,80,3482,0.4737212657928467,7897155903844714889,0.24415545599185862,3.038998693227768e-05,0
0.0,0.2475521199812647,0.2475521199812647,0.24758089799433947,0.2475521199812647,1784947405.658199,1784947404.9310415,1784947405.1810415,0.0,0.0,0.0,0.0,0.9999943971633911,0.0,ablate-end-only-resnet50-cifar10-pi5-r3-20260725-104252:v1,1,0.2475521199812647,unknown,0.0,0.0,0.0,0.0,0.0,"{'device': [0, 1, 2, 3, 4, 5, 6, 7, 8, 9, 10, 11, 12, 13, 14, 15, 16, 17, 18]}",19,final,device,True,7,1.0,5.0,1.0,0.24758089799433947,-0.23790448997169733,7,d44176f1ccd94b79ae12c9b6cdbb83c1,81,"{'device_compute': 0.2475521199812647, 'd2e_transport': 0.0, 'edge_queue': 0.0, 'edge_segment_compute': 0.0, 'edge_exit_head_compute': 0.0, 'edge_exit_check': 0.0, 'e2c_transport': 0.0, 'cloud_queue': 0.0, 'cloud_segment_compute': 0.0, 'cloud_exit_head_compute': 0.0, 'cloud_exit_check': 0.0, 'total_latency': 0.24758089799433947, 'unattributed_overhead': 2.877801307477057e-05, 'request_id': 'd44176f1ccd94b79ae12c9b6cdbb83c1', 'user_id': 0, 'prediction': 7, 'exit_id': 'final', 'exit_boundary_id': 19, 'exit_location': 'device', 'confidence': 0.9999943971633911, 'executed_segments_by_node': {'device': [0, 1, 2, 3, 4, 5, 6, 7, 8, 9, 10, 11, 12, 13, 14, 15, 16, 17, 18]}, 'nodes': [{'node': 'device', 'executed_segments': [0, 1, 2, 3, 4, 5, 6, 7, 8, 9, 10, 11, 12, 13, 14, 15, 16, 17, 18], 'queue_s': 0.0, 'segment_compute_s': 0.24464425194310024, 'exit_head_compute_s': 0.0021781440009362996, 'exit_check_s': 0.0002567680203355849, 'worker_elapsed_s': 0.2475521199812647}], 'sample_id': 'balanced_007_0581_00005764', 'label': 7, 'correct': True, 'observed_utility': -0.23790448997169733}",balanced_007_0581_00005764,81,5764,0.4771575927734375,7897155903844714889,0.24758089799433947,2.877801307477057e-05,0
0.0,0.23736622600699775,0.23736622600699775,0.2373956340015866,0.23736622600699775,1784947405.9588943,1784947405.2316704,1784947405.4816704,0.0,0.0,0.0,0.0,0.9999499320983887,0.0,ablate-end-only-resnet50-cifar10-pi5-r3-20260725-104252:v1,1,0.23736622600699775,unknown,0.0,0.0,0.0,0.0,0.0,"{'device': [0, 1, 2, 3, 4, 5, 6, 7, 8, 9, 10, 11, 12, 13, 14, 15, 16, 17, 18]}",19,final,device,True,1,1.0,5.0,1.0,0.2373956340015866,-0.18697817000793293,1,5afb2383bd774a3d902aed01d6ff8703,82,"{'device_compute': 0.23736622600699775, 'd2e_transport': 0.0, 'edge_queue': 0.0, 'edge_segment_compute': 0.0, 'edge_exit_head_compute': 0.0, 'edge_exit_check': 0.0, 'e2c_transport': 0.0, 'cloud_queue': 0.0, 'cloud_segment_compute': 0.0, 'cloud_exit_head_compute': 0.0, 'cloud_exit_check': 0.0, 'total_latency': 0.2373956340015866, 'unattributed_overhead': 2.9407994588837028e-05, 'request_id': '5afb2383bd774a3d902aed01d6ff8703', 'user_id': 0, 'prediction': 1, 'exit_id': 'final', 'exit_boundary_id': 19, 'exit_location': 'device', 'confidence': 0.9999499320983887, 'executed_segments_by_node': {'device': [0, 1, 2, 3, 4, 5, 6, 7, 8, 9, 10, 11, 12, 13, 14, 15, 16, 17, 18]}, 'nodes': [{'node': 'device', 'executed_segments': [0, 1, 2, 3, 4, 5, 6, 7, 8, 9, 10, 11, 12, 13, 14, 15, 16, 17, 18], 'queue_s': 0.0, 'segment_compute_s': 0.23445708001963794, 'exit_head_compute_s': 0.0021769220184069127, 'exit_check_s': 0.00025769296917133033, 'worker_elapsed_s': 0.23736622600699775}], 'sample_id': 'balanced_001_0471_00004762', 'label': 1, 'correct': True, 'observed_utility': -0.18697817000793293}",balanced_001_0471_00004762,82,4762,0.47722387313842773,7897155903844714889,0.2373956340015866,2.9407994588837028e-05,0
0.0,0.24431318399729207,0.24431318399729207,0.24434201899566688,0.24431318399729207,1784947406.275161,1784947405.5515916,1784947405.8015916,0.0,0.0,0.0,0.0,0.9999994039535522,0.0,ablate-end-only-resnet50-cifar10-pi5-r3-20260725-104252:v1,1,0.24431318399729207,unknown,0.0,0.0,0.0,0.0,0.0,"{'device': [0, 1, 2, 3, 4, 5, 6, 7, 8, 9, 10, 11, 12, 13, 14, 15, 16, 17, 18]}",19,final,device,True,3,1.0,5.0,1.0,0.24434201899566688,-0.22171009497833438,3,4316ad4f129f4eae9466e006a75e85ce,83,"{'device_compute': 0.24431318399729207, 'd2e_transport': 0.0, 'edge_queue': 0.0, 'edge_segment_compute': 0.0, 'edge_exit_head_compute': 0.0, 'edge_exit_check': 0.0, 'e2c_transport': 0.0, 'cloud_queue': 0.0, 'cloud_segment_compute': 0.0, 'cloud_exit_head_compute': 0.0, 'cloud_exit_check': 0.0, 'total_latency': 0.24434201899566688, 'unattributed_overhead': 2.8834998374804854e-05, 'request_id': '4316ad4f129f4eae9466e006a75e85ce', 'user_id': 0, 'prediction': 3, 'exit_id': 'final', 'exit_boundary_id': 19, 'exit_location': 'device', 'confidence': 0.9999994039535522, 'executed_segments_by_node': {'device': [0, 1, 2, 3, 4, 5, 6, 7, 8, 9, 10, 11, 12, 13, 14, 15, 16, 17, 18]}, 'nodes': [{'node': 'device', 'executed_segments': [0, 1, 2, 3, 4, 5, 6, 7, 8, 9, 10, 11, 12, 13, 14, 15, 16, 17, 18], 'queue_s': 0.0, 'segment_compute_s': 0.2414696681080386, 'exit_head_compute_s': 0.002124659949913621, 'exit_check_s': 0.00024661803035996854, 'worker_elapsed_s': 0.24431318399729207}], 'sample_id': 'balanced_003_0825_00008203', 'label': 3, 'correct': True, 'observed_utility': -0.22171009497833438}",balanced_003_0825_00008203,83,8203,0.473569393157959,7897155903844714889,0.24434201899566688,2.8834998374804854e-05,0
0.0,0.23811467300402,0.23811467300402,0.23814285898697563,0.23811467300402,1784947406.590311,1784947405.8656301,1784947406.1156301,0.0,0.0,0.0,0.0,0.9999722242355347,0.0,ablate-end-only-resnet50-cifar10-pi5-r3-20260725-104252:v1,1,0.23811467300402,unknown,0.0,0.0,0.0,0.0,0.0,"{'device': [0, 1, 2, 3, 4, 5, 6, 7, 8, 9, 10, 11, 12, 13, 14, 15, 16, 17, 18]}",19,final,device,True,9,1.0,5.0,1.0,0.23814285898697563,-0.19071429493487813,9,68245507a674437192496edecadc8fa1,84,"{'device_compute': 0.23811467300402, 'd2e_transport': 0.0, 'edge_queue': 0.0, 'edge_segment_compute': 0.0, 'edge_exit_head_compute': 0.0, 'edge_exit_check': 0.0, 'e2c_transport': 0.0, 'cloud_queue': 0.0, 'cloud_segment_compute': 0.0, 'cloud_exit_head_compute': 0.0, 'cloud_exit_check': 0.0, 'total_latency': 0.23814285898697563, 'unattributed_overhead': 2.8185982955619693e-05, 'request_id': '68245507a674437192496edecadc8fa1', 'user_id': 0, 'prediction': 9, 'exit_id': 'final', 'exit_boundary_id': 19, 'exit_location': 'device', 'confidence': 0.9999722242355347, 'executed_segments_by_node': {'device': [0, 1, 2, 3, 4, 5, 6, 7, 8, 9, 10, 11, 12, 13, 14, 15, 16, 17, 18]}, 'nodes': [{'node': 'device', 'executed_segments': [0, 1, 2, 3, 4, 5, 6, 7, 8, 9, 10, 11, 12, 13, 14, 15, 16, 17, 18], 'queue_s': 0.0, 'segment_compute_s': 0.2338960949855391, 'exit_head_compute_s': 0.0034620730148162693, 'exit_check_s': 0.00027386099100112915, 'worker_elapsed_s': 0.23811467300402}], 'sample_id': 'balanced_009_0989_00009854', 'label': 9, 'correct': True, 'observed_utility': -0.19071429493487813}",balanced_009_0989_00009854,84,9854,0.47468090057373047,7897155903844714889,0.23814285898697563,2.8185982955619693e-05,0
0.0,0.24862592198769562,0.24862592198769562,0.24865401498391293,0.24862592198769562,1784947406.88467,1784947406.1579673,1784947406.4079673,0.0,0.0,0.0,0.0,0.9999678134918213,0.0,ablate-end-only-resnet50-cifar10-pi5-r3-20260725-104252:v1,1,0.24862592198769562,unknown,0.0,0.0,0.0,0.0,0.0,"{'device': [0, 1, 2, 3, 4, 5, 6, 7, 8, 9, 10, 11, 12, 13, 14, 15, 16, 17, 18]}",19,final,device,True,0,1.0,5.0,1.0,0.24865401498391293,-0.24327007491956465,0,875906b8581947edb3103fbad9d8b12b,85,"{'device_compute': 0.24862592198769562, 'd2e_transport': 0.0, 'edge_queue': 0.0, 'edge_segment_compute': 0.0, 'edge_exit_head_compute': 0.0, 'edge_exit_check': 0.0, 'e2c_transport': 0.0, 'cloud_queue': 0.0, 'cloud_segment_compute': 0.0, 'cloud_exit_head_compute': 0.0, 'cloud_exit_check': 0.0, 'total_latency': 0.24865401498391293, 'unattributed_overhead': 2.809299621731043e-05, 'request_id': '875906b8581947edb3103fbad9d8b12b', 'user_id': 0, 'prediction': 0, 'exit_id': 'final', 'exit_boundary_id': 19, 'exit_location': 'device', 'confidence': 0.9999678134918213, 'executed_segments_by_node': {'device': [0, 1, 2, 3, 4, 5, 6, 7, 8, 9, 10, 11, 12, 13, 14, 15, 16, 17, 18]}, 'nodes': [{'node': 'device', 'executed_segments': [0, 1, 2, 3, 4, 5, 6, 7, 8, 9, 10, 11, 12, 13, 14, 15, 16, 17, 18], 'queue_s': 0.0, 'segment_compute_s': 0.2456982739677187, 'exit_head_compute_s': 0.0021955679985694587, 'exit_check_s': 0.0002536749525461346, 'worker_elapsed_s': 0.24862592198769562}], 'sample_id': 'balanced_000_0311_00003117', 'label': 0, 'correct': True, 'observed_utility': -0.24327007491956465}",balanced_000_0311_00003117,85,3117,0.4767026901245117,7897155903844714889,0.24865401498391293,2.809299621731043e-05,0
0.0,0.25061814399668947,0.25061814399668947,0.2506472930253949,0.25061814399668947,1784947407.1880732,1784947406.4634206,1784947406.7134206,0.0,0.0,0.0,0.0,0.9998807907104492,0.0,ablate-end-only-resnet50-cifar10-pi5-r3-20260725-104252:v1,1,0.25061814399668947,unknown,0.0,0.0,0.0,0.0,0.0,"{'device': [0, 1, 2, 3, 4, 5, 6, 7, 8, 9, 10, 11, 12, 13, 14, 15, 16, 17, 18]}",19,final,device,True,8,1.0,5.0,1.0,0.2506472930253949,-0.2532364651269745,8,f1f08031347c45fc8266ffe2542e1ded,86,"{'device_compute': 0.25061814399668947, 'd2e_transport': 0.0, 'edge_queue': 0.0, 'edge_segment_compute': 0.0, 'edge_exit_head_compute': 0.0, 'edge_exit_check': 0.0, 'e2c_transport': 0.0, 'cloud_queue': 0.0, 'cloud_segment_compute': 0.0, 'cloud_exit_head_compute': 0.0, 'cloud_exit_check': 0.0, 'total_latency': 0.2506472930253949, 'unattributed_overhead': 2.914902870543301e-05, 'request_id': 'f1f08031347c45fc8266ffe2542e1ded', 'user_id': 0, 'prediction': 8, 'exit_id': 'final', 'exit_boundary_id': 19, 'exit_location': 'device', 'confidence': 0.9998807907104492, 'executed_segments_by_node': {'device': [0, 1, 2, 3, 4, 5, 6, 7, 8, 9, 10, 11, 12, 13, 14, 15, 16, 17, 18]}, 'nodes': [{'node': 'device', 'executed_segments': [0, 1, 2, 3, 4, 5, 6, 7, 8, 9, 10, 11, 12, 13, 14, 15, 16, 17, 18], 'queue_s': 0.0, 'segment_compute_s': 0.2472721489612013, 'exit_head_compute_s': 0.0026091010367963463, 'exit_check_s': 0.0002591939701233059, 'worker_elapsed_s': 0.25061814399668947}], 'sample_id': 'balanced_008_0997_00009986', 'label': 8, 'correct': True, 'observed_utility': -0.2532364651269745}",balanced_008_0997_00009986,86,9986,0.4746525287628174,7897155903844714889,0.2506472930253949,2.914902870543301e-05,0
0.0,0.2428171559877228,0.2428171559877228,0.24284941700170748,0.2428171559877228,1784947407.4969804,1784947406.771511,1784947407.021511,0.0,0.0,0.0,0.0,0.9999724626541138,0.0,ablate-end-only-resnet50-cifar10-pi5-r3-20260725-104252:v1,1,0.2428171559877228,unknown,0.0,0.0,0.0,0.0,0.0,"{'device': [0, 1, 2, 3, 4, 5, 6, 7, 8, 9, 10, 11, 12, 13, 14, 15, 16, 17, 18]}",19,final,device,True,0,1.0,5.0,1.0,0.24284941700170748,-0.2142470850085374,0,12c74cd414c04c46b3677be50bf6530c,87,"{'device_compute': 0.2428171559877228, 'd2e_transport': 0.0, 'edge_queue': 0.0, 'edge_segment_compute': 0.0, 'edge_exit_head_compute': 0.0, 'edge_exit_check': 0.0, 'e2c_transport': 0.0, 'cloud_queue': 0.0, 'cloud_segment_compute': 0.0, 'cloud_exit_head_compute': 0.0, 'cloud_exit_check': 0.0, 'total_latency': 0.24284941700170748, 'unattributed_overhead': 3.2261013984680176e-05, 'request_id': '12c74cd414c04c46b3677be50bf6530c', 'user_id': 0, 'prediction': 0, 'exit_id': 'final', 'exit_boundary_id': 19, 'exit_location': 'device', 'confidence': 0.9999724626541138, 'executed_segments_by_node': {'device': [0, 1, 2, 3, 4, 5, 6, 7, 8, 9, 10, 11, 12, 13, 14, 15, 16, 17, 18]}, 'nodes': [{'node': 'device', 'executed_segments': [0, 1, 2, 3, 4, 5, 6, 7, 8, 9, 10, 11, 12, 13, 14, 15, 16, 17, 18], 'queue_s': 0.0, 'segment_compute_s': 0.2399439709552098, 'exit_head_compute_s': 0.0021216219756752253, 'exit_check_s': 0.00026772901765070856, 'worker_elapsed_s': 0.2428171559877228}], 'sample_id': 'balanced_000_0855_00008638', 'label': 0, 'correct': True, 'observed_utility': -0.2142470850085374}",balanced_000_0855_00008638,87,8638,0.47546935081481934,7897155903844714889,0.24284941700170748,3.2261013984680176e-05,0
0.0,0.24800002100528218,0.24800002100528218,0.24802907698904164,0.24800002100528218,1784947407.7999866,1784947407.077549,1784947407.327549,0.0,0.0,0.0,0.0,0.9985652565956116,0.0,ablate-end-only-resnet50-cifar10-pi5-r3-20260725-104252:v1,1,0.24800002100528218,unknown,0.0,0.0,0.0,0.0,0.0,"{'device': [0, 1, 2, 3, 4, 5, 6, 7, 8, 9, 10, 11, 12, 13, 14, 15, 16, 17, 18]}",19,final,device,True,8,1.0,5.0,1.0,0.24802907698904164,-0.2401453849452082,8,7c2579385d144a649c0fcfbdca7fbd0e,88,"{'device_compute': 0.24800002100528218, 'd2e_transport': 0.0, 'edge_queue': 0.0, 'edge_segment_compute': 0.0, 'edge_exit_head_compute': 0.0, 'edge_exit_check': 0.0, 'e2c_transport': 0.0, 'cloud_queue': 0.0, 'cloud_segment_compute': 0.0, 'cloud_exit_head_compute': 0.0, 'cloud_exit_check': 0.0, 'total_latency': 0.24802907698904164, 'unattributed_overhead': 2.9055983759462833e-05, 'request_id': '7c2579385d144a649c0fcfbdca7fbd0e', 'user_id': 0, 'prediction': 8, 'exit_id': 'final', 'exit_boundary_id': 19, 'exit_location': 'device', 'confidence': 0.9985652565956116, 'executed_segments_by_node': {'device': [0, 1, 2, 3, 4, 5, 6, 7, 8, 9, 10, 11, 12, 13, 14, 15, 16, 17, 18]}, 'nodes': [{'node': 'device', 'executed_segments': [0, 1, 2, 3, 4, 5, 6, 7, 8, 9, 10, 11, 12, 13, 14, 15, 16, 17, 18], 'queue_s': 0.0, 'segment_compute_s': 0.24503183292108588, 'exit_head_compute_s': 0.002253922983072698, 'exit_check_s': 0.00024774897610768676, 'worker_elapsed_s': 0.24800002100528218}], 'sample_id': 'balanced_008_0298_00002847', 'label': 8, 'correct': True, 'observed_utility': -0.2401453849452082}",balanced_008_0298_00002847,88,2847,0.47243762016296387,7897155903844714889,0.24802907698904164,2.9055983759462833e-05,0
0.0,0.24096383899450302,0.24096383899450302,0.24099569200188853,0.24096383899450302,1784947408.1102488,1784947407.383975,1784947407.633975,0.0,0.0,0.0,0.0,0.9999833106994629,0.0,ablate-end-only-resnet50-cifar10-pi5-r3-20260725-104252:v1,1,0.24096383899450302,unknown,0.0,0.0,0.0,0.0,0.0,"{'device': [0, 1, 2, 3, 4, 5, 6, 7, 8, 9, 10, 11, 12, 13, 14, 15, 16, 17, 18]}",19,final,device,True,3,1.0,5.0,1.0,0.24099569200188853,-0.20497846000944264,3,a3cf4422e6904363b40866a948cf06fa,89,"{'device_compute': 0.24096383899450302, 'd2e_transport': 0.0, 'edge_queue': 0.0, 'edge_segment_compute': 0.0, 'edge_exit_head_compute': 0.0, 'edge_exit_check': 0.0, 'e2c_transport': 0.0, 'cloud_queue': 0.0, 'cloud_segment_compute': 0.0, 'cloud_exit_head_compute': 0.0, 'cloud_exit_check': 0.0, 'total_latency': 0.24099569200188853, 'unattributed_overhead': 3.1853007385507226e-05, 'request_id': 'a3cf4422e6904363b40866a948cf06fa', 'user_id': 0, 'prediction': 3, 'exit_id': 'final', 'exit_boundary_id': 19, 'exit_location': 'device', 'confidence': 0.9999833106994629, 'executed_segments_by_node': {'device': [0, 1, 2, 3, 4, 5, 6, 7, 8, 9, 10, 11, 12, 13, 14, 15, 16, 17, 18]}, 'nodes': [{'node': 'device', 'executed_segments': [0, 1, 2, 3, 4, 5, 6, 7, 8, 9, 10, 11, 12, 13, 14, 15, 16, 17, 18], 'queue_s': 0.0, 'segment_compute_s': 0.2380483579763677, 'exit_head_compute_s': 0.002142048964742571, 'exit_check_s': 0.00029393701697699726, 'worker_elapsed_s': 0.24096383899450302}], 'sample_id': 'balanced_003_0425_00004407', 'label': 3, 'correct': True, 'observed_utility': -0.20497846000944264}",balanced_003_0425_00004407,89,4407,0.476273775100708,7897155903844714889,0.24099569200188853,3.1853007385507226e-05,0
0.0,0.24408854899229482,0.24408854899229482,0.24411901301937178,0.24408854899229482,1784947408.4270484,1784947407.7006443,1784947407.9506443,0.0,0.0,0.0,0.0,0.9999994039535522,0.0,ablate-end-only-resnet50-cifar10-pi5-r3-20260725-104252:v1,1,0.24408854899229482,unknown,0.0,0.0,0.0,0.0,0.0,"{'device': [0, 1, 2, 3, 4, 5, 6, 7, 8, 9, 10, 11, 12, 13, 14, 15, 16, 17, 18]}",19,final,device,True,4,1.0,5.0,1.0,0.24411901301937178,-0.2205950650968589,4,f153cc3f99a244a495f5304966815f28,90,"{'device_compute': 0.24408854899229482, 'd2e_transport': 0.0, 'edge_queue': 0.0, 'edge_segment_compute': 0.0, 'edge_exit_head_compute': 0.0, 'edge_exit_check': 0.0, 'e2c_transport': 0.0, 'cloud_queue': 0.0, 'cloud_segment_compute': 0.0, 'cloud_exit_head_compute': 0.0, 'cloud_exit_check': 0.0, 'total_latency': 0.24411901301937178, 'unattributed_overhead': 3.046402707695961e-05, 'request_id': 'f153cc3f99a244a495f5304966815f28', 'user_id': 0, 'prediction': 4, 'exit_id': 'final', 'exit_boundary_id': 19, 'exit_location': 'device', 'confidence': 0.9999994039535522, 'executed_segments_by_node': {'device': [0, 1, 2, 3, 4, 5, 6, 7, 8, 9, 10, 11, 12, 13, 14, 15, 16, 17, 18]}, 'nodes': [{'node': 'device', 'executed_segments': [0, 1, 2, 3, 4, 5, 6, 7, 8, 9, 10, 11, 12, 13, 14, 15, 16, 17, 18], 'queue_s': 0.0, 'segment_compute_s': 0.23946140494081192, 'exit_head_compute_s': 0.0038694200047757477, 'exit_check_s': 0.00026491499738767743, 'worker_elapsed_s': 0.24408854899229482}], 'sample_id': 'balanced_004_0091_00001015', 'label': 4, 'correct': True, 'observed_utility': -0.2205950650968589}",balanced_004_0091_00001015,90,1015,0.47640419006347656,7897155903844714889,0.24411901301937178,3.046402707695961e-05,0
0.0,0.25103684299392626,0.25103684299392626,0.2510656960075721,0.25103684299392626,1784947408.7233512,1784947407.9981458,1784947408.2481458,0.0,0.0,0.0,0.0,1.0,0.0,ablate-end-only-resnet50-cifar10-pi5-r3-20260725-104252:v1,1,0.25103684299392626,unknown,0.0,0.0,0.0,0.0,0.0,"{'device': [0, 1, 2, 3, 4, 5, 6, 7, 8, 9, 10, 11, 12, 13, 14, 15, 16, 17, 18]}",19,final,device,True,2,1.0,5.0,1.0,0.2510656960075721,-0.2553284800378606,2,637fb70b938644e4aa37bef354a225b1,91,"{'device_compute': 0.25103684299392626, 'd2e_transport': 0.0, 'edge_queue': 0.0, 'edge_segment_compute': 0.0, 'edge_exit_head_compute': 0.0, 'edge_exit_check': 0.0, 'e2c_transport': 0.0, 'cloud_queue': 0.0, 'cloud_segment_compute': 0.0, 'cloud_exit_head_compute': 0.0, 'cloud_exit_check': 0.0, 'total_latency': 0.2510656960075721, 'unattributed_overhead': 2.8853013645857573e-05, 'request_id': '637fb70b938644e4aa37bef354a225b1', 'user_id': 0, 'prediction': 2, 'exit_id': 'final', 'exit_boundary_id': 19, 'exit_location': 'device', 'confidence': 1.0, 'executed_segments_by_node': {'device': [0, 1, 2, 3, 4, 5, 6, 7, 8, 9, 10, 11, 12, 13, 14, 15, 16, 17, 18]}, 'nodes': [{'node': 'device', 'executed_segments': [0, 1, 2, 3, 4, 5, 6, 7, 8, 9, 10, 11, 12, 13, 14, 15, 16, 17, 18], 'queue_s': 0.0, 'segment_compute_s': 0.24806299098418094, 'exit_head_compute_s': 0.002241202018922195, 'exit_check_s': 0.0002596739795990288, 'worker_elapsed_s': 0.25103684299392626}], 'sample_id': 'balanced_002_0448_00004234', 'label': 2, 'correct': True, 'observed_utility': -0.2553284800378606}",balanced_002_0448_00004234,91,4234,0.4752054214477539,7897155903844714889,0.2510656960075721,2.8853013645857573e-05,0
0.0,0.23583454900654033,0.23583454900654033,0.2358675310097169,0.23583454900654033,1784947409.0308747,1784947408.3052828,1784947408.5552828,0.0,0.0,0.0,0.0,0.9988343119621277,0.0,ablate-end-only-resnet50-cifar10-pi5-r3-20260725-104252:v1,1,0.23583454900654033,unknown,0.0,0.0,0.0,0.0,0.0,"{'device': [0, 1, 2, 3, 4, 5, 6, 7, 8, 9, 10, 11, 12, 13, 14, 15, 16, 17, 18]}",19,final,device,True,7,1.0,5.0,1.0,0.2358675310097169,-0.17933765504858457,7,fa44c08f834646a4ad1cccd083782057,92,"{'device_compute': 0.23583454900654033, 'd2e_transport': 0.0, 'edge_queue': 0.0, 'edge_segment_compute': 0.0, 'edge_exit_head_compute': 0.0, 'edge_exit_check': 0.0, 'e2c_transport': 0.0, 'cloud_queue': 0.0, 'cloud_segment_compute': 0.0, 'cloud_exit_head_compute': 0.0, 'cloud_exit_check': 0.0, 'total_latency': 0.2358675310097169, 'unattributed_overhead': 3.298200317658484e-05, 'request_id': 'fa44c08f834646a4ad1cccd083782057', 'user_id': 0, 'prediction': 7, 'exit_id': 'final', 'exit_boundary_id': 19, 'exit_location': 'device', 'confidence': 0.9988343119621277, 'executed_segments_by_node': {'device': [0, 1, 2, 3, 4, 5, 6, 7, 8, 9, 10, 11, 12, 13, 14, 15, 16, 17, 18]}, 'nodes': [{'node': 'device', 'executed_segments': [0, 1, 2, 3, 4, 5, 6, 7, 8, 9, 10, 11, 12, 13, 14, 15, 16, 17, 18], 'queue_s': 0.0, 'segment_compute_s': 0.2329189209267497, 'exit_head_compute_s': 0.002167252969229594, 'exit_check_s': 0.0002685649669729173, 'worker_elapsed_s': 0.23583454900654033}], 'sample_id': 'balanced_007_0798_00007989', 'label': 7, 'correct': True, 'observed_utility': -0.17933765504858457}",balanced_007_0798_00007989,92,7989,0.47559189796447754,7897155903844714889,0.2358675310097169,3.298200317658484e-05,0
0.0,0.26516278798226267,0.26516278798226267,0.2651909929991234,0.26516278798226267,1784947409.328418,1784947408.5740588,1784947408.8240588,0.0,0.0,0.0,0.0,0.9998693466186523,0.0,ablate-end-only-resnet50-cifar10-pi5-r3-20260725-104252:v1,1,0.26516278798226267,unknown,0.0,0.0,0.0,0.0,0.0,"{'device': [0, 1, 2, 3, 4, 5, 6, 7, 8, 9, 10, 11, 12, 13, 14, 15, 16, 17, 18]}",19,final,device,True,1,1.0,5.0,1.0,0.2651909929991234,-0.32595496499561705,1,e1e5a906ba374a07882a7518c081a53c,93,"{'device_compute': 0.26516278798226267, 'd2e_transport': 0.0, 'edge_queue': 0.0, 'edge_segment_compute': 0.0, 'edge_exit_head_compute': 0.0, 'edge_exit_check': 0.0, 'e2c_transport': 0.0, 'cloud_queue': 0.0, 'cloud_segment_compute': 0.0, 'cloud_exit_head_compute': 0.0, 'cloud_exit_check': 0.0, 'total_latency': 0.2651909929991234, 'unattributed_overhead': 2.8205016860738397e-05, 'request_id': 'e1e5a906ba374a07882a7518c081a53c', 'user_id': 0, 'prediction': 1, 'exit_id': 'final', 'exit_boundary_id': 19, 'exit_location': 'device', 'confidence': 0.9998693466186523, 'executed_segments_by_node': {'device': [0, 1, 2, 3, 4, 5, 6, 7, 8, 9, 10, 11, 12, 13, 14, 15, 16, 17, 18]}, 'nodes': [{'node': 'device', 'executed_segments': [0, 1, 2, 3, 4, 5, 6, 7, 8, 9, 10, 11, 12, 13, 14, 15, 16, 17, 18], 'queue_s': 0.0, 'segment_compute_s': 0.26123507096781395, 'exit_head_compute_s': 0.0032058230426628143, 'exit_check_s': 0.00025273000937886536, 'worker_elapsed_s': 0.26516278798226267}], 'sample_id': 'balanced_001_0081_00000961', 'label': 1, 'correct': True, 'observed_utility': -0.32595496499561705}",balanced_001_0081_00000961,93,961,0.504359245300293,7897155903844714889,0.2651909929991234,2.8205016860738397e-05,0
0.0,0.23995875302352943,0.23995875302352943,0.2399876240233425,0.23995875302352943,1784947409.6475928,1784947408.920499,1784947409.170499,0.0,0.0,0.0,0.0,0.9997628331184387,0.0,ablate-end-only-resnet50-cifar10-pi5-r3-20260725-104252:v1,1,0.23995875302352943,unknown,0.0,0.0,0.0,0.0,0.0,"{'device': [0, 1, 2, 3, 4, 5, 6, 7, 8, 9, 10, 11, 12, 13, 14, 15, 16, 17, 18]}",19,final,device,True,5,1.0,5.0,1.0,0.2399876240233425,-0.19993812011671253,5,dc032bdc2841469392bcf08e1a6d73d9,94,"{'device_compute': 0.23995875302352943, 'd2e_transport': 0.0, 'edge_queue': 0.0, 'edge_segment_compute': 0.0, 'edge_exit_head_compute': 0.0, 'edge_exit_check': 0.0, 'e2c_transport': 0.0, 'cloud_queue': 0.0, 'cloud_segment_compute': 0.0, 'cloud_exit_head_compute': 0.0, 'cloud_exit_check': 0.0, 'total_latency': 0.2399876240233425, 'unattributed_overhead': 2.8870999813079834e-05, 'request_id': 'dc032bdc2841469392bcf08e1a6d73d9', 'user_id': 0, 'prediction': 5, 'exit_id': 'final', 'exit_boundary_id': 19, 'exit_location': 'device', 'confidence': 0.9997628331184387, 'executed_segments_by_node': {'device': [0, 1, 2, 3, 4, 5, 6, 7, 8, 9, 10, 11, 12, 13, 14, 15, 16, 17, 18]}, 'nodes': [{'node': 'device', 'executed_segments': [0, 1, 2, 3, 4, 5, 6, 7, 8, 9, 10, 11, 12, 13, 14, 15, 16, 17, 18], 'queue_s': 0.0, 'segment_compute_s': 0.23703962098807096, 'exit_head_compute_s': 0.0021501040318980813, 'exit_check_s': 0.00025832297978922725, 'worker_elapsed_s': 0.23995875302352943}], 'sample_id': 'balanced_005_0097_00001120', 'label': 5, 'correct': True, 'observed_utility': -0.19993812011671253}",balanced_005_0097_00001120,94,1120,0.4770936965942383,7897155903844714889,0.2399876240233425,2.8870999813079834e-05,0
0.0,0.24739938098355196,0.24739938098355196,0.2474277149885893,0.24739938098355196,1784947409.9571898,1784947409.2321043,1784947409.4821043,0.0,0.0,0.0,0.0,0.9999995231628418,0.0,ablate-end-only-resnet50-cifar10-pi5-r3-20260725-104252:v1,1,0.24739938098355196,unknown,0.0,0.0,0.0,0.0,0.0,"{'device': [0, 1, 2, 3, 4, 5, 6, 7, 8, 9, 10, 11, 12, 13, 14, 15, 16, 17, 18]}",19,final,device,True,1,1.0,5.0,1.0,0.2474277149885893,-0.23713857494294643,1,c15136c3bbfc42b191e2cab6ef8df1fa,95,"{'device_compute': 0.24739938098355196, 'd2e_transport': 0.0, 'edge_queue': 0.0, 'edge_segment_compute': 0.0, 'edge_exit_head_compute': 0.0, 'edge_exit_check': 0.0, 'e2c_transport': 0.0, 'cloud_queue': 0.0, 'cloud_segment_compute': 0.0, 'cloud_exit_head_compute': 0.0, 'cloud_exit_check': 0.0, 'total_latency': 0.2474277149885893, 'unattributed_overhead': 2.833400503732264e-05, 'request_id': 'c15136c3bbfc42b191e2cab6ef8df1fa', 'user_id': 0, 'prediction': 1, 'exit_id': 'final', 'exit_boundary_id': 19, 'exit_location': 'device', 'confidence': 0.9999995231628418, 'executed_segments_by_node': {'device': [0, 1, 2, 3, 4, 5, 6, 7, 8, 9, 10, 11, 12, 13, 14, 15, 16, 17, 18]}, 'nodes': [{'node': 'device', 'executed_segments': [0, 1, 2, 3, 4, 5, 6, 7, 8, 9, 10, 11, 12, 13, 14, 15, 16, 17, 18], 'queue_s': 0.0, 'segment_compute_s': 0.24367524389526807, 'exit_head_compute_s': 0.0029960199899505824, 'exit_check_s': 0.00025313798687420785, 'worker_elapsed_s': 0.24739938098355196}], 'sample_id': 'balanced_001_0713_00007225', 'label': 1, 'correct': True, 'observed_utility': -0.23713857494294643}",balanced_001_0713_00007225,95,7225,0.4750854969024658,7897155903844714889,0.2474277149885893,2.833400503732264e-05,0
0.0,0.24805695400573313,0.24805695400573313,0.2480873439926654,0.24805695400573313,1784947410.2563941,1784947409.5345228,1784947409.7845228,0.0,0.0,0.0,0.0,0.9999983310699463,0.0,ablate-end-only-resnet50-cifar10-pi5-r3-20260725-104252:v1,1,0.24805695400573313,unknown,0.0,0.0,0.0,0.0,0.0,"{'device': [0, 1, 2, 3, 4, 5, 6, 7, 8, 9, 10, 11, 12, 13, 14, 15, 16, 17, 18]}",19,final,device,True,4,1.0,5.0,1.0,0.2480873439926654,-0.24043671996332705,4,f2510d12f83a4699b362688f82e76f24,96,"{'device_compute': 0.24805695400573313, 'd2e_transport': 0.0, 'edge_queue': 0.0, 'edge_segment_compute': 0.0, 'edge_exit_head_compute': 0.0, 'edge_exit_check': 0.0, 'e2c_transport': 0.0, 'cloud_queue': 0.0, 'cloud_segment_compute': 0.0, 'cloud_exit_head_compute': 0.0, 'cloud_exit_check': 0.0, 'total_latency': 0.2480873439926654, 'unattributed_overhead': 3.038998693227768e-05, 'request_id': 'f2510d12f83a4699b362688f82e76f24', 'user_id': 0, 'prediction': 4, 'exit_id': 'final', 'exit_boundary_id': 19, 'exit_location': 'device', 'confidence': 0.9999983310699463, 'executed_segments_by_node': {'device': [0, 1, 2, 3, 4, 5, 6, 7, 8, 9, 10, 11, 12, 13, 14, 15, 16, 17, 18]}, 'nodes': [{'node': 'device', 'executed_segments': [0, 1, 2, 3, 4, 5, 6, 7, 8, 9, 10, 11, 12, 13, 14, 15, 16, 17, 18], 'queue_s': 0.0, 'segment_compute_s': 0.2450580989534501, 'exit_head_compute_s': 0.00223655195441097, 'exit_check_s': 0.0002635460114106536, 'worker_elapsed_s': 0.24805695400573313}], 'sample_id': 'balanced_004_0046_00000557', 'label': 4, 'correct': True, 'observed_utility': -0.24043671996332705}",balanced_004_0046_00000557,96,557,0.47187137603759766,7897155903844714889,0.2480873439926654,3.038998693227768e-05,0
0.0,0.2434811250132043,0.2434811250132043,0.2435088670172263,0.2434811250132043,1784947410.5691056,1784947409.8434763,1784947410.0934763,0.0,0.0,0.0,0.0,0.9985401630401611,0.0,ablate-end-only-resnet50-cifar10-pi5-r3-20260725-104252:v1,1,0.2434811250132043,unknown,0.0,0.0,0.0,0.0,0.0,"{'device': [0, 1, 2, 3, 4, 5, 6, 7, 8, 9, 10, 11, 12, 13, 14, 15, 16, 17, 18]}",19,final,device,True,5,1.0,5.0,1.0,0.2435088670172263,-0.21754433508613147,5,253218a9f555401d8f6997c80488724c,97,"{'device_compute': 0.2434811250132043, 'd2e_transport': 0.0, 'edge_queue': 0.0, 'edge_segment_compute': 0.0, 'edge_exit_head_compute': 0.0, 'edge_exit_check': 0.0, 'e2c_transport': 0.0, 'cloud_queue': 0.0, 'cloud_segment_compute': 0.0, 'cloud_exit_head_compute': 0.0, 'cloud_exit_check': 0.0, 'total_latency': 0.2435088670172263, 'unattributed_overhead': 2.774200402200222e-05, 'request_id': '253218a9f555401d8f6997c80488724c', 'user_id': 0, 'prediction': 5, 'exit_id': 'final', 'exit_boundary_id': 19, 'exit_location': 'device', 'confidence': 0.9985401630401611, 'executed_segments_by_node': {'device': [0, 1, 2, 3, 4, 5, 6, 7, 8, 9, 10, 11, 12, 13, 14, 15, 16, 17, 18]}, 'nodes': [{'node': 'device', 'executed_segments': [0, 1, 2, 3, 4, 5, 6, 7, 8, 9, 10, 11, 12, 13, 14, 15, 16, 17, 18], 'queue_s': 0.0, 'segment_compute_s': 0.239512595027918, 'exit_head_compute_s': 0.00322589700226672, 'exit_check_s': 0.00026736099971458316, 'worker_elapsed_s': 0.2434811250132043}], 'sample_id': 'balanced_005_0227_00002335', 'label': 5, 'correct': True, 'observed_utility': -0.21754433508613147}",balanced_005_0227_00002335,97,2335,0.4756293296813965,7897155903844714889,0.2435088670172263,2.774200402200222e-05,0
0.0,0.25000722700497136,0.25000722700497136,0.2500349869951606,0.25000722700497136,1784947410.8947256,1784947410.1721232,1784947410.4221232,0.0,0.0,0.0,0.0,0.9999680519104004,0.0,ablate-end-only-resnet50-cifar10-pi5-r3-20260725-104252:v1,1,0.25000722700497136,unknown,0.0,0.0,0.0,0.0,0.0,"{'device': [0, 1, 2, 3, 4, 5, 6, 7, 8, 9, 10, 11, 12, 13, 14, 15, 16, 17, 18]}",19,final,device,True,9,1.0,5.0,1.0,0.2500349869951606,-0.2501749349758029,9,6a679a98eaef4f4b8f01da314e2834c2,98,"{'device_compute': 0.25000722700497136, 'd2e_transport': 0.0, 'edge_queue': 0.0, 'edge_segment_compute': 0.0, 'edge_exit_head_compute': 0.0, 'edge_exit_check': 0.0, 'e2c_transport': 0.0, 'cloud_queue': 0.0, 'cloud_segment_compute': 0.0, 'cloud_exit_head_compute': 0.0, 'cloud_exit_check': 0.0, 'total_latency': 0.2500349869951606, 'unattributed_overhead': 2.775999018922448e-05, 'request_id': '6a679a98eaef4f4b8f01da314e2834c2', 'user_id': 0, 'prediction': 9, 'exit_id': 'final', 'exit_boundary_id': 19, 'exit_location': 'device', 'confidence': 0.9999680519104004, 'executed_segments_by_node': {'device': [0, 1, 2, 3, 4, 5, 6, 7, 8, 9, 10, 11, 12, 13, 14, 15, 16, 17, 18]}, 'nodes': [{'node': 'device', 'executed_segments': [0, 1, 2, 3, 4, 5, 6, 7, 8, 9, 10, 11, 12, 13, 14, 15, 16, 17, 18], 'queue_s': 0.0, 'segment_compute_s': 0.24699502202565782, 'exit_head_compute_s': 0.002280738000990823, 'exit_check_s': 0.0002577290288172662, 'worker_elapsed_s': 0.25000722700497136}], 'sample_id': 'balanced_009_0750_00007635', 'label': 9, 'correct': True, 'observed_utility': -0.2501749349758029}",balanced_009_0750_00007635,98,7635,0.47260236740112305,7897155903844714889,0.2500349869951606,2.775999018922448e-05,0
0.0,0.23163760598981753,0.23163760598981753,0.23166593999485485,0.23163760598981753,1784947411.1752846,1784947410.4538803,1784947410.7038803,0.0,0.0,0.0,0.0,0.80135178565979,0.0,ablate-end-only-resnet50-cifar10-pi5-r3-20260725-104252:v1,1,0.23163760598981753,unknown,0.0,0.0,0.0,0.0,0.0,"{'device': [0, 1, 2, 3, 4, 5, 6, 7, 8, 9, 10, 11, 12, 13, 14, 15, 16, 17, 18]}",19,final,device,False,5,1.0,5.0,0.0,0.23166593999485485,-1.1583296999742743,6,debcdb1a91734652ae3ae11457ca54fc,99,"{'device_compute': 0.23163760598981753, 'd2e_transport': 0.0, 'edge_queue': 0.0, 'edge_segment_compute': 0.0, 'edge_exit_head_compute': 0.0, 'edge_exit_check': 0.0, 'e2c_transport': 0.0, 'cloud_queue': 0.0, 'cloud_segment_compute': 0.0, 'cloud_exit_head_compute': 0.0, 'cloud_exit_check': 0.0, 'total_latency': 0.23166593999485485, 'unattributed_overhead': 2.833400503732264e-05, 'request_id': 'debcdb1a91734652ae3ae11457ca54fc', 'user_id': 0, 'prediction': 6, 'exit_id': 'final', 'exit_boundary_id': 19, 'exit_location': 'device', 'confidence': 0.80135178565979, 'executed_segments_by_node': {'device': [0, 1, 2, 3, 4, 5, 6, 7, 8, 9, 10, 11, 12, 13, 14, 15, 16, 17, 18]}, 'nodes': [{'node': 'device', 'executed_segments': [0, 1, 2, 3, 4, 5, 6, 7, 8, 9, 10, 11, 12, 13, 14, 15, 16, 17, 18], 'queue_s': 0.0, 'segment_compute_s': 0.22875156998634338, 'exit_head_compute_s': 0.0021623820648528636, 'exit_check_s': 0.0002539339766371995, 'worker_elapsed_s': 0.23163760598981753}], 'sample_id': 'balanced_005_0135_00001577', 'label': 5, 'correct': False, 'observed_utility': -1.1583296999742743}",balanced_005_0135_00001577,99,1577,0.4714043140411377,7897155903844714889,0.23166593999485485,2.833400503732264e-05,0
