T_bandwidth_calibration,T_compute_device,T_d_compute,T_total,T_worker_elapsed_s,actual_start_at_utc,barrier_ready_at_utc,barrier_release_at_utc,cloud_exit_check,cloud_exit_head_compute,cloud_queue,cloud_segment_compute,confidence,d2e_transport,decision_id,decision_version,device_compute,difficulty,e2c_transport,edge_exit_check,edge_exit_head_compute,edge_queue,edge_segment_compute,executed_segments_by_node,exit_boundary_id,exit_id,exit_location,is_correct,label,objective_alpha,objective_beta,observed_accuracy,observed_latency,observed_utility,prediction,request_id,request_seq,request_trace,sample_id,sample_index,source_index,start_skew_s,test_sample_seed,total_latency,unattributed_overhead,user_id
0.0,0.2627532870101277,0.2627532870101277,0.2627872879966162,0.2627532870101277,1784947340.2569108,1784947339.5370595,1784947339.7870595,0.0,0.0,0.0,0.0,0.9998520612716675,0.0,ablate-end-only-resnet50-cifar10-pi5-r2-20260725-104212:v1,1,0.2627532870101277,unknown,0.0,0.0,0.0,0.0,0.0,"{'device': [0, 1, 2, 3, 4, 5, 6, 7, 8, 9, 10, 11, 12, 13, 14, 15, 16, 17, 18]}",19,final,device,True,6,1.0,5.0,1.0,0.2627872879966162,-0.3139364399830811,6,3d9e15ab0fa346d3995ec127f0032c87,0,"{'device_compute': 0.2627532870101277, 'd2e_transport': 0.0, 'edge_queue': 0.0, 'edge_segment_compute': 0.0, 'edge_exit_head_compute': 0.0, 'edge_exit_check': 0.0, 'e2c_transport': 0.0, 'cloud_queue': 0.0, 'cloud_segment_compute': 0.0, 'cloud_exit_head_compute': 0.0, 'cloud_exit_check': 0.0, 'total_latency': 0.2627872879966162, 'unattributed_overhead': 3.4000986488536e-05, 'request_id': '3d9e15ab0fa346d3995ec127f0032c87', 'user_id': 0, 'prediction': 6, 'exit_id': 'final', 'exit_boundary_id': 19, 'exit_location': 'device', 'confidence': 0.9998520612716675, 'executed_segments_by_node': {'device': [0, 1, 2, 3, 4, 5, 6, 7, 8, 9, 10, 11, 12, 13, 14, 15, 16, 17, 18]}, 'nodes': [{'node': 'device', 'executed_segments': [0, 1, 2, 3, 4, 5, 6, 7, 8, 9, 10, 11, 12, 13, 14, 15, 16, 17, 18], 'queue_s': 0.0, 'segment_compute_s': 0.2586866950150579, 'exit_head_compute_s': 0.003194008022546768, 'exit_check_s': 0.00034134602174162865, 'worker_elapsed_s': 0.2627532870101277}], 'sample_id': 'balanced_006_0196_00001817', 'label': 6, 'correct': True, 'observed_utility': -0.3139364399830811}",balanced_006_0196_00001817,0,1817,0.4698512554168701,4637262832061755905,0.2627872879966162,3.4000986488536e-05,0
0.0,0.26435740099987015,0.26435740099987015,0.2643871429900173,0.26435740099987015,1784947341.4382987,1784947340.7190573,1784947340.9690573,0.0,0.0,0.0,0.0,0.9999864101409912,0.0,ablate-end-only-resnet50-cifar10-pi5-r2-20260725-104212:v1,1,0.26435740099987015,unknown,0.0,0.0,0.0,0.0,0.0,"{'device': [0, 1, 2, 3, 4, 5, 6, 7, 8, 9, 10, 11, 12, 13, 14, 15, 16, 17, 18]}",19,final,device,True,4,1.0,5.0,1.0,0.2643871429900173,-0.32193571495008655,4,15033845abff44978284ce9171293174,1,"{'device_compute': 0.26435740099987015, 'd2e_transport': 0.0, 'edge_queue': 0.0, 'edge_segment_compute': 0.0, 'edge_exit_head_compute': 0.0, 'edge_exit_check': 0.0, 'e2c_transport': 0.0, 'cloud_queue': 0.0, 'cloud_segment_compute': 0.0, 'cloud_exit_head_compute': 0.0, 'cloud_exit_check': 0.0, 'total_latency': 0.2643871429900173, 'unattributed_overhead': 2.9741990147158504e-05, 'request_id': '15033845abff44978284ce9171293174', 'user_id': 0, 'prediction': 4, 'exit_id': 'final', 'exit_boundary_id': 19, 'exit_location': 'device', 'confidence': 0.9999864101409912, 'executed_segments_by_node': {'device': [0, 1, 2, 3, 4, 5, 6, 7, 8, 9, 10, 11, 12, 13, 14, 15, 16, 17, 18]}, 'nodes': [{'node': 'device', 'executed_segments': [0, 1, 2, 3, 4, 5, 6, 7, 8, 9, 10, 11, 12, 13, 14, 15, 16, 17, 18], 'queue_s': 0.0, 'segment_compute_s': 0.26137925701914355, 'exit_head_compute_s': 0.002205211028922349, 'exit_check_s': 0.00025991801521740854, 'worker_elapsed_s': 0.26435740099987015}], 'sample_id': 'balanced_004_0217_00002214', 'label': 4, 'correct': True, 'observed_utility': -0.32193571495008655}",balanced_004_0217_00002214,1,2214,0.4692413806915283,4637262832061755905,0.2643871429900173,2.9741990147158504e-05,0
0.0,0.24286174098961055,0.24286174098961055,0.24289242801023647,0.24286174098961055,1784947341.7395198,1784947341.0209029,1784947341.2709029,0.0,0.0,0.0,0.0,0.9999984502792358,0.0,ablate-end-only-resnet50-cifar10-pi5-r2-20260725-104212:v1,1,0.24286174098961055,unknown,0.0,0.0,0.0,0.0,0.0,"{'device': [0, 1, 2, 3, 4, 5, 6, 7, 8, 9, 10, 11, 12, 13, 14, 15, 16, 17, 18]}",19,final,device,True,1,1.0,5.0,1.0,0.24289242801023647,-0.21446214005118236,1,084def39c9024971896d41dca85ff31e,2,"{'device_compute': 0.24286174098961055, 'd2e_transport': 0.0, 'edge_queue': 0.0, 'edge_segment_compute': 0.0, 'edge_exit_head_compute': 0.0, 'edge_exit_check': 0.0, 'e2c_transport': 0.0, 'cloud_queue': 0.0, 'cloud_segment_compute': 0.0, 'cloud_exit_head_compute': 0.0, 'cloud_exit_check': 0.0, 'total_latency': 0.24289242801023647, 'unattributed_overhead': 3.0687020625919104e-05, 'request_id': '084def39c9024971896d41dca85ff31e', 'user_id': 0, 'prediction': 1, 'exit_id': 'final', 'exit_boundary_id': 19, 'exit_location': 'device', 'confidence': 0.9999984502792358, 'executed_segments_by_node': {'device': [0, 1, 2, 3, 4, 5, 6, 7, 8, 9, 10, 11, 12, 13, 14, 15, 16, 17, 18]}, 'nodes': [{'node': 'device', 'executed_segments': [0, 1, 2, 3, 4, 5, 6, 7, 8, 9, 10, 11, 12, 13, 14, 15, 16, 17, 18], 'queue_s': 0.0, 'segment_compute_s': 0.23995869103237055, 'exit_head_compute_s': 0.002121133991749957, 'exit_check_s': 0.0002668609959073365, 'worker_elapsed_s': 0.24286174098961055}], 'sample_id': 'balanced_001_0463_00004684', 'label': 1, 'correct': True, 'observed_utility': -0.21446214005118236}",balanced_001_0463_00004684,2,4684,0.46861696243286133,4637262832061755905,0.24289242801023647,3.0687020625919104e-05,0
0.0,0.25599735099240206,0.25599735099240206,0.2560266299988143,0.25599735099240206,1784947342.0453134,1784947341.2818253,1784947341.5318253,0.0,0.0,0.0,0.0,0.993911623954773,0.0,ablate-end-only-resnet50-cifar10-pi5-r2-20260725-104212:v1,1,0.25599735099240206,unknown,0.0,0.0,0.0,0.0,0.0,"{'device': [0, 1, 2, 3, 4, 5, 6, 7, 8, 9, 10, 11, 12, 13, 14, 15, 16, 17, 18]}",19,final,device,True,3,1.0,5.0,1.0,0.2560266299988143,-0.2801331499940716,3,ec3aa7705ea04d74a4ff835ba4b4616b,3,"{'device_compute': 0.25599735099240206, 'd2e_transport': 0.0, 'edge_queue': 0.0, 'edge_segment_compute': 0.0, 'edge_exit_head_compute': 0.0, 'edge_exit_check': 0.0, 'e2c_transport': 0.0, 'cloud_queue': 0.0, 'cloud_segment_compute': 0.0, 'cloud_exit_head_compute': 0.0, 'cloud_exit_check': 0.0, 'total_latency': 0.2560266299988143, 'unattributed_overhead': 2.9279006412252784e-05, 'request_id': 'ec3aa7705ea04d74a4ff835ba4b4616b', 'user_id': 0, 'prediction': 3, 'exit_id': 'final', 'exit_boundary_id': 19, 'exit_location': 'device', 'confidence': 0.993911623954773, 'executed_segments_by_node': {'device': [0, 1, 2, 3, 4, 5, 6, 7, 8, 9, 10, 11, 12, 13, 14, 15, 16, 17, 18]}, 'nodes': [{'node': 'device', 'executed_segments': [0, 1, 2, 3, 4, 5, 6, 7, 8, 9, 10, 11, 12, 13, 14, 15, 16, 17, 18], 'queue_s': 0.0, 'segment_compute_s': 0.2530910210334696, 'exit_head_compute_s': 0.0021336709905881435, 'exit_check_s': 0.00025480601470917463, 'worker_elapsed_s': 0.25599735099240206}], 'sample_id': 'balanced_003_0578_00005754', 'label': 3, 'correct': True, 'observed_utility': -0.2801331499940716}",balanced_003_0578_00005754,3,5754,0.5134880542755127,4637262832061755905,0.2560266299988143,2.9279006412252784e-05,0
0.0,0.2615523510030471,0.2615523510030471,0.26158166700042784,0.2615523510030471,1784947342.36291,1784947341.6389363,1784947341.8889363,0.0,0.0,0.0,0.0,0.9988183379173279,0.0,ablate-end-only-resnet50-cifar10-pi5-r2-20260725-104212:v1,1,0.2615523510030471,unknown,0.0,0.0,0.0,0.0,0.0,"{'device': [0, 1, 2, 3, 4, 5, 6, 7, 8, 9, 10, 11, 12, 13, 14, 15, 16, 17, 18]}",19,final,device,True,9,1.0,5.0,1.0,0.26158166700042784,-0.3079083350021392,9,c2ac441e657a4ca0ad1b3172e1f185c3,4,"{'device_compute': 0.2615523510030471, 'd2e_transport': 0.0, 'edge_queue': 0.0, 'edge_segment_compute': 0.0, 'edge_exit_head_compute': 0.0, 'edge_exit_check': 0.0, 'e2c_transport': 0.0, 'cloud_queue': 0.0, 'cloud_segment_compute': 0.0, 'cloud_exit_head_compute': 0.0, 'cloud_exit_check': 0.0, 'total_latency': 0.26158166700042784, 'unattributed_overhead': 2.9315997380763292e-05, 'request_id': 'c2ac441e657a4ca0ad1b3172e1f185c3', 'user_id': 0, 'prediction': 9, 'exit_id': 'final', 'exit_boundary_id': 19, 'exit_location': 'device', 'confidence': 0.9988183379173279, 'executed_segments_by_node': {'device': [0, 1, 2, 3, 4, 5, 6, 7, 8, 9, 10, 11, 12, 13, 14, 15, 16, 17, 18]}, 'nodes': [{'node': 'device', 'executed_segments': [0, 1, 2, 3, 4, 5, 6, 7, 8, 9, 10, 11, 12, 13, 14, 15, 16, 17, 18], 'queue_s': 0.0, 'segment_compute_s': 0.2586096499871928, 'exit_head_compute_s': 0.0021796730579808354, 'exit_check_s': 0.0002629710070323199, 'worker_elapsed_s': 0.2615523510030471}], 'sample_id': 'balanced_009_0143_00001370', 'label': 9, 'correct': True, 'observed_utility': -0.3079083350021392}",balanced_009_0143_00001370,4,1370,0.47397375106811523,4637262832061755905,0.26158166700042784,2.9315997380763292e-05,0
0.0,0.24265674999332987,0.24265674999332987,0.24268706599832512,0.24265674999332987,1784947342.6634674,1784947341.9449642,1784947342.1949642,0.0,0.0,0.0,0.0,0.991203784942627,0.0,ablate-end-only-resnet50-cifar10-pi5-r2-20260725-104212:v1,1,0.24265674999332987,unknown,0.0,0.0,0.0,0.0,0.0,"{'device': [0, 1, 2, 3, 4, 5, 6, 7, 8, 9, 10, 11, 12, 13, 14, 15, 16, 17, 18]}",19,final,device,True,4,1.0,5.0,1.0,0.24268706599832512,-0.21343532999162562,4,8af5bc79a4e14f9bbe6b97a45cf1999a,5,"{'device_compute': 0.24265674999332987, 'd2e_transport': 0.0, 'edge_queue': 0.0, 'edge_segment_compute': 0.0, 'edge_exit_head_compute': 0.0, 'edge_exit_check': 0.0, 'e2c_transport': 0.0, 'cloud_queue': 0.0, 'cloud_segment_compute': 0.0, 'cloud_exit_head_compute': 0.0, 'cloud_exit_check': 0.0, 'total_latency': 0.24268706599832512, 'unattributed_overhead': 3.0316004995256662e-05, 'request_id': '8af5bc79a4e14f9bbe6b97a45cf1999a', 'user_id': 0, 'prediction': 4, 'exit_id': 'final', 'exit_boundary_id': 19, 'exit_location': 'device', 'confidence': 0.991203784942627, 'executed_segments_by_node': {'device': [0, 1, 2, 3, 4, 5, 6, 7, 8, 9, 10, 11, 12, 13, 14, 15, 16, 17, 18]}, 'nodes': [{'node': 'device', 'executed_segments': [0, 1, 2, 3, 4, 5, 6, 7, 8, 9, 10, 11, 12, 13, 14, 15, 16, 17, 18], 'queue_s': 0.0, 'segment_compute_s': 0.23975679304567166, 'exit_head_compute_s': 0.002154320973204449, 'exit_check_s': 0.00025167601415887475, 'worker_elapsed_s': 0.24265674999332987}], 'sample_id': 'balanced_004_0761_00007325', 'label': 4, 'correct': True, 'observed_utility': -0.21343532999162562}",balanced_004_0761_00007325,5,7325,0.4685032367706299,4637262832061755905,0.24268706599832512,3.0316004995256662e-05,0
0.0,0.23810010400484316,0.23810010400484316,0.23812973499298096,0.23810010400484316,1784947342.9673367,1784947342.2057502,1784947342.4557502,0.0,0.0,0.0,0.0,0.9999998807907104,0.0,ablate-end-only-resnet50-cifar10-pi5-r2-20260725-104212:v1,1,0.23810010400484316,unknown,0.0,0.0,0.0,0.0,0.0,"{'device': [0, 1, 2, 3, 4, 5, 6, 7, 8, 9, 10, 11, 12, 13, 14, 15, 16, 17, 18]}",19,final,device,True,9,1.0,5.0,1.0,0.23812973499298096,-0.19064867496490479,9,f9ea2e65e6a947ddbd57b0240de080d6,6,"{'device_compute': 0.23810010400484316, 'd2e_transport': 0.0, 'edge_queue': 0.0, 'edge_segment_compute': 0.0, 'edge_exit_head_compute': 0.0, 'edge_exit_check': 0.0, 'e2c_transport': 0.0, 'cloud_queue': 0.0, 'cloud_segment_compute': 0.0, 'cloud_exit_head_compute': 0.0, 'cloud_exit_check': 0.0, 'total_latency': 0.23812973499298096, 'unattributed_overhead': 2.963098813779652e-05, 'request_id': 'f9ea2e65e6a947ddbd57b0240de080d6', 'user_id': 0, 'prediction': 9, 'exit_id': 'final', 'exit_boundary_id': 19, 'exit_location': 'device', 'confidence': 0.9999998807907104, 'executed_segments_by_node': {'device': [0, 1, 2, 3, 4, 5, 6, 7, 8, 9, 10, 11, 12, 13, 14, 15, 16, 17, 18]}, 'nodes': [{'node': 'device', 'executed_segments': [0, 1, 2, 3, 4, 5, 6, 7, 8, 9, 10, 11, 12, 13, 14, 15, 16, 17, 18], 'queue_s': 0.0, 'segment_compute_s': 0.23524959300993942, 'exit_head_compute_s': 0.002108224987750873, 'exit_check_s': 0.00025426901993341744, 'worker_elapsed_s': 0.23810010400484316}], 'sample_id': 'balanced_009_0269_00002693', 'label': 9, 'correct': True, 'observed_utility': -0.19064867496490479}",balanced_009_0269_00002693,6,2693,0.5115864276885986,4637262832061755905,0.23812973499298096,2.963098813779652e-05,0
0.0,0.2375345059845131,0.2375345059845131,0.23756545200012624,0.2375345059845131,1784947343.2737288,1784947342.5023367,1784947342.7523367,0.0,0.0,0.0,0.0,0.9913843870162964,0.0,ablate-end-only-resnet50-cifar10-pi5-r2-20260725-104212:v1,1,0.2375345059845131,unknown,0.0,0.0,0.0,0.0,0.0,"{'device': [0, 1, 2, 3, 4, 5, 6, 7, 8, 9, 10, 11, 12, 13, 14, 15, 16, 17, 18]}",19,final,device,True,3,1.0,5.0,1.0,0.23756545200012624,-0.1878272600006312,3,0be6dd2bee4c4f698604118fd044e125,7,"{'device_compute': 0.2375345059845131, 'd2e_transport': 0.0, 'edge_queue': 0.0, 'edge_segment_compute': 0.0, 'edge_exit_head_compute': 0.0, 'edge_exit_check': 0.0, 'e2c_transport': 0.0, 'cloud_queue': 0.0, 'cloud_segment_compute': 0.0, 'cloud_exit_head_compute': 0.0, 'cloud_exit_check': 0.0, 'total_latency': 0.23756545200012624, 'unattributed_overhead': 3.094601561315358e-05, 'request_id': '0be6dd2bee4c4f698604118fd044e125', 'user_id': 0, 'prediction': 3, 'exit_id': 'final', 'exit_boundary_id': 19, 'exit_location': 'device', 'confidence': 0.9913843870162964, 'executed_segments_by_node': {'device': [0, 1, 2, 3, 4, 5, 6, 7, 8, 9, 10, 11, 12, 13, 14, 15, 16, 17, 18]}, 'nodes': [{'node': 'device', 'executed_segments': [0, 1, 2, 3, 4, 5, 6, 7, 8, 9, 10, 11, 12, 13, 14, 15, 16, 17, 18], 'queue_s': 0.0, 'segment_compute_s': 0.23458685801597312, 'exit_head_compute_s': 0.0021926159970462322, 'exit_check_s': 0.00025743700098246336, 'worker_elapsed_s': 0.2375345059845131}], 'sample_id': 'balanced_003_0352_00003602', 'label': 3, 'correct': True, 'observed_utility': -0.1878272600006312}",balanced_003_0352_00003602,7,3602,0.5213921070098877,4637262832061755905,0.23756545200012624,3.094601561315358e-05,0
0.0,0.24259489501127973,0.24259489501127973,0.2426235080056358,0.24259489501127973,1784947343.5323608,1784947342.8113372,1784947343.0613372,0.0,0.0,0.0,0.0,0.9999948740005493,0.0,ablate-end-only-resnet50-cifar10-pi5-r2-20260725-104212:v1,1,0.24259489501127973,unknown,0.0,0.0,0.0,0.0,0.0,"{'device': [0, 1, 2, 3, 4, 5, 6, 7, 8, 9, 10, 11, 12, 13, 14, 15, 16, 17, 18]}",19,final,device,True,9,1.0,5.0,1.0,0.2426235080056358,-0.21311754002817906,9,66991ba3a501426eaaf351665eeda155,8,"{'device_compute': 0.24259489501127973, 'd2e_transport': 0.0, 'edge_queue': 0.0, 'edge_segment_compute': 0.0, 'edge_exit_head_compute': 0.0, 'edge_exit_check': 0.0, 'e2c_transport': 0.0, 'cloud_queue': 0.0, 'cloud_segment_compute': 0.0, 'cloud_exit_head_compute': 0.0, 'cloud_exit_check': 0.0, 'total_latency': 0.2426235080056358, 'unattributed_overhead': 2.861299435608089e-05, 'request_id': '66991ba3a501426eaaf351665eeda155', 'user_id': 0, 'prediction': 9, 'exit_id': 'final', 'exit_boundary_id': 19, 'exit_location': 'device', 'confidence': 0.9999948740005493, 'executed_segments_by_node': {'device': [0, 1, 2, 3, 4, 5, 6, 7, 8, 9, 10, 11, 12, 13, 14, 15, 16, 17, 18]}, 'nodes': [{'node': 'device', 'executed_segments': [0, 1, 2, 3, 4, 5, 6, 7, 8, 9, 10, 11, 12, 13, 14, 15, 16, 17, 18], 'queue_s': 0.0, 'segment_compute_s': 0.23969147505704314, 'exit_head_compute_s': 0.0021472070075105876, 'exit_check_s': 0.0002591590164229274, 'worker_elapsed_s': 0.24259489501127973}], 'sample_id': 'balanced_009_0636_00006337', 'label': 9, 'correct': True, 'observed_utility': -0.21311754002817906}",balanced_009_0636_00006337,8,6337,0.4710235595703125,4637262832061755905,0.2426235080056358,2.861299435608089e-05,0
0.0,0.24775169100030325,0.24775169100030325,0.24778226600028574,0.24775169100030325,1784947343.7972023,1784947343.0738451,1784947343.3238451,0.0,0.0,0.0,0.0,0.9999946355819702,0.0,ablate-end-only-resnet50-cifar10-pi5-r2-20260725-104212:v1,1,0.24775169100030325,unknown,0.0,0.0,0.0,0.0,0.0,"{'device': [0, 1, 2, 3, 4, 5, 6, 7, 8, 9, 10, 11, 12, 13, 14, 15, 16, 17, 18]}",19,final,device,True,4,1.0,5.0,1.0,0.24778226600028574,-0.23891133000142872,4,0082c859ad23435fbc8d351facb1eb34,9,"{'device_compute': 0.24775169100030325, 'd2e_transport': 0.0, 'edge_queue': 0.0, 'edge_segment_compute': 0.0, 'edge_exit_head_compute': 0.0, 'edge_exit_check': 0.0, 'e2c_transport': 0.0, 'cloud_queue': 0.0, 'cloud_segment_compute': 0.0, 'cloud_exit_head_compute': 0.0, 'cloud_exit_check': 0.0, 'total_latency': 0.24778226600028574, 'unattributed_overhead': 3.0574999982491136e-05, 'request_id': '0082c859ad23435fbc8d351facb1eb34', 'user_id': 0, 'prediction': 4, 'exit_id': 'final', 'exit_boundary_id': 19, 'exit_location': 'device', 'confidence': 0.9999946355819702, 'executed_segments_by_node': {'device': [0, 1, 2, 3, 4, 5, 6, 7, 8, 9, 10, 11, 12, 13, 14, 15, 16, 17, 18]}, 'nodes': [{'node': 'device', 'executed_segments': [0, 1, 2, 3, 4, 5, 6, 7, 8, 9, 10, 11, 12, 13, 14, 15, 16, 17, 18], 'queue_s': 0.0, 'segment_compute_s': 0.24322472893982194, 'exit_head_compute_s': 0.0037231559690553695, 'exit_check_s': 0.00030308496206998825, 'worker_elapsed_s': 0.24775169100030325}], 'sample_id': 'balanced_004_0300_00003016', 'label': 4, 'correct': True, 'observed_utility': -0.23891133000142872}",balanced_004_0300_00003016,9,3016,0.4733572006225586,4637262832061755905,0.24778226600028574,3.0574999982491136e-05,0
0.0,0.2516208160086535,0.2516208160086535,0.2516494830197189,0.2516208160086535,1784947344.103864,1784947343.384689,1784947343.634689,0.0,0.0,0.0,0.0,0.99996018409729,0.0,ablate-end-only-resnet50-cifar10-pi5-r2-20260725-104212:v1,1,0.2516208160086535,unknown,0.0,0.0,0.0,0.0,0.0,"{'device': [0, 1, 2, 3, 4, 5, 6, 7, 8, 9, 10, 11, 12, 13, 14, 15, 16, 17, 18]}",19,final,device,True,4,1.0,5.0,1.0,0.2516494830197189,-0.2582474150985945,4,301ed03b6eb94cf28e5516edaf4bff9b,10,"{'device_compute': 0.2516208160086535, 'd2e_transport': 0.0, 'edge_queue': 0.0, 'edge_segment_compute': 0.0, 'edge_exit_head_compute': 0.0, 'edge_exit_check': 0.0, 'e2c_transport': 0.0, 'cloud_queue': 0.0, 'cloud_segment_compute': 0.0, 'cloud_exit_head_compute': 0.0, 'cloud_exit_check': 0.0, 'total_latency': 0.2516494830197189, 'unattributed_overhead': 2.8667011065408587e-05, 'request_id': '301ed03b6eb94cf28e5516edaf4bff9b', 'user_id': 0, 'prediction': 4, 'exit_id': 'final', 'exit_boundary_id': 19, 'exit_location': 'device', 'confidence': 0.99996018409729, 'executed_segments_by_node': {'device': [0, 1, 2, 3, 4, 5, 6, 7, 8, 9, 10, 11, 12, 13, 14, 15, 16, 17, 18]}, 'nodes': [{'node': 'device', 'executed_segments': [0, 1, 2, 3, 4, 5, 6, 7, 8, 9, 10, 11, 12, 13, 14, 15, 16, 17, 18], 'queue_s': 0.0, 'segment_compute_s': 0.24771145210252143, 'exit_head_compute_s': 0.003131446981569752, 'exit_check_s': 0.0002745669917203486, 'worker_elapsed_s': 0.2516208160086535}], 'sample_id': 'balanced_004_0902_00008914', 'label': 4, 'correct': True, 'observed_utility': -0.2582474150985945}",balanced_004_0902_00008914,10,8914,0.469174861907959,4637262832061755905,0.2516494830197189,2.8667011065408587e-05,0
0.0,0.24430010400828905,0.24430010400828905,0.2443291980016511,0.24430010400828905,1784947344.4172018,1784947343.6982439,1784947343.9482439,0.0,0.0,0.0,0.0,0.9998914003372192,0.0,ablate-end-only-resnet50-cifar10-pi5-r2-20260725-104212:v1,1,0.24430010400828905,unknown,0.0,0.0,0.0,0.0,0.0,"{'device': [0, 1, 2, 3, 4, 5, 6, 7, 8, 9, 10, 11, 12, 13, 14, 15, 16, 17, 18]}",19,final,device,True,0,1.0,5.0,1.0,0.2443291980016511,-0.22164599000825547,0,020d9e21f9184a909b0fbc7c4f564362,11,"{'device_compute': 0.24430010400828905, 'd2e_transport': 0.0, 'edge_queue': 0.0, 'edge_segment_compute': 0.0, 'edge_exit_head_compute': 0.0, 'edge_exit_check': 0.0, 'e2c_transport': 0.0, 'cloud_queue': 0.0, 'cloud_segment_compute': 0.0, 'cloud_exit_head_compute': 0.0, 'cloud_exit_check': 0.0, 'total_latency': 0.2443291980016511, 'unattributed_overhead': 2.9093993362039328e-05, 'request_id': '020d9e21f9184a909b0fbc7c4f564362', 'user_id': 0, 'prediction': 0, 'exit_id': 'final', 'exit_boundary_id': 19, 'exit_location': 'device', 'confidence': 0.9998914003372192, 'executed_segments_by_node': {'device': [0, 1, 2, 3, 4, 5, 6, 7, 8, 9, 10, 11, 12, 13, 14, 15, 16, 17, 18]}, 'nodes': [{'node': 'device', 'executed_segments': [0, 1, 2, 3, 4, 5, 6, 7, 8, 9, 10, 11, 12, 13, 14, 15, 16, 17, 18], 'queue_s': 0.0, 'segment_compute_s': 0.24138208891963586, 'exit_head_compute_s': 0.0021520790178328753, 'exit_check_s': 0.0002561029978096485, 'worker_elapsed_s': 0.24430010400828905}], 'sample_id': 'balanced_000_0619_00006284', 'label': 0, 'correct': True, 'observed_utility': -0.22164599000825547}",balanced_000_0619_00006284,11,6284,0.46895790100097656,4637262832061755905,0.2443291980016511,2.9093993362039328e-05,0
0.0,0.25891985997441225,0.25891985997441225,0.2589490649988875,0.25891985997441225,1784947344.7173884,1784947343.9957507,1784947344.2457507,0.0,0.0,0.0,0.0,0.9975274205207825,0.0,ablate-end-only-resnet50-cifar10-pi5-r2-20260725-104212:v1,1,0.25891985997441225,unknown,0.0,0.0,0.0,0.0,0.0,"{'device': [0, 1, 2, 3, 4, 5, 6, 7, 8, 9, 10, 11, 12, 13, 14, 15, 16, 17, 18]}",19,final,device,True,5,1.0,5.0,1.0,0.2589490649988875,-0.2947453249944374,5,2a42aaf4bf3849ef9b6f82d268bdb8df,12,"{'device_compute': 0.25891985997441225, 'd2e_transport': 0.0, 'edge_queue': 0.0, 'edge_segment_compute': 0.0, 'edge_exit_head_compute': 0.0, 'edge_exit_check': 0.0, 'e2c_transport': 0.0, 'cloud_queue': 0.0, 'cloud_segment_compute': 0.0, 'cloud_exit_head_compute': 0.0, 'cloud_exit_check': 0.0, 'total_latency': 0.2589490649988875, 'unattributed_overhead': 2.9205024475231767e-05, 'request_id': '2a42aaf4bf3849ef9b6f82d268bdb8df', 'user_id': 0, 'prediction': 5, 'exit_id': 'final', 'exit_boundary_id': 19, 'exit_location': 'device', 'confidence': 0.9975274205207825, 'executed_segments_by_node': {'device': [0, 1, 2, 3, 4, 5, 6, 7, 8, 9, 10, 11, 12, 13, 14, 15, 16, 17, 18]}, 'nodes': [{'node': 'device', 'executed_segments': [0, 1, 2, 3, 4, 5, 6, 7, 8, 9, 10, 11, 12, 13, 14, 15, 16, 17, 18], 'queue_s': 0.0, 'segment_compute_s': 0.2544392519630492, 'exit_head_compute_s': 0.0037289889878593385, 'exit_check_s': 0.0002554889942985028, 'worker_elapsed_s': 0.25891985997441225}], 'sample_id': 'balanced_005_0501_00005112', 'label': 5, 'correct': True, 'observed_utility': -0.2947453249944374}",balanced_005_0501_00005112,12,5112,0.4716377258300781,4637262832061755905,0.2589490649988875,2.9205024475231767e-05,0
0.0,0.24638212300487794,0.24638212300487794,0.24641025401069783,0.24638212300487794,1784947345.0236678,1784947344.297303,1784947344.547303,0.0,0.0,0.0,0.0,0.9999994039535522,0.0,ablate-end-only-resnet50-cifar10-pi5-r2-20260725-104212:v1,1,0.24638212300487794,unknown,0.0,0.0,0.0,0.0,0.0,"{'device': [0, 1, 2, 3, 4, 5, 6, 7, 8, 9, 10, 11, 12, 13, 14, 15, 16, 17, 18]}",19,final,device,True,0,1.0,5.0,1.0,0.24641025401069783,-0.23205127005348913,0,72c966e087ff4f0bbd87581caf393613,13,"{'device_compute': 0.24638212300487794, 'd2e_transport': 0.0, 'edge_queue': 0.0, 'edge_segment_compute': 0.0, 'edge_exit_head_compute': 0.0, 'edge_exit_check': 0.0, 'e2c_transport': 0.0, 'cloud_queue': 0.0, 'cloud_segment_compute': 0.0, 'cloud_exit_head_compute': 0.0, 'cloud_exit_check': 0.0, 'total_latency': 0.24641025401069783, 'unattributed_overhead': 2.8131005819886923e-05, 'request_id': '72c966e087ff4f0bbd87581caf393613', 'user_id': 0, 'prediction': 0, 'exit_id': 'final', 'exit_boundary_id': 19, 'exit_location': 'device', 'confidence': 0.9999994039535522, 'executed_segments_by_node': {'device': [0, 1, 2, 3, 4, 5, 6, 7, 8, 9, 10, 11, 12, 13, 14, 15, 16, 17, 18]}, 'nodes': [{'node': 'device', 'executed_segments': [0, 1, 2, 3, 4, 5, 6, 7, 8, 9, 10, 11, 12, 13, 14, 15, 16, 17, 18], 'queue_s': 0.0, 'segment_compute_s': 0.2434265878982842, 'exit_head_compute_s': 0.002199487993493676, 'exit_check_s': 0.00025628801085986197, 'worker_elapsed_s': 0.24638212300487794}], 'sample_id': 'balanced_000_0591_00006022', 'label': 0, 'correct': True, 'observed_utility': -0.23205127005348913}",balanced_000_0591_00006022,13,6022,0.4763648509979248,4637262832061755905,0.24641025401069783,2.8131005819886923e-05,0
0.0,0.25375046499539167,0.25375046499539167,0.25377920697792433,0.25375046499539167,1784947345.3309448,1784947344.6124892,1784947344.8624892,0.0,0.0,0.0,0.0,0.999997615814209,0.0,ablate-end-only-resnet50-cifar10-pi5-r2-20260725-104212:v1,1,0.25375046499539167,unknown,0.0,0.0,0.0,0.0,0.0,"{'device': [0, 1, 2, 3, 4, 5, 6, 7, 8, 9, 10, 11, 12, 13, 14, 15, 16, 17, 18]}",19,final,device,True,3,1.0,5.0,1.0,0.25377920697792433,-0.26889603488962166,3,63916a714ce944838c415717f0175ef7,14,"{'device_compute': 0.25375046499539167, 'd2e_transport': 0.0, 'edge_queue': 0.0, 'edge_segment_compute': 0.0, 'edge_exit_head_compute': 0.0, 'edge_exit_check': 0.0, 'e2c_transport': 0.0, 'cloud_queue': 0.0, 'cloud_segment_compute': 0.0, 'cloud_exit_head_compute': 0.0, 'cloud_exit_check': 0.0, 'total_latency': 0.25377920697792433, 'unattributed_overhead': 2.8741982532665133e-05, 'request_id': '63916a714ce944838c415717f0175ef7', 'user_id': 0, 'prediction': 3, 'exit_id': 'final', 'exit_boundary_id': 19, 'exit_location': 'device', 'confidence': 0.999997615814209, 'executed_segments_by_node': {'device': [0, 1, 2, 3, 4, 5, 6, 7, 8, 9, 10, 11, 12, 13, 14, 15, 16, 17, 18]}, 'nodes': [{'node': 'device', 'executed_segments': [0, 1, 2, 3, 4, 5, 6, 7, 8, 9, 10, 11, 12, 13, 14, 15, 16, 17, 18], 'queue_s': 0.0, 'segment_compute_s': 0.24945536305312999, 'exit_head_compute_s': 0.0035299999872222543, 'exit_check_s': 0.0002661770267877728, 'worker_elapsed_s': 0.25375046499539167}], 'sample_id': 'balanced_003_0033_00000336', 'label': 3, 'correct': True, 'observed_utility': -0.26889603488962166}",balanced_003_0033_00000336,14,336,0.46845555305480957,4637262832061755905,0.25377920697792433,2.8741982532665133e-05,0
0.0,0.2491141670034267,0.2491141670034267,0.24914340901887044,0.2491141670034267,1784947345.6391435,1784947344.9188192,1784947345.1688192,0.0,0.0,0.0,0.0,0.8350968360900879,0.0,ablate-end-only-resnet50-cifar10-pi5-r2-20260725-104212:v1,1,0.2491141670034267,unknown,0.0,0.0,0.0,0.0,0.0,"{'device': [0, 1, 2, 3, 4, 5, 6, 7, 8, 9, 10, 11, 12, 13, 14, 15, 16, 17, 18]}",19,final,device,False,6,1.0,5.0,0.0,0.24914340901887044,-1.2457170450943522,2,ed2ce19a75f346d3ae6201be0e644b13,15,"{'device_compute': 0.2491141670034267, 'd2e_transport': 0.0, 'edge_queue': 0.0, 'edge_segment_compute': 0.0, 'edge_exit_head_compute': 0.0, 'edge_exit_check': 0.0, 'e2c_transport': 0.0, 'cloud_queue': 0.0, 'cloud_segment_compute': 0.0, 'cloud_exit_head_compute': 0.0, 'cloud_exit_check': 0.0, 'total_latency': 0.24914340901887044, 'unattributed_overhead': 2.9242015443742275e-05, 'request_id': 'ed2ce19a75f346d3ae6201be0e644b13', 'user_id': 0, 'prediction': 2, 'exit_id': 'final', 'exit_boundary_id': 19, 'exit_location': 'device', 'confidence': 0.8350968360900879, 'executed_segments_by_node': {'device': [0, 1, 2, 3, 4, 5, 6, 7, 8, 9, 10, 11, 12, 13, 14, 15, 16, 17, 18]}, 'nodes': [{'node': 'device', 'executed_segments': [0, 1, 2, 3, 4, 5, 6, 7, 8, 9, 10, 11, 12, 13, 14, 15, 16, 17, 18], 'queue_s': 0.0, 'segment_compute_s': 0.24615759690641426, 'exit_head_compute_s': 0.002198081958340481, 'exit_check_s': 0.0002610649971757084, 'worker_elapsed_s': 0.2491141670034267}], 'sample_id': 'balanced_006_0130_00001094', 'label': 6, 'correct': False, 'observed_utility': -1.2457170450943522}",balanced_006_0130_00001094,15,1094,0.4703242778778076,4637262832061755905,0.24914340901887044,2.9242015443742275e-05,0
0.0,0.23686455801362172,0.23686455801362172,0.23689430000376888,0.23686455801362172,1784947345.947073,1784947345.227727,1784947345.477727,0.0,0.0,0.0,0.0,0.9976180195808411,0.0,ablate-end-only-resnet50-cifar10-pi5-r2-20260725-104212:v1,1,0.23686455801362172,unknown,0.0,0.0,0.0,0.0,0.0,"{'device': [0, 1, 2, 3, 4, 5, 6, 7, 8, 9, 10, 11, 12, 13, 14, 15, 16, 17, 18]}",19,final,device,True,7,1.0,5.0,1.0,0.23689430000376888,-0.18447150001884438,7,34a4f4ee830441b39dbbd76ff44e1c55,16,"{'device_compute': 0.23686455801362172, 'd2e_transport': 0.0, 'edge_queue': 0.0, 'edge_segment_compute': 0.0, 'edge_exit_head_compute': 0.0, 'edge_exit_check': 0.0, 'e2c_transport': 0.0, 'cloud_queue': 0.0, 'cloud_segment_compute': 0.0, 'cloud_exit_head_compute': 0.0, 'cloud_exit_check': 0.0, 'total_latency': 0.23689430000376888, 'unattributed_overhead': 2.9741990147158504e-05, 'request_id': '34a4f4ee830441b39dbbd76ff44e1c55', 'user_id': 0, 'prediction': 7, 'exit_id': 'final', 'exit_boundary_id': 19, 'exit_location': 'device', 'confidence': 0.9976180195808411, 'executed_segments_by_node': {'device': [0, 1, 2, 3, 4, 5, 6, 7, 8, 9, 10, 11, 12, 13, 14, 15, 16, 17, 18]}, 'nodes': [{'node': 'device', 'executed_segments': [0, 1, 2, 3, 4, 5, 6, 7, 8, 9, 10, 11, 12, 13, 14, 15, 16, 17, 18], 'queue_s': 0.0, 'segment_compute_s': 0.2339138769020792, 'exit_head_compute_s': 0.0021901900181546807, 'exit_check_s': 0.00025802795425988734, 'worker_elapsed_s': 0.23686455801362172}], 'sample_id': 'balanced_007_0708_00007070', 'label': 7, 'correct': True, 'observed_utility': -0.18447150001884438}",balanced_007_0708_00007070,16,7070,0.4693460464477539,4637262832061755905,0.23689430000376888,2.9741990147158504e-05,0
0.0,0.2566843659733422,0.2566843659733422,0.2567137189907953,0.2566843659733422,1784947346.2473202,1784947345.5282838,1784947345.7782838,0.0,0.0,0.0,0.0,0.7000757455825806,0.0,ablate-end-only-resnet50-cifar10-pi5-r2-20260725-104212:v1,1,0.2566843659733422,unknown,0.0,0.0,0.0,0.0,0.0,"{'device': [0, 1, 2, 3, 4, 5, 6, 7, 8, 9, 10, 11, 12, 13, 14, 15, 16, 17, 18]}",19,final,device,False,3,1.0,5.0,0.0,0.2567137189907953,-1.2835685949539766,5,0a715e4bd25142b68956c357d8181b8d,17,"{'device_compute': 0.2566843659733422, 'd2e_transport': 0.0, 'edge_queue': 0.0, 'edge_segment_compute': 0.0, 'edge_exit_head_compute': 0.0, 'edge_exit_check': 0.0, 'e2c_transport': 0.0, 'cloud_queue': 0.0, 'cloud_segment_compute': 0.0, 'cloud_exit_head_compute': 0.0, 'cloud_exit_check': 0.0, 'total_latency': 0.2567137189907953, 'unattributed_overhead': 2.9353017453104258e-05, 'request_id': '0a715e4bd25142b68956c357d8181b8d', 'user_id': 0, 'prediction': 5, 'exit_id': 'final', 'exit_boundary_id': 19, 'exit_location': 'device', 'confidence': 0.7000757455825806, 'executed_segments_by_node': {'device': [0, 1, 2, 3, 4, 5, 6, 7, 8, 9, 10, 11, 12, 13, 14, 15, 16, 17, 18]}, 'nodes': [{'node': 'device', 'executed_segments': [0, 1, 2, 3, 4, 5, 6, 7, 8, 9, 10, 11, 12, 13, 14, 15, 16, 17, 18], 'queue_s': 0.0, 'segment_compute_s': 0.25365446097566746, 'exit_head_compute_s': 0.002182134980103001, 'exit_check_s': 0.0003454020188655704, 'worker_elapsed_s': 0.2566843659733422}], 'sample_id': 'balanced_003_0450_00004589', 'label': 3, 'correct': False, 'observed_utility': -1.2835685949539766}",balanced_003_0450_00004589,17,4589,0.469036340713501,4637262832061755905,0.2567137189907953,2.9353017453104258e-05,0
0.0,0.251320208015386,0.251320208015386,0.2513494130107574,0.251320208015386,1784947346.564304,1784947345.8420122,1784947346.0920122,0.0,0.0,0.0,0.0,0.9987848401069641,0.0,ablate-end-only-resnet50-cifar10-pi5-r2-20260725-104212:v1,1,0.251320208015386,unknown,0.0,0.0,0.0,0.0,0.0,"{'device': [0, 1, 2, 3, 4, 5, 6, 7, 8, 9, 10, 11, 12, 13, 14, 15, 16, 17, 18]}",19,final,device,True,0,1.0,5.0,1.0,0.2513494130107574,-0.2567470650537871,0,d9c176a445dc484b8b02321adac81cfb,18,"{'device_compute': 0.251320208015386, 'd2e_transport': 0.0, 'edge_queue': 0.0, 'edge_segment_compute': 0.0, 'edge_exit_head_compute': 0.0, 'edge_exit_check': 0.0, 'e2c_transport': 0.0, 'cloud_queue': 0.0, 'cloud_segment_compute': 0.0, 'cloud_exit_head_compute': 0.0, 'cloud_exit_check': 0.0, 'total_latency': 0.2513494130107574, 'unattributed_overhead': 2.920499537140131e-05, 'request_id': 'd9c176a445dc484b8b02321adac81cfb', 'user_id': 0, 'prediction': 0, 'exit_id': 'final', 'exit_boundary_id': 19, 'exit_location': 'device', 'confidence': 0.9987848401069641, 'executed_segments_by_node': {'device': [0, 1, 2, 3, 4, 5, 6, 7, 8, 9, 10, 11, 12, 13, 14, 15, 16, 17, 18]}, 'nodes': [{'node': 'device', 'executed_segments': [0, 1, 2, 3, 4, 5, 6, 7, 8, 9, 10, 11, 12, 13, 14, 15, 16, 17, 18], 'queue_s': 0.0, 'segment_compute_s': 0.24762001700582914, 'exit_head_compute_s': 0.002938441000878811, 'exit_check_s': 0.0002596949925646186, 'worker_elapsed_s': 0.251320208015386}], 'sample_id': 'balanced_000_0149_00001514', 'label': 0, 'correct': True, 'observed_utility': -0.2567470650537871}",balanced_000_0149_00001514,18,1514,0.4722919464111328,4637262832061755905,0.2513494130107574,2.920499537140131e-05,0
0.0,0.25124630800564773,0.25124630800564773,0.251275123009691,0.25124630800564773,1784947346.8690982,1784947346.145735,1784947346.395735,0.0,0.0,0.0,0.0,0.9999973773956299,0.0,ablate-end-only-resnet50-cifar10-pi5-r2-20260725-104212:v1,1,0.25124630800564773,unknown,0.0,0.0,0.0,0.0,0.0,"{'device': [0, 1, 2, 3, 4, 5, 6, 7, 8, 9, 10, 11, 12, 13, 14, 15, 16, 17, 18]}",19,final,device,True,8,1.0,5.0,1.0,0.251275123009691,-0.2563756150484551,8,9b3b9ede94f24f7292ffded26a465ff1,19,"{'device_compute': 0.25124630800564773, 'd2e_transport': 0.0, 'edge_queue': 0.0, 'edge_segment_compute': 0.0, 'edge_exit_head_compute': 0.0, 'edge_exit_check': 0.0, 'e2c_transport': 0.0, 'cloud_queue': 0.0, 'cloud_segment_compute': 0.0, 'cloud_exit_head_compute': 0.0, 'cloud_exit_check': 0.0, 'total_latency': 0.251275123009691, 'unattributed_overhead': 2.881500404328108e-05, 'request_id': '9b3b9ede94f24f7292ffded26a465ff1', 'user_id': 0, 'prediction': 8, 'exit_id': 'final', 'exit_boundary_id': 19, 'exit_location': 'device', 'confidence': 0.9999973773956299, 'executed_segments_by_node': {'device': [0, 1, 2, 3, 4, 5, 6, 7, 8, 9, 10, 11, 12, 13, 14, 15, 16, 17, 18]}, 'nodes': [{'node': 'device', 'executed_segments': [0, 1, 2, 3, 4, 5, 6, 7, 8, 9, 10, 11, 12, 13, 14, 15, 16, 17, 18], 'queue_s': 0.0, 'segment_compute_s': 0.24828497899579816, 'exit_head_compute_s': 0.0022127280535642058, 'exit_check_s': 0.0002514719672035426, 'worker_elapsed_s': 0.25124630800564773}], 'sample_id': 'balanced_008_0572_00005898', 'label': 8, 'correct': True, 'observed_utility': -0.2563756150484551}",balanced_008_0572_00005898,19,5898,0.47336316108703613,4637262832061755905,0.251275123009691,2.881500404328108e-05,0
0.0,0.2649755169986747,0.2649755169986747,0.2650037959974725,0.2649755169986747,1784947347.1794171,1784947346.4502103,1784947346.7002103,0.0,0.0,0.0,0.0,0.9999954700469971,0.0,ablate-end-only-resnet50-cifar10-pi5-r2-20260725-104212:v1,1,0.2649755169986747,unknown,0.0,0.0,0.0,0.0,0.0,"{'device': [0, 1, 2, 3, 4, 5, 6, 7, 8, 9, 10, 11, 12, 13, 14, 15, 16, 17, 18]}",19,final,device,True,8,1.0,5.0,1.0,0.2650037959974725,-0.3250189799873624,8,e24d5cf2f1f34323a461302a3b953878,20,"{'device_compute': 0.2649755169986747, 'd2e_transport': 0.0, 'edge_queue': 0.0, 'edge_segment_compute': 0.0, 'edge_exit_head_compute': 0.0, 'edge_exit_check': 0.0, 'e2c_transport': 0.0, 'cloud_queue': 0.0, 'cloud_segment_compute': 0.0, 'cloud_exit_head_compute': 0.0, 'cloud_exit_check': 0.0, 'total_latency': 0.2650037959974725, 'unattributed_overhead': 2.8278998797759414e-05, 'request_id': 'e24d5cf2f1f34323a461302a3b953878', 'user_id': 0, 'prediction': 8, 'exit_id': 'final', 'exit_boundary_id': 19, 'exit_location': 'device', 'confidence': 0.9999954700469971, 'executed_segments_by_node': {'device': [0, 1, 2, 3, 4, 5, 6, 7, 8, 9, 10, 11, 12, 13, 14, 15, 16, 17, 18]}, 'nodes': [{'node': 'device', 'executed_segments': [0, 1, 2, 3, 4, 5, 6, 7, 8, 9, 10, 11, 12, 13, 14, 15, 16, 17, 18], 'queue_s': 0.0, 'segment_compute_s': 0.2620521000644658, 'exit_head_compute_s': 0.0021416140079963952, 'exit_check_s': 0.0002503969881217927, 'worker_elapsed_s': 0.2649755169986747}], 'sample_id': 'balanced_008_0471_00004568', 'label': 8, 'correct': True, 'observed_utility': -0.3250189799873624}",balanced_008_0471_00004568,20,4568,0.47920680046081543,4637262832061755905,0.2650037959974725,2.8278998797759414e-05,0
0.0,0.25921545599703677,0.25921545599703677,0.2592449949879665,0.25921545599703677,1784947347.4796867,1784947346.758654,1784947347.008654,0.0,0.0,0.0,0.0,0.9994021654129028,0.0,ablate-end-only-resnet50-cifar10-pi5-r2-20260725-104212:v1,1,0.25921545599703677,unknown,0.0,0.0,0.0,0.0,0.0,"{'device': [0, 1, 2, 3, 4, 5, 6, 7, 8, 9, 10, 11, 12, 13, 14, 15, 16, 17, 18]}",19,final,device,True,4,1.0,5.0,1.0,0.2592449949879665,-0.29622497493983246,4,ba844c1e6ab240b7be95d0f1e0edecb6,21,"{'device_compute': 0.25921545599703677, 'd2e_transport': 0.0, 'edge_queue': 0.0, 'edge_segment_compute': 0.0, 'edge_exit_head_compute': 0.0, 'edge_exit_check': 0.0, 'e2c_transport': 0.0, 'cloud_queue': 0.0, 'cloud_segment_compute': 0.0, 'cloud_exit_head_compute': 0.0, 'cloud_exit_check': 0.0, 'total_latency': 0.2592449949879665, 'unattributed_overhead': 2.9538990929722786e-05, 'request_id': 'ba844c1e6ab240b7be95d0f1e0edecb6', 'user_id': 0, 'prediction': 4, 'exit_id': 'final', 'exit_boundary_id': 19, 'exit_location': 'device', 'confidence': 0.9994021654129028, 'executed_segments_by_node': {'device': [0, 1, 2, 3, 4, 5, 6, 7, 8, 9, 10, 11, 12, 13, 14, 15, 16, 17, 18]}, 'nodes': [{'node': 'device', 'executed_segments': [0, 1, 2, 3, 4, 5, 6, 7, 8, 9, 10, 11, 12, 13, 14, 15, 16, 17, 18], 'queue_s': 0.0, 'segment_compute_s': 0.2553028490510769, 'exit_head_compute_s': 0.003142575966194272, 'exit_check_s': 0.0002642120234668255, 'worker_elapsed_s': 0.25921545599703677}], 'sample_id': 'balanced_004_0706_00006853', 'label': 4, 'correct': True, 'observed_utility': -0.29622497493983246}",balanced_004_0706_00006853,21,6853,0.47103261947631836,4637262832061755905,0.2592449949879665,2.9538990929722786e-05,0
0.0,0.25734040400129743,0.25734040400129743,0.257369479018962,0.25734040400129743,1784947347.7840395,1784947347.0649643,1784947347.3149643,0.0,0.0,0.0,0.0,0.9999977350234985,0.0,ablate-end-only-resnet50-cifar10-pi5-r2-20260725-104212:v1,1,0.25734040400129743,unknown,0.0,0.0,0.0,0.0,0.0,"{'device': [0, 1, 2, 3, 4, 5, 6, 7, 8, 9, 10, 11, 12, 13, 14, 15, 16, 17, 18]}",19,final,device,True,7,1.0,5.0,1.0,0.257369479018962,-0.28684739509481005,7,94f110e3daad48d8b9cbe9f2c268fc28,22,"{'device_compute': 0.25734040400129743, 'd2e_transport': 0.0, 'edge_queue': 0.0, 'edge_segment_compute': 0.0, 'edge_exit_head_compute': 0.0, 'edge_exit_check': 0.0, 'e2c_transport': 0.0, 'cloud_queue': 0.0, 'cloud_segment_compute': 0.0, 'cloud_exit_head_compute': 0.0, 'cloud_exit_check': 0.0, 'total_latency': 0.257369479018962, 'unattributed_overhead': 2.9075017664581537e-05, 'request_id': '94f110e3daad48d8b9cbe9f2c268fc28', 'user_id': 0, 'prediction': 7, 'exit_id': 'final', 'exit_boundary_id': 19, 'exit_location': 'device', 'confidence': 0.9999977350234985, 'executed_segments_by_node': {'device': [0, 1, 2, 3, 4, 5, 6, 7, 8, 9, 10, 11, 12, 13, 14, 15, 16, 17, 18]}, 'nodes': [{'node': 'device', 'executed_segments': [0, 1, 2, 3, 4, 5, 6, 7, 8, 9, 10, 11, 12, 13, 14, 15, 16, 17, 18], 'queue_s': 0.0, 'segment_compute_s': 0.25437555598909967, 'exit_head_compute_s': 0.0022149499563965946, 'exit_check_s': 0.0002620300219859928, 'worker_elapsed_s': 0.25734040400129743}], 'sample_id': 'balanced_007_0697_00006955', 'label': 7, 'correct': True, 'observed_utility': -0.28684739509481005}",balanced_007_0697_00006955,22,6955,0.46907520294189453,4637262832061755905,0.257369479018962,2.9075017664581537e-05,0
0.0,0.2464832890254911,0.2464832890254911,0.246512290003011,0.2464832890254911,1784947348.0994966,1784947347.3805344,1784947347.6305344,0.0,0.0,0.0,0.0,0.9752228856086731,0.0,ablate-end-only-resnet50-cifar10-pi5-r2-20260725-104212:v1,1,0.2464832890254911,unknown,0.0,0.0,0.0,0.0,0.0,"{'device': [0, 1, 2, 3, 4, 5, 6, 7, 8, 9, 10, 11, 12, 13, 14, 15, 16, 17, 18]}",19,final,device,False,9,1.0,5.0,0.0,0.246512290003011,-1.232561450015055,1,6732833fb909442e9d9ceee7da951636,23,"{'device_compute': 0.2464832890254911, 'd2e_transport': 0.0, 'edge_queue': 0.0, 'edge_segment_compute': 0.0, 'edge_exit_head_compute': 0.0, 'edge_exit_check': 0.0, 'e2c_transport': 0.0, 'cloud_queue': 0.0, 'cloud_segment_compute': 0.0, 'cloud_exit_head_compute': 0.0, 'cloud_exit_check': 0.0, 'total_latency': 0.246512290003011, 'unattributed_overhead': 2.9000977519899607e-05, 'request_id': '6732833fb909442e9d9ceee7da951636', 'user_id': 0, 'prediction': 1, 'exit_id': 'final', 'exit_boundary_id': 19, 'exit_location': 'device', 'confidence': 0.9752228856086731, 'executed_segments_by_node': {'device': [0, 1, 2, 3, 4, 5, 6, 7, 8, 9, 10, 11, 12, 13, 14, 15, 16, 17, 18]}, 'nodes': [{'node': 'device', 'executed_segments': [0, 1, 2, 3, 4, 5, 6, 7, 8, 9, 10, 11, 12, 13, 14, 15, 16, 17, 18], 'queue_s': 0.0, 'segment_compute_s': 0.24347199391922913, 'exit_head_compute_s': 0.0022245429863687605, 'exit_check_s': 0.0002546949835959822, 'worker_elapsed_s': 0.2464832890254911}], 'sample_id': 'balanced_009_0806_00008144', 'label': 9, 'correct': False, 'observed_utility': -1.232561450015055}",balanced_009_0806_00008144,23,8144,0.4689621925354004,4637262832061755905,0.246512290003011,2.9000977519899607e-05,0
0.0,0.24865383098949678,0.24865383098949678,0.24868251700536348,0.24865383098949678,1784947348.417775,1784947347.6872213,1784947347.9372213,0.0,0.0,0.0,0.0,0.999828577041626,0.0,ablate-end-only-resnet50-cifar10-pi5-r2-20260725-104212:v1,1,0.24865383098949678,unknown,0.0,0.0,0.0,0.0,0.0,"{'device': [0, 1, 2, 3, 4, 5, 6, 7, 8, 9, 10, 11, 12, 13, 14, 15, 16, 17, 18]}",19,final,device,True,9,1.0,5.0,1.0,0.24868251700536348,-0.2434125850268174,9,f292df54aa2140b495349edd50142a85,24,"{'device_compute': 0.24865383098949678, 'd2e_transport': 0.0, 'edge_queue': 0.0, 'edge_segment_compute': 0.0, 'edge_exit_head_compute': 0.0, 'edge_exit_check': 0.0, 'e2c_transport': 0.0, 'cloud_queue': 0.0, 'cloud_segment_compute': 0.0, 'cloud_exit_head_compute': 0.0, 'cloud_exit_check': 0.0, 'total_latency': 0.24868251700536348, 'unattributed_overhead': 2.8686015866696835e-05, 'request_id': 'f292df54aa2140b495349edd50142a85', 'user_id': 0, 'prediction': 9, 'exit_id': 'final', 'exit_boundary_id': 19, 'exit_location': 'device', 'confidence': 0.999828577041626, 'executed_segments_by_node': {'device': [0, 1, 2, 3, 4, 5, 6, 7, 8, 9, 10, 11, 12, 13, 14, 15, 16, 17, 18]}, 'nodes': [{'node': 'device', 'executed_segments': [0, 1, 2, 3, 4, 5, 6, 7, 8, 9, 10, 11, 12, 13, 14, 15, 16, 17, 18], 'queue_s': 0.0, 'segment_compute_s': 0.24444312107516453, 'exit_head_compute_s': 0.0033516400144435465, 'exit_check_s': 0.0002775299653876573, 'worker_elapsed_s': 0.24865383098949678}], 'sample_id': 'balanced_009_0960_00009594', 'label': 9, 'correct': True, 'observed_utility': -0.2434125850268174}",balanced_009_0960_00009594,24,9594,0.48055362701416016,4637262832061755905,0.24868251700536348,2.8686015866696835e-05,0
0.0,0.24697823301539756,0.24697823301539756,0.24700553101138212,0.24697823301539756,1784947348.7046437,1784947347.985816,1784947348.235816,0.0,0.0,0.0,0.0,0.6866016387939453,0.0,ablate-end-only-resnet50-cifar10-pi5-r2-20260725-104212:v1,1,0.24697823301539756,unknown,0.0,0.0,0.0,0.0,0.0,"{'device': [0, 1, 2, 3, 4, 5, 6, 7, 8, 9, 10, 11, 12, 13, 14, 15, 16, 17, 18]}",19,final,device,True,0,1.0,5.0,1.0,0.24700553101138212,-0.2350276550569106,0,80b53a7b406f4963b9f7200ca1860032,25,"{'device_compute': 0.24697823301539756, 'd2e_transport': 0.0, 'edge_queue': 0.0, 'edge_segment_compute': 0.0, 'edge_exit_head_compute': 0.0, 'edge_exit_check': 0.0, 'e2c_transport': 0.0, 'cloud_queue': 0.0, 'cloud_segment_compute': 0.0, 'cloud_exit_head_compute': 0.0, 'cloud_exit_check': 0.0, 'total_latency': 0.24700553101138212, 'unattributed_overhead': 2.729799598455429e-05, 'request_id': '80b53a7b406f4963b9f7200ca1860032', 'user_id': 0, 'prediction': 0, 'exit_id': 'final', 'exit_boundary_id': 19, 'exit_location': 'device', 'confidence': 0.6866016387939453, 'executed_segments_by_node': {'device': [0, 1, 2, 3, 4, 5, 6, 7, 8, 9, 10, 11, 12, 13, 14, 15, 16, 17, 18]}, 'nodes': [{'node': 'device', 'executed_segments': [0, 1, 2, 3, 4, 5, 6, 7, 8, 9, 10, 11, 12, 13, 14, 15, 16, 17, 18], 'queue_s': 0.0, 'segment_compute_s': 0.24399738395004533, 'exit_head_compute_s': 0.0022074510052334517, 'exit_check_s': 0.000264324015006423, 'worker_elapsed_s': 0.24697823301539756}], 'sample_id': 'balanced_000_0737_00007356', 'label': 0, 'correct': True, 'observed_utility': -0.2350276550569106}",balanced_000_0737_00007356,25,7356,0.4688277244567871,4637262832061755905,0.24700553101138212,2.729799598455429e-05,0
0.0,0.23441551899304613,0.23441551899304613,0.23444431598181836,0.23441551899304613,1784947349.013691,1784947348.2919023,1784947348.5419023,0.0,0.0,0.0,0.0,0.9870244264602661,0.0,ablate-end-only-resnet50-cifar10-pi5-r2-20260725-104212:v1,1,0.23441551899304613,unknown,0.0,0.0,0.0,0.0,0.0,"{'device': [0, 1, 2, 3, 4, 5, 6, 7, 8, 9, 10, 11, 12, 13, 14, 15, 16, 17, 18]}",19,final,device,True,0,1.0,5.0,1.0,0.23444431598181836,-0.17222157990909182,0,cdf5a173a3894e9580736f12e51fd5a0,26,"{'device_compute': 0.23441551899304613, 'd2e_transport': 0.0, 'edge_queue': 0.0, 'edge_segment_compute': 0.0, 'edge_exit_head_compute': 0.0, 'edge_exit_check': 0.0, 'e2c_transport': 0.0, 'cloud_queue': 0.0, 'cloud_segment_compute': 0.0, 'cloud_exit_head_compute': 0.0, 'cloud_exit_check': 0.0, 'total_latency': 0.23444431598181836, 'unattributed_overhead': 2.879698877222836e-05, 'request_id': 'cdf5a173a3894e9580736f12e51fd5a0', 'user_id': 0, 'prediction': 0, 'exit_id': 'final', 'exit_boundary_id': 19, 'exit_location': 'device', 'confidence': 0.9870244264602661, 'executed_segments_by_node': {'device': [0, 1, 2, 3, 4, 5, 6, 7, 8, 9, 10, 11, 12, 13, 14, 15, 16, 17, 18]}, 'nodes': [{'node': 'device', 'executed_segments': [0, 1, 2, 3, 4, 5, 6, 7, 8, 9, 10, 11, 12, 13, 14, 15, 16, 17, 18], 'queue_s': 0.0, 'segment_compute_s': 0.2314554290205706, 'exit_head_compute_s': 0.0022014679852873087, 'exit_check_s': 0.0002629919908940792, 'worker_elapsed_s': 0.23441551899304613}], 'sample_id': 'balanced_000_0050_00000447', 'label': 0, 'correct': True, 'observed_utility': -0.17222157990909182}",balanced_000_0050_00000447,26,447,0.4717886447906494,4637262832061755905,0.23444431598181836,2.879698877222836e-05,0
0.0,0.24509623800986446,0.24509623800986446,0.24512516500544734,0.24509623800986446,1784947349.2678347,1784947348.549021,1784947348.799021,0.0,0.0,0.0,0.0,0.9986974596977234,0.0,ablate-end-only-resnet50-cifar10-pi5-r2-20260725-104212:v1,1,0.24509623800986446,unknown,0.0,0.0,0.0,0.0,0.0,"{'device': [0, 1, 2, 3, 4, 5, 6, 7, 8, 9, 10, 11, 12, 13, 14, 15, 16, 17, 18]}",19,final,device,True,7,1.0,5.0,1.0,0.24512516500544734,-0.22562582502723671,7,48f02415d46d458a9018fa327eb1e785,27,"{'device_compute': 0.24509623800986446, 'd2e_transport': 0.0, 'edge_queue': 0.0, 'edge_segment_compute': 0.0, 'edge_exit_head_compute': 0.0, 'edge_exit_check': 0.0, 'e2c_transport': 0.0, 'cloud_queue': 0.0, 'cloud_segment_compute': 0.0, 'cloud_exit_head_compute': 0.0, 'cloud_exit_check': 0.0, 'total_latency': 0.24512516500544734, 'unattributed_overhead': 2.892699558287859e-05, 'request_id': '48f02415d46d458a9018fa327eb1e785', 'user_id': 0, 'prediction': 7, 'exit_id': 'final', 'exit_boundary_id': 19, 'exit_location': 'device', 'confidence': 0.9986974596977234, 'executed_segments_by_node': {'device': [0, 1, 2, 3, 4, 5, 6, 7, 8, 9, 10, 11, 12, 13, 14, 15, 16, 17, 18]}, 'nodes': [{'node': 'device', 'executed_segments': [0, 1, 2, 3, 4, 5, 6, 7, 8, 9, 10, 11, 12, 13, 14, 15, 16, 17, 18], 'queue_s': 0.0, 'segment_compute_s': 0.24207082897191867, 'exit_head_compute_s': 0.002229726960649714, 'exit_check_s': 0.0002718050091061741, 'worker_elapsed_s': 0.24509623800986446}], 'sample_id': 'balanced_007_0850_00008571', 'label': 7, 'correct': True, 'observed_utility': -0.22562582502723671}",balanced_007_0850_00008571,27,8571,0.4688136577606201,4637262832061755905,0.24512516500544734,2.892699558287859e-05,0
0.0,0.2529118539823685,0.2529118539823685,0.2529402069922071,0.2529118539823685,1784947349.5338016,1784947348.812989,1784947349.062989,0.0,0.0,0.0,0.0,0.5597954988479614,0.0,ablate-end-only-resnet50-cifar10-pi5-r2-20260725-104212:v1,1,0.2529118539823685,unknown,0.0,0.0,0.0,0.0,0.0,"{'device': [0, 1, 2, 3, 4, 5, 6, 7, 8, 9, 10, 11, 12, 13, 14, 15, 16, 17, 18]}",19,final,device,False,4,1.0,5.0,0.0,0.2529402069922071,-1.2647010349610355,2,d345a017580d44b9b2e3d3fdae5cde4a,28,"{'device_compute': 0.2529118539823685, 'd2e_transport': 0.0, 'edge_queue': 0.0, 'edge_segment_compute': 0.0, 'edge_exit_head_compute': 0.0, 'edge_exit_check': 0.0, 'e2c_transport': 0.0, 'cloud_queue': 0.0, 'cloud_segment_compute': 0.0, 'cloud_exit_head_compute': 0.0, 'cloud_exit_check': 0.0, 'total_latency': 0.2529402069922071, 'unattributed_overhead': 2.8353009838610888e-05, 'request_id': 'd345a017580d44b9b2e3d3fdae5cde4a', 'user_id': 0, 'prediction': 2, 'exit_id': 'final', 'exit_boundary_id': 19, 'exit_location': 'device', 'confidence': 0.5597954988479614, 'executed_segments_by_node': {'device': [0, 1, 2, 3, 4, 5, 6, 7, 8, 9, 10, 11, 12, 13, 14, 15, 16, 17, 18]}, 'nodes': [{'node': 'device', 'executed_segments': [0, 1, 2, 3, 4, 5, 6, 7, 8, 9, 10, 11, 12, 13, 14, 15, 16, 17, 18], 'queue_s': 0.0, 'segment_compute_s': 0.25005160094588064, 'exit_head_compute_s': 0.002123836020473391, 'exit_check_s': 0.0002496949746273458, 'worker_elapsed_s': 0.2529118539823685}], 'sample_id': 'balanced_004_0809_00007896', 'label': 4, 'correct': False, 'observed_utility': -1.2647010349610355}",balanced_004_0809_00007896,28,7896,0.4708125591278076,4637262832061755905,0.2529402069922071,2.8353009838610888e-05,0
0.0,0.25194551501772366,0.25194551501772366,0.2519754050008487,0.25194551501772366,1784947349.8396668,1784947349.1197648,1784947349.3697648,0.0,0.0,0.0,0.0,0.9999650716781616,0.0,ablate-end-only-resnet50-cifar10-pi5-r2-20260725-104212:v1,1,0.25194551501772366,unknown,0.0,0.0,0.0,0.0,0.0,"{'device': [0, 1, 2, 3, 4, 5, 6, 7, 8, 9, 10, 11, 12, 13, 14, 15, 16, 17, 18]}",19,final,device,True,1,1.0,5.0,1.0,0.2519754050008487,-0.2598770250042435,1,c50234935af14ea197fc76cffe444d6f,29,"{'device_compute': 0.25194551501772366, 'd2e_transport': 0.0, 'edge_queue': 0.0, 'edge_segment_compute': 0.0, 'edge_exit_head_compute': 0.0, 'edge_exit_check': 0.0, 'e2c_transport': 0.0, 'cloud_queue': 0.0, 'cloud_segment_compute': 0.0, 'cloud_exit_head_compute': 0.0, 'cloud_exit_check': 0.0, 'total_latency': 0.2519754050008487, 'unattributed_overhead': 2.9889983125030994e-05, 'request_id': 'c50234935af14ea197fc76cffe444d6f', 'user_id': 0, 'prediction': 1, 'exit_id': 'final', 'exit_boundary_id': 19, 'exit_location': 'device', 'confidence': 0.9999650716781616, 'executed_segments_by_node': {'device': [0, 1, 2, 3, 4, 5, 6, 7, 8, 9, 10, 11, 12, 13, 14, 15, 16, 17, 18]}, 'nodes': [{'node': 'device', 'executed_segments': [0, 1, 2, 3, 4, 5, 6, 7, 8, 9, 10, 11, 12, 13, 14, 15, 16, 17, 18], 'queue_s': 0.0, 'segment_compute_s': 0.24886581406462938, 'exit_head_compute_s': 0.00232367601711303, 'exit_check_s': 0.00026137797976844013, 'worker_elapsed_s': 0.25194551501772366}], 'sample_id': 'balanced_001_0028_00000351', 'label': 1, 'correct': True, 'observed_utility': -0.2598770250042435}",balanced_001_0028_00000351,29,351,0.46990203857421875,4637262832061755905,0.2519754050008487,2.9889983125030994e-05,0
0.0,0.24400282601709478,0.24400282601709478,0.24403097599861212,0.24400282601709478,1784947350.1465013,1784947349.4252152,1784947349.6752152,0.0,0.0,0.0,0.0,0.9999047517776489,0.0,ablate-end-only-resnet50-cifar10-pi5-r2-20260725-104212:v1,1,0.24400282601709478,unknown,0.0,0.0,0.0,0.0,0.0,"{'device': [0, 1, 2, 3, 4, 5, 6, 7, 8, 9, 10, 11, 12, 13, 14, 15, 16, 17, 18]}",19,final,device,True,1,1.0,5.0,1.0,0.24403097599861212,-0.2201548799930606,1,b17c5d84da2047be88f280097af0ac50,30,"{'device_compute': 0.24400282601709478, 'd2e_transport': 0.0, 'edge_queue': 0.0, 'edge_segment_compute': 0.0, 'edge_exit_head_compute': 0.0, 'edge_exit_check': 0.0, 'e2c_transport': 0.0, 'cloud_queue': 0.0, 'cloud_segment_compute': 0.0, 'cloud_exit_head_compute': 0.0, 'cloud_exit_check': 0.0, 'total_latency': 0.24403097599861212, 'unattributed_overhead': 2.8149981517344713e-05, 'request_id': 'b17c5d84da2047be88f280097af0ac50', 'user_id': 0, 'prediction': 1, 'exit_id': 'final', 'exit_boundary_id': 19, 'exit_location': 'device', 'confidence': 0.9999047517776489, 'executed_segments_by_node': {'device': [0, 1, 2, 3, 4, 5, 6, 7, 8, 9, 10, 11, 12, 13, 14, 15, 16, 17, 18]}, 'nodes': [{'node': 'device', 'executed_segments': [0, 1, 2, 3, 4, 5, 6, 7, 8, 9, 10, 11, 12, 13, 14, 15, 16, 17, 18], 'queue_s': 0.0, 'segment_compute_s': 0.2411580930056516, 'exit_head_compute_s': 0.002096519951010123, 'exit_check_s': 0.00025189697043970227, 'worker_elapsed_s': 0.24400282601709478}], 'sample_id': 'balanced_001_0355_00003647', 'label': 1, 'correct': True, 'observed_utility': -0.2201548799930606}",balanced_001_0355_00003647,30,3647,0.4712860584259033,4637262832061755905,0.24403097599861212,2.8149981517344713e-05,0
0.0,0.252713677007705,0.252713677007705,0.2527427530148998,0.252713677007705,1784947350.452795,1784947349.730996,1784947349.980996,0.0,0.0,0.0,0.0,0.9999903440475464,0.0,ablate-end-only-resnet50-cifar10-pi5-r2-20260725-104212:v1,1,0.252713677007705,unknown,0.0,0.0,0.0,0.0,0.0,"{'device': [0, 1, 2, 3, 4, 5, 6, 7, 8, 9, 10, 11, 12, 13, 14, 15, 16, 17, 18]}",19,final,device,True,8,1.0,5.0,1.0,0.2527427530148998,-0.26371376507449895,8,5f5075d1dc7b4d70b9d80dbd131e33f5,31,"{'device_compute': 0.252713677007705, 'd2e_transport': 0.0, 'edge_queue': 0.0, 'edge_segment_compute': 0.0, 'edge_exit_head_compute': 0.0, 'edge_exit_check': 0.0, 'e2c_transport': 0.0, 'cloud_queue': 0.0, 'cloud_segment_compute': 0.0, 'cloud_exit_head_compute': 0.0, 'cloud_exit_check': 0.0, 'total_latency': 0.2527427530148998, 'unattributed_overhead': 2.9076007194817066e-05, 'request_id': '5f5075d1dc7b4d70b9d80dbd131e33f5', 'user_id': 0, 'prediction': 8, 'exit_id': 'final', 'exit_boundary_id': 19, 'exit_location': 'device', 'confidence': 0.9999903440475464, 'executed_segments_by_node': {'device': [0, 1, 2, 3, 4, 5, 6, 7, 8, 9, 10, 11, 12, 13, 14, 15, 16, 17, 18]}, 'nodes': [{'node': 'device', 'executed_segments': [0, 1, 2, 3, 4, 5, 6, 7, 8, 9, 10, 11, 12, 13, 14, 15, 16, 17, 18], 'queue_s': 0.0, 'segment_compute_s': 0.24976940205669962, 'exit_head_compute_s': 0.0021787810255773365, 'exit_check_s': 0.00025384098989889026, 'worker_elapsed_s': 0.252713677007705}], 'sample_id': 'balanced_008_0294_00002745', 'label': 8, 'correct': True, 'observed_utility': -0.26371376507449895}",balanced_008_0294_00002745,31,2745,0.4717991352081299,4637262832061755905,0.2527427530148998,2.9076007194817066e-05,0
0.0,0.25163645201246254,0.25163645201246254,0.2516649160243105,0.25163645201246254,1784947350.7700605,1784947350.0424562,1784947350.2924562,0.0,0.0,0.0,0.0,0.7940244674682617,0.0,ablate-end-only-resnet50-cifar10-pi5-r2-20260725-104212:v1,1,0.25163645201246254,unknown,0.0,0.0,0.0,0.0,0.0,"{'device': [0, 1, 2, 3, 4, 5, 6, 7, 8, 9, 10, 11, 12, 13, 14, 15, 16, 17, 18]}",19,final,device,False,5,1.0,5.0,0.0,0.2516649160243105,-1.2583245801215526,6,3307be8902c742f7b4e59c1fe82aaabe,32,"{'device_compute': 0.25163645201246254, 'd2e_transport': 0.0, 'edge_queue': 0.0, 'edge_segment_compute': 0.0, 'edge_exit_head_compute': 0.0, 'edge_exit_check': 0.0, 'e2c_transport': 0.0, 'cloud_queue': 0.0, 'cloud_segment_compute': 0.0, 'cloud_exit_head_compute': 0.0, 'cloud_exit_check': 0.0, 'total_latency': 0.2516649160243105, 'unattributed_overhead': 2.846401184797287e-05, 'request_id': '3307be8902c742f7b4e59c1fe82aaabe', 'user_id': 0, 'prediction': 6, 'exit_id': 'final', 'exit_boundary_id': 19, 'exit_location': 'device', 'confidence': 0.7940244674682617, 'executed_segments_by_node': {'device': [0, 1, 2, 3, 4, 5, 6, 7, 8, 9, 10, 11, 12, 13, 14, 15, 16, 17, 18]}, 'nodes': [{'node': 'device', 'executed_segments': [0, 1, 2, 3, 4, 5, 6, 7, 8, 9, 10, 11, 12, 13, 14, 15, 16, 17, 18], 'queue_s': 0.0, 'segment_compute_s': 0.248748737067217, 'exit_head_compute_s': 0.0021410780027508736, 'exit_check_s': 0.00024991502868942916, 'worker_elapsed_s': 0.25163645201246254}], 'sample_id': 'balanced_005_0734_00007267', 'label': 5, 'correct': False, 'observed_utility': -1.2583245801215526}",balanced_005_0734_00007267,32,7267,0.47760438919067383,4637262832061755905,0.2516649160243105,2.846401184797287e-05,0
0.0,0.2513821090105921,0.2513821090105921,0.2514122580178082,0.2513821090105921,1784947351.0622342,1784947350.3429294,1784947350.5929294,0.0,0.0,0.0,0.0,0.9999986886978149,0.0,ablate-end-only-resnet50-cifar10-pi5-r2-20260725-104212:v1,1,0.2513821090105921,unknown,0.0,0.0,0.0,0.0,0.0,"{'device': [0, 1, 2, 3, 4, 5, 6, 7, 8, 9, 10, 11, 12, 13, 14, 15, 16, 17, 18]}",19,final,device,True,9,1.0,5.0,1.0,0.2514122580178082,-0.257061290089041,9,b53ece053a964ee88602b8f28c8d3dc8,33,"{'device_compute': 0.2513821090105921, 'd2e_transport': 0.0, 'edge_queue': 0.0, 'edge_segment_compute': 0.0, 'edge_exit_head_compute': 0.0, 'edge_exit_check': 0.0, 'e2c_transport': 0.0, 'cloud_queue': 0.0, 'cloud_segment_compute': 0.0, 'cloud_exit_head_compute': 0.0, 'cloud_exit_check': 0.0, 'total_latency': 0.2514122580178082, 'unattributed_overhead': 3.0149007216095924e-05, 'request_id': 'b53ece053a964ee88602b8f28c8d3dc8', 'user_id': 0, 'prediction': 9, 'exit_id': 'final', 'exit_boundary_id': 19, 'exit_location': 'device', 'confidence': 0.9999986886978149, 'executed_segments_by_node': {'device': [0, 1, 2, 3, 4, 5, 6, 7, 8, 9, 10, 11, 12, 13, 14, 15, 16, 17, 18]}, 'nodes': [{'node': 'device', 'executed_segments': [0, 1, 2, 3, 4, 5, 6, 7, 8, 9, 10, 11, 12, 13, 14, 15, 16, 17, 18], 'queue_s': 0.0, 'segment_compute_s': 0.2483027049456723, 'exit_head_compute_s': 0.0023176940449047834, 'exit_check_s': 0.00025621301028877497, 'worker_elapsed_s': 0.2513821090105921}], 'sample_id': 'balanced_009_0407_00003958', 'label': 9, 'correct': True, 'observed_utility': -0.257061290089041}",balanced_009_0407_00003958,33,3958,0.46930480003356934,4637262832061755905,0.2514122580178082,3.0149007216095924e-05,0
0.0,0.2496500470151659,0.2496500470151659,0.24967878899769858,0.2496500470151659,1784947351.3716846,1784947350.6529584,1784947350.9029584,0.0,0.0,0.0,0.0,0.8202938437461853,0.0,ablate-end-only-resnet50-cifar10-pi5-r2-20260725-104212:v1,1,0.2496500470151659,unknown,0.0,0.0,0.0,0.0,0.0,"{'device': [0, 1, 2, 3, 4, 5, 6, 7, 8, 9, 10, 11, 12, 13, 14, 15, 16, 17, 18]}",19,final,device,True,5,1.0,5.0,1.0,0.24967878899769858,-0.24839394498849288,5,d6788b39aee74dfeb8f8b3421af2fc17,34,"{'device_compute': 0.2496500470151659, 'd2e_transport': 0.0, 'edge_queue': 0.0, 'edge_segment_compute': 0.0, 'edge_exit_head_compute': 0.0, 'edge_exit_check': 0.0, 'e2c_transport': 0.0, 'cloud_queue': 0.0, 'cloud_segment_compute': 0.0, 'cloud_exit_head_compute': 0.0, 'cloud_exit_check': 0.0, 'total_latency': 0.24967878899769858, 'unattributed_overhead': 2.8741982532665133e-05, 'request_id': 'd6788b39aee74dfeb8f8b3421af2fc17', 'user_id': 0, 'prediction': 5, 'exit_id': 'final', 'exit_boundary_id': 19, 'exit_location': 'device', 'confidence': 0.8202938437461853, 'executed_segments_by_node': {'device': [0, 1, 2, 3, 4, 5, 6, 7, 8, 9, 10, 11, 12, 13, 14, 15, 16, 17, 18]}, 'nodes': [{'node': 'device', 'executed_segments': [0, 1, 2, 3, 4, 5, 6, 7, 8, 9, 10, 11, 12, 13, 14, 15, 16, 17, 18], 'queue_s': 0.0, 'segment_compute_s': 0.24674944201251492, 'exit_head_compute_s': 0.0021570209646597505, 'exit_check_s': 0.00025437999283894897, 'worker_elapsed_s': 0.2496500470151659}], 'sample_id': 'balanced_005_0918_00009225', 'label': 5, 'correct': True, 'observed_utility': -0.24839394498849288}",balanced_005_0918_00009225,34,9225,0.46872615814208984,4637262832061755905,0.24967878899769858,2.8741982532665133e-05,0
0.0,0.24413818202447146,0.24413818202447146,0.2441670160042122,0.24413818202447146,1784947351.6770365,1784947350.9576712,1784947351.2076712,0.0,0.0,0.0,0.0,0.9996575117111206,0.0,ablate-end-only-resnet50-cifar10-pi5-r2-20260725-104212:v1,1,0.24413818202447146,unknown,0.0,0.0,0.0,0.0,0.0,"{'device': [0, 1, 2, 3, 4, 5, 6, 7, 8, 9, 10, 11, 12, 13, 14, 15, 16, 17, 18]}",19,final,device,True,6,1.0,5.0,1.0,0.2441670160042122,-0.220835080021061,6,a64d938c8622415fa8937105c9eafac4,35,"{'device_compute': 0.24413818202447146, 'd2e_transport': 0.0, 'edge_queue': 0.0, 'edge_segment_compute': 0.0, 'edge_exit_head_compute': 0.0, 'edge_exit_check': 0.0, 'e2c_transport': 0.0, 'cloud_queue': 0.0, 'cloud_segment_compute': 0.0, 'cloud_exit_head_compute': 0.0, 'cloud_exit_check': 0.0, 'total_latency': 0.2441670160042122, 'unattributed_overhead': 2.883397974073887e-05, 'request_id': 'a64d938c8622415fa8937105c9eafac4', 'user_id': 0, 'prediction': 6, 'exit_id': 'final', 'exit_boundary_id': 19, 'exit_location': 'device', 'confidence': 0.9996575117111206, 'executed_segments_by_node': {'device': [0, 1, 2, 3, 4, 5, 6, 7, 8, 9, 10, 11, 12, 13, 14, 15, 16, 17, 18]}, 'nodes': [{'node': 'device', 'executed_segments': [0, 1, 2, 3, 4, 5, 6, 7, 8, 9, 10, 11, 12, 13, 14, 15, 16, 17, 18], 'queue_s': 0.0, 'segment_compute_s': 0.24122385602095164, 'exit_head_compute_s': 0.0021718370262533426, 'exit_check_s': 0.0002564180176705122, 'worker_elapsed_s': 0.24413818202447146}], 'sample_id': 'balanced_006_0728_00007345', 'label': 6, 'correct': True, 'observed_utility': -0.220835080021061}",balanced_006_0728_00007345,35,7345,0.46936535835266113,4637262832061755905,0.2441670160042122,2.883397974073887e-05,0
0.0,0.24047338499804027,0.24047338499804027,0.240502386004664,0.24047338499804027,1784947351.980588,1784947351.2589886,1784947351.5089886,0.0,0.0,0.0,0.0,0.999543309211731,0.0,ablate-end-only-resnet50-cifar10-pi5-r2-20260725-104212:v1,1,0.24047338499804027,unknown,0.0,0.0,0.0,0.0,0.0,"{'device': [0, 1, 2, 3, 4, 5, 6, 7, 8, 9, 10, 11, 12, 13, 14, 15, 16, 17, 18]}",19,final,device,True,4,1.0,5.0,1.0,0.240502386004664,-0.20251193002332002,4,13f27a00837243fd8b388a119e168e6b,36,"{'device_compute': 0.24047338499804027, 'd2e_transport': 0.0, 'edge_queue': 0.0, 'edge_segment_compute': 0.0, 'edge_exit_head_compute': 0.0, 'edge_exit_check': 0.0, 'e2c_transport': 0.0, 'cloud_queue': 0.0, 'cloud_segment_compute': 0.0, 'cloud_exit_head_compute': 0.0, 'cloud_exit_check': 0.0, 'total_latency': 0.240502386004664, 'unattributed_overhead': 2.9001006623730063e-05, 'request_id': '13f27a00837243fd8b388a119e168e6b', 'user_id': 0, 'prediction': 4, 'exit_id': 'final', 'exit_boundary_id': 19, 'exit_location': 'device', 'confidence': 0.999543309211731, 'executed_segments_by_node': {'device': [0, 1, 2, 3, 4, 5, 6, 7, 8, 9, 10, 11, 12, 13, 14, 15, 16, 17, 18]}, 'nodes': [{'node': 'device', 'executed_segments': [0, 1, 2, 3, 4, 5, 6, 7, 8, 9, 10, 11, 12, 13, 14, 15, 16, 17, 18], 'queue_s': 0.0, 'segment_compute_s': 0.23755169002106413, 'exit_head_compute_s': 0.0021693379676435143, 'exit_check_s': 0.00026363899814896286, 'worker_elapsed_s': 0.24047338499804027}], 'sample_id': 'balanced_004_0310_00003119', 'label': 4, 'correct': True, 'observed_utility': -0.20251193002332002}",balanced_004_0310_00003119,36,3119,0.4715993404388428,4637262832061755905,0.240502386004664,2.9001006623730063e-05,0
0.0,0.24608871401869692,0.24608871401869692,0.24612497401540168,0.24608871401869692,1784947352.2348764,1784947351.515834,1784947351.765834,0.0,0.0,0.0,0.0,0.9963979721069336,0.0,ablate-end-only-resnet50-cifar10-pi5-r2-20260725-104212:v1,1,0.24608871401869692,unknown,0.0,0.0,0.0,0.0,0.0,"{'device': [0, 1, 2, 3, 4, 5, 6, 7, 8, 9, 10, 11, 12, 13, 14, 15, 16, 17, 18]}",19,final,device,True,9,1.0,5.0,1.0,0.24612497401540168,-0.23062487007700838,9,dbfb65c61ec44c9bb072317f29a56a62,37,"{'device_compute': 0.24608871401869692, 'd2e_transport': 0.0, 'edge_queue': 0.0, 'edge_segment_compute': 0.0, 'edge_exit_head_compute': 0.0, 'edge_exit_check': 0.0, 'e2c_transport': 0.0, 'cloud_queue': 0.0, 'cloud_segment_compute': 0.0, 'cloud_exit_head_compute': 0.0, 'cloud_exit_check': 0.0, 'total_latency': 0.24612497401540168, 'unattributed_overhead': 3.6259996704757214e-05, 'request_id': 'dbfb65c61ec44c9bb072317f29a56a62', 'user_id': 0, 'prediction': 9, 'exit_id': 'final', 'exit_boundary_id': 19, 'exit_location': 'device', 'confidence': 0.9963979721069336, 'executed_segments_by_node': {'device': [0, 1, 2, 3, 4, 5, 6, 7, 8, 9, 10, 11, 12, 13, 14, 15, 16, 17, 18]}, 'nodes': [{'node': 'device', 'executed_segments': [0, 1, 2, 3, 4, 5, 6, 7, 8, 9, 10, 11, 12, 13, 14, 15, 16, 17, 18], 'queue_s': 0.0, 'segment_compute_s': 0.2422462219838053, 'exit_head_compute_s': 0.0029797179740853608, 'exit_check_s': 0.0003075480053666979, 'worker_elapsed_s': 0.24608871401869692}], 'sample_id': 'balanced_009_0334_00003253', 'label': 9, 'correct': True, 'observed_utility': -0.23062487007700838}",balanced_009_0334_00003253,37,3253,0.4690423011779785,4637262832061755905,0.24612497401540168,3.6259996704757214e-05,0
0.0,0.24783127699629404,0.24783127699629404,0.2478598699963186,0.24783127699629404,1784947352.5008833,1784947351.7807052,1784947352.0307052,0.0,0.0,0.0,0.0,0.9999289512634277,0.0,ablate-end-only-resnet50-cifar10-pi5-r2-20260725-104212:v1,1,0.24783127699629404,unknown,0.0,0.0,0.0,0.0,0.0,"{'device': [0, 1, 2, 3, 4, 5, 6, 7, 8, 9, 10, 11, 12, 13, 14, 15, 16, 17, 18]}",19,final,device,True,1,1.0,5.0,1.0,0.2478598699963186,-0.23929934998159297,1,8434716fb1ca43a08dfb864e27efa8ff,38,"{'device_compute': 0.24783127699629404, 'd2e_transport': 0.0, 'edge_queue': 0.0, 'edge_segment_compute': 0.0, 'edge_exit_head_compute': 0.0, 'edge_exit_check': 0.0, 'e2c_transport': 0.0, 'cloud_queue': 0.0, 'cloud_segment_compute': 0.0, 'cloud_exit_head_compute': 0.0, 'cloud_exit_check': 0.0, 'total_latency': 0.2478598699963186, 'unattributed_overhead': 2.8593000024557114e-05, 'request_id': '8434716fb1ca43a08dfb864e27efa8ff', 'user_id': 0, 'prediction': 1, 'exit_id': 'final', 'exit_boundary_id': 19, 'exit_location': 'device', 'confidence': 0.9999289512634277, 'executed_segments_by_node': {'device': [0, 1, 2, 3, 4, 5, 6, 7, 8, 9, 10, 11, 12, 13, 14, 15, 16, 17, 18]}, 'nodes': [{'node': 'device', 'executed_segments': [0, 1, 2, 3, 4, 5, 6, 7, 8, 9, 10, 11, 12, 13, 14, 15, 16, 17, 18], 'queue_s': 0.0, 'segment_compute_s': 0.24388106088736095, 'exit_head_compute_s': 0.0032223190064541996, 'exit_check_s': 0.00024980498710647225, 'worker_elapsed_s': 0.24783127699629404}], 'sample_id': 'balanced_001_0371_00003814', 'label': 1, 'correct': True, 'observed_utility': -0.23929934998159297}",balanced_001_0371_00003814,38,3814,0.47017812728881836,4637262832061755905,0.2478598699963186,2.8593000024557114e-05,0
0.0,0.23370252599124797,0.23370252599124797,0.23373165700468235,0.23370252599124797,1784947352.8087327,1784947352.0885594,1784947352.3385594,0.0,0.0,0.0,0.0,0.9999908208847046,0.0,ablate-end-only-resnet50-cifar10-pi5-r2-20260725-104212:v1,1,0.23370252599124797,unknown,0.0,0.0,0.0,0.0,0.0,"{'device': [0, 1, 2, 3, 4, 5, 6, 7, 8, 9, 10, 11, 12, 13, 14, 15, 16, 17, 18]}",19,final,device,True,2,1.0,5.0,1.0,0.23373165700468235,-0.16865828502341174,2,aed53bfd47cb4d079a5d69549726b1d0,39,"{'device_compute': 0.23370252599124797, 'd2e_transport': 0.0, 'edge_queue': 0.0, 'edge_segment_compute': 0.0, 'edge_exit_head_compute': 0.0, 'edge_exit_check': 0.0, 'e2c_transport': 0.0, 'cloud_queue': 0.0, 'cloud_segment_compute': 0.0, 'cloud_exit_head_compute': 0.0, 'cloud_exit_check': 0.0, 'total_latency': 0.23373165700468235, 'unattributed_overhead': 2.9131013434380293e-05, 'request_id': 'aed53bfd47cb4d079a5d69549726b1d0', 'user_id': 0, 'prediction': 2, 'exit_id': 'final', 'exit_boundary_id': 19, 'exit_location': 'device', 'confidence': 0.9999908208847046, 'executed_segments_by_node': {'device': [0, 1, 2, 3, 4, 5, 6, 7, 8, 9, 10, 11, 12, 13, 14, 15, 16, 17, 18]}, 'nodes': [{'node': 'device', 'executed_segments': [0, 1, 2, 3, 4, 5, 6, 7, 8, 9, 10, 11, 12, 13, 14, 15, 16, 17, 18], 'queue_s': 0.0, 'segment_compute_s': 0.23073795708478428, 'exit_head_compute_s': 0.0021948379871901125, 'exit_check_s': 0.00025811998057179153, 'worker_elapsed_s': 0.23370252599124797}], 'sample_id': 'balanced_002_0946_00009462', 'label': 2, 'correct': True, 'observed_utility': -0.16865828502341174}",balanced_002_0946_00009462,39,9462,0.47017335891723633,4637262832061755905,0.23373165700468235,2.9131013434380293e-05,0
0.0,0.2448978000029456,0.2448978000029456,0.2449270419892855,0.2448978000029456,1784947353.059328,1784947352.3399696,1784947352.5899696,0.0,0.0,0.0,0.0,0.9985355138778687,0.0,ablate-end-only-resnet50-cifar10-pi5-r2-20260725-104212:v1,1,0.2448978000029456,unknown,0.0,0.0,0.0,0.0,0.0,"{'device': [0, 1, 2, 3, 4, 5, 6, 7, 8, 9, 10, 11, 12, 13, 14, 15, 16, 17, 18]}",19,final,device,True,1,1.0,5.0,1.0,0.2449270419892855,-0.2246352099464275,1,0cb1ab89ae8b4881bb6654a03a8ac094,40,"{'device_compute': 0.2448978000029456, 'd2e_transport': 0.0, 'edge_queue': 0.0, 'edge_segment_compute': 0.0, 'edge_exit_head_compute': 0.0, 'edge_exit_check': 0.0, 'e2c_transport': 0.0, 'cloud_queue': 0.0, 'cloud_segment_compute': 0.0, 'cloud_exit_head_compute': 0.0, 'cloud_exit_check': 0.0, 'total_latency': 0.2449270419892855, 'unattributed_overhead': 2.924198633991182e-05, 'request_id': '0cb1ab89ae8b4881bb6654a03a8ac094', 'user_id': 0, 'prediction': 1, 'exit_id': 'final', 'exit_boundary_id': 19, 'exit_location': 'device', 'confidence': 0.9985355138778687, 'executed_segments_by_node': {'device': [0, 1, 2, 3, 4, 5, 6, 7, 8, 9, 10, 11, 12, 13, 14, 15, 16, 17, 18]}, 'nodes': [{'node': 'device', 'executed_segments': [0, 1, 2, 3, 4, 5, 6, 7, 8, 9, 10, 11, 12, 13, 14, 15, 16, 17, 18], 'queue_s': 0.0, 'segment_compute_s': 0.24203095605480485, 'exit_head_compute_s': 0.002134705981006846, 'exit_check_s': 0.00024834301439113915, 'worker_elapsed_s': 0.2448978000029456}], 'sample_id': 'balanced_001_0294_00003039', 'label': 1, 'correct': True, 'observed_utility': -0.2246352099464275}",balanced_001_0294_00003039,40,3039,0.4693584442138672,4637262832061755905,0.2449270419892855,2.924198633991182e-05,0
0.0,0.25174685998354107,0.25174685998354107,0.25177674999576993,0.25174685998354107,1784947353.3209496,1784947352.6016068,1784947352.8516068,0.0,0.0,0.0,0.0,0.9999713897705078,0.0,ablate-end-only-resnet50-cifar10-pi5-r2-20260725-104212:v1,1,0.25174685998354107,unknown,0.0,0.0,0.0,0.0,0.0,"{'device': [0, 1, 2, 3, 4, 5, 6, 7, 8, 9, 10, 11, 12, 13, 14, 15, 16, 17, 18]}",19,final,device,True,8,1.0,5.0,1.0,0.25177674999576993,-0.25888374997884966,8,dceab587304149e19e1809cabc6b91a2,41,"{'device_compute': 0.25174685998354107, 'd2e_transport': 0.0, 'edge_queue': 0.0, 'edge_segment_compute': 0.0, 'edge_exit_head_compute': 0.0, 'edge_exit_check': 0.0, 'e2c_transport': 0.0, 'cloud_queue': 0.0, 'cloud_segment_compute': 0.0, 'cloud_exit_head_compute': 0.0, 'cloud_exit_check': 0.0, 'total_latency': 0.25177674999576993, 'unattributed_overhead': 2.989001222886145e-05, 'request_id': 'dceab587304149e19e1809cabc6b91a2', 'user_id': 0, 'prediction': 8, 'exit_id': 'final', 'exit_boundary_id': 19, 'exit_location': 'device', 'confidence': 0.9999713897705078, 'executed_segments_by_node': {'device': [0, 1, 2, 3, 4, 5, 6, 7, 8, 9, 10, 11, 12, 13, 14, 15, 16, 17, 18]}, 'nodes': [{'node': 'device', 'executed_segments': [0, 1, 2, 3, 4, 5, 6, 7, 8, 9, 10, 11, 12, 13, 14, 15, 16, 17, 18], 'queue_s': 0.0, 'segment_compute_s': 0.2457048280048184, 'exit_head_compute_s': 0.00528450304409489, 'exit_check_s': 0.0002625630295369774, 'worker_elapsed_s': 0.25174685998354107}], 'sample_id': 'balanced_008_0483_00004709', 'label': 8, 'correct': True, 'observed_utility': -0.25888374997884966}",balanced_008_0483_00004709,41,4709,0.4693427085876465,4637262832061755905,0.25177674999576993,2.989001222886145e-05,0
0.0,0.2588991530064959,0.2588991530064959,0.2589287100126967,0.2588991530064959,1784947353.6238968,1784947352.9003227,1784947353.1503227,0.0,0.0,0.0,0.0,0.9999998807907104,0.0,ablate-end-only-resnet50-cifar10-pi5-r2-20260725-104212:v1,1,0.2588991530064959,unknown,0.0,0.0,0.0,0.0,0.0,"{'device': [0, 1, 2, 3, 4, 5, 6, 7, 8, 9, 10, 11, 12, 13, 14, 15, 16, 17, 18]}",19,final,device,True,2,1.0,5.0,1.0,0.2589287100126967,-0.2946435500634834,2,aaf3b8a6b822437cbe61c5ca068e2068,42,"{'device_compute': 0.2588991530064959, 'd2e_transport': 0.0, 'edge_queue': 0.0, 'edge_segment_compute': 0.0, 'edge_exit_head_compute': 0.0, 'edge_exit_check': 0.0, 'e2c_transport': 0.0, 'cloud_queue': 0.0, 'cloud_segment_compute': 0.0, 'cloud_exit_head_compute': 0.0, 'cloud_exit_check': 0.0, 'total_latency': 0.2589287100126967, 'unattributed_overhead': 2.9557006200775504e-05, 'request_id': 'aaf3b8a6b822437cbe61c5ca068e2068', 'user_id': 0, 'prediction': 2, 'exit_id': 'final', 'exit_boundary_id': 19, 'exit_location': 'device', 'confidence': 0.9999998807907104, 'executed_segments_by_node': {'device': [0, 1, 2, 3, 4, 5, 6, 7, 8, 9, 10, 11, 12, 13, 14, 15, 16, 17, 18]}, 'nodes': [{'node': 'device', 'executed_segments': [0, 1, 2, 3, 4, 5, 6, 7, 8, 9, 10, 11, 12, 13, 14, 15, 16, 17, 18], 'queue_s': 0.0, 'segment_compute_s': 0.25427028597914614, 'exit_head_compute_s': 0.0038754160050302744, 'exit_check_s': 0.00025980599457398057, 'worker_elapsed_s': 0.2588991530064959}], 'sample_id': 'balanced_002_0373_00003573', 'label': 2, 'correct': True, 'observed_utility': -0.2946435500634834}",balanced_002_0373_00003573,42,3573,0.473574161529541,4637262832061755905,0.2589287100126967,2.9557006200775504e-05,0
0.0,0.2614655820070766,0.2614655820070766,0.2614938600163441,0.2614655820070766,1784947353.9276414,1784947353.2093205,1784947353.4593205,0.0,0.0,0.0,0.0,0.9999861717224121,0.0,ablate-end-only-resnet50-cifar10-pi5-r2-20260725-104212:v1,1,0.2614655820070766,unknown,0.0,0.0,0.0,0.0,0.0,"{'device': [0, 1, 2, 3, 4, 5, 6, 7, 8, 9, 10, 11, 12, 13, 14, 15, 16, 17, 18]}",19,final,device,True,8,1.0,5.0,1.0,0.2614938600163441,-0.3074693000817206,8,4119d2bb5e434cb896d0552be67aa354,43,"{'device_compute': 0.2614655820070766, 'd2e_transport': 0.0, 'edge_queue': 0.0, 'edge_segment_compute': 0.0, 'edge_exit_head_compute': 0.0, 'edge_exit_check': 0.0, 'e2c_transport': 0.0, 'cloud_queue': 0.0, 'cloud_segment_compute': 0.0, 'cloud_exit_head_compute': 0.0, 'cloud_exit_check': 0.0, 'total_latency': 0.2614938600163441, 'unattributed_overhead': 2.8278009267523885e-05, 'request_id': '4119d2bb5e434cb896d0552be67aa354', 'user_id': 0, 'prediction': 8, 'exit_id': 'final', 'exit_boundary_id': 19, 'exit_location': 'device', 'confidence': 0.9999861717224121, 'executed_segments_by_node': {'device': [0, 1, 2, 3, 4, 5, 6, 7, 8, 9, 10, 11, 12, 13, 14, 15, 16, 17, 18]}, 'nodes': [{'node': 'device', 'executed_segments': [0, 1, 2, 3, 4, 5, 6, 7, 8, 9, 10, 11, 12, 13, 14, 15, 16, 17, 18], 'queue_s': 0.0, 'segment_compute_s': 0.25753817803342827, 'exit_head_compute_s': 0.0031666859867982566, 'exit_check_s': 0.0002685659856069833, 'worker_elapsed_s': 0.2614655820070766}], 'sample_id': 'balanced_008_0040_00000337', 'label': 8, 'correct': True, 'observed_utility': -0.3074693000817206}",balanced_008_0040_00000337,43,337,0.4683208465576172,4637262832061755905,0.2614938600163441,2.8278009267523885e-05,0
0.0,0.2670768320094794,0.2670768320094794,0.2671060739958193,0.2670768320094794,1784947354.2385118,1784947353.5195105,1784947353.7695105,0.0,0.0,0.0,0.0,0.9993945360183716,0.0,ablate-end-only-resnet50-cifar10-pi5-r2-20260725-104212:v1,1,0.2670768320094794,unknown,0.0,0.0,0.0,0.0,0.0,"{'device': [0, 1, 2, 3, 4, 5, 6, 7, 8, 9, 10, 11, 12, 13, 14, 15, 16, 17, 18]}",19,final,device,True,4,1.0,5.0,1.0,0.2671060739958193,-0.3355303699790966,4,8f16f1514adb444d94f095f56a85ebba,44,"{'device_compute': 0.2670768320094794, 'd2e_transport': 0.0, 'edge_queue': 0.0, 'edge_segment_compute': 0.0, 'edge_exit_head_compute': 0.0, 'edge_exit_check': 0.0, 'e2c_transport': 0.0, 'cloud_queue': 0.0, 'cloud_segment_compute': 0.0, 'cloud_exit_head_compute': 0.0, 'cloud_exit_check': 0.0, 'total_latency': 0.2671060739958193, 'unattributed_overhead': 2.924198633991182e-05, 'request_id': '8f16f1514adb444d94f095f56a85ebba', 'user_id': 0, 'prediction': 4, 'exit_id': 'final', 'exit_boundary_id': 19, 'exit_location': 'device', 'confidence': 0.9993945360183716, 'executed_segments_by_node': {'device': [0, 1, 2, 3, 4, 5, 6, 7, 8, 9, 10, 11, 12, 13, 14, 15, 16, 17, 18]}, 'nodes': [{'node': 'device', 'executed_segments': [0, 1, 2, 3, 4, 5, 6, 7, 8, 9, 10, 11, 12, 13, 14, 15, 16, 17, 18], 'queue_s': 0.0, 'segment_compute_s': 0.26333084498764947, 'exit_head_compute_s': 0.0029733649862464517, 'exit_check_s': 0.00027071399381384254, 'worker_elapsed_s': 0.2670768320094794}], 'sample_id': 'balanced_004_0380_00003757', 'label': 4, 'correct': True, 'observed_utility': -0.3355303699790966}",balanced_004_0380_00003757,44,3757,0.46900129318237305,4637262832061755905,0.2671060739958193,2.924198633991182e-05,0
0.0,0.2497646769916173,0.2497646769916173,0.24979360401630402,0.2497646769916173,1784947354.5478394,1784947353.823649,1784947354.073649,0.0,0.0,0.0,0.0,0.99803227186203,0.0,ablate-end-only-resnet50-cifar10-pi5-r2-20260725-104212:v1,1,0.2497646769916173,unknown,0.0,0.0,0.0,0.0,0.0,"{'device': [0, 1, 2, 3, 4, 5, 6, 7, 8, 9, 10, 11, 12, 13, 14, 15, 16, 17, 18]}",19,final,device,True,3,1.0,5.0,1.0,0.24979360401630402,-0.24896802008152008,3,d9e0fd65cce54d3094bf145b081d694b,45,"{'device_compute': 0.2497646769916173, 'd2e_transport': 0.0, 'edge_queue': 0.0, 'edge_segment_compute': 0.0, 'edge_exit_head_compute': 0.0, 'edge_exit_check': 0.0, 'e2c_transport': 0.0, 'cloud_queue': 0.0, 'cloud_segment_compute': 0.0, 'cloud_exit_head_compute': 0.0, 'cloud_exit_check': 0.0, 'total_latency': 0.24979360401630402, 'unattributed_overhead': 2.8927024686709046e-05, 'request_id': 'd9e0fd65cce54d3094bf145b081d694b', 'user_id': 0, 'prediction': 3, 'exit_id': 'final', 'exit_boundary_id': 19, 'exit_location': 'device', 'confidence': 0.99803227186203, 'executed_segments_by_node': {'device': [0, 1, 2, 3, 4, 5, 6, 7, 8, 9, 10, 11, 12, 13, 14, 15, 16, 17, 18]}, 'nodes': [{'node': 'device', 'executed_segments': [0, 1, 2, 3, 4, 5, 6, 7, 8, 9, 10, 11, 12, 13, 14, 15, 16, 17, 18], 'queue_s': 0.0, 'segment_compute_s': 0.2455517469206825, 'exit_head_compute_s': 0.0034678090014494956, 'exit_check_s': 0.0002671940019354224, 'worker_elapsed_s': 0.2497646769916173}], 'sample_id': 'balanced_003_0167_00001625', 'label': 3, 'correct': True, 'observed_utility': -0.24896802008152008}",balanced_003_0167_00001625,45,1625,0.47419047355651855,4637262832061755905,0.24979360401630402,2.8927024686709046e-05,0
0.0,0.24484088202007115,0.24484088202007115,0.24486973500461318,0.24484088202007115,1784947354.8534865,1784947354.1344447,1784947354.3844447,0.0,0.0,0.0,0.0,0.9923778772354126,0.0,ablate-end-only-resnet50-cifar10-pi5-r2-20260725-104212:v1,1,0.24484088202007115,unknown,0.0,0.0,0.0,0.0,0.0,"{'device': [0, 1, 2, 3, 4, 5, 6, 7, 8, 9, 10, 11, 12, 13, 14, 15, 16, 17, 18]}",19,final,device,True,2,1.0,5.0,1.0,0.24486973500461318,-0.22434867502306588,2,b584ad966a3f4f9e9ee5d882038f48f1,46,"{'device_compute': 0.24484088202007115, 'd2e_transport': 0.0, 'edge_queue': 0.0, 'edge_segment_compute': 0.0, 'edge_exit_head_compute': 0.0, 'edge_exit_check': 0.0, 'e2c_transport': 0.0, 'cloud_queue': 0.0, 'cloud_segment_compute': 0.0, 'cloud_exit_head_compute': 0.0, 'cloud_exit_check': 0.0, 'total_latency': 0.24486973500461318, 'unattributed_overhead': 2.8852984542027116e-05, 'request_id': 'b584ad966a3f4f9e9ee5d882038f48f1', 'user_id': 0, 'prediction': 2, 'exit_id': 'final', 'exit_boundary_id': 19, 'exit_location': 'device', 'confidence': 0.9923778772354126, 'executed_segments_by_node': {'device': [0, 1, 2, 3, 4, 5, 6, 7, 8, 9, 10, 11, 12, 13, 14, 15, 16, 17, 18]}, 'nodes': [{'node': 'device', 'executed_segments': [0, 1, 2, 3, 4, 5, 6, 7, 8, 9, 10, 11, 12, 13, 14, 15, 16, 17, 18], 'queue_s': 0.0, 'segment_compute_s': 0.2419174069946166, 'exit_head_compute_s': 0.002173984976252541, 'exit_check_s': 0.0002469899773132056, 'worker_elapsed_s': 0.24484088202007115}], 'sample_id': 'balanced_002_0979_00009793', 'label': 2, 'correct': True, 'observed_utility': -0.22434867502306588}",balanced_002_0979_00009793,46,9793,0.4690418243408203,4637262832061755905,0.24486973500461318,2.8852984542027116e-05,0
0.0,0.24728997601778246,0.24728997601778246,0.24731903200154193,0.24728997601778246,1784947355.162804,1784947354.4433553,1784947354.6933553,0.0,0.0,0.0,0.0,0.999998927116394,0.0,ablate-end-only-resnet50-cifar10-pi5-r2-20260725-104212:v1,1,0.24728997601778246,unknown,0.0,0.0,0.0,0.0,0.0,"{'device': [0, 1, 2, 3, 4, 5, 6, 7, 8, 9, 10, 11, 12, 13, 14, 15, 16, 17, 18]}",19,final,device,True,7,1.0,5.0,1.0,0.24731903200154193,-0.23659516000770964,7,466b8003dc8c4a93aebffc25c665e92c,47,"{'device_compute': 0.24728997601778246, 'd2e_transport': 0.0, 'edge_queue': 0.0, 'edge_segment_compute': 0.0, 'edge_exit_head_compute': 0.0, 'edge_exit_check': 0.0, 'e2c_transport': 0.0, 'cloud_queue': 0.0, 'cloud_segment_compute': 0.0, 'cloud_exit_head_compute': 0.0, 'cloud_exit_check': 0.0, 'total_latency': 0.24731903200154193, 'unattributed_overhead': 2.9055983759462833e-05, 'request_id': '466b8003dc8c4a93aebffc25c665e92c', 'user_id': 0, 'prediction': 7, 'exit_id': 'final', 'exit_boundary_id': 19, 'exit_location': 'device', 'confidence': 0.999998927116394, 'executed_segments_by_node': {'device': [0, 1, 2, 3, 4, 5, 6, 7, 8, 9, 10, 11, 12, 13, 14, 15, 16, 17, 18]}, 'nodes': [{'node': 'device', 'executed_segments': [0, 1, 2, 3, 4, 5, 6, 7, 8, 9, 10, 11, 12, 13, 14, 15, 16, 17, 18], 'queue_s': 0.0, 'segment_compute_s': 0.2427500560588669, 'exit_head_compute_s': 0.003788820031331852, 'exit_check_s': 0.0002665649517439306, 'worker_elapsed_s': 0.24728997601778246}], 'sample_id': 'balanced_007_0143_00001473', 'label': 7, 'correct': True, 'observed_utility': -0.23659516000770964}",balanced_007_0143_00001473,47,1473,0.4694485664367676,4637262832061755905,0.24731903200154193,2.9055983759462833e-05,0
0.0,0.24813211601576768,0.24813211601576768,0.2481599879974965,0.24813211601576768,1784947355.4668114,1784947354.7471437,1784947354.9971437,0.0,0.0,0.0,0.0,0.9999971389770508,0.0,ablate-end-only-resnet50-cifar10-pi5-r2-20260725-104212:v1,1,0.24813211601576768,unknown,0.0,0.0,0.0,0.0,0.0,"{'device': [0, 1, 2, 3, 4, 5, 6, 7, 8, 9, 10, 11, 12, 13, 14, 15, 16, 17, 18]}",19,final,device,True,0,1.0,5.0,1.0,0.2481599879974965,-0.2407999399874825,0,b16dbcc17dea456aa7369636a085221d,48,"{'device_compute': 0.24813211601576768, 'd2e_transport': 0.0, 'edge_queue': 0.0, 'edge_segment_compute': 0.0, 'edge_exit_head_compute': 0.0, 'edge_exit_check': 0.0, 'e2c_transport': 0.0, 'cloud_queue': 0.0, 'cloud_segment_compute': 0.0, 'cloud_exit_head_compute': 0.0, 'cloud_exit_check': 0.0, 'total_latency': 0.2481599879974965, 'unattributed_overhead': 2.7871981728821993e-05, 'request_id': 'b16dbcc17dea456aa7369636a085221d', 'user_id': 0, 'prediction': 0, 'exit_id': 'final', 'exit_boundary_id': 19, 'exit_location': 'device', 'confidence': 0.9999971389770508, 'executed_segments_by_node': {'device': [0, 1, 2, 3, 4, 5, 6, 7, 8, 9, 10, 11, 12, 13, 14, 15, 16, 17, 18]}, 'nodes': [{'node': 'device', 'executed_segments': [0, 1, 2, 3, 4, 5, 6, 7, 8, 9, 10, 11, 12, 13, 14, 15, 16, 17, 18], 'queue_s': 0.0, 'segment_compute_s': 0.2444543720339425, 'exit_head_compute_s': 0.002935883996542543, 'exit_check_s': 0.00025910098338499665, 'worker_elapsed_s': 0.24813211601576768}], 'sample_id': 'balanced_000_0083_00000847', 'label': 0, 'correct': True, 'observed_utility': -0.2407999399874825}",balanced_000_0083_00000847,48,847,0.4696676731109619,4637262832061755905,0.2481599879974965,2.7871981728821993e-05,0
0.0,0.24709744798019528,0.24709744798019528,0.2471268939843867,0.24709744798019528,1784947355.7752192,1784947355.056082,1784947355.306082,0.0,0.0,0.0,0.0,0.9999450445175171,0.0,ablate-end-only-resnet50-cifar10-pi5-r2-20260725-104212:v1,1,0.24709744798019528,unknown,0.0,0.0,0.0,0.0,0.0,"{'device': [0, 1, 2, 3, 4, 5, 6, 7, 8, 9, 10, 11, 12, 13, 14, 15, 16, 17, 18]}",19,final,device,True,6,1.0,5.0,1.0,0.2471268939843867,-0.2356344699219335,6,175ce25435f14a33ab593961e8c092cb,49,"{'device_compute': 0.24709744798019528, 'd2e_transport': 0.0, 'edge_queue': 0.0, 'edge_segment_compute': 0.0, 'edge_exit_head_compute': 0.0, 'edge_exit_check': 0.0, 'e2c_transport': 0.0, 'cloud_queue': 0.0, 'cloud_segment_compute': 0.0, 'cloud_exit_head_compute': 0.0, 'cloud_exit_check': 0.0, 'total_latency': 0.2471268939843867, 'unattributed_overhead': 2.9446004191413522e-05, 'request_id': '175ce25435f14a33ab593961e8c092cb', 'user_id': 0, 'prediction': 6, 'exit_id': 'final', 'exit_boundary_id': 19, 'exit_location': 'device', 'confidence': 0.9999450445175171, 'executed_segments_by_node': {'device': [0, 1, 2, 3, 4, 5, 6, 7, 8, 9, 10, 11, 12, 13, 14, 15, 16, 17, 18]}, 'nodes': [{'node': 'device', 'executed_segments': [0, 1, 2, 3, 4, 5, 6, 7, 8, 9, 10, 11, 12, 13, 14, 15, 16, 17, 18], 'queue_s': 0.0, 'segment_compute_s': 0.24308477001613937, 'exit_head_compute_s': 0.0032701159943826497, 'exit_check_s': 0.00026848999550566077, 'worker_elapsed_s': 0.24709744798019528}], 'sample_id': 'balanced_006_0800_00008134', 'label': 6, 'correct': True, 'observed_utility': -0.2356344699219335}",balanced_006_0800_00008134,49,8134,0.46913719177246094,4637262832061755905,0.2471268939843867,2.9446004191413522e-05,0
0.0,0.25552797099226154,0.25552797099226154,0.2555572309938725,0.25552797099226154,1784947356.0875154,1784947355.3620794,1784947355.6120794,0.0,0.0,0.0,0.0,0.9990881681442261,0.0,ablate-end-only-resnet50-cifar10-pi5-r2-20260725-104212:v1,1,0.25552797099226154,unknown,0.0,0.0,0.0,0.0,0.0,"{'device': [0, 1, 2, 3, 4, 5, 6, 7, 8, 9, 10, 11, 12, 13, 14, 15, 16, 17, 18]}",19,final,device,True,5,1.0,5.0,1.0,0.2555572309938725,-0.27778615496936254,5,4f54bb50fd5e4f028645a1a3225b757d,50,"{'device_compute': 0.25552797099226154, 'd2e_transport': 0.0, 'edge_queue': 0.0, 'edge_segment_compute': 0.0, 'edge_exit_head_compute': 0.0, 'edge_exit_check': 0.0, 'e2c_transport': 0.0, 'cloud_queue': 0.0, 'cloud_segment_compute': 0.0, 'cloud_exit_head_compute': 0.0, 'cloud_exit_check': 0.0, 'total_latency': 0.2555572309938725, 'unattributed_overhead': 2.9260001610964537e-05, 'request_id': '4f54bb50fd5e4f028645a1a3225b757d', 'user_id': 0, 'prediction': 5, 'exit_id': 'final', 'exit_boundary_id': 19, 'exit_location': 'device', 'confidence': 0.9990881681442261, 'executed_segments_by_node': {'device': [0, 1, 2, 3, 4, 5, 6, 7, 8, 9, 10, 11, 12, 13, 14, 15, 16, 17, 18]}, 'nodes': [{'node': 'device', 'executed_segments': [0, 1, 2, 3, 4, 5, 6, 7, 8, 9, 10, 11, 12, 13, 14, 15, 16, 17, 18], 'queue_s': 0.0, 'segment_compute_s': 0.25168890695204027, 'exit_head_compute_s': 0.003069699974730611, 'exit_check_s': 0.0002808620047289878, 'worker_elapsed_s': 0.25552797099226154}], 'sample_id': 'balanced_005_0961_00009622', 'label': 5, 'correct': True, 'observed_utility': -0.27778615496936254}",balanced_005_0961_00009622,50,9622,0.4754359722137451,4637262832061755905,0.2555572309938725,2.9260001610964537e-05,0
0.0,0.2424210979952477,0.2424210979952477,0.24245074699865654,0.2424210979952477,1784947356.3837836,1784947355.6632395,1784947355.9132395,0.0,0.0,0.0,0.0,0.9999516010284424,0.0,ablate-end-only-resnet50-cifar10-pi5-r2-20260725-104212:v1,1,0.2424210979952477,unknown,0.0,0.0,0.0,0.0,0.0,"{'device': [0, 1, 2, 3, 4, 5, 6, 7, 8, 9, 10, 11, 12, 13, 14, 15, 16, 17, 18]}",19,final,device,True,7,1.0,5.0,1.0,0.24245074699865654,-0.2122537349932827,7,d7380b9e5d474a06b0253f02d7577010,51,"{'device_compute': 0.2424210979952477, 'd2e_transport': 0.0, 'edge_queue': 0.0, 'edge_segment_compute': 0.0, 'edge_exit_head_compute': 0.0, 'edge_exit_check': 0.0, 'e2c_transport': 0.0, 'cloud_queue': 0.0, 'cloud_segment_compute': 0.0, 'cloud_exit_head_compute': 0.0, 'cloud_exit_check': 0.0, 'total_latency': 0.24245074699865654, 'unattributed_overhead': 2.964900340884924e-05, 'request_id': 'd7380b9e5d474a06b0253f02d7577010', 'user_id': 0, 'prediction': 7, 'exit_id': 'final', 'exit_boundary_id': 19, 'exit_location': 'device', 'confidence': 0.9999516010284424, 'executed_segments_by_node': {'device': [0, 1, 2, 3, 4, 5, 6, 7, 8, 9, 10, 11, 12, 13, 14, 15, 16, 17, 18]}, 'nodes': [{'node': 'device', 'executed_segments': [0, 1, 2, 3, 4, 5, 6, 7, 8, 9, 10, 11, 12, 13, 14, 15, 16, 17, 18], 'queue_s': 0.0, 'segment_compute_s': 0.2395296030153986, 'exit_head_compute_s': 0.002137925970600918, 'exit_check_s': 0.00026764001813717186, 'worker_elapsed_s': 0.2424210979952477}], 'sample_id': 'balanced_007_0115_00001170', 'label': 7, 'correct': True, 'observed_utility': -0.2122537349932827}",balanced_007_0115_00001170,51,1170,0.47054409980773926,4637262832061755905,0.24245074699865654,2.964900340884924e-05,0
0.0,0.25459612399572507,0.25459612399572507,0.25462495800456963,0.25459612399572507,1784947356.6887226,1784947355.9246325,1784947356.1746325,0.0,0.0,0.0,0.0,0.9999881982803345,0.0,ablate-end-only-resnet50-cifar10-pi5-r2-20260725-104212:v1,1,0.25459612399572507,unknown,0.0,0.0,0.0,0.0,0.0,"{'device': [0, 1, 2, 3, 4, 5, 6, 7, 8, 9, 10, 11, 12, 13, 14, 15, 16, 17, 18]}",19,final,device,True,5,1.0,5.0,1.0,0.25462495800456963,-0.2731247900228482,5,e50229830f6744bdb51635ccd0a5a85c,52,"{'device_compute': 0.25459612399572507, 'd2e_transport': 0.0, 'edge_queue': 0.0, 'edge_segment_compute': 0.0, 'edge_exit_head_compute': 0.0, 'edge_exit_check': 0.0, 'e2c_transport': 0.0, 'cloud_queue': 0.0, 'cloud_segment_compute': 0.0, 'cloud_exit_head_compute': 0.0, 'cloud_exit_check': 0.0, 'total_latency': 0.25462495800456963, 'unattributed_overhead': 2.8834008844569325e-05, 'request_id': 'e50229830f6744bdb51635ccd0a5a85c', 'user_id': 0, 'prediction': 5, 'exit_id': 'final', 'exit_boundary_id': 19, 'exit_location': 'device', 'confidence': 0.9999881982803345, 'executed_segments_by_node': {'device': [0, 1, 2, 3, 4, 5, 6, 7, 8, 9, 10, 11, 12, 13, 14, 15, 16, 17, 18]}, 'nodes': [{'node': 'device', 'executed_segments': [0, 1, 2, 3, 4, 5, 6, 7, 8, 9, 10, 11, 12, 13, 14, 15, 16, 17, 18], 'queue_s': 0.0, 'segment_compute_s': 0.251696614024695, 'exit_head_compute_s': 0.0021622999920509756, 'exit_check_s': 0.0002517680113669485, 'worker_elapsed_s': 0.25459612399572507}], 'sample_id': 'balanced_005_0474_00004915', 'label': 5, 'correct': True, 'observed_utility': -0.2731247900228482}",balanced_005_0474_00004915,52,4915,0.5140900611877441,4637262832061755905,0.25462495800456963,2.8834008844569325e-05,0
0.0,0.24215638398891315,0.24215638398891315,0.24218588499934413,0.24215638398891315,1784947357.008361,1784947356.2888875,1784947356.5388875,0.0,0.0,0.0,0.0,0.999988317489624,0.0,ablate-end-only-resnet50-cifar10-pi5-r2-20260725-104212:v1,1,0.24215638398891315,unknown,0.0,0.0,0.0,0.0,0.0,"{'device': [0, 1, 2, 3, 4, 5, 6, 7, 8, 9, 10, 11, 12, 13, 14, 15, 16, 17, 18]}",19,final,device,True,6,1.0,5.0,1.0,0.24218588499934413,-0.21092942499672063,6,925570b5600c4c25b7da71969d6f5d96,53,"{'device_compute': 0.24215638398891315, 'd2e_transport': 0.0, 'edge_queue': 0.0, 'edge_segment_compute': 0.0, 'edge_exit_head_compute': 0.0, 'edge_exit_check': 0.0, 'e2c_transport': 0.0, 'cloud_queue': 0.0, 'cloud_segment_compute': 0.0, 'cloud_exit_head_compute': 0.0, 'cloud_exit_check': 0.0, 'total_latency': 0.24218588499934413, 'unattributed_overhead': 2.950101043097675e-05, 'request_id': '925570b5600c4c25b7da71969d6f5d96', 'user_id': 0, 'prediction': 6, 'exit_id': 'final', 'exit_boundary_id': 19, 'exit_location': 'device', 'confidence': 0.999988317489624, 'executed_segments_by_node': {'device': [0, 1, 2, 3, 4, 5, 6, 7, 8, 9, 10, 11, 12, 13, 14, 15, 16, 17, 18]}, 'nodes': [{'node': 'device', 'executed_segments': [0, 1, 2, 3, 4, 5, 6, 7, 8, 9, 10, 11, 12, 13, 14, 15, 16, 17, 18], 'queue_s': 0.0, 'segment_compute_s': 0.23845923598855734, 'exit_head_compute_s': 0.0029476769850589335, 'exit_check_s': 0.00026847299886867404, 'worker_elapsed_s': 0.24215638398891315}], 'sample_id': 'balanced_006_0220_00002053', 'label': 6, 'correct': True, 'observed_utility': -0.21092942499672063}",balanced_006_0220_00002053,53,2053,0.46947360038757324,4637262832061755905,0.24218588499934413,2.950101043097675e-05,0
0.0,0.2706308570050169,0.2706308570050169,0.2706602280086372,0.2706308570050169,1784947357.3148527,1784947356.5848897,1784947356.8348897,0.0,0.0,0.0,0.0,0.9999223947525024,0.0,ablate-end-only-resnet50-cifar10-pi5-r2-20260725-104212:v1,1,0.2706308570050169,unknown,0.0,0.0,0.0,0.0,0.0,"{'device': [0, 1, 2, 3, 4, 5, 6, 7, 8, 9, 10, 11, 12, 13, 14, 15, 16, 17, 18]}",19,final,device,True,3,1.0,5.0,1.0,0.2706602280086372,-0.353301140043186,3,862fab6895a24f54b1c1328d96afa262,54,"{'device_compute': 0.2706308570050169, 'd2e_transport': 0.0, 'edge_queue': 0.0, 'edge_segment_compute': 0.0, 'edge_exit_head_compute': 0.0, 'edge_exit_check': 0.0, 'e2c_transport': 0.0, 'cloud_queue': 0.0, 'cloud_segment_compute': 0.0, 'cloud_exit_head_compute': 0.0, 'cloud_exit_check': 0.0, 'total_latency': 0.2706602280086372, 'unattributed_overhead': 2.937100362032652e-05, 'request_id': '862fab6895a24f54b1c1328d96afa262', 'user_id': 0, 'prediction': 3, 'exit_id': 'final', 'exit_boundary_id': 19, 'exit_location': 'device', 'confidence': 0.9999223947525024, 'executed_segments_by_node': {'device': [0, 1, 2, 3, 4, 5, 6, 7, 8, 9, 10, 11, 12, 13, 14, 15, 16, 17, 18]}, 'nodes': [{'node': 'device', 'executed_segments': [0, 1, 2, 3, 4, 5, 6, 7, 8, 9, 10, 11, 12, 13, 14, 15, 16, 17, 18], 'queue_s': 0.0, 'segment_compute_s': 0.2674506670446135, 'exit_head_compute_s': 0.00244197400752455, 'exit_check_s': 0.00025836098939180374, 'worker_elapsed_s': 0.2706308570050169}], 'sample_id': 'balanced_003_0147_00001445', 'label': 3, 'correct': True, 'observed_utility': -0.353301140043186}",balanced_003_0147_00001445,54,1445,0.4799630641937256,4637262832061755905,0.2706602280086372,2.937100362032652e-05,0
0.0,0.24153456499334425,0.24153456499334425,0.24156325199874118,0.24153456499334425,1784947357.6289098,1784947356.902984,1784947357.152984,0.0,0.0,0.0,0.0,0.9995493292808533,0.0,ablate-end-only-resnet50-cifar10-pi5-r2-20260725-104212:v1,1,0.24153456499334425,unknown,0.0,0.0,0.0,0.0,0.0,"{'device': [0, 1, 2, 3, 4, 5, 6, 7, 8, 9, 10, 11, 12, 13, 14, 15, 16, 17, 18]}",19,final,device,True,0,1.0,5.0,1.0,0.24156325199874118,-0.2078162599937059,0,b0d5573c7b7b49cf9ec1046b35e3ca5b,55,"{'device_compute': 0.24153456499334425, 'd2e_transport': 0.0, 'edge_queue': 0.0, 'edge_segment_compute': 0.0, 'edge_exit_head_compute': 0.0, 'edge_exit_check': 0.0, 'e2c_transport': 0.0, 'cloud_queue': 0.0, 'cloud_segment_compute': 0.0, 'cloud_exit_head_compute': 0.0, 'cloud_exit_check': 0.0, 'total_latency': 0.24156325199874118, 'unattributed_overhead': 2.8687005396932364e-05, 'request_id': 'b0d5573c7b7b49cf9ec1046b35e3ca5b', 'user_id': 0, 'prediction': 0, 'exit_id': 'final', 'exit_boundary_id': 19, 'exit_location': 'device', 'confidence': 0.9995493292808533, 'executed_segments_by_node': {'device': [0, 1, 2, 3, 4, 5, 6, 7, 8, 9, 10, 11, 12, 13, 14, 15, 16, 17, 18]}, 'nodes': [{'node': 'device', 'executed_segments': [0, 1, 2, 3, 4, 5, 6, 7, 8, 9, 10, 11, 12, 13, 14, 15, 16, 17, 18], 'queue_s': 0.0, 'segment_compute_s': 0.23793116107117385, 'exit_head_compute_s': 0.002868340990971774, 'exit_check_s': 0.0002537500695325434, 'worker_elapsed_s': 0.24153456499334425}], 'sample_id': 'balanced_000_0816_00008063', 'label': 0, 'correct': True, 'observed_utility': -0.2078162599937059}",balanced_000_0816_00008063,55,8063,0.47592592239379883,4637262832061755905,0.24156325199874118,2.8687005396932364e-05,0
0.0,0.23964887400506996,0.23964887400506996,0.23967793100746349,0.23964887400506996,1784947357.9315202,1784947357.207961,1784947357.457961,0.0,0.0,0.0,0.0,0.9999972581863403,0.0,ablate-end-only-resnet50-cifar10-pi5-r2-20260725-104212:v1,1,0.23964887400506996,unknown,0.0,0.0,0.0,0.0,0.0,"{'device': [0, 1, 2, 3, 4, 5, 6, 7, 8, 9, 10, 11, 12, 13, 14, 15, 16, 17, 18]}",19,final,device,True,7,1.0,5.0,1.0,0.23967793100746349,-0.19838965503731743,7,ab8190e2ee714773abc6e4a60c6d9d50,56,"{'device_compute': 0.23964887400506996, 'd2e_transport': 0.0, 'edge_queue': 0.0, 'edge_segment_compute': 0.0, 'edge_exit_head_compute': 0.0, 'edge_exit_check': 0.0, 'e2c_transport': 0.0, 'cloud_queue': 0.0, 'cloud_segment_compute': 0.0, 'cloud_exit_head_compute': 0.0, 'cloud_exit_check': 0.0, 'total_latency': 0.23967793100746349, 'unattributed_overhead': 2.905700239352882e-05, 'request_id': 'ab8190e2ee714773abc6e4a60c6d9d50', 'user_id': 0, 'prediction': 7, 'exit_id': 'final', 'exit_boundary_id': 19, 'exit_location': 'device', 'confidence': 0.9999972581863403, 'executed_segments_by_node': {'device': [0, 1, 2, 3, 4, 5, 6, 7, 8, 9, 10, 11, 12, 13, 14, 15, 16, 17, 18]}, 'nodes': [{'node': 'device', 'executed_segments': [0, 1, 2, 3, 4, 5, 6, 7, 8, 9, 10, 11, 12, 13, 14, 15, 16, 17, 18], 'queue_s': 0.0, 'segment_compute_s': 0.23589511413592845, 'exit_head_compute_s': 0.0029972170013934374, 'exit_check_s': 0.0002673439448699355, 'worker_elapsed_s': 0.23964887400506996}], 'sample_id': 'balanced_007_0800_00008004', 'label': 7, 'correct': True, 'observed_utility': -0.19838965503731743}",balanced_007_0800_00008004,56,8004,0.4735591411590576,4637262832061755905,0.23967793100746349,2.905700239352882e-05,0
0.0,0.25369132799096406,0.25369132799096406,0.25372010699356906,0.25369132799096406,1784947358.2383802,1784947357.5169494,1784947357.7669494,0.0,0.0,0.0,0.0,0.9923163652420044,0.0,ablate-end-only-resnet50-cifar10-pi5-r2-20260725-104212:v1,1,0.25369132799096406,unknown,0.0,0.0,0.0,0.0,0.0,"{'device': [0, 1, 2, 3, 4, 5, 6, 7, 8, 9, 10, 11, 12, 13, 14, 15, 16, 17, 18]}",19,final,device,True,2,1.0,5.0,1.0,0.25372010699356906,-0.2686005349678453,2,5f635eba982f47ff9bb3b9e36a1dbde2,57,"{'device_compute': 0.25369132799096406, 'd2e_transport': 0.0, 'edge_queue': 0.0, 'edge_segment_compute': 0.0, 'edge_exit_head_compute': 0.0, 'edge_exit_check': 0.0, 'e2c_transport': 0.0, 'cloud_queue': 0.0, 'cloud_segment_compute': 0.0, 'cloud_exit_head_compute': 0.0, 'cloud_exit_check': 0.0, 'total_latency': 0.25372010699356906, 'unattributed_overhead': 2.87790026050061e-05, 'request_id': '5f635eba982f47ff9bb3b9e36a1dbde2', 'user_id': 0, 'prediction': 2, 'exit_id': 'final', 'exit_boundary_id': 19, 'exit_location': 'device', 'confidence': 0.9923163652420044, 'executed_segments_by_node': {'device': [0, 1, 2, 3, 4, 5, 6, 7, 8, 9, 10, 11, 12, 13, 14, 15, 16, 17, 18]}, 'nodes': [{'node': 'device', 'executed_segments': [0, 1, 2, 3, 4, 5, 6, 7, 8, 9, 10, 11, 12, 13, 14, 15, 16, 17, 18], 'queue_s': 0.0, 'segment_compute_s': 0.250028328911867, 'exit_head_compute_s': 0.0029150839836802334, 'exit_check_s': 0.000264397996943444, 'worker_elapsed_s': 0.25369132799096406}], 'sample_id': 'balanced_002_0852_00008493', 'label': 2, 'correct': True, 'observed_utility': -0.2686005349678453}",balanced_002_0852_00008493,57,8493,0.47143077850341797,4637262832061755905,0.25372010699356906,2.87790026050061e-05,0
0.0,0.24221494101220742,0.24221494101220742,0.24224421998951584,0.24221494101220742,1784947358.573285,1784947357.8536906,1784947358.1036906,0.0,0.0,0.0,0.0,0.9999339580535889,0.0,ablate-end-only-resnet50-cifar10-pi5-r2-20260725-104212:v1,1,0.24221494101220742,unknown,0.0,0.0,0.0,0.0,0.0,"{'device': [0, 1, 2, 3, 4, 5, 6, 7, 8, 9, 10, 11, 12, 13, 14, 15, 16, 17, 18]}",19,final,device,True,6,1.0,5.0,1.0,0.24224421998951584,-0.2112210999475792,6,6ac55380ccca4e05b754effdb0791a17,58,"{'device_compute': 0.24221494101220742, 'd2e_transport': 0.0, 'edge_queue': 0.0, 'edge_segment_compute': 0.0, 'edge_exit_head_compute': 0.0, 'edge_exit_check': 0.0, 'e2c_transport': 0.0, 'cloud_queue': 0.0, 'cloud_segment_compute': 0.0, 'cloud_exit_head_compute': 0.0, 'cloud_exit_check': 0.0, 'total_latency': 0.24224421998951584, 'unattributed_overhead': 2.9278977308422327e-05, 'request_id': '6ac55380ccca4e05b754effdb0791a17', 'user_id': 0, 'prediction': 6, 'exit_id': 'final', 'exit_boundary_id': 19, 'exit_location': 'device', 'confidence': 0.9999339580535889, 'executed_segments_by_node': {'device': [0, 1, 2, 3, 4, 5, 6, 7, 8, 9, 10, 11, 12, 13, 14, 15, 16, 17, 18]}, 'nodes': [{'node': 'device', 'executed_segments': [0, 1, 2, 3, 4, 5, 6, 7, 8, 9, 10, 11, 12, 13, 14, 15, 16, 17, 18], 'queue_s': 0.0, 'segment_compute_s': 0.2392628000525292, 'exit_head_compute_s': 0.0022151150042191148, 'exit_check_s': 0.0002552490623202175, 'worker_elapsed_s': 0.24221494101220742}], 'sample_id': 'balanced_006_0508_00005139', 'label': 6, 'correct': True, 'observed_utility': -0.2112210999475792}",balanced_006_0508_00005139,58,5139,0.46959447860717773,4637262832061755905,0.24224421998951584,2.9278977308422327e-05,0
0.0,0.2545112749794498,0.2545112749794498,0.25454094298765995,0.2545112749794498,1784947358.8482845,1784947358.124532,1784947358.374532,0.0,0.0,0.0,0.0,0.999900221824646,0.0,ablate-end-only-resnet50-cifar10-pi5-r2-20260725-104212:v1,1,0.2545112749794498,unknown,0.0,0.0,0.0,0.0,0.0,"{'device': [0, 1, 2, 3, 4, 5, 6, 7, 8, 9, 10, 11, 12, 13, 14, 15, 16, 17, 18]}",19,final,device,True,1,1.0,5.0,1.0,0.25454094298765995,-0.27270471493829973,1,56980f786f164397824d821c166a6639,59,"{'device_compute': 0.2545112749794498, 'd2e_transport': 0.0, 'edge_queue': 0.0, 'edge_segment_compute': 0.0, 'edge_exit_head_compute': 0.0, 'edge_exit_check': 0.0, 'e2c_transport': 0.0, 'cloud_queue': 0.0, 'cloud_segment_compute': 0.0, 'cloud_exit_head_compute': 0.0, 'cloud_exit_check': 0.0, 'total_latency': 0.25454094298765995, 'unattributed_overhead': 2.9668008210137486e-05, 'request_id': '56980f786f164397824d821c166a6639', 'user_id': 0, 'prediction': 1, 'exit_id': 'final', 'exit_boundary_id': 19, 'exit_location': 'device', 'confidence': 0.999900221824646, 'executed_segments_by_node': {'device': [0, 1, 2, 3, 4, 5, 6, 7, 8, 9, 10, 11, 12, 13, 14, 15, 16, 17, 18]}, 'nodes': [{'node': 'device', 'executed_segments': [0, 1, 2, 3, 4, 5, 6, 7, 8, 9, 10, 11, 12, 13, 14, 15, 16, 17, 18], 'queue_s': 0.0, 'segment_compute_s': 0.250501835020259, 'exit_head_compute_s': 0.0032469490251969546, 'exit_check_s': 0.0002691950066946447, 'worker_elapsed_s': 0.2545112749794498}], 'sample_id': 'balanced_001_0957_00009601', 'label': 1, 'correct': True, 'observed_utility': -0.27270471493829973}",balanced_001_0957_00009601,59,9601,0.473752498626709,4637262832061755905,0.25454094298765995,2.9668008210137486e-05,0
0.0,0.24098423001123592,0.24098423001123592,0.24101304600480944,0.24098423001123592,1784947359.1513212,1784947358.4308026,1784947358.6808026,0.0,0.0,0.0,0.0,0.9998446702957153,0.0,ablate-end-only-resnet50-cifar10-pi5-r2-20260725-104212:v1,1,0.24098423001123592,unknown,0.0,0.0,0.0,0.0,0.0,"{'device': [0, 1, 2, 3, 4, 5, 6, 7, 8, 9, 10, 11, 12, 13, 14, 15, 16, 17, 18]}",19,final,device,True,2,1.0,5.0,1.0,0.24101304600480944,-0.2050652300240472,2,7dea051f51f046f2a1f9515e0b252ba6,60,"{'device_compute': 0.24098423001123592, 'd2e_transport': 0.0, 'edge_queue': 0.0, 'edge_segment_compute': 0.0, 'edge_exit_head_compute': 0.0, 'edge_exit_check': 0.0, 'e2c_transport': 0.0, 'cloud_queue': 0.0, 'cloud_segment_compute': 0.0, 'cloud_exit_head_compute': 0.0, 'cloud_exit_check': 0.0, 'total_latency': 0.24101304600480944, 'unattributed_overhead': 2.8815993573516607e-05, 'request_id': '7dea051f51f046f2a1f9515e0b252ba6', 'user_id': 0, 'prediction': 2, 'exit_id': 'final', 'exit_boundary_id': 19, 'exit_location': 'device', 'confidence': 0.9998446702957153, 'executed_segments_by_node': {'device': [0, 1, 2, 3, 4, 5, 6, 7, 8, 9, 10, 11, 12, 13, 14, 15, 16, 17, 18]}, 'nodes': [{'node': 'device', 'executed_segments': [0, 1, 2, 3, 4, 5, 6, 7, 8, 9, 10, 11, 12, 13, 14, 15, 16, 17, 18], 'queue_s': 0.0, 'segment_compute_s': 0.23802729396265931, 'exit_head_compute_s': 0.002194817003328353, 'exit_check_s': 0.00025519297923892736, 'worker_elapsed_s': 0.24098423001123592}], 'sample_id': 'balanced_002_0414_00003907', 'label': 2, 'correct': True, 'observed_utility': -0.2050652300240472}",balanced_002_0414_00003907,60,3907,0.4705185890197754,4637262832061755905,0.24101304600480944,2.8815993573516607e-05,0
0.0,0.2540507660014555,0.2540507660014555,0.2540800820279401,0.2540507660014555,1784947359.4546714,1784947358.692037,1784947358.942037,0.0,0.0,0.0,0.0,0.9999970197677612,0.0,ablate-end-only-resnet50-cifar10-pi5-r2-20260725-104212:v1,1,0.2540507660014555,unknown,0.0,0.0,0.0,0.0,0.0,"{'device': [0, 1, 2, 3, 4, 5, 6, 7, 8, 9, 10, 11, 12, 13, 14, 15, 16, 17, 18]}",19,final,device,True,9,1.0,5.0,1.0,0.2540800820279401,-0.2704004101397004,9,2ba0d7be6680489da9825f882c01fc2f,61,"{'device_compute': 0.2540507660014555, 'd2e_transport': 0.0, 'edge_queue': 0.0, 'edge_segment_compute': 0.0, 'edge_exit_head_compute': 0.0, 'edge_exit_check': 0.0, 'e2c_transport': 0.0, 'cloud_queue': 0.0, 'cloud_segment_compute': 0.0, 'cloud_exit_head_compute': 0.0, 'cloud_exit_check': 0.0, 'total_latency': 0.2540800820279401, 'unattributed_overhead': 2.931602648459375e-05, 'request_id': '2ba0d7be6680489da9825f882c01fc2f', 'user_id': 0, 'prediction': 9, 'exit_id': 'final', 'exit_boundary_id': 19, 'exit_location': 'device', 'confidence': 0.9999970197677612, 'executed_segments_by_node': {'device': [0, 1, 2, 3, 4, 5, 6, 7, 8, 9, 10, 11, 12, 13, 14, 15, 16, 17, 18]}, 'nodes': [{'node': 'device', 'executed_segments': [0, 1, 2, 3, 4, 5, 6, 7, 8, 9, 10, 11, 12, 13, 14, 15, 16, 17, 18], 'queue_s': 0.0, 'segment_compute_s': 0.2510158420773223, 'exit_head_compute_s': 0.002215005020843819, 'exit_check_s': 0.0002695829898584634, 'worker_elapsed_s': 0.2540507660014555}], 'sample_id': 'balanced_009_0954_00009545', 'label': 9, 'correct': True, 'observed_utility': -0.2704004101397004}",balanced_009_0954_00009545,61,9545,0.51263427734375,4637262832061755905,0.2540800820279401,2.931602648459375e-05,0
0.0,0.25385529300547205,0.25385529300547205,0.25388483100687154,0.25385529300547205,1784947359.774849,1784947359.053568,1784947359.303568,0.0,0.0,0.0,0.0,0.9999212026596069,0.0,ablate-end-only-resnet50-cifar10-pi5-r2-20260725-104212:v1,1,0.25385529300547205,unknown,0.0,0.0,0.0,0.0,0.0,"{'device': [0, 1, 2, 3, 4, 5, 6, 7, 8, 9, 10, 11, 12, 13, 14, 15, 16, 17, 18]}",19,final,device,True,8,1.0,5.0,1.0,0.25388483100687154,-0.2694241550343577,8,ba518bf722f8457ebb81f428b3181ddd,62,"{'device_compute': 0.25385529300547205, 'd2e_transport': 0.0, 'edge_queue': 0.0, 'edge_segment_compute': 0.0, 'edge_exit_head_compute': 0.0, 'edge_exit_check': 0.0, 'e2c_transport': 0.0, 'cloud_queue': 0.0, 'cloud_segment_compute': 0.0, 'cloud_exit_head_compute': 0.0, 'cloud_exit_check': 0.0, 'total_latency': 0.25388483100687154, 'unattributed_overhead': 2.9538001399487257e-05, 'request_id': 'ba518bf722f8457ebb81f428b3181ddd', 'user_id': 0, 'prediction': 8, 'exit_id': 'final', 'exit_boundary_id': 19, 'exit_location': 'device', 'confidence': 0.9999212026596069, 'executed_segments_by_node': {'device': [0, 1, 2, 3, 4, 5, 6, 7, 8, 9, 10, 11, 12, 13, 14, 15, 16, 17, 18]}, 'nodes': [{'node': 'device', 'executed_segments': [0, 1, 2, 3, 4, 5, 6, 7, 8, 9, 10, 11, 12, 13, 14, 15, 16, 17, 18], 'queue_s': 0.0, 'segment_compute_s': 0.2509434149833396, 'exit_head_compute_s': 0.0021725020196754485, 'exit_check_s': 0.00025436104624532163, 'worker_elapsed_s': 0.25385529300547205}], 'sample_id': 'balanced_008_0419_00004095', 'label': 8, 'correct': True, 'observed_utility': -0.2694241550343577}",balanced_008_0419_00004095,62,4095,0.4712810516357422,4637262832061755905,0.25388483100687154,2.9538001399487257e-05,0
0.0,0.24419404598302208,0.24419404598302208,0.2442236210044939,0.24419404598302208,1784947360.0814133,1784947359.3605034,1784947359.6105034,0.0,0.0,0.0,0.0,0.9998194575309753,0.0,ablate-end-only-resnet50-cifar10-pi5-r2-20260725-104212:v1,1,0.24419404598302208,unknown,0.0,0.0,0.0,0.0,0.0,"{'device': [0, 1, 2, 3, 4, 5, 6, 7, 8, 9, 10, 11, 12, 13, 14, 15, 16, 17, 18]}",19,final,device,True,0,1.0,5.0,1.0,0.2442236210044939,-0.22111810502246954,0,eff169ebeb06423c8630ecef469ab784,63,"{'device_compute': 0.24419404598302208, 'd2e_transport': 0.0, 'edge_queue': 0.0, 'edge_segment_compute': 0.0, 'edge_exit_head_compute': 0.0, 'edge_exit_check': 0.0, 'e2c_transport': 0.0, 'cloud_queue': 0.0, 'cloud_segment_compute': 0.0, 'cloud_exit_head_compute': 0.0, 'cloud_exit_check': 0.0, 'total_latency': 0.2442236210044939, 'unattributed_overhead': 2.9575021471828222e-05, 'request_id': 'eff169ebeb06423c8630ecef469ab784', 'user_id': 0, 'prediction': 0, 'exit_id': 'final', 'exit_boundary_id': 19, 'exit_location': 'device', 'confidence': 0.9998194575309753, 'executed_segments_by_node': {'device': [0, 1, 2, 3, 4, 5, 6, 7, 8, 9, 10, 11, 12, 13, 14, 15, 16, 17, 18]}, 'nodes': [{'node': 'device', 'executed_segments': [0, 1, 2, 3, 4, 5, 6, 7, 8, 9, 10, 11, 12, 13, 14, 15, 16, 17, 18], 'queue_s': 0.0, 'segment_compute_s': 0.24066718397079967, 'exit_head_compute_s': 0.00277761701727286, 'exit_check_s': 0.00026612001238390803, 'worker_elapsed_s': 0.24419404598302208}], 'sample_id': 'balanced_000_0812_00008043', 'label': 0, 'correct': True, 'observed_utility': -0.22111810502246954}",balanced_000_0812_00008043,63,8043,0.47090983390808105,4637262832061755905,0.2442236210044939,2.9575021471828222e-05,0
0.0,0.2504058580088895,0.2504058580088895,0.25043487700168043,0.2504058580088895,1784947360.3973887,1784947359.6747978,1784947359.9247978,0.0,0.0,0.0,0.0,0.999995231628418,0.0,ablate-end-only-resnet50-cifar10-pi5-r2-20260725-104212:v1,1,0.2504058580088895,unknown,0.0,0.0,0.0,0.0,0.0,"{'device': [0, 1, 2, 3, 4, 5, 6, 7, 8, 9, 10, 11, 12, 13, 14, 15, 16, 17, 18]}",19,final,device,True,5,1.0,5.0,1.0,0.25043487700168043,-0.25217438500840217,5,aabbada5d3a246bc8b50242b99ec50d7,64,"{'device_compute': 0.2504058580088895, 'd2e_transport': 0.0, 'edge_queue': 0.0, 'edge_segment_compute': 0.0, 'edge_exit_head_compute': 0.0, 'edge_exit_check': 0.0, 'e2c_transport': 0.0, 'cloud_queue': 0.0, 'cloud_segment_compute': 0.0, 'cloud_exit_head_compute': 0.0, 'cloud_exit_check': 0.0, 'total_latency': 0.25043487700168043, 'unattributed_overhead': 2.9018992790952325e-05, 'request_id': 'aabbada5d3a246bc8b50242b99ec50d7', 'user_id': 0, 'prediction': 5, 'exit_id': 'final', 'exit_boundary_id': 19, 'exit_location': 'device', 'confidence': 0.999995231628418, 'executed_segments_by_node': {'device': [0, 1, 2, 3, 4, 5, 6, 7, 8, 9, 10, 11, 12, 13, 14, 15, 16, 17, 18]}, 'nodes': [{'node': 'device', 'executed_segments': [0, 1, 2, 3, 4, 5, 6, 7, 8, 9, 10, 11, 12, 13, 14, 15, 16, 17, 18], 'queue_s': 0.0, 'segment_compute_s': 0.24590178896323778, 'exit_head_compute_s': 0.003761521977139637, 'exit_check_s': 0.00026074997731484473, 'worker_elapsed_s': 0.2504058580088895}], 'sample_id': 'balanced_005_0862_00008505', 'label': 5, 'correct': True, 'observed_utility': -0.25217438500840217}",balanced_005_0862_00008505,64,8505,0.47259092330932617,4637262832061755905,0.25043487700168043,2.9018992790952325e-05,0
0.0,0.2503739499952644,0.2503739499952644,0.25040311698103324,0.2503739499952644,1784947360.6888974,1784947359.9692266,1784947360.2192266,0.0,0.0,0.0,0.0,0.9986792206764221,0.0,ablate-end-only-resnet50-cifar10-pi5-r2-20260725-104212:v1,1,0.2503739499952644,unknown,0.0,0.0,0.0,0.0,0.0,"{'device': [0, 1, 2, 3, 4, 5, 6, 7, 8, 9, 10, 11, 12, 13, 14, 15, 16, 17, 18]}",19,final,device,True,0,1.0,5.0,1.0,0.25040311698103324,-0.2520155849051662,0,bd52f8ce1bbd4384b0cc45f0ac30fb3b,65,"{'device_compute': 0.2503739499952644, 'd2e_transport': 0.0, 'edge_queue': 0.0, 'edge_segment_compute': 0.0, 'edge_exit_head_compute': 0.0, 'edge_exit_check': 0.0, 'e2c_transport': 0.0, 'cloud_queue': 0.0, 'cloud_segment_compute': 0.0, 'cloud_exit_head_compute': 0.0, 'cloud_exit_check': 0.0, 'total_latency': 0.25040311698103324, 'unattributed_overhead': 2.9166985768824816e-05, 'request_id': 'bd52f8ce1bbd4384b0cc45f0ac30fb3b', 'user_id': 0, 'prediction': 0, 'exit_id': 'final', 'exit_boundary_id': 19, 'exit_location': 'device', 'confidence': 0.9986792206764221, 'executed_segments_by_node': {'device': [0, 1, 2, 3, 4, 5, 6, 7, 8, 9, 10, 11, 12, 13, 14, 15, 16, 17, 18]}, 'nodes': [{'node': 'device', 'executed_segments': [0, 1, 2, 3, 4, 5, 6, 7, 8, 9, 10, 11, 12, 13, 14, 15, 16, 17, 18], 'queue_s': 0.0, 'segment_compute_s': 0.24640247694333084, 'exit_head_compute_s': 0.00322066800436005, 'exit_check_s': 0.0002611030067782849, 'worker_elapsed_s': 0.2503739499952644}], 'sample_id': 'balanced_000_0752_00007533', 'label': 0, 'correct': True, 'observed_utility': -0.2520155849051662}",balanced_000_0752_00007533,65,7533,0.46967077255249023,4637262832061755905,0.25040311698103324,2.9166985768824816e-05,0
0.0,0.24977042697719298,0.24977042697719298,0.24979992798762396,0.24977042697719298,1784947361.002871,1784947360.282625,1784947360.532625,0.0,0.0,0.0,0.0,0.9986782670021057,0.0,ablate-end-only-resnet50-cifar10-pi5-r2-20260725-104212:v1,1,0.24977042697719298,unknown,0.0,0.0,0.0,0.0,0.0,"{'device': [0, 1, 2, 3, 4, 5, 6, 7, 8, 9, 10, 11, 12, 13, 14, 15, 16, 17, 18]}",19,final,device,True,5,1.0,5.0,1.0,0.24979992798762396,-0.2489996399381198,5,954ad270f95547729f10a6400f461fab,66,"{'device_compute': 0.24977042697719298, 'd2e_transport': 0.0, 'edge_queue': 0.0, 'edge_segment_compute': 0.0, 'edge_exit_head_compute': 0.0, 'edge_exit_check': 0.0, 'e2c_transport': 0.0, 'cloud_queue': 0.0, 'cloud_segment_compute': 0.0, 'cloud_exit_head_compute': 0.0, 'cloud_exit_check': 0.0, 'total_latency': 0.24979992798762396, 'unattributed_overhead': 2.950101043097675e-05, 'request_id': '954ad270f95547729f10a6400f461fab', 'user_id': 0, 'prediction': 5, 'exit_id': 'final', 'exit_boundary_id': 19, 'exit_location': 'device', 'confidence': 0.9986782670021057, 'executed_segments_by_node': {'device': [0, 1, 2, 3, 4, 5, 6, 7, 8, 9, 10, 11, 12, 13, 14, 15, 16, 17, 18]}, 'nodes': [{'node': 'device', 'executed_segments': [0, 1, 2, 3, 4, 5, 6, 7, 8, 9, 10, 11, 12, 13, 14, 15, 16, 17, 18], 'queue_s': 0.0, 'segment_compute_s': 0.24687158706365153, 'exit_head_compute_s': 0.0021659469639416784, 'exit_check_s': 0.00025115604512393475, 'worker_elapsed_s': 0.24977042697719298}], 'sample_id': 'balanced_005_0790_00007779', 'label': 5, 'correct': True, 'observed_utility': -0.2489996399381198}",balanced_005_0790_00007779,66,7779,0.4702460765838623,4637262832061755905,0.24979992798762396,2.950101043097675e-05,0
0.0,0.25232892399071716,0.25232892399071716,0.25235779499053024,0.25232892399071716,1784947361.3187637,1784947360.5963147,1784947360.8463147,0.0,0.0,0.0,0.0,0.9273517727851868,0.0,ablate-end-only-resnet50-cifar10-pi5-r2-20260725-104212:v1,1,0.25232892399071716,unknown,0.0,0.0,0.0,0.0,0.0,"{'device': [0, 1, 2, 3, 4, 5, 6, 7, 8, 9, 10, 11, 12, 13, 14, 15, 16, 17, 18]}",19,final,device,True,8,1.0,5.0,1.0,0.25235779499053024,-0.2617889749526512,8,be130454eb5c49a599dcca13fdd2bb77,67,"{'device_compute': 0.25232892399071716, 'd2e_transport': 0.0, 'edge_queue': 0.0, 'edge_segment_compute': 0.0, 'edge_exit_head_compute': 0.0, 'edge_exit_check': 0.0, 'e2c_transport': 0.0, 'cloud_queue': 0.0, 'cloud_segment_compute': 0.0, 'cloud_exit_head_compute': 0.0, 'cloud_exit_check': 0.0, 'total_latency': 0.25235779499053024, 'unattributed_overhead': 2.8870999813079834e-05, 'request_id': 'be130454eb5c49a599dcca13fdd2bb77', 'user_id': 0, 'prediction': 8, 'exit_id': 'final', 'exit_boundary_id': 19, 'exit_location': 'device', 'confidence': 0.9273517727851868, 'executed_segments_by_node': {'device': [0, 1, 2, 3, 4, 5, 6, 7, 8, 9, 10, 11, 12, 13, 14, 15, 16, 17, 18]}, 'nodes': [{'node': 'device', 'executed_segments': [0, 1, 2, 3, 4, 5, 6, 7, 8, 9, 10, 11, 12, 13, 14, 15, 16, 17, 18], 'queue_s': 0.0, 'segment_compute_s': 0.24933561604120769, 'exit_head_compute_s': 0.002195261011365801, 'exit_check_s': 0.00030804701964370906, 'worker_elapsed_s': 0.25232892399071716}], 'sample_id': 'balanced_008_0945_00009466', 'label': 8, 'correct': True, 'observed_utility': -0.2617889749526512}",balanced_008_0945_00009466,67,9466,0.47244906425476074,4637262832061755905,0.25235779499053024,2.8870999813079834e-05,0
0.0,0.2524140200112015,0.2524140200112015,0.25244261301122606,0.2524140200112015,1784947361.611082,1784947360.891792,1784947361.141792,0.0,0.0,0.0,0.0,0.8375479578971863,0.0,ablate-end-only-resnet50-cifar10-pi5-r2-20260725-104212:v1,1,0.2524140200112015,unknown,0.0,0.0,0.0,0.0,0.0,"{'device': [0, 1, 2, 3, 4, 5, 6, 7, 8, 9, 10, 11, 12, 13, 14, 15, 16, 17, 18]}",19,final,device,True,3,1.0,5.0,1.0,0.25244261301122606,-0.2622130650561303,3,4ea48131a7c740719a5ce2fbbd0b6c70,68,"{'device_compute': 0.2524140200112015, 'd2e_transport': 0.0, 'edge_queue': 0.0, 'edge_segment_compute': 0.0, 'edge_exit_head_compute': 0.0, 'edge_exit_check': 0.0, 'e2c_transport': 0.0, 'cloud_queue': 0.0, 'cloud_segment_compute': 0.0, 'cloud_exit_head_compute': 0.0, 'cloud_exit_check': 0.0, 'total_latency': 0.25244261301122606, 'unattributed_overhead': 2.8593000024557114e-05, 'request_id': '4ea48131a7c740719a5ce2fbbd0b6c70', 'user_id': 0, 'prediction': 3, 'exit_id': 'final', 'exit_boundary_id': 19, 'exit_location': 'device', 'confidence': 0.8375479578971863, 'executed_segments_by_node': {'device': [0, 1, 2, 3, 4, 5, 6, 7, 8, 9, 10, 11, 12, 13, 14, 15, 16, 17, 18]}, 'nodes': [{'node': 'device', 'executed_segments': [0, 1, 2, 3, 4, 5, 6, 7, 8, 9, 10, 11, 12, 13, 14, 15, 16, 17, 18], 'queue_s': 0.0, 'segment_compute_s': 0.24875876100850292, 'exit_head_compute_s': 0.002933806972578168, 'exit_check_s': 0.0002471389889251441, 'worker_elapsed_s': 0.2524140200112015}], 'sample_id': 'balanced_003_0972_00009666', 'label': 3, 'correct': True, 'observed_utility': -0.2622130650561303}",balanced_003_0972_00009666,68,9666,0.46929001808166504,4637262832061755905,0.25244261301122606,2.8593000024557114e-05,0
0.0,0.2481383940030355,0.2481383940030355,0.2481675060116686,0.2481383940030355,1784947361.921795,1784947361.200628,1784947361.450628,0.0,0.0,0.0,0.0,0.9999316930770874,0.0,ablate-end-only-resnet50-cifar10-pi5-r2-20260725-104212:v1,1,0.2481383940030355,unknown,0.0,0.0,0.0,0.0,0.0,"{'device': [0, 1, 2, 3, 4, 5, 6, 7, 8, 9, 10, 11, 12, 13, 14, 15, 16, 17, 18]}",19,final,device,True,2,1.0,5.0,1.0,0.2481675060116686,-0.24083753005834296,2,2ec6475e3fa849aeafb8b6acef6ab9f2,69,"{'device_compute': 0.2481383940030355, 'd2e_transport': 0.0, 'edge_queue': 0.0, 'edge_segment_compute': 0.0, 'edge_exit_head_compute': 0.0, 'edge_exit_check': 0.0, 'e2c_transport': 0.0, 'cloud_queue': 0.0, 'cloud_segment_compute': 0.0, 'cloud_exit_head_compute': 0.0, 'cloud_exit_check': 0.0, 'total_latency': 0.2481675060116686, 'unattributed_overhead': 2.9112008633092046e-05, 'request_id': '2ec6475e3fa849aeafb8b6acef6ab9f2', 'user_id': 0, 'prediction': 2, 'exit_id': 'final', 'exit_boundary_id': 19, 'exit_location': 'device', 'confidence': 0.9999316930770874, 'executed_segments_by_node': {'device': [0, 1, 2, 3, 4, 5, 6, 7, 8, 9, 10, 11, 12, 13, 14, 15, 16, 17, 18]}, 'nodes': [{'node': 'device', 'executed_segments': [0, 1, 2, 3, 4, 5, 6, 7, 8, 9, 10, 11, 12, 13, 14, 15, 16, 17, 18], 'queue_s': 0.0, 'segment_compute_s': 0.24522957002045587, 'exit_head_compute_s': 0.0021661680075339973, 'exit_check_s': 0.0002591560478322208, 'worker_elapsed_s': 0.2481383940030355}], 'sample_id': 'balanced_002_0268_00002564', 'label': 2, 'correct': True, 'observed_utility': -0.24083753005834296}",balanced_002_0268_00002564,69,2564,0.47116684913635254,4637262832061755905,0.2481675060116686,2.9112008633092046e-05,0
0.0,0.2605698599945754,0.2605698599945754,0.2606067870219704,0.2605698599945754,1784947362.2268298,1784947361.5035648,1784947361.7535648,0.0,0.0,0.0,0.0,0.8375608921051025,0.0,ablate-end-only-resnet50-cifar10-pi5-r2-20260725-104212:v1,1,0.2605698599945754,unknown,0.0,0.0,0.0,0.0,0.0,"{'device': [0, 1, 2, 3, 4, 5, 6, 7, 8, 9, 10, 11, 12, 13, 14, 15, 16, 17, 18]}",19,final,device,True,3,1.0,5.0,1.0,0.2606067870219704,-0.3030339351098519,3,be521a4bdf7c4f3d8911aab1cb24c829,70,"{'device_compute': 0.2605698599945754, 'd2e_transport': 0.0, 'edge_queue': 0.0, 'edge_segment_compute': 0.0, 'edge_exit_head_compute': 0.0, 'edge_exit_check': 0.0, 'e2c_transport': 0.0, 'cloud_queue': 0.0, 'cloud_segment_compute': 0.0, 'cloud_exit_head_compute': 0.0, 'cloud_exit_check': 0.0, 'total_latency': 0.2606067870219704, 'unattributed_overhead': 3.692702739499509e-05, 'request_id': 'be521a4bdf7c4f3d8911aab1cb24c829', 'user_id': 0, 'prediction': 3, 'exit_id': 'final', 'exit_boundary_id': 19, 'exit_location': 'device', 'confidence': 0.8375608921051025, 'executed_segments_by_node': {'device': [0, 1, 2, 3, 4, 5, 6, 7, 8, 9, 10, 11, 12, 13, 14, 15, 16, 17, 18]}, 'nodes': [{'node': 'device', 'executed_segments': [0, 1, 2, 3, 4, 5, 6, 7, 8, 9, 10, 11, 12, 13, 14, 15, 16, 17, 18], 'queue_s': 0.0, 'segment_compute_s': 0.2575517539808061, 'exit_head_compute_s': 0.002213854982983321, 'exit_check_s': 0.0002802499511744827, 'worker_elapsed_s': 0.2605698599945754}], 'sample_id': 'balanced_003_0630_00006283', 'label': 3, 'correct': True, 'observed_utility': -0.3030339351098519}",balanced_003_0630_00006283,70,6283,0.4732649326324463,4637262832061755905,0.2606067870219704,3.692702739499509e-05,0
0.0,0.24517559798550792,0.24517559798550792,0.24520471098367125,0.24517559798550792,1784947362.5314286,1784947361.8119342,1784947362.0619342,0.0,0.0,0.0,0.0,0.9999982118606567,0.0,ablate-end-only-resnet50-cifar10-pi5-r2-20260725-104212:v1,1,0.24517559798550792,unknown,0.0,0.0,0.0,0.0,0.0,"{'device': [0, 1, 2, 3, 4, 5, 6, 7, 8, 9, 10, 11, 12, 13, 14, 15, 16, 17, 18]}",19,final,device,True,7,1.0,5.0,1.0,0.24520471098367125,-0.22602355491835624,7,330d86d4b22c4b7883afcb20f562355a,71,"{'device_compute': 0.24517559798550792, 'd2e_transport': 0.0, 'edge_queue': 0.0, 'edge_segment_compute': 0.0, 'edge_exit_head_compute': 0.0, 'edge_exit_check': 0.0, 'e2c_transport': 0.0, 'cloud_queue': 0.0, 'cloud_segment_compute': 0.0, 'cloud_exit_head_compute': 0.0, 'cloud_exit_check': 0.0, 'total_latency': 0.24520471098367125, 'unattributed_overhead': 2.9112998163327575e-05, 'request_id': '330d86d4b22c4b7883afcb20f562355a', 'user_id': 0, 'prediction': 7, 'exit_id': 'final', 'exit_boundary_id': 19, 'exit_location': 'device', 'confidence': 0.9999982118606567, 'executed_segments_by_node': {'device': [0, 1, 2, 3, 4, 5, 6, 7, 8, 9, 10, 11, 12, 13, 14, 15, 16, 17, 18]}, 'nodes': [{'node': 'device', 'executed_segments': [0, 1, 2, 3, 4, 5, 6, 7, 8, 9, 10, 11, 12, 13, 14, 15, 16, 17, 18], 'queue_s': 0.0, 'segment_compute_s': 0.24223092108150013, 'exit_head_compute_s': 0.002193669992266223, 'exit_check_s': 0.0002613799588289112, 'worker_elapsed_s': 0.24517559798550792}], 'sample_id': 'balanced_007_0280_00002908', 'label': 7, 'correct': True, 'observed_utility': -0.22602355491835624}",balanced_007_0280_00002908,71,2908,0.4694943428039551,4637262832061755905,0.24520471098367125,2.9112998163327575e-05,0
0.0,0.25359518302138895,0.25359518302138895,0.2536245540250093,0.25359518302138895,1784947362.834097,1784947362.114829,1784947362.364829,0.0,0.0,0.0,0.0,0.9999992847442627,0.0,ablate-end-only-resnet50-cifar10-pi5-r2-20260725-104212:v1,1,0.25359518302138895,unknown,0.0,0.0,0.0,0.0,0.0,"{'device': [0, 1, 2, 3, 4, 5, 6, 7, 8, 9, 10, 11, 12, 13, 14, 15, 16, 17, 18]}",19,final,device,True,7,1.0,5.0,1.0,0.2536245540250093,-0.2681227701250464,7,967dda01e2b347ecb36b2726b540dae5,72,"{'device_compute': 0.25359518302138895, 'd2e_transport': 0.0, 'edge_queue': 0.0, 'edge_segment_compute': 0.0, 'edge_exit_head_compute': 0.0, 'edge_exit_check': 0.0, 'e2c_transport': 0.0, 'cloud_queue': 0.0, 'cloud_segment_compute': 0.0, 'cloud_exit_head_compute': 0.0, 'cloud_exit_check': 0.0, 'total_latency': 0.2536245540250093, 'unattributed_overhead': 2.937100362032652e-05, 'request_id': '967dda01e2b347ecb36b2726b540dae5', 'user_id': 0, 'prediction': 7, 'exit_id': 'final', 'exit_boundary_id': 19, 'exit_location': 'device', 'confidence': 0.9999992847442627, 'executed_segments_by_node': {'device': [0, 1, 2, 3, 4, 5, 6, 7, 8, 9, 10, 11, 12, 13, 14, 15, 16, 17, 18]}, 'nodes': [{'node': 'device', 'executed_segments': [0, 1, 2, 3, 4, 5, 6, 7, 8, 9, 10, 11, 12, 13, 14, 15, 16, 17, 18], 'queue_s': 0.0, 'segment_compute_s': 0.2506483379402198, 'exit_head_compute_s': 0.002199578011641279, 'exit_check_s': 0.00025873101549223065, 'worker_elapsed_s': 0.25359518302138895}], 'sample_id': 'balanced_007_0303_00003134', 'label': 7, 'correct': True, 'observed_utility': -0.2681227701250464}",balanced_007_0303_00003134,72,3134,0.4692678451538086,4637262832061755905,0.2536245540250093,2.937100362032652e-05,0
0.0,0.27485385799081996,0.27485385799081996,0.2748835259990301,0.27485385799081996,1784947363.1460025,1784947362.425584,1784947362.675584,0.0,0.0,0.0,0.0,0.9999421834945679,0.0,ablate-end-only-resnet50-cifar10-pi5-r2-20260725-104212:v1,1,0.27485385799081996,unknown,0.0,0.0,0.0,0.0,0.0,"{'device': [0, 1, 2, 3, 4, 5, 6, 7, 8, 9, 10, 11, 12, 13, 14, 15, 16, 17, 18]}",19,final,device,True,6,1.0,5.0,1.0,0.2748835259990301,-0.3744176299951505,6,cb098c4a2a684a5f9af60b4f2d869304,73,"{'device_compute': 0.27485385799081996, 'd2e_transport': 0.0, 'edge_queue': 0.0, 'edge_segment_compute': 0.0, 'edge_exit_head_compute': 0.0, 'edge_exit_check': 0.0, 'e2c_transport': 0.0, 'cloud_queue': 0.0, 'cloud_segment_compute': 0.0, 'cloud_exit_head_compute': 0.0, 'cloud_exit_check': 0.0, 'total_latency': 0.2748835259990301, 'unattributed_overhead': 2.9668008210137486e-05, 'request_id': 'cb098c4a2a684a5f9af60b4f2d869304', 'user_id': 0, 'prediction': 6, 'exit_id': 'final', 'exit_boundary_id': 19, 'exit_location': 'device', 'confidence': 0.9999421834945679, 'executed_segments_by_node': {'device': [0, 1, 2, 3, 4, 5, 6, 7, 8, 9, 10, 11, 12, 13, 14, 15, 16, 17, 18]}, 'nodes': [{'node': 'device', 'executed_segments': [0, 1, 2, 3, 4, 5, 6, 7, 8, 9, 10, 11, 12, 13, 14, 15, 16, 17, 18], 'queue_s': 0.0, 'segment_compute_s': 0.270857795025222, 'exit_head_compute_s': 0.00321729903225787, 'exit_check_s': 0.0002872890036087483, 'worker_elapsed_s': 0.27485385799081996}], 'sample_id': 'balanced_006_0581_00005784', 'label': 6, 'correct': True, 'observed_utility': -0.3744176299951505}",balanced_006_0581_00005784,73,5784,0.47041845321655273,4637262832061755905,0.2748835259990301,2.9668008210137486e-05,0
0.0,0.2624900180089753,0.2624900180089753,0.2625197970191948,0.2624900180089753,1784947363.4498081,1784947362.7305117,1784947362.9805117,0.0,0.0,0.0,0.0,0.9760343432426453,0.0,ablate-end-only-resnet50-cifar10-pi5-r2-20260725-104212:v1,1,0.2624900180089753,unknown,0.0,0.0,0.0,0.0,0.0,"{'device': [0, 1, 2, 3, 4, 5, 6, 7, 8, 9, 10, 11, 12, 13, 14, 15, 16, 17, 18]}",19,final,device,True,9,1.0,5.0,1.0,0.2625197970191948,-0.31259898509597406,9,3f1619d5428a493f882206d287907339,74,"{'device_compute': 0.2624900180089753, 'd2e_transport': 0.0, 'edge_queue': 0.0, 'edge_segment_compute': 0.0, 'edge_exit_head_compute': 0.0, 'edge_exit_check': 0.0, 'e2c_transport': 0.0, 'cloud_queue': 0.0, 'cloud_segment_compute': 0.0, 'cloud_exit_head_compute': 0.0, 'cloud_exit_check': 0.0, 'total_latency': 0.2625197970191948, 'unattributed_overhead': 2.977901021949947e-05, 'request_id': '3f1619d5428a493f882206d287907339', 'user_id': 0, 'prediction': 9, 'exit_id': 'final', 'exit_boundary_id': 19, 'exit_location': 'device', 'confidence': 0.9760343432426453, 'executed_segments_by_node': {'device': [0, 1, 2, 3, 4, 5, 6, 7, 8, 9, 10, 11, 12, 13, 14, 15, 16, 17, 18]}, 'nodes': [{'node': 'device', 'executed_segments': [0, 1, 2, 3, 4, 5, 6, 7, 8, 9, 10, 11, 12, 13, 14, 15, 16, 17, 18], 'queue_s': 0.0, 'segment_compute_s': 0.2592796459211968, 'exit_head_compute_s': 0.0024781040265224874, 'exit_check_s': 0.0002478059905115515, 'worker_elapsed_s': 0.2624900180089753}], 'sample_id': 'balanced_009_0578_00005765', 'label': 9, 'correct': True, 'observed_utility': -0.31259898509597406}",balanced_009_0578_00005765,74,5765,0.4692964553833008,4637262832061755905,0.2625197970191948,2.977901021949947e-05,0
0.0,0.2521791930194013,0.2521791930194013,0.2522080090129748,0.2521791930194013,1784947363.7604628,1784947363.040291,1784947363.290291,0.0,0.0,0.0,0.0,0.999996542930603,0.0,ablate-end-only-resnet50-cifar10-pi5-r2-20260725-104212:v1,1,0.2521791930194013,unknown,0.0,0.0,0.0,0.0,0.0,"{'device': [0, 1, 2, 3, 4, 5, 6, 7, 8, 9, 10, 11, 12, 13, 14, 15, 16, 17, 18]}",19,final,device,True,6,1.0,5.0,1.0,0.2522080090129748,-0.261040045064874,6,2f86046b565c48f591336fcf7544633c,75,"{'device_compute': 0.2521791930194013, 'd2e_transport': 0.0, 'edge_queue': 0.0, 'edge_segment_compute': 0.0, 'edge_exit_head_compute': 0.0, 'edge_exit_check': 0.0, 'e2c_transport': 0.0, 'cloud_queue': 0.0, 'cloud_segment_compute': 0.0, 'cloud_exit_head_compute': 0.0, 'cloud_exit_check': 0.0, 'total_latency': 0.2522080090129748, 'unattributed_overhead': 2.8815993573516607e-05, 'request_id': '2f86046b565c48f591336fcf7544633c', 'user_id': 0, 'prediction': 6, 'exit_id': 'final', 'exit_boundary_id': 19, 'exit_location': 'device', 'confidence': 0.999996542930603, 'executed_segments_by_node': {'device': [0, 1, 2, 3, 4, 5, 6, 7, 8, 9, 10, 11, 12, 13, 14, 15, 16, 17, 18]}, 'nodes': [{'node': 'device', 'executed_segments': [0, 1, 2, 3, 4, 5, 6, 7, 8, 9, 10, 11, 12, 13, 14, 15, 16, 17, 18], 'queue_s': 0.0, 'segment_compute_s': 0.24931176099926233, 'exit_head_compute_s': 0.002133426023647189, 'exit_check_s': 0.00025826998171396554, 'worker_elapsed_s': 0.2521791930194013}], 'sample_id': 'balanced_006_0570_00005710', 'label': 6, 'correct': True, 'observed_utility': -0.261040045064874}",balanced_006_0570_00005710,75,5710,0.4701716899871826,4637262832061755905,0.2522080090129748,2.8815993573516607e-05,0
0.0,0.24444894201587886,0.24444894201587886,0.24447820201748982,0.24444894201587886,1784947364.069251,1784947363.349113,1784947363.599113,0.0,0.0,0.0,0.0,0.7881404161453247,0.0,ablate-end-only-resnet50-cifar10-pi5-r2-20260725-104212:v1,1,0.24444894201587886,unknown,0.0,0.0,0.0,0.0,0.0,"{'device': [0, 1, 2, 3, 4, 5, 6, 7, 8, 9, 10, 11, 12, 13, 14, 15, 16, 17, 18]}",19,final,device,False,2,1.0,5.0,0.0,0.24447820201748982,-1.222391010087449,0,ee47936269764e98bbe5208222b61ee2,76,"{'device_compute': 0.24444894201587886, 'd2e_transport': 0.0, 'edge_queue': 0.0, 'edge_segment_compute': 0.0, 'edge_exit_head_compute': 0.0, 'edge_exit_check': 0.0, 'e2c_transport': 0.0, 'cloud_queue': 0.0, 'cloud_segment_compute': 0.0, 'cloud_exit_head_compute': 0.0, 'cloud_exit_check': 0.0, 'total_latency': 0.24447820201748982, 'unattributed_overhead': 2.9260001610964537e-05, 'request_id': 'ee47936269764e98bbe5208222b61ee2', 'user_id': 0, 'prediction': 0, 'exit_id': 'final', 'exit_boundary_id': 19, 'exit_location': 'device', 'confidence': 0.7881404161453247, 'executed_segments_by_node': {'device': [0, 1, 2, 3, 4, 5, 6, 7, 8, 9, 10, 11, 12, 13, 14, 15, 16, 17, 18]}, 'nodes': [{'node': 'device', 'executed_segments': [0, 1, 2, 3, 4, 5, 6, 7, 8, 9, 10, 11, 12, 13, 14, 15, 16, 17, 18], 'queue_s': 0.0, 'segment_compute_s': 0.24143470605486073, 'exit_head_compute_s': 0.0022384670155588537, 'exit_check_s': 0.00026375000015832484, 'worker_elapsed_s': 0.24444894201587886}], 'sample_id': 'balanced_002_0477_00004546', 'label': 2, 'correct': False, 'observed_utility': -1.222391010087449}",balanced_002_0477_00004546,76,4546,0.4701380729675293,4637262832061755905,0.24447820201748982,2.9260001610964537e-05,0
0.0,0.2494478010048624,0.2494478010048624,0.2494771730271168,0.2494478010048624,1784947364.3703501,1784947363.6475527,1784947363.8975527,0.0,0.0,0.0,0.0,0.9999880790710449,0.0,ablate-end-only-resnet50-cifar10-pi5-r2-20260725-104212:v1,1,0.2494478010048624,unknown,0.0,0.0,0.0,0.0,0.0,"{'device': [0, 1, 2, 3, 4, 5, 6, 7, 8, 9, 10, 11, 12, 13, 14, 15, 16, 17, 18]}",19,final,device,True,5,1.0,5.0,1.0,0.2494771730271168,-0.24738586513558403,5,78341c0cbbb9489880dd83dcbe75a00e,77,"{'device_compute': 0.2494478010048624, 'd2e_transport': 0.0, 'edge_queue': 0.0, 'edge_segment_compute': 0.0, 'edge_exit_head_compute': 0.0, 'edge_exit_check': 0.0, 'e2c_transport': 0.0, 'cloud_queue': 0.0, 'cloud_segment_compute': 0.0, 'cloud_exit_head_compute': 0.0, 'cloud_exit_check': 0.0, 'total_latency': 0.2494771730271168, 'unattributed_overhead': 2.9372022254392505e-05, 'request_id': '78341c0cbbb9489880dd83dcbe75a00e', 'user_id': 0, 'prediction': 5, 'exit_id': 'final', 'exit_boundary_id': 19, 'exit_location': 'device', 'confidence': 0.9999880790710449, 'executed_segments_by_node': {'device': [0, 1, 2, 3, 4, 5, 6, 7, 8, 9, 10, 11, 12, 13, 14, 15, 16, 17, 18]}, 'nodes': [{'node': 'device', 'executed_segments': [0, 1, 2, 3, 4, 5, 6, 7, 8, 9, 10, 11, 12, 13, 14, 15, 16, 17, 18], 'queue_s': 0.0, 'segment_compute_s': 0.24640276996069588, 'exit_head_compute_s': 0.0022087809920776635, 'exit_check_s': 0.000258452957496047, 'worker_elapsed_s': 0.2494478010048624}], 'sample_id': 'balanced_005_0524_00005376', 'label': 5, 'correct': True, 'observed_utility': -0.24738586513558403}",balanced_005_0524_00005376,77,5376,0.4727973937988281,4637262832061755905,0.2494771730271168,2.9372022254392505e-05,0
0.0,0.2435611140099354,0.2435611140099354,0.24359076301334426,0.2435611140099354,1784947364.677135,1784947363.9162652,1784947364.1662652,0.0,0.0,0.0,0.0,0.9999628067016602,0.0,ablate-end-only-resnet50-cifar10-pi5-r2-20260725-104212:v1,1,0.2435611140099354,unknown,0.0,0.0,0.0,0.0,0.0,"{'device': [0, 1, 2, 3, 4, 5, 6, 7, 8, 9, 10, 11, 12, 13, 14, 15, 16, 17, 18]}",19,final,device,True,1,1.0,5.0,1.0,0.24359076301334426,-0.2179538150667213,1,6e28443a02544e9bbb76023cc453a380,78,"{'device_compute': 0.2435611140099354, 'd2e_transport': 0.0, 'edge_queue': 0.0, 'edge_segment_compute': 0.0, 'edge_exit_head_compute': 0.0, 'edge_exit_check': 0.0, 'e2c_transport': 0.0, 'cloud_queue': 0.0, 'cloud_segment_compute': 0.0, 'cloud_exit_head_compute': 0.0, 'cloud_exit_check': 0.0, 'total_latency': 0.24359076301334426, 'unattributed_overhead': 2.964900340884924e-05, 'request_id': '6e28443a02544e9bbb76023cc453a380', 'user_id': 0, 'prediction': 1, 'exit_id': 'final', 'exit_boundary_id': 19, 'exit_location': 'device', 'confidence': 0.9999628067016602, 'executed_segments_by_node': {'device': [0, 1, 2, 3, 4, 5, 6, 7, 8, 9, 10, 11, 12, 13, 14, 15, 16, 17, 18]}, 'nodes': [{'node': 'device', 'executed_segments': [0, 1, 2, 3, 4, 5, 6, 7, 8, 9, 10, 11, 12, 13, 14, 15, 16, 17, 18], 'queue_s': 0.0, 'segment_compute_s': 0.24064284298219718, 'exit_head_compute_s': 0.0021748539875261486, 'exit_check_s': 0.0002514170191716403, 'worker_elapsed_s': 0.2435611140099354}], 'sample_id': 'balanced_001_0502_00004981', 'label': 1, 'correct': True, 'observed_utility': -0.2179538150667213}",balanced_001_0502_00004981,78,4981,0.5108697414398193,4637262832061755905,0.24359076301334426,2.964900340884924e-05,0
0.0,0.2503430589858908,0.2503430589858908,0.25037163399974816,0.2503430589858908,1784947364.9360895,1784947364.2166686,1784947364.4666686,0.0,0.0,0.0,0.0,0.9995334148406982,0.0,ablate-end-only-resnet50-cifar10-pi5-r2-20260725-104212:v1,1,0.2503430589858908,unknown,0.0,0.0,0.0,0.0,0.0,"{'device': [0, 1, 2, 3, 4, 5, 6, 7, 8, 9, 10, 11, 12, 13, 14, 15, 16, 17, 18]}",19,final,device,True,2,1.0,5.0,1.0,0.25037163399974816,-0.2518581699987408,2,296f7a9601004506978faaf2528c49c6,79,"{'device_compute': 0.2503430589858908, 'd2e_transport': 0.0, 'edge_queue': 0.0, 'edge_segment_compute': 0.0, 'edge_exit_head_compute': 0.0, 'edge_exit_check': 0.0, 'e2c_transport': 0.0, 'cloud_queue': 0.0, 'cloud_segment_compute': 0.0, 'cloud_exit_head_compute': 0.0, 'cloud_exit_check': 0.0, 'total_latency': 0.25037163399974816, 'unattributed_overhead': 2.8575013857334852e-05, 'request_id': '296f7a9601004506978faaf2528c49c6', 'user_id': 0, 'prediction': 2, 'exit_id': 'final', 'exit_boundary_id': 19, 'exit_location': 'device', 'confidence': 0.9995334148406982, 'executed_segments_by_node': {'device': [0, 1, 2, 3, 4, 5, 6, 7, 8, 9, 10, 11, 12, 13, 14, 15, 16, 17, 18]}, 'nodes': [{'node': 'device', 'executed_segments': [0, 1, 2, 3, 4, 5, 6, 7, 8, 9, 10, 11, 12, 13, 14, 15, 16, 17, 18], 'queue_s': 0.0, 'segment_compute_s': 0.24739564195624553, 'exit_head_compute_s': 0.0021790779719594866, 'exit_check_s': 0.0002958249533548951, 'worker_elapsed_s': 0.2503430589858908}], 'sample_id': 'balanced_002_0237_00002321', 'label': 2, 'correct': True, 'observed_utility': -0.2518581699987408}",balanced_002_0237_00002321,79,2321,0.4694209098815918,4637262832061755905,0.25037163399974816,2.8575013857334852e-05,0
0.0,0.24788048601476476,0.24788048601476476,0.24790965401916765,0.24788048601476476,1784947365.2097683,1784947364.4803538,1784947364.7303538,0.0,0.0,0.0,0.0,0.6920592784881592,0.0,ablate-end-only-resnet50-cifar10-pi5-r2-20260725-104212:v1,1,0.24788048601476476,unknown,0.0,0.0,0.0,0.0,0.0,"{'device': [0, 1, 2, 3, 4, 5, 6, 7, 8, 9, 10, 11, 12, 13, 14, 15, 16, 17, 18]}",19,final,device,True,3,1.0,5.0,1.0,0.24790965401916765,-0.23954827009583823,3,85ef0b2baf314bb9b91c9799eea93dfe,80,"{'device_compute': 0.24788048601476476, 'd2e_transport': 0.0, 'edge_queue': 0.0, 'edge_segment_compute': 0.0, 'edge_exit_head_compute': 0.0, 'edge_exit_check': 0.0, 'e2c_transport': 0.0, 'cloud_queue': 0.0, 'cloud_segment_compute': 0.0, 'cloud_exit_head_compute': 0.0, 'cloud_exit_check': 0.0, 'total_latency': 0.24790965401916765, 'unattributed_overhead': 2.91680044028908e-05, 'request_id': '85ef0b2baf314bb9b91c9799eea93dfe', 'user_id': 0, 'prediction': 3, 'exit_id': 'final', 'exit_boundary_id': 19, 'exit_location': 'device', 'confidence': 0.6920592784881592, 'executed_segments_by_node': {'device': [0, 1, 2, 3, 4, 5, 6, 7, 8, 9, 10, 11, 12, 13, 14, 15, 16, 17, 18]}, 'nodes': [{'node': 'device', 'executed_segments': [0, 1, 2, 3, 4, 5, 6, 7, 8, 9, 10, 11, 12, 13, 14, 15, 16, 17, 18], 'queue_s': 0.0, 'segment_compute_s': 0.2448618999333121, 'exit_head_compute_s': 0.0022473569842986763, 'exit_check_s': 0.00025532301515340805, 'worker_elapsed_s': 0.24788048601476476}], 'sample_id': 'balanced_003_0364_00003682', 'label': 3, 'correct': True, 'observed_utility': -0.23954827009583823}",balanced_003_0364_00003682,80,3682,0.4794144630432129,4637262832061755905,0.24790965401916765,2.91680044028908e-05,0
0.0,0.24051230397890322,0.24051230397890322,0.24054095297469757,0.24051230397890322,1784947365.511121,1784947364.782665,1784947365.032665,0.0,0.0,0.0,0.0,1.0,0.0,ablate-end-only-resnet50-cifar10-pi5-r2-20260725-104212:v1,1,0.24051230397890322,unknown,0.0,0.0,0.0,0.0,0.0,"{'device': [0, 1, 2, 3, 4, 5, 6, 7, 8, 9, 10, 11, 12, 13, 14, 15, 16, 17, 18]}",19,final,device,True,2,1.0,5.0,1.0,0.24054095297469757,-0.20270476487348787,2,201465db3ab947f197a5a5c473edea95,81,"{'device_compute': 0.24051230397890322, 'd2e_transport': 0.0, 'edge_queue': 0.0, 'edge_segment_compute': 0.0, 'edge_exit_head_compute': 0.0, 'edge_exit_check': 0.0, 'e2c_transport': 0.0, 'cloud_queue': 0.0, 'cloud_segment_compute': 0.0, 'cloud_exit_head_compute': 0.0, 'cloud_exit_check': 0.0, 'total_latency': 0.24054095297469757, 'unattributed_overhead': 2.864899579435587e-05, 'request_id': '201465db3ab947f197a5a5c473edea95', 'user_id': 0, 'prediction': 2, 'exit_id': 'final', 'exit_boundary_id': 19, 'exit_location': 'device', 'confidence': 1.0, 'executed_segments_by_node': {'device': [0, 1, 2, 3, 4, 5, 6, 7, 8, 9, 10, 11, 12, 13, 14, 15, 16, 17, 18]}, 'nodes': [{'node': 'device', 'executed_segments': [0, 1, 2, 3, 4, 5, 6, 7, 8, 9, 10, 11, 12, 13, 14, 15, 16, 17, 18], 'queue_s': 0.0, 'segment_compute_s': 0.23758151693618856, 'exit_head_compute_s': 0.0021967989450786263, 'exit_check_s': 0.0002507680037524551, 'worker_elapsed_s': 0.24051230397890322}], 'sample_id': 'balanced_002_0768_00007649', 'label': 2, 'correct': True, 'observed_utility': -0.20270476487348787}",balanced_002_0768_00007649,81,7649,0.4784560203552246,4637262832061755905,0.24054095297469757,2.864899579435587e-05,0
0.0,0.24376045001554303,0.24376045001554303,0.24379028400289826,0.24376045001554303,1784947365.8158991,1784947365.0925758,1784947365.3425758,0.0,0.0,0.0,0.0,0.9993849992752075,0.0,ablate-end-only-resnet50-cifar10-pi5-r2-20260725-104212:v1,1,0.24376045001554303,unknown,0.0,0.0,0.0,0.0,0.0,"{'device': [0, 1, 2, 3, 4, 5, 6, 7, 8, 9, 10, 11, 12, 13, 14, 15, 16, 17, 18]}",19,final,device,True,4,1.0,5.0,1.0,0.24379028400289826,-0.2189514200144913,4,3a6267cb89e84d0f95ea42cdb7e25383,82,"{'device_compute': 0.24376045001554303, 'd2e_transport': 0.0, 'edge_queue': 0.0, 'edge_segment_compute': 0.0, 'edge_exit_head_compute': 0.0, 'edge_exit_check': 0.0, 'e2c_transport': 0.0, 'cloud_queue': 0.0, 'cloud_segment_compute': 0.0, 'cloud_exit_head_compute': 0.0, 'cloud_exit_check': 0.0, 'total_latency': 0.24379028400289826, 'unattributed_overhead': 2.983398735523224e-05, 'request_id': '3a6267cb89e84d0f95ea42cdb7e25383', 'user_id': 0, 'prediction': 4, 'exit_id': 'final', 'exit_boundary_id': 19, 'exit_location': 'device', 'confidence': 0.9993849992752075, 'executed_segments_by_node': {'device': [0, 1, 2, 3, 4, 5, 6, 7, 8, 9, 10, 11, 12, 13, 14, 15, 16, 17, 18]}, 'nodes': [{'node': 'device', 'executed_segments': [0, 1, 2, 3, 4, 5, 6, 7, 8, 9, 10, 11, 12, 13, 14, 15, 16, 17, 18], 'queue_s': 0.0, 'segment_compute_s': 0.24079058793722652, 'exit_head_compute_s': 0.002222873969003558, 'exit_check_s': 0.0002616749843582511, 'worker_elapsed_s': 0.24376045001554303}], 'sample_id': 'balanced_004_0913_00009056', 'label': 4, 'correct': True, 'observed_utility': -0.2189514200144913}",balanced_004_0913_00009056,82,9056,0.47332334518432617,4637262832061755905,0.24379028400289826,2.983398735523224e-05,0
0.0,0.26487381701008417,0.26487381701008417,0.2649030960164964,0.26487381701008417,1784947366.116166,1784947365.3958302,1784947365.6458302,0.0,0.0,0.0,0.0,0.9999977350234985,0.0,ablate-end-only-resnet50-cifar10-pi5-r2-20260725-104212:v1,1,0.26487381701008417,unknown,0.0,0.0,0.0,0.0,0.0,"{'device': [0, 1, 2, 3, 4, 5, 6, 7, 8, 9, 10, 11, 12, 13, 14, 15, 16, 17, 18]}",19,final,device,True,8,1.0,5.0,1.0,0.2649030960164964,-0.3245154800824821,8,d748cf2ae6934395a0f10c49bdddb344,83,"{'device_compute': 0.26487381701008417, 'd2e_transport': 0.0, 'edge_queue': 0.0, 'edge_segment_compute': 0.0, 'edge_exit_head_compute': 0.0, 'edge_exit_check': 0.0, 'e2c_transport': 0.0, 'cloud_queue': 0.0, 'cloud_segment_compute': 0.0, 'cloud_exit_head_compute': 0.0, 'cloud_exit_check': 0.0, 'total_latency': 0.2649030960164964, 'unattributed_overhead': 2.9279006412252784e-05, 'request_id': 'd748cf2ae6934395a0f10c49bdddb344', 'user_id': 0, 'prediction': 8, 'exit_id': 'final', 'exit_boundary_id': 19, 'exit_location': 'device', 'confidence': 0.9999977350234985, 'executed_segments_by_node': {'device': [0, 1, 2, 3, 4, 5, 6, 7, 8, 9, 10, 11, 12, 13, 14, 15, 16, 17, 18]}, 'nodes': [{'node': 'device', 'executed_segments': [0, 1, 2, 3, 4, 5, 6, 7, 8, 9, 10, 11, 12, 13, 14, 15, 16, 17, 18], 'queue_s': 0.0, 'segment_compute_s': 0.26193675099057145, 'exit_head_compute_s': 0.002192818035837263, 'exit_check_s': 0.0002559720305725932, 'worker_elapsed_s': 0.26487381701008417}], 'sample_id': 'balanced_008_0404_00003961', 'label': 8, 'correct': True, 'observed_utility': -0.3245154800824821}",balanced_008_0404_00003961,83,3961,0.4703359603881836,4637262832061755905,0.2649030960164964,2.9279006412252784e-05,0
0.0,0.23914986799354665,0.23914986799354665,0.2391788869863376,0.23914986799354665,1784947366.4228764,1784947365.7020268,1784947365.9520268,0.0,0.0,0.0,0.0,0.9997085928916931,0.0,ablate-end-only-resnet50-cifar10-pi5-r2-20260725-104212:v1,1,0.23914986799354665,unknown,0.0,0.0,0.0,0.0,0.0,"{'device': [0, 1, 2, 3, 4, 5, 6, 7, 8, 9, 10, 11, 12, 13, 14, 15, 16, 17, 18]}",19,final,device,True,2,1.0,5.0,1.0,0.2391788869863376,-0.195894434931688,2,bb49868676124d2a8ed9143fd2ed29a8,84,"{'device_compute': 0.23914986799354665, 'd2e_transport': 0.0, 'edge_queue': 0.0, 'edge_segment_compute': 0.0, 'edge_exit_head_compute': 0.0, 'edge_exit_check': 0.0, 'e2c_transport': 0.0, 'cloud_queue': 0.0, 'cloud_segment_compute': 0.0, 'cloud_exit_head_compute': 0.0, 'cloud_exit_check': 0.0, 'total_latency': 0.2391788869863376, 'unattributed_overhead': 2.9018992790952325e-05, 'request_id': 'bb49868676124d2a8ed9143fd2ed29a8', 'user_id': 0, 'prediction': 2, 'exit_id': 'final', 'exit_boundary_id': 19, 'exit_location': 'device', 'confidence': 0.9997085928916931, 'executed_segments_by_node': {'device': [0, 1, 2, 3, 4, 5, 6, 7, 8, 9, 10, 11, 12, 13, 14, 15, 16, 17, 18]}, 'nodes': [{'node': 'device', 'executed_segments': [0, 1, 2, 3, 4, 5, 6, 7, 8, 9, 10, 11, 12, 13, 14, 15, 16, 17, 18], 'queue_s': 0.0, 'segment_compute_s': 0.23617619002470747, 'exit_head_compute_s': 0.002250986988656223, 'exit_check_s': 0.0002526939788367599, 'worker_elapsed_s': 0.23914986799354665}], 'sample_id': 'balanced_002_0015_00000149', 'label': 2, 'correct': True, 'observed_utility': -0.195894434931688}",balanced_002_0015_00000149,84,149,0.47084951400756836,4637262832061755905,0.2391788869863376,2.9018992790952325e-05,0
0.0,0.23974675801582634,0.23974675801582634,0.23977477801963687,0.23974675801582634,1784947366.6767788,1784947365.9566872,1784947366.2066872,0.0,0.0,0.0,0.0,0.999991774559021,0.0,ablate-end-only-resnet50-cifar10-pi5-r2-20260725-104212:v1,1,0.23974675801582634,unknown,0.0,0.0,0.0,0.0,0.0,"{'device': [0, 1, 2, 3, 4, 5, 6, 7, 8, 9, 10, 11, 12, 13, 14, 15, 16, 17, 18]}",19,final,device,True,8,1.0,5.0,1.0,0.23977477801963687,-0.19887389009818435,8,002acbfb4ff94b8892dc29dd438afe83,85,"{'device_compute': 0.23974675801582634, 'd2e_transport': 0.0, 'edge_queue': 0.0, 'edge_segment_compute': 0.0, 'edge_exit_head_compute': 0.0, 'edge_exit_check': 0.0, 'e2c_transport': 0.0, 'cloud_queue': 0.0, 'cloud_segment_compute': 0.0, 'cloud_exit_head_compute': 0.0, 'cloud_exit_check': 0.0, 'total_latency': 0.23977477801963687, 'unattributed_overhead': 2.802000381052494e-05, 'request_id': '002acbfb4ff94b8892dc29dd438afe83', 'user_id': 0, 'prediction': 8, 'exit_id': 'final', 'exit_boundary_id': 19, 'exit_location': 'device', 'confidence': 0.999991774559021, 'executed_segments_by_node': {'device': [0, 1, 2, 3, 4, 5, 6, 7, 8, 9, 10, 11, 12, 13, 14, 15, 16, 17, 18]}, 'nodes': [{'node': 'device', 'executed_segments': [0, 1, 2, 3, 4, 5, 6, 7, 8, 9, 10, 11, 12, 13, 14, 15, 16, 17, 18], 'queue_s': 0.0, 'segment_compute_s': 0.23684799103648402, 'exit_head_compute_s': 0.0021684819948859513, 'exit_check_s': 0.0002549350028857589, 'worker_elapsed_s': 0.23974675801582634}], 'sample_id': 'balanced_008_0305_00002919', 'label': 8, 'correct': True, 'observed_utility': -0.19887389009818435}",balanced_008_0305_00002919,85,2919,0.4700915813446045,4637262832061755905,0.23977477801963687,2.802000381052494e-05,0
0.0,0.27681715998915024,0.27681715998915024,0.2768456609919667,0.27681715998915024,1784947366.9354322,1784947366.213798,1784947366.463798,0.0,0.0,0.0,0.0,0.9999605417251587,0.0,ablate-end-only-resnet50-cifar10-pi5-r2-20260725-104212:v1,1,0.27681715998915024,unknown,0.0,0.0,0.0,0.0,0.0,"{'device': [0, 1, 2, 3, 4, 5, 6, 7, 8, 9, 10, 11, 12, 13, 14, 15, 16, 17, 18]}",19,final,device,True,4,1.0,5.0,1.0,0.2768456609919667,-0.3842283049598336,4,9b4af952ab0947aba027d3eba4377847,86,"{'device_compute': 0.27681715998915024, 'd2e_transport': 0.0, 'edge_queue': 0.0, 'edge_segment_compute': 0.0, 'edge_exit_head_compute': 0.0, 'edge_exit_check': 0.0, 'e2c_transport': 0.0, 'cloud_queue': 0.0, 'cloud_segment_compute': 0.0, 'cloud_exit_head_compute': 0.0, 'cloud_exit_check': 0.0, 'total_latency': 0.2768456609919667, 'unattributed_overhead': 2.850100281648338e-05, 'request_id': '9b4af952ab0947aba027d3eba4377847', 'user_id': 0, 'prediction': 4, 'exit_id': 'final', 'exit_boundary_id': 19, 'exit_location': 'device', 'confidence': 0.9999605417251587, 'executed_segments_by_node': {'device': [0, 1, 2, 3, 4, 5, 6, 7, 8, 9, 10, 11, 12, 13, 14, 15, 16, 17, 18]}, 'nodes': [{'node': 'device', 'executed_segments': [0, 1, 2, 3, 4, 5, 6, 7, 8, 9, 10, 11, 12, 13, 14, 15, 16, 17, 18], 'queue_s': 0.0, 'segment_compute_s': 0.27275914905476384, 'exit_head_compute_s': 0.003315206995466724, 'exit_check_s': 0.00024937998387031257, 'worker_elapsed_s': 0.27681715998915024}], 'sample_id': 'balanced_004_0888_00008823', 'label': 4, 'correct': True, 'observed_utility': -0.3842283049598336}",balanced_004_0888_00008823,86,8823,0.4716341495513916,4637262832061755905,0.2768456609919667,2.850100281648338e-05,0
0.0,0.25624842301476747,0.25624842301476747,0.2562905360246077,0.25624842301476747,1784947367.2491357,1784947366.522215,1784947366.772215,0.0,0.0,0.0,0.0,0.9999963045120239,0.0,ablate-end-only-resnet50-cifar10-pi5-r2-20260725-104212:v1,1,0.25624842301476747,unknown,0.0,0.0,0.0,0.0,0.0,"{'device': [0, 1, 2, 3, 4, 5, 6, 7, 8, 9, 10, 11, 12, 13, 14, 15, 16, 17, 18]}",19,final,device,True,7,1.0,5.0,1.0,0.2562905360246077,-0.2814526801230386,7,5cf5cf1e124d449d911137d8577a20a3,87,"{'device_compute': 0.25624842301476747, 'd2e_transport': 0.0, 'edge_queue': 0.0, 'edge_segment_compute': 0.0, 'edge_exit_head_compute': 0.0, 'edge_exit_check': 0.0, 'e2c_transport': 0.0, 'cloud_queue': 0.0, 'cloud_segment_compute': 0.0, 'cloud_exit_head_compute': 0.0, 'cloud_exit_check': 0.0, 'total_latency': 0.2562905360246077, 'unattributed_overhead': 4.2113009840250015e-05, 'request_id': '5cf5cf1e124d449d911137d8577a20a3', 'user_id': 0, 'prediction': 7, 'exit_id': 'final', 'exit_boundary_id': 19, 'exit_location': 'device', 'confidence': 0.9999963045120239, 'executed_segments_by_node': {'device': [0, 1, 2, 3, 4, 5, 6, 7, 8, 9, 10, 11, 12, 13, 14, 15, 16, 17, 18]}, 'nodes': [{'node': 'device', 'executed_segments': [0, 1, 2, 3, 4, 5, 6, 7, 8, 9, 10, 11, 12, 13, 14, 15, 16, 17, 18], 'queue_s': 0.0, 'segment_compute_s': 0.25309275806648657, 'exit_head_compute_s': 0.0023076900106389076, 'exit_check_s': 0.0003226590051781386, 'worker_elapsed_s': 0.25624842301476747}], 'sample_id': 'balanced_007_0868_00008722', 'label': 7, 'correct': True, 'observed_utility': -0.2814526801230386}",balanced_007_0868_00008722,87,8722,0.47692084312438965,4637262832061755905,0.2562905360246077,4.2113009840250015e-05,0
0.0,0.2524725699913688,0.2524725699913688,0.25250081199919805,0.2524725699913688,1784947367.55064,1784947366.8306394,1784947367.0806394,0.0,0.0,0.0,0.0,0.9977891445159912,0.0,ablate-end-only-resnet50-cifar10-pi5-r2-20260725-104212:v1,1,0.2524725699913688,unknown,0.0,0.0,0.0,0.0,0.0,"{'device': [0, 1, 2, 3, 4, 5, 6, 7, 8, 9, 10, 11, 12, 13, 14, 15, 16, 17, 18]}",19,final,device,True,1,1.0,5.0,1.0,0.25250081199919805,-0.26250405999599025,1,6794a2045d174278a044587b77746e22,88,"{'device_compute': 0.2524725699913688, 'd2e_transport': 0.0, 'edge_queue': 0.0, 'edge_segment_compute': 0.0, 'edge_exit_head_compute': 0.0, 'edge_exit_check': 0.0, 'e2c_transport': 0.0, 'cloud_queue': 0.0, 'cloud_segment_compute': 0.0, 'cloud_exit_head_compute': 0.0, 'cloud_exit_check': 0.0, 'total_latency': 0.25250081199919805, 'unattributed_overhead': 2.8242007829248905e-05, 'request_id': '6794a2045d174278a044587b77746e22', 'user_id': 0, 'prediction': 1, 'exit_id': 'final', 'exit_boundary_id': 19, 'exit_location': 'device', 'confidence': 0.9977891445159912, 'executed_segments_by_node': {'device': [0, 1, 2, 3, 4, 5, 6, 7, 8, 9, 10, 11, 12, 13, 14, 15, 16, 17, 18]}, 'nodes': [{'node': 'device', 'executed_segments': [0, 1, 2, 3, 4, 5, 6, 7, 8, 9, 10, 11, 12, 13, 14, 15, 16, 17, 18], 'queue_s': 0.0, 'segment_compute_s': 0.24944900089758448, 'exit_head_compute_s': 0.002227616001619026, 'exit_check_s': 0.00026423102826811373, 'worker_elapsed_s': 0.2524725699913688}], 'sample_id': 'balanced_001_0871_00008606', 'label': 1, 'correct': True, 'observed_utility': -0.26250405999599025}",balanced_001_0871_00008606,88,8606,0.4700007438659668,4637262832061755905,0.25250081199919805,2.8242007829248905e-05,0
0.0,0.2363213160133455,0.2363213160133455,0.23635050302254967,0.2363213160133455,1784947367.8690088,1784947367.145533,1784947367.395533,0.0,0.0,0.0,0.0,0.9994431138038635,0.0,ablate-end-only-resnet50-cifar10-pi5-r2-20260725-104212:v1,1,0.2363213160133455,unknown,0.0,0.0,0.0,0.0,0.0,"{'device': [0, 1, 2, 3, 4, 5, 6, 7, 8, 9, 10, 11, 12, 13, 14, 15, 16, 17, 18]}",19,final,device,True,6,1.0,5.0,1.0,0.23635050302254967,-0.18175251511274837,6,3245ddf363de4c699a700e1336314583,89,"{'device_compute': 0.2363213160133455, 'd2e_transport': 0.0, 'edge_queue': 0.0, 'edge_segment_compute': 0.0, 'edge_exit_head_compute': 0.0, 'edge_exit_check': 0.0, 'e2c_transport': 0.0, 'cloud_queue': 0.0, 'cloud_segment_compute': 0.0, 'cloud_exit_head_compute': 0.0, 'cloud_exit_check': 0.0, 'total_latency': 0.23635050302254967, 'unattributed_overhead': 2.918700920417905e-05, 'request_id': '3245ddf363de4c699a700e1336314583', 'user_id': 0, 'prediction': 6, 'exit_id': 'final', 'exit_boundary_id': 19, 'exit_location': 'device', 'confidence': 0.9994431138038635, 'executed_segments_by_node': {'device': [0, 1, 2, 3, 4, 5, 6, 7, 8, 9, 10, 11, 12, 13, 14, 15, 16, 17, 18]}, 'nodes': [{'node': 'device', 'executed_segments': [0, 1, 2, 3, 4, 5, 6, 7, 8, 9, 10, 11, 12, 13, 14, 15, 16, 17, 18], 'queue_s': 0.0, 'segment_compute_s': 0.23343734905938618, 'exit_head_compute_s': 0.002138648007530719, 'exit_check_s': 0.00025460001779720187, 'worker_elapsed_s': 0.2363213160133455}], 'sample_id': 'balanced_006_0620_00006255', 'label': 6, 'correct': True, 'observed_utility': -0.18175251511274837}",balanced_006_0620_00006255,89,6255,0.47347569465637207,4637262832061755905,0.23635050302254967,2.918700920417905e-05,0
0.0,0.24797182099428028,0.24797182099428028,0.24800646997755393,0.24797182099428028,1784947368.1696217,1784947367.445711,1784947367.695711,0.0,0.0,0.0,0.0,0.9771599173545837,0.0,ablate-end-only-resnet50-cifar10-pi5-r2-20260725-104212:v1,1,0.24797182099428028,unknown,0.0,0.0,0.0,0.0,0.0,"{'device': [0, 1, 2, 3, 4, 5, 6, 7, 8, 9, 10, 11, 12, 13, 14, 15, 16, 17, 18]}",19,final,device,True,3,1.0,5.0,1.0,0.24800646997755393,-0.24003234988776967,3,771e6bfb1e774e9ca69018711b22ad48,90,"{'device_compute': 0.24797182099428028, 'd2e_transport': 0.0, 'edge_queue': 0.0, 'edge_segment_compute': 0.0, 'edge_exit_head_compute': 0.0, 'edge_exit_check': 0.0, 'e2c_transport': 0.0, 'cloud_queue': 0.0, 'cloud_segment_compute': 0.0, 'cloud_exit_head_compute': 0.0, 'cloud_exit_check': 0.0, 'total_latency': 0.24800646997755393, 'unattributed_overhead': 3.4648983273655176e-05, 'request_id': '771e6bfb1e774e9ca69018711b22ad48', 'user_id': 0, 'prediction': 3, 'exit_id': 'final', 'exit_boundary_id': 19, 'exit_location': 'device', 'confidence': 0.9771599173545837, 'executed_segments_by_node': {'device': [0, 1, 2, 3, 4, 5, 6, 7, 8, 9, 10, 11, 12, 13, 14, 15, 16, 17, 18]}, 'nodes': [{'node': 'device', 'executed_segments': [0, 1, 2, 3, 4, 5, 6, 7, 8, 9, 10, 11, 12, 13, 14, 15, 16, 17, 18], 'queue_s': 0.0, 'segment_compute_s': 0.2448856189439539, 'exit_head_compute_s': 0.0022586700215470046, 'exit_check_s': 0.0002886400034185499, 'worker_elapsed_s': 0.24797182099428028}], 'sample_id': 'balanced_003_0558_00005575', 'label': 3, 'correct': True, 'observed_utility': -0.24003234988776967}",balanced_003_0558_00005575,90,5575,0.4739108085632324,4637262832061755905,0.24800646997755393,3.4648983273655176e-05,0
0.0,0.2525991660077125,0.2525991660077125,0.25262763001956046,0.2525991660077125,1784947368.4797137,1784947367.757326,1784947368.007326,0.0,0.0,0.0,0.0,0.9999991655349731,0.0,ablate-end-only-resnet50-cifar10-pi5-r2-20260725-104212:v1,1,0.2525991660077125,unknown,0.0,0.0,0.0,0.0,0.0,"{'device': [0, 1, 2, 3, 4, 5, 6, 7, 8, 9, 10, 11, 12, 13, 14, 15, 16, 17, 18]}",19,final,device,True,1,1.0,5.0,1.0,0.25262763001956046,-0.2631381500978023,1,5174ef4d5e154a2daec7f7a66045514e,91,"{'device_compute': 0.2525991660077125, 'd2e_transport': 0.0, 'edge_queue': 0.0, 'edge_segment_compute': 0.0, 'edge_exit_head_compute': 0.0, 'edge_exit_check': 0.0, 'e2c_transport': 0.0, 'cloud_queue': 0.0, 'cloud_segment_compute': 0.0, 'cloud_exit_head_compute': 0.0, 'cloud_exit_check': 0.0, 'total_latency': 0.25262763001956046, 'unattributed_overhead': 2.846401184797287e-05, 'request_id': '5174ef4d5e154a2daec7f7a66045514e', 'user_id': 0, 'prediction': 1, 'exit_id': 'final', 'exit_boundary_id': 19, 'exit_location': 'device', 'confidence': 0.9999991655349731, 'executed_segments_by_node': {'device': [0, 1, 2, 3, 4, 5, 6, 7, 8, 9, 10, 11, 12, 13, 14, 15, 16, 17, 18]}, 'nodes': [{'node': 'device', 'executed_segments': [0, 1, 2, 3, 4, 5, 6, 7, 8, 9, 10, 11, 12, 13, 14, 15, 16, 17, 18], 'queue_s': 0.0, 'segment_compute_s': 0.24961248898762278, 'exit_head_compute_s': 0.0022490389819722623, 'exit_check_s': 0.00025719599216245115, 'worker_elapsed_s': 0.2525991660077125}], 'sample_id': 'balanced_001_0266_00002773', 'label': 1, 'correct': True, 'observed_utility': -0.2631381500978023}",balanced_001_0266_00002773,91,2773,0.47238779067993164,4637262832061755905,0.25262763001956046,2.846401184797287e-05,0
0.0,0.24222702698898502,0.24222702698898502,0.24225647299317643,0.24222702698898502,1784947368.777872,1784947368.0564325,1784947368.3064325,0.0,0.0,0.0,0.0,0.7351440191268921,0.0,ablate-end-only-resnet50-cifar10-pi5-r2-20260725-104212:v1,1,0.24222702698898502,unknown,0.0,0.0,0.0,0.0,0.0,"{'device': [0, 1, 2, 3, 4, 5, 6, 7, 8, 9, 10, 11, 12, 13, 14, 15, 16, 17, 18]}",19,final,device,False,7,1.0,5.0,0.0,0.24225647299317643,-1.2112823649658822,4,adb97804520b4ebe97713d4eab14b690,92,"{'device_compute': 0.24222702698898502, 'd2e_transport': 0.0, 'edge_queue': 0.0, 'edge_segment_compute': 0.0, 'edge_exit_head_compute': 0.0, 'edge_exit_check': 0.0, 'e2c_transport': 0.0, 'cloud_queue': 0.0, 'cloud_segment_compute': 0.0, 'cloud_exit_head_compute': 0.0, 'cloud_exit_check': 0.0, 'total_latency': 0.24225647299317643, 'unattributed_overhead': 2.9446004191413522e-05, 'request_id': 'adb97804520b4ebe97713d4eab14b690', 'user_id': 0, 'prediction': 4, 'exit_id': 'final', 'exit_boundary_id': 19, 'exit_location': 'device', 'confidence': 0.7351440191268921, 'executed_segments_by_node': {'device': [0, 1, 2, 3, 4, 5, 6, 7, 8, 9, 10, 11, 12, 13, 14, 15, 16, 17, 18]}, 'nodes': [{'node': 'device', 'executed_segments': [0, 1, 2, 3, 4, 5, 6, 7, 8, 9, 10, 11, 12, 13, 14, 15, 16, 17, 18], 'queue_s': 0.0, 'segment_compute_s': 0.23930136999115348, 'exit_head_compute_s': 0.002165613026591018, 'exit_check_s': 0.0002763800439424813, 'worker_elapsed_s': 0.24222702698898502}], 'sample_id': 'balanced_007_0040_00000433', 'label': 7, 'correct': False, 'observed_utility': -1.2112823649658822}",balanced_007_0040_00000433,92,433,0.4714395999908447,4637262832061755905,0.24225647299317643,2.9446004191413522e-05,0
0.0,0.24263209800119512,0.24263209800119512,0.24266024699318223,0.24263209800119512,1784947369.0831265,1784947368.3602865,1784947368.6102865,0.0,0.0,0.0,0.0,0.9975959658622742,0.0,ablate-end-only-resnet50-cifar10-pi5-r2-20260725-104212:v1,1,0.24263209800119512,unknown,0.0,0.0,0.0,0.0,0.0,"{'device': [0, 1, 2, 3, 4, 5, 6, 7, 8, 9, 10, 11, 12, 13, 14, 15, 16, 17, 18]}",19,final,device,True,5,1.0,5.0,1.0,0.24266024699318223,-0.21330123496591114,5,89ec5515178542ed84ce7d744ff87b94,93,"{'device_compute': 0.24263209800119512, 'd2e_transport': 0.0, 'edge_queue': 0.0, 'edge_segment_compute': 0.0, 'edge_exit_head_compute': 0.0, 'edge_exit_check': 0.0, 'e2c_transport': 0.0, 'cloud_queue': 0.0, 'cloud_segment_compute': 0.0, 'cloud_exit_head_compute': 0.0, 'cloud_exit_check': 0.0, 'total_latency': 0.24266024699318223, 'unattributed_overhead': 2.8148991987109184e-05, 'request_id': '89ec5515178542ed84ce7d744ff87b94', 'user_id': 0, 'prediction': 5, 'exit_id': 'final', 'exit_boundary_id': 19, 'exit_location': 'device', 'confidence': 0.9975959658622742, 'executed_segments_by_node': {'device': [0, 1, 2, 3, 4, 5, 6, 7, 8, 9, 10, 11, 12, 13, 14, 15, 16, 17, 18]}, 'nodes': [{'node': 'device', 'executed_segments': [0, 1, 2, 3, 4, 5, 6, 7, 8, 9, 10, 11, 12, 13, 14, 15, 16, 17, 18], 'queue_s': 0.0, 'segment_compute_s': 0.239823041978525, 'exit_head_compute_s': 0.002082942984998226, 'exit_check_s': 0.00025321298744529486, 'worker_elapsed_s': 0.24263209800119512}], 'sample_id': 'balanced_005_0980_00009815', 'label': 5, 'correct': True, 'observed_utility': -0.21330123496591114}",balanced_005_0980_00009815,93,9815,0.4728400707244873,4637262832061755905,0.24266024699318223,2.8148991987109184e-05,0
0.0,0.240883112011943,0.240883112011943,0.24091476100147702,0.240883112011943,1784947369.387307,1784947368.6231222,1784947368.8731222,0.0,0.0,0.0,0.0,0.9087522029876709,0.0,ablate-end-only-resnet50-cifar10-pi5-r2-20260725-104212:v1,1,0.240883112011943,unknown,0.0,0.0,0.0,0.0,0.0,"{'device': [0, 1, 2, 3, 4, 5, 6, 7, 8, 9, 10, 11, 12, 13, 14, 15, 16, 17, 18]}",19,final,device,True,1,1.0,5.0,1.0,0.24091476100147702,-0.2045738050073851,1,86404edb8d3f4f319b5dfa9288c14547,94,"{'device_compute': 0.240883112011943, 'd2e_transport': 0.0, 'edge_queue': 0.0, 'edge_segment_compute': 0.0, 'edge_exit_head_compute': 0.0, 'edge_exit_check': 0.0, 'e2c_transport': 0.0, 'cloud_queue': 0.0, 'cloud_segment_compute': 0.0, 'cloud_exit_head_compute': 0.0, 'cloud_exit_check': 0.0, 'total_latency': 0.24091476100147702, 'unattributed_overhead': 3.164898953400552e-05, 'request_id': '86404edb8d3f4f319b5dfa9288c14547', 'user_id': 0, 'prediction': 1, 'exit_id': 'final', 'exit_boundary_id': 19, 'exit_location': 'device', 'confidence': 0.9087522029876709, 'executed_segments_by_node': {'device': [0, 1, 2, 3, 4, 5, 6, 7, 8, 9, 10, 11, 12, 13, 14, 15, 16, 17, 18]}, 'nodes': [{'node': 'device', 'executed_segments': [0, 1, 2, 3, 4, 5, 6, 7, 8, 9, 10, 11, 12, 13, 14, 15, 16, 17, 18], 'queue_s': 0.0, 'segment_compute_s': 0.23782754704006948, 'exit_head_compute_s': 0.002284394024172798, 'exit_check_s': 0.00027347300783731043, 'worker_elapsed_s': 0.240883112011943}], 'sample_id': 'balanced_001_0252_00002634', 'label': 1, 'correct': True, 'observed_utility': -0.2045738050073851}",balanced_001_0252_00002634,94,2634,0.5141847133636475,4637262832061755905,0.24091476100147702,3.164898953400552e-05,0
0.0,0.2645639480033424,0.2645639480033424,0.2645913570013363,0.2645639480033424,1784947369.6952717,1784947368.9276915,1784947369.1776915,0.0,0.0,0.0,0.0,0.5244705677032471,0.0,ablate-end-only-resnet50-cifar10-pi5-r2-20260725-104212:v1,1,0.2645639480033424,unknown,0.0,0.0,0.0,0.0,0.0,"{'device': [0, 1, 2, 3, 4, 5, 6, 7, 8, 9, 10, 11, 12, 13, 14, 15, 16, 17, 18]}",19,final,device,True,0,1.0,5.0,1.0,0.2645913570013363,-0.32295678500668146,0,58db874756954a1f9729f08206fca32f,95,"{'device_compute': 0.2645639480033424, 'd2e_transport': 0.0, 'edge_queue': 0.0, 'edge_segment_compute': 0.0, 'edge_exit_head_compute': 0.0, 'edge_exit_check': 0.0, 'e2c_transport': 0.0, 'cloud_queue': 0.0, 'cloud_segment_compute': 0.0, 'cloud_exit_head_compute': 0.0, 'cloud_exit_check': 0.0, 'total_latency': 0.2645913570013363, 'unattributed_overhead': 2.7408997993916273e-05, 'request_id': '58db874756954a1f9729f08206fca32f', 'user_id': 0, 'prediction': 0, 'exit_id': 'final', 'exit_boundary_id': 19, 'exit_location': 'device', 'confidence': 0.5244705677032471, 'executed_segments_by_node': {'device': [0, 1, 2, 3, 4, 5, 6, 7, 8, 9, 10, 11, 12, 13, 14, 15, 16, 17, 18]}, 'nodes': [{'node': 'device', 'executed_segments': [0, 1, 2, 3, 4, 5, 6, 7, 8, 9, 10, 11, 12, 13, 14, 15, 16, 17, 18], 'queue_s': 0.0, 'segment_compute_s': 0.2616489019419532, 'exit_head_compute_s': 0.002155647991457954, 'exit_check_s': 0.0002826009877026081, 'worker_elapsed_s': 0.2645639480033424}], 'sample_id': 'balanced_000_0747_00007465', 'label': 0, 'correct': True, 'observed_utility': -0.32295678500668146}",balanced_000_0747_00007465,95,7465,0.5175802707672119,4637262832061755905,0.2645913570013363,2.7408997993916273e-05,0
0.0,0.2494009049842134,0.2494009049842134,0.24943088699365035,0.2494009049842134,1784947370.0146906,1784947369.2943668,1784947369.5443668,0.0,0.0,0.0,0.0,0.9983835220336914,0.0,ablate-end-only-resnet50-cifar10-pi5-r2-20260725-104212:v1,1,0.2494009049842134,unknown,0.0,0.0,0.0,0.0,0.0,"{'device': [0, 1, 2, 3, 4, 5, 6, 7, 8, 9, 10, 11, 12, 13, 14, 15, 16, 17, 18]}",19,final,device,True,5,1.0,5.0,1.0,0.24943088699365035,-0.24715443496825173,5,422aaf2b19044c3aba0782458db44507,96,"{'device_compute': 0.2494009049842134, 'd2e_transport': 0.0, 'edge_queue': 0.0, 'edge_segment_compute': 0.0, 'edge_exit_head_compute': 0.0, 'edge_exit_check': 0.0, 'e2c_transport': 0.0, 'cloud_queue': 0.0, 'cloud_segment_compute': 0.0, 'cloud_exit_head_compute': 0.0, 'cloud_exit_check': 0.0, 'total_latency': 0.24943088699365035, 'unattributed_overhead': 2.9982009436935186e-05, 'request_id': '422aaf2b19044c3aba0782458db44507', 'user_id': 0, 'prediction': 5, 'exit_id': 'final', 'exit_boundary_id': 19, 'exit_location': 'device', 'confidence': 0.9983835220336914, 'executed_segments_by_node': {'device': [0, 1, 2, 3, 4, 5, 6, 7, 8, 9, 10, 11, 12, 13, 14, 15, 16, 17, 18]}, 'nodes': [{'node': 'device', 'executed_segments': [0, 1, 2, 3, 4, 5, 6, 7, 8, 9, 10, 11, 12, 13, 14, 15, 16, 17, 18], 'queue_s': 0.0, 'segment_compute_s': 0.24640806106617674, 'exit_head_compute_s': 0.002242372982436791, 'exit_check_s': 0.0002716379822231829, 'worker_elapsed_s': 0.2494009049842134}], 'sample_id': 'balanced_005_0249_00002609', 'label': 5, 'correct': True, 'observed_utility': -0.24715443496825173}",balanced_005_0249_00002609,96,2609,0.4703238010406494,4637262832061755905,0.24943088699365035,2.9982009436935186e-05,0
0.0,0.24654417700367048,0.24654417700367048,0.24657314099022187,0.24654417700367048,1784947370.3230515,1784947369.6009288,1784947369.8509288,0.0,0.0,0.0,0.0,0.9999476671218872,0.0,ablate-end-only-resnet50-cifar10-pi5-r2-20260725-104212:v1,1,0.24654417700367048,unknown,0.0,0.0,0.0,0.0,0.0,"{'device': [0, 1, 2, 3, 4, 5, 6, 7, 8, 9, 10, 11, 12, 13, 14, 15, 16, 17, 18]}",19,final,device,True,6,1.0,5.0,1.0,0.24657314099022187,-0.23286570495110936,6,9f93a2cd37e243cb828993d9eb1b93fd,97,"{'device_compute': 0.24654417700367048, 'd2e_transport': 0.0, 'edge_queue': 0.0, 'edge_segment_compute': 0.0, 'edge_exit_head_compute': 0.0, 'edge_exit_check': 0.0, 'e2c_transport': 0.0, 'cloud_queue': 0.0, 'cloud_segment_compute': 0.0, 'cloud_exit_head_compute': 0.0, 'cloud_exit_check': 0.0, 'total_latency': 0.24657314099022187, 'unattributed_overhead': 2.8963986551389098e-05, 'request_id': '9f93a2cd37e243cb828993d9eb1b93fd', 'user_id': 0, 'prediction': 6, 'exit_id': 'final', 'exit_boundary_id': 19, 'exit_location': 'device', 'confidence': 0.9999476671218872, 'executed_segments_by_node': {'device': [0, 1, 2, 3, 4, 5, 6, 7, 8, 9, 10, 11, 12, 13, 14, 15, 16, 17, 18]}, 'nodes': [{'node': 'device', 'executed_segments': [0, 1, 2, 3, 4, 5, 6, 7, 8, 9, 10, 11, 12, 13, 14, 15, 16, 17, 18], 'queue_s': 0.0, 'segment_compute_s': 0.24196572400978766, 'exit_head_compute_s': 0.0037985189992468804, 'exit_check_s': 0.00026927003636956215, 'worker_elapsed_s': 0.24654417700367048}], 'sample_id': 'balanced_006_0736_00007467', 'label': 6, 'correct': True, 'observed_utility': -0.23286570495110936}",balanced_006_0736_00007467,97,7467,0.4721226692199707,4637262832061755905,0.24657314099022187,2.8963986551389098e-05,0
0.0,0.24325339798815548,0.24325339798815548,0.2432821209949907,0.24325339798815548,1784947370.62482,1784947369.9027011,1784947370.1527011,0.0,0.0,0.0,0.0,0.9999845027923584,0.0,ablate-end-only-resnet50-cifar10-pi5-r2-20260725-104212:v1,1,0.24325339798815548,unknown,0.0,0.0,0.0,0.0,0.0,"{'device': [0, 1, 2, 3, 4, 5, 6, 7, 8, 9, 10, 11, 12, 13, 14, 15, 16, 17, 18]}",19,final,device,True,8,1.0,5.0,1.0,0.2432821209949907,-0.21641060497495346,8,e1e4746dc24641668046049918997588,98,"{'device_compute': 0.24325339798815548, 'd2e_transport': 0.0, 'edge_queue': 0.0, 'edge_segment_compute': 0.0, 'edge_exit_head_compute': 0.0, 'edge_exit_check': 0.0, 'e2c_transport': 0.0, 'cloud_queue': 0.0, 'cloud_segment_compute': 0.0, 'cloud_exit_head_compute': 0.0, 'cloud_exit_check': 0.0, 'total_latency': 0.2432821209949907, 'unattributed_overhead': 2.8723006835207343e-05, 'request_id': 'e1e4746dc24641668046049918997588', 'user_id': 0, 'prediction': 8, 'exit_id': 'final', 'exit_boundary_id': 19, 'exit_location': 'device', 'confidence': 0.9999845027923584, 'executed_segments_by_node': {'device': [0, 1, 2, 3, 4, 5, 6, 7, 8, 9, 10, 11, 12, 13, 14, 15, 16, 17, 18]}, 'nodes': [{'node': 'device', 'executed_segments': [0, 1, 2, 3, 4, 5, 6, 7, 8, 9, 10, 11, 12, 13, 14, 15, 16, 17, 18], 'queue_s': 0.0, 'segment_compute_s': 0.24027010705322027, 'exit_head_compute_s': 0.0022381880262400955, 'exit_check_s': 0.0002515470259822905, 'worker_elapsed_s': 0.24325339798815548}], 'sample_id': 'balanced_008_0013_00000108', 'label': 8, 'correct': True, 'observed_utility': -0.21641060497495346}",balanced_008_0013_00000108,98,108,0.4721188545227051,4637262832061755905,0.2432821209949907,2.8723006835207343e-05,0
0.0,0.249466654000571,0.249466654000571,0.24949506198754534,0.249466654000571,1784947370.9232342,1784947370.1661146,1784947370.4161146,0.0,0.0,0.0,0.0,0.9999972581863403,0.0,ablate-end-only-resnet50-cifar10-pi5-r2-20260725-104212:v1,1,0.249466654000571,unknown,0.0,0.0,0.0,0.0,0.0,"{'device': [0, 1, 2, 3, 4, 5, 6, 7, 8, 9, 10, 11, 12, 13, 14, 15, 16, 17, 18]}",19,final,device,True,9,1.0,5.0,1.0,0.24949506198754534,-0.2474753099377267,9,5a364a2c32784962bff189699205b9b8,99,"{'device_compute': 0.249466654000571, 'd2e_transport': 0.0, 'edge_queue': 0.0, 'edge_segment_compute': 0.0, 'edge_exit_head_compute': 0.0, 'edge_exit_check': 0.0, 'e2c_transport': 0.0, 'cloud_queue': 0.0, 'cloud_segment_compute': 0.0, 'cloud_exit_head_compute': 0.0, 'cloud_exit_check': 0.0, 'total_latency': 0.24949506198754534, 'unattributed_overhead': 2.8407986974343657e-05, 'request_id': '5a364a2c32784962bff189699205b9b8', 'user_id': 0, 'prediction': 9, 'exit_id': 'final', 'exit_boundary_id': 19, 'exit_location': 'device', 'confidence': 0.9999972581863403, 'executed_segments_by_node': {'device': [0, 1, 2, 3, 4, 5, 6, 7, 8, 9, 10, 11, 12, 13, 14, 15, 16, 17, 18]}, 'nodes': [{'node': 'device', 'executed_segments': [0, 1, 2, 3, 4, 5, 6, 7, 8, 9, 10, 11, 12, 13, 14, 15, 16, 17, 18], 'queue_s': 0.0, 'segment_compute_s': 0.24650403100531548, 'exit_head_compute_s': 0.0021962440223433077, 'exit_check_s': 0.00028128703706897795, 'worker_elapsed_s': 0.249466654000571}], 'sample_id': 'balanced_009_0374_00003687', 'label': 9, 'correct': True, 'observed_utility': -0.2474753099377267}",balanced_009_0374_00003687,99,3687,0.5071196556091309,4637262832061755905,0.24949506198754534,2.8407986974343657e-05,0
