T_bandwidth_calibration,T_compute_device,T_compute_edge,T_compute_s,T_d2e,T_d_compute,T_device_edge_roundtrip,T_e_compute,T_node_edge,T_queue_s,T_total,T_worker_elapsed_s,actual_start_at_utc,barrier_ready_at_utc,barrier_release_at_utc,cloud_exit_check,cloud_exit_head_compute,cloud_queue,cloud_segment_compute,confidence,d2e_transport,decision_id,decision_version,device_compute,difficulty,e2c_transport,edge_exit_check,edge_exit_head_compute,edge_queue,edge_segment_compute,executed_segments_by_node,exit_boundary_id,exit_id,exit_location,is_correct,label,objective_alpha,objective_beta,observed_accuracy,observed_latency,observed_utility,prediction,request_id,request_seq,request_trace,sample_id,sample_index,source_index,start_skew_s,test_sample_seed,total_latency,unattributed_overhead,user_id
5.304018020629883,4.805500793736428e-05,0.11458459997083992,0.11458459997083992,0.15264264003781136,4.805500793736428e-05,0.27027583999733906,0.11458459997083992,0.1176331999595277,0.0012032000231556594,0.27035095100291073,0.11460129998158664,1784780797.56208,1784780791.183656,1784780796.737674,0.0,0.0,0.0,0.0,0.7488728165626526,0.15264264003781136,smoke-warm-resnet50-cifar10-pi5-20260723-122619:v1,1,4.805500793736428e-05,unknown,0.0,8.430000161752105e-05,0.000651499954983592,0.0012032000231556594,0.11364940000930801,"{'device': [], 'edge': [0, 1, 2, 3, 4, 5, 6, 7]}",8,after_layer2,edge,True,6,1.0,5.0,1.0,0.27035095100291073,-0.35175475501455367,6,a8aab10873ed4bc28b0484e27ac5011d,0,"{'device_compute': 4.805500793736428e-05, 'd2e_transport': 0.15264264003781136, 'edge_queue': 0.0012032000231556594, 'edge_segment_compute': 0.11364940000930801, 'edge_exit_head_compute': 0.000651499954983592, 'edge_exit_check': 8.430000161752105e-05, 'e2c_transport': 0.0, 'cloud_queue': 0.0, 'cloud_segment_compute': 0.0, 'cloud_exit_head_compute': 0.0, 'cloud_exit_check': 0.0, 'total_latency': 0.27035095100291073, 'unattributed_overhead': 0.002071855968097225, 'request_id': 'a8aab10873ed4bc28b0484e27ac5011d', 'user_id': 0, 'prediction': 6, 'exit_id': 'after_layer2', 'exit_boundary_id': 8, 'exit_location': 'edge', 'confidence': 0.7488728165626526, 'executed_segments_by_node': {'device': [], 'edge': [0, 1, 2, 3, 4, 5, 6, 7]}, 'nodes': [{'node': 'device', 'executed_segments': [], 'queue_s': 0.0, 'segment_compute_s': 0.0, 'exit_head_compute_s': 0.0, 'exit_check_s': 0.0, 'worker_elapsed_s': 4.805500793736428e-05}, {'node': 'edge', 'executed_segments': [0, 1, 2, 3, 4, 5, 6, 7], 'queue_s': 0.0012032000231556594, 'segment_compute_s': 0.11364940000930801, 'exit_head_compute_s': 0.000651499954983592, 'exit_check_s': 8.430000161752105e-05, 'worker_elapsed_s': 0.11460129998158664}], 'sample_id': 'balanced_006_0513_00005174', 'label': 6, 'correct': True, 'observed_utility': -0.35175475501455367}",balanced_006_0513_00005174,0,5174,0.8244059085845947,8403484519036877491,0.27035095100291073,0.002071855968097225,0
0.0,3.096200816798955e-05,0.2202518999692984,0.2202518999692984,0.1551689290063223,3.096200816798955e-05,0.37738112900115084,0.2202518999692984,0.22221219999482855,0.0012511999811977148,0.3774352760083275,0.22026450000703335,1784780798.8081234,1784780797.7418573,1784780797.9918573,0.0,0.0,0.0,0.0,0.9887441396713257,0.1551689290063223,smoke-warm-resnet50-cifar10-pi5-20260723-122619:v1,1,3.096200816798955e-05,unknown,0.0,0.0001805999781936407,0.0009027999476529658,0.0012511999811977148,0.21882850013207644,"{'device': [], 'edge': [0, 1, 2, 3, 4, 5, 6, 7, 8, 9, 10, 11, 12, 13, 14, 15, 16, 17, 18]}",19,final,edge,True,5,1.0,5.0,1.0,0.3774352760083275,-0.8871763800416375,5,8675cc4376cb415a91fafff0a610facc,1,"{'device_compute': 3.096200816798955e-05, 'd2e_transport': 0.1551689290063223, 'edge_queue': 0.0012511999811977148, 'edge_segment_compute': 0.21882850013207644, 'edge_exit_head_compute': 0.0009027999476529658, 'edge_exit_check': 0.0001805999781936407, 'e2c_transport': 0.0, 'cloud_queue': 0.0, 'cloud_segment_compute': 0.0, 'cloud_exit_head_compute': 0.0, 'cloud_exit_check': 0.0, 'total_latency': 0.3774352760083275, 'unattributed_overhead': 0.0010722849547164515, 'request_id': '8675cc4376cb415a91fafff0a610facc', 'user_id': 0, 'prediction': 5, 'exit_id': 'final', 'exit_boundary_id': 19, 'exit_location': 'edge', 'confidence': 0.9887441396713257, 'executed_segments_by_node': {'device': [], 'edge': [0, 1, 2, 3, 4, 5, 6, 7, 8, 9, 10, 11, 12, 13, 14, 15, 16, 17, 18]}, 'nodes': [{'node': 'device', 'executed_segments': [], 'queue_s': 0.0, 'segment_compute_s': 0.0, 'exit_head_compute_s': 0.0, 'exit_check_s': 0.0, 'worker_elapsed_s': 3.096200816798955e-05}, {'node': 'edge', 'executed_segments': [0, 1, 2, 3, 4, 5, 6, 7, 8, 9, 10, 11, 12, 13, 14, 15, 16, 17, 18], 'queue_s': 0.0012511999811977148, 'segment_compute_s': 0.21882850013207644, 'exit_head_compute_s': 0.0009027999476529658, 'exit_check_s': 0.0001805999781936407, 'worker_elapsed_s': 0.22026450000703335}], 'sample_id': 'balanced_005_0153_00001731', 'label': 5, 'correct': True, 'observed_utility': -0.8871763800416375}",balanced_005_0153_00001731,1,1731,0.8162660598754883,8403484519036877491,0.3774352760083275,0.0010722849547164515,0
0.0,3.31290066242218e-05,0.22062619996722788,0.22062619996722788,0.16423977898375597,3.31290066242218e-05,0.38653027899272274,0.22062619996722788,0.22229050000896677,0.0009416000102646649,0.38658683400717564,0.2206380999996327,1784780799.2489996,1784780798.1809056,1784780798.4309056,0.0,0.0,0.0,0.0,0.9997264742851257,0.16423977898375597,smoke-warm-resnet50-cifar10-pi5-20260723-122619:v1,1,3.31290066242218e-05,unknown,0.0,0.00015639991033822298,0.0008654999546706676,0.0009416000102646649,0.2192594999796711,"{'device': [], 'edge': [0, 1, 2, 3, 4, 5, 6, 7, 8, 9, 10, 11, 12, 13, 14, 15, 16, 17, 18]}",19,final,edge,True,8,1.0,5.0,1.0,0.38658683400717564,-0.9329341700358782,8,d1f660fdc87a4dd9a54424011d739263,2,"{'device_compute': 3.31290066242218e-05, 'd2e_transport': 0.16423977898375597, 'edge_queue': 0.0009416000102646649, 'edge_segment_compute': 0.2192594999796711, 'edge_exit_head_compute': 0.0008654999546706676, 'edge_exit_check': 0.00015639991033822298, 'e2c_transport': 0.0, 'cloud_queue': 0.0, 'cloud_segment_compute': 0.0, 'cloud_exit_head_compute': 0.0, 'cloud_exit_check': 0.0, 'total_latency': 0.38658683400717564, 'unattributed_overhead': 0.0010909261618508026, 'request_id': 'd1f660fdc87a4dd9a54424011d739263', 'user_id': 0, 'prediction': 8, 'exit_id': 'final', 'exit_boundary_id': 19, 'exit_location': 'edge', 'confidence': 0.9997264742851257, 'executed_segments_by_node': {'device': [], 'edge': [0, 1, 2, 3, 4, 5, 6, 7, 8, 9, 10, 11, 12, 13, 14, 15, 16, 17, 18]}, 'nodes': [{'node': 'device', 'executed_segments': [], 'queue_s': 0.0, 'segment_compute_s': 0.0, 'exit_head_compute_s': 0.0, 'exit_check_s': 0.0, 'worker_elapsed_s': 3.31290066242218e-05}, {'node': 'edge', 'executed_segments': [0, 1, 2, 3, 4, 5, 6, 7, 8, 9, 10, 11, 12, 13, 14, 15, 16, 17, 18], 'queue_s': 0.0009416000102646649, 'segment_compute_s': 0.2192594999796711, 'exit_head_compute_s': 0.0008654999546706676, 'exit_check_s': 0.00015639991033822298, 'worker_elapsed_s': 0.2206380999996327}], 'sample_id': 'balanced_008_0166_00001510', 'label': 8, 'correct': True, 'observed_utility': -0.9329341700358782}",balanced_008_0166_00001510,2,1510,0.81809401512146,8403484519036877491,0.38658683400717564,0.0010909261618508026,0
0.0,5.8739999076351523e-05,0.18818619998637587,0.18818619998637587,0.13548235704365652,5.8739999076351523e-05,0.3264636570092989,0.18818619998637587,0.1909812999656424,0.0011987999896518886,0.3265516739920713,0.18820400000549853,1784780799.700748,1784780798.6263807,1784780798.8763807,0.0,0.0,0.0,0.0,0.9307263493537903,0.13548235704365652,smoke-warm-resnet50-cifar10-pi5-20260723-122619:v1,1,5.8739999076351523e-05,unknown,0.0,0.00012129999231547117,0.0008642000611871481,0.0011987999896518886,0.1868806999991648,"{'device': [], 'edge': [0, 1, 2, 3, 4, 5, 6, 7, 8, 9, 10, 11, 12, 13]}",14,after_layer3,edge,True,1,1.0,5.0,1.0,0.3265516739920713,-0.6327583699603565,1,5c9b731a328a4c2b9af5e56becbb3f15,3,"{'device_compute': 5.8739999076351523e-05, 'd2e_transport': 0.13548235704365652, 'edge_queue': 0.0011987999896518886, 'edge_segment_compute': 0.1868806999991648, 'edge_exit_head_compute': 0.0008642000611871481, 'edge_exit_check': 0.00012129999231547117, 'e2c_transport': 0.0, 'cloud_queue': 0.0, 'cloud_segment_compute': 0.0, 'cloud_exit_head_compute': 0.0, 'cloud_exit_check': 0.0, 'total_latency': 0.3265516739920713, 'unattributed_overhead': 0.0019455769070191309, 'request_id': '5c9b731a328a4c2b9af5e56becbb3f15', 'user_id': 0, 'prediction': 1, 'exit_id': 'after_layer3', 'exit_boundary_id': 14, 'exit_location': 'edge', 'confidence': 0.9307263493537903, 'executed_segments_by_node': {'device': [], 'edge': [0, 1, 2, 3, 4, 5, 6, 7, 8, 9, 10, 11, 12, 13]}, 'nodes': [{'node': 'device', 'executed_segments': [], 'queue_s': 0.0, 'segment_compute_s': 0.0, 'exit_head_compute_s': 0.0, 'exit_check_s': 0.0, 'worker_elapsed_s': 5.8739999076351523e-05}, {'node': 'edge', 'executed_segments': [0, 1, 2, 3, 4, 5, 6, 7, 8, 9, 10, 11, 12, 13], 'queue_s': 0.0011987999896518886, 'segment_compute_s': 0.1868806999991648, 'exit_head_compute_s': 0.0008642000611871481, 'exit_check_s': 0.00012129999231547117, 'worker_elapsed_s': 0.18820400000549853}], 'sample_id': 'balanced_001_0097_00001054', 'label': 1, 'correct': True, 'observed_utility': -0.6327583699603565}",balanced_001_0097_00001054,3,1054,0.8243672847747803,8403484519036877491,0.3265516739920713,0.0019455769070191309,0
0.0,3.316599759273231e-05,0.11329419998219237,0.11329419998219237,0.39254600803542417,3.316599759273231e-05,0.5090806080115726,0.11329419998219237,0.11653459997614846,0.0014288999955169857,0.5091368849971332,0.11330690002068877,1784780800.1041076,1784780799.036671,1784780799.286671,0.0,0.0,0.0,0.0,0.71396404504776,0.39254600803542417,smoke-warm-resnet50-cifar10-pi5-20260723-122619:v1,1,3.316599759273231e-05,unknown,0.0,8.070003241300583e-05,0.0006247999845072627,0.0014288999955169857,0.11239899997599423,"{'device': [], 'edge': [0, 1, 2, 3, 4, 5, 6, 7]}",8,after_layer2,edge,True,1,1.0,5.0,1.0,0.5091368849971332,-1.5456844249856658,1,4b231a02747b4d48990d8e826c913ae5,4,"{'device_compute': 3.316599759273231e-05, 'd2e_transport': 0.39254600803542417, 'edge_queue': 0.0014288999955169857, 'edge_segment_compute': 0.11239899997599423, 'edge_exit_head_compute': 0.0006247999845072627, 'edge_exit_check': 8.070003241300583e-05, 'e2c_transport': 0.0, 'cloud_queue': 0.0, 'cloud_segment_compute': 0.0, 'cloud_exit_head_compute': 0.0, 'cloud_exit_check': 0.0, 'total_latency': 0.5091368849971332, 'unattributed_overhead': 0.0020243109756847844, 'request_id': '4b231a02747b4d48990d8e826c913ae5', 'user_id': 0, 'prediction': 1, 'exit_id': 'after_layer2', 'exit_boundary_id': 8, 'exit_location': 'edge', 'confidence': 0.71396404504776, 'executed_segments_by_node': {'device': [], 'edge': [0, 1, 2, 3, 4, 5, 6, 7]}, 'nodes': [{'node': 'device', 'executed_segments': [], 'queue_s': 0.0, 'segment_compute_s': 0.0, 'exit_head_compute_s': 0.0, 'exit_check_s': 0.0, 'worker_elapsed_s': 3.316599759273231e-05}, {'node': 'edge', 'executed_segments': [0, 1, 2, 3, 4, 5, 6, 7], 'queue_s': 0.0014288999955169857, 'segment_compute_s': 0.11239899997599423, 'exit_head_compute_s': 0.0006247999845072627, 'exit_check_s': 8.070003241300583e-05, 'worker_elapsed_s': 0.11330690002068877}], 'sample_id': 'balanced_001_0996_00009935', 'label': 1, 'correct': True, 'observed_utility': -1.5456844249856658}",balanced_001_0996_00009935,4,9935,0.817436695098877,8403484519036877491,0.5091368849971332,0.0020243109756847844,0
0.0,3.0462993890978396e-05,0.18560149997938424,0.18560149997938424,0.20552091504214332,3.0462993890978396e-05,0.3935897150076926,0.18560149997938424,0.18806879996554926,0.0010000999900512397,0.3936426589934854,0.18561360001331195,1784780800.676156,1784780799.6083515,1784780799.8583515,0.0,0.0,0.0,0.0,0.9708875417709351,0.20552091504214332,smoke-warm-resnet50-cifar10-pi5-20260723-122619:v1,1,3.0462993890978396e-05,unknown,0.0,0.00012059998698532581,0.0008522000280208886,0.0010000999900512397,0.18434710009023547,"{'device': [], 'edge': [0, 1, 2, 3, 4, 5, 6, 7, 8, 9, 10, 11, 12, 13]}",14,after_layer3,edge,True,5,1.0,5.0,1.0,0.3936426589934854,-0.9682132949674269,5,9d76784bf5d3476e8bd167e46c430600,5,"{'device_compute': 3.0462993890978396e-05, 'd2e_transport': 0.20552091504214332, 'edge_queue': 0.0010000999900512397, 'edge_segment_compute': 0.18434710009023547, 'edge_exit_head_compute': 0.0008522000280208886, 'edge_exit_check': 0.00012059998698532581, 'e2c_transport': 0.0, 'cloud_queue': 0.0, 'cloud_segment_compute': 0.0, 'cloud_exit_head_compute': 0.0, 'cloud_exit_check': 0.0, 'total_latency': 0.3936426589934854, 'unattributed_overhead': 0.0017712808621581644, 'request_id': '9d76784bf5d3476e8bd167e46c430600', 'user_id': 0, 'prediction': 5, 'exit_id': 'after_layer3', 'exit_boundary_id': 14, 'exit_location': 'edge', 'confidence': 0.9708875417709351, 'executed_segments_by_node': {'device': [], 'edge': [0, 1, 2, 3, 4, 5, 6, 7, 8, 9, 10, 11, 12, 13]}, 'nodes': [{'node': 'device', 'executed_segments': [], 'queue_s': 0.0, 'segment_compute_s': 0.0, 'exit_head_compute_s': 0.0, 'exit_check_s': 0.0, 'worker_elapsed_s': 3.0462993890978396e-05}, {'node': 'edge', 'executed_segments': [0, 1, 2, 3, 4, 5, 6, 7, 8, 9, 10, 11, 12, 13], 'queue_s': 0.0010000999900512397, 'segment_compute_s': 0.18434710009023547, 'exit_head_compute_s': 0.0008522000280208886, 'exit_check_s': 0.00012059998698532581, 'worker_elapsed_s': 0.18561360001331195}], 'sample_id': 'balanced_005_0582_00005834', 'label': 5, 'correct': True, 'observed_utility': -0.9682132949674269}",balanced_005_0582_00005834,5,5834,0.8178045749664307,8403484519036877491,0.3936426589934854,0.0017712808621581644,0
0.0,3.342599666211754e-05,0.11227189999772236,0.11227189999772236,0.20123108198458795,3.342599666211754e-05,0.31650318200991023,0.11227189999772236,0.11527210002532229,0.001082700036931783,0.3165599409985589,0.11228329996811226,1784780801.1579626,1784780800.0890086,1784780800.3390086,0.0,0.0,0.0,0.0,0.8603522181510925,0.20123108198458795,smoke-warm-resnet50-cifar10-pi5-20260723-122619:v1,1,3.342599666211754e-05,unknown,0.0,8.410005830228329e-05,0.0006228999700397253,0.001082700036931783,0.11138400004711002,"{'device': [], 'edge': [0, 1, 2, 3, 4, 5, 6, 7]}",8,after_layer2,edge,True,6,1.0,5.0,1.0,0.3165599409985589,-0.5827997049927944,6,03b9f3347f3e40aca2eab21d69850de5,6,"{'device_compute': 3.342599666211754e-05, 'd2e_transport': 0.20123108198458795, 'edge_queue': 0.001082700036931783, 'edge_segment_compute': 0.11138400004711002, 'edge_exit_head_compute': 0.0006228999700397253, 'edge_exit_check': 8.410005830228329e-05, 'e2c_transport': 0.0, 'cloud_queue': 0.0, 'cloud_segment_compute': 0.0, 'cloud_exit_head_compute': 0.0, 'cloud_exit_check': 0.0, 'total_latency': 0.3165599409985589, 'unattributed_overhead': 0.002121732904925011, 'request_id': '03b9f3347f3e40aca2eab21d69850de5', 'user_id': 0, 'prediction': 6, 'exit_id': 'after_layer2', 'exit_boundary_id': 8, 'exit_location': 'edge', 'confidence': 0.8603522181510925, 'executed_segments_by_node': {'device': [], 'edge': [0, 1, 2, 3, 4, 5, 6, 7]}, 'nodes': [{'node': 'device', 'executed_segments': [], 'queue_s': 0.0, 'segment_compute_s': 0.0, 'exit_head_compute_s': 0.0, 'exit_check_s': 0.0, 'worker_elapsed_s': 3.342599666211754e-05}, {'node': 'edge', 'executed_segments': [0, 1, 2, 3, 4, 5, 6, 7], 'queue_s': 0.001082700036931783, 'segment_compute_s': 0.11138400004711002, 'exit_head_compute_s': 0.0006228999700397253, 'exit_check_s': 8.410005830228329e-05, 'worker_elapsed_s': 0.11228329996811226}], 'sample_id': 'balanced_006_0670_00006731', 'label': 6, 'correct': True, 'observed_utility': -0.5827997049927944}",balanced_006_0670_00006731,6,6731,0.8189539909362793,8403484519036877491,0.3165599409985589,0.002121732904925011,0
0.0,3.072099934797734e-05,0.11107109999284148,0.11107109999284148,0.1507610850094352,3.072099934797734e-05,0.26494338500197046,0.11107109999284148,0.11418229999253526,0.0011480000102892518,0.264997050006059,0.11108330002753064,1784780801.5286105,1784780800.4402816,1784780800.6902816,0.0,0.0,0.0,0.0,0.6923174262046814,0.1507610850094352,smoke-warm-resnet50-cifar10-pi5-20260723-122619:v1,1,3.072099934797734e-05,unknown,0.0,8.209998486563563e-05,0.0006284000119194388,0.0011480000102892518,0.11017410008935258,"{'device': [], 'edge': [0, 1, 2, 3, 4, 5, 6, 7]}",8,after_layer2,edge,True,0,1.0,5.0,1.0,0.264997050006059,-0.324985250030295,0,3bf5a84ba58f43fba0cc5904a6651a71,7,"{'device_compute': 3.072099934797734e-05, 'd2e_transport': 0.1507610850094352, 'edge_queue': 0.0011480000102892518, 'edge_segment_compute': 0.11017410008935258, 'edge_exit_head_compute': 0.0006284000119194388, 'edge_exit_check': 8.209998486563563e-05, 'e2c_transport': 0.0, 'cloud_queue': 0.0, 'cloud_segment_compute': 0.0, 'cloud_exit_head_compute': 0.0, 'cloud_exit_check': 0.0, 'total_latency': 0.264997050006059, 'unattributed_overhead': 0.002172643900848925, 'request_id': '3bf5a84ba58f43fba0cc5904a6651a71', 'user_id': 0, 'prediction': 0, 'exit_id': 'after_layer2', 'exit_boundary_id': 8, 'exit_location': 'edge', 'confidence': 0.6923174262046814, 'executed_segments_by_node': {'device': [], 'edge': [0, 1, 2, 3, 4, 5, 6, 7]}, 'nodes': [{'node': 'device', 'executed_segments': [], 'queue_s': 0.0, 'segment_compute_s': 0.0, 'exit_head_compute_s': 0.0, 'exit_check_s': 0.0, 'worker_elapsed_s': 3.072099934797734e-05}, {'node': 'edge', 'executed_segments': [0, 1, 2, 3, 4, 5, 6, 7], 'queue_s': 0.0011480000102892518, 'segment_compute_s': 0.11017410008935258, 'exit_head_compute_s': 0.0006284000119194388, 'exit_check_s': 8.209998486563563e-05, 'worker_elapsed_s': 0.11108330002753064}], 'sample_id': 'balanced_000_0257_00002589', 'label': 0, 'correct': True, 'observed_utility': -0.324985250030295}",balanced_000_0257_00002589,7,2589,0.8383288383483887,8403484519036877491,0.264997050006059,0.002172643900848925,0
0.0,3.681400266941637e-05,0.11313280003378168,0.11313280003378168,0.1363999120076187,3.681400266941637e-05,0.2526295119896531,0.11313280003378168,0.11622959998203442,0.0012959000305272639,0.25269428800675087,0.11314540001330897,1784780801.8541353,1784780800.7874928,1784780801.0374928,0.0,0.0,0.0,0.0,0.6920287609100342,0.1363999120076187,smoke-warm-resnet50-cifar10-pi5-20260723-122619:v1,1,3.681400266941637e-05,unknown,0.0,8.139997953549027e-05,0.0006345000001601875,0.0012959000305272639,0.11222379992250353,"{'device': [], 'edge': [0, 1, 2, 3, 4, 5, 6, 7]}",8,after_layer2,edge,True,9,1.0,5.0,1.0,0.25269428800675087,-0.26347144003375433,9,2b18e8ee76754eadbcabf57b6e893de6,8,"{'device_compute': 3.681400266941637e-05, 'd2e_transport': 0.1363999120076187, 'edge_queue': 0.0012959000305272639, 'edge_segment_compute': 0.11222379992250353, 'edge_exit_head_compute': 0.0006345000001601875, 'edge_exit_check': 8.139997953549027e-05, 'e2c_transport': 0.0, 'cloud_queue': 0.0, 'cloud_segment_compute': 0.0, 'cloud_exit_head_compute': 0.0, 'cloud_exit_check': 0.0, 'total_latency': 0.25269428800675087, 'unattributed_overhead': 0.0020219620637362823, 'request_id': '2b18e8ee76754eadbcabf57b6e893de6', 'user_id': 0, 'prediction': 9, 'exit_id': 'after_layer2', 'exit_boundary_id': 8, 'exit_location': 'edge', 'confidence': 0.6920287609100342, 'executed_segments_by_node': {'device': [], 'edge': [0, 1, 2, 3, 4, 5, 6, 7]}, 'nodes': [{'node': 'device', 'executed_segments': [], 'queue_s': 0.0, 'segment_compute_s': 0.0, 'exit_head_compute_s': 0.0, 'exit_check_s': 0.0, 'worker_elapsed_s': 3.681400266941637e-05}, {'node': 'edge', 'executed_segments': [0, 1, 2, 3, 4, 5, 6, 7], 'queue_s': 0.0012959000305272639, 'segment_compute_s': 0.11222379992250353, 'exit_head_compute_s': 0.0006345000001601875, 'exit_check_s': 8.139997953549027e-05, 'worker_elapsed_s': 0.11314540001330897}], 'sample_id': 'balanced_009_0634_00006313', 'label': 9, 'correct': True, 'observed_utility': -0.26347144003375433}",balanced_009_0634_00006313,8,6313,0.8166425228118896,8403484519036877491,0.25269428800675087,0.0020219620637362823,0
0.0,3.262900281697512e-05,0.18249600002309307,0.18249600002309307,0.14321797105367295,3.262900281697512e-05,0.3280964709992986,0.18249600002309307,0.18487849994562566,0.000999900046736002,0.3281523400073638,0.18250749999424443,1784780802.1801183,1784780801.1132243,1784780801.3632243,0.0,0.0,0.0,0.0,0.9442494511604309,0.14321797105367295,smoke-warm-resnet50-cifar10-pi5-20260723-122619:v1,1,3.262900281697512e-05,unknown,0.0,0.00012280000373721123,0.0008536999812349677,0.000999900046736002,0.18124569999054074,"{'device': [], 'edge': [0, 1, 2, 3, 4, 5, 6, 7, 8, 9, 10, 11, 12, 13]}",14,after_layer3,edge,True,6,1.0,5.0,1.0,0.3281523400073638,-0.6407617000368191,6,1dba3044d0944f1ea44b708ca47bc0c9,9,"{'device_compute': 3.262900281697512e-05, 'd2e_transport': 0.14321797105367295, 'edge_queue': 0.000999900046736002, 'edge_segment_compute': 0.18124569999054074, 'edge_exit_head_compute': 0.0008536999812349677, 'edge_exit_check': 0.00012280000373721123, 'e2c_transport': 0.0, 'cloud_queue': 0.0, 'cloud_segment_compute': 0.0, 'cloud_exit_head_compute': 0.0, 'cloud_exit_check': 0.0, 'total_latency': 0.3281523400073638, 'unattributed_overhead': 0.0016796399286249653, 'request_id': '1dba3044d0944f1ea44b708ca47bc0c9', 'user_id': 0, 'prediction': 6, 'exit_id': 'after_layer3', 'exit_boundary_id': 14, 'exit_location': 'edge', 'confidence': 0.9442494511604309, 'executed_segments_by_node': {'device': [], 'edge': [0, 1, 2, 3, 4, 5, 6, 7, 8, 9, 10, 11, 12, 13]}, 'nodes': [{'node': 'device', 'executed_segments': [], 'queue_s': 0.0, 'segment_compute_s': 0.0, 'exit_head_compute_s': 0.0, 'exit_check_s': 0.0, 'worker_elapsed_s': 3.262900281697512e-05}, {'node': 'edge', 'executed_segments': [0, 1, 2, 3, 4, 5, 6, 7, 8, 9, 10, 11, 12, 13], 'queue_s': 0.000999900046736002, 'segment_compute_s': 0.18124569999054074, 'exit_head_compute_s': 0.0008536999812349677, 'exit_check_s': 0.00012280000373721123, 'worker_elapsed_s': 0.18250749999424443}], 'sample_id': 'balanced_006_0564_00005631', 'label': 6, 'correct': True, 'observed_utility': -0.6407617000368191}",balanced_006_0564_00005631,9,5631,0.8168940544128418,8403484519036877491,0.3281523400073638,0.0016796399286249653,0
0.0,3.1629009754396975e-05,0.18676010001217946,0.18676010001217946,0.1586349330173107,3.1629009754396975e-05,0.3479520330001833,0.18676010001217946,0.1893170999828726,0.0010871000122278929,0.34800779100623913,0.18677159998333082,1784780802.5633147,1784780801.495503,1784780801.745503,0.0,0.0,0.0,0.0,0.9532618522644043,0.1586349330173107,smoke-warm-resnet50-cifar10-pi5-20260723-122619:v1,1,3.1629009754396975e-05,unknown,0.0,0.00011899997480213642,0.0008479999960400164,0.0010871000122278929,0.18551330000627786,"{'device': [], 'edge': [0, 1, 2, 3, 4, 5, 6, 7, 8, 9, 10, 11, 12, 13]}",14,after_layer3,edge,True,7,1.0,5.0,1.0,0.34800779100623913,-0.7400389550311957,7,12815c0bfe5940fcb2af5e568fb82947,10,"{'device_compute': 3.1629009754396975e-05, 'd2e_transport': 0.1586349330173107, 'edge_queue': 0.0010871000122278929, 'edge_segment_compute': 0.18551330000627786, 'edge_exit_head_compute': 0.0008479999960400164, 'edge_exit_check': 0.00011899997480213642, 'e2c_transport': 0.0, 'cloud_queue': 0.0, 'cloud_segment_compute': 0.0, 'cloud_exit_head_compute': 0.0, 'cloud_exit_check': 0.0, 'total_latency': 0.34800779100623913, 'unattributed_overhead': 0.0017738289898261428, 'request_id': '12815c0bfe5940fcb2af5e568fb82947', 'user_id': 0, 'prediction': 7, 'exit_id': 'after_layer3', 'exit_boundary_id': 14, 'exit_location': 'edge', 'confidence': 0.9532618522644043, 'executed_segments_by_node': {'device': [], 'edge': [0, 1, 2, 3, 4, 5, 6, 7, 8, 9, 10, 11, 12, 13]}, 'nodes': [{'node': 'device', 'executed_segments': [], 'queue_s': 0.0, 'segment_compute_s': 0.0, 'exit_head_compute_s': 0.0, 'exit_check_s': 0.0, 'worker_elapsed_s': 3.1629009754396975e-05}, {'node': 'edge', 'executed_segments': [0, 1, 2, 3, 4, 5, 6, 7, 8, 9, 10, 11, 12, 13], 'queue_s': 0.0010871000122278929, 'segment_compute_s': 0.18551330000627786, 'exit_head_compute_s': 0.0008479999960400164, 'exit_check_s': 0.00011899997480213642, 'worker_elapsed_s': 0.18677159998333082}], 'sample_id': 'balanced_007_0360_00003739', 'label': 7, 'correct': True, 'observed_utility': -0.7400389550311957}",balanced_007_0360_00003739,10,3739,0.8178117275238037,8403484519036877491,0.34800779100623913,0.0017738289898261428,0
0.0,4.400000034365803e-05,0.06066730001475662,0.06066730001475662,0.14620400199783035,4.400000034365803e-05,0.2105166020046454,0.06066730001475662,0.06431260000681505,0.0010301999864168465,0.21059076800884213,0.06067940004868433,1784780802.970436,1784780801.8741257,1784780802.1241257,0.0,0.0,0.0,0.0,0.6181808710098267,0.14620400199783035,smoke-warm-resnet50-cifar10-pi5-20260723-122619:v1,1,4.400000034365803e-05,unknown,0.0,3.960001049563289e-05,0.0003478999715298414,0.0010301999864168465,0.060162900015711784,"{'device': [], 'edge': [0, 1, 2, 3]}",4,after_layer1,edge,True,9,1.0,5.0,1.0,0.21059076800884213,-0.052953840044210665,9,e54bda154d954993ab451074a3155ba7,11,"{'device_compute': 4.400000034365803e-05, 'd2e_transport': 0.14620400199783035, 'edge_queue': 0.0010301999864168465, 'edge_segment_compute': 0.060162900015711784, 'edge_exit_head_compute': 0.0003478999715298414, 'edge_exit_check': 3.960001049563289e-05, 'e2c_transport': 0.0, 'cloud_queue': 0.0, 'cloud_segment_compute': 0.0, 'cloud_exit_head_compute': 0.0, 'cloud_exit_check': 0.0, 'total_latency': 0.21059076800884213, 'unattributed_overhead': 0.0027621660265140235, 'request_id': 'e54bda154d954993ab451074a3155ba7', 'user_id': 0, 'prediction': 9, 'exit_id': 'after_layer1', 'exit_boundary_id': 4, 'exit_location': 'edge', 'confidence': 0.6181808710098267, 'executed_segments_by_node': {'device': [], 'edge': [0, 1, 2, 3]}, 'nodes': [{'node': 'device', 'executed_segments': [], 'queue_s': 0.0, 'segment_compute_s': 0.0, 'exit_head_compute_s': 0.0, 'exit_check_s': 0.0, 'worker_elapsed_s': 4.400000034365803e-05}, {'node': 'edge', 'executed_segments': [0, 1, 2, 3], 'queue_s': 0.0010301999864168465, 'segment_compute_s': 0.060162900015711784, 'exit_head_compute_s': 0.0003478999715298414, 'exit_check_s': 3.960001049563289e-05, 'worker_elapsed_s': 0.06067940004868433}], 'sample_id': 'balanced_009_0519_00005083', 'label': 9, 'correct': True, 'observed_utility': -0.052953840044210665}",balanced_009_0519_00005083,11,5083,0.8463103771209717,8403484519036877491,0.21059076800884213,0.0027621660265140235,0
0.0,4.7609995817765594e-05,0.18861329997889698,0.18861329997889698,0.14301986001373734,4.7609995817765594e-05,0.3340506600070512,0.18861329997889698,0.19103079999331385,0.00094959995476529,0.33413054699485656,0.18862540001282468,1784780803.2136505,1784780802.147129,1784780802.397129,0.0,0.0,0.0,0.0,0.9644575715065002,0.14301986001373734,smoke-warm-resnet50-cifar10-pi5-20260723-122619:v1,1,4.7609995817765594e-05,unknown,0.0,0.00011770002311095595,0.000833400001283735,0.00094959995476529,0.18738229997688904,"{'device': [], 'edge': [0, 1, 2, 3, 4, 5, 6, 7, 8, 9, 10, 11, 12, 13]}",14,after_layer3,edge,True,8,1.0,5.0,1.0,0.33413054699485656,-0.6706527349742828,8,f3e7bc5c18cc4fa9a0577ef49557124a,12,"{'device_compute': 4.7609995817765594e-05, 'd2e_transport': 0.14301986001373734, 'edge_queue': 0.00094959995476529, 'edge_segment_compute': 0.18738229997688904, 'edge_exit_head_compute': 0.000833400001283735, 'edge_exit_check': 0.00011770002311095595, 'e2c_transport': 0.0, 'cloud_queue': 0.0, 'cloud_segment_compute': 0.0, 'cloud_exit_head_compute': 0.0, 'cloud_exit_check': 0.0, 'total_latency': 0.33413054699485656, 'unattributed_overhead': 0.0017800770292524248, 'request_id': 'f3e7bc5c18cc4fa9a0577ef49557124a', 'user_id': 0, 'prediction': 8, 'exit_id': 'after_layer3', 'exit_boundary_id': 14, 'exit_location': 'edge', 'confidence': 0.9644575715065002, 'executed_segments_by_node': {'device': [], 'edge': [0, 1, 2, 3, 4, 5, 6, 7, 8, 9, 10, 11, 12, 13]}, 'nodes': [{'node': 'device', 'executed_segments': [], 'queue_s': 0.0, 'segment_compute_s': 0.0, 'exit_head_compute_s': 0.0, 'exit_check_s': 0.0, 'worker_elapsed_s': 4.7609995817765594e-05}, {'node': 'edge', 'executed_segments': [0, 1, 2, 3, 4, 5, 6, 7, 8, 9, 10, 11, 12, 13], 'queue_s': 0.00094959995476529, 'segment_compute_s': 0.18738229997688904, 'exit_head_compute_s': 0.000833400001283735, 'exit_check_s': 0.00011770002311095595, 'worker_elapsed_s': 0.18862540001282468}], 'sample_id': 'balanced_008_0928_00009285', 'label': 8, 'correct': True, 'observed_utility': -0.6706527349742828}",balanced_008_0928_00009285,12,9285,0.816521406173706,8403484519036877491,0.33413054699485656,0.0017800770292524248,0
0.0,4.11100045312196e-05,0.11470780003583059,0.11470780003583059,0.1638445739808958,4.11100045312196e-05,0.2814938740048092,0.11470780003583059,0.11764930002391338,0.0011972000356763601,0.2815655209997203,0.11472020001383498,1784780803.6159887,1784780802.5490148,1784780802.7990148,0.0,0.0,0.0,0.0,0.796344518661499,0.1638445739808958,smoke-warm-resnet50-cifar10-pi5-20260723-122619:v1,1,4.11100045312196e-05,unknown,0.0,8.03999719209969e-05,0.0006060000159777701,0.0011972000356763601,0.11383619986008853,"{'device': [], 'edge': [0, 1, 2, 3, 4, 5, 6, 7]}",8,after_layer2,edge,True,7,1.0,5.0,1.0,0.2815655209997203,-0.4078276049986016,7,f0bb1237bab64dfa8e22d0a59d931827,13,"{'device_compute': 4.11100045312196e-05, 'd2e_transport': 0.1638445739808958, 'edge_queue': 0.0011972000356763601, 'edge_segment_compute': 0.11383619986008853, 'edge_exit_head_compute': 0.0006060000159777701, 'edge_exit_check': 8.03999719209969e-05, 'e2c_transport': 0.0, 'cloud_queue': 0.0, 'cloud_segment_compute': 0.0, 'cloud_exit_head_compute': 0.0, 'cloud_exit_check': 0.0, 'total_latency': 0.2815655209997203, 'unattributed_overhead': 0.001960037130629644, 'request_id': 'f0bb1237bab64dfa8e22d0a59d931827', 'user_id': 0, 'prediction': 7, 'exit_id': 'after_layer2', 'exit_boundary_id': 8, 'exit_location': 'edge', 'confidence': 0.796344518661499, 'executed_segments_by_node': {'device': [], 'edge': [0, 1, 2, 3, 4, 5, 6, 7]}, 'nodes': [{'node': 'device', 'executed_segments': [], 'queue_s': 0.0, 'segment_compute_s': 0.0, 'exit_head_compute_s': 0.0, 'exit_check_s': 0.0, 'worker_elapsed_s': 4.11100045312196e-05}, {'node': 'edge', 'executed_segments': [0, 1, 2, 3, 4, 5, 6, 7], 'queue_s': 0.0011972000356763601, 'segment_compute_s': 0.11383619986008853, 'exit_head_compute_s': 0.0006060000159777701, 'exit_check_s': 8.03999719209969e-05, 'worker_elapsed_s': 0.11472020001383498}], 'sample_id': 'balanced_007_0609_00005965', 'label': 7, 'correct': True, 'observed_utility': -0.4078276049986016}",balanced_007_0609_00005965,13,5965,0.8169739246368408,8403484519036877491,0.2815655209997203,0.001960037130629644,0
0.0,3.1185001716949046e-05,0.21766310004750267,0.21766310004750267,0.12987436300318222,3.1185001716949046e-05,0.3491139630059479,0.21766310004750267,0.21923960000276566,0.0009551999974064529,0.3491682410094654,0.21767410001484677,1784780803.9998255,1784780802.933732,1784780803.183732,0.0,0.0,0.0,0.0,0.9553421139717102,0.12987436300318222,smoke-warm-resnet50-cifar10-pi5-20260723-122619:v1,1,3.1185001716949046e-05,unknown,0.0,0.0001485000248067081,0.0009013000526465476,0.0009551999974064529,0.21629079995909706,"{'device': [], 'edge': [0, 1, 2, 3, 4, 5, 6, 7, 8, 9, 10, 11, 12, 13, 14, 15, 16, 17, 18]}",19,final,edge,False,0,1.0,5.0,0.0,0.3491682410094654,-1.745841205047327,2,511e4597e5ad4e679ce0d3232db59066,14,"{'device_compute': 3.1185001716949046e-05, 'd2e_transport': 0.12987436300318222, 'edge_queue': 0.0009551999974064529, 'edge_segment_compute': 0.21629079995909706, 'edge_exit_head_compute': 0.0009013000526465476, 'edge_exit_check': 0.0001485000248067081, 'e2c_transport': 0.0, 'cloud_queue': 0.0, 'cloud_segment_compute': 0.0, 'cloud_exit_head_compute': 0.0, 'cloud_exit_check': 0.0, 'total_latency': 0.3491682410094654, 'unattributed_overhead': 0.0009668929706094787, 'request_id': '511e4597e5ad4e679ce0d3232db59066', 'user_id': 0, 'prediction': 2, 'exit_id': 'final', 'exit_boundary_id': 19, 'exit_location': 'edge', 'confidence': 0.9553421139717102, 'executed_segments_by_node': {'device': [], 'edge': [0, 1, 2, 3, 4, 5, 6, 7, 8, 9, 10, 11, 12, 13, 14, 15, 16, 17, 18]}, 'nodes': [{'node': 'device', 'executed_segments': [], 'queue_s': 0.0, 'segment_compute_s': 0.0, 'exit_head_compute_s': 0.0, 'exit_check_s': 0.0, 'worker_elapsed_s': 3.1185001716949046e-05}, {'node': 'edge', 'executed_segments': [0, 1, 2, 3, 4, 5, 6, 7, 8, 9, 10, 11, 12, 13, 14, 15, 16, 17, 18], 'queue_s': 0.0009551999974064529, 'segment_compute_s': 0.21629079995909706, 'exit_head_compute_s': 0.0009013000526465476, 'exit_check_s': 0.0001485000248067081, 'worker_elapsed_s': 0.21767410001484677}], 'sample_id': 'balanced_000_0101_00000982', 'label': 0, 'correct': False, 'observed_utility': -1.745841205047327}",balanced_000_0101_00000982,14,982,0.8160934448242188,8403484519036877491,0.3491682410094654,0.0009668929706094787,0
0.0,3.905499761458486e-05,0.22377589996904135,0.22377589996904135,0.1654013469669735,3.905499761458486e-05,0.39118844699987676,0.22377589996904135,0.22578710003290325,0.0012667999835684896,0.39125328000227455,0.22378739999840036,1784780804.41714,1784780803.3507233,1784780803.6007233,0.0,0.0,0.0,0.0,0.9985004663467407,0.1654013469669735,smoke-warm-resnet50-cifar10-pi5-20260723-122619:v1,1,3.905499761458486e-05,unknown,0.0,0.00015429995255544782,0.0008787999977357686,0.0012667999835684896,0.22236379998503253,"{'device': [], 'edge': [0, 1, 2, 3, 4, 5, 6, 7, 8, 9, 10, 11, 12, 13, 14, 15, 16, 17, 18]}",19,final,edge,True,2,1.0,5.0,1.0,0.39125328000227455,-0.9562664000113728,2,7f11e69ca0ea46559de0c38dc6c8d460,15,"{'device_compute': 3.905499761458486e-05, 'd2e_transport': 0.1654013469669735, 'edge_queue': 0.0012667999835684896, 'edge_segment_compute': 0.22236379998503253, 'edge_exit_head_compute': 0.0008787999977357686, 'edge_exit_check': 0.00015429995255544782, 'e2c_transport': 0.0, 'cloud_queue': 0.0, 'cloud_segment_compute': 0.0, 'cloud_exit_head_compute': 0.0, 'cloud_exit_check': 0.0, 'total_latency': 0.39125328000227455, 'unattributed_overhead': 0.0011491781187942252, 'request_id': '7f11e69ca0ea46559de0c38dc6c8d460', 'user_id': 0, 'prediction': 2, 'exit_id': 'final', 'exit_boundary_id': 19, 'exit_location': 'edge', 'confidence': 0.9985004663467407, 'executed_segments_by_node': {'device': [], 'edge': [0, 1, 2, 3, 4, 5, 6, 7, 8, 9, 10, 11, 12, 13, 14, 15, 16, 17, 18]}, 'nodes': [{'node': 'device', 'executed_segments': [], 'queue_s': 0.0, 'segment_compute_s': 0.0, 'exit_head_compute_s': 0.0, 'exit_check_s': 0.0, 'worker_elapsed_s': 3.905499761458486e-05}, {'node': 'edge', 'executed_segments': [0, 1, 2, 3, 4, 5, 6, 7, 8, 9, 10, 11, 12, 13, 14, 15, 16, 17, 18], 'queue_s': 0.0012667999835684896, 'segment_compute_s': 0.22236379998503253, 'exit_head_compute_s': 0.0008787999977357686, 'exit_check_s': 0.00015429995255544782, 'worker_elapsed_s': 0.22378739999840036}], 'sample_id': 'balanced_002_0854_00008542', 'label': 2, 'correct': True, 'observed_utility': -0.9562664000113728}",balanced_002_0854_00008542,15,8542,0.8164167404174805,8403484519036877491,0.39125328000227455,0.0011491781187942252,0
0.0,3.298099909443408e-05,0.19534169998951256,0.19534169998951256,0.16255069596809335,3.298099909443408e-05,0.36071069599711336,0.19534169998951256,0.19816000002902,0.0013157000066712499,0.3607666030002292,0.19535429996903986,1784780804.8652847,1784780803.800043,1784780804.050043,0.0,0.0,0.0,0.0,0.7814438939094543,0.16255069596809335,smoke-warm-resnet50-cifar10-pi5-20260723-122619:v1,1,3.298099909443408e-05,unknown,0.0,0.00012269994476810098,0.0008656000718474388,0.0013157000066712499,0.19403299991972744,"{'device': [], 'edge': [0, 1, 2, 3, 4, 5, 6, 7, 8, 9, 10, 11, 12, 13]}",14,after_layer3,edge,True,4,1.0,5.0,1.0,0.3607666030002292,-0.8038330150011461,4,227cb564433344f7bf4ad8eb0020a34c,16,"{'device_compute': 3.298099909443408e-05, 'd2e_transport': 0.16255069596809335, 'edge_queue': 0.0013157000066712499, 'edge_segment_compute': 0.19403299991972744, 'edge_exit_head_compute': 0.0008656000718474388, 'edge_exit_check': 0.00012269994476810098, 'e2c_transport': 0.0, 'cloud_queue': 0.0, 'cloud_segment_compute': 0.0, 'cloud_exit_head_compute': 0.0, 'cloud_exit_check': 0.0, 'total_latency': 0.3607666030002292, 'unattributed_overhead': 0.0018459260900272056, 'request_id': '227cb564433344f7bf4ad8eb0020a34c', 'user_id': 0, 'prediction': 4, 'exit_id': 'after_layer3', 'exit_boundary_id': 14, 'exit_location': 'edge', 'confidence': 0.7814438939094543, 'executed_segments_by_node': {'device': [], 'edge': [0, 1, 2, 3, 4, 5, 6, 7, 8, 9, 10, 11, 12, 13]}, 'nodes': [{'node': 'device', 'executed_segments': [], 'queue_s': 0.0, 'segment_compute_s': 0.0, 'exit_head_compute_s': 0.0, 'exit_check_s': 0.0, 'worker_elapsed_s': 3.298099909443408e-05}, {'node': 'edge', 'executed_segments': [0, 1, 2, 3, 4, 5, 6, 7, 8, 9, 10, 11, 12, 13], 'queue_s': 0.0013157000066712499, 'segment_compute_s': 0.19403299991972744, 'exit_head_compute_s': 0.0008656000718474388, 'exit_check_s': 0.00012269994476810098, 'worker_elapsed_s': 0.19535429996903986}], 'sample_id': 'balanced_004_0540_00005289', 'label': 4, 'correct': True, 'observed_utility': -0.8038330150011461}",balanced_004_0540_00005289,16,5289,0.8152415752410889,8403484519036877491,0.3607666030002292,0.0018459260900272056,0
0.0,3.288900188636035e-05,0.07280949997948483,0.07280949997948483,0.22126560797914863,3.288900188636035e-05,0.2987207080004737,0.07280949997948483,0.07745510002132505,0.0018254999886266887,0.2987772249907721,0.07282290002331138,1784780805.2633321,1784780804.1954288,1784780804.4454288,0.0,0.0,0.0,0.0,0.737342119216919,0.22126560797914863,smoke-warm-resnet50-cifar10-pi5-20260723-122619:v1,1,3.288900188636035e-05,unknown,0.0,4.47999918833375e-05,0.0004316999693401158,0.0018254999886266887,0.07218379998812452,"{'device': [], 'edge': [0, 1, 2, 3]}",4,after_layer1,edge,True,0,1.0,5.0,1.0,0.2987772249907721,-0.4938861249538604,0,bef9b0ad3a0a4a7ea4c4230a0e13708a,17,"{'device_compute': 3.288900188636035e-05, 'd2e_transport': 0.22126560797914863, 'edge_queue': 0.0018254999886266887, 'edge_segment_compute': 0.07218379998812452, 'edge_exit_head_compute': 0.0004316999693401158, 'edge_exit_check': 4.47999918833375e-05, 'e2c_transport': 0.0, 'cloud_queue': 0.0, 'cloud_segment_compute': 0.0, 'cloud_exit_head_compute': 0.0, 'cloud_exit_check': 0.0, 'total_latency': 0.2987772249907721, 'unattributed_overhead': 0.002992928071762435, 'request_id': 'bef9b0ad3a0a4a7ea4c4230a0e13708a', 'user_id': 0, 'prediction': 0, 'exit_id': 'after_layer1', 'exit_boundary_id': 4, 'exit_location': 'edge', 'confidence': 0.737342119216919, 'executed_segments_by_node': {'device': [], 'edge': [0, 1, 2, 3]}, 'nodes': [{'node': 'device', 'executed_segments': [], 'queue_s': 0.0, 'segment_compute_s': 0.0, 'exit_head_compute_s': 0.0, 'exit_check_s': 0.0, 'worker_elapsed_s': 3.288900188636035e-05}, {'node': 'edge', 'executed_segments': [0, 1, 2, 3], 'queue_s': 0.0018254999886266887, 'segment_compute_s': 0.07218379998812452, 'exit_head_compute_s': 0.0004316999693401158, 'exit_check_s': 4.47999918833375e-05, 'worker_elapsed_s': 0.07282290002331138}], 'sample_id': 'balanced_000_0974_00009822', 'label': 0, 'correct': True, 'observed_utility': -0.4938861249538604}",balanced_000_0974_00009822,17,9822,0.8179032802581787,8403484519036877491,0.2987772249907721,0.002992928071762435,0
0.0,3.211099829059094e-05,0.12032590003218502,0.12032590003218502,0.12386042898287997,3.211099829059094e-05,0.24768482899526134,0.12032590003218502,0.12382440001238137,0.0014010000159032643,0.24774125500698574,0.12033999996492639,1784780805.6363106,1784780804.571108,1784780804.821108,0.0,0.0,0.0,0.0,0.6847572326660156,0.12386042898287997,smoke-warm-resnet50-cifar10-pi5-20260723-122619:v1,1,3.211099829059094e-05,unknown,0.0,9.17999423108995e-05,0.0007693000370636582,0.0014010000159032643,0.11924909992376342,"{'device': [], 'edge': [0, 1, 2, 3, 4, 5, 6, 7]}",8,after_layer2,edge,True,0,1.0,5.0,1.0,0.24774125500698574,-0.2387062750349287,0,f37eecff33f34f67afc0bef498a1a213,18,"{'device_compute': 3.211099829059094e-05, 'd2e_transport': 0.12386042898287997, 'edge_queue': 0.0014010000159032643, 'edge_segment_compute': 0.11924909992376342, 'edge_exit_head_compute': 0.0007693000370636582, 'edge_exit_check': 9.17999423108995e-05, 'e2c_transport': 0.0, 'cloud_queue': 0.0, 'cloud_segment_compute': 0.0, 'cloud_exit_head_compute': 0.0, 'cloud_exit_check': 0.0, 'total_latency': 0.24774125500698574, 'unattributed_overhead': 0.0023375151067739353, 'request_id': 'f37eecff33f34f67afc0bef498a1a213', 'user_id': 0, 'prediction': 0, 'exit_id': 'after_layer2', 'exit_boundary_id': 8, 'exit_location': 'edge', 'confidence': 0.6847572326660156, 'executed_segments_by_node': {'device': [], 'edge': [0, 1, 2, 3, 4, 5, 6, 7]}, 'nodes': [{'node': 'device', 'executed_segments': [], 'queue_s': 0.0, 'segment_compute_s': 0.0, 'exit_head_compute_s': 0.0, 'exit_check_s': 0.0, 'worker_elapsed_s': 3.211099829059094e-05}, {'node': 'edge', 'executed_segments': [0, 1, 2, 3, 4, 5, 6, 7], 'queue_s': 0.0014010000159032643, 'segment_compute_s': 0.11924909992376342, 'exit_head_compute_s': 0.0007693000370636582, 'exit_check_s': 9.17999423108995e-05, 'worker_elapsed_s': 0.12033999996492639}], 'sample_id': 'balanced_000_0638_00006418', 'label': 0, 'correct': True, 'observed_utility': -0.2387062750349287}",balanced_000_0638_00006418,18,6418,0.8152024745941162,8403484519036877491,0.24774125500698574,0.0023375151067739353,0
0.0,4.011100099887699e-05,0.17909799999324605,0.17909799999324605,0.14484688396623824,4.011100099887699e-05,0.32606788400153164,0.17909799999324605,0.1812210000352934,0.0011298999888822436,0.3261377909948351,0.1791096000233665,1784780805.935391,1784780804.8449833,1784780805.0949833,0.0,0.0,0.0,0.0,0.9997124075889587,0.14484688396623824,smoke-warm-resnet50-cifar10-pi5-20260723-122619:v1,1,4.011100099887699e-05,unknown,0.0,0.00014160003047436476,0.0008743000798858702,0.0011298999888822436,0.1777549999533221,"{'device': [], 'edge': [0, 1, 2, 3, 4, 5, 6, 7, 8, 9, 10, 11, 12, 13, 14, 15, 16, 17, 18]}",19,final,edge,True,1,1.0,5.0,1.0,0.3261377909948351,-0.6306889549741754,1,1221f1668a5947e88533fca73d7f4814,19,"{'device_compute': 4.011100099887699e-05, 'd2e_transport': 0.14484688396623824, 'edge_queue': 0.0011298999888822436, 'edge_segment_compute': 0.1777549999533221, 'edge_exit_head_compute': 0.0008743000798858702, 'edge_exit_check': 0.00014160003047436476, 'e2c_transport': 0.0, 'cloud_queue': 0.0, 'cloud_segment_compute': 0.0, 'cloud_exit_head_compute': 0.0, 'cloud_exit_check': 0.0, 'total_latency': 0.3261377909948351, 'unattributed_overhead': 0.00134999597503338, 'request_id': '1221f1668a5947e88533fca73d7f4814', 'user_id': 0, 'prediction': 1, 'exit_id': 'final', 'exit_boundary_id': 19, 'exit_location': 'edge', 'confidence': 0.9997124075889587, 'executed_segments_by_node': {'device': [], 'edge': [0, 1, 2, 3, 4, 5, 6, 7, 8, 9, 10, 11, 12, 13, 14, 15, 16, 17, 18]}, 'nodes': [{'node': 'device', 'executed_segments': [], 'queue_s': 0.0, 'segment_compute_s': 0.0, 'exit_head_compute_s': 0.0, 'exit_check_s': 0.0, 'worker_elapsed_s': 4.011100099887699e-05}, {'node': 'edge', 'executed_segments': [0, 1, 2, 3, 4, 5, 6, 7, 8, 9, 10, 11, 12, 13, 14, 15, 16, 17, 18], 'queue_s': 0.0011298999888822436, 'segment_compute_s': 0.1777549999533221, 'exit_head_compute_s': 0.0008743000798858702, 'exit_check_s': 0.00014160003047436476, 'worker_elapsed_s': 0.1791096000233665}], 'sample_id': 'balanced_001_0466_00004721', 'label': 1, 'correct': True, 'observed_utility': -0.6306889549741754}",balanced_001_0466_00004721,19,4721,0.8404076099395752,8403484519036877491,0.3261377909948351,0.00134999597503338,0
0.0,3.0037001124583185e-05,0.11582440003985539,0.11582440003985539,0.2293414049781859,3.0037001124583185e-05,0.34803060500416905,0.11582440003985539,0.11868920002598315,0.000874800025485456,0.34808347500802483,0.11583639995660633,1784780806.3015394,1784780805.2304525,1784780805.4804525,0.0,0.0,0.0,0.0,0.7574435472488403,0.2293414049781859,smoke-warm-resnet50-cifar10-pi5-20260723-122619:v1,1,3.0037001124583185e-05,unknown,0.0,8.179998258128762e-05,0.0006198999471962452,0.000874800025485456,0.11493060004431754,"{'device': [], 'edge': [0, 1, 2, 3, 4, 5, 6, 7]}",8,after_layer2,edge,True,7,1.0,5.0,1.0,0.34808347500802483,-0.7404173750401242,7,3fad363dbfbf4e838af1e510047f4753,20,"{'device_compute': 3.0037001124583185e-05, 'd2e_transport': 0.2293414049781859, 'edge_queue': 0.000874800025485456, 'edge_segment_compute': 0.11493060004431754, 'edge_exit_head_compute': 0.0006198999471962452, 'edge_exit_check': 8.179998258128762e-05, 'e2c_transport': 0.0, 'cloud_queue': 0.0, 'cloud_segment_compute': 0.0, 'cloud_exit_head_compute': 0.0, 'cloud_exit_check': 0.0, 'total_latency': 0.34808347500802483, 'unattributed_overhead': 0.0022049330291338265, 'request_id': '3fad363dbfbf4e838af1e510047f4753', 'user_id': 0, 'prediction': 7, 'exit_id': 'after_layer2', 'exit_boundary_id': 8, 'exit_location': 'edge', 'confidence': 0.7574435472488403, 'executed_segments_by_node': {'device': [], 'edge': [0, 1, 2, 3, 4, 5, 6, 7]}, 'nodes': [{'node': 'device', 'executed_segments': [], 'queue_s': 0.0, 'segment_compute_s': 0.0, 'exit_head_compute_s': 0.0, 'exit_check_s': 0.0, 'worker_elapsed_s': 3.0037001124583185e-05}, {'node': 'edge', 'executed_segments': [0, 1, 2, 3, 4, 5, 6, 7], 'queue_s': 0.000874800025485456, 'segment_compute_s': 0.11493060004431754, 'exit_head_compute_s': 0.0006198999471962452, 'exit_check_s': 8.179998258128762e-05, 'worker_elapsed_s': 0.11583639995660633}], 'sample_id': 'balanced_007_0652_00006390', 'label': 7, 'correct': True, 'observed_utility': -0.7404173750401242}",balanced_007_0652_00006390,20,6390,0.8210868835449219,8403484519036877491,0.34808347500802483,0.0022049330291338265,0
0.0,3.0480994610115886e-05,0.1957459999830462,0.1957459999830462,0.17747156602854375,3.0480994610115886e-05,0.37610486599442083,0.1957459999830462,0.19863329996587709,0.0013726000324822962,0.37615786600508727,0.19576079997932538,1784780806.6949506,1784780805.6268864,1784780805.8768864,0.0,0.0,0.0,0.0,0.8791298866271973,0.17747156602854375,smoke-warm-resnet50-cifar10-pi5-20260723-122619:v1,1,3.0480994610115886e-05,unknown,0.0,0.000146100006531924,0.0009941000607796013,0.0013726000324822962,0.19428379996679723,"{'device': [], 'edge': [0, 1, 2, 3, 4, 5, 6, 7, 8, 9, 10, 11, 12, 13]}",14,after_layer3,edge,True,4,1.0,5.0,1.0,0.37615786600508727,-0.8807893300254364,4,09dafb067cf84497b42a8283bbc2d928,21,"{'device_compute': 3.0480994610115886e-05, 'd2e_transport': 0.17747156602854375, 'edge_queue': 0.0013726000324822962, 'edge_segment_compute': 0.19428379996679723, 'edge_exit_head_compute': 0.0009941000607796013, 'edge_exit_check': 0.000146100006531924, 'e2c_transport': 0.0, 'cloud_queue': 0.0, 'cloud_segment_compute': 0.0, 'cloud_exit_head_compute': 0.0, 'cloud_exit_check': 0.0, 'total_latency': 0.37615786600508727, 'unattributed_overhead': 0.0018592189153423533, 'request_id': '09dafb067cf84497b42a8283bbc2d928', 'user_id': 0, 'prediction': 4, 'exit_id': 'after_layer3', 'exit_boundary_id': 14, 'exit_location': 'edge', 'confidence': 0.8791298866271973, 'executed_segments_by_node': {'device': [], 'edge': [0, 1, 2, 3, 4, 5, 6, 7, 8, 9, 10, 11, 12, 13]}, 'nodes': [{'node': 'device', 'executed_segments': [], 'queue_s': 0.0, 'segment_compute_s': 0.0, 'exit_head_compute_s': 0.0, 'exit_check_s': 0.0, 'worker_elapsed_s': 3.0480994610115886e-05}, {'node': 'edge', 'executed_segments': [0, 1, 2, 3, 4, 5, 6, 7, 8, 9, 10, 11, 12, 13], 'queue_s': 0.0013726000324822962, 'segment_compute_s': 0.19428379996679723, 'exit_head_compute_s': 0.0009941000607796013, 'exit_check_s': 0.000146100006531924, 'worker_elapsed_s': 0.19576079997932538}], 'sample_id': 'balanced_004_0109_00001267', 'label': 4, 'correct': True, 'observed_utility': -0.8807893300254364}",balanced_004_0109_00001267,21,1267,0.8180642127990723,8403484519036877491,0.37615786600508727,0.0018592189153423533,0
0.0,3.114799619652331e-05,0.1996864000102505,0.1996864000102505,0.12262623102287762,3.114799619652331e-05,0.32489223100128584,0.1996864000102505,0.20226599997840822,0.0012873999658040702,0.32494626799598336,0.19969980005407706,1784780807.1091838,1784780806.0431259,1784780806.2931259,0.0,0.0,0.0,0.0,0.7521617412567139,0.12262623102287762,smoke-warm-resnet50-cifar10-pi5-20260723-122619:v1,1,3.114799619652331e-05,unknown,0.0,0.00012040004367008805,0.0008672999683767557,0.0012873999658040702,0.19834760011872277,"{'device': [], 'edge': [0, 1, 2, 3, 4, 5, 6, 7, 8, 9, 10, 11, 12, 13]}",14,after_layer3,edge,True,9,1.0,5.0,1.0,0.32494626799598336,-0.6247313399799168,9,8ddebc993ac542d8b5bb7fa6a32c3914,22,"{'device_compute': 3.114799619652331e-05, 'd2e_transport': 0.12262623102287762, 'edge_queue': 0.0012873999658040702, 'edge_segment_compute': 0.19834760011872277, 'edge_exit_head_compute': 0.0008672999683767557, 'edge_exit_check': 0.00012040004367008805, 'e2c_transport': 0.0, 'cloud_queue': 0.0, 'cloud_segment_compute': 0.0, 'cloud_exit_head_compute': 0.0, 'cloud_exit_check': 0.0, 'total_latency': 0.32494626799598336, 'unattributed_overhead': 0.0016661888803355396, 'request_id': '8ddebc993ac542d8b5bb7fa6a32c3914', 'user_id': 0, 'prediction': 9, 'exit_id': 'after_layer3', 'exit_boundary_id': 14, 'exit_location': 'edge', 'confidence': 0.7521617412567139, 'executed_segments_by_node': {'device': [], 'edge': [0, 1, 2, 3, 4, 5, 6, 7, 8, 9, 10, 11, 12, 13]}, 'nodes': [{'node': 'device', 'executed_segments': [], 'queue_s': 0.0, 'segment_compute_s': 0.0, 'exit_head_compute_s': 0.0, 'exit_check_s': 0.0, 'worker_elapsed_s': 3.114799619652331e-05}, {'node': 'edge', 'executed_segments': [0, 1, 2, 3, 4, 5, 6, 7, 8, 9, 10, 11, 12, 13], 'queue_s': 0.0012873999658040702, 'segment_compute_s': 0.19834760011872277, 'exit_head_compute_s': 0.0008672999683767557, 'exit_check_s': 0.00012040004367008805, 'worker_elapsed_s': 0.19969980005407706}], 'sample_id': 'balanced_009_0227_00002240', 'label': 9, 'correct': True, 'observed_utility': -0.6247313399799168}",balanced_009_0227_00002240,22,2240,0.8160579204559326,8403484519036877491,0.32494626799598336,0.0016661888803355396,0
0.0,3.551799454726279e-05,0.20142749999649823,0.20142749999649823,0.15624082402791828,3.551799454726279e-05,0.36001872399356216,0.20142749999649823,0.20377789996564388,0.001048100006300956,0.36007946300378535,0.2014391000266187,1784780807.4856703,1784780806.4178689,1784780806.6678689,0.0,0.0,0.0,0.0,0.8955590724945068,0.15624082402791828,smoke-warm-resnet50-cifar10-pi5-20260723-122619:v1,1,3.551799454726279e-05,unknown,0.0,0.00015489995712414384,0.0010512000299058855,0.001048100006300956,0.19988430006196722,"{'device': [], 'edge': [0, 1, 2, 3, 4, 5, 6, 7, 8, 9, 10, 11, 12, 13]}",14,after_layer3,edge,True,7,1.0,5.0,1.0,0.36007946300378535,-0.8003973150189267,7,61928262be7b485e9cadc555d51b6146,23,"{'device_compute': 3.551799454726279e-05, 'd2e_transport': 0.15624082402791828, 'edge_queue': 0.001048100006300956, 'edge_segment_compute': 0.19988430006196722, 'edge_exit_head_compute': 0.0010512000299058855, 'edge_exit_check': 0.00015489995712414384, 'e2c_transport': 0.0, 'cloud_queue': 0.0, 'cloud_segment_compute': 0.0, 'cloud_exit_head_compute': 0.0, 'cloud_exit_check': 0.0, 'total_latency': 0.36007946300378535, 'unattributed_overhead': 0.0016646209260215983, 'request_id': '61928262be7b485e9cadc555d51b6146', 'user_id': 0, 'prediction': 7, 'exit_id': 'after_layer3', 'exit_boundary_id': 14, 'exit_location': 'edge', 'confidence': 0.8955590724945068, 'executed_segments_by_node': {'device': [], 'edge': [0, 1, 2, 3, 4, 5, 6, 7, 8, 9, 10, 11, 12, 13]}, 'nodes': [{'node': 'device', 'executed_segments': [], 'queue_s': 0.0, 'segment_compute_s': 0.0, 'exit_head_compute_s': 0.0, 'exit_check_s': 0.0, 'worker_elapsed_s': 3.551799454726279e-05}, {'node': 'edge', 'executed_segments': [0, 1, 2, 3, 4, 5, 6, 7, 8, 9, 10, 11, 12, 13], 'queue_s': 0.001048100006300956, 'segment_compute_s': 0.19988430006196722, 'exit_head_compute_s': 0.0010512000299058855, 'exit_check_s': 0.00015489995712414384, 'worker_elapsed_s': 0.2014391000266187}], 'sample_id': 'balanced_007_0348_00003578', 'label': 7, 'correct': True, 'observed_utility': -0.8003973150189267}",balanced_007_0348_00003578,23,3578,0.8178014755249023,8403484519036877491,0.36007946300378535,0.0016646209260215983,0
0.0,3.398100670892745e-05,0.11639000003924593,0.11639000003924593,0.14219735297956504,3.398100670892745e-05,0.2617325529863592,0.11639000003924593,0.11953520000679418,0.0009941000025719404,0.2617910330009181,0.11640179995447397,1784780807.9291487,1784780806.850866,1784780807.100866,0.0,0.0,0.0,0.0,0.7201011180877686,0.14219735297956504,smoke-warm-resnet50-cifar10-pi5-20260723-122619:v1,1,3.398100670892745e-05,unknown,0.0,8.050003089010715e-05,0.0006025999900884926,0.0009941000025719404,0.11551869992399588,"{'device': [], 'edge': [0, 1, 2, 3, 4, 5, 6, 7]}",8,after_layer2,edge,True,9,1.0,5.0,1.0,0.2617910330009181,-0.3089551650045905,9,4ef093ddf45f4d9f9206264ea7dc724b,24,"{'device_compute': 3.398100670892745e-05, 'd2e_transport': 0.14219735297956504, 'edge_queue': 0.0009941000025719404, 'edge_segment_compute': 0.11551869992399588, 'edge_exit_head_compute': 0.0006025999900884926, 'edge_exit_check': 8.050003089010715e-05, 'e2c_transport': 0.0, 'cloud_queue': 0.0, 'cloud_segment_compute': 0.0, 'cloud_exit_head_compute': 0.0, 'cloud_exit_check': 0.0, 'total_latency': 0.2617910330009181, 'unattributed_overhead': 0.002363799067097716, 'request_id': '4ef093ddf45f4d9f9206264ea7dc724b', 'user_id': 0, 'prediction': 9, 'exit_id': 'after_layer2', 'exit_boundary_id': 8, 'exit_location': 'edge', 'confidence': 0.7201011180877686, 'executed_segments_by_node': {'device': [], 'edge': [0, 1, 2, 3, 4, 5, 6, 7]}, 'nodes': [{'node': 'device', 'executed_segments': [], 'queue_s': 0.0, 'segment_compute_s': 0.0, 'exit_head_compute_s': 0.0, 'exit_check_s': 0.0, 'worker_elapsed_s': 3.398100670892745e-05}, {'node': 'edge', 'executed_segments': [0, 1, 2, 3, 4, 5, 6, 7], 'queue_s': 0.0009941000025719404, 'segment_compute_s': 0.11551869992399588, 'exit_head_compute_s': 0.0006025999900884926, 'exit_check_s': 8.050003089010715e-05, 'worker_elapsed_s': 0.11640179995447397}], 'sample_id': 'balanced_009_0335_00003282', 'label': 9, 'correct': True, 'observed_utility': -0.3089551650045905}",balanced_009_0335_00003282,24,3282,0.8282825946807861,8403484519036877491,0.2617910330009181,0.002363799067097716,0
0.0,2.968500484712422e-05,0.2196430000476539,0.2196430000476539,0.14890836703125387,2.968500484712422e-05,0.3707719669910148,0.2196430000476539,0.2218635999597609,0.001561800017952919,0.37082444700354245,0.21966429997701198,1784780808.2275348,1784780807.1576107,1784780807.4076107,0.0,0.0,0.0,0.0,0.9880877137184143,0.14890836703125387,smoke-warm-resnet50-cifar10-pi5-20260723-122619:v1,1,2.968500484712422e-05,unknown,0.0,0.00014140002895146608,0.0008500999538227916,0.001561800017952919,0.21831689990358427,"{'device': [], 'edge': [0, 1, 2, 3, 4, 5, 6, 7, 8, 9, 10, 11, 12, 13, 14, 15, 16, 17, 18]}",19,final,edge,True,3,1.0,5.0,1.0,0.37082444700354245,-0.8541222350177122,3,1c3f7294253148ab923cf05c3fe2a4a9,25,"{'device_compute': 2.968500484712422e-05, 'd2e_transport': 0.14890836703125387, 'edge_queue': 0.001561800017952919, 'edge_segment_compute': 0.21831689990358427, 'edge_exit_head_compute': 0.0008500999538227916, 'edge_exit_check': 0.00014140002895146608, 'e2c_transport': 0.0, 'cloud_queue': 0.0, 'cloud_segment_compute': 0.0, 'cloud_exit_head_compute': 0.0, 'cloud_exit_check': 0.0, 'total_latency': 0.37082444700354245, 'unattributed_overhead': 0.0010161950631299987, 'request_id': '1c3f7294253148ab923cf05c3fe2a4a9', 'user_id': 0, 'prediction': 3, 'exit_id': 'final', 'exit_boundary_id': 19, 'exit_location': 'edge', 'confidence': 0.9880877137184143, 'executed_segments_by_node': {'device': [], 'edge': [0, 1, 2, 3, 4, 5, 6, 7, 8, 9, 10, 11, 12, 13, 14, 15, 16, 17, 18]}, 'nodes': [{'node': 'device', 'executed_segments': [], 'queue_s': 0.0, 'segment_compute_s': 0.0, 'exit_head_compute_s': 0.0, 'exit_check_s': 0.0, 'worker_elapsed_s': 2.968500484712422e-05}, {'node': 'edge', 'executed_segments': [0, 1, 2, 3, 4, 5, 6, 7, 8, 9, 10, 11, 12, 13, 14, 15, 16, 17, 18], 'queue_s': 0.001561800017952919, 'segment_compute_s': 0.21831689990358427, 'exit_head_compute_s': 0.0008500999538227916, 'exit_check_s': 0.00014140002895146608, 'worker_elapsed_s': 0.21966429997701198}], 'sample_id': 'balanced_003_0083_00000845', 'label': 3, 'correct': True, 'observed_utility': -0.8541222350177122}",balanced_003_0083_00000845,25,845,0.8199241161346436,8403484519036877491,0.37082444700354245,0.0010161950631299987,0
0.0,3.0369992600753903e-05,0.1910867000115104,0.1910867000115104,0.1596850030036876,3.0369992600753903e-05,0.35329280300356913,0.1910867000115104,0.19360779999988154,0.0009398999973200262,0.3533463759958977,0.19109879998723045,1784780808.7139783,1784780807.6469731,1784780807.8969731,0.0,0.0,0.0,0.0,0.8687613010406494,0.1596850030036876,smoke-warm-resnet50-cifar10-pi5-20260723-122619:v1,1,3.0369992600753903e-05,unknown,0.0,0.00012200005585327744,0.0008700999896973372,0.0009398999973200262,0.18979099998250604,"{'device': [], 'edge': [0, 1, 2, 3, 4, 5, 6, 7, 8, 9, 10, 11, 12, 13]}",14,after_layer3,edge,True,4,1.0,5.0,1.0,0.3533463759958977,-0.7667318799794884,4,d2604a8f664d4d6ba34f2e98a4cf4b91,26,"{'device_compute': 3.0369992600753903e-05, 'd2e_transport': 0.1596850030036876, 'edge_queue': 0.0009398999973200262, 'edge_segment_compute': 0.18979099998250604, 'edge_exit_head_compute': 0.0008700999896973372, 'edge_exit_check': 0.00012200005585327744, 'e2c_transport': 0.0, 'cloud_queue': 0.0, 'cloud_segment_compute': 0.0, 'cloud_exit_head_compute': 0.0, 'cloud_exit_check': 0.0, 'total_latency': 0.3533463759958977, 'unattributed_overhead': 0.0019080029742326587, 'request_id': 'd2604a8f664d4d6ba34f2e98a4cf4b91', 'user_id': 0, 'prediction': 4, 'exit_id': 'after_layer3', 'exit_boundary_id': 14, 'exit_location': 'edge', 'confidence': 0.8687613010406494, 'executed_segments_by_node': {'device': [], 'edge': [0, 1, 2, 3, 4, 5, 6, 7, 8, 9, 10, 11, 12, 13]}, 'nodes': [{'node': 'device', 'executed_segments': [], 'queue_s': 0.0, 'segment_compute_s': 0.0, 'exit_head_compute_s': 0.0, 'exit_check_s': 0.0, 'worker_elapsed_s': 3.0369992600753903e-05}, {'node': 'edge', 'executed_segments': [0, 1, 2, 3, 4, 5, 6, 7, 8, 9, 10, 11, 12, 13], 'queue_s': 0.0009398999973200262, 'segment_compute_s': 0.18979099998250604, 'exit_head_compute_s': 0.0008700999896973372, 'exit_check_s': 0.00012200005585327744, 'worker_elapsed_s': 0.19109879998723045}], 'sample_id': 'balanced_004_0206_00002120', 'label': 4, 'correct': True, 'observed_utility': -0.7667318799794884}",balanced_004_0206_00002120,26,2120,0.8170051574707031,8403484519036877491,0.3533463759958977,0.0019080029742326587,0
0.0,4.235099186189473e-05,0.2171426999848336,0.2171426999848336,0.1140902110200841,4.235099186189473e-05,0.3329062109987717,0.2171426999848336,0.21881599997868761,0.0010021000052802265,0.33297844999469817,0.2171546000172384,1784780809.1432688,1784780808.0762572,1784780808.3262572,0.0,0.0,0.0,0.0,0.9615504145622253,0.1140902110200841,smoke-warm-resnet50-cifar10-pi5-20260723-122619:v1,1,4.235099186189473e-05,unknown,0.0,0.0001441999338567257,0.0008450000896118581,0.0010021000052802265,0.21584550017723814,"{'device': [], 'edge': [0, 1, 2, 3, 4, 5, 6, 7, 8, 9, 10, 11, 12, 13, 14, 15, 16, 17, 18]}",19,final,edge,True,3,1.0,5.0,1.0,0.33297844999469817,-0.6648922499734908,3,8424b236ff5147b0b60a0ed57242ad40,27,"{'device_compute': 4.235099186189473e-05, 'd2e_transport': 0.1140902110200841, 'edge_queue': 0.0010021000052802265, 'edge_segment_compute': 0.21584550017723814, 'edge_exit_head_compute': 0.0008450000896118581, 'edge_exit_check': 0.0001441999338567257, 'e2c_transport': 0.0, 'cloud_queue': 0.0, 'cloud_segment_compute': 0.0, 'cloud_exit_head_compute': 0.0, 'cloud_exit_check': 0.0, 'total_latency': 0.33297844999469817, 'unattributed_overhead': 0.0010090877767652273, 'request_id': '8424b236ff5147b0b60a0ed57242ad40', 'user_id': 0, 'prediction': 3, 'exit_id': 'final', 'exit_boundary_id': 19, 'exit_location': 'edge', 'confidence': 0.9615504145622253, 'executed_segments_by_node': {'device': [], 'edge': [0, 1, 2, 3, 4, 5, 6, 7, 8, 9, 10, 11, 12, 13, 14, 15, 16, 17, 18]}, 'nodes': [{'node': 'device', 'executed_segments': [], 'queue_s': 0.0, 'segment_compute_s': 0.0, 'exit_head_compute_s': 0.0, 'exit_check_s': 0.0, 'worker_elapsed_s': 4.235099186189473e-05}, {'node': 'edge', 'executed_segments': [0, 1, 2, 3, 4, 5, 6, 7, 8, 9, 10, 11, 12, 13, 14, 15, 16, 17, 18], 'queue_s': 0.0010021000052802265, 'segment_compute_s': 0.21584550017723814, 'exit_head_compute_s': 0.0008450000896118581, 'exit_check_s': 0.0001441999338567257, 'worker_elapsed_s': 0.2171546000172384}], 'sample_id': 'balanced_003_0281_00002855', 'label': 3, 'correct': True, 'observed_utility': -0.6648922499734908}",balanced_003_0281_00002855,27,2855,0.8170115947723389,8403484519036877491,0.33297844999469817,0.0010090877767652273,0
0.0,4.209300095681101e-05,0.11448990000644699,0.11448990000644699,0.14136725501157343,4.209300095681101e-05,0.25868275499669835,0.11448990000644699,0.11731549998512492,0.0009400000562891364,0.2587537549989065,0.11450149997835979,1784780809.5717924,1784780808.5007763,1784780808.7507763,0.0,0.0,0.0,0.0,0.8313362002372742,0.14136725501157343,smoke-warm-resnet50-cifar10-pi5-20260723-122619:v1,1,4.209300095681101e-05,unknown,0.0,8.510000770911574e-05,0.0006503999466076493,0.0009400000562891364,0.11356319987680763,"{'device': [], 'edge': [0, 1, 2, 3, 4, 5, 6, 7]}",8,after_layer2,edge,True,9,1.0,5.0,1.0,0.2587537549989065,-0.2937687749945326,9,1904adb70cdc4a27b8c3efb09307d8e7,28,"{'device_compute': 4.209300095681101e-05, 'd2e_transport': 0.14136725501157343, 'edge_queue': 0.0009400000562891364, 'edge_segment_compute': 0.11356319987680763, 'edge_exit_head_compute': 0.0006503999466076493, 'edge_exit_check': 8.510000770911574e-05, 'e2c_transport': 0.0, 'cloud_queue': 0.0, 'cloud_segment_compute': 0.0, 'cloud_exit_head_compute': 0.0, 'cloud_exit_check': 0.0, 'total_latency': 0.2587537549989065, 'unattributed_overhead': 0.002105707098962739, 'request_id': '1904adb70cdc4a27b8c3efb09307d8e7', 'user_id': 0, 'prediction': 9, 'exit_id': 'after_layer2', 'exit_boundary_id': 8, 'exit_location': 'edge', 'confidence': 0.8313362002372742, 'executed_segments_by_node': {'device': [], 'edge': [0, 1, 2, 3, 4, 5, 6, 7]}, 'nodes': [{'node': 'device', 'executed_segments': [], 'queue_s': 0.0, 'segment_compute_s': 0.0, 'exit_head_compute_s': 0.0, 'exit_check_s': 0.0, 'worker_elapsed_s': 4.209300095681101e-05}, {'node': 'edge', 'executed_segments': [0, 1, 2, 3, 4, 5, 6, 7], 'queue_s': 0.0009400000562891364, 'segment_compute_s': 0.11356319987680763, 'exit_head_compute_s': 0.0006503999466076493, 'exit_check_s': 8.510000770911574e-05, 'worker_elapsed_s': 0.11450149997835979}], 'sample_id': 'balanced_009_0915_00009236', 'label': 9, 'correct': True, 'observed_utility': -0.2937687749945326}",balanced_009_0915_00009236,28,9236,0.8210160732269287,8403484519036877491,0.2587537549989065,0.002105707098962739,0
0.0,5.157300620339811e-05,0.219977899978403,0.219977899978403,0.1598237119760597,5.157300620339811e-05,0.3816869119909825,0.219977899978403,0.22186320001492277,0.0009800000116229057,0.38177620600617956,0.2199896000092849,1784780809.8809566,1784780808.8138149,1784780809.0638149,0.0,0.0,0.0,0.0,0.9985204339027405,0.1598237119760597,smoke-warm-resnet50-cifar10-pi5-20260723-122619:v1,1,5.157300620339811e-05,unknown,0.0,0.0001471998984925449,0.000880400009918958,0.0009800000116229057,0.21862489986233413,"{'device': [], 'edge': [0, 1, 2, 3, 4, 5, 6, 7, 8, 9, 10, 11, 12, 13, 14, 15, 16, 17, 18]}",19,final,edge,True,3,1.0,5.0,1.0,0.38177620600617956,-0.9088810300308978,3,b47d28b3878f4628a852d0f8570846d1,29,"{'device_compute': 5.157300620339811e-05, 'd2e_transport': 0.1598237119760597, 'edge_queue': 0.0009800000116229057, 'edge_segment_compute': 0.21862489986233413, 'edge_exit_head_compute': 0.000880400009918958, 'edge_exit_check': 0.0001471998984925449, 'e2c_transport': 0.0, 'cloud_queue': 0.0, 'cloud_segment_compute': 0.0, 'cloud_exit_head_compute': 0.0, 'cloud_exit_check': 0.0, 'total_latency': 0.38177620600617956, 'unattributed_overhead': 0.0012684212415479124, 'request_id': 'b47d28b3878f4628a852d0f8570846d1', 'user_id': 0, 'prediction': 3, 'exit_id': 'final', 'exit_boundary_id': 19, 'exit_location': 'edge', 'confidence': 0.9985204339027405, 'executed_segments_by_node': {'device': [], 'edge': [0, 1, 2, 3, 4, 5, 6, 7, 8, 9, 10, 11, 12, 13, 14, 15, 16, 17, 18]}, 'nodes': [{'node': 'device', 'executed_segments': [], 'queue_s': 0.0, 'segment_compute_s': 0.0, 'exit_head_compute_s': 0.0, 'exit_check_s': 0.0, 'worker_elapsed_s': 5.157300620339811e-05}, {'node': 'edge', 'executed_segments': [0, 1, 2, 3, 4, 5, 6, 7, 8, 9, 10, 11, 12, 13, 14, 15, 16, 17, 18], 'queue_s': 0.0009800000116229057, 'segment_compute_s': 0.21862489986233413, 'exit_head_compute_s': 0.000880400009918958, 'exit_check_s': 0.0001471998984925449, 'worker_elapsed_s': 0.2199896000092849}], 'sample_id': 'balanced_003_0408_00004195', 'label': 3, 'correct': True, 'observed_utility': -0.9088810300308978}",balanced_003_0408_00004195,29,4195,0.8171417713165283,8403484519036877491,0.38177620600617956,0.0012684212415479124,0
0.0,4.462900687940419e-05,0.19229890004498884,0.19229890004498884,0.15321526596380863,4.462900687940419e-05,0.34825706599804107,0.19229890004498884,0.19504180003423244,0.0011275000288151205,0.3483313239994459,0.19231089996173978,1784780810.29881,1784780809.2321281,1784780809.4821281,0.0,0.0,0.0,0.0,0.9779759049415588,0.15321526596380863,smoke-warm-resnet50-cifar10-pi5-20260723-122619:v1,1,4.462900687940419e-05,unknown,0.0,0.00012430001515895128,0.0008709999965503812,0.0011275000288151205,0.19101729994872585,"{'device': [], 'edge': [0, 1, 2, 3, 4, 5, 6, 7, 8, 9, 10, 11, 12, 13]}",14,after_layer3,edge,True,2,1.0,5.0,1.0,0.3483313239994459,-0.7416566199972294,2,b3b7e1a7562143c9a09172a39a85f8ab,30,"{'device_compute': 4.462900687940419e-05, 'd2e_transport': 0.15321526596380863, 'edge_queue': 0.0011275000288151205, 'edge_segment_compute': 0.19101729994872585, 'edge_exit_head_compute': 0.0008709999965503812, 'edge_exit_check': 0.00012430001515895128, 'e2c_transport': 0.0, 'cloud_queue': 0.0, 'cloud_segment_compute': 0.0, 'cloud_exit_head_compute': 0.0, 'cloud_exit_check': 0.0, 'total_latency': 0.3483313239994459, 'unattributed_overhead': 0.0019313290395075455, 'request_id': 'b3b7e1a7562143c9a09172a39a85f8ab', 'user_id': 0, 'prediction': 2, 'exit_id': 'after_layer3', 'exit_boundary_id': 14, 'exit_location': 'edge', 'confidence': 0.9779759049415588, 'executed_segments_by_node': {'device': [], 'edge': [0, 1, 2, 3, 4, 5, 6, 7, 8, 9, 10, 11, 12, 13]}, 'nodes': [{'node': 'device', 'executed_segments': [], 'queue_s': 0.0, 'segment_compute_s': 0.0, 'exit_head_compute_s': 0.0, 'exit_check_s': 0.0, 'worker_elapsed_s': 4.462900687940419e-05}, {'node': 'edge', 'executed_segments': [0, 1, 2, 3, 4, 5, 6, 7, 8, 9, 10, 11, 12, 13], 'queue_s': 0.0011275000288151205, 'segment_compute_s': 0.19101729994872585, 'exit_head_compute_s': 0.0008709999965503812, 'exit_check_s': 0.00012430001515895128, 'worker_elapsed_s': 0.19231089996173978}], 'sample_id': 'balanced_002_0936_00009358', 'label': 2, 'correct': True, 'observed_utility': -0.7416566199972294}",balanced_002_0936_00009358,30,9358,0.8166818618774414,8403484519036877491,0.3483313239994459,0.0019313290395075455,0
0.0,3.548100357875228e-05,0.19172629999229684,0.19172629999229684,0.1807595249847509,3.548100357875228e-05,0.3751935249892995,0.19172629999229684,0.19443400000454858,0.0011399000068195164,0.3752546169998823,0.19173889997182414,1784780810.6918783,1784780809.6242824,1784780809.8742824,0.0,0.0,0.0,0.0,0.9791880249977112,0.1807595249847509,smoke-warm-resnet50-cifar10-pi5-20260723-122619:v1,1,3.548100357875228e-05,unknown,0.0,0.00012260006042197347,0.0008604999748058617,0.0011399000068195164,0.19044550001854077,"{'device': [], 'edge': [0, 1, 2, 3, 4, 5, 6, 7, 8, 9, 10, 11, 12, 13]}",14,after_layer3,edge,True,1,1.0,5.0,1.0,0.3752546169998823,-0.8762730849994114,1,00759eb4819a444aa43c7373079fb01d,31,"{'device_compute': 3.548100357875228e-05, 'd2e_transport': 0.1807595249847509, 'edge_queue': 0.0011399000068195164, 'edge_segment_compute': 0.19044550001854077, 'edge_exit_head_compute': 0.0008604999748058617, 'edge_exit_check': 0.00012260006042197347, 'e2c_transport': 0.0, 'cloud_queue': 0.0, 'cloud_segment_compute': 0.0, 'cloud_exit_head_compute': 0.0, 'cloud_exit_check': 0.0, 'total_latency': 0.3752546169998823, 'unattributed_overhead': 0.001891110950964503, 'request_id': '00759eb4819a444aa43c7373079fb01d', 'user_id': 0, 'prediction': 1, 'exit_id': 'after_layer3', 'exit_boundary_id': 14, 'exit_location': 'edge', 'confidence': 0.9791880249977112, 'executed_segments_by_node': {'device': [], 'edge': [0, 1, 2, 3, 4, 5, 6, 7, 8, 9, 10, 11, 12, 13]}, 'nodes': [{'node': 'device', 'executed_segments': [], 'queue_s': 0.0, 'segment_compute_s': 0.0, 'exit_head_compute_s': 0.0, 'exit_check_s': 0.0, 'worker_elapsed_s': 3.548100357875228e-05}, {'node': 'edge', 'executed_segments': [0, 1, 2, 3, 4, 5, 6, 7, 8, 9, 10, 11, 12, 13], 'queue_s': 0.0011399000068195164, 'segment_compute_s': 0.19044550001854077, 'exit_head_compute_s': 0.0008604999748058617, 'exit_check_s': 0.00012260006042197347, 'worker_elapsed_s': 0.19173889997182414}], 'sample_id': 'balanced_001_0558_00005480', 'label': 1, 'correct': True, 'observed_utility': -0.8762730849994114}",balanced_001_0558_00005480,31,5480,0.8175959587097168,8403484519036877491,0.3752546169998823,0.001891110950964503,0
0.0,2.999900607392192e-05,0.19181069999467582,0.19181069999467582,0.1677862300275592,2.999900607392192e-05,0.36223953000444453,0.19181069999467582,0.19445329997688532,0.0009834999800659716,0.36229147399717476,0.19182250002631918,1784780811.1228614,1784780810.056354,1784780810.306354,0.0,0.0,0.0,0.0,0.9866114854812622,0.1677862300275592,smoke-warm-resnet50-cifar10-pi5-20260723-122619:v1,1,2.999900607392192e-05,unknown,0.0,0.00012400001287460327,0.0008918000385165215,0.0009834999800659716,0.19050750002497807,"{'device': [], 'edge': [0, 1, 2, 3, 4, 5, 6, 7, 8, 9, 10, 11, 12, 13]}",14,after_layer3,edge,True,2,1.0,5.0,1.0,0.36229147399717476,-0.8114573699858738,2,5dc7c4fb5a6e428d894bc7a3d6920aed,32,"{'device_compute': 2.999900607392192e-05, 'd2e_transport': 0.1677862300275592, 'edge_queue': 0.0009834999800659716, 'edge_segment_compute': 0.19050750002497807, 'edge_exit_head_compute': 0.0008918000385165215, 'edge_exit_check': 0.00012400001287460327, 'e2c_transport': 0.0, 'cloud_queue': 0.0, 'cloud_segment_compute': 0.0, 'cloud_exit_head_compute': 0.0, 'cloud_exit_check': 0.0, 'total_latency': 0.36229147399717476, 'unattributed_overhead': 0.001968444907106459, 'request_id': '5dc7c4fb5a6e428d894bc7a3d6920aed', 'user_id': 0, 'prediction': 2, 'exit_id': 'after_layer3', 'exit_boundary_id': 14, 'exit_location': 'edge', 'confidence': 0.9866114854812622, 'executed_segments_by_node': {'device': [], 'edge': [0, 1, 2, 3, 4, 5, 6, 7, 8, 9, 10, 11, 12, 13]}, 'nodes': [{'node': 'device', 'executed_segments': [], 'queue_s': 0.0, 'segment_compute_s': 0.0, 'exit_head_compute_s': 0.0, 'exit_check_s': 0.0, 'worker_elapsed_s': 2.999900607392192e-05}, {'node': 'edge', 'executed_segments': [0, 1, 2, 3, 4, 5, 6, 7, 8, 9, 10, 11, 12, 13], 'queue_s': 0.0009834999800659716, 'segment_compute_s': 0.19050750002497807, 'exit_head_compute_s': 0.0008918000385165215, 'exit_check_s': 0.00012400001287460327, 'worker_elapsed_s': 0.19182250002631918}], 'sample_id': 'balanced_002_0481_00004601', 'label': 2, 'correct': True, 'observed_utility': -0.8114573699858738}",balanced_002_0481_00004601,32,4601,0.8165073394775391,8403484519036877491,0.36229147399717476,0.001968444907106459,0
0.0,3.340700641274452e-05,0.2193515000399202,0.2193515000399202,0.15536330902250484,3.340700641274452e-05,0.37654150900198147,0.2193515000399202,0.22117819997947663,0.0009845999884419143,0.37659808300668374,0.21936300001107156,1784780811.5170348,1784780810.4515593,1784780810.7015593,0.0,0.0,0.0,0.0,0.9917551279067993,0.15536330902250484,smoke-warm-resnet50-cifar10-pi5-20260723-122619:v1,1,3.340700641274452e-05,unknown,0.0,0.00014539994299411774,0.0008742000791244209,0.0009845999884419143,0.21801759995287284,"{'device': [], 'edge': [0, 1, 2, 3, 4, 5, 6, 7, 8, 9, 10, 11, 12, 13, 14, 15, 16, 17, 18]}",19,final,edge,True,0,1.0,5.0,1.0,0.37659808300668374,-0.8829904150334187,0,7f6f2f94662f4019b1dfc40c1e9f39a0,33,"{'device_compute': 3.340700641274452e-05, 'd2e_transport': 0.15536330902250484, 'edge_queue': 0.0009845999884419143, 'edge_segment_compute': 0.21801759995287284, 'edge_exit_head_compute': 0.0008742000791244209, 'edge_exit_check': 0.00014539994299411774, 'e2c_transport': 0.0, 'cloud_queue': 0.0, 'cloud_segment_compute': 0.0, 'cloud_exit_head_compute': 0.0, 'cloud_exit_check': 0.0, 'total_latency': 0.37659808300668374, 'unattributed_overhead': 0.0011795670143328607, 'request_id': '7f6f2f94662f4019b1dfc40c1e9f39a0', 'user_id': 0, 'prediction': 0, 'exit_id': 'final', 'exit_boundary_id': 19, 'exit_location': 'edge', 'confidence': 0.9917551279067993, 'executed_segments_by_node': {'device': [], 'edge': [0, 1, 2, 3, 4, 5, 6, 7, 8, 9, 10, 11, 12, 13, 14, 15, 16, 17, 18]}, 'nodes': [{'node': 'device', 'executed_segments': [], 'queue_s': 0.0, 'segment_compute_s': 0.0, 'exit_head_compute_s': 0.0, 'exit_check_s': 0.0, 'worker_elapsed_s': 3.340700641274452e-05}, {'node': 'edge', 'executed_segments': [0, 1, 2, 3, 4, 5, 6, 7, 8, 9, 10, 11, 12, 13, 14, 15, 16, 17, 18], 'queue_s': 0.0009845999884419143, 'segment_compute_s': 0.21801759995287284, 'exit_head_compute_s': 0.0008742000791244209, 'exit_check_s': 0.00014539994299411774, 'worker_elapsed_s': 0.21936300001107156}], 'sample_id': 'balanced_000_0493_00005043', 'label': 0, 'correct': True, 'observed_utility': -0.8829904150334187}",balanced_000_0493_00005043,33,5043,0.8154754638671875,8403484519036877491,0.37659808300668374,0.0011795670143328607,0
0.0,4.225900920573622e-05,0.19470039999578148,0.19470039999578148,0.13244435799424537,4.225900920573622e-05,0.3298368579999078,0.19470039999578148,0.19739250000566244,0.0009996999870054424,0.32990709799923934,0.19471160002285615,1784780811.923124,1784780810.8566318,1784780811.1066318,0.0,0.0,0.0,0.0,0.9904425740242004,0.13244435799424537,smoke-warm-resnet50-cifar10-pi5-20260723-122619:v1,1,4.225900920573622e-05,unknown,0.0,0.00013010000111535192,0.0009142999770119786,0.0009996999870054424,0.19334930006880313,"{'device': [], 'edge': [0, 1, 2, 3, 4, 5, 6, 7, 8, 9, 10, 11, 12, 13]}",14,after_layer3,edge,True,5,1.0,5.0,1.0,0.32990709799923934,-0.6495354899961967,5,f2e3e6b57f35412ebec422d0d105dea1,34,"{'device_compute': 4.225900920573622e-05, 'd2e_transport': 0.13244435799424537, 'edge_queue': 0.0009996999870054424, 'edge_segment_compute': 0.19334930006880313, 'edge_exit_head_compute': 0.0009142999770119786, 'edge_exit_check': 0.00013010000111535192, 'e2c_transport': 0.0, 'cloud_queue': 0.0, 'cloud_segment_compute': 0.0, 'cloud_exit_head_compute': 0.0, 'cloud_exit_check': 0.0, 'total_latency': 0.32990709799923934, 'unattributed_overhead': 0.0020270809618523344, 'request_id': 'f2e3e6b57f35412ebec422d0d105dea1', 'user_id': 0, 'prediction': 5, 'exit_id': 'after_layer3', 'exit_boundary_id': 14, 'exit_location': 'edge', 'confidence': 0.9904425740242004, 'executed_segments_by_node': {'device': [], 'edge': [0, 1, 2, 3, 4, 5, 6, 7, 8, 9, 10, 11, 12, 13]}, 'nodes': [{'node': 'device', 'executed_segments': [], 'queue_s': 0.0, 'segment_compute_s': 0.0, 'exit_head_compute_s': 0.0, 'exit_check_s': 0.0, 'worker_elapsed_s': 4.225900920573622e-05}, {'node': 'edge', 'executed_segments': [0, 1, 2, 3, 4, 5, 6, 7, 8, 9, 10, 11, 12, 13], 'queue_s': 0.0009996999870054424, 'segment_compute_s': 0.19334930006880313, 'exit_head_compute_s': 0.0009142999770119786, 'exit_check_s': 0.00013010000111535192, 'worker_elapsed_s': 0.19471160002285615}], 'sample_id': 'balanced_005_0254_00002683', 'label': 5, 'correct': True, 'observed_utility': -0.6495354899961967}",balanced_005_0254_00002683,34,2683,0.8164923191070557,8403484519036877491,0.32990709799923934,0.0020270809618523344,0
0.0,3.0943992896936834e-05,0.21766500000376254,0.21766500000376254,0.1699799689667998,3.0943992896936834e-05,0.3893304689991055,0.21766500000376254,0.21935050003230572,0.0010393999982625246,0.389385393995326,0.217676600033883,1784780812.3522923,1784780811.2838857,1784780811.5338857,0.0,0.0,0.0,0.0,0.6275612115859985,0.1699799689667998,smoke-warm-resnet50-cifar10-pi5-20260723-122619:v1,1,3.0943992896936834e-05,unknown,0.0,0.00014369998825713992,0.0008615999831818044,0.0010393999982625246,0.21634720009751618,"{'device': [], 'edge': [0, 1, 2, 3, 4, 5, 6, 7, 8, 9, 10, 11, 12, 13, 14, 15, 16, 17, 18]}",19,final,edge,False,5,1.0,5.0,0.0,0.389385393995326,-1.94692696997663,3,463ef11fd25c45e6b1dad59fa0699431,35,"{'device_compute': 3.0943992896936834e-05, 'd2e_transport': 0.1699799689667998, 'edge_queue': 0.0010393999982625246, 'edge_segment_compute': 0.21634720009751618, 'edge_exit_head_compute': 0.0008615999831818044, 'edge_exit_check': 0.00014369998825713992, 'e2c_transport': 0.0, 'cloud_queue': 0.0, 'cloud_segment_compute': 0.0, 'cloud_exit_head_compute': 0.0, 'cloud_exit_check': 0.0, 'total_latency': 0.389385393995326, 'unattributed_overhead': 0.0009825809684116393, 'request_id': '463ef11fd25c45e6b1dad59fa0699431', 'user_id': 0, 'prediction': 3, 'exit_id': 'final', 'exit_boundary_id': 19, 'exit_location': 'edge', 'confidence': 0.6275612115859985, 'executed_segments_by_node': {'device': [], 'edge': [0, 1, 2, 3, 4, 5, 6, 7, 8, 9, 10, 11, 12, 13, 14, 15, 16, 17, 18]}, 'nodes': [{'node': 'device', 'executed_segments': [], 'queue_s': 0.0, 'segment_compute_s': 0.0, 'exit_head_compute_s': 0.0, 'exit_check_s': 0.0, 'worker_elapsed_s': 3.0943992896936834e-05}, {'node': 'edge', 'executed_segments': [0, 1, 2, 3, 4, 5, 6, 7, 8, 9, 10, 11, 12, 13, 14, 15, 16, 17, 18], 'queue_s': 0.0010393999982625246, 'segment_compute_s': 0.21634720009751618, 'exit_head_compute_s': 0.0008615999831818044, 'exit_check_s': 0.00014369998825713992, 'worker_elapsed_s': 0.217676600033883}], 'sample_id': 'balanced_005_0952_00009551', 'label': 5, 'correct': False, 'observed_utility': -1.94692696997663}",balanced_005_0952_00009551,35,9551,0.8184065818786621,8403484519036877491,0.389385393995326,0.0009825809684116393,0
0.0,3.157400351483375e-05,0.19017100002383813,0.19017100002383813,0.13019996702496428,3.157400351483375e-05,0.3228258669987554,0.19017100002383813,0.1926258999737911,0.0010176000068895519,0.32287986601295415,0.19018289999803528,1784780812.8128514,1784780811.7459261,1784780811.9959261,0.0,0.0,0.0,0.0,0.7416331768035889,0.13019996702496428,smoke-warm-resnet50-cifar10-pi5-20260723-122619:v1,1,3.157400351483375e-05,unknown,0.0,0.00012229999992996454,0.0008766999817453325,0.0010176000068895519,0.18889450002461672,"{'device': [], 'edge': [0, 1, 2, 3, 4, 5, 6, 7, 8, 9, 10, 11, 12, 13]}",14,after_layer3,edge,True,4,1.0,5.0,1.0,0.32287986601295415,-0.6143993300647708,4,26ba2250715846dd95a9883b70bb2c5e,36,"{'device_compute': 3.157400351483375e-05, 'd2e_transport': 0.13019996702496428, 'edge_queue': 0.0010176000068895519, 'edge_segment_compute': 0.18889450002461672, 'edge_exit_head_compute': 0.0008766999817453325, 'edge_exit_check': 0.00012229999992996454, 'e2c_transport': 0.0, 'cloud_queue': 0.0, 'cloud_segment_compute': 0.0, 'cloud_exit_head_compute': 0.0, 'cloud_exit_check': 0.0, 'total_latency': 0.32287986601295415, 'unattributed_overhead': 0.0017372249712934718, 'request_id': '26ba2250715846dd95a9883b70bb2c5e', 'user_id': 0, 'prediction': 4, 'exit_id': 'after_layer3', 'exit_boundary_id': 14, 'exit_location': 'edge', 'confidence': 0.7416331768035889, 'executed_segments_by_node': {'device': [], 'edge': [0, 1, 2, 3, 4, 5, 6, 7, 8, 9, 10, 11, 12, 13]}, 'nodes': [{'node': 'device', 'executed_segments': [], 'queue_s': 0.0, 'segment_compute_s': 0.0, 'exit_head_compute_s': 0.0, 'exit_check_s': 0.0, 'worker_elapsed_s': 3.157400351483375e-05}, {'node': 'edge', 'executed_segments': [0, 1, 2, 3, 4, 5, 6, 7, 8, 9, 10, 11, 12, 13], 'queue_s': 0.0010176000068895519, 'segment_compute_s': 0.18889450002461672, 'exit_head_compute_s': 0.0008766999817453325, 'exit_check_s': 0.00012229999992996454, 'worker_elapsed_s': 0.19018289999803528}], 'sample_id': 'balanced_004_0061_00000714', 'label': 4, 'correct': True, 'observed_utility': -0.6143993300647708}",balanced_004_0061_00000714,36,714,0.8169252872467041,8403484519036877491,0.32287986601295415,0.0017372249712934718,0
0.0,3.042499884031713e-05,0.18918059999123216,0.18918059999123216,0.13092766301997472,3.042499884031713e-05,0.32248546300979797,0.18918059999123216,0.19155779998982325,0.0009323999984189868,0.32253814800060354,0.189193099969998,1784780813.240652,1784780812.1756117,1784780812.4256117,0.0,0.0,0.0,0.0,0.8099256157875061,0.13092766301997472,smoke-warm-resnet50-cifar10-pi5-20260723-122619:v1,1,3.042499884031713e-05,unknown,0.0,0.000130099942907691,0.0009336000075563788,0.0009323999984189868,0.18781039986060932,"{'device': [], 'edge': [0, 1, 2, 3, 4, 5, 6, 7, 8, 9, 10, 11, 12, 13]}",14,after_layer3,edge,True,3,1.0,5.0,1.0,0.32253814800060354,-0.6126907400030177,3,5139a0a2a29743c09c0117beb3190b42,37,"{'device_compute': 3.042499884031713e-05, 'd2e_transport': 0.13092766301997472, 'edge_queue': 0.0009323999984189868, 'edge_segment_compute': 0.18781039986060932, 'edge_exit_head_compute': 0.0009336000075563788, 'edge_exit_check': 0.000130099942907691, 'e2c_transport': 0.0, 'cloud_queue': 0.0, 'cloud_segment_compute': 0.0, 'cloud_exit_head_compute': 0.0, 'cloud_exit_check': 0.0, 'total_latency': 0.32253814800060354, 'unattributed_overhead': 0.0017735601722961292, 'request_id': '5139a0a2a29743c09c0117beb3190b42', 'user_id': 0, 'prediction': 3, 'exit_id': 'after_layer3', 'exit_boundary_id': 14, 'exit_location': 'edge', 'confidence': 0.8099256157875061, 'executed_segments_by_node': {'device': [], 'edge': [0, 1, 2, 3, 4, 5, 6, 7, 8, 9, 10, 11, 12, 13]}, 'nodes': [{'node': 'device', 'executed_segments': [], 'queue_s': 0.0, 'segment_compute_s': 0.0, 'exit_head_compute_s': 0.0, 'exit_check_s': 0.0, 'worker_elapsed_s': 3.042499884031713e-05}, {'node': 'edge', 'executed_segments': [0, 1, 2, 3, 4, 5, 6, 7, 8, 9, 10, 11, 12, 13], 'queue_s': 0.0009323999984189868, 'segment_compute_s': 0.18781039986060932, 'exit_head_compute_s': 0.0009336000075563788, 'exit_check_s': 0.000130099942907691, 'worker_elapsed_s': 0.189193099969998}], 'sample_id': 'balanced_003_0211_00002144', 'label': 3, 'correct': True, 'observed_utility': -0.6126907400030177}",balanced_003_0211_00002144,37,2144,0.8150403499603271,8403484519036877491,0.32253814800060354,0.0017735601722961292,0
0.0,3.40000115102157e-05,0.21771050000097603,0.21771050000097603,0.12150590203236789,3.40000115102157e-05,0.3411245020106435,0.21771050000097603,0.2196185999782756,0.0012050000368617475,0.34118324299925007,0.21772760001476854,1784780813.6215246,1784780812.5556118,1784780812.8056118,0.0,0.0,0.0,0.0,0.99937903881073,0.12150590203236789,smoke-warm-resnet50-cifar10-pi5-20260723-122619:v1,1,3.40000115102157e-05,unknown,0.0,0.00014500005636364222,0.0008429999579675496,0.0012050000368617475,0.2163809998310171,"{'device': [], 'edge': [0, 1, 2, 3, 4, 5, 6, 7, 8, 9, 10, 11, 12, 13, 14, 15, 16, 17, 18]}",19,final,edge,True,1,1.0,5.0,1.0,0.34118324299925007,-0.7059162149962503,1,dc40aae5feb44acf89a6183963bba21e,38,"{'device_compute': 3.40000115102157e-05, 'd2e_transport': 0.12150590203236789, 'edge_queue': 0.0012050000368617475, 'edge_segment_compute': 0.2163809998310171, 'edge_exit_head_compute': 0.0008429999579675496, 'edge_exit_check': 0.00014500005636364222, 'e2c_transport': 0.0, 'cloud_queue': 0.0, 'cloud_segment_compute': 0.0, 'cloud_exit_head_compute': 0.0, 'cloud_exit_check': 0.0, 'total_latency': 0.34118324299925007, 'unattributed_overhead': 0.0010693410731619224, 'request_id': 'dc40aae5feb44acf89a6183963bba21e', 'user_id': 0, 'prediction': 1, 'exit_id': 'final', 'exit_boundary_id': 19, 'exit_location': 'edge', 'confidence': 0.99937903881073, 'executed_segments_by_node': {'device': [], 'edge': [0, 1, 2, 3, 4, 5, 6, 7, 8, 9, 10, 11, 12, 13, 14, 15, 16, 17, 18]}, 'nodes': [{'node': 'device', 'executed_segments': [], 'queue_s': 0.0, 'segment_compute_s': 0.0, 'exit_head_compute_s': 0.0, 'exit_check_s': 0.0, 'worker_elapsed_s': 3.40000115102157e-05}, {'node': 'edge', 'executed_segments': [0, 1, 2, 3, 4, 5, 6, 7, 8, 9, 10, 11, 12, 13, 14, 15, 16, 17, 18], 'queue_s': 0.0012050000368617475, 'segment_compute_s': 0.2163809998310171, 'exit_head_compute_s': 0.0008429999579675496, 'exit_check_s': 0.00014500005636364222, 'worker_elapsed_s': 0.21772760001476854}], 'sample_id': 'balanced_001_0167_00001633', 'label': 1, 'correct': True, 'observed_utility': -0.7059162149962503}",balanced_001_0167_00001633,38,1633,0.8159127235412598,8403484519036877491,0.34118324299925007,0.0010693410731619224,0
0.0,3.507398650981486e-05,0.19017209997400641,0.19017209997400641,0.16554192603507545,3.507398650981486e-05,0.3582277259993134,0.19017209997400641,0.19268579996423796,0.001018200011458248,0.3582890219986439,0.19018510001478717,1784780813.9895127,1784780812.9218554,1784780813.1718554,0.0,0.0,0.0,0.0,0.8986497521400452,0.16554192603507545,smoke-warm-resnet50-cifar10-pi5-20260723-122619:v1,1,3.507398650981486e-05,unknown,0.0,0.0001262999721802771,0.000925700063817203,0.001018200011458248,0.18882099987240508,"{'device': [], 'edge': [0, 1, 2, 3, 4, 5, 6, 7, 8, 9, 10, 11, 12, 13]}",14,after_layer3,edge,True,2,1.0,5.0,1.0,0.3582890219986439,-0.7914451099932194,2,4ad1ce054e974853943a7ccea4ba2f31,39,"{'device_compute': 3.507398650981486e-05, 'd2e_transport': 0.16554192603507545, 'edge_queue': 0.001018200011458248, 'edge_segment_compute': 0.18882099987240508, 'edge_exit_head_compute': 0.000925700063817203, 'edge_exit_check': 0.0001262999721802771, 'e2c_transport': 0.0, 'cloud_queue': 0.0, 'cloud_segment_compute': 0.0, 'cloud_exit_head_compute': 0.0, 'cloud_exit_check': 0.0, 'total_latency': 0.3582890219986439, 'unattributed_overhead': 0.0018208220571978018, 'request_id': '4ad1ce054e974853943a7ccea4ba2f31', 'user_id': 0, 'prediction': 2, 'exit_id': 'after_layer3', 'exit_boundary_id': 14, 'exit_location': 'edge', 'confidence': 0.8986497521400452, 'executed_segments_by_node': {'device': [], 'edge': [0, 1, 2, 3, 4, 5, 6, 7, 8, 9, 10, 11, 12, 13]}, 'nodes': [{'node': 'device', 'executed_segments': [], 'queue_s': 0.0, 'segment_compute_s': 0.0, 'exit_head_compute_s': 0.0, 'exit_check_s': 0.0, 'worker_elapsed_s': 3.507398650981486e-05}, {'node': 'edge', 'executed_segments': [0, 1, 2, 3, 4, 5, 6, 7, 8, 9, 10, 11, 12, 13], 'queue_s': 0.001018200011458248, 'segment_compute_s': 0.18882099987240508, 'exit_head_compute_s': 0.000925700063817203, 'exit_check_s': 0.0001262999721802771, 'worker_elapsed_s': 0.19018510001478717}], 'sample_id': 'balanced_002_0623_00006240', 'label': 2, 'correct': True, 'observed_utility': -0.7914451099932194}",balanced_002_0623_00006240,39,6240,0.8176572322845459,8403484519036877491,0.3582890219986439,0.0018208220571978018,0
0.0,3.455500700511038e-05,0.19595880003180355,0.19595880003180355,0.10968898398277815,3.455500700511038e-05,0.30861168399860617,0.19595880003180355,0.198922700015828,0.0014290999970398843,0.308670145997894,0.1959715000120923,1784780814.3750699,1784780813.3095074,1784780813.5595074,0.0,0.0,0.0,0.0,0.7470754981040955,0.10968898398277815,smoke-warm-resnet50-cifar10-pi5-20260723-122619:v1,1,3.455500700511038e-05,unknown,0.0,0.0001430999836884439,0.0009554999996908009,0.0014290999970398843,0.19454620004398748,"{'device': [], 'edge': [0, 1, 2, 3, 4, 5, 6, 7, 8, 9, 10, 11, 12, 13]}",14,after_layer3,edge,True,3,1.0,5.0,1.0,0.308670145997894,-0.54335072998947,3,1667da63cdee4bf2be128b9aca50beba,40,"{'device_compute': 3.455500700511038e-05, 'd2e_transport': 0.10968898398277815, 'edge_queue': 0.0014290999970398843, 'edge_segment_compute': 0.19454620004398748, 'edge_exit_head_compute': 0.0009554999996908009, 'edge_exit_check': 0.0001430999836884439, 'e2c_transport': 0.0, 'cloud_queue': 0.0, 'cloud_segment_compute': 0.0, 'cloud_exit_head_compute': 0.0, 'cloud_exit_check': 0.0, 'total_latency': 0.308670145997894, 'unattributed_overhead': 0.00187270698370412, 'request_id': '1667da63cdee4bf2be128b9aca50beba', 'user_id': 0, 'prediction': 3, 'exit_id': 'after_layer3', 'exit_boundary_id': 14, 'exit_location': 'edge', 'confidence': 0.7470754981040955, 'executed_segments_by_node': {'device': [], 'edge': [0, 1, 2, 3, 4, 5, 6, 7, 8, 9, 10, 11, 12, 13]}, 'nodes': [{'node': 'device', 'executed_segments': [], 'queue_s': 0.0, 'segment_compute_s': 0.0, 'exit_head_compute_s': 0.0, 'exit_check_s': 0.0, 'worker_elapsed_s': 3.455500700511038e-05}, {'node': 'edge', 'executed_segments': [0, 1, 2, 3, 4, 5, 6, 7, 8, 9, 10, 11, 12, 13], 'queue_s': 0.0014290999970398843, 'segment_compute_s': 0.19454620004398748, 'exit_head_compute_s': 0.0009554999996908009, 'exit_check_s': 0.0001430999836884439, 'worker_elapsed_s': 0.1959715000120923}], 'sample_id': 'balanced_003_0660_00006670', 'label': 3, 'correct': True, 'observed_utility': -0.54335072998947}",balanced_003_0660_00006670,40,6670,0.8155624866485596,8403484519036877491,0.308670145997894,0.00187270698370412,0
0.0,3.0369992600753903e-05,0.11535799998091534,0.11535799998091534,0.14949826002703048,3.0369992600753903e-05,0.26760826000827365,0.11535799998091534,0.11810999998124316,0.0009655999601818621,0.26766109399613924,0.1153698000125587,1784780814.708438,1784780813.6426353,1784780813.8926353,0.0,0.0,0.0,0.0,0.7663401365280151,0.14949826002703048,smoke-warm-resnet50-cifar10-pi5-20260723-122619:v1,1,3.0369992600753903e-05,unknown,0.0,8.640001760795712e-05,0.0006882999441586435,0.0009655999601818621,0.11438850004924461,"{'device': [], 'edge': [0, 1, 2, 3, 4, 5, 6, 7]}",8,after_layer2,edge,True,9,1.0,5.0,1.0,0.26766109399613924,-0.3383054699806962,9,150f9ab88ac1415298f7ec9beadeb85e,41,"{'device_compute': 3.0369992600753903e-05, 'd2e_transport': 0.14949826002703048, 'edge_queue': 0.0009655999601818621, 'edge_segment_compute': 0.11438850004924461, 'edge_exit_head_compute': 0.0006882999441586435, 'edge_exit_check': 8.640001760795712e-05, 'e2c_transport': 0.0, 'cloud_queue': 0.0, 'cloud_segment_compute': 0.0, 'cloud_exit_head_compute': 0.0, 'cloud_exit_check': 0.0, 'total_latency': 0.26766109399613924, 'unattributed_overhead': 0.0020036640053149313, 'request_id': '150f9ab88ac1415298f7ec9beadeb85e', 'user_id': 0, 'prediction': 9, 'exit_id': 'after_layer2', 'exit_boundary_id': 8, 'exit_location': 'edge', 'confidence': 0.7663401365280151, 'executed_segments_by_node': {'device': [], 'edge': [0, 1, 2, 3, 4, 5, 6, 7]}, 'nodes': [{'node': 'device', 'executed_segments': [], 'queue_s': 0.0, 'segment_compute_s': 0.0, 'exit_head_compute_s': 0.0, 'exit_check_s': 0.0, 'worker_elapsed_s': 3.0369992600753903e-05}, {'node': 'edge', 'executed_segments': [0, 1, 2, 3, 4, 5, 6, 7], 'queue_s': 0.0009655999601818621, 'segment_compute_s': 0.11438850004924461, 'exit_head_compute_s': 0.0006882999441586435, 'exit_check_s': 8.640001760795712e-05, 'worker_elapsed_s': 0.1153698000125587}], 'sample_id': 'balanced_009_0973_00009717', 'label': 9, 'correct': True, 'observed_utility': -0.3383054699806962}",balanced_009_0973_00009717,41,9717,0.8158025741577148,8403484519036877491,0.26766109399613924,0.0020036640053149313,0
0.0,2.9889008146710694e-05,0.06090739998035133,0.06090739998035133,0.16706684995733667,2.9889008146710694e-05,0.23155214999860618,0.06090739998035133,0.06448530004126951,0.0009477999992668629,0.23160463100066409,0.06091920001199469,1784780815.0674863,1784780814.0024054,1784780814.2524054,0.0,0.0,0.0,0.0,0.7307761907577515,0.16706684995733667,smoke-warm-resnet50-cifar10-pi5-20260723-122619:v1,1,2.9889008146710694e-05,unknown,0.0,3.960001049563289e-05,0.0003497999859973788,0.0009477999992668629,0.06040180003037676,"{'device': [], 'edge': [0, 1, 2, 3]}",4,after_layer1,edge,True,0,1.0,5.0,1.0,0.23160463100066409,-0.15802315500332043,0,3611d6fbaf1c4e8ba57258bff6c3e105,42,"{'device_compute': 2.9889008146710694e-05, 'd2e_transport': 0.16706684995733667, 'edge_queue': 0.0009477999992668629, 'edge_segment_compute': 0.06040180003037676, 'edge_exit_head_compute': 0.0003497999859973788, 'edge_exit_check': 3.960001049563289e-05, 'e2c_transport': 0.0, 'cloud_queue': 0.0, 'cloud_segment_compute': 0.0, 'cloud_exit_head_compute': 0.0, 'cloud_exit_check': 0.0, 'total_latency': 0.23160463100066409, 'unattributed_overhead': 0.002768892009044066, 'request_id': '3611d6fbaf1c4e8ba57258bff6c3e105', 'user_id': 0, 'prediction': 0, 'exit_id': 'after_layer1', 'exit_boundary_id': 4, 'exit_location': 'edge', 'confidence': 0.7307761907577515, 'executed_segments_by_node': {'device': [], 'edge': [0, 1, 2, 3]}, 'nodes': [{'node': 'device', 'executed_segments': [], 'queue_s': 0.0, 'segment_compute_s': 0.0, 'exit_head_compute_s': 0.0, 'exit_check_s': 0.0, 'worker_elapsed_s': 2.9889008146710694e-05}, {'node': 'edge', 'executed_segments': [0, 1, 2, 3], 'queue_s': 0.0009477999992668629, 'segment_compute_s': 0.06040180003037676, 'exit_head_compute_s': 0.0003497999859973788, 'exit_check_s': 3.960001049563289e-05, 'worker_elapsed_s': 0.06091920001199469}], 'sample_id': 'balanced_000_0430_00004356', 'label': 0, 'correct': True, 'observed_utility': -0.15802315500332043}",balanced_000_0430_00004356,42,4356,0.8150808811187744,8403484519036877491,0.23160463100066409,0.002768892009044066,0
0.0,3.244400431867689e-05,0.1927737999940291,0.1927737999940291,0.09948615699249785,3.244400431867689e-05,0.29490695700224023,0.1927737999940291,0.19542080000974238,0.0010641999542713165,0.2949630660004914,0.19278570002643391,1784780815.3250403,1784780814.2599428,1784780814.5099428,0.0,0.0,0.0,0.0,0.8812828660011292,0.09948615699249785,smoke-warm-resnet50-cifar10-pi5-20260723-122619:v1,1,3.244400431867689e-05,unknown,0.0,0.0001281000440940261,0.0009078999282792211,0.0010641999542713165,0.1914443001151085,"{'device': [], 'edge': [0, 1, 2, 3, 4, 5, 6, 7, 8, 9, 10, 11, 12, 13]}",14,after_layer3,edge,True,2,1.0,5.0,1.0,0.2949630660004914,-0.4748153300024569,2,cd1fef8798ba46998a472320e335fc57,43,"{'device_compute': 3.244400431867689e-05, 'd2e_transport': 0.09948615699249785, 'edge_queue': 0.0010641999542713165, 'edge_segment_compute': 0.1914443001151085, 'edge_exit_head_compute': 0.0009078999282792211, 'edge_exit_check': 0.0001281000440940261, 'e2c_transport': 0.0, 'cloud_queue': 0.0, 'cloud_segment_compute': 0.0, 'cloud_exit_head_compute': 0.0, 'cloud_exit_check': 0.0, 'total_latency': 0.2949630660004914, 'unattributed_overhead': 0.0018999649619217962, 'request_id': 'cd1fef8798ba46998a472320e335fc57', 'user_id': 0, 'prediction': 2, 'exit_id': 'after_layer3', 'exit_boundary_id': 14, 'exit_location': 'edge', 'confidence': 0.8812828660011292, 'executed_segments_by_node': {'device': [], 'edge': [0, 1, 2, 3, 4, 5, 6, 7, 8, 9, 10, 11, 12, 13]}, 'nodes': [{'node': 'device', 'executed_segments': [], 'queue_s': 0.0, 'segment_compute_s': 0.0, 'exit_head_compute_s': 0.0, 'exit_check_s': 0.0, 'worker_elapsed_s': 3.244400431867689e-05}, {'node': 'edge', 'executed_segments': [0, 1, 2, 3, 4, 5, 6, 7, 8, 9, 10, 11, 12, 13], 'queue_s': 0.0010641999542713165, 'segment_compute_s': 0.1914443001151085, 'exit_head_compute_s': 0.0009078999282792211, 'exit_check_s': 0.0001281000440940261, 'worker_elapsed_s': 0.19278570002643391}], 'sample_id': 'balanced_002_0184_00001888', 'label': 2, 'correct': True, 'observed_utility': -0.4748153300024569}",balanced_002_0184_00001888,43,1888,0.8150975704193115,8403484519036877491,0.2949630660004914,0.0018999649619217962,0
0.0,4.224000440444797e-05,0.11441380000906065,0.11441380000906065,0.10124197902041487,4.224000440444797e-05,0.2184188789979089,0.11441380000906065,0.11717689997749403,0.0009611000423319638,0.21848999000212643,0.11442599998554215,1784780815.6685734,1784780814.6022239,1784780814.8522239,0.0,0.0,0.0,0.0,0.826260507106781,0.10124197902041487,smoke-warm-resnet50-cifar10-pi5-20260723-122619:v1,1,4.224000440444797e-05,unknown,0.0,7.919990457594395e-05,0.0006174000445753336,0.0009611000423319638,0.11353250005049631,"{'device': [], 'edge': [0, 1, 2, 3, 4, 5, 6, 7]}",8,after_layer2,edge,True,6,1.0,5.0,1.0,0.21848999000212643,-0.09244995001063216,6,6523f82ff1944fab8271d13a398aaa0c,44,"{'device_compute': 4.224000440444797e-05, 'd2e_transport': 0.10124197902041487, 'edge_queue': 0.0009611000423319638, 'edge_segment_compute': 0.11353250005049631, 'edge_exit_head_compute': 0.0006174000445753336, 'edge_exit_check': 7.919990457594395e-05, 'e2c_transport': 0.0, 'cloud_queue': 0.0, 'cloud_segment_compute': 0.0, 'cloud_exit_head_compute': 0.0, 'cloud_exit_check': 0.0, 'total_latency': 0.21848999000212643, 'unattributed_overhead': 0.0020155709353275597, 'request_id': '6523f82ff1944fab8271d13a398aaa0c', 'user_id': 0, 'prediction': 6, 'exit_id': 'after_layer2', 'exit_boundary_id': 8, 'exit_location': 'edge', 'confidence': 0.826260507106781, 'executed_segments_by_node': {'device': [], 'edge': [0, 1, 2, 3, 4, 5, 6, 7]}, 'nodes': [{'node': 'device', 'executed_segments': [], 'queue_s': 0.0, 'segment_compute_s': 0.0, 'exit_head_compute_s': 0.0, 'exit_check_s': 0.0, 'worker_elapsed_s': 4.224000440444797e-05}, {'node': 'edge', 'executed_segments': [0, 1, 2, 3, 4, 5, 6, 7], 'queue_s': 0.0009611000423319638, 'segment_compute_s': 0.11353250005049631, 'exit_head_compute_s': 0.0006174000445753336, 'exit_check_s': 7.919990457594395e-05, 'worker_elapsed_s': 0.11442599998554215}], 'sample_id': 'balanced_006_0694_00006948', 'label': 6, 'correct': True, 'observed_utility': -0.09244995001063216}",balanced_006_0694_00006948,44,6948,0.8163495063781738,8403484519036877491,0.21848999000212643,0.0020155709353275597,0
0.0,4.253700899425894e-05,0.19159219996072352,0.19159219996072352,0.10155852999014314,4.253700899425894e-05,0.29554842998913955,0.19159219996072352,0.1939898999989964,0.0009675999754108489,0.2956210410047788,0.19160379999084398,1784780815.914724,1784780814.8494341,1784780815.0994341,0.0,0.0,0.0,0.0,0.9241253137588501,0.10155852999014314,smoke-warm-resnet50-cifar10-pi5-20260723-122619:v1,1,4.253700899425894e-05,unknown,0.0,0.00012550002429634333,0.0008993999799713492,0.0009675999754108489,0.1902774999034591,"{'device': [], 'edge': [0, 1, 2, 3, 4, 5, 6, 7, 8, 9, 10, 11, 12, 13]}",14,after_layer3,edge,True,6,1.0,5.0,1.0,0.2956210410047788,-0.4781052050238941,6,e6a39af8b55c440aaeb38a2585216247,45,"{'device_compute': 4.253700899425894e-05, 'd2e_transport': 0.10155852999014314, 'edge_queue': 0.0009675999754108489, 'edge_segment_compute': 0.1902774999034591, 'edge_exit_head_compute': 0.0008993999799713492, 'edge_exit_check': 0.00012550002429634333, 'e2c_transport': 0.0, 'cloud_queue': 0.0, 'cloud_segment_compute': 0.0, 'cloud_exit_head_compute': 0.0, 'cloud_exit_check': 0.0, 'total_latency': 0.2956210410047788, 'unattributed_overhead': 0.0017499741225037724, 'request_id': 'e6a39af8b55c440aaeb38a2585216247', 'user_id': 0, 'prediction': 6, 'exit_id': 'after_layer3', 'exit_boundary_id': 14, 'exit_location': 'edge', 'confidence': 0.9241253137588501, 'executed_segments_by_node': {'device': [], 'edge': [0, 1, 2, 3, 4, 5, 6, 7, 8, 9, 10, 11, 12, 13]}, 'nodes': [{'node': 'device', 'executed_segments': [], 'queue_s': 0.0, 'segment_compute_s': 0.0, 'exit_head_compute_s': 0.0, 'exit_check_s': 0.0, 'worker_elapsed_s': 4.253700899425894e-05}, {'node': 'edge', 'executed_segments': [0, 1, 2, 3, 4, 5, 6, 7, 8, 9, 10, 11, 12, 13], 'queue_s': 0.0009675999754108489, 'segment_compute_s': 0.1902774999034591, 'exit_head_compute_s': 0.0008993999799713492, 'exit_check_s': 0.00012550002429634333, 'worker_elapsed_s': 0.19160379999084398}], 'sample_id': 'balanced_006_0132_00001135', 'label': 6, 'correct': True, 'observed_utility': -0.4781052050238941}",balanced_006_0132_00001135,45,1135,0.8152899742126465,8403484519036877491,0.2956210410047788,0.0017499741225037724,0
0.0,4.1018007323145866e-05,0.18951309996191412,0.18951309996191412,0.10246710198407527,4.1018007323145866e-05,0.2945027020032285,0.18951309996191412,0.1920356000191532,0.0010109000140801072,0.2945744049939094,0.18952549999812618,1784780816.238129,1784780815.1731136,1784780815.4231136,0.0,0.0,0.0,0.0,0.9903563857078552,0.10246710198407527,smoke-warm-resnet50-cifar10-pi5-20260723-122619:v1,1,4.1018007323145866e-05,unknown,0.0,0.0001210999907925725,0.0008461999823339283,0.0010109000140801072,0.1882657997775823,"{'device': [], 'edge': [0, 1, 2, 3, 4, 5, 6, 7, 8, 9, 10, 11, 12, 13]}",14,after_layer3,edge,True,2,1.0,5.0,1.0,0.2945744049939094,-0.47287202496954706,2,baf705afa0c04e7690d9111e53cbe179,46,"{'device_compute': 4.1018007323145866e-05, 'd2e_transport': 0.10246710198407527, 'edge_queue': 0.0010109000140801072, 'edge_segment_compute': 0.1882657997775823, 'edge_exit_head_compute': 0.0008461999823339283, 'edge_exit_check': 0.0001210999907925725, 'e2c_transport': 0.0, 'cloud_queue': 0.0, 'cloud_segment_compute': 0.0, 'cloud_exit_head_compute': 0.0, 'cloud_exit_check': 0.0, 'total_latency': 0.2945744049939094, 'unattributed_overhead': 0.0018222852377220988, 'request_id': 'baf705afa0c04e7690d9111e53cbe179', 'user_id': 0, 'prediction': 2, 'exit_id': 'after_layer3', 'exit_boundary_id': 14, 'exit_location': 'edge', 'confidence': 0.9903563857078552, 'executed_segments_by_node': {'device': [], 'edge': [0, 1, 2, 3, 4, 5, 6, 7, 8, 9, 10, 11, 12, 13]}, 'nodes': [{'node': 'device', 'executed_segments': [], 'queue_s': 0.0, 'segment_compute_s': 0.0, 'exit_head_compute_s': 0.0, 'exit_check_s': 0.0, 'worker_elapsed_s': 4.1018007323145866e-05}, {'node': 'edge', 'executed_segments': [0, 1, 2, 3, 4, 5, 6, 7, 8, 9, 10, 11, 12, 13], 'queue_s': 0.0010109000140801072, 'segment_compute_s': 0.1882657997775823, 'exit_head_compute_s': 0.0008461999823339283, 'exit_check_s': 0.0001210999907925725, 'worker_elapsed_s': 0.18952549999812618}], 'sample_id': 'balanced_002_0152_00001539', 'label': 2, 'correct': True, 'observed_utility': -0.47287202496954706}",balanced_002_0152_00001539,46,1539,0.8150153160095215,8403484519036877491,0.2945744049939094,0.0018222852377220988,0
0.0,4.0629005525261164e-05,0.1848386999918148,0.1848386999918148,0.12648374498530757,4.0629005525261164e-05,0.31396104498708155,0.1848386999918148,0.18747730000177398,0.0009929999941959977,0.31403147100354545,0.18485150003107265,1784780816.5873938,1784780815.520114,1784780815.770114,0.0,0.0,0.0,0.0,0.8533588647842407,0.12648374498530757,smoke-warm-resnet50-cifar10-pi5-20260723-122619:v1,1,4.0629005525261164e-05,unknown,0.0,0.00013480003690347075,0.0008413000032305717,0.0009929999941959977,0.18359059991780668,"{'device': [], 'edge': [0, 1, 2, 3, 4, 5, 6, 7, 8, 9, 10, 11, 12, 13]}",14,after_layer3,edge,True,2,1.0,5.0,1.0,0.31403147100354545,-0.5701573550177272,2,d01f47afdfcd4ee88c1e45a787dc7a2e,47,"{'device_compute': 4.0629005525261164e-05, 'd2e_transport': 0.12648374498530757, 'edge_queue': 0.0009929999941959977, 'edge_segment_compute': 0.18359059991780668, 'edge_exit_head_compute': 0.0008413000032305717, 'edge_exit_check': 0.00013480003690347075, 'e2c_transport': 0.0, 'cloud_queue': 0.0, 'cloud_segment_compute': 0.0, 'cloud_exit_head_compute': 0.0, 'cloud_exit_check': 0.0, 'total_latency': 0.31403147100354545, 'unattributed_overhead': 0.001947397060575895, 'request_id': 'd01f47afdfcd4ee88c1e45a787dc7a2e', 'user_id': 0, 'prediction': 2, 'exit_id': 'after_layer3', 'exit_boundary_id': 14, 'exit_location': 'edge', 'confidence': 0.8533588647842407, 'executed_segments_by_node': {'device': [], 'edge': [0, 1, 2, 3, 4, 5, 6, 7, 8, 9, 10, 11, 12, 13]}, 'nodes': [{'node': 'device', 'executed_segments': [], 'queue_s': 0.0, 'segment_compute_s': 0.0, 'exit_head_compute_s': 0.0, 'exit_check_s': 0.0, 'worker_elapsed_s': 4.0629005525261164e-05}, {'node': 'edge', 'executed_segments': [0, 1, 2, 3, 4, 5, 6, 7, 8, 9, 10, 11, 12, 13], 'queue_s': 0.0009929999941959977, 'segment_compute_s': 0.18359059991780668, 'exit_head_compute_s': 0.0008413000032305717, 'exit_check_s': 0.00013480003690347075, 'worker_elapsed_s': 0.18485150003107265}], 'sample_id': 'balanced_002_0447_00004231', 'label': 2, 'correct': True, 'observed_utility': -0.5701573550177272}",balanced_002_0447_00004231,47,4231,0.8172798156738281,8403484519036877491,0.31403147100354545,0.001947397060575895,0
0.0,4.41290030721575e-05,0.19062499998835847,0.19062499998835847,0.11003834196890239,4.41290030721575e-05,0.3032830419979291,0.19062499998835847,0.19324470002902672,0.0010774999973364174,0.30335804099740926,0.19063680002000183,1784780816.9343882,1784780815.8664007,1784780816.1164007,0.0,0.0,0.0,0.0,0.9029248356819153,0.11003834196890239,smoke-warm-resnet50-cifar10-pi5-20260723-122619:v1,1,4.41290030721575e-05,unknown,0.0,0.00012369995238259435,0.000876300036907196,0.0010774999973364174,0.18933650001417845,"{'device': [], 'edge': [0, 1, 2, 3, 4, 5, 6, 7, 8, 9, 10, 11, 12, 13]}",14,after_layer3,edge,True,7,1.0,5.0,1.0,0.30335804099740926,-0.5167902049870463,7,b0a3e82d877f4b6599f0c77b3e98e391,48,"{'device_compute': 4.41290030721575e-05, 'd2e_transport': 0.11003834196890239, 'edge_queue': 0.0010774999973364174, 'edge_segment_compute': 0.18933650001417845, 'edge_exit_head_compute': 0.000876300036907196, 'edge_exit_check': 0.00012369995238259435, 'e2c_transport': 0.0, 'cloud_queue': 0.0, 'cloud_segment_compute': 0.0, 'cloud_exit_head_compute': 0.0, 'cloud_exit_check': 0.0, 'total_latency': 0.30335804099740926, 'unattributed_overhead': 0.0018615700246300548, 'request_id': 'b0a3e82d877f4b6599f0c77b3e98e391', 'user_id': 0, 'prediction': 7, 'exit_id': 'after_layer3', 'exit_boundary_id': 14, 'exit_location': 'edge', 'confidence': 0.9029248356819153, 'executed_segments_by_node': {'device': [], 'edge': [0, 1, 2, 3, 4, 5, 6, 7, 8, 9, 10, 11, 12, 13]}, 'nodes': [{'node': 'device', 'executed_segments': [], 'queue_s': 0.0, 'segment_compute_s': 0.0, 'exit_head_compute_s': 0.0, 'exit_check_s': 0.0, 'worker_elapsed_s': 4.41290030721575e-05}, {'node': 'edge', 'executed_segments': [0, 1, 2, 3, 4, 5, 6, 7, 8, 9, 10, 11, 12, 13], 'queue_s': 0.0010774999973364174, 'segment_compute_s': 0.18933650001417845, 'exit_head_compute_s': 0.000876300036907196, 'exit_check_s': 0.00012369995238259435, 'worker_elapsed_s': 0.19063680002000183}], 'sample_id': 'balanced_007_0604_00005922', 'label': 7, 'correct': True, 'observed_utility': -0.5167902049870463}",balanced_007_0604_00005922,48,5922,0.8179874420166016,8403484519036877491,0.30335804099740926,0.0018615700246300548,0
0.0,4.546299169305712e-05,0.21697649999987334,0.21697649999987334,0.1554990730364807,4.546299169305712e-05,0.37423007300822064,0.21697649999987334,0.21873099997173995,0.0010658999672159553,0.3743067949981196,0.21698860003380105,1784780817.2732034,1784780816.205968,1784780816.455968,0.0,0.0,0.0,0.0,0.9918522238731384,0.1554990730364807,smoke-warm-resnet50-cifar10-pi5-20260723-122619:v1,1,4.546299169305712e-05,unknown,0.0,0.0001441999920643866,0.0008437000797130167,0.0010658999672159553,0.21565929998178035,"{'device': [], 'edge': [0, 1, 2, 3, 4, 5, 6, 7, 8, 9, 10, 11, 12, 13, 14, 15, 16, 17, 18]}",19,final,edge,True,3,1.0,5.0,1.0,0.3743067949981196,-0.8715339749905979,3,dacb550dd34b4d2e893e4f2ba5a8a527,49,"{'device_compute': 4.546299169305712e-05, 'd2e_transport': 0.1554990730364807, 'edge_queue': 0.0010658999672159553, 'edge_segment_compute': 0.21565929998178035, 'edge_exit_head_compute': 0.0008437000797130167, 'edge_exit_check': 0.0001441999920643866, 'e2c_transport': 0.0, 'cloud_queue': 0.0, 'cloud_segment_compute': 0.0, 'cloud_exit_head_compute': 0.0, 'cloud_exit_check': 0.0, 'total_latency': 0.3743067949981196, 'unattributed_overhead': 0.0010491589491721243, 'request_id': 'dacb550dd34b4d2e893e4f2ba5a8a527', 'user_id': 0, 'prediction': 3, 'exit_id': 'final', 'exit_boundary_id': 19, 'exit_location': 'edge', 'confidence': 0.9918522238731384, 'executed_segments_by_node': {'device': [], 'edge': [0, 1, 2, 3, 4, 5, 6, 7, 8, 9, 10, 11, 12, 13, 14, 15, 16, 17, 18]}, 'nodes': [{'node': 'device', 'executed_segments': [], 'queue_s': 0.0, 'segment_compute_s': 0.0, 'exit_head_compute_s': 0.0, 'exit_check_s': 0.0, 'worker_elapsed_s': 4.546299169305712e-05}, {'node': 'edge', 'executed_segments': [0, 1, 2, 3, 4, 5, 6, 7, 8, 9, 10, 11, 12, 13, 14, 15, 16, 17, 18], 'queue_s': 0.0010658999672159553, 'segment_compute_s': 0.21565929998178035, 'exit_head_compute_s': 0.0008437000797130167, 'exit_check_s': 0.0001441999920643866, 'worker_elapsed_s': 0.21698860003380105}], 'sample_id': 'balanced_003_0296_00003013', 'label': 3, 'correct': True, 'observed_utility': -0.8715339749905979}",balanced_003_0296_00003013,49,3013,0.8172354698181152,8403484519036877491,0.3743067949981196,0.0010491589491721243,0
0.0,4.2369996663182974e-05,0.11221349996048957,0.11221349996048957,0.15640582601190545,4.2369996663182974e-05,0.2708384259894956,0.11221349996048957,0.11443259997759014,0.0009145999792963266,0.27091003699752036,0.11222509999061003,1784780817.6823087,1784780816.6170683,1784780816.8670683,0.0,0.0,0.0,0.0,0.9361096620559692,0.15640582601190545,smoke-warm-resnet50-cifar10-pi5-20260723-122619:v1,1,4.2369996663182974e-05,unknown,0.0,9.330001194030046e-05,0.0006779999821446836,0.0009145999792963266,0.1112251000595279,"{'device': [], 'edge': [0, 1, 2, 3, 4, 5, 6, 7, 8, 9, 10, 11, 12, 13]}",14,after_layer3,edge,True,9,1.0,5.0,1.0,0.27091003699752036,-0.3545501849876018,9,192a72667ef54781ab15e38c01520696,50,"{'device_compute': 4.2369996663182974e-05, 'd2e_transport': 0.15640582601190545, 'edge_queue': 0.0009145999792963266, 'edge_segment_compute': 0.1112251000595279, 'edge_exit_head_compute': 0.0006779999821446836, 'edge_exit_check': 9.330001194030046e-05, 'e2c_transport': 0.0, 'cloud_queue': 0.0, 'cloud_segment_compute': 0.0, 'cloud_exit_head_compute': 0.0, 'cloud_exit_check': 0.0, 'total_latency': 0.27091003699752036, 'unattributed_overhead': 0.0015508409560425207, 'request_id': '192a72667ef54781ab15e38c01520696', 'user_id': 0, 'prediction': 9, 'exit_id': 'after_layer3', 'exit_boundary_id': 14, 'exit_location': 'edge', 'confidence': 0.9361096620559692, 'executed_segments_by_node': {'device': [], 'edge': [0, 1, 2, 3, 4, 5, 6, 7, 8, 9, 10, 11, 12, 13]}, 'nodes': [{'node': 'device', 'executed_segments': [], 'queue_s': 0.0, 'segment_compute_s': 0.0, 'exit_head_compute_s': 0.0, 'exit_check_s': 0.0, 'worker_elapsed_s': 4.2369996663182974e-05}, {'node': 'edge', 'executed_segments': [0, 1, 2, 3, 4, 5, 6, 7, 8, 9, 10, 11, 12, 13], 'queue_s': 0.0009145999792963266, 'segment_compute_s': 0.1112251000595279, 'exit_head_compute_s': 0.0006779999821446836, 'exit_check_s': 9.330001194030046e-05, 'worker_elapsed_s': 0.11222509999061003}], 'sample_id': 'balanced_009_0612_00006114', 'label': 9, 'correct': True, 'observed_utility': -0.3545501849876018}",balanced_009_0612_00006114,50,6114,0.8152403831481934,8403484519036877491,0.27091003699752036,0.0015508409560425207,0
0.0,3.009299689438194e-05,0.18885459995362908,0.18885459995362908,0.1517112910223659,3.009299689438194e-05,0.3430320910119917,0.18885459995362908,0.1913207999896258,0.001014399982523173,0.34308383100142237,0.18886659998679534,1784780817.988714,1784780816.9222271,1784780817.1722271,0.0,0.0,0.0,0.0,0.8391223549842834,0.1517112910223659,smoke-warm-resnet50-cifar10-pi5-20260723-122619:v1,1,3.009299689438194e-05,unknown,0.0,0.0001218999968841672,0.0008854000479914248,0.001014399982523173,0.18756729998858646,"{'device': [], 'edge': [0, 1, 2, 3, 4, 5, 6, 7, 8, 9, 10, 11, 12, 13]}",14,after_layer3,edge,True,8,1.0,5.0,1.0,0.34308383100142237,-0.7154191550071118,8,9f10a5efd4414bd7a5aa7fc6ba5eccf0,51,"{'device_compute': 3.009299689438194e-05, 'd2e_transport': 0.1517112910223659, 'edge_queue': 0.001014399982523173, 'edge_segment_compute': 0.18756729998858646, 'edge_exit_head_compute': 0.0008854000479914248, 'edge_exit_check': 0.0001218999968841672, 'e2c_transport': 0.0, 'cloud_queue': 0.0, 'cloud_segment_compute': 0.0, 'cloud_exit_head_compute': 0.0, 'cloud_exit_check': 0.0, 'total_latency': 0.34308383100142237, 'unattributed_overhead': 0.0017534469661768526, 'request_id': '9f10a5efd4414bd7a5aa7fc6ba5eccf0', 'user_id': 0, 'prediction': 8, 'exit_id': 'after_layer3', 'exit_boundary_id': 14, 'exit_location': 'edge', 'confidence': 0.8391223549842834, 'executed_segments_by_node': {'device': [], 'edge': [0, 1, 2, 3, 4, 5, 6, 7, 8, 9, 10, 11, 12, 13]}, 'nodes': [{'node': 'device', 'executed_segments': [], 'queue_s': 0.0, 'segment_compute_s': 0.0, 'exit_head_compute_s': 0.0, 'exit_check_s': 0.0, 'worker_elapsed_s': 3.009299689438194e-05}, {'node': 'edge', 'executed_segments': [0, 1, 2, 3, 4, 5, 6, 7, 8, 9, 10, 11, 12, 13], 'queue_s': 0.001014399982523173, 'segment_compute_s': 0.18756729998858646, 'exit_head_compute_s': 0.0008854000479914248, 'exit_check_s': 0.0001218999968841672, 'worker_elapsed_s': 0.18886659998679534}], 'sample_id': 'balanced_008_0125_00001164', 'label': 8, 'correct': True, 'observed_utility': -0.7154191550071118}",balanced_008_0125_00001164,51,1164,0.8164868354797363,8403484519036877491,0.34308383100142237,0.0017534469661768526,0
0.0,3.0610011890530586e-05,0.19340340001508594,0.19340340001508594,0.0985105789732188,3.0610011890530586e-05,0.2945749789942056,0.19340340001508594,0.1960644000209868,0.0011294000432826579,0.2946277370065218,0.19341639999765903,1784780818.364966,1784780817.298678,1784780817.548678,0.0,0.0,0.0,0.0,0.9604846835136414,0.0985105789732188,smoke-warm-resnet50-cifar10-pi5-20260723-122619:v1,1,3.0610011890530586e-05,unknown,0.0,0.000122999947052449,0.0008770999847911298,0.0011294000432826579,0.1920517000835389,"{'device': [], 'edge': [0, 1, 2, 3, 4, 5, 6, 7, 8, 9, 10, 11, 12, 13]}",14,after_layer3,edge,True,1,1.0,5.0,1.0,0.2946277370065218,-0.4731386850326089,1,4ecd0c1c0d364e8ea777fd045822729a,52,"{'device_compute': 3.0610011890530586e-05, 'd2e_transport': 0.0985105789732188, 'edge_queue': 0.0011294000432826579, 'edge_segment_compute': 0.1920517000835389, 'edge_exit_head_compute': 0.0008770999847911298, 'edge_exit_check': 0.000122999947052449, 'e2c_transport': 0.0, 'cloud_queue': 0.0, 'cloud_segment_compute': 0.0, 'cloud_exit_head_compute': 0.0, 'cloud_exit_check': 0.0, 'total_latency': 0.2946277370065218, 'unattributed_overhead': 0.001905347962747328, 'request_id': '4ecd0c1c0d364e8ea777fd045822729a', 'user_id': 0, 'prediction': 1, 'exit_id': 'after_layer3', 'exit_boundary_id': 14, 'exit_location': 'edge', 'confidence': 0.9604846835136414, 'executed_segments_by_node': {'device': [], 'edge': [0, 1, 2, 3, 4, 5, 6, 7, 8, 9, 10, 11, 12, 13]}, 'nodes': [{'node': 'device', 'executed_segments': [], 'queue_s': 0.0, 'segment_compute_s': 0.0, 'exit_head_compute_s': 0.0, 'exit_check_s': 0.0, 'worker_elapsed_s': 3.0610011890530586e-05}, {'node': 'edge', 'executed_segments': [0, 1, 2, 3, 4, 5, 6, 7, 8, 9, 10, 11, 12, 13], 'queue_s': 0.0011294000432826579, 'segment_compute_s': 0.1920517000835389, 'exit_head_compute_s': 0.0008770999847911298, 'exit_check_s': 0.000122999947052449, 'worker_elapsed_s': 0.19341639999765903}], 'sample_id': 'balanced_001_0079_00000947', 'label': 1, 'correct': True, 'observed_utility': -0.4731386850326089}",balanced_001_0079_00000947,52,947,0.8162879943847656,8403484519036877491,0.2946277370065218,0.001905347962747328,0
0.0,2.955499803647399e-05,0.21428400004515424,0.21428400004515424,0.14258127799257636,2.955499803647399e-05,0.35854177799774334,0.21428400004515424,0.21596050000516698,0.0009237999911420047,0.3585939810000127,0.21429549995809793,1784780818.696607,1784780817.6312191,1784780817.8812191,0.0,0.0,0.0,0.0,0.9999567270278931,0.14258127799257636,smoke-warm-resnet50-cifar10-pi5-20260723-122619:v1,1,2.955499803647399e-05,unknown,0.0,0.0001490000868216157,0.0008988999761641026,0.0009237999911420047,0.21292750001884997,"{'device': [], 'edge': [0, 1, 2, 3, 4, 5, 6, 7, 8, 9, 10, 11, 12, 13, 14, 15, 16, 17, 18]}",19,final,edge,True,2,1.0,5.0,1.0,0.3585939810000127,-0.7929699050000636,2,727adf9474ac4f6b9c76632871b83061,53,"{'device_compute': 2.955499803647399e-05, 'd2e_transport': 0.14258127799257636, 'edge_queue': 0.0009237999911420047, 'edge_segment_compute': 0.21292750001884997, 'edge_exit_head_compute': 0.0008988999761641026, 'edge_exit_check': 0.0001490000868216157, 'e2c_transport': 0.0, 'cloud_queue': 0.0, 'cloud_segment_compute': 0.0, 'cloud_exit_head_compute': 0.0, 'cloud_exit_check': 0.0, 'total_latency': 0.3585939810000127, 'unattributed_overhead': 0.0010839479364221916, 'request_id': '727adf9474ac4f6b9c76632871b83061', 'user_id': 0, 'prediction': 2, 'exit_id': 'final', 'exit_boundary_id': 19, 'exit_location': 'edge', 'confidence': 0.9999567270278931, 'executed_segments_by_node': {'device': [], 'edge': [0, 1, 2, 3, 4, 5, 6, 7, 8, 9, 10, 11, 12, 13, 14, 15, 16, 17, 18]}, 'nodes': [{'node': 'device', 'executed_segments': [], 'queue_s': 0.0, 'segment_compute_s': 0.0, 'exit_head_compute_s': 0.0, 'exit_check_s': 0.0, 'worker_elapsed_s': 2.955499803647399e-05}, {'node': 'edge', 'executed_segments': [0, 1, 2, 3, 4, 5, 6, 7, 8, 9, 10, 11, 12, 13, 14, 15, 16, 17, 18], 'queue_s': 0.0009237999911420047, 'segment_compute_s': 0.21292750001884997, 'exit_head_compute_s': 0.0008988999761641026, 'exit_check_s': 0.0001490000868216157, 'worker_elapsed_s': 0.21429549995809793}], 'sample_id': 'balanced_002_0442_00004174', 'label': 2, 'correct': True, 'observed_utility': -0.7929699050000636}",balanced_002_0442_00004174,53,4174,0.8153879642486572,8403484519036877491,0.3585939810000127,0.0010839479364221916,0
0.0,3.283299156464636e-05,0.22394629998598248,0.22394629998598248,0.1054496510187164,3.283299156464636e-05,0.3311137509881519,0.22394629998598248,0.22566409996943548,0.0009807999595068395,0.3311717499891529,0.2239580000168644,1784780819.0786905,1784780818.012197,1784780818.262197,0.0,0.0,0.0,0.0,0.9997617602348328,0.1054496510187164,smoke-warm-resnet50-cifar10-pi5-20260723-122619:v1,1,3.283299156464636e-05,unknown,0.0,0.0001577999792061746,0.0008992999792098999,0.0009807999595068395,0.2225198998930864,"{'device': [], 'edge': [0, 1, 2, 3, 4, 5, 6, 7, 8, 9, 10, 11, 12, 13, 14, 15, 16, 17, 18]}",19,final,edge,True,5,1.0,5.0,1.0,0.3311717499891529,-0.6558587499457644,5,3363935575ea4431a73b156eff08bf4e,54,"{'device_compute': 3.283299156464636e-05, 'd2e_transport': 0.1054496510187164, 'edge_queue': 0.0009807999595068395, 'edge_segment_compute': 0.2225198998930864, 'edge_exit_head_compute': 0.0008992999792098999, 'edge_exit_check': 0.0001577999792061746, 'e2c_transport': 0.0, 'cloud_queue': 0.0, 'cloud_segment_compute': 0.0, 'cloud_exit_head_compute': 0.0, 'cloud_exit_check': 0.0, 'total_latency': 0.3311717499891529, 'unattributed_overhead': 0.001131466167862527, 'request_id': '3363935575ea4431a73b156eff08bf4e', 'user_id': 0, 'prediction': 5, 'exit_id': 'final', 'exit_boundary_id': 19, 'exit_location': 'edge', 'confidence': 0.9997617602348328, 'executed_segments_by_node': {'device': [], 'edge': [0, 1, 2, 3, 4, 5, 6, 7, 8, 9, 10, 11, 12, 13, 14, 15, 16, 17, 18]}, 'nodes': [{'node': 'device', 'executed_segments': [], 'queue_s': 0.0, 'segment_compute_s': 0.0, 'exit_head_compute_s': 0.0, 'exit_check_s': 0.0, 'worker_elapsed_s': 3.283299156464636e-05}, {'node': 'edge', 'executed_segments': [0, 1, 2, 3, 4, 5, 6, 7, 8, 9, 10, 11, 12, 13, 14, 15, 16, 17, 18], 'queue_s': 0.0009807999595068395, 'segment_compute_s': 0.2225198998930864, 'exit_head_compute_s': 0.0008992999792098999, 'exit_check_s': 0.0001577999792061746, 'worker_elapsed_s': 0.2239580000168644}], 'sample_id': 'balanced_005_0002_00000024', 'label': 5, 'correct': True, 'observed_utility': -0.6558587499457644}",balanced_005_0002_00000024,54,24,0.8164935111999512,8403484519036877491,0.3311717499891529,0.001131466167862527,0
0.0,3.085100615862757e-05,0.21580459998222068,0.21580459998222068,0.31400044696056284,3.085100615862757e-05,0.5314790470001753,0.21580459998222068,0.2174786000396125,0.0010335000115446746,0.5315332129976014,0.2158165000146255,1784780819.5042117,1784780818.4331794,1784780818.6831794,0.0,0.0,0.0,0.0,0.983749508857727,0.31400044696056284,smoke-warm-resnet50-cifar10-pi5-20260723-122619:v1,1,3.085100615862757e-05,unknown,0.0,0.000145800004247576,0.0008553001098334789,0.0010335000115446746,0.21448840002994984,"{'device': [], 'edge': [0, 1, 2, 3, 4, 5, 6, 7, 8, 9, 10, 11, 12, 13, 14, 15, 16, 17, 18]}",19,final,edge,True,9,1.0,5.0,1.0,0.5315332129976014,-1.6576660649880068,9,3517c20a109f464a83a2f06d8de86539,55,"{'device_compute': 3.085100615862757e-05, 'd2e_transport': 0.31400044696056284, 'edge_queue': 0.0010335000115446746, 'edge_segment_compute': 0.21448840002994984, 'edge_exit_head_compute': 0.0008553001098334789, 'edge_exit_check': 0.000145800004247576, 'e2c_transport': 0.0, 'cloud_queue': 0.0, 'cloud_segment_compute': 0.0, 'cloud_exit_head_compute': 0.0, 'cloud_exit_check': 0.0, 'total_latency': 0.5315332129976014, 'unattributed_overhead': 0.0009789148753043264, 'request_id': '3517c20a109f464a83a2f06d8de86539', 'user_id': 0, 'prediction': 9, 'exit_id': 'final', 'exit_boundary_id': 19, 'exit_location': 'edge', 'confidence': 0.983749508857727, 'executed_segments_by_node': {'device': [], 'edge': [0, 1, 2, 3, 4, 5, 6, 7, 8, 9, 10, 11, 12, 13, 14, 15, 16, 17, 18]}, 'nodes': [{'node': 'device', 'executed_segments': [], 'queue_s': 0.0, 'segment_compute_s': 0.0, 'exit_head_compute_s': 0.0, 'exit_check_s': 0.0, 'worker_elapsed_s': 3.085100615862757e-05}, {'node': 'edge', 'executed_segments': [0, 1, 2, 3, 4, 5, 6, 7, 8, 9, 10, 11, 12, 13, 14, 15, 16, 17, 18], 'queue_s': 0.0010335000115446746, 'segment_compute_s': 0.21448840002994984, 'exit_head_compute_s': 0.0008553001098334789, 'exit_check_s': 0.000145800004247576, 'worker_elapsed_s': 0.2158165000146255}], 'sample_id': 'balanced_009_0355_00003469', 'label': 9, 'correct': True, 'observed_utility': -1.6576660649880068}",balanced_009_0355_00003469,55,3469,0.8210322856903076,8403484519036877491,0.5315332129976014,0.0009789148753043264,0
0.0,3.086999640800059e-05,0.19142440002178773,0.19142440002178773,0.14275270298821852,3.086999640800059e-05,0.33670470298966393,0.19142440002178773,0.1939520000014454,0.0010944000096060336,0.33675829399726354,0.19143720000283793,1784780820.1032224,1784780819.0343401,1784780819.2843401,0.0,0.0,0.0,0.0,0.8296512365341187,0.14275270298821852,smoke-warm-resnet50-cifar10-pi5-20260723-122619:v1,1,3.086999640800059e-05,unknown,0.0,0.00013840000610798597,0.0008756000315770507,0.0010944000096060336,0.19011050008703023,"{'device': [], 'edge': [0, 1, 2, 3, 4, 5, 6, 7, 8, 9, 10, 11, 12, 13]}",14,after_layer3,edge,True,6,1.0,5.0,1.0,0.33675829399726354,-0.6837914699863177,6,7987c4e732cf4800a09b3260b42679b9,56,"{'device_compute': 3.086999640800059e-05, 'd2e_transport': 0.14275270298821852, 'edge_queue': 0.0010944000096060336, 'edge_segment_compute': 0.19011050008703023, 'edge_exit_head_compute': 0.0008756000315770507, 'edge_exit_check': 0.00013840000610798597, 'e2c_transport': 0.0, 'cloud_queue': 0.0, 'cloud_segment_compute': 0.0, 'cloud_exit_head_compute': 0.0, 'cloud_exit_check': 0.0, 'total_latency': 0.33675829399726354, 'unattributed_overhead': 0.001755820878315717, 'request_id': '7987c4e732cf4800a09b3260b42679b9', 'user_id': 0, 'prediction': 6, 'exit_id': 'after_layer3', 'exit_boundary_id': 14, 'exit_location': 'edge', 'confidence': 0.8296512365341187, 'executed_segments_by_node': {'device': [], 'edge': [0, 1, 2, 3, 4, 5, 6, 7, 8, 9, 10, 11, 12, 13]}, 'nodes': [{'node': 'device', 'executed_segments': [], 'queue_s': 0.0, 'segment_compute_s': 0.0, 'exit_head_compute_s': 0.0, 'exit_check_s': 0.0, 'worker_elapsed_s': 3.086999640800059e-05}, {'node': 'edge', 'executed_segments': [0, 1, 2, 3, 4, 5, 6, 7, 8, 9, 10, 11, 12, 13], 'queue_s': 0.0010944000096060336, 'segment_compute_s': 0.19011050008703023, 'exit_head_compute_s': 0.0008756000315770507, 'exit_check_s': 0.00013840000610798597, 'worker_elapsed_s': 0.19143720000283793}], 'sample_id': 'balanced_006_0245_00002343', 'label': 6, 'correct': True, 'observed_utility': -0.6837914699863177}",balanced_006_0245_00002343,56,2343,0.8188822269439697,8403484519036877491,0.33675829399726354,0.001755820878315717,0
0.0,3.0295996111817658e-05,0.18993190000765026,0.18993190000765026,0.1877126449981006,3.0295996111817658e-05,0.3803799449960934,0.18993190000765026,0.1926672999979928,0.0011314000003039837,0.3804333160078386,0.1899449999909848,1784780820.5213056,1784780819.4541047,1784780819.7041047,0.0,0.0,0.0,0.0,0.8626771569252014,0.1877126449981006,smoke-warm-resnet50-cifar10-pi5-20260723-122619:v2,2,3.0295996111817658e-05,unknown,0.0,0.00013109989231452346,0.0008908000309020281,0.0011314000003039837,0.1886110999621451,"{'device': [], 'edge': [0, 1, 2, 3, 4, 5, 6, 7, 8, 9, 10, 11, 12, 13]}",14,after_layer3,edge,True,7,1.0,5.0,1.0,0.3804333160078386,-0.9021665800391929,7,271c2c174d3546c5a98396180c8158c4,57,"{'device_compute': 3.0295996111817658e-05, 'd2e_transport': 0.1877126449981006, 'edge_queue': 0.0011314000003039837, 'edge_segment_compute': 0.1886110999621451, 'edge_exit_head_compute': 0.0008908000309020281, 'edge_exit_check': 0.00013109989231452346, 'e2c_transport': 0.0, 'cloud_queue': 0.0, 'cloud_segment_compute': 0.0, 'cloud_exit_head_compute': 0.0, 'cloud_exit_check': 0.0, 'total_latency': 0.3804333160078386, 'unattributed_overhead': 0.0019259751279605553, 'request_id': '271c2c174d3546c5a98396180c8158c4', 'user_id': 0, 'prediction': 7, 'exit_id': 'after_layer3', 'exit_boundary_id': 14, 'exit_location': 'edge', 'confidence': 0.8626771569252014, 'executed_segments_by_node': {'device': [], 'edge': [0, 1, 2, 3, 4, 5, 6, 7, 8, 9, 10, 11, 12, 13]}, 'nodes': [{'node': 'device', 'executed_segments': [], 'queue_s': 0.0, 'segment_compute_s': 0.0, 'exit_head_compute_s': 0.0, 'exit_check_s': 0.0, 'worker_elapsed_s': 3.0295996111817658e-05}, {'node': 'edge', 'executed_segments': [0, 1, 2, 3, 4, 5, 6, 7, 8, 9, 10, 11, 12, 13], 'queue_s': 0.0011314000003039837, 'segment_compute_s': 0.1886110999621451, 'exit_head_compute_s': 0.0008908000309020281, 'exit_check_s': 0.00013109989231452346, 'worker_elapsed_s': 0.1899449999909848}], 'sample_id': 'balanced_007_0870_00008737', 'label': 7, 'correct': True, 'observed_utility': -0.9021665800391929}",balanced_007_0870_00008737,57,8737,0.8172008991241455,8403484519036877491,0.3804333160078386,0.0019259751279605553,0
0.0,2.9314003768377006e-05,0.1976128999958746,0.1976128999958746,0.17840853601228446,2.9314003768377006e-05,0.3799576360033825,0.1976128999958746,0.20154909999109805,0.0012537000002339482,0.3800096719933208,0.1976264999830164,1784780820.947376,1784780819.8801754,1784780820.1301754,0.0,0.0,0.0,0.0,0.8948347568511963,0.17840853601228446,smoke-warm-resnet50-cifar10-pi5-20260723-122619:v2,2,2.9314003768377006e-05,unknown,0.0,0.0001349999220110476,0.0008992000366561115,0.0012537000002339482,0.1962687000632286,"{'device': [], 'edge': [0, 1, 2, 3, 4, 5, 6, 7, 8, 9, 10, 11, 12, 13]}",14,after_layer3,edge,True,3,1.0,5.0,1.0,0.3800096719933208,-0.900048359966604,3,3d2572e540ac4462a1a1132e00ef8d20,58,"{'device_compute': 2.9314003768377006e-05, 'd2e_transport': 0.17840853601228446, 'edge_queue': 0.0012537000002339482, 'edge_segment_compute': 0.1962687000632286, 'edge_exit_head_compute': 0.0008992000366561115, 'edge_exit_check': 0.0001349999220110476, 'e2c_transport': 0.0, 'cloud_queue': 0.0, 'cloud_segment_compute': 0.0, 'cloud_exit_head_compute': 0.0, 'cloud_exit_check': 0.0, 'total_latency': 0.3800096719933208, 'unattributed_overhead': 0.0030152219551382586, 'request_id': '3d2572e540ac4462a1a1132e00ef8d20', 'user_id': 0, 'prediction': 3, 'exit_id': 'after_layer3', 'exit_boundary_id': 14, 'exit_location': 'edge', 'confidence': 0.8948347568511963, 'executed_segments_by_node': {'device': [], 'edge': [0, 1, 2, 3, 4, 5, 6, 7, 8, 9, 10, 11, 12, 13]}, 'nodes': [{'node': 'device', 'executed_segments': [], 'queue_s': 0.0, 'segment_compute_s': 0.0, 'exit_head_compute_s': 0.0, 'exit_check_s': 0.0, 'worker_elapsed_s': 2.9314003768377006e-05}, {'node': 'edge', 'executed_segments': [0, 1, 2, 3, 4, 5, 6, 7, 8, 9, 10, 11, 12, 13], 'queue_s': 0.0012537000002339482, 'segment_compute_s': 0.1962687000632286, 'exit_head_compute_s': 0.0008992000366561115, 'exit_check_s': 0.0001349999220110476, 'worker_elapsed_s': 0.1976264999830164}], 'sample_id': 'balanced_003_0340_00003479', 'label': 3, 'correct': True, 'observed_utility': -0.900048359966604}",balanced_003_0340_00003479,58,3479,0.8172006607055664,8403484519036877491,0.3800096719933208,0.0030152219551382586,0
0.0,3.0758994398638606e-05,0.2521487000049092,0.2521487000049092,0.19774277802207507,3.0758994398638606e-05,0.45311517801019363,0.2521487000049092,0.25537239998811856,0.0018801999976858497,0.4531683989916928,0.2521773999906145,1784780821.3642254,1784780820.2975132,1784780820.5475132,0.0,0.0,0.0,0.0,0.9999845027923584,0.19774277802207507,smoke-warm-resnet50-cifar10-pi5-20260723-122619:v2,2,3.0758994398638606e-05,unknown,0.0,0.0003537000739015639,0.0014612000086344779,0.0018801999976858497,0.24973459995817393,"{'device': [], 'edge': [0, 1, 2, 3, 4, 5, 6, 7, 8, 9, 10, 11, 12, 13, 14, 15, 16, 17, 18]}",19,final,edge,True,8,1.0,5.0,1.0,0.4531683989916928,-1.265841994958464,8,34f7fad135fc42559401aa30f7a7dbd5,59,"{'device_compute': 3.0758994398638606e-05, 'd2e_transport': 0.19774277802207507, 'edge_queue': 0.0018801999976858497, 'edge_segment_compute': 0.24973459995817393, 'edge_exit_head_compute': 0.0014612000086344779, 'edge_exit_check': 0.0003537000739015639, 'e2c_transport': 0.0, 'cloud_queue': 0.0, 'cloud_segment_compute': 0.0, 'cloud_exit_head_compute': 0.0, 'cloud_exit_check': 0.0, 'total_latency': 0.4531683989916928, 'unattributed_overhead': 0.0019651619368232787, 'request_id': '34f7fad135fc42559401aa30f7a7dbd5', 'user_id': 0, 'prediction': 8, 'exit_id': 'final', 'exit_boundary_id': 19, 'exit_location': 'edge', 'confidence': 0.9999845027923584, 'executed_segments_by_node': {'device': [], 'edge': [0, 1, 2, 3, 4, 5, 6, 7, 8, 9, 10, 11, 12, 13, 14, 15, 16, 17, 18]}, 'nodes': [{'node': 'device', 'executed_segments': [], 'queue_s': 0.0, 'segment_compute_s': 0.0, 'exit_head_compute_s': 0.0, 'exit_check_s': 0.0, 'worker_elapsed_s': 3.0758994398638606e-05}, {'node': 'edge', 'executed_segments': [0, 1, 2, 3, 4, 5, 6, 7, 8, 9, 10, 11, 12, 13, 14, 15, 16, 17, 18], 'queue_s': 0.0018801999976858497, 'segment_compute_s': 0.24973459995817393, 'exit_head_compute_s': 0.0014612000086344779, 'exit_check_s': 0.0003537000739015639, 'worker_elapsed_s': 0.2521773999906145}], 'sample_id': 'balanced_008_0691_00007055', 'label': 8, 'correct': True, 'observed_utility': -1.265841994958464}",balanced_008_0691_00007055,59,7055,0.8167121410369873,8403484519036877491,0.4531683989916928,0.0019651619368232787,0
0.0,3.014798858202994e-05,0.24198340001748875,0.24198340001748875,0.12184297398198396,3.014798858202994e-05,0.3666627740021795,0.24198340001748875,0.24481980002019554,0.0020952000049874187,0.3667151260015089,0.24200319999363273,1784780821.863022,1784780820.794576,1784780821.044576,0.0,0.0,0.0,0.0,0.9949413537979126,0.12184297398198396,smoke-warm-resnet50-cifar10-pi5-20260723-122619:v2,2,3.014798858202994e-05,unknown,0.0,0.00022649997845292091,0.0010921999346464872,0.0020952000049874187,0.24019949999637902,"{'device': [], 'edge': [0, 1, 2, 3, 4, 5, 6, 7, 8, 9, 10, 11, 12, 13, 14, 15, 16, 17, 18]}",19,final,edge,True,5,1.0,5.0,1.0,0.3667151260015089,-0.8335756300075445,5,44cb28826c9b40a5bb9bf61c5a49357e,60,"{'device_compute': 3.014798858202994e-05, 'd2e_transport': 0.12184297398198396, 'edge_queue': 0.0020952000049874187, 'edge_segment_compute': 0.24019949999637902, 'edge_exit_head_compute': 0.0010921999346464872, 'edge_exit_check': 0.00022649997845292091, 'e2c_transport': 0.0, 'cloud_queue': 0.0, 'cloud_segment_compute': 0.0, 'cloud_exit_head_compute': 0.0, 'cloud_exit_check': 0.0, 'total_latency': 0.3667151260015089, 'unattributed_overhead': 0.0012286041164770722, 'request_id': '44cb28826c9b40a5bb9bf61c5a49357e', 'user_id': 0, 'prediction': 5, 'exit_id': 'final', 'exit_boundary_id': 19, 'exit_location': 'edge', 'confidence': 0.9949413537979126, 'executed_segments_by_node': {'device': [], 'edge': [0, 1, 2, 3, 4, 5, 6, 7, 8, 9, 10, 11, 12, 13, 14, 15, 16, 17, 18]}, 'nodes': [{'node': 'device', 'executed_segments': [], 'queue_s': 0.0, 'segment_compute_s': 0.0, 'exit_head_compute_s': 0.0, 'exit_check_s': 0.0, 'worker_elapsed_s': 3.014798858202994e-05}, {'node': 'edge', 'executed_segments': [0, 1, 2, 3, 4, 5, 6, 7, 8, 9, 10, 11, 12, 13, 14, 15, 16, 17, 18], 'queue_s': 0.0020952000049874187, 'segment_compute_s': 0.24019949999637902, 'exit_head_compute_s': 0.0010921999346464872, 'exit_check_s': 0.00022649997845292091, 'worker_elapsed_s': 0.24200319999363273}], 'sample_id': 'balanced_005_0597_00005979', 'label': 5, 'correct': True, 'observed_utility': -0.8335756300075445}",balanced_005_0597_00005979,60,5979,0.818446159362793,8403484519036877491,0.3667151260015089,0.0012286041164770722,0
0.0,2.9759001336060464e-05,0.1910976999788545,0.1910976999788545,0.23115670803235844,2.9759001336060464e-05,0.42490580800222233,0.1910976999788545,0.1937490999698639,0.0009411000064574182,0.4249582329939585,0.19110950001049787,1784780822.2670276,1784780821.1983626,1784780821.4483626,0.0,0.0,0.0,0.0,0.9639844298362732,0.23115670803235844,smoke-warm-resnet50-cifar10-pi5-20260723-122619:v2,2,2.9759001336060464e-05,unknown,0.0,0.00012400007108226418,0.0008846999844536185,0.0009411000064574182,0.18979099998250604,"{'device': [], 'edge': [0, 1, 2, 3, 4, 5, 6, 7, 8, 9, 10, 11, 12, 13]}",14,after_layer3,edge,True,8,1.0,5.0,1.0,0.4249582329939585,-1.1247911649697926,8,bbf5d58822564da288c8a11740eef4af,61,"{'device_compute': 2.9759001336060464e-05, 'd2e_transport': 0.23115670803235844, 'edge_queue': 0.0009411000064574182, 'edge_segment_compute': 0.18979099998250604, 'edge_exit_head_compute': 0.0008846999844536185, 'edge_exit_check': 0.00012400007108226418, 'e2c_transport': 0.0, 'cloud_queue': 0.0, 'cloud_segment_compute': 0.0, 'cloud_exit_head_compute': 0.0, 'cloud_exit_check': 0.0, 'total_latency': 0.4249582329939585, 'unattributed_overhead': 0.002030965915764682, 'request_id': 'bbf5d58822564da288c8a11740eef4af', 'user_id': 0, 'prediction': 8, 'exit_id': 'after_layer3', 'exit_boundary_id': 14, 'exit_location': 'edge', 'confidence': 0.9639844298362732, 'executed_segments_by_node': {'device': [], 'edge': [0, 1, 2, 3, 4, 5, 6, 7, 8, 9, 10, 11, 12, 13]}, 'nodes': [{'node': 'device', 'executed_segments': [], 'queue_s': 0.0, 'segment_compute_s': 0.0, 'exit_head_compute_s': 0.0, 'exit_check_s': 0.0, 'worker_elapsed_s': 2.9759001336060464e-05}, {'node': 'edge', 'executed_segments': [0, 1, 2, 3, 4, 5, 6, 7, 8, 9, 10, 11, 12, 13], 'queue_s': 0.0009411000064574182, 'segment_compute_s': 0.18979099998250604, 'exit_head_compute_s': 0.0008846999844536185, 'exit_check_s': 0.00012400007108226418, 'worker_elapsed_s': 0.19110950001049787}], 'sample_id': 'balanced_008_0684_00006998', 'label': 8, 'correct': True, 'observed_utility': -1.1247911649697926}",balanced_008_0684_00006998,61,6998,0.8186650276184082,8403484519036877491,0.4249582329939585,0.002030965915764682,0
0.0,2.9666000045835972e-05,0.12376119999680668,0.12376119999680668,0.11977054401359055,2.9666000045835972e-05,0.24649634399975184,0.12376119999680668,0.1267257999861613,0.0010032000136561692,0.24654956499580294,0.12377449998166412,1784780822.7516358,1784780821.6834855,1784780821.9334855,0.0,0.0,0.0,0.0,0.704275369644165,0.11977054401359055,smoke-warm-resnet50-cifar10-pi5-20260723-122619:v2,2,2.9666000045835972e-05,unknown,0.0,8.650001836940646e-05,0.0006918000290170312,0.0010032000136561692,0.12278649990912527,"{'device': [], 'edge': [0, 1, 2, 3, 4, 5, 6, 7]}",8,after_layer2,edge,True,7,1.0,5.0,1.0,0.24654956499580294,-0.2327478249790147,7,39a118b521bd4f60ad01be85d48f6cb4,62,"{'device_compute': 2.9666000045835972e-05, 'd2e_transport': 0.11977054401359055, 'edge_queue': 0.0010032000136561692, 'edge_segment_compute': 0.12278649990912527, 'edge_exit_head_compute': 0.0006918000290170312, 'edge_exit_check': 8.650001836940646e-05, 'e2c_transport': 0.0, 'cloud_queue': 0.0, 'cloud_segment_compute': 0.0, 'cloud_exit_head_compute': 0.0, 'cloud_exit_check': 0.0, 'total_latency': 0.24654956499580294, 'unattributed_overhead': 0.0021813550119986758, 'request_id': '39a118b521bd4f60ad01be85d48f6cb4', 'user_id': 0, 'prediction': 7, 'exit_id': 'after_layer2', 'exit_boundary_id': 8, 'exit_location': 'edge', 'confidence': 0.704275369644165, 'executed_segments_by_node': {'device': [], 'edge': [0, 1, 2, 3, 4, 5, 6, 7]}, 'nodes': [{'node': 'device', 'executed_segments': [], 'queue_s': 0.0, 'segment_compute_s': 0.0, 'exit_head_compute_s': 0.0, 'exit_check_s': 0.0, 'worker_elapsed_s': 2.9666000045835972e-05}, {'node': 'edge', 'executed_segments': [0, 1, 2, 3, 4, 5, 6, 7], 'queue_s': 0.0010032000136561692, 'segment_compute_s': 0.12278649990912527, 'exit_head_compute_s': 0.0006918000290170312, 'exit_check_s': 8.650001836940646e-05, 'worker_elapsed_s': 0.12377449998166412}], 'sample_id': 'balanced_007_0179_00001849', 'label': 7, 'correct': True, 'observed_utility': -0.2327478249790147}",balanced_007_0179_00001849,62,1849,0.8181502819061279,8403484519036877491,0.24654956499580294,0.0021813550119986758,0
0.0,4.442600766196847e-05,0.2034540000022389,0.2034540000022389,0.17216156398353633,4.442600766196847e-05,0.3782180640118895,0.2034540000022389,0.20605650002835318,0.0009975000284612179,0.37829330400563776,0.2034659999771975,1784780823.0730238,1784780822.0035596,1784780822.2535596,0.0,0.0,0.0,0.0,0.9176255464553833,0.17216156398353633,smoke-warm-resnet50-cifar10-pi5-20260723-122619:v2,2,4.442600766196847e-05,unknown,0.0,0.00012790004257112741,0.0009494000696577132,0.0009975000284612179,0.20207460009260103,"{'device': [], 'edge': [0, 1, 2, 3, 4, 5, 6, 7, 8, 9, 10, 11, 12, 13]}",14,after_layer3,edge,True,9,1.0,5.0,1.0,0.37829330400563776,-0.8914665200281888,9,d53469bf491e4e88a7561ca81eaebf7d,63,"{'device_compute': 4.442600766196847e-05, 'd2e_transport': 0.17216156398353633, 'edge_queue': 0.0009975000284612179, 'edge_segment_compute': 0.20207460009260103, 'edge_exit_head_compute': 0.0009494000696577132, 'edge_exit_check': 0.00012790004257112741, 'e2c_transport': 0.0, 'cloud_queue': 0.0, 'cloud_segment_compute': 0.0, 'cloud_exit_head_compute': 0.0, 'cloud_exit_check': 0.0, 'total_latency': 0.37829330400563776, 'unattributed_overhead': 0.0019379137811483815, 'request_id': 'd53469bf491e4e88a7561ca81eaebf7d', 'user_id': 0, 'prediction': 9, 'exit_id': 'after_layer3', 'exit_boundary_id': 14, 'exit_location': 'edge', 'confidence': 0.9176255464553833, 'executed_segments_by_node': {'device': [], 'edge': [0, 1, 2, 3, 4, 5, 6, 7, 8, 9, 10, 11, 12, 13]}, 'nodes': [{'node': 'device', 'executed_segments': [], 'queue_s': 0.0, 'segment_compute_s': 0.0, 'exit_head_compute_s': 0.0, 'exit_check_s': 0.0, 'worker_elapsed_s': 4.442600766196847e-05}, {'node': 'edge', 'executed_segments': [0, 1, 2, 3, 4, 5, 6, 7, 8, 9, 10, 11, 12, 13], 'queue_s': 0.0009975000284612179, 'segment_compute_s': 0.20207460009260103, 'exit_head_compute_s': 0.0009494000696577132, 'exit_check_s': 0.00012790004257112741, 'worker_elapsed_s': 0.2034659999771975}], 'sample_id': 'balanced_009_0726_00007448', 'label': 9, 'correct': True, 'observed_utility': -0.8914665200281888}",balanced_009_0726_00007448,63,7448,0.8194642066955566,8403484519036877491,0.37829330400563776,0.0019379137811483815,0
0.0,4.8981004511006176e-05,0.2257988000055775,0.2257988000055775,0.16673605298274197,4.8981004511006176e-05,0.3948080530099105,0.2257988000055775,0.22807200002716854,0.0012384000001475215,0.394891367002856,0.2258115000440739,1784780823.5074046,1784780822.4399478,1784780822.6899478,0.0,0.0,0.0,0.0,0.9984419941902161,0.16673605298274197,smoke-warm-resnet50-cifar10-pi5-20260723-122619:v2,2,4.8981004511006176e-05,unknown,0.0,0.00014270009705796838,0.000853499979712069,0.0012384000001475215,0.22447860013926402,"{'device': [], 'edge': [0, 1, 2, 3, 4, 5, 6, 7, 8, 9, 10, 11, 12, 13, 14, 15, 16, 17, 18]}",19,final,edge,True,2,1.0,5.0,1.0,0.394891367002856,-0.9744568350142799,2,6f4e0593c4a04954a1b8ea83da0b4ef8,64,"{'device_compute': 4.8981004511006176e-05, 'd2e_transport': 0.16673605298274197, 'edge_queue': 0.0012384000001475215, 'edge_segment_compute': 0.22447860013926402, 'edge_exit_head_compute': 0.000853499979712069, 'edge_exit_check': 0.00014270009705796838, 'e2c_transport': 0.0, 'cloud_queue': 0.0, 'cloud_segment_compute': 0.0, 'cloud_exit_head_compute': 0.0, 'cloud_exit_check': 0.0, 'total_latency': 0.394891367002856, 'unattributed_overhead': 0.001393132799421437, 'request_id': '6f4e0593c4a04954a1b8ea83da0b4ef8', 'user_id': 0, 'prediction': 2, 'exit_id': 'final', 'exit_boundary_id': 19, 'exit_location': 'edge', 'confidence': 0.9984419941902161, 'executed_segments_by_node': {'device': [], 'edge': [0, 1, 2, 3, 4, 5, 6, 7, 8, 9, 10, 11, 12, 13, 14, 15, 16, 17, 18]}, 'nodes': [{'node': 'device', 'executed_segments': [], 'queue_s': 0.0, 'segment_compute_s': 0.0, 'exit_head_compute_s': 0.0, 'exit_check_s': 0.0, 'worker_elapsed_s': 4.8981004511006176e-05}, {'node': 'edge', 'executed_segments': [0, 1, 2, 3, 4, 5, 6, 7, 8, 9, 10, 11, 12, 13, 14, 15, 16, 17, 18], 'queue_s': 0.0012384000001475215, 'segment_compute_s': 0.22447860013926402, 'exit_head_compute_s': 0.000853499979712069, 'exit_check_s': 0.00014270009705796838, 'worker_elapsed_s': 0.2258115000440739}], 'sample_id': 'balanced_002_0660_00006595', 'label': 2, 'correct': True, 'observed_utility': -0.9744568350142799}",balanced_002_0660_00006595,64,6595,0.8174567222595215,8403484519036877491,0.394891367002856,0.001393132799421437,0
0.0,4.086999979335815e-05,0.12499789998400956,0.12499789998400956,0.22662005701567978,4.086999979335815e-05,0.3553650570102036,0.12499789998400956,0.12874499999452382,0.0010972999734804034,0.35543507400143426,0.12501070002326742,1784780823.9831827,1784780822.90763,1784780823.15763,0.0,0.0,0.0,0.0,0.6845337748527527,0.22662005701567978,smoke-warm-resnet50-cifar10-pi5-20260723-122619:v2,2,4.086999979335815e-05,unknown,0.0,0.00010260002454742789,0.000810900004580617,0.0010972999734804034,0.12386460008565336,"{'device': [], 'edge': [0, 1, 2, 3, 4, 5, 6, 7]}",8,after_layer2,edge,True,0,1.0,5.0,1.0,0.35543507400143426,-0.7771753700071713,0,1a0340aa22d44733a02e413cc3dd0649,65,"{'device_compute': 4.086999979335815e-05, 'd2e_transport': 0.22662005701567978, 'edge_queue': 0.0010972999734804034, 'edge_segment_compute': 0.12386460008565336, 'edge_exit_head_compute': 0.000810900004580617, 'edge_exit_check': 0.00010260002454742789, 'e2c_transport': 0.0, 'cloud_queue': 0.0, 'cloud_segment_compute': 0.0, 'cloud_exit_head_compute': 0.0, 'cloud_exit_check': 0.0, 'total_latency': 0.35543507400143426, 'unattributed_overhead': 0.0028987468976993114, 'request_id': '1a0340aa22d44733a02e413cc3dd0649', 'user_id': 0, 'prediction': 0, 'exit_id': 'after_layer2', 'exit_boundary_id': 8, 'exit_location': 'edge', 'confidence': 0.6845337748527527, 'executed_segments_by_node': {'device': [], 'edge': [0, 1, 2, 3, 4, 5, 6, 7]}, 'nodes': [{'node': 'device', 'executed_segments': [], 'queue_s': 0.0, 'segment_compute_s': 0.0, 'exit_head_compute_s': 0.0, 'exit_check_s': 0.0, 'worker_elapsed_s': 4.086999979335815e-05}, {'node': 'edge', 'executed_segments': [0, 1, 2, 3, 4, 5, 6, 7], 'queue_s': 0.0010972999734804034, 'segment_compute_s': 0.12386460008565336, 'exit_head_compute_s': 0.000810900004580617, 'exit_check_s': 0.00010260002454742789, 'worker_elapsed_s': 0.12501070002326742}], 'sample_id': 'balanced_000_0538_00005452', 'label': 0, 'correct': True, 'observed_utility': -0.7771753700071713}",balanced_000_0538_00005452,65,5452,0.8255527019500732,8403484519036877491,0.35543507400143426,0.0028987468976993114,0
0.0,3.500000457279384e-05,0.12609360000351444,0.12609360000351444,0.1705969709873898,3.500000457279384e-05,0.29990097098925617,0.12609360000351444,0.12930400000186637,0.0012132999836467206,0.29996145199402235,0.12610619998304173,1784780824.4779234,1784780823.4091046,1784780823.6591046,0.0,0.0,0.0,0.0,0.7846134901046753,0.1705969709873898,smoke-warm-resnet50-cifar10-pi5-20260723-122619:v2,2,3.500000457279384e-05,unknown,0.0,9.309995220974088e-05,0.000679899996612221,0.0012132999836467206,0.1251178999664262,"{'device': [], 'edge': [0, 1, 2, 3, 4, 5, 6, 7]}",8,after_layer2,edge,True,4,1.0,5.0,1.0,0.29996145199402235,-0.4998072599701118,4,227b4d96677845b88c3c8f008f3e972b,66,"{'device_compute': 3.500000457279384e-05, 'd2e_transport': 0.1705969709873898, 'edge_queue': 0.0012132999836467206, 'edge_segment_compute': 0.1251178999664262, 'edge_exit_head_compute': 0.000679899996612221, 'edge_exit_check': 9.309995220974088e-05, 'e2c_transport': 0.0, 'cloud_queue': 0.0, 'cloud_segment_compute': 0.0, 'cloud_exit_head_compute': 0.0, 'cloud_exit_check': 0.0, 'total_latency': 0.29996145199402235, 'unattributed_overhead': 0.002225281103164889, 'request_id': '227b4d96677845b88c3c8f008f3e972b', 'user_id': 0, 'prediction': 4, 'exit_id': 'after_layer2', 'exit_boundary_id': 8, 'exit_location': 'edge', 'confidence': 0.7846134901046753, 'executed_segments_by_node': {'device': [], 'edge': [0, 1, 2, 3, 4, 5, 6, 7]}, 'nodes': [{'node': 'device', 'executed_segments': [], 'queue_s': 0.0, 'segment_compute_s': 0.0, 'exit_head_compute_s': 0.0, 'exit_check_s': 0.0, 'worker_elapsed_s': 3.500000457279384e-05}, {'node': 'edge', 'executed_segments': [0, 1, 2, 3, 4, 5, 6, 7], 'queue_s': 0.0012132999836467206, 'segment_compute_s': 0.1251178999664262, 'exit_head_compute_s': 0.000679899996612221, 'exit_check_s': 9.309995220974088e-05, 'worker_elapsed_s': 0.12610619998304173}], 'sample_id': 'balanced_004_0862_00008540', 'label': 4, 'correct': True, 'observed_utility': -0.4998072599701118}",balanced_004_0862_00008540,66,8540,0.8188188076019287,8403484519036877491,0.29996145199402235,0.002225281103164889,0
0.0,3.3092001103796065e-05,0.12324960000114515,0.12324960000114515,0.1066460420115618,3.3092001103796065e-05,0.233195741995587,0.12324960000114515,0.1265496999840252,0.001395300030708313,0.2332527230028063,0.1232626999844797,1784780824.8217244,1784780823.7556982,1784780824.0056982,0.0,0.0,0.0,0.0,0.8918774724006653,0.1066460420115618,smoke-warm-resnet50-cifar10-pi5-20260723-122619:v2,2,3.3092001103796065e-05,unknown,0.0,0.0001352000399492681,0.000671899993903935,0.001395300030708313,0.12222989997826517,"{'device': [], 'edge': [0, 1, 2, 3, 4, 5, 6, 7]}",8,after_layer2,edge,True,9,1.0,5.0,1.0,0.2332527230028063,-0.16626361501403153,9,71d0786b644440d8937a23b41607b88b,67,"{'device_compute': 3.3092001103796065e-05, 'd2e_transport': 0.1066460420115618, 'edge_queue': 0.001395300030708313, 'edge_segment_compute': 0.12222989997826517, 'edge_exit_head_compute': 0.000671899993903935, 'edge_exit_check': 0.0001352000399492681, 'e2c_transport': 0.0, 'cloud_queue': 0.0, 'cloud_segment_compute': 0.0, 'cloud_exit_head_compute': 0.0, 'cloud_exit_check': 0.0, 'total_latency': 0.2332527230028063, 'unattributed_overhead': 0.002141288947314024, 'request_id': '71d0786b644440d8937a23b41607b88b', 'user_id': 0, 'prediction': 9, 'exit_id': 'after_layer2', 'exit_boundary_id': 8, 'exit_location': 'edge', 'confidence': 0.8918774724006653, 'executed_segments_by_node': {'device': [], 'edge': [0, 1, 2, 3, 4, 5, 6, 7]}, 'nodes': [{'node': 'device', 'executed_segments': [], 'queue_s': 0.0, 'segment_compute_s': 0.0, 'exit_head_compute_s': 0.0, 'exit_check_s': 0.0, 'worker_elapsed_s': 3.3092001103796065e-05}, {'node': 'edge', 'executed_segments': [0, 1, 2, 3, 4, 5, 6, 7], 'queue_s': 0.001395300030708313, 'segment_compute_s': 0.12222989997826517, 'exit_head_compute_s': 0.000671899993903935, 'exit_check_s': 0.0001352000399492681, 'worker_elapsed_s': 0.1232626999844797}], 'sample_id': 'balanced_009_0297_00002944', 'label': 9, 'correct': True, 'observed_utility': -0.16626361501403153}",balanced_009_0297_00002944,67,2944,0.8160262107849121,8403484519036877491,0.2332527230028063,0.002141288947314024,0
0.0,3.4222000977024436e-05,0.22711510001681745,0.22711510001681745,0.15654348499083426,3.4222000977024436e-05,0.38555238499247935,0.22711510001681745,0.2290089000016451,0.0011713000130839646,0.3856114950031042,0.22712749999482185,1784780825.1153054,1784780824.0460896,1784780824.2960896,0.0,0.0,0.0,0.0,0.6829406023025513,0.15654348499083426,smoke-warm-resnet50-cifar10-pi5-20260723-122619:v2,2,3.4222000977024436e-05,unknown,0.0,0.0001441999920643866,0.0008353000157512724,0.0011713000130839646,0.2257990000071004,"{'device': [], 'edge': [0, 1, 2, 3, 4, 5, 6, 7, 8, 9, 10, 11, 12, 13, 14, 15, 16, 17, 18]}",19,final,edge,True,5,1.0,5.0,1.0,0.3856114950031042,-0.928057475015521,5,d4b03d254d2246cabc6dcb95ab8e2d20,68,"{'device_compute': 3.4222000977024436e-05, 'd2e_transport': 0.15654348499083426, 'edge_queue': 0.0011713000130839646, 'edge_segment_compute': 0.2257990000071004, 'edge_exit_head_compute': 0.0008353000157512724, 'edge_exit_check': 0.0001441999920643866, 'e2c_transport': 0.0, 'cloud_queue': 0.0, 'cloud_segment_compute': 0.0, 'cloud_exit_head_compute': 0.0, 'cloud_exit_check': 0.0, 'total_latency': 0.3856114950031042, 'unattributed_overhead': 0.0010839879832929, 'request_id': 'd4b03d254d2246cabc6dcb95ab8e2d20', 'user_id': 0, 'prediction': 5, 'exit_id': 'final', 'exit_boundary_id': 19, 'exit_location': 'edge', 'confidence': 0.6829406023025513, 'executed_segments_by_node': {'device': [], 'edge': [0, 1, 2, 3, 4, 5, 6, 7, 8, 9, 10, 11, 12, 13, 14, 15, 16, 17, 18]}, 'nodes': [{'node': 'device', 'executed_segments': [], 'queue_s': 0.0, 'segment_compute_s': 0.0, 'exit_head_compute_s': 0.0, 'exit_check_s': 0.0, 'worker_elapsed_s': 3.4222000977024436e-05}, {'node': 'edge', 'executed_segments': [0, 1, 2, 3, 4, 5, 6, 7, 8, 9, 10, 11, 12, 13, 14, 15, 16, 17, 18], 'queue_s': 0.0011713000130839646, 'segment_compute_s': 0.2257990000071004, 'exit_head_compute_s': 0.0008353000157512724, 'exit_check_s': 0.0001441999920643866, 'worker_elapsed_s': 0.22712749999482185}], 'sample_id': 'balanced_005_0832_00008212', 'label': 5, 'correct': True, 'observed_utility': -0.928057475015521}",balanced_005_0832_00008212,68,8212,0.8192157745361328,8403484519036877491,0.3856114950031042,0.0010839879832929,0
0.0,3.007400664500892e-05,0.12765300000319257,0.12765300000319257,0.1382174359896453,3.007400664500892e-05,0.26908833599009085,0.12765300000319257,0.13087090000044554,0.0010646000155247748,0.26914092800871003,0.12766539998119697,1784780825.5308542,1784780824.4641776,1784780824.7141776,0.0,0.0,0.0,0.0,0.7818236351013184,0.1382174359896453,smoke-warm-resnet50-cifar10-pi5-20260723-122619:v2,2,3.007400664500892e-05,unknown,0.0,9.089999366551638e-05,0.0007355999550782144,0.0010646000155247748,0.1266131000011228,"{'device': [], 'edge': [0, 1, 2, 3, 4, 5, 6, 7]}",8,after_layer2,edge,True,4,1.0,5.0,1.0,0.26914092800871003,-0.34570464004355017,4,b34418486d0846f1b6808cc0c68d726d,69,"{'device_compute': 3.007400664500892e-05, 'd2e_transport': 0.1382174359896453, 'edge_queue': 0.0010646000155247748, 'edge_segment_compute': 0.1266131000011228, 'edge_exit_head_compute': 0.0007355999550782144, 'edge_exit_check': 9.089999366551638e-05, 'e2c_transport': 0.0, 'cloud_queue': 0.0, 'cloud_segment_compute': 0.0, 'cloud_exit_head_compute': 0.0, 'cloud_exit_check': 0.0, 'total_latency': 0.26914092800871003, 'unattributed_overhead': 0.0023892180470284075, 'request_id': 'b34418486d0846f1b6808cc0c68d726d', 'user_id': 0, 'prediction': 4, 'exit_id': 'after_layer2', 'exit_boundary_id': 8, 'exit_location': 'edge', 'confidence': 0.7818236351013184, 'executed_segments_by_node': {'device': [], 'edge': [0, 1, 2, 3, 4, 5, 6, 7]}, 'nodes': [{'node': 'device', 'executed_segments': [], 'queue_s': 0.0, 'segment_compute_s': 0.0, 'exit_head_compute_s': 0.0, 'exit_check_s': 0.0, 'worker_elapsed_s': 3.007400664500892e-05}, {'node': 'edge', 'executed_segments': [0, 1, 2, 3, 4, 5, 6, 7], 'queue_s': 0.0010646000155247748, 'segment_compute_s': 0.1266131000011228, 'exit_head_compute_s': 0.0007355999550782144, 'exit_check_s': 9.089999366551638e-05, 'worker_elapsed_s': 0.12766539998119697}], 'sample_id': 'balanced_004_0763_00007327', 'label': 4, 'correct': True, 'observed_utility': -0.34570464004355017}",balanced_004_0763_00007327,69,7327,0.8166766166687012,8403484519036877491,0.26914092800871003,0.0023892180470284075,0
0.0,2.9722010367549956e-05,0.12438300001667812,0.12438300001667812,0.15805993396497797,2.9722010367549956e-05,0.2855797340016579,0.12438300001667812,0.12751980003667995,0.00106380000943318,0.28563228900020476,0.12439549999544397,1784780825.8462842,1784780824.7802954,1784780825.0302954,0.0,0.0,0.0,0.0,0.6819890141487122,0.15805993396497797,smoke-warm-resnet50-cifar10-pi5-20260723-122619:v2,2,2.9722010367549956e-05,unknown,0.0,0.00010529998689889908,0.0007144000264815986,0.00106380000943318,0.12334679998457432,"{'device': [], 'edge': [0, 1, 2, 3, 4, 5, 6, 7]}",8,after_layer2,edge,True,0,1.0,5.0,1.0,0.28563228900020476,-0.4281614450010238,0,5b0f2df05c7b43b7896e5d24a6e02bb4,70,"{'device_compute': 2.9722010367549956e-05, 'd2e_transport': 0.15805993396497797, 'edge_queue': 0.00106380000943318, 'edge_segment_compute': 0.12334679998457432, 'edge_exit_head_compute': 0.0007144000264815986, 'edge_exit_check': 0.00010529998689889908, 'e2c_transport': 0.0, 'cloud_queue': 0.0, 'cloud_segment_compute': 0.0, 'cloud_exit_head_compute': 0.0, 'cloud_exit_check': 0.0, 'total_latency': 0.28563228900020476, 'unattributed_overhead': 0.0023123330174712464, 'request_id': '5b0f2df05c7b43b7896e5d24a6e02bb4', 'user_id': 0, 'prediction': 0, 'exit_id': 'after_layer2', 'exit_boundary_id': 8, 'exit_location': 'edge', 'confidence': 0.6819890141487122, 'executed_segments_by_node': {'device': [], 'edge': [0, 1, 2, 3, 4, 5, 6, 7]}, 'nodes': [{'node': 'device', 'executed_segments': [], 'queue_s': 0.0, 'segment_compute_s': 0.0, 'exit_head_compute_s': 0.0, 'exit_check_s': 0.0, 'worker_elapsed_s': 2.9722010367549956e-05}, {'node': 'edge', 'executed_segments': [0, 1, 2, 3, 4, 5, 6, 7], 'queue_s': 0.00106380000943318, 'segment_compute_s': 0.12334679998457432, 'exit_head_compute_s': 0.0007144000264815986, 'exit_check_s': 0.00010529998689889908, 'worker_elapsed_s': 0.12439549999544397}], 'sample_id': 'balanced_000_0907_00009124', 'label': 0, 'correct': True, 'observed_utility': -0.4281614450010238}",balanced_000_0907_00009124,70,9124,0.8159887790679932,8403484519036877491,0.28563228900020476,0.0023123330174712464,0
0.0,3.185198875144124e-05,0.20699360000435263,0.20699360000435263,0.14693402202101424,3.185198875144124e-05,0.35610112198628485,0.20699360000435263,0.2091670999652706,0.0010210999753326178,0.3561556770000607,0.20700620004208758,1784780826.1706789,1784780825.1035542,1784780825.3535542,0.0,0.0,0.0,0.0,0.9672585725784302,0.14693402202101424,smoke-warm-resnet50-cifar10-pi5-20260723-122619:v2,2,3.185198875144124e-05,unknown,0.0,0.0001145999995060265,0.0008343999506905675,0.0010210999753326178,0.20574779994785786,"{'device': [], 'edge': [0, 1, 2, 3, 4, 5, 6, 7, 8, 9, 10, 11, 12, 13]}",14,after_layer3,edge,True,6,1.0,5.0,1.0,0.3561556770000607,-0.7807783850003034,6,b1d3297a10124c95981f91cd545c7bab,71,"{'device_compute': 3.185198875144124e-05, 'd2e_transport': 0.14693402202101424, 'edge_queue': 0.0010210999753326178, 'edge_segment_compute': 0.20574779994785786, 'edge_exit_head_compute': 0.0008343999506905675, 'edge_exit_check': 0.0001145999995060265, 'e2c_transport': 0.0, 'cloud_queue': 0.0, 'cloud_segment_compute': 0.0, 'cloud_exit_head_compute': 0.0, 'cloud_exit_check': 0.0, 'total_latency': 0.3561556770000607, 'unattributed_overhead': 0.0014719031169079244, 'request_id': 'b1d3297a10124c95981f91cd545c7bab', 'user_id': 0, 'prediction': 6, 'exit_id': 'after_layer3', 'exit_boundary_id': 14, 'exit_location': 'edge', 'confidence': 0.9672585725784302, 'executed_segments_by_node': {'device': [], 'edge': [0, 1, 2, 3, 4, 5, 6, 7, 8, 9, 10, 11, 12, 13]}, 'nodes': [{'node': 'device', 'executed_segments': [], 'queue_s': 0.0, 'segment_compute_s': 0.0, 'exit_head_compute_s': 0.0, 'exit_check_s': 0.0, 'worker_elapsed_s': 3.185198875144124e-05}, {'node': 'edge', 'executed_segments': [0, 1, 2, 3, 4, 5, 6, 7, 8, 9, 10, 11, 12, 13], 'queue_s': 0.0010210999753326178, 'segment_compute_s': 0.20574779994785786, 'exit_head_compute_s': 0.0008343999506905675, 'exit_check_s': 0.0001145999995060265, 'worker_elapsed_s': 0.20700620004208758}], 'sample_id': 'balanced_006_0536_00005434', 'label': 6, 'correct': True, 'observed_utility': -0.7807783850003034}",balanced_006_0536_00005434,71,5434,0.817124605178833,8403484519036877491,0.3561556770000607,0.0014719031169079244,0
0.0,3.0943992896936834e-05,0.25005630002124235,0.25005630002124235,0.1312428820092464,3.0943992896936834e-05,0.3835574819968315,0.25005630002124235,0.2523145999875851,0.0011239000014029443,0.3836104259971762,0.25006930000381544,1784780826.5515916,1784780825.4864924,1784780825.7364924,0.0,0.0,0.0,0.0,0.6347178816795349,0.1312428820092464,smoke-warm-resnet50-cifar10-pi5-20260723-122619:v2,2,3.0943992896936834e-05,unknown,0.0,0.00019379996228963137,0.0010435000294819474,0.0011239000014029443,0.2483972999616526,"{'device': [], 'edge': [0, 1, 2, 3, 4, 5, 6, 7, 8, 9, 10, 11, 12, 13, 14, 15, 16, 17, 18]}",19,final,edge,False,6,1.0,5.0,0.0,0.3836104259971762,-1.918052129985881,2,bcf606f810474c9b9b6f029dca0adb36,72,"{'device_compute': 3.0943992896936834e-05, 'd2e_transport': 0.1312428820092464, 'edge_queue': 0.0011239000014029443, 'edge_segment_compute': 0.2483972999616526, 'edge_exit_head_compute': 0.0010435000294819474, 'edge_exit_check': 0.00019379996228963137, 'e2c_transport': 0.0, 'cloud_queue': 0.0, 'cloud_segment_compute': 0.0, 'cloud_exit_head_compute': 0.0, 'cloud_exit_check': 0.0, 'total_latency': 0.3836104259971762, 'unattributed_overhead': 0.0015781000402057543, 'request_id': 'bcf606f810474c9b9b6f029dca0adb36', 'user_id': 0, 'prediction': 2, 'exit_id': 'final', 'exit_boundary_id': 19, 'exit_location': 'edge', 'confidence': 0.6347178816795349, 'executed_segments_by_node': {'device': [], 'edge': [0, 1, 2, 3, 4, 5, 6, 7, 8, 9, 10, 11, 12, 13, 14, 15, 16, 17, 18]}, 'nodes': [{'node': 'device', 'executed_segments': [], 'queue_s': 0.0, 'segment_compute_s': 0.0, 'exit_head_compute_s': 0.0, 'exit_check_s': 0.0, 'worker_elapsed_s': 3.0943992896936834e-05}, {'node': 'edge', 'executed_segments': [0, 1, 2, 3, 4, 5, 6, 7, 8, 9, 10, 11, 12, 13, 14, 15, 16, 17, 18], 'queue_s': 0.0011239000014029443, 'segment_compute_s': 0.2483972999616526, 'exit_head_compute_s': 0.0010435000294819474, 'exit_check_s': 0.00019379996228963137, 'worker_elapsed_s': 0.25006930000381544}], 'sample_id': 'balanced_006_0267_00002530', 'label': 6, 'correct': False, 'observed_utility': -1.918052129985881}",balanced_006_0267_00002530,72,2530,0.8150992393493652,8403484519036877491,0.3836104259971762,0.0015781000402057543,0
0.0,3.2037001801654696e-05,0.22917030000826344,0.22917030000826344,0.13685807198635302,3.2037001801654696e-05,0.36842177200014703,0.22917030000826344,0.231563700013794,0.00137189996894449,0.3684768460079795,0.229188300028909,1784780826.9737058,1784780825.907182,1784780826.157182,0.0,0.0,0.0,0.0,0.46133166551589966,0.13685807198635302,smoke-warm-resnet50-cifar10-pi5-20260723-122619:v2,2,3.2037001801654696e-05,unknown,0.0,0.00014809996355324984,0.0008761000353842974,0.00137189996894449,0.22779580001952127,"{'device': [], 'edge': [0, 1, 2, 3, 4, 5, 6, 7, 8, 9, 10, 11, 12, 13, 14, 15, 16, 17, 18]}",19,final,edge,False,7,1.0,5.0,0.0,0.3684768460079795,-1.8423842300398974,4,7644ffef63a445c79a5b006897ce1483,73,"{'device_compute': 3.2037001801654696e-05, 'd2e_transport': 0.13685807198635302, 'edge_queue': 0.00137189996894449, 'edge_segment_compute': 0.22779580001952127, 'edge_exit_head_compute': 0.0008761000353842974, 'edge_exit_check': 0.00014809996355324984, 'e2c_transport': 0.0, 'cloud_queue': 0.0, 'cloud_segment_compute': 0.0, 'cloud_exit_head_compute': 0.0, 'cloud_exit_check': 0.0, 'total_latency': 0.3684768460079795, 'unattributed_overhead': 0.001394837032421492, 'request_id': '7644ffef63a445c79a5b006897ce1483', 'user_id': 0, 'prediction': 4, 'exit_id': 'final', 'exit_boundary_id': 19, 'exit_location': 'edge', 'confidence': 0.46133166551589966, 'executed_segments_by_node': {'device': [], 'edge': [0, 1, 2, 3, 4, 5, 6, 7, 8, 9, 10, 11, 12, 13, 14, 15, 16, 17, 18]}, 'nodes': [{'node': 'device', 'executed_segments': [], 'queue_s': 0.0, 'segment_compute_s': 0.0, 'exit_head_compute_s': 0.0, 'exit_check_s': 0.0, 'worker_elapsed_s': 3.2037001801654696e-05}, {'node': 'edge', 'executed_segments': [0, 1, 2, 3, 4, 5, 6, 7, 8, 9, 10, 11, 12, 13, 14, 15, 16, 17, 18], 'queue_s': 0.00137189996894449, 'segment_compute_s': 0.22779580001952127, 'exit_head_compute_s': 0.0008761000353842974, 'exit_check_s': 0.00014809996355324984, 'worker_elapsed_s': 0.229188300028909}], 'sample_id': 'balanced_007_0573_00005690', 'label': 7, 'correct': False, 'observed_utility': -1.8423842300398974}",balanced_007_0573_00005690,73,5690,0.8165237903594971,8403484519036877491,0.3684768460079795,0.001394837032421492,0
0.0,2.898099774029106e-05,0.20216579997213557,0.20216579997213557,0.1851913780265022,2.898099774029106e-05,0.389796778006712,0.20216579997213557,0.20460539998020977,0.0010992999887093902,0.38984898099442944,0.2021768999984488,1784780827.386538,1784780826.3137333,1784780826.5637333,0.0,0.0,0.0,0.0,0.7478925585746765,0.1851913780265022,smoke-warm-resnet50-cifar10-pi5-20260723-122619:v2,2,2.898099774029106e-05,unknown,0.0,0.000123599951621145,0.000900499988347292,0.0010992999887093902,0.20084869995480403,"{'device': [], 'edge': [0, 1, 2, 3, 4, 5, 6, 7, 8, 9, 10, 11, 12, 13]}",14,after_layer3,edge,True,4,1.0,5.0,1.0,0.38984898099442944,-0.9492449049721472,4,d38738cec9614d299e71af2fc434ef95,74,"{'device_compute': 2.898099774029106e-05, 'd2e_transport': 0.1851913780265022, 'edge_queue': 0.0010992999887093902, 'edge_segment_compute': 0.20084869995480403, 'edge_exit_head_compute': 0.000900499988347292, 'edge_exit_check': 0.000123599951621145, 'e2c_transport': 0.0, 'cloud_queue': 0.0, 'cloud_segment_compute': 0.0, 'cloud_exit_head_compute': 0.0, 'cloud_exit_check': 0.0, 'total_latency': 0.38984898099442944, 'unattributed_overhead': 0.0016565220867050812, 'request_id': 'd38738cec9614d299e71af2fc434ef95', 'user_id': 0, 'prediction': 4, 'exit_id': 'after_layer3', 'exit_boundary_id': 14, 'exit_location': 'edge', 'confidence': 0.7478925585746765, 'executed_segments_by_node': {'device': [], 'edge': [0, 1, 2, 3, 4, 5, 6, 7, 8, 9, 10, 11, 12, 13]}, 'nodes': [{'node': 'device', 'executed_segments': [], 'queue_s': 0.0, 'segment_compute_s': 0.0, 'exit_head_compute_s': 0.0, 'exit_check_s': 0.0, 'worker_elapsed_s': 2.898099774029106e-05}, {'node': 'edge', 'executed_segments': [0, 1, 2, 3, 4, 5, 6, 7, 8, 9, 10, 11, 12, 13], 'queue_s': 0.0010992999887093902, 'segment_compute_s': 0.20084869995480403, 'exit_head_compute_s': 0.000900499988347292, 'exit_check_s': 0.000123599951621145, 'worker_elapsed_s': 0.2021768999984488}], 'sample_id': 'balanced_004_0510_00005018', 'label': 4, 'correct': True, 'observed_utility': -0.9492449049721472}",balanced_004_0510_00005018,74,5018,0.8228046894073486,8403484519036877491,0.38984898099442944,0.0016565220867050812,0
0.0,3.040699812117964e-05,0.2019806999596767,0.2019806999596767,0.10936907399445772,3.040699812117964e-05,0.3134727739961818,0.2019806999596767,0.20410370000172406,0.0009428000194020569,0.31352516199694946,0.20199299999512732,1784780827.8057323,1784780826.740269,1784780826.990269,0.0,0.0,0.0,0.0,0.9091605544090271,0.10936907399445772,smoke-warm-resnet50-cifar10-pi5-20260723-122619:v2,2,3.040699812117964e-05,unknown,0.0,0.00011219998123124242,0.0008413000032305717,0.0009428000194020569,0.20074320014100522,"{'device': [], 'edge': [0, 1, 2, 3, 4, 5, 6, 7, 8, 9, 10, 11, 12, 13]}",14,after_layer3,edge,True,5,1.0,5.0,1.0,0.31352516199694946,-0.5676258099847473,5,e95df720e18a48dcb8dc8f24867f4c8a,75,"{'device_compute': 3.040699812117964e-05, 'd2e_transport': 0.10936907399445772, 'edge_queue': 0.0009428000194020569, 'edge_segment_compute': 0.20074320014100522, 'edge_exit_head_compute': 0.0008413000032305717, 'edge_exit_check': 0.00011219998123124242, 'e2c_transport': 0.0, 'cloud_queue': 0.0, 'cloud_segment_compute': 0.0, 'cloud_exit_head_compute': 0.0, 'cloud_exit_check': 0.0, 'total_latency': 0.31352516199694946, 'unattributed_overhead': 0.0014861808595014736, 'request_id': 'e95df720e18a48dcb8dc8f24867f4c8a', 'user_id': 0, 'prediction': 5, 'exit_id': 'after_layer3', 'exit_boundary_id': 14, 'exit_location': 'edge', 'confidence': 0.9091605544090271, 'executed_segments_by_node': {'device': [], 'edge': [0, 1, 2, 3, 4, 5, 6, 7, 8, 9, 10, 11, 12, 13]}, 'nodes': [{'node': 'device', 'executed_segments': [], 'queue_s': 0.0, 'segment_compute_s': 0.0, 'exit_head_compute_s': 0.0, 'exit_check_s': 0.0, 'worker_elapsed_s': 3.040699812117964e-05}, {'node': 'edge', 'executed_segments': [0, 1, 2, 3, 4, 5, 6, 7, 8, 9, 10, 11, 12, 13], 'queue_s': 0.0009428000194020569, 'segment_compute_s': 0.20074320014100522, 'exit_head_compute_s': 0.0008413000032305717, 'exit_check_s': 0.00011219998123124242, 'worker_elapsed_s': 0.20199299999512732}], 'sample_id': 'balanced_005_0535_00005473', 'label': 5, 'correct': True, 'observed_utility': -0.5676258099847473}",balanced_005_0535_00005473,75,5473,0.8154633045196533,8403484519036877491,0.31352516199694946,0.0014861808595014736,0
0.0,3.446200571488589e-05,0.22534339997218922,0.22534339997218922,0.10972358997969422,3.446200571488589e-05,0.3371672899957048,0.22534339997218922,0.22744370001601055,0.0010956000187434256,0.33722456700343173,0.22535550000611693,1784780828.1858785,1784780827.1188874,1784780827.3688874,0.0,0.0,0.0,0.0,0.5778849720954895,0.10972358997969422,smoke-warm-resnet50-cifar10-pi5-20260723-122619:v2,2,3.446200571488589e-05,unknown,0.0,0.00013979995856061578,0.000832799996715039,0.0010956000187434256,0.22404550010105595,"{'device': [], 'edge': [0, 1, 2, 3, 4, 5, 6, 7, 8, 9, 10, 11, 12, 13, 14, 15, 16, 17, 18]}",19,final,edge,True,6,1.0,5.0,1.0,0.33722456700343173,-0.6861228350171586,6,35f06621c4ef408985b746a4efc75bc1,76,"{'device_compute': 3.446200571488589e-05, 'd2e_transport': 0.10972358997969422, 'edge_queue': 0.0010956000187434256, 'edge_segment_compute': 0.22404550010105595, 'edge_exit_head_compute': 0.000832799996715039, 'edge_exit_check': 0.00013979995856061578, 'e2c_transport': 0.0, 'cloud_queue': 0.0, 'cloud_segment_compute': 0.0, 'cloud_exit_head_compute': 0.0, 'cloud_exit_check': 0.0, 'total_latency': 0.33722456700343173, 'unattributed_overhead': 0.0013528149429475889, 'request_id': '35f06621c4ef408985b746a4efc75bc1', 'user_id': 0, 'prediction': 6, 'exit_id': 'final', 'exit_boundary_id': 19, 'exit_location': 'edge', 'confidence': 0.5778849720954895, 'executed_segments_by_node': {'device': [], 'edge': [0, 1, 2, 3, 4, 5, 6, 7, 8, 9, 10, 11, 12, 13, 14, 15, 16, 17, 18]}, 'nodes': [{'node': 'device', 'executed_segments': [], 'queue_s': 0.0, 'segment_compute_s': 0.0, 'exit_head_compute_s': 0.0, 'exit_check_s': 0.0, 'worker_elapsed_s': 3.446200571488589e-05}, {'node': 'edge', 'executed_segments': [0, 1, 2, 3, 4, 5, 6, 7, 8, 9, 10, 11, 12, 13, 14, 15, 16, 17, 18], 'queue_s': 0.0010956000187434256, 'segment_compute_s': 0.22404550010105595, 'exit_head_compute_s': 0.000832799996715039, 'exit_check_s': 0.00013979995856061578, 'worker_elapsed_s': 0.22535550000611693}], 'sample_id': 'balanced_006_0372_00003724', 'label': 6, 'correct': True, 'observed_utility': -0.6861228350171586}",balanced_006_0372_00003724,76,3724,0.8169910907745361,8403484519036877491,0.33722456700343173,0.0013528149429475889,0
0.0,3.0351002351380885e-05,0.20104300003731623,0.20104300003731623,0.13572762397234328,3.0351002351380885e-05,0.33902532400679775,0.20104300003731623,0.20329770003445446,0.0011509000323712826,0.3390784150105901,0.20105560001684353,1784780828.5880666,1784780827.5197322,1784780827.7697322,0.0,0.0,0.0,0.0,0.7773739695549011,0.13572762397234328,smoke-warm-resnet50-cifar10-pi5-20260723-122619:v2,2,3.0351002351380885e-05,unknown,0.0,0.000112100038677454,0.0008320999331772327,0.0011509000323712826,0.19981939997524023,"{'device': [], 'edge': [0, 1, 2, 3, 4, 5, 6, 7, 8, 9, 10, 11, 12, 13]}",14,after_layer3,edge,True,3,1.0,5.0,1.0,0.3390784150105901,-0.6953920750529505,3,de92e1cdd2d74d52a87d17fccfac9ce8,77,"{'device_compute': 3.0351002351380885e-05, 'd2e_transport': 0.13572762397234328, 'edge_queue': 0.0011509000323712826, 'edge_segment_compute': 0.19981939997524023, 'edge_exit_head_compute': 0.0008320999331772327, 'edge_exit_check': 0.000112100038677454, 'e2c_transport': 0.0, 'cloud_queue': 0.0, 'cloud_segment_compute': 0.0, 'cloud_exit_head_compute': 0.0, 'cloud_exit_check': 0.0, 'total_latency': 0.3390784150105901, 'unattributed_overhead': 0.0014059400564292446, 'request_id': 'de92e1cdd2d74d52a87d17fccfac9ce8', 'user_id': 0, 'prediction': 3, 'exit_id': 'after_layer3', 'exit_boundary_id': 14, 'exit_location': 'edge', 'confidence': 0.7773739695549011, 'executed_segments_by_node': {'device': [], 'edge': [0, 1, 2, 3, 4, 5, 6, 7, 8, 9, 10, 11, 12, 13]}, 'nodes': [{'node': 'device', 'executed_segments': [], 'queue_s': 0.0, 'segment_compute_s': 0.0, 'exit_head_compute_s': 0.0, 'exit_check_s': 0.0, 'worker_elapsed_s': 3.0351002351380885e-05}, {'node': 'edge', 'executed_segments': [0, 1, 2, 3, 4, 5, 6, 7, 8, 9, 10, 11, 12, 13], 'queue_s': 0.0011509000323712826, 'segment_compute_s': 0.19981939997524023, 'exit_head_compute_s': 0.0008320999331772327, 'exit_check_s': 0.000112100038677454, 'worker_elapsed_s': 0.20105560001684353}], 'sample_id': 'balanced_003_0282_00002871', 'label': 3, 'correct': True, 'observed_utility': -0.6953920750529505}",balanced_003_0282_00002871,77,2871,0.8183343410491943,8403484519036877491,0.3390784150105901,0.0014059400564292446,0
0.0,3.392499638721347e-05,0.20310399995651096,0.20310399995651096,0.14374756897450425,3.392499638721347e-05,0.348986169003183,0.20310399995651096,0.20523860002867877,0.0009556000004522502,0.34904442699917126,0.20311609999043867,1784780828.9979057,1784780827.930763,1784780828.180763,0.0,0.0,0.0,0.0,0.8089826703071594,0.14374756897450425,smoke-warm-resnet50-cifar10-pi5-20260723-122619:v2,2,3.392499638721347e-05,unknown,0.0,0.00011820002691820264,0.000859399966429919,0.0009556000004522502,0.20183199999155477,"{'device': [], 'edge': [0, 1, 2, 3, 4, 5, 6, 7, 8, 9, 10, 11, 12, 13]}",14,after_layer3,edge,False,2,1.0,5.0,0.0,0.34904442699917126,-1.7452221349958563,0,90f0506d9fd14898ae544ffa8907fc7e,78,"{'device_compute': 3.392499638721347e-05, 'd2e_transport': 0.14374756897450425, 'edge_queue': 0.0009556000004522502, 'edge_segment_compute': 0.20183199999155477, 'edge_exit_head_compute': 0.000859399966429919, 'edge_exit_check': 0.00011820002691820264, 'e2c_transport': 0.0, 'cloud_queue': 0.0, 'cloud_segment_compute': 0.0, 'cloud_exit_head_compute': 0.0, 'cloud_exit_check': 0.0, 'total_latency': 0.34904442699917126, 'unattributed_overhead': 0.001497733042924665, 'request_id': '90f0506d9fd14898ae544ffa8907fc7e', 'user_id': 0, 'prediction': 0, 'exit_id': 'after_layer3', 'exit_boundary_id': 14, 'exit_location': 'edge', 'confidence': 0.8089826703071594, 'executed_segments_by_node': {'device': [], 'edge': [0, 1, 2, 3, 4, 5, 6, 7, 8, 9, 10, 11, 12, 13]}, 'nodes': [{'node': 'device', 'executed_segments': [], 'queue_s': 0.0, 'segment_compute_s': 0.0, 'exit_head_compute_s': 0.0, 'exit_check_s': 0.0, 'worker_elapsed_s': 3.392499638721347e-05}, {'node': 'edge', 'executed_segments': [0, 1, 2, 3, 4, 5, 6, 7, 8, 9, 10, 11, 12, 13], 'queue_s': 0.0009556000004522502, 'segment_compute_s': 0.20183199999155477, 'exit_head_compute_s': 0.000859399966429919, 'exit_check_s': 0.00011820002691820264, 'worker_elapsed_s': 0.20311609999043867}], 'sample_id': 'balanced_002_0553_00005492', 'label': 2, 'correct': False, 'observed_utility': -1.7452221349958563}",balanced_002_0553_00005492,78,5492,0.8171427249908447,8403484519036877491,0.34904442699917126,0.001497733042924665,0
0.0,3.69440094800666e-05,0.2022418999695219,0.2022418999695219,0.2906777299649548,3.69440094800666e-05,0.49535902999923564,0.2022418999695219,0.20468130003428087,0.0010003999923355877,0.4954241220111726,0.2022556000156328,1784780829.5215278,1784780828.4407876,1784780828.6907876,0.0,0.0,0.0,0.0,0.9963937401771545,0.2906777299649548,smoke-warm-resnet50-cifar10-pi5-20260723-122619:v2,2,3.69440094800666e-05,unknown,0.0,0.00011640007141977549,0.0008479999378323555,0.0010003999923355877,0.20099100016523153,"{'device': [], 'edge': [0, 1, 2, 3, 4, 5, 6, 7, 8, 9, 10, 11, 12, 13]}",14,after_layer3,edge,True,1,1.0,5.0,1.0,0.4954241220111726,-1.477120610055863,1,fcf637cdf6d94417a79280bfb6f5c474,79,"{'device_compute': 3.69440094800666e-05, 'd2e_transport': 0.2906777299649548, 'edge_queue': 0.0010003999923355877, 'edge_segment_compute': 0.20099100016523153, 'edge_exit_head_compute': 0.0008479999378323555, 'edge_exit_check': 0.00011640007141977549, 'e2c_transport': 0.0, 'cloud_queue': 0.0, 'cloud_segment_compute': 0.0, 'cloud_exit_head_compute': 0.0, 'cloud_exit_check': 0.0, 'total_latency': 0.4954241220111726, 'unattributed_overhead': 0.0017536478699184954, 'request_id': 'fcf637cdf6d94417a79280bfb6f5c474', 'user_id': 0, 'prediction': 1, 'exit_id': 'after_layer3', 'exit_boundary_id': 14, 'exit_location': 'edge', 'confidence': 0.9963937401771545, 'executed_segments_by_node': {'device': [], 'edge': [0, 1, 2, 3, 4, 5, 6, 7, 8, 9, 10, 11, 12, 13]}, 'nodes': [{'node': 'device', 'executed_segments': [], 'queue_s': 0.0, 'segment_compute_s': 0.0, 'exit_head_compute_s': 0.0, 'exit_check_s': 0.0, 'worker_elapsed_s': 3.69440094800666e-05}, {'node': 'edge', 'executed_segments': [0, 1, 2, 3, 4, 5, 6, 7, 8, 9, 10, 11, 12, 13], 'queue_s': 0.0010003999923355877, 'segment_compute_s': 0.20099100016523153, 'exit_head_compute_s': 0.0008479999378323555, 'exit_check_s': 0.00011640007141977549, 'worker_elapsed_s': 0.2022556000156328}], 'sample_id': 'balanced_001_0747_00007555', 'label': 1, 'correct': True, 'observed_utility': -1.477120610055863}",balanced_001_0747_00007555,79,7555,0.830740213394165,8403484519036877491,0.4954241220111726,0.0017536478699184954,0
0.0,8.414698822889477e-05,0.07855700002983212,0.07855700002983212,0.1792729379812954,8.414698822889477e-05,0.2605039379996015,0.07855700002983212,0.08123100001830608,0.000970900000538677,0.2606246219947934,0.07856949995039031,1784780830.0530744,1784780828.9765396,1784780829.2265396,0.0,0.0,0.0,0.0,0.6797893643379211,0.1792729379812954,smoke-warm-resnet50-cifar10-pi5-20260723-122619:v2,2,8.414698822889477e-05,unknown,0.0,6.240000948309898e-05,0.00045009999303147197,0.000970900000538677,0.07789090002188459,"{'device': [], 'edge': [0, 1, 2, 3, 4, 5, 6, 7]}",8,after_layer2,edge,True,4,1.0,5.0,1.0,0.2606246219947934,-0.3031231099739671,4,f90bd7cee01545ddb0f1fac63427aa46,80,"{'device_compute': 8.414698822889477e-05, 'd2e_transport': 0.1792729379812954, 'edge_queue': 0.000970900000538677, 'edge_segment_compute': 0.07789090002188459, 'edge_exit_head_compute': 0.00045009999303147197, 'edge_exit_check': 6.240000948309898e-05, 'e2c_transport': 0.0, 'cloud_queue': 0.0, 'cloud_segment_compute': 0.0, 'cloud_exit_head_compute': 0.0, 'cloud_exit_check': 0.0, 'total_latency': 0.2606246219947934, 'unattributed_overhead': 0.0018932370003312826, 'request_id': 'f90bd7cee01545ddb0f1fac63427aa46', 'user_id': 0, 'prediction': 4, 'exit_id': 'after_layer2', 'exit_boundary_id': 8, 'exit_location': 'edge', 'confidence': 0.6797893643379211, 'executed_segments_by_node': {'device': [], 'edge': [0, 1, 2, 3, 4, 5, 6, 7]}, 'nodes': [{'node': 'device', 'executed_segments': [], 'queue_s': 0.0, 'segment_compute_s': 0.0, 'exit_head_compute_s': 0.0, 'exit_check_s': 0.0, 'worker_elapsed_s': 8.414698822889477e-05}, {'node': 'edge', 'executed_segments': [0, 1, 2, 3, 4, 5, 6, 7], 'queue_s': 0.000970900000538677, 'segment_compute_s': 0.07789090002188459, 'exit_head_compute_s': 0.00045009999303147197, 'exit_check_s': 6.240000948309898e-05, 'worker_elapsed_s': 0.07856949995039031}], 'sample_id': 'balanced_004_0866_00008599', 'label': 4, 'correct': True, 'observed_utility': -0.3031231099739671}",balanced_004_0866_00008599,80,8599,0.8265347480773926,8403484519036877491,0.2606246219947934,0.0018932370003312826,0
0.0,3.11110052280128e-05,0.20157650002511218,0.20157650002511218,0.13397209299728274,3.11110052280128e-05,0.33786039298865944,0.20157650002511218,0.2038882999913767,0.0010239999974146485,0.33791452200966887,0.20158979995176196,1784780830.3533127,1784780829.281297,1784780829.531297,0.0,0.0,0.0,0.0,0.941071093082428,0.13397209299728274,smoke-warm-resnet50-cifar10-pi5-20260723-122619:v2,2,3.11110052280128e-05,unknown,0.0,0.00011120003182440996,0.000806800031568855,0.0010239999974146485,0.2003677998436615,"{'device': [], 'edge': [0, 1, 2, 3, 4, 5, 6, 7, 8, 9, 10, 11, 12, 13]}",14,after_layer3,edge,True,1,1.0,5.0,1.0,0.33791452200966887,-0.6895726100483444,1,db5b50e948e943f49c140780fe652fb7,81,"{'device_compute': 3.11110052280128e-05, 'd2e_transport': 0.13397209299728274, 'edge_queue': 0.0010239999974146485, 'edge_segment_compute': 0.2003677998436615, 'edge_exit_head_compute': 0.000806800031568855, 'edge_exit_check': 0.00011120003182440996, 'e2c_transport': 0.0, 'cloud_queue': 0.0, 'cloud_segment_compute': 0.0, 'cloud_exit_head_compute': 0.0, 'cloud_exit_check': 0.0, 'total_latency': 0.33791452200966887, 'unattributed_overhead': 0.0016015181026887149, 'request_id': 'db5b50e948e943f49c140780fe652fb7', 'user_id': 0, 'prediction': 1, 'exit_id': 'after_layer3', 'exit_boundary_id': 14, 'exit_location': 'edge', 'confidence': 0.941071093082428, 'executed_segments_by_node': {'device': [], 'edge': [0, 1, 2, 3, 4, 5, 6, 7, 8, 9, 10, 11, 12, 13]}, 'nodes': [{'node': 'device', 'executed_segments': [], 'queue_s': 0.0, 'segment_compute_s': 0.0, 'exit_head_compute_s': 0.0, 'exit_check_s': 0.0, 'worker_elapsed_s': 3.11110052280128e-05}, {'node': 'edge', 'executed_segments': [0, 1, 2, 3, 4, 5, 6, 7, 8, 9, 10, 11, 12, 13], 'queue_s': 0.0010239999974146485, 'segment_compute_s': 0.2003677998436615, 'exit_head_compute_s': 0.000806800031568855, 'exit_check_s': 0.00011120003182440996, 'worker_elapsed_s': 0.20158979995176196}], 'sample_id': 'balanced_001_0682_00006915', 'label': 1, 'correct': True, 'observed_utility': -0.6895726100483444}",balanced_001_0682_00006915,81,6915,0.8220157623291016,8403484519036877491,0.33791452200966887,0.0016015181026887149,0
0.0,3.057401045225561e-05,0.23002479999559,0.23002479999559,0.15170918601506855,3.057401045225561e-05,0.3835226860101102,0.23002479999559,0.23181349999504164,0.0009648999548517168,0.3835751310107298,0.23003760003484786,1784780830.7540014,1784780829.6862087,1784780829.9362087,0.0,0.0,0.0,0.0,0.9988964796066284,0.15170918601506855,smoke-warm-resnet50-cifar10-pi5-20260723-122619:v2,2,3.057401045225561e-05,unknown,0.0,0.00015499995788559318,0.00094959995476529,0.0009648999548517168,0.22856829996453598,"{'device': [], 'edge': [0, 1, 2, 3, 4, 5, 6, 7, 8, 9, 10, 11, 12, 13, 14, 15, 16, 17, 18]}",19,final,edge,True,5,1.0,5.0,1.0,0.3835751310107298,-0.9178756550536491,5,da0910fafb8c4510bd7c67eba7661b27,82,"{'device_compute': 3.057401045225561e-05, 'd2e_transport': 0.15170918601506855, 'edge_queue': 0.0009648999548517168, 'edge_segment_compute': 0.22856829996453598, 'edge_exit_head_compute': 0.00094959995476529, 'edge_exit_check': 0.00015499995788559318, 'e2c_transport': 0.0, 'cloud_queue': 0.0, 'cloud_segment_compute': 0.0, 'cloud_exit_head_compute': 0.0, 'cloud_exit_check': 0.0, 'total_latency': 0.3835751310107298, 'unattributed_overhead': 0.0011975711531704292, 'request_id': 'da0910fafb8c4510bd7c67eba7661b27', 'user_id': 0, 'prediction': 5, 'exit_id': 'final', 'exit_boundary_id': 19, 'exit_location': 'edge', 'confidence': 0.9988964796066284, 'executed_segments_by_node': {'device': [], 'edge': [0, 1, 2, 3, 4, 5, 6, 7, 8, 9, 10, 11, 12, 13, 14, 15, 16, 17, 18]}, 'nodes': [{'node': 'device', 'executed_segments': [], 'queue_s': 0.0, 'segment_compute_s': 0.0, 'exit_head_compute_s': 0.0, 'exit_check_s': 0.0, 'worker_elapsed_s': 3.057401045225561e-05}, {'node': 'edge', 'executed_segments': [0, 1, 2, 3, 4, 5, 6, 7, 8, 9, 10, 11, 12, 13, 14, 15, 16, 17, 18], 'queue_s': 0.0009648999548517168, 'segment_compute_s': 0.22856829996453598, 'exit_head_compute_s': 0.00094959995476529, 'exit_check_s': 0.00015499995788559318, 'worker_elapsed_s': 0.23003760003484786}], 'sample_id': 'balanced_005_0319_00003275', 'label': 5, 'correct': True, 'observed_utility': -0.9178756550536491}",balanced_005_0319_00003275,82,3275,0.8177926540374756,8403484519036877491,0.3835751310107298,0.0011975711531704292,0
0.0,3.0776995117776096e-05,0.22671290003927425,0.22671290003927425,0.1825803800020367,3.0776995117776096e-05,0.410947380005382,0.22671290003927425,0.2283670000033453,0.0009848999907262623,0.4110013429890387,0.2267252000165172,1784780831.1657948,1784780830.0990224,1784780830.3490224,0.0,0.0,0.0,0.0,0.9994468092918396,0.1825803800020367,smoke-warm-resnet50-cifar10-pi5-20260723-122619:v2,2,3.0776995117776096e-05,unknown,0.0,0.0001431000418961048,0.0008552999352104962,0.0009848999907262623,0.22538009996060282,"{'device': [], 'edge': [0, 1, 2, 3, 4, 5, 6, 7, 8, 9, 10, 11, 12, 13, 14, 15, 16, 17, 18]}",19,final,edge,True,5,1.0,5.0,1.0,0.4110013429890387,-1.0550067149451934,5,9ce638dc06214ca7bcef30f92dd237ff,83,"{'device_compute': 3.0776995117776096e-05, 'd2e_transport': 0.1825803800020367, 'edge_queue': 0.0009848999907262623, 'edge_segment_compute': 0.22538009996060282, 'edge_exit_head_compute': 0.0008552999352104962, 'edge_exit_check': 0.0001431000418961048, 'e2c_transport': 0.0, 'cloud_queue': 0.0, 'cloud_segment_compute': 0.0, 'cloud_exit_head_compute': 0.0, 'cloud_exit_check': 0.0, 'total_latency': 0.4110013429890387, 'unattributed_overhead': 0.001026786063448526, 'request_id': '9ce638dc06214ca7bcef30f92dd237ff', 'user_id': 0, 'prediction': 5, 'exit_id': 'final', 'exit_boundary_id': 19, 'exit_location': 'edge', 'confidence': 0.9994468092918396, 'executed_segments_by_node': {'device': [], 'edge': [0, 1, 2, 3, 4, 5, 6, 7, 8, 9, 10, 11, 12, 13, 14, 15, 16, 17, 18]}, 'nodes': [{'node': 'device', 'executed_segments': [], 'queue_s': 0.0, 'segment_compute_s': 0.0, 'exit_head_compute_s': 0.0, 'exit_check_s': 0.0, 'worker_elapsed_s': 3.0776995117776096e-05}, {'node': 'edge', 'executed_segments': [0, 1, 2, 3, 4, 5, 6, 7, 8, 9, 10, 11, 12, 13, 14, 15, 16, 17, 18], 'queue_s': 0.0009848999907262623, 'segment_compute_s': 0.22538009996060282, 'exit_head_compute_s': 0.0008552999352104962, 'exit_check_s': 0.0001431000418961048, 'worker_elapsed_s': 0.2267252000165172}], 'sample_id': 'balanced_005_0846_00008340', 'label': 5, 'correct': True, 'observed_utility': -1.0550067149451934}",balanced_005_0846_00008340,83,8340,0.8167724609375,8403484519036877491,0.4110013429890387,0.001026786063448526,0
0.0,3.5110002500005066e-05,0.23402830003760755,0.23402830003760755,0.13048156797594856,3.5110002500005066e-05,0.36628266800835263,0.23402830003760755,0.23580110003240407,0.0008968000183813274,0.3663421490055043,0.23403990000952035,1784780831.6463583,1784780830.5767293,1784780830.8267293,0.0,0.0,0.0,0.0,0.6908254623413086,0.13048156797594856,smoke-warm-resnet50-cifar10-pi5-20260723-122619:v2,2,3.5110002500005066e-05,unknown,0.0,0.00015620002523064613,0.0008958999533206224,0.0008968000183813274,0.23261669982457533,"{'device': [], 'edge': [0, 1, 2, 3, 4, 5, 6, 7, 8, 9, 10, 11, 12, 13, 14, 15, 16, 17, 18]}",19,final,edge,True,3,1.0,5.0,1.0,0.3663421490055043,-0.8317107450275216,3,da500b91a98a4a60a174ff785b698a6a,84,"{'device_compute': 3.5110002500005066e-05, 'd2e_transport': 0.13048156797594856, 'edge_queue': 0.0008968000183813274, 'edge_segment_compute': 0.23261669982457533, 'edge_exit_head_compute': 0.0008958999533206224, 'edge_exit_check': 0.00015620002523064613, 'e2c_transport': 0.0, 'cloud_queue': 0.0, 'cloud_segment_compute': 0.0, 'cloud_exit_head_compute': 0.0, 'cloud_exit_check': 0.0, 'total_latency': 0.3663421490055043, 'unattributed_overhead': 0.0012598712055478245, 'request_id': 'da500b91a98a4a60a174ff785b698a6a', 'user_id': 0, 'prediction': 3, 'exit_id': 'final', 'exit_boundary_id': 19, 'exit_location': 'edge', 'confidence': 0.6908254623413086, 'executed_segments_by_node': {'device': [], 'edge': [0, 1, 2, 3, 4, 5, 6, 7, 8, 9, 10, 11, 12, 13, 14, 15, 16, 17, 18]}, 'nodes': [{'node': 'device', 'executed_segments': [], 'queue_s': 0.0, 'segment_compute_s': 0.0, 'exit_head_compute_s': 0.0, 'exit_check_s': 0.0, 'worker_elapsed_s': 3.5110002500005066e-05}, {'node': 'edge', 'executed_segments': [0, 1, 2, 3, 4, 5, 6, 7, 8, 9, 10, 11, 12, 13, 14, 15, 16, 17, 18], 'queue_s': 0.0008968000183813274, 'segment_compute_s': 0.23261669982457533, 'exit_head_compute_s': 0.0008958999533206224, 'exit_check_s': 0.00015620002523064613, 'worker_elapsed_s': 0.23403990000952035}], 'sample_id': 'balanced_003_0509_00005155', 'label': 3, 'correct': True, 'observed_utility': -0.8317107450275216}",balanced_003_0509_00005155,84,5155,0.8196289539337158,8403484519036877491,0.3663421490055043,0.0012598712055478245,0
0.0,3.012899833265692e-05,0.2279094000114128,0.2279094000114128,0.12189831402793061,3.012899833265692e-05,0.35147721400426235,0.2279094000114128,0.22957889997633174,0.0009595999727025628,0.3515303419990232,0.22792080004001036,1784780832.0718675,1784780831.0056713,1784780831.2556713,0.0,0.0,0.0,0.0,0.5129716992378235,0.12189831402793061,smoke-warm-resnet50-cifar10-pi5-20260723-122619:v2,2,3.012899833265692e-05,unknown,0.0,0.0001441999920643866,0.0008389000431634486,0.0009595999727025628,0.2265974999172613,"{'device': [], 'edge': [0, 1, 2, 3, 4, 5, 6, 7, 8, 9, 10, 11, 12, 13, 14, 15, 16, 17, 18]}",19,final,edge,False,7,1.0,5.0,0.0,0.3515303419990232,-1.757651709995116,3,30744ed0c3284b4bbab815dc9c446b43,85,"{'device_compute': 3.012899833265692e-05, 'd2e_transport': 0.12189831402793061, 'edge_queue': 0.0009595999727025628, 'edge_segment_compute': 0.2265974999172613, 'edge_exit_head_compute': 0.0008389000431634486, 'edge_exit_check': 0.0001441999920643866, 'e2c_transport': 0.0, 'cloud_queue': 0.0, 'cloud_segment_compute': 0.0, 'cloud_exit_head_compute': 0.0, 'cloud_exit_check': 0.0, 'total_latency': 0.3515303419990232, 'unattributed_overhead': 0.0010616990475682542, 'request_id': '30744ed0c3284b4bbab815dc9c446b43', 'user_id': 0, 'prediction': 3, 'exit_id': 'final', 'exit_boundary_id': 19, 'exit_location': 'edge', 'confidence': 0.5129716992378235, 'executed_segments_by_node': {'device': [], 'edge': [0, 1, 2, 3, 4, 5, 6, 7, 8, 9, 10, 11, 12, 13, 14, 15, 16, 17, 18]}, 'nodes': [{'node': 'device', 'executed_segments': [], 'queue_s': 0.0, 'segment_compute_s': 0.0, 'exit_head_compute_s': 0.0, 'exit_check_s': 0.0, 'worker_elapsed_s': 3.012899833265692e-05}, {'node': 'edge', 'executed_segments': [0, 1, 2, 3, 4, 5, 6, 7, 8, 9, 10, 11, 12, 13, 14, 15, 16, 17, 18], 'queue_s': 0.0009595999727025628, 'segment_compute_s': 0.2265974999172613, 'exit_head_compute_s': 0.0008389000431634486, 'exit_check_s': 0.0001441999920643866, 'worker_elapsed_s': 0.22792080004001036}], 'sample_id': 'balanced_007_0943_00009428', 'label': 7, 'correct': False, 'observed_utility': -1.757651709995116}",balanced_007_0943_00009428,85,9428,0.8161962032318115,8403484519036877491,0.3515303419990232,0.0010616990475682542,0
0.0,3.4832992241717875e-05,0.2034601999912411,0.2034601999912411,0.18501668696990237,3.4832992241717875e-05,0.39069828699575737,0.2034601999912411,0.205681600025855,0.0009501000167801976,0.3907584160042461,0.2034721000236459,1784780832.4858217,1784780831.416448,1784780831.666448,0.0,0.0,0.0,0.0,0.941627562046051,0.18501668696990237,smoke-warm-resnet50-cifar10-pi5-20260723-122619:v2,2,3.4832992241717875e-05,unknown,0.0,0.00011660001473501325,0.0008556999964639544,0.0009501000167801976,0.20219790004193783,"{'device': [], 'edge': [0, 1, 2, 3, 4, 5, 6, 7, 8, 9, 10, 11, 12, 13]}",14,after_layer3,edge,True,0,1.0,5.0,1.0,0.3907584160042461,-0.9537920800212305,0,4be2c77dc33749f68d687d776c580320,86,"{'device_compute': 3.4832992241717875e-05, 'd2e_transport': 0.18501668696990237, 'edge_queue': 0.0009501000167801976, 'edge_segment_compute': 0.20219790004193783, 'edge_exit_head_compute': 0.0008556999964639544, 'edge_exit_check': 0.00011660001473501325, 'e2c_transport': 0.0, 'cloud_queue': 0.0, 'cloud_segment_compute': 0.0, 'cloud_exit_head_compute': 0.0, 'cloud_exit_check': 0.0, 'total_latency': 0.3907584160042461, 'unattributed_overhead': 0.0015865959721850231, 'request_id': '4be2c77dc33749f68d687d776c580320', 'user_id': 0, 'prediction': 0, 'exit_id': 'after_layer3', 'exit_boundary_id': 14, 'exit_location': 'edge', 'confidence': 0.941627562046051, 'executed_segments_by_node': {'device': [], 'edge': [0, 1, 2, 3, 4, 5, 6, 7, 8, 9, 10, 11, 12, 13]}, 'nodes': [{'node': 'device', 'executed_segments': [], 'queue_s': 0.0, 'segment_compute_s': 0.0, 'exit_head_compute_s': 0.0, 'exit_check_s': 0.0, 'worker_elapsed_s': 3.4832992241717875e-05}, {'node': 'edge', 'executed_segments': [0, 1, 2, 3, 4, 5, 6, 7, 8, 9, 10, 11, 12, 13], 'queue_s': 0.0009501000167801976, 'segment_compute_s': 0.20219790004193783, 'exit_head_compute_s': 0.0008556999964639544, 'exit_check_s': 0.00011660001473501325, 'worker_elapsed_s': 0.2034721000236459}], 'sample_id': 'balanced_000_0989_00009931', 'label': 0, 'correct': True, 'observed_utility': -0.9537920800212305}",balanced_000_0989_00009931,86,9931,0.819373607635498,8403484519036877491,0.3907584160042461,0.0015865959721850231,0
0.0,2.881399996113032e-05,0.20166799996513873,0.20166799996513873,0.12517476303037256,2.881399996113032e-05,0.3291286629973911,0.20166799996513873,0.20395389996701851,0.0009901999728754163,0.32917964400257915,0.2016795999952592,1784780832.9116797,1784780831.8431726,1784780832.0931726,0.0,0.0,0.0,0.0,0.9464309215545654,0.12517476303037256,smoke-warm-resnet50-cifar10-pi5-20260723-122619:v2,2,2.881399996113032e-05,unknown,0.0,0.0001126999850384891,0.0008188999490812421,0.0009901999728754163,0.20045430003665388,"{'device': [], 'edge': [0, 1, 2, 3, 4, 5, 6, 7, 8, 9, 10, 11, 12, 13]}",14,after_layer3,edge,True,6,1.0,5.0,1.0,0.32917964400257915,-0.6458982200128958,6,6b582d58ea0340838e24cbe07317742a,87,"{'device_compute': 2.881399996113032e-05, 'd2e_transport': 0.12517476303037256, 'edge_queue': 0.0009901999728754163, 'edge_segment_compute': 0.20045430003665388, 'edge_exit_head_compute': 0.0008188999490812421, 'edge_exit_check': 0.0001126999850384891, 'e2c_transport': 0.0, 'cloud_queue': 0.0, 'cloud_segment_compute': 0.0, 'cloud_exit_head_compute': 0.0, 'cloud_exit_check': 0.0, 'total_latency': 0.32917964400257915, 'unattributed_overhead': 0.0015999670285964385, 'request_id': '6b582d58ea0340838e24cbe07317742a', 'user_id': 0, 'prediction': 6, 'exit_id': 'after_layer3', 'exit_boundary_id': 14, 'exit_location': 'edge', 'confidence': 0.9464309215545654, 'executed_segments_by_node': {'device': [], 'edge': [0, 1, 2, 3, 4, 5, 6, 7, 8, 9, 10, 11, 12, 13]}, 'nodes': [{'node': 'device', 'executed_segments': [], 'queue_s': 0.0, 'segment_compute_s': 0.0, 'exit_head_compute_s': 0.0, 'exit_check_s': 0.0, 'worker_elapsed_s': 2.881399996113032e-05}, {'node': 'edge', 'executed_segments': [0, 1, 2, 3, 4, 5, 6, 7, 8, 9, 10, 11, 12, 13], 'queue_s': 0.0009901999728754163, 'segment_compute_s': 0.20045430003665388, 'exit_head_compute_s': 0.0008188999490812421, 'exit_check_s': 0.0001126999850384891, 'worker_elapsed_s': 0.2016795999952592}], 'sample_id': 'balanced_006_0474_00004793', 'label': 6, 'correct': True, 'observed_utility': -0.6458982200128958}",balanced_006_0474_00004793,87,4793,0.818507194519043,8403484519036877491,0.32917964400257915,0.0015999670285964385,0
0.0,3.070299862883985e-05,0.20250959997065365,0.20250959997065365,0.12367998104309663,3.070299862883985e-05,0.3285282810102217,0.20250959997065365,0.20484829996712506,0.0011394000030122697,0.3285816510033328,0.20252150000305846,1784780833.3242762,1784780832.2569392,1784780832.5069392,0.0,0.0,0.0,0.0,0.9463428258895874,0.12367998104309663,smoke-warm-resnet50-cifar10-pi5-20260723-122619:v2,2,3.070299862883985e-05,unknown,0.0,0.00011270010145381093,0.000839599990285933,0.0011394000030122697,0.20125690003624186,"{'device': [], 'edge': [0, 1, 2, 3, 4, 5, 6, 7, 8, 9, 10, 11, 12, 13]}",14,after_layer3,edge,True,1,1.0,5.0,1.0,0.3285816510033328,-0.642908255016664,1,c81a62c41f8447528fa3aa40247e7336,88,"{'device_compute': 3.070299862883985e-05, 'd2e_transport': 0.12367998104309663, 'edge_queue': 0.0011394000030122697, 'edge_segment_compute': 0.20125690003624186, 'edge_exit_head_compute': 0.000839599990285933, 'edge_exit_check': 0.00011270010145381093, 'e2c_transport': 0.0, 'cloud_queue': 0.0, 'cloud_segment_compute': 0.0, 'cloud_exit_head_compute': 0.0, 'cloud_exit_check': 0.0, 'total_latency': 0.3285816510033328, 'unattributed_overhead': 0.0015223668306134641, 'request_id': 'c81a62c41f8447528fa3aa40247e7336', 'user_id': 0, 'prediction': 1, 'exit_id': 'after_layer3', 'exit_boundary_id': 14, 'exit_location': 'edge', 'confidence': 0.9463428258895874, 'executed_segments_by_node': {'device': [], 'edge': [0, 1, 2, 3, 4, 5, 6, 7, 8, 9, 10, 11, 12, 13]}, 'nodes': [{'node': 'device', 'executed_segments': [], 'queue_s': 0.0, 'segment_compute_s': 0.0, 'exit_head_compute_s': 0.0, 'exit_check_s': 0.0, 'worker_elapsed_s': 3.070299862883985e-05}, {'node': 'edge', 'executed_segments': [0, 1, 2, 3, 4, 5, 6, 7, 8, 9, 10, 11, 12, 13], 'queue_s': 0.0011394000030122697, 'segment_compute_s': 0.20125690003624186, 'exit_head_compute_s': 0.000839599990285933, 'exit_check_s': 0.00011270010145381093, 'worker_elapsed_s': 0.20252150000305846}], 'sample_id': 'balanced_001_0600_00006100', 'label': 1, 'correct': True, 'observed_utility': -0.642908255016664}",balanced_001_0600_00006100,88,6100,0.8173370361328125,8403484519036877491,0.3285816510033328,0.0015223668306134641,0
0.0,2.983299782499671e-05,0.16732379997847602,0.16732379997847602,0.1218912179756444,2.983299782499671e-05,0.29153021800448187,0.16732379997847602,0.16963900002883747,0.000982999976258725,0.2915837190084858,0.16733640001621097,1784780833.7132788,1784780832.646372,1784780832.896372,0.0,0.0,0.0,0.0,0.7510045766830444,0.1218912179756444,smoke-warm-resnet50-cifar10-pi5-20260723-122619:v2,2,2.983299782499671e-05,unknown,0.0,0.00011580000864341855,0.0008369000279344618,0.000982999976258725,0.16611480008577928,"{'device': [], 'edge': [0, 1, 2, 3, 4, 5, 6, 7, 8, 9, 10, 11, 12, 13]}",14,after_layer3,edge,True,8,1.0,5.0,1.0,0.2915837190084858,-0.45791859504242893,8,f2e0b8e9863644148734928743c4956b,89,"{'device_compute': 2.983299782499671e-05, 'd2e_transport': 0.1218912179756444, 'edge_queue': 0.000982999976258725, 'edge_segment_compute': 0.16611480008577928, 'edge_exit_head_compute': 0.0008369000279344618, 'edge_exit_check': 0.00011580000864341855, 'e2c_transport': 0.0, 'cloud_queue': 0.0, 'cloud_segment_compute': 0.0, 'cloud_exit_head_compute': 0.0, 'cloud_exit_check': 0.0, 'total_latency': 0.2915837190084858, 'unattributed_overhead': 0.0016121679364005104, 'request_id': 'f2e0b8e9863644148734928743c4956b', 'user_id': 0, 'prediction': 8, 'exit_id': 'after_layer3', 'exit_boundary_id': 14, 'exit_location': 'edge', 'confidence': 0.7510045766830444, 'executed_segments_by_node': {'device': [], 'edge': [0, 1, 2, 3, 4, 5, 6, 7, 8, 9, 10, 11, 12, 13]}, 'nodes': [{'node': 'device', 'executed_segments': [], 'queue_s': 0.0, 'segment_compute_s': 0.0, 'exit_head_compute_s': 0.0, 'exit_check_s': 0.0, 'worker_elapsed_s': 2.983299782499671e-05}, {'node': 'edge', 'executed_segments': [0, 1, 2, 3, 4, 5, 6, 7, 8, 9, 10, 11, 12, 13], 'queue_s': 0.000982999976258725, 'segment_compute_s': 0.16611480008577928, 'exit_head_compute_s': 0.0008369000279344618, 'exit_check_s': 0.00011580000864341855, 'worker_elapsed_s': 0.16733640001621097}], 'sample_id': 'balanced_008_0486_00004742', 'label': 8, 'correct': True, 'observed_utility': -0.45791859504242893}",balanced_008_0486_00004742,89,4742,0.8169066905975342,8403484519036877491,0.2915837190084858,0.0016121679364005104,0
0.0,3.940700844395906e-05,0.23452790000010282,0.23452790000010282,0.3018312250060262,3.940700844395906e-05,0.5381470249994891,0.23452790000010282,0.23631579999346286,0.001046599994879216,0.5382149500073865,0.23453989997506142,1784780834.0387225,1784780832.9708219,1784780833.2208219,0.0,0.0,0.0,0.0,0.997205913066864,0.3018312250060262,smoke-warm-resnet50-cifar10-pi5-20260723-122619:v2,2,3.940700844395906e-05,unknown,0.0,0.0001449999399483204,0.0008600000874139369,0.001046599994879216,0.23317260009935126,"{'device': [], 'edge': [0, 1, 2, 3, 4, 5, 6, 7, 8, 9, 10, 11, 12, 13, 14, 15, 16, 17, 18]}",19,final,edge,True,8,1.0,5.0,1.0,0.5382149500073865,-1.6910747500369325,8,bea84daa2135456fb57b2e0d29724a6d,90,"{'device_compute': 3.940700844395906e-05, 'd2e_transport': 0.3018312250060262, 'edge_queue': 0.001046599994879216, 'edge_segment_compute': 0.23317260009935126, 'edge_exit_head_compute': 0.0008600000874139369, 'edge_exit_check': 0.0001449999399483204, 'e2c_transport': 0.0, 'cloud_queue': 0.0, 'cloud_segment_compute': 0.0, 'cloud_exit_head_compute': 0.0, 'cloud_exit_check': 0.0, 'total_latency': 0.5382149500073865, 'unattributed_overhead': 0.0011201178713236004, 'request_id': 'bea84daa2135456fb57b2e0d29724a6d', 'user_id': 0, 'prediction': 8, 'exit_id': 'final', 'exit_boundary_id': 19, 'exit_location': 'edge', 'confidence': 0.997205913066864, 'executed_segments_by_node': {'device': [], 'edge': [0, 1, 2, 3, 4, 5, 6, 7, 8, 9, 10, 11, 12, 13, 14, 15, 16, 17, 18]}, 'nodes': [{'node': 'device', 'executed_segments': [], 'queue_s': 0.0, 'segment_compute_s': 0.0, 'exit_head_compute_s': 0.0, 'exit_check_s': 0.0, 'worker_elapsed_s': 3.940700844395906e-05}, {'node': 'edge', 'executed_segments': [0, 1, 2, 3, 4, 5, 6, 7, 8, 9, 10, 11, 12, 13, 14, 15, 16, 17, 18], 'queue_s': 0.001046599994879216, 'segment_compute_s': 0.23317260009935126, 'exit_head_compute_s': 0.0008600000874139369, 'exit_check_s': 0.0001449999399483204, 'worker_elapsed_s': 0.23453989997506142}], 'sample_id': 'balanced_008_0636_00006524', 'label': 8, 'correct': True, 'observed_utility': -1.6910747500369325}",balanced_008_0636_00006524,90,6524,0.8179006576538086,8403484519036877491,0.5382149500073865,0.0011201178713236004,0
0.0,4.0332000935450196e-05,0.20237660000566393,0.20237660000566393,0.13646704101120122,4.0332000935450196e-05,0.34102704099495895,0.20237660000566393,0.20455999998375773,0.0009078000439330935,0.3410968920070445,0.20238859998062253,1784780834.6348212,1784780833.5691571,1784780833.8191571,0.0,0.0,0.0,0.0,0.981338620185852,0.13646704101120122,smoke-warm-resnet50-cifar10-pi5-20260723-122619:v2,2,4.0332000935450196e-05,unknown,0.0,0.0001142999972216785,0.0008190000080503523,0.0009078000439330935,0.20116409996990114,"{'device': [], 'edge': [0, 1, 2, 3, 4, 5, 6, 7, 8, 9, 10, 11, 12, 13]}",14,after_layer3,edge,True,4,1.0,5.0,1.0,0.3410968920070445,-0.7054844600352226,4,a6c6debe43134d83bd538ad90690d0a9,91,"{'device_compute': 4.0332000935450196e-05, 'd2e_transport': 0.13646704101120122, 'edge_queue': 0.0009078000439330935, 'edge_segment_compute': 0.20116409996990114, 'edge_exit_head_compute': 0.0008190000080503523, 'edge_exit_check': 0.0001142999972216785, 'e2c_transport': 0.0, 'cloud_queue': 0.0, 'cloud_segment_compute': 0.0, 'cloud_exit_head_compute': 0.0, 'cloud_exit_check': 0.0, 'total_latency': 0.3410968920070445, 'unattributed_overhead': 0.0015843189758015797, 'request_id': 'a6c6debe43134d83bd538ad90690d0a9', 'user_id': 0, 'prediction': 4, 'exit_id': 'after_layer3', 'exit_boundary_id': 14, 'exit_location': 'edge', 'confidence': 0.981338620185852, 'executed_segments_by_node': {'device': [], 'edge': [0, 1, 2, 3, 4, 5, 6, 7, 8, 9, 10, 11, 12, 13]}, 'nodes': [{'node': 'device', 'executed_segments': [], 'queue_s': 0.0, 'segment_compute_s': 0.0, 'exit_head_compute_s': 0.0, 'exit_check_s': 0.0, 'worker_elapsed_s': 4.0332000935450196e-05}, {'node': 'edge', 'executed_segments': [0, 1, 2, 3, 4, 5, 6, 7, 8, 9, 10, 11, 12, 13], 'queue_s': 0.0009078000439330935, 'segment_compute_s': 0.20116409996990114, 'exit_head_compute_s': 0.0008190000080503523, 'exit_check_s': 0.0001142999972216785, 'worker_elapsed_s': 0.20238859998062253}], 'sample_id': 'balanced_004_0447_00004416', 'label': 4, 'correct': True, 'observed_utility': -0.7054844600352226}",balanced_004_0447_00004416,91,4416,0.8156640529632568,8403484519036877491,0.3410968920070445,0.0015843189758015797,0
0.0,4.066599649377167e-05,0.03443810000317171,0.03443810000317171,0.20289537799544632,4.066599649377167e-05,0.2405288779991679,0.03443810000317171,0.037633500003721565,0.0009544999920763075,0.24059832100465428,0.034449600032530725,1784780835.0873425,1784780834.0212388,1784780834.2712388,0.0,0.0,0.0,0.0,0.8711234927177429,0.20289537799544632,smoke-warm-resnet50-cifar10-pi5-20260723-122619:v2,2,4.066599649377167e-05,unknown,0.0,3.170000854879618e-05,0.00026219995925202966,0.0009544999920763075,0.03404690005118027,"{'device': [], 'edge': [0, 1, 2, 3]}",4,after_layer1,edge,True,0,1.0,5.0,1.0,0.24059832100465428,-0.2029916050232714,0,6a4e2e18284d4c19b9f82520444fdf93,92,"{'device_compute': 4.066599649377167e-05, 'd2e_transport': 0.20289537799544632, 'edge_queue': 0.0009544999920763075, 'edge_segment_compute': 0.03404690005118027, 'edge_exit_head_compute': 0.00026219995925202966, 'edge_exit_check': 3.170000854879618e-05, 'e2c_transport': 0.0, 'cloud_queue': 0.0, 'cloud_segment_compute': 0.0, 'cloud_exit_head_compute': 0.0, 'cloud_exit_check': 0.0, 'total_latency': 0.24059832100465428, 'unattributed_overhead': 0.002366977001656778, 'request_id': '6a4e2e18284d4c19b9f82520444fdf93', 'user_id': 0, 'prediction': 0, 'exit_id': 'after_layer1', 'exit_boundary_id': 4, 'exit_location': 'edge', 'confidence': 0.8711234927177429, 'executed_segments_by_node': {'device': [], 'edge': [0, 1, 2, 3]}, 'nodes': [{'node': 'device', 'executed_segments': [], 'queue_s': 0.0, 'segment_compute_s': 0.0, 'exit_head_compute_s': 0.0, 'exit_check_s': 0.0, 'worker_elapsed_s': 4.066599649377167e-05}, {'node': 'edge', 'executed_segments': [0, 1, 2, 3], 'queue_s': 0.0009544999920763075, 'segment_compute_s': 0.03404690005118027, 'exit_head_compute_s': 0.00026219995925202966, 'exit_check_s': 3.170000854879618e-05, 'worker_elapsed_s': 0.034449600032530725}], 'sample_id': 'balanced_000_0539_00005454', 'label': 0, 'correct': True, 'observed_utility': -0.2029916050232714}",balanced_000_0539_00005454,92,5454,0.8161036968231201,8403484519036877491,0.24059832100465428,0.002366977001656778,0
0.0,4.3369000195525587e-05,0.23131559998728335,0.23131559998728335,0.1412014159723185,4.3369000195525587e-05,0.37446401600027457,0.23131559998728335,0.23326260002795607,0.0010493999579921365,0.3745394770085113,0.2313280000234954,1784780835.3713024,1784780834.304214,1784780834.554214,0.0,0.0,0.0,0.0,0.9998262524604797,0.1412014159723185,smoke-warm-resnet50-cifar10-pi5-20260723-122619:v2,2,4.3369000195525587e-05,unknown,0.0,0.00014819996431469917,0.0008597999694757164,0.0010493999579921365,0.22995250020176172,"{'device': [], 'edge': [0, 1, 2, 3, 4, 5, 6, 7, 8, 9, 10, 11, 12, 13, 14, 15, 16, 17, 18]}",19,final,edge,True,8,1.0,5.0,1.0,0.3745394770085113,-0.8726973850425566,8,23ffab565291422b9e468da5365bf438,93,"{'device_compute': 4.3369000195525587e-05, 'd2e_transport': 0.1412014159723185, 'edge_queue': 0.0010493999579921365, 'edge_segment_compute': 0.22995250020176172, 'edge_exit_head_compute': 0.0008597999694757164, 'edge_exit_check': 0.00014819996431469917, 'e2c_transport': 0.0, 'cloud_queue': 0.0, 'cloud_segment_compute': 0.0, 'cloud_exit_head_compute': 0.0, 'cloud_exit_check': 0.0, 'total_latency': 0.3745394770085113, 'unattributed_overhead': 0.0012847919424530119, 'request_id': '23ffab565291422b9e468da5365bf438', 'user_id': 0, 'prediction': 8, 'exit_id': 'final', 'exit_boundary_id': 19, 'exit_location': 'edge', 'confidence': 0.9998262524604797, 'executed_segments_by_node': {'device': [], 'edge': [0, 1, 2, 3, 4, 5, 6, 7, 8, 9, 10, 11, 12, 13, 14, 15, 16, 17, 18]}, 'nodes': [{'node': 'device', 'executed_segments': [], 'queue_s': 0.0, 'segment_compute_s': 0.0, 'exit_head_compute_s': 0.0, 'exit_check_s': 0.0, 'worker_elapsed_s': 4.3369000195525587e-05}, {'node': 'edge', 'executed_segments': [0, 1, 2, 3, 4, 5, 6, 7, 8, 9, 10, 11, 12, 13, 14, 15, 16, 17, 18], 'queue_s': 0.0010493999579921365, 'segment_compute_s': 0.22995250020176172, 'exit_head_compute_s': 0.0008597999694757164, 'exit_check_s': 0.00014819996431469917, 'worker_elapsed_s': 0.2313280000234954}], 'sample_id': 'balanced_008_0074_00000708', 'label': 8, 'correct': True, 'observed_utility': -0.8726973850425566}",balanced_008_0074_00000708,93,708,0.8170883655548096,8403484519036877491,0.3745394770085113,0.0012847919424530119,0
0.0,4.199899558443576e-05,0.20513339998433366,0.20513339998433366,0.16207254101755098,4.199899558443576e-05,0.3695227410062216,0.20513339998433366,0.20745019998867065,0.0009461999870836735,0.36959377699531615,0.20514530001673847,1784780835.7848563,1784780834.7188327,1784780834.9688327,0.0,0.0,0.0,0.0,0.7409799695014954,0.16207254101755098,smoke-warm-resnet50-cifar10-pi5-20260723-122619:v2,2,4.199899558443576e-05,unknown,0.0,0.00011979998089373112,0.0008552000508643687,0.0009461999870836735,0.20386129996040836,"{'device': [], 'edge': [0, 1, 2, 3, 4, 5, 6, 7, 8, 9, 10, 11, 12, 13]}",14,after_layer3,edge,True,7,1.0,5.0,1.0,0.36959377699531615,-0.8479688849765807,7,3d1b94d57ee246bea1f26b7ed86bf48c,94,"{'device_compute': 4.199899558443576e-05, 'd2e_transport': 0.16207254101755098, 'edge_queue': 0.0009461999870836735, 'edge_segment_compute': 0.20386129996040836, 'edge_exit_head_compute': 0.0008552000508643687, 'edge_exit_check': 0.00011979998089373112, 'e2c_transport': 0.0, 'cloud_queue': 0.0, 'cloud_segment_compute': 0.0, 'cloud_exit_head_compute': 0.0, 'cloud_exit_check': 0.0, 'total_latency': 0.36959377699531615, 'unattributed_overhead': 0.001696737002930604, 'request_id': '3d1b94d57ee246bea1f26b7ed86bf48c', 'user_id': 0, 'prediction': 7, 'exit_id': 'after_layer3', 'exit_boundary_id': 14, 'exit_location': 'edge', 'confidence': 0.7409799695014954, 'executed_segments_by_node': {'device': [], 'edge': [0, 1, 2, 3, 4, 5, 6, 7, 8, 9, 10, 11, 12, 13]}, 'nodes': [{'node': 'device', 'executed_segments': [], 'queue_s': 0.0, 'segment_compute_s': 0.0, 'exit_head_compute_s': 0.0, 'exit_check_s': 0.0, 'worker_elapsed_s': 4.199899558443576e-05}, {'node': 'edge', 'executed_segments': [0, 1, 2, 3, 4, 5, 6, 7, 8, 9, 10, 11, 12, 13], 'queue_s': 0.0009461999870836735, 'segment_compute_s': 0.20386129996040836, 'exit_head_compute_s': 0.0008552000508643687, 'exit_check_s': 0.00011979998089373112, 'worker_elapsed_s': 0.20514530001673847}], 'sample_id': 'balanced_007_0893_00009014', 'label': 7, 'correct': True, 'observed_utility': -0.8479688849765807}",balanced_007_0893_00009014,94,9014,0.816023588180542,8403484519036877491,0.36959377699531615,0.001696737002930604,0
0.0,4.3092004489153624e-05,0.20230230002198368,0.20230230002198368,0.1329260009515565,4.3092004489153624e-05,0.3375161009898875,0.20230230002198368,0.204590100038331,0.0011280000326223671,0.3375886740104761,0.20231449999846518,1784780836.1896205,1784780835.120335,1784780835.370335,0.0,0.0,0.0,0.0,0.8918957114219666,0.1329260009515565,smoke-warm-resnet50-cifar10-pi5-20260723-122619:v2,2,4.3092004489153624e-05,unknown,0.0,0.00011270004324615002,0.000826000003144145,0.0011280000326223671,0.2010645002592355,"{'device': [], 'edge': [0, 1, 2, 3, 4, 5, 6, 7, 8, 9, 10, 11, 12, 13]}",14,after_layer3,edge,True,8,1.0,5.0,1.0,0.3375886740104761,-0.6879433700523805,8,7aef135c881c49f1af9c704eebe6f21d,95,"{'device_compute': 4.3092004489153624e-05, 'd2e_transport': 0.1329260009515565, 'edge_queue': 0.0011280000326223671, 'edge_segment_compute': 0.2010645002592355, 'edge_exit_head_compute': 0.000826000003144145, 'edge_exit_check': 0.00011270004324615002, 'e2c_transport': 0.0, 'cloud_queue': 0.0, 'cloud_segment_compute': 0.0, 'cloud_exit_head_compute': 0.0, 'cloud_exit_check': 0.0, 'total_latency': 0.3375886740104761, 'unattributed_overhead': 0.0014883807161822915, 'request_id': '7aef135c881c49f1af9c704eebe6f21d', 'user_id': 0, 'prediction': 8, 'exit_id': 'after_layer3', 'exit_boundary_id': 14, 'exit_location': 'edge', 'confidence': 0.8918957114219666, 'executed_segments_by_node': {'device': [], 'edge': [0, 1, 2, 3, 4, 5, 6, 7, 8, 9, 10, 11, 12, 13]}, 'nodes': [{'node': 'device', 'executed_segments': [], 'queue_s': 0.0, 'segment_compute_s': 0.0, 'exit_head_compute_s': 0.0, 'exit_check_s': 0.0, 'worker_elapsed_s': 4.3092004489153624e-05}, {'node': 'edge', 'executed_segments': [0, 1, 2, 3, 4, 5, 6, 7, 8, 9, 10, 11, 12, 13], 'queue_s': 0.0011280000326223671, 'segment_compute_s': 0.2010645002592355, 'exit_head_compute_s': 0.000826000003144145, 'exit_check_s': 0.00011270004324615002, 'worker_elapsed_s': 0.20231449999846518}], 'sample_id': 'balanced_008_0000_00000001', 'label': 8, 'correct': True, 'observed_utility': -0.6879433700523805}",balanced_008_0000_00000001,95,1,0.8192853927612305,8403484519036877491,0.3375886740104761,0.0014883807161822915,0
0.0,4.600000102072954e-05,0.20742880000034347,0.20742880000034347,0.16212537900719326,4.600000102072954e-05,0.372183079001843,0.20742880000034347,0.21005769999464974,0.0009677999769337475,0.3722595419967547,0.20744190004188567,1784780836.6050017,1784780835.5364635,1784780835.7864635,0.0,0.0,0.0,0.0,0.918626606464386,0.16212537900719326,smoke-warm-resnet50-cifar10-pi5-20260723-122619:v2,2,4.600000102072954e-05,unknown,0.0,0.0001351999817416072,0.0009185000089928508,0.0009677999769337475,0.20603469986235723,"{'device': [], 'edge': [0, 1, 2, 3, 4, 5, 6, 7, 8, 9, 10, 11, 12, 13]}",14,after_layer3,edge,True,1,1.0,5.0,1.0,0.3722595419967547,-0.8612977099837735,1,c42afa38b5794c20b42a1f3cc562d939,96,"{'device_compute': 4.600000102072954e-05, 'd2e_transport': 0.16212537900719326, 'edge_queue': 0.0009677999769337475, 'edge_segment_compute': 0.20603469986235723, 'edge_exit_head_compute': 0.0009185000089928508, 'edge_exit_check': 0.0001351999817416072, 'e2c_transport': 0.0, 'cloud_queue': 0.0, 'cloud_segment_compute': 0.0, 'cloud_exit_head_compute': 0.0, 'cloud_exit_check': 0.0, 'total_latency': 0.3722595419967547, 'unattributed_overhead': 0.002031963158515282, 'request_id': 'c42afa38b5794c20b42a1f3cc562d939', 'user_id': 0, 'prediction': 1, 'exit_id': 'after_layer3', 'exit_boundary_id': 14, 'exit_location': 'edge', 'confidence': 0.918626606464386, 'executed_segments_by_node': {'device': [], 'edge': [0, 1, 2, 3, 4, 5, 6, 7, 8, 9, 10, 11, 12, 13]}, 'nodes': [{'node': 'device', 'executed_segments': [], 'queue_s': 0.0, 'segment_compute_s': 0.0, 'exit_head_compute_s': 0.0, 'exit_check_s': 0.0, 'worker_elapsed_s': 4.600000102072954e-05}, {'node': 'edge', 'executed_segments': [0, 1, 2, 3, 4, 5, 6, 7, 8, 9, 10, 11, 12, 13], 'queue_s': 0.0009677999769337475, 'segment_compute_s': 0.20603469986235723, 'exit_head_compute_s': 0.0009185000089928508, 'exit_check_s': 0.0001351999817416072, 'worker_elapsed_s': 0.20744190004188567}], 'sample_id': 'balanced_001_0130_00001354', 'label': 1, 'correct': True, 'observed_utility': -0.8612977099837735}",balanced_001_0130_00001354,96,1354,0.8185381889343262,8403484519036877491,0.3722595419967547,0.002031963158515282,0
0.0,3.3388991141691804e-05,0.20197540003573522,0.20197540003573522,0.13823007502651308,3.3388991141691804e-05,0.3425368750031339,0.20197540003573522,0.20430679997662082,0.0010797000140883029,0.3426205040013883,0.20198739995248616,1784780837.0927582,1784780836.0253,1784780836.2753,0.0,0.0,0.0,0.0,0.9748907089233398,0.13823007502651308,smoke-warm-resnet50-cifar10-pi5-20260723-122619:v2,2,3.3388991141691804e-05,unknown,0.0,0.00011310004629194736,0.0008354000165127218,0.0010797000140883029,0.20074110006680712,"{'device': [], 'edge': [0, 1, 2, 3, 4, 5, 6, 7, 8, 9, 10, 11, 12, 13]}",14,after_layer3,edge,True,8,1.0,5.0,1.0,0.3426205040013883,-0.7131025200069416,8,a44b237d6a204d528af1c63d0c319cbf,97,"{'device_compute': 3.3388991141691804e-05, 'd2e_transport': 0.13823007502651308, 'edge_queue': 0.0010797000140883029, 'edge_segment_compute': 0.20074110006680712, 'edge_exit_head_compute': 0.0008354000165127218, 'edge_exit_check': 0.00011310004629194736, 'e2c_transport': 0.0, 'cloud_queue': 0.0, 'cloud_segment_compute': 0.0, 'cloud_exit_head_compute': 0.0, 'cloud_exit_check': 0.0, 'total_latency': 0.3426205040013883, 'unattributed_overhead': 0.0015877398400334641, 'request_id': 'a44b237d6a204d528af1c63d0c319cbf', 'user_id': 0, 'prediction': 8, 'exit_id': 'after_layer3', 'exit_boundary_id': 14, 'exit_location': 'edge', 'confidence': 0.9748907089233398, 'executed_segments_by_node': {'device': [], 'edge': [0, 1, 2, 3, 4, 5, 6, 7, 8, 9, 10, 11, 12, 13]}, 'nodes': [{'node': 'device', 'executed_segments': [], 'queue_s': 0.0, 'segment_compute_s': 0.0, 'exit_head_compute_s': 0.0, 'exit_check_s': 0.0, 'worker_elapsed_s': 3.3388991141691804e-05}, {'node': 'edge', 'executed_segments': [0, 1, 2, 3, 4, 5, 6, 7, 8, 9, 10, 11, 12, 13], 'queue_s': 0.0010797000140883029, 'segment_compute_s': 0.20074110006680712, 'exit_head_compute_s': 0.0008354000165127218, 'exit_check_s': 0.00011310004629194736, 'worker_elapsed_s': 0.20198739995248616}], 'sample_id': 'balanced_008_0077_00000712', 'label': 8, 'correct': True, 'observed_utility': -0.7131025200069416}",balanced_008_0077_00000712,97,712,0.8174581527709961,8403484519036877491,0.3426205040013883,0.0015877398400334641,0
0.0,3.0202994821593165e-05,0.12209530000109226,0.12209530000109226,0.11227971497282851,3.0202994821593165e-05,0.23706271500850562,0.12209530000109226,0.1247830000356771,0.0009750000317580998,0.23711650999030098,0.12210749997757375,1784780837.501848,1784780836.4357421,1784780836.6857421,0.0,0.0,0.0,0.0,0.6948849558830261,0.11227971497282851,smoke-warm-resnet50-cifar10-pi5-20260723-122619:v2,2,3.0202994821593165e-05,unknown,0.0,7.76000670157373e-05,0.0006176999886520207,0.0009750000317580998,0.1211920001078397,"{'device': [], 'edge': [0, 1, 2, 3, 4, 5, 6, 7]}",8,after_layer2,edge,True,4,1.0,5.0,1.0,0.23711650999030098,-0.18558254995150492,4,ae6c77cc7ada4cd7b99798d65c60b515,98,"{'device_compute': 3.0202994821593165e-05, 'd2e_transport': 0.11227971497282851, 'edge_queue': 0.0009750000317580998, 'edge_segment_compute': 0.1211920001078397, 'edge_exit_head_compute': 0.0006176999886520207, 'edge_exit_check': 7.76000670157373e-05, 'e2c_transport': 0.0, 'cloud_queue': 0.0, 'cloud_segment_compute': 0.0, 'cloud_exit_head_compute': 0.0, 'cloud_exit_check': 0.0, 'total_latency': 0.23711650999030098, 'unattributed_overhead': 0.0019442918273853138, 'request_id': 'ae6c77cc7ada4cd7b99798d65c60b515', 'user_id': 0, 'prediction': 4, 'exit_id': 'after_layer2', 'exit_boundary_id': 8, 'exit_location': 'edge', 'confidence': 0.6948849558830261, 'executed_segments_by_node': {'device': [], 'edge': [0, 1, 2, 3, 4, 5, 6, 7]}, 'nodes': [{'node': 'device', 'executed_segments': [], 'queue_s': 0.0, 'segment_compute_s': 0.0, 'exit_head_compute_s': 0.0, 'exit_check_s': 0.0, 'worker_elapsed_s': 3.0202994821593165e-05}, {'node': 'edge', 'executed_segments': [0, 1, 2, 3, 4, 5, 6, 7], 'queue_s': 0.0009750000317580998, 'segment_compute_s': 0.1211920001078397, 'exit_head_compute_s': 0.0006176999886520207, 'exit_check_s': 7.76000670157373e-05, 'worker_elapsed_s': 0.12210749997757375}], 'sample_id': 'balanced_004_0906_00008947', 'label': 4, 'correct': True, 'observed_utility': -0.18558254995150492}",balanced_004_0906_00008947,98,8947,0.816105842590332,8403484519036877491,0.23711650999030098,0.0019442918273853138,0
0.0,3.0202994821593165e-05,0.20231490000151098,0.20231490000151098,0.12463194504380226,3.0202994821593165e-05,0.3294023449998349,0.20231490000151098,0.20477039995603263,0.0010065000387839973,0.3294549919955898,0.20232779998332262,1784780837.8066857,1784780836.737894,1784780836.987894,0.0,0.0,0.0,0.0,0.9802302122116089,0.12463194504380226,smoke-warm-resnet50-cifar10-pi5-20260723-122619:v2,2,3.0202994821593165e-05,unknown,0.0,0.00011519994586706161,0.000820400018710643,0.0010065000387839973,0.20108180004172027,"{'device': [], 'edge': [0, 1, 2, 3, 4, 5, 6, 7, 8, 9, 10, 11, 12, 13]}",14,after_layer3,edge,True,3,1.0,5.0,1.0,0.3294549919955898,-0.647274959977949,3,a7fec570b5bb40c88d12675b0eee1fad,99,"{'device_compute': 3.0202994821593165e-05, 'd2e_transport': 0.12463194504380226, 'edge_queue': 0.0010065000387839973, 'edge_segment_compute': 0.20108180004172027, 'edge_exit_head_compute': 0.000820400018710643, 'edge_exit_check': 0.00011519994586706161, 'e2c_transport': 0.0, 'cloud_queue': 0.0, 'cloud_segment_compute': 0.0, 'cloud_exit_head_compute': 0.0, 'cloud_exit_check': 0.0, 'total_latency': 0.3294549919955898, 'unattributed_overhead': 0.00176894391188398, 'request_id': 'a7fec570b5bb40c88d12675b0eee1fad', 'user_id': 0, 'prediction': 3, 'exit_id': 'after_layer3', 'exit_boundary_id': 14, 'exit_location': 'edge', 'confidence': 0.9802302122116089, 'executed_segments_by_node': {'device': [], 'edge': [0, 1, 2, 3, 4, 5, 6, 7, 8, 9, 10, 11, 12, 13]}, 'nodes': [{'node': 'device', 'executed_segments': [], 'queue_s': 0.0, 'segment_compute_s': 0.0, 'exit_head_compute_s': 0.0, 'exit_check_s': 0.0, 'worker_elapsed_s': 3.0202994821593165e-05}, {'node': 'edge', 'executed_segments': [0, 1, 2, 3, 4, 5, 6, 7, 8, 9, 10, 11, 12, 13], 'queue_s': 0.0010065000387839973, 'segment_compute_s': 0.20108180004172027, 'exit_head_compute_s': 0.000820400018710643, 'exit_check_s': 0.00011519994586706161, 'worker_elapsed_s': 0.20232779998332262}], 'sample_id': 'balanced_003_0262_00002720', 'label': 3, 'correct': True, 'observed_utility': -0.647274959977949}",balanced_003_0262_00002720,99,2720,0.8187916278839111,8403484519036877491,0.3294549919955898,0.00176894391188398,0
